rank,channel_id,channel_name,channel_url,score,suggested_label,why_short
8,UCL9HUjgHMiVglTQVlccVBXg,Daya Gk Pharmacy,https://cn--xtb.noxinfluencer.com/youtube/channel/UCL9HUjgHMiVglTQVlccVBXg,-8,badcase,主要是药品用法科普，婴童相关只占少数，不适合补充剂推广
15,UC2SEbI-QkAhcgNntgGdyy3w,Raiqa Doll,https://cn--xtb.noxinfluencer.com/youtube/channel/UC2SEbI-QkAhcgNntgGdyy3w,-7,badcase,以可爱宝宝娱乐为主，缺少补剂、营养和购买意图，相关性弱。
17,UC23gy5gIUfZeCzzP3Y2QFZw,HananTube,https://cn--xtb.noxinfluencer.com/youtube/channel/UC23gy5gIUfZeCzzP3Y2QFZw,-9,badcase,购物/开箱为主，近期内容也非婴儿营养场景
18,UCM0IOabtzkNCWOhj_RJ9KuQ,COPS Camera USA,https://cn--xtb.noxinfluencer.com/youtube/channel/UCM0IOabtzkNCWOhj_RJ9KuQ,-15,badcase,娱乐频道主轴明显，婴儿营养内容与推广格式冲突
19,UCWGiaIitYCA_wLin0xBG2kg,Baby Velora,https://cn--xtb.noxinfluencer.com/youtube/channel/UCWGiaIitYCA_wLin0xBG2kg,-10,badcase,只有泛宝宝情绪内容，缺少营养或购买意图
22,UCtP2RQ99kq1vU9zAYo_lZlg,Dr Hussnain,https://cn--xtb.noxinfluencer.com/youtube/channel/UCtP2RQ99kq1vU9zAYo_lZlg,-9,badcase,健康泛类且偏美妆娱乐，缺少婴儿营养/补剂定向
25,UCKMfm4XMWC_9BvPD2YaJzrA,Ciencia y Salud - Vive Mejor,https://cn--xtb.noxinfluencer.com/youtube/channel/UCKMfm4XMWC_9BvPD2YaJzrA,-10,badcase,无婴幼儿营养/护理信号，近期多为成人保健品与商业推广
27,UC0p-KLPmLkLemj53r9GdzSg,The Simon Family,https://cn--xtb.noxinfluencer.com/youtube/channel/UC0p-KLPmLkLemj53r9GdzSg,-3,badcase,家庭育儿弱相关，但健身娱乐内容占比高，缺少婴儿营养/补剂意图
29,UCKhzHlq399HrtArZB2Ea8Mw,HA VY FAMILY,https://cn--xtb.noxinfluencer.com/youtube/channel/UCKhzHlq399HrtArZB2Ea8Mw,-20,badcase,主频道偏娱乐/动画/新闻，和婴儿补充剂推广的格式与受众都不匹配
32,UCf9hKlngqgySuDp4hPmhBYw,Evanji,https://cn--xtb.noxinfluencer.com/youtube/channel/UCf9hKlngqgySuDp4hPmhBYw,-16,badcase,近期有婴儿喂养内容，但频道核心标签偏游戏故事，不适合补充剂推广
33,UC7xgu6FAMoPzATHEU1LwxNw,Y YouTube Gadgets,https://cn--xtb.noxinfluencer.com/youtube/channel/UC7xgu6FAMoPzATHEU1LwxNw,-7,badcase,以家居创意和数码小玩意为主，和婴儿补充剂推广不匹配
36,UCmjPb3T2-lNjHP03USh4xYg,Daily Life49,https://cn--xtb.noxinfluencer.com/youtube/channel/UCmjPb3T2-lNjHP03USh4xYg,-14,badcase,仅有baby弱相关，频道混杂政治板球等，近期多为儿科药物非补充剂
40,UCLlBMEZlH2psZsw0iv1JVtw,Heccei_official,https://cn--xtb.noxinfluencer.com/youtube/channel/UCLlBMEZlH2psZsw0iv1JVtw,-8,badcase,主轴是婴儿泳池和夏季用品，和婴儿补充剂用途明显不符
44,UCbzZ2WEimYa_TZQ2KX-Jnyw,Life With Mia,https://cn--xtb.noxinfluencer.com/youtube/channel/UCbzZ2WEimYa_TZQ2KX-Jnyw,-10,badcase,美发号为主，虽有少量婴儿内容但与补充剂主题偏离
48,UCXumx5tcgyOXACBzgFGtaVw,She’s Unique,https://cn--xtb.noxinfluencer.com/youtube/channel/UCXumx5tcgyOXACBzgFGtaVw,-15,badcase,成人 stripper 频道，虽有育儿内容但品牌与受众冲突
50,UCC9sMeAEKzdvYwau2UmOZ7g,Doc's Dollies,https://cn--xtb.noxinfluencer.com/youtube/channel/UCC9sMeAEKzdvYwau2UmOZ7g,-25,badcase,玩具 Baby Alive 频道，内容对象非真人婴儿
55,UC_9Tv0HhND_z66m1gTrtj_g,Autismo & Homeschooling Free Happy Genius,https://cn--xtb.noxinfluencer.com/youtube/channel/UC_9Tv0HhND_z66m1gTrtj_g,-8,badcase,教育/家庭教育为主，健康相关弱，近期内容与婴儿补充剂不符
58,UCHnY2e_SKa-uDfRVf9V1dwA,Onnit,https://cn--xtb.noxinfluencer.com/youtube/channel/UCHnY2e_SKa-uDfRVf9V1dwA,-10,badcase,成人健身补剂频道，和婴儿补充剂受众明显错位
59,UCeb4zH2_IN_xo4JNLro7T1w,Dược sỹ Mai Anh,https://cn--xtb.noxinfluencer.com/youtube/channel/UCeb4zH2_IN_xo4JNLro7T1w,-10,badcase,成人健康补剂内容，和婴儿补充剂推广不匹配
60,UCPwnnM9rZlbbjyvEgSOrIbg,Its marry,https://cn--xtb.noxinfluencer.com/youtube/channel/UCPwnnM9rZlbbjyvEgSOrIbg,-6,badcase,以萌娃/家庭日常为主，缺少婴幼儿营养或补充剂购买语境
61,UC4JPDP_Tr8L65aywNzpGirg,Carter's,https://cn--xtb.noxinfluencer.com/youtube/channel/UC4JPDP_Tr8L65aywNzpGirg,-6,badcase,以婴儿服饰和购物为主，近期内容缺少营养补充语境
63,UC6UyrENlBxO0u3U5W69l0eg,Hidden Wealth Stories,https://cn--xtb.noxinfluencer.com/youtube/channel/UC6UyrENlBxO0u3U5W69l0eg,-7,badcase,仅有水果功效短视频，缺少婴儿营养/补剂推广意图
64,UCq6QAGdfxyCyIPURPZOSrKQ,Premium Supplement Reviews,https://cn--xtb.noxinfluencer.com/youtube/channel/UCq6QAGdfxyCyIPURPZOSrKQ,-19,badcase,成人健身补剂频道，非婴幼儿营养/护理场景
66,UCQMskA5rS-SiEfTrr1uD7Tg,SuperfoodEvolution,https://cn--xtb.noxinfluencer.com/youtube/channel/UCQMskA5rS-SiEfTrr1uD7Tg,-9,badcase,泛健康/补剂内容，缺少婴儿人群与育儿场景，近10条全不匹配
67,UCMP4F7iKNbRDQZ42ARpW3wg,Tell Me More Television,https://cn--xtb.noxinfluencer.com/youtube/channel/UCMP4F7iKNbRDQZ42ARpW3wg,-10,badcase,UFO/知识频道，虽有健康词但与婴儿营养无关，最近内容全不匹配
70,UClrVO74bocW8kOP6nARRBEw,Zoro,https://cn--xtb.noxinfluencer.com/youtube/channel/UClrVO74bocW8kOP6nARRBEw,3,badcase,虽有哺乳标签，但主体混杂秀场/模型内容，整体不适合婴儿补剂
72,UC5R01wf3f9icpo4-n2AnxLg,나전하루,https://cn--xtb.noxinfluencer.com/youtube/channel/UC5R01wf3f9icpo4-n2AnxLg,-1,badcase,仅有泛婴儿/育儿弱相关，无营养补充或健康购买意图
73,UC_UB7YzZE35bBEMKysBSQaw,Mama Eli’s Place,https://cn--xtb.noxinfluencer.com/youtube/channel/UC_UB7YzZE35bBEMKysBSQaw,-9,badcase,仅有泛食品弱相关，近期内容多为日期/生活杂项，缺少婴儿营养或补剂语境
76,UCVUIQBD3ufdZnClh5zVXjFg,T9t0 Gadgets,https://cn--xtb.noxinfluencer.com/youtube/channel/UCVUIQBD3ufdZnClh5zVXjFg,-4,badcase,有宝宝受众，但主内容是智能家居/玩具，和婴儿补剂不匹配
77,UC8bmJhVtkIIP_9I1-F6R1Cg,IntermountainParents,https://cn--xtb.noxinfluencer.com/youtube/channel/UC8bmJhVtkIIP_9I1-F6R1Cg,-7,badcase,婴儿人群相关，但主题是洗澡/接生，缺少补剂与营养场景
81,UCOmieEpQ066Ke6SPq1n6xqw,ASMR VN,https://cn--xtb.noxinfluencer.com/youtube/channel/UCOmieEpQ066Ke6SPq1n6xqw,-20,badcase,ASMR/吃播型频道，近期内容也不围绕宝宝营养，偏离补剂推广
82,UCDlHpY9pPYMqm_x5OWX93Cg,Future Tools TV,https://cn--xtb.noxinfluencer.com/youtube/channel/UCDlHpY9pPYMqm_x5OWX93Cg,-25,badcase,主轴为小工具/家电，虽有宝宝内容但无营养补充品语境
84,UCw4wl8n24h-p8GvNOv8KUSg,MONKEY Robin99,https://cn--xtb.noxinfluencer.com/youtube/channel/UCw4wl8n24h-p8GvNOv8KUSg,-25,badcase,猴子动物娱乐频道，和人类宝宝补剂受众完全不符
85,UCs2q1G8mM0zaR8SJcCkP0Zw,丽霞 Fx_licia Pianocover,https://cn--xtb.noxinfluencer.com/youtube/channel/UCs2q1G8mM0zaR8SJcCkP0Zw,-20,badcase,纯钢琴演奏频道，近期也只是蹭宝宝标签，不适合卖婴儿补剂
86,UCl0BuE4vN8ZggFJQ6tZ1Reg,Goods Discovered,https://cn--xtb.noxinfluencer.com/youtube/channel/UCl0BuE4vN8ZggFJQ6tZ1Reg,-9,badcase,通用测评号，缺少婴儿营养/喂养场景，近期内容也不匹配
87,UC5dZXpyUSkt8XTQ1dxF7saA,BabyGuard,https://cn--xtb.noxinfluencer.com/youtube/channel/UC5dZXpyUSkt8XTQ1dxF7saA,-10,badcase,仅有母婴口号，缺少补充剂/营养内容，近期也无相关题材
89,UCRbv5SBN0GV40QrbpvQqqxg,Aneika Sewell,https://cn--xtb.noxinfluencer.com/youtube/channel/UCRbv5SBN0GV40QrbpvQqqxg,-12,badcase,以搞笑娱乐为主，宝宝相关只是泛受众，和婴儿补剂推广不符
93,UCUAtLAiROgeWRi7nQ1eZNqQ,Muxlisa Ladycook,https://cn--xtb.noxinfluencer.com/youtube/channel/UCUAtLAiROgeWRi7nQ1eZNqQ,-10,badcase,主体是做饭烹饪，最新内容也几乎全是食物向，与婴儿补充剂不匹配
98,UCkW7JTET5kDw6v92PhIs9pA,Rebecca Rogers,https://cn--xtb.noxinfluencer.com/youtube/channel/UCkW7JTET5kDw6v92PhIs9pA,-10,badcase,生活娱乐占主导，近期多为穿搭日常和成人补剂，不适合婴儿补剂
101,UChzElT3xdDCCoFfuLVD0Eng,루나와 크림라떼 Luna and CreamLatte,https://cn--xtb.noxinfluencer.com/youtube/channel/UChzElT3xdDCCoFfuLVD0Eng,-18,badcase,Top5以宠物/体育为主，baby仅弱相关且非补剂健康语境
102,UCAI968IECMDdxTNZkxJQdTA,GM Tube,https://cn--xtb.noxinfluencer.com/youtube/channel/UCAI968IECMDdxTNZkxJQdTA,-25,badcase,动物猴子频道，和人类婴儿补剂投放明显不符
105,UCv0mHE-BBC5VRhfE2yypL3w,Ancient Nutrition,https://cn--xtb.noxinfluencer.com/youtube/channel/UCv0mHE-BBC5VRhfE2yypL3w,-7,badcase,成人营养补剂频道，缺少婴幼儿人群信号
106,UCPGHBjT3Bpk5dUYGDHvixBw,The Fat Boy,https://cn--xtb.noxinfluencer.com/youtube/channel/UCPGHBjT3Bpk5dUYGDHvixBw,-22,badcase,以宝宝吃播/ASMR为主，娱乐属性强，不适合推婴儿补充剂
112,UC0jvSw48p3INpgmS_t0NISg,Roxie,https://cn--xtb.noxinfluencer.com/youtube/channel/UC0jvSw48p3INpgmS_t0NISg,-10,badcase,成人美妆香氛号，和婴儿补充剂受众不符，近期也偏离
115,UCiTvIV5sAVu5Pe_w2TR_CIQ,Morgan Rae Finds,https://cn--xtb.noxinfluencer.com/youtube/channel/UCiTvIV5sAVu5Pe_w2TR_CIQ,-10,badcase,成人选品号，缺少婴儿受众和营养场景，不适合推广
117,UC7xWWWwTH15JPyw84-5ZV4w,With Kelsey,https://cn--xtb.noxinfluencer.com/youtube/channel/UC7xWWWwTH15JPyw84-5ZV4w,-10,badcase,减重/胃旁路人群，近期又在推男士保健品，与婴儿补充剂不匹配
119,UCQx1PT1IRddHeTpXlk7Db-w,Promo Gratis,https://cn--xtb.noxinfluencer.com/youtube/channel/UCQx1PT1IRddHeTpXlk7Db-w,-10,badcase,音乐和现实秀娱乐向，近期几乎全是节目内容，和婴儿补充剂无关
120,UCoorvMnhl6XdQtjuUSRtCrw,Diary Life,https://cn--xtb.noxinfluencer.com/youtube/channel/UCoorvMnhl6XdQtjuUSRtCrw,-10,badcase,街头美食为主，近期多为萌娃萌宠娱乐和DIY，不是婴儿营养场景
122,UCxu5aCrMB52PaD7ff6zLZtg,RHINO GAMING,https://cn--xtb.noxinfluencer.com/youtube/channel/UCxu5aCrMB52PaD7ff6zLZtg,-10,badcase,近期几乎全是猴子娱乐内容，与宝宝营养品推广完全不搭
125,UC4xHcgVBRspD07FTzV8pqYw,Nordic Naturals,https://cn--xtb.noxinfluencer.com/youtube/channel/UC4xHcgVBRspD07FTzV8pqYw,-9,badcase,偏成人补充剂与 omega-3 养生，缺少宝宝受众，近期也不匹配
126,UCz9VKJrJYu7P-ldq6yUPixg,Hello Chef,https://cn--xtb.noxinfluencer.com/youtube/channel/UCz9VKJrJYu7P-ldq6yUPixg,-9,badcase,泛饮食健康号，缺少婴儿营养/补充剂相关信号
127,UCkVOIEsplWXTG-bAUxj776g,BabyLoss,https://cn--xtb.noxinfluencer.com/youtube/channel/UCkVOIEsplWXTG-bAUxj776g,-25,badcase,AI剧情/娱乐向，和婴儿补充剂推广场景不匹配
129,UC_FJrQhxL5kx2Q_HqKvI1Tw,Tiny Adventures TV,https://cn--xtb.noxinfluencer.com/youtube/channel/UC_FJrQhxL5kx2Q_HqKvI1Tw,-25,badcase,婴儿安抚/睡眠感官内容，属于强格式错配
130,UCdbjohkQipOjTWWpcMouB0A,hannaswants,https://cn--xtb.noxinfluencer.com/youtube/channel/UCdbjohkQipOjTWWpcMouB0A,-9,badcase,仅有妈妈弱人群信号，近期内容偏清洁/泛带货，无婴儿营养补充相关
131,UCtHt4NKKqqrlqcuvgvP5GhQ,Theavyka Eng,https://cn--xtb.noxinfluencer.com/youtube/channel/UCtHt4NKKqqrlqcuvgvP5GhQ,-20,badcase,鸟类/自然内容为主，和婴儿补充剂投放人群完全不符
133,UC4SInIwUJWc7cMHhRD_nrdA,에리카의 미국이야기,https://cn--xtb.noxinfluencer.com/youtube/channel/UC4SInIwUJWc7cMHhRD_nrdA,-22,badcase,旅行/海外生活频道，少量育儿内容但无婴儿营养补剂语境
135,UCbyzIt-780i5qju_KsJYYDA,Familia Neurodivergente,https://cn--xtb.noxinfluencer.com/youtube/channel/UCbyzIt-780i5qju_KsJYYDA,-9,badcase,儿童自闭症内容为主，和婴儿补充剂受众不匹配
137,UCf579BCw1EeTlfNmqD6P-_A,Piglet Cartoon,https://cn--xtb.noxinfluencer.com/youtube/channel/UCf579BCw1EeTlfNmqD6P-_A,-25,badcase,动画娱乐号，主内容与婴儿补剂推广明显不匹配
138,UCku8e86NaXDMemPelZfv5Fw,Dyrax,https://cn--xtb.noxinfluencer.com/youtube/channel/UCku8e86NaXDMemPelZfv5Fw,-20,badcase,短视频梗号，近10条几乎都与婴儿补剂无关
140,UCvHeRE5Rs4L_NyXHWQKaK6w,Noah’s 2 cells,https://cn--xtb.noxinfluencer.com/youtube/channel/UCvHeRE5Rs4L_NyXHWQKaK6w,-25,badcase,抽奖/娱乐短视频号，内容和婴儿补剂推广目标冲突
141,UCW2yHQK9_nSrK_PhLszyUgw,Goettsche Locantore,https://cn--xtb.noxinfluencer.com/youtube/channel/UCW2yHQK9_nSrK_PhLszyUgw,-4,badcase,仅有baby弱相关，近期内容偏泛娱乐/生活技巧，缺少婴幼儿营养补剂语境
142,UCqLSqr4rnmWvcDVwPsZkKCw,Great Village Fishing,https://cn--xtb.noxinfluencer.com/youtube/channel/UCqLSqr4rnmWvcDVwPsZkKCw,-5,badcase,主标签偏钓鱼宠物，baby仅弱相关，缺少婴幼儿营养/补剂语境
143,UC7oG4cxX-WaS_t2P99UlTHw,Annina Photography,https://cn--xtb.noxinfluencer.com/youtube/channel/UC7oG4cxX-WaS_t2P99UlTHw,-10,badcase,仅婴儿摄影/可爱内容，无营养护理或补剂推广语境
144,UCMzrVamwDvQpBuK1hAmlOHQ,AgriXFarm,https://cn--xtb.noxinfluencer.com/youtube/channel/UCMzrVamwDvQpBuK1hAmlOHQ,-22,badcase,音频口播娱乐型内容，和婴儿补充剂投放场景明显不匹配
146,UCWcMeSDPUgl-b80O-tuHMvw,Zoey Amy,https://cn--xtb.noxinfluencer.com/youtube/channel/UCWcMeSDPUgl-b80O-tuHMvw,-1,badcase,母婴信号弱，主轴为发型生活，缺少婴儿营养/补充剂语境
147,UCFr_ndjgDKQakD0cKNX_4Sw,Figus BS,https://cn--xtb.noxinfluencer.com/youtube/channel/UCFr_ndjgDKQakD0cKNX_4Sw,-25,badcase,纯游戏频道，内容和婴儿补充剂推广完全不匹配
148,UCNCQb0mvJlL_lJpn8dLUtIQ,29_rise,https://cn--xtb.noxinfluencer.com/youtube/channel/UCNCQb0mvJlL_lJpn8dLUtIQ,-10,badcase,配音/动画娱乐频道，缺少婴儿营养或补充剂信号
149,UCNpjtR20dutfQW5RU9fP10A,Mini Playz,https://cn--xtb.noxinfluencer.com/youtube/channel/UCNpjtR20dutfQW5RU9fP10A,-10,badcase,无标签，近期以游戏和表情包为主，婴儿补充剂不相关
150,UCdetrPOKDzrXqhGfewuCNTA,StateX0.2,https://cn--xtb.noxinfluencer.com/youtube/channel/UCdetrPOKDzrXqhGfewuCNTA,-10,badcase,无标签，近期内容杂且只见babyshorts噱头，相关性弱
151,UCgBFwHyGEi_h19syvwrPejw,Doctor Dilobar,https://cn--xtb.noxinfluencer.com/youtube/channel/UCgBFwHyGEi_h19syvwrPejw,-7,badcase,成人医疗/贫血内容多，和婴儿补剂受众不符
153,UCif2-zyvsJNk-VeScJqVwhg,Dr. G Reviews Products,https://cn--xtb.noxinfluencer.com/youtube/channel/UCif2-zyvsJNk-VeScJqVwhg,-10,badcase,成人补剂评测为主，缺少婴儿/家长受众
156,UC9Nrw1EIOmMwsuw-6NydG3w,Dream Craft,https://cn--xtb.noxinfluencer.com/youtube/channel/UC9Nrw1EIOmMwsuw-6NydG3w,-20,badcase,游戏/方块内容与婴儿补剂推广完全不相关
157,UCCbqtdQdLLsiDgsYYP2E0NQ,Dr. Ben Lynch,https://cn--xtb.noxinfluencer.com/youtube/channel/UCCbqtdQdLLsiDgsYYP2E0NQ,-9,badcase,成人健康科普为主，缺少婴儿营养或护理场景
160,UCa0XcOj_rU5QrA4CNVcLB6Q,tacticaltrial,https://cn--xtb.noxinfluencer.com/youtube/channel/UCa0XcOj_rU5QrA4CNVcLB6Q,-35,badcase,游戏短视频频道，且格式与婴儿补剂推广严重不匹配
163,UCjT-SURtTSXttVk13_1TQSg,DubiTubi,https://cn--xtb.noxinfluencer.com/youtube/channel/UCjT-SURtTSXttVk13_1TQSg,-10,badcase,纯婴儿吃水果短视频，缺少补充剂推广场景
168,UC2_hoA-7-g-QyRa2PilsFww,Active Sensory Kids,https://cn--xtb.noxinfluencer.com/youtube/channel/UC2_hoA-7-g-QyRa2PilsFww,-40,badcase,音乐娱乐与感官内容为主，和婴儿补充剂推广完全错位
169,UCTwhEYa162t-5Ibm3C4suog,Alilo - Edutainment for Children,https://cn--xtb.noxinfluencer.com/youtube/channel/UCTwhEYa162t-5Ibm3C4suog,-18,badcase,母婴玩具/早教频道，缺少营养补剂内容，近期多为玩具演示
171,UCEn77zNbtja2Cs6LrAsiJwA,Dynamic Duo True Reviews,https://cn--xtb.noxinfluencer.com/youtube/channel/UCEn77zNbtja2Cs6LrAsiJwA,-7,badcase,泛产品评测频道，近期多为无关品类，婴儿补充剂相关性弱
172,UCqm6YwTgFdi-jCVj6McjsnA,J.R. Reviews Stuff,https://cn--xtb.noxinfluencer.com/youtube/channel/UCqm6YwTgFdi-jCVj6McjsnA,-4,badcase,泛商品评测频道，有成人补剂但无婴幼儿营养护理语境
177,UCFwGOiJlE0oj14k2UbmGRlg,LuisTutorialTV,https://cn--xtb.noxinfluencer.com/youtube/channel/UCFwGOiJlE0oj14k2UbmGRlg,-20,badcase,科技/娱乐型宝宝内容，缺少婴儿营养或健康推广场景
178,UCuIA2VTQG7XgSZcX1SBl8-Q,Alamin Toon,https://cn--xtb.noxinfluencer.com/youtube/channel/UCuIA2VTQG7XgSZcX1SBl8-Q,-22,badcase,动画式娱乐内容，虽含baby词但不适合婴儿补充剂推广
180,UCAHe_b_q23dW_EyWpgWkBiw,JamJamTV,https://cn--xtb.noxinfluencer.com/youtube/channel/UCAHe_b_q23dW_EyWpgWkBiw,-22,badcase,故事化宝宝/动物娱乐内容，和婴儿补充剂推广目标不符
181,UCUnx6u3FeEbaNTlz4tBfKNQ,Ashlyn Edwards,https://cn--xtb.noxinfluencer.com/youtube/channel/UCUnx6u3FeEbaNTlz4tBfKNQ,-6,badcase,妈妈日常内容多，和婴儿补充剂只有泛母婴人群重叠
183,UCz8HNzq9Z7zFcATG38__IWw,Sky Vines,https://cn--xtb.noxinfluencer.com/youtube/channel/UCz8HNzq9Z7zFcATG38__IWw,-25,badcase,娱乐搞笑主导，近期内容也多为段子，与婴儿补充剂投放不符
185,UCJFaAtHrpBsd5iEK6NoLSTg,Mamoni Toys Club,https://cn--xtb.noxinfluencer.com/youtube/channel/UCJFaAtHrpBsd5iEK6NoLSTg,-12,badcase,儿童娱乐为主，近期多为搞笑短视频，补充剂投放场景不合适
189,UCGDNU2JJQhODa7-7I-p_x1w,SoftAurora,https://cn--xtb.noxinfluencer.com/youtube/channel/UCGDNU2JJQhODa7-7I-p_x1w,-25,badcase,娱乐短剧号，和婴儿补充剂推广明显不符
191,UCQ6BH8yWWDk3R6FLBzUmi2Q,Champions Choice,https://cn--xtb.noxinfluencer.com/youtube/channel/UCQ6BH8yWWDk3R6FLBzUmi2Q,-10,badcase,健身器械评测频道，和婴儿补充剂几乎无关
192,UCK73NiboLP3B1cU_fboy35Q,CHIBABYLOVE,https://cn--xtb.noxinfluencer.com/youtube/channel/UCK73NiboLP3B1cU_fboy35Q,-10,badcase,音乐生活号，缺少母婴和补充剂相关内容
195,UCsOz6gUawU5eEystdmtL5tQ,Ryan Ankrom,https://cn--xtb.noxinfluencer.com/youtube/channel/UCsOz6gUawU5eEystdmtL5tQ,-20,badcase,成人健身补剂号，受众与婴儿补剂完全错位
197,UCXvr3csAX7gCW4qrU3RCWvw,Ticks Lice,https://cn--xtb.noxinfluencer.com/youtube/channel/UCXvr3csAX7gCW4qrU3RCWvw,-25,badcase,娱乐怀旧号，内容与婴儿补剂推广场景不符
198,UCq9M3P7D4m9naPx1fhCNBMA,Top Class Documentaries,https://cn--xtb.noxinfluencer.com/youtube/channel/UCq9M3P7D4m9naPx1fhCNBMA,-9,badcase,健康评测号但缺少婴幼儿营养/补充剂场景，近期内容偏成人保健
199,UC5Sc1c7rYHtTwiLTEuhWrcQ,Shop 100,https://cn--xtb.noxinfluencer.com/youtube/channel/UC5Sc1c7rYHtTwiLTEuhWrcQ,-3,badcase,婴幼儿设备号，仅有泛婴儿受众词，缺少营养/补充剂内容
200,UCU190TD_VryjEo0hUHakMpQ,The Martes-Lee Family,https://cn--xtb.noxinfluencer.com/youtube/channel/UCU190TD_VryjEo0hUHakMpQ,-6,badcase,家庭亲子号，只有泛家长受众词，近期内容与婴儿补充剂不符
201,UC5Sc1c7rYHtTwiLTEuhWrcQ,Shop 100,https://cn--xtb.noxinfluencer.com/youtube/channel/UC5Sc1c7rYHtTwiLTEuhWrcQ,-3,badcase,婴幼儿设备号，仅有泛婴儿受众词，缺少营养/补充剂内容
202,UCU190TD_VryjEo0hUHakMpQ,The Martes-Lee Family,https://cn--xtb.noxinfluencer.com/youtube/channel/UCU190TD_VryjEo0hUHakMpQ,-6,badcase,家庭亲子号，只有泛家长受众词，近期内容与婴儿补充剂不符
203,UCqbNg2scy6O_Tv3iZmfUMZg,Human Physiology,https://cn--xtb.noxinfluencer.com/youtube/channel/UCqbNg2scy6O_Tv3iZmfUMZg,-9,badcase,成人补剂教育内容多，缺少婴儿营养/护理受众
204,UCQZWMhSI9wlJHlYk9gnFSgw,"Dr. Mark Neumann, DC, DO",https://cn--xtb.noxinfluencer.com/youtube/channel/UCQZWMhSI9wlJHlYk9gnFSgw,-8,badcase,成人健康减重向，和婴儿补充剂受众不匹配
205,UCvhbCppanmXdVQe41g9lDeg,csjoy,https://cn--xtb.noxinfluencer.com/youtube/channel/UCvhbCppanmXdVQe41g9lDeg,-17,badcase,仅有泛婴儿生活内容，宠物/娱乐标签主导，缺少婴儿营养补充剂意图
207,UC2AVkXuNP1vSmBB-HgP8aTg,TheDealScope,https://cn--xtb.noxinfluencer.com/youtube/channel/UC2AVkXuNP1vSmBB-HgP8aTg,-8,badcase,电商促销频道偏泛品类，婴儿补充剂相关性弱
208,UCDqnU3nq16FeB_01nHKGf_Q,DrivZEE,https://cn--xtb.noxinfluencer.com/youtube/channel/UCDqnU3nq16FeB_01nHKGf_Q,-10,badcase,无相关标签，近10条以猫梗/娱乐为主
210,UCA4F6Pa35wdwDToSvrG4tKw,Fertility Mom,https://cn--xtb.noxinfluencer.com/youtube/channel/UCA4F6Pa35wdwDToSvrG4tKw,-9,badcase,备孕/孕期相关但偏成人健康补充剂，婴儿补剂不匹配
213,UCa_q-roDRxebK8tzJyU6FaA,Baby Giggle Squad,https://cn--xtb.noxinfluencer.com/youtube/channel/UCa_q-roDRxebK8tzJyU6FaA,-19,badcase,以婴儿搞笑内容为主，缺少补充剂/营养信号
214,UCgka-r9MVp-EFRBKQ-20vvA,Linda RODRIGUEZ,https://cn--xtb.noxinfluencer.com/youtube/channel/UCgka-r9MVp-EFRBKQ-20vvA,-25,badcase,频道偏SHEIN服饰/宠物，缺少婴儿营养补剂语境
217,UCoIncrBm81h9A3z3rj2H7Mw,Brandon Bass,https://cn--xtb.noxinfluencer.com/youtube/channel/UCoIncrBm81h9A3z3rj2H7Mw,-25,badcase,成人健身补剂频道，与婴儿补充剂受众完全不符
221,UCvpQIdzIWVssBfp6UGOA3aQ,Mizashi Xigumu,https://cn--xtb.noxinfluencer.com/youtube/channel/UCvpQIdzIWVssBfp6UGOA3aQ,-6,badcase,烹饪与宠物内容占比高，婴儿补充剂场景不稳定
222,UChduLQZztg5HQNleU3CAt6Q,LittleCutieWorld20,https://cn--xtb.noxinfluencer.com/youtube/channel/UChduLQZztg5HQNleU3CAt6Q,-9,badcase,婴儿泛主题明显，但近期全是吃食分享，缺少补剂语境
224,UCsrapXDSpdlJzqd0LefY4aw,@Likopie,https://cn--xtb.noxinfluencer.com/youtube/channel/UCsrapXDSpdlJzqd0LefY4aw,-7,badcase,婴儿受众有，但内容主要是娱乐短视频，不适合补剂推广
226,UC-d7vCy3bcZqbKkDz3v1tjQ,The Primitive Knife,https://cn--xtb.noxinfluencer.com/youtube/channel/UC-d7vCy3bcZqbKkDz3v1tjQ,-3,badcase,有婴儿标签，但近期以叙事娱乐为主，不适合补剂推广
227,UCHR9YGUfXPB-kYxcmkWwUeg,Ba Ba Bubble,https://cn--xtb.noxinfluencer.com/youtube/channel/UCHR9YGUfXPB-kYxcmkWwUeg,-20,badcase,儿童儿歌频道，音频娱乐属性强，与补剂推广场景不匹配
228,UCn3xf2BVfCDamCnYHoeYeyw,Mommyplus 4,https://cn--xtb.noxinfluencer.com/youtube/channel/UCn3xf2BVfCDamCnYHoeYeyw,-25,badcase,母婴弱相关但频道以家庭搞笑短视频为主，缺少婴儿营养/补充剂场景
229,UCW7pC9IJcDDjviW2F9FY2Dw,NMP DINO,https://cn--xtb.noxinfluencer.com/youtube/channel/UCW7pC9IJcDDjviW2F9FY2Dw,-9,badcase,只有Baby场景，内容以海滩玩沙娱乐为主，和婴幼儿补充剂投放不匹配
231,UC_j9SPLx2z_VNDTnVLJM9Eg,Turgut Arslan,https://cn--xtb.noxinfluencer.com/youtube/channel/UC_j9SPLx2z_VNDTnVLJM9Eg,-10,badcase,几乎全是#baby娱乐短视频，没有补充剂或育儿购买意图
238,UCMRO0-vtw9Pd0FuKznQ6Eng,Tech Solution BD,https://cn--xtb.noxinfluencer.com/youtube/channel/UCMRO0-vtw9Pd0FuKznQ6Eng,-25,badcase,宗教讲道+童装内容，近期全是婴儿纱丽，和婴儿补剂无关
239,UCI5WBguDaMnMmJs7GYYFJyA,Thy Chenghouy,https://cn--xtb.noxinfluencer.com/youtube/channel/UCI5WBguDaMnMmJs7GYYFJyA,-19,badcase,护发健康号，内容全是头发护理，不适合婴儿补剂推广
240,UCNhDkd2NwfgTUt4m7nWDxwg,PROF BOOM - Baby Sleep Music & Tips,https://cn--xtb.noxinfluencer.com/youtube/channel/UCNhDkd2NwfgTUt4m7nWDxwg,-24,badcase,婴儿睡眠音乐号，音频娱乐形式与补剂推广格式严重不符
242,UCnnzdl_WJlHxnd5LIon_rag,Infant Toddler Youth,https://cn--xtb.noxinfluencer.com/youtube/channel/UCnnzdl_WJlHxnd5LIon_rag,-7,badcase,偏婴儿安全/车座安装，缺少营养补充剂推广语境
243,UCHDP3wSquW6tykOLgXBu0OA,Jordyn Taylor,https://cn--xtb.noxinfluencer.com/youtube/channel/UCHDP3wSquW6tykOLgXBu0OA,-1,badcase,母婴生活弱相关，但缺少婴儿营养/补充剂推广语境
248,UCeHau4IaIUoTpIvaNo_Z80A,Happy Baby Compilation,https://cn--xtb.noxinfluencer.com/youtube/channel/UCeHau4IaIUoTpIvaNo_Z80A,-10,badcase,纯婴儿娱乐合集，缺少营养/补充剂购买或使用意图
250,UC17vwPbX-6lUw0vckqsFeFg,Lori Felix,https://cn--xtb.noxinfluencer.com/youtube/channel/UC17vwPbX-6lUw0vckqsFeFg,-10,badcase,成人保健品测评为主，几乎没有婴儿营养受众
251,UC4gOx7_7rDE6pJj116MgWsQ,Arenti Official,https://cn--xtb.noxinfluencer.com/youtube/channel/UC4gOx7_7rDE6pJj116MgWsQ,-25,badcase,智能家居摄像头/婴儿监控频道，与婴儿营养补充品推广不符
252,UCE76CBkDX591pxzps6bySOw,Super Polina,https://cn--xtb.noxinfluencer.com/youtube/channel/UCE76CBkDX591pxzps6bySOw,-9,badcase,儿童玩具娱乐号，最近内容与补剂护理和购买意图都不匹配
255,UCK_xX8J0Fk4_n0cxrGo08og,Mr_AryanYT,https://cn--xtb.noxinfluencer.com/youtube/channel/UCK_xX8J0Fk4_n0cxrGo08og,-25,badcase,游戏+ASMR频道，内容和补剂推广格式严重错位
257,UCM-5Som1ZvytZ-qWSTedFqw,Lambys Nursery,https://cn--xtb.noxinfluencer.com/youtube/channel/UCM-5Som1ZvytZ-qWSTedFqw,-25,badcase,仿真娃娃/玩具频道，面向婴儿补充剂推广明显不匹配
259,UCyuS_NdWEMgahAdeIlytmyg,Amway Estados Unidos en Español,https://cn--xtb.noxinfluencer.com/youtube/channel/UCyuS_NdWEMgahAdeIlytmyg,-9,badcase,成人美妆/营养频道，缺少婴儿补充剂受众与场景
260,UC-9po20OHLYM4SEae9z5ecg,Pharmaceutical Assistant,https://cn--xtb.noxinfluencer.com/youtube/channel/UC-9po20OHLYM4SEae9z5ecg,-8,badcase,偏成人药品/保健品问答，和婴儿补充剂受众不匹配
262,UC_uJBlUxcgSUfTCYCIuxmSA,MEDICINE TIPS,https://cn--xtb.noxinfluencer.com/youtube/channel/UC_uJBlUxcgSUfTCYCIuxmSA,-8,badcase,健康医药泛内容，缺少婴儿营养/补充剂意图，近期内容也不匹配
263,UCL2Jv8kROj61i6gSngv6o3A,Raku,https://cn--xtb.noxinfluencer.com/youtube/channel/UCL2Jv8kROj61i6gSngv6o3A,-25,badcase,动漫/成人娱乐频道，与婴儿营养补剂推广目标强烈不匹配；近期内容全不相关
264,UCLwMdGjJnIMVaNDf75LBRZQ,Mannatech,https://cn--xtb.noxinfluencer.com/youtube/channel/UCLwMdGjJnIMVaNDf75LBRZQ,-9,badcase,仅泛健康相关，缺少婴幼儿营养/护理语境，近热视频多为商业培训
265,UCJ7-YlOCFgeTjMVy76sdwtQ,I'll Pump You Up,https://cn--xtb.noxinfluencer.com/youtube/channel/UCJ7-YlOCFgeTjMVy76sdwtQ,-8,badcase,成人健身补剂频道，和婴儿补充剂受众明显不匹配
266,UCl9p-kHmgK1jkj9_KKLbGXQ,ក្មេងតូច​ កំសាន្ត,https://cn--xtb.noxinfluencer.com/youtube/channel/UCl9p-kHmgK1jkj9_KKLbGXQ,-25,badcase,娱乐/电影内容为主，近10条几乎全不符婴儿补充剂推广
267,UCMz0mrbKOtzAifLWkkFIrwQ,Nutrition Library,https://cn--xtb.noxinfluencer.com/youtube/channel/UCMz0mrbKOtzAifLWkkFIrwQ,-8,badcase,偏成人营养补剂频道，缺少婴儿/母婴场景，近期内容全是成人补剂
269,UCOPyDelFlSekS0U7MyZrgZA,myreborns mgar,https://cn--xtb.noxinfluencer.com/youtube/channel/UCOPyDelFlSekS0U7MyZrgZA,-25,badcase,重心是reborn娃娃与玩梗短视频，和人类婴儿补剂投放明显不符
271,UCtUFJidZdiSbHi8H00js9Cg,Funny Fledglings,https://cn--xtb.noxinfluencer.com/youtube/channel/UCtUFJidZdiSbHi8H00js9Cg,-25,badcase,纯婴儿搞笑娱乐号，缺少产品/购买语境，不适合补剂推广
272,UC1x7HxBr0gSwRMdJCkXZHbw,ANOL100K,https://cn--xtb.noxinfluencer.com/youtube/channel/UC1x7HxBr0gSwRMdJCkXZHbw,-10,badcase,无补充剂或婴幼儿相关信号，近期内容也不匹配
274,UCDA1q2oN8CBIa3hBpPhmugQ,MIAMI LIFE AND FITNESS,https://cn--xtb.noxinfluencer.com/youtube/channel/UCDA1q2oN8CBIa3hBpPhmugQ,-8,badcase,仅泛健身健康标签，缺少补充剂和婴幼儿场景
276,UCG4X1JWmVcgZQIK6QRY2MDw,• MR POG •,https://cn--xtb.noxinfluencer.com/youtube/channel/UCG4X1JWmVcgZQIK6QRY2MDw,-35,badcase,Gacha剧情娱乐频道，主题和推广场景都不匹配
278,UC_5Zf3BydHA0Er2IKqmJC0g,Dr.Mohammed J.K,https://cn--xtb.noxinfluencer.com/youtube/channel/UC_5Zf3BydHA0Er2IKqmJC0g,-8,badcase,健康话题为主，但近期多为争议/反补剂内容，不适合投放
281,UCyfvrn8zRHl5cSFY0_f0obw,silicone reborn babydoll,https://cn--xtb.noxinfluencer.com/youtube/channel/UCyfvrn8zRHl5cSFY0_f0obw,-15,badcase,娃娃玩具频道，受众与人类婴儿补充剂完全不符
282,UCTfE4fLcu0UPIof6kxqIXTg,www.SameDaySupplements.com,https://cn--xtb.noxinfluencer.com/youtube/channel/UCTfE4fLcu0UPIof6kxqIXTg,-20,badcase,成人健身补剂频道，受众与婴儿补充剂完全不匹配
283,UC1dOFRqhsZ43IQ_Cu9HJiig,The Ancona Family,https://cn--xtb.noxinfluencer.com/youtube/channel/UC1dOFRqhsZ43IQ_Cu9HJiig,-10,badcase,家居家具频道为主，虽有孕产内容但缺少婴儿营养/补充剂意图
285,UC9HCDot7Z-ITS1CF2BWmiuQ,Elara Nightfall,https://cn--xtb.noxinfluencer.com/youtube/channel/UC9HCDot7Z-ITS1CF2BWmiuQ,-15,badcase,频道以睡眠音乐/哄睡为主，缺少补充剂或营养推广语境，且格式明显不匹配
288,UCzs6vv2-thzIDeOtt9NF1xg,RRX,https://cn--xtb.noxinfluencer.com/youtube/channel/UCzs6vv2-thzIDeOtt9NF1xg,-19,badcase,宠物/梗图为主，和人类婴幼儿补充剂投放明显不适配
290,UC3qVwM20S_UmFl552D9AAEQ,JT Jared Taylor,https://cn--xtb.noxinfluencer.com/youtube/channel/UC3qVwM20S_UmFl552D9AAEQ,-10,badcase,成人抗衰补剂受众为主，近期内容与婴儿补充剂严重错位
291,UCDWijE8RXdEWvZHbDbwWPGA,Crafty Prapty,https://cn--xtb.noxinfluencer.com/youtube/channel/UCDWijE8RXdEWvZHbDbwWPGA,-23,badcase,手工DIY频道，缺少婴儿营养/健康/补剂推广语境
294,UCTpKaY5t7Y4A3YB2id97R0w,Chesley Bashirian,https://cn--xtb.noxinfluencer.com/youtube/channel/UCTpKaY5t7Y4A3YB2id97R0w,-22,badcase,婴儿娱乐搞笑频道，内容形态与补充剂推广明显不符
296,UCqolUYtUQgM2oEMHIGGDJBg,Valery Andrade - SustainaVal,https://cn--xtb.noxinfluencer.com/youtube/channel/UCqolUYtUQgM2oEMHIGGDJBg,-8,badcase,成人营养减脂内容，和婴儿补充剂的受众与场景不匹配
299,UCcHfRCVkIopbQmeZEickqsQ,Cheshir Studio's,https://cn--xtb.noxinfluencer.com/youtube/channel/UCcHfRCVkIopbQmeZEickqsQ,-16,badcase,游戏内容为主，与婴儿补充剂受众不符
304,UCrXRdl4ImSyLg_VF_q7_49A,Your Calm Lullabies,https://cn--xtb.noxinfluencer.com/youtube/channel/UCrXRdl4ImSyLg_VF_q7_49A,-25,badcase,摇篮曲/睡眠音频是典型格式错配，不适合补充剂推广
305,UC_6J2iRq3OB_N_URoaeX9pQ,Si Leang Hao,https://cn--xtb.noxinfluencer.com/youtube/channel/UC_6J2iRq3OB_N_URoaeX9pQ,-2,badcase,仅泛婴儿亲子娱乐内容，无营养/健康/补充剂推广语境
306,UCYy1xJkBf8uejKLk-NLZFAg,Joshua Schall,https://cn--xtb.noxinfluencer.com/youtube/channel/UCYy1xJkBf8uejKLk-NLZFAg,-18,badcase,补充剂行业B2B内容为主，受众与婴儿补充剂投放不匹配
309,UCyTQxNwgXlrjNjvPbPD0HUA,Padre Evander,https://cn--xtb.noxinfluencer.com/youtube/channel/UCyTQxNwgXlrjNjvPbPD0HUA,-25,badcase,宠物动画频道，且近期内容与婴儿营养无关
310,UCWYWBl-BjrLjZF4pkV_o-AA,Netta Enee TV,https://cn--xtb.noxinfluencer.com/youtube/channel/UCWYWBl-BjrLjZF4pkV_o-AA,-8,badcase,亲子家庭向但无婴儿营养/补剂意图，近期内容也不匹配
311,UCF0MKchb-TmhAM5owMlbDvQ,Funny Baby,https://cn--xtb.noxinfluencer.com/youtube/channel/UCF0MKchb-TmhAM5owMlbDvQ,-21,badcase,仅有baby弱相关，内容为搞笑婴儿娱乐，补剂推广格式严重不匹配
313,UCd3oYmVlEUAsFBDuFx3PNVA,SillyConeBaby,https://cn--xtb.noxinfluencer.com/youtube/channel/UCd3oYmVlEUAsFBDuFx3PNVA,-35,badcase,Reborn人偶和ASMR内容，属强错配，非婴儿补充剂受众
314,UCv8DA7fR0-zwk0owYn0qlDQ,Baby Electrical Appliance Factory,https://cn--xtb.noxinfluencer.com/youtube/channel/UCv8DA7fR0-zwk0owYn0qlDQ,-8,badcase,婴儿喂养器具/OEM内容，和补充剂类目仅有弱场景重叠
316,UCIOSP4AvzojCWvGtjF2LLVQ,lucky luciano godfather,https://cn--xtb.noxinfluencer.com/youtube/channel/UCIOSP4AvzojCWvGtjF2LLVQ,-5,badcase,仅有泛婴儿娱乐标签，缺少营养/补充剂意图，近10条均为陪玩内容
320,UCPmQu-e6qIwCb3H1wps7KQA,健康新視界,https://cn--xtb.noxinfluencer.com/youtube/channel/UCPmQu-e6qIwCb3H1wps7KQA,-6,badcase,偏成人健康科普，缺少婴幼儿/母婴受众，不适合宝宝补充剂
321,UCwNblZsEqwS9ywyFwQxR8NA,Sillz,https://cn--xtb.noxinfluencer.com/youtube/channel/UCwNblZsEqwS9ywyFwQxR8NA,-7,badcase,成人饮食与营养内容为主，缺少婴儿场景，宝宝补充剂相关性弱
322,UCwzWnb7WWxlCCqeRzDDst4Q,Maya and Mary Family Show,https://cn--xtb.noxinfluencer.com/youtube/channel/UCwzWnb7WWxlCCqeRzDDst4Q,-22,badcase,儿童故事/娱乐为主，近10条几乎都不适合婴儿补剂推广
326,UCLOGeuSeLki3M6YNsUtIAnA,Jaclyn Baker,https://cn--xtb.noxinfluencer.com/youtube/channel/UCLOGeuSeLki3M6YNsUtIAnA,-9,badcase,成人健身减脂频道，近10条均偏成人营养与训练，不适合
330,UCnnUXkDsGfbppybGXOmXIiQ,HEYJNY,https://cn--xtb.noxinfluencer.com/youtube/channel/UCnnUXkDsGfbppybGXOmXIiQ,-5,badcase,育儿/孕产内容有弱相关，但缺少婴儿营养补充剂推广语境
331,UC2e7uD_vwY9oQVD9JkocYMw,JanGame,https://cn--xtb.noxinfluencer.com/youtube/channel/UC2e7uD_vwY9oQVD9JkocYMw,-25,badcase,以娱乐/游戏为主，近期宝宝歌也不等于婴儿补剂推广场景，整体不适配
332,UCD67LfNcId5Pf9iZUPM5Jkg,"Aimee Raupp M.S., L.Ac.",https://cn--xtb.noxinfluencer.com/youtube/channel/UCD67LfNcId5Pf9iZUPM5Jkg,-8,badcase,备孕/生育健康频道，离婴儿补充剂受众较远
333,UCXvDebtL21F6DbHO7gQs4jg,Xena Zou,https://cn--xtb.noxinfluencer.com/youtube/channel/UCXvDebtL21F6DbHO7gQs4jg,-6,badcase,频道主轴为旅行房车生活，少量母乳内容但缺少婴儿营养补剂场景
334,UCn09LEWdPh8AW7Gl4g09gKg,Mamá Latina,https://cn--xtb.noxinfluencer.com/youtube/channel/UCn09LEWdPh8AW7Gl4g09gKg,-27,badcase,娱乐梗图型频道，和婴儿补充剂推广格式冲突
335,UCpdr4pJjMvcra_fSk1erdHQ,Elwin Robinson,https://cn--xtb.noxinfluencer.com/youtube/channel/UCpdr4pJjMvcra_fSk1erdHQ,-9,badcase,成人健康/补剂频道，缺少婴儿营养场景
337,UCS0JNKbZvW6HrPqiVTXOqqw,Mr. Evolution of London (HEALTH AND WELLNESS),https://cn--xtb.noxinfluencer.com/youtube/channel/UCS0JNKbZvW6HrPqiVTXOqqw,-10,badcase,成人健康/补剂频道，缺少婴幼儿与育儿受众，近10条全偏成人。
339,UCdDoA-UQKKAJza8eIMkSJRw,Vital Longevity,https://cn--xtb.noxinfluencer.com/youtube/channel/UCdDoA-UQKKAJza8eIMkSJRw,-7,badcase,虽有泛健康词，但内容偏成人长寿与补剂，缺少婴儿/育儿场景。
341,UCvG9aJQ3F1kxHQ0t9LaKiVw,Melissa Nonnemacher,https://cn--xtb.noxinfluencer.com/youtube/channel/UCvG9aJQ3F1kxHQ0t9LaKiVw,-10,badcase,复婴儿玩偶/开箱内容，非真实婴幼儿喂养场景，近10条都不匹配。
342,UCsaM3jWYGJh-IXs3YWv_Rtg,FITAID,https://cn--xtb.noxinfluencer.com/youtube/channel/UCsaM3jWYGJh-IXs3YWv_Rtg,-15,badcase,成人健身补剂频道，婴儿补充剂受众明显不符
345,UCOJy991iJjHgkppeZYgC3Tw,TheAsianYapper,https://cn--xtb.noxinfluencer.com/youtube/channel/UCOJy991iJjHgkppeZYgC3Tw,-25,badcase,游戏娱乐频道，和婴儿补充剂推广不匹配
347,UCRBmhB5u7J0xgk16tONzvBw,"Mindset, Money & Real Talk",https://cn--xtb.noxinfluencer.com/youtube/channel/UCRBmhB5u7J0xgk16tONzvBw,-9,badcase,儿童玩具和成人娱乐混杂，近期缺少婴儿营养补充场景
348,UCXr7Cd3aclUaFazYD-VY9kg,Travis Kids Playhouse,https://cn--xtb.noxinfluencer.com/youtube/channel/UCXr7Cd3aclUaFazYD-VY9kg,-25,badcase,娃娃玩具频道，主要是模拟照护与开箱，非真实婴儿补充剂场景
350,UCP0qtaBv8faiHFbo6JSh5Wg,Axios Natural Health Centers,https://cn--xtb.noxinfluencer.com/youtube/channel/UCP0qtaBv8faiHFbo6JSh5Wg,-5,badcase,自然健康频道，但近期是成人养生和减脂，缺少婴儿营养场景
351,UCetUGmfsCgTwiuW25PBLYvg,Dhafa Videos,https://cn--xtb.noxinfluencer.com/youtube/channel/UCetUGmfsCgTwiuW25PBLYvg,-14,badcase,恐怖故事为主，‘Baby’只是弱词，和婴儿补充剂推广不匹配
352,UC-j3Y51xJimYEzwHRVgUF2g,Single mom Lytieunhien,https://cn--xtb.noxinfluencer.com/youtube/channel/UC-j3Y51xJimYEzwHRVgUF2g,-6,badcase,仅有母婴受众弱相关，缺少营养/补剂语境，近期内容均不匹配
354,UCiSCzEMhe0KOXFX7rGN_bBA,Just Laugh,https://cn--xtb.noxinfluencer.com/youtube/channel/UCiSCzEMhe0KOXFX7rGN_bBA,-20,badcase,娱乐型宝宝 vlog 为主，不适合补剂推广
355,UCJ7S9-Lp6_2y8DWcUbacd8w,Nasirqayyumtech,https://cn--xtb.noxinfluencer.com/youtube/channel/UCJ7S9-Lp6_2y8DWcUbacd8w,-23,badcase,娱乐/宠物/AI故事混杂，和人类 baby supplement 不匹配
360,UCOdWWayZ1zMicBODw9KV-rQ,Juice Jayy,https://cn--xtb.noxinfluencer.com/youtube/channel/UCOdWWayZ1zMicBODw9KV-rQ,-10,badcase,美食吃播号，和婴儿补充剂受众不匹配
361,UCtXO3FbeR9Z5PuDgfWGI0Rg,Asif Ideas,https://cn--xtb.noxinfluencer.com/youtube/channel/UCtXO3FbeR9Z5PuDgfWGI0Rg,-25,badcase,娱乐舞蹈号为主，补充剂推广受众与形式都不匹配
362,UCYJqcD8Zr7lm6COA_Cm7ZPQ,Pampers,https://cn--xtb.noxinfluencer.com/youtube/channel/UCYJqcD8Zr7lm6COA_Cm7ZPQ,-9,badcase,婴儿受众相关，但近10条多为ASO/歌词视频，推广格式不匹配
363,UCrd2J-ncMAQtrHQm4IuqVkw,Daddy Fever,https://cn--xtb.noxinfluencer.com/youtube/channel/UCrd2J-ncMAQtrHQm4IuqVkw,-10,badcase,成人健康/营养向，缺少婴儿育儿场景，最近内容也不对口
365,UCL2piV2JdAwgm3b5KW4f1Qw,Dr.Calcium,https://cn--xtb.noxinfluencer.com/youtube/channel/UCL2piV2JdAwgm3b5KW4f1Qw,-9,badcase,补充剂频道但聚焦骨骼/钙镁，缺少婴儿受众，近10条全偏题
366,UCo61F8AnlMyDYo3qyrKN2Bw,Shout The Loud Reviews,https://cn--xtb.noxinfluencer.com/youtube/channel/UCo61F8AnlMyDYo3qyrKN2Bw,-25,badcase,前5标签娱乐化且近期全是成人补充剂评测，不适合婴儿补充剂
368,UCwnDwHc37AjuyuQpVrOc7jA,Maria Lynn Dolls,https://cn--xtb.noxinfluencer.com/youtube/channel/UCwnDwHc37AjuyuQpVrOc7jA,-25,badcase,Reborn玩具/假婴儿频道，和婴儿补剂推广目标明显不符
369,UCfngB8i82QGbSRCdqIDj6Jg,"Realityworks, Inc.",https://cn--xtb.noxinfluencer.com/youtube/channel/UCfngB8i82QGbSRCdqIDj6Jg,-10,badcase,婴儿模拟器与教育训练内容，和补剂购买场景不匹配
370,UCwzI_ueA92Ee0v4EOBsMClw,Ashley Hawat,https://cn--xtb.noxinfluencer.com/youtube/channel/UCwzI_ueA92Ee0v4EOBsMClw,-25,badcase,时尚美妆频道，受众与婴儿补剂推广不匹配
371,UC1U36iHJheBzQjAzM-ADtDQ,Dr. LeGrand,https://cn--xtb.noxinfluencer.com/youtube/channel/UC1U36iHJheBzQjAzM-ADtDQ,-8,badcase,补剂健康向但偏成人ADHD，和婴儿补剂受众错位
372,UC9fwwBrGhlzATBmRPTL-ylw,Skuzzle_Yt,https://cn--xtb.noxinfluencer.com/youtube/channel/UC9fwwBrGhlzATBmRPTL-ylw,-25,badcase,纯游戏梗图频道，与婴儿营养补充无关
375,UC3aK5p2otR_BIOFDYT74Oog,Tiny Hearts Drama,https://cn--xtb.noxinfluencer.com/youtube/channel/UC3aK5p2otR_BIOFDYT74Oog,0,badcase,无标签、无相关视频或近期内容，无法支撑婴儿营养品推广
376,UCHlP_241OWGHX_XJ_T7mFkQ,Mini Fashion World,https://cn--xtb.noxinfluencer.com/youtube/channel/UCHlP_241OWGHX_XJ_T7mFkQ,-8,badcase,宝贝穿搭频道，仅有场景重叠，补充品相关性弱
377,UCF4uFq_VZ-5Jd4uolNWLF6g,KIMKLUMTIPS,https://cn--xtb.noxinfluencer.com/youtube/channel/UCF4uFq_VZ-5Jd4uolNWLF6g,-12,badcase,成人男性保健补剂频道，主题与婴儿补充剂相冲突，近10条均不匹配
378,UCX-AiDie_6b2hk92HAju4Ow,Smart Home Gadgets,https://cn--xtb.noxinfluencer.com/youtube/channel/UCX-AiDie_6b2hk92HAju4Ow,-10,badcase,家居智能硬件频道，与婴儿补充剂推广无关，近10条均为家电内容
379,UC4ciahEPlS0eDCFK-hZEzSg,Anatomy note,https://cn--xtb.noxinfluencer.com/youtube/channel/UC4ciahEPlS0eDCFK-hZEzSg,-10,badcase,皮肤病科普频道，主题偏疾病诊疗，和婴儿补充剂推广相关性弱
380,UCGtneP3PotYwEdfQ7f2I9-w,Pro Tech Babies (AI),https://cn--xtb.noxinfluencer.com/youtube/channel/UCGtneP3PotYwEdfQ7f2I9-w,-35,badcase,AI婴儿娱乐/游戏频道，内容格式与补充剂推广强不匹配，属坏例
381,UClhM5kNLPrBVngmzDVK4bag,My Health Tube,https://cn--xtb.noxinfluencer.com/youtube/channel/UClhM5kNLPrBVngmzDVK4bag,-8,badcase,泛医疗剂量教学，缺少婴儿营养/补充剂推广意图，近期内容不匹配
382,UCjwO9eZvv9O91fQUkqd_qYA,Muscle Power Sports,https://cn--xtb.noxinfluencer.com/youtube/channel/UCjwO9eZvv9O91fQUkqd_qYA,-5,badcase,成人运动营养补剂频道，缺少婴幼儿健康/营养语境
383,UCv1SSxbsH5DYFuDymNe_rvA,Beauty Tips BD,https://cn--xtb.noxinfluencer.com/youtube/channel/UCv1SSxbsH5DYFuDymNe_rvA,-25,badcase,娱乐短视频为主，缺少婴儿营养或补剂语境
384,UCErBaj6cJHrlK4seRgb3gkg,Mario Monkey,https://cn--xtb.noxinfluencer.com/youtube/channel/UCErBaj6cJHrlK4seRgb3gkg,-25,badcase,动物/宠物猴子内容，和人类婴幼儿补剂不适配
386,UCz4n0ko5VbHhuVWJkL879Cw,Yomi So Perfect,https://cn--xtb.noxinfluencer.com/youtube/channel/UCz4n0ko5VbHhuVWJkL879Cw,-7,badcase,家庭亲子泛内容，缺少婴幼儿营养或补剂意图
387,UCZ1vKipeFXTRY7b1NH_hbBw,Cute Baby Couture,https://cn--xtb.noxinfluencer.com/youtube/channel/UCZ1vKipeFXTRY7b1NH_hbBw,-23,badcase,婴儿时装秀频道，主题与婴幼儿营养补充剂不匹配
389,UCGhXYzzYTiRP9eTKvZq79mQ,Grecia Reborns,https://cn--xtb.noxinfluencer.com/youtube/channel/UCGhXYzzYTiRP9eTKvZq79mQ,-25,badcase,复生婴儿娃娃频道，不适合真人婴儿补充剂推广
392,UCd0pLXfCpFdXYmJwv9_-qCw,Ly Sou Jane,https://cn--xtb.noxinfluencer.com/youtube/channel/UCd0pLXfCpFdXYmJwv9_-qCw,-25,badcase,ASMR短视频+婴儿日常，无补充剂/营养意图，近期内容也多不匹配
393,UC0poUqIxO3uTYTw1zVgzeKw,Lovevery,https://cn--xtb.noxinfluencer.com/youtube/channel/UC0poUqIxO3uTYTw1zVgzeKw,-9,badcase,母婴玩具频道，和婴儿补剂无直接/强相关，近10条都偏数学启蒙
394,UCQgPJz4CazBB0Y6c24DrYog,Rankin'TK,https://cn--xtb.noxinfluencer.com/youtube/channel/UCQgPJz4CazBB0Y6c24DrYog,-10,badcase,育儿娱乐短视频，缺少补充剂/营养/购买意图，近10条全不匹配
395,UCU-FOVP8vgL5kEmROEYhbMQ,Babynexia,https://cn--xtb.noxinfluencer.com/youtube/channel/UCU-FOVP8vgL5kEmROEYhbMQ,-25,badcase,娱乐短视频号，近10条均无补充剂/营养/护理意图，适合度很低
396,UCa2jSQGPWWTeeNA3QuiL7iw,Enamul Insight,https://cn--xtb.noxinfluencer.com/youtube/channel/UCa2jSQGPWWTeeNA3QuiL7iw,-10,badcase,无婴儿补剂相关标签，近期内容多为励志/泛健康短片，推广不匹配
397,UCiNGqNHJF2r6m18wko28v1g,"Dr. Ivy Branin, ND: Naturopathic Doctor NYC",https://cn--xtb.noxinfluencer.com/youtube/channel/UCiNGqNHJF2r6m18wko28v1g,-9,badcase,女性健康/备孕内容为主，缺少婴儿营养与补充剂信号
399,UCmURgKW3xMjGQ-egt-2HITg,PIHU STORE,https://cn--xtb.noxinfluencer.com/youtube/channel/UCmURgKW3xMjGQ-egt-2HITg,-8,badcase,母婴用品杂货号，近期多为车座玩具，和补充剂场景弱
400,UC4XVI2qO9WpgJe8cjp9MT7w,Giường ghép cho bé,https://cn--xtb.noxinfluencer.com/youtube/channel/UC4XVI2qO9WpgJe8cjp9MT7w,-10,badcase,婴儿床垂类，受众相关但品类与婴儿补充剂不匹配
401,UCzNp4SWQrIuPEW2S-Ry097w,Mom Moments,https://cn--xtb.noxinfluencer.com/youtube/channel/UCzNp4SWQrIuPEW2S-Ry097w,-9,badcase,成人健康/更年期内容为主，和婴儿补充剂受众不符
402,UCU-FOVP8vgL5kEmROEYhbMQ,Babynexia,https://cn--xtb.noxinfluencer.com/youtube/channel/UCU-FOVP8vgL5kEmROEYhbMQ,-10,badcase,娱乐宝宝梗频道，缺少婴儿营养/补充剂场景
403,UCa2jSQGPWWTeeNA3QuiL7iw,Enamul Insight,https://cn--xtb.noxinfluencer.com/youtube/channel/UCa2jSQGPWWTeeNA3QuiL7iw,-10,badcase,泛健康频道，婴儿补充剂意图不足
404,UCiNGqNHJF2r6m18wko28v1g,"Dr. Ivy Branin, ND: Naturopathic Doctor NYC",https://cn--xtb.noxinfluencer.com/youtube/channel/UCiNGqNHJF2r6m18wko28v1g,-4,badcase,产后/备孕健康为主，和婴儿补充剂不匹配
407,UC4XVI2qO9WpgJe8cjp9MT7w,Giường ghép cho bé,https://cn--xtb.noxinfluencer.com/youtube/channel/UC4XVI2qO9WpgJe8cjp9MT7w,-10,badcase,婴儿床品频道，只有泛婴儿场景，近10条全是床/安装内容，不匹配补充剂
408,UCDHm4GdAkFLdoAVZqhXMAfQ,Baby Monkey Destiny,https://cn--xtb.noxinfluencer.com/youtube/channel/UCDHm4GdAkFLdoAVZqhXMAfQ,-25,badcase,猴子动物频道，标题与标签都指向野生动物，不适合人类婴儿补充剂推广
410,UCt8Pu3WnC-zN3TYEtDZKWFQ,NACHOU TIPS,https://cn--xtb.noxinfluencer.com/youtube/channel/UCt8Pu3WnC-zN3TYEtDZKWFQ,-15,badcase,以发护理/美妆为主，且有宠物标签，近10条几乎全是美发内容，不适合
411,UCVQCCG4jQ0feh9OsBvmyrzA,Ipat Gameplay,https://cn--xtb.noxinfluencer.com/youtube/channel/UCVQCCG4jQ0feh9OsBvmyrzA,-25,badcase,游戏娱乐频道，核心是The Baby In Yellow等游戏内容，与补充剂互斥
412,UCCUs4xjKpntp0d9-x-kV8Ow,Finzzom,https://cn--xtb.noxinfluencer.com/youtube/channel/UCCUs4xjKpntp0d9-x-kV8Ow,-10,badcase,无相关标签，近期全是猫梗/动画类内容，和婴儿补剂推广不符
413,UCAisN7ADSNWY2l6LWlehFaw,AI Believes in Jesus Too,https://cn--xtb.noxinfluencer.com/youtube/channel/UCAisN7ADSNWY2l6LWlehFaw,-24,badcase,搞笑动画短视频为主，baby仅弱相关，和婴儿补剂推广不符
416,UCYr2URtqHavmf4BAtp6zMmQ,K2E Music,https://cn--xtb.noxinfluencer.com/youtube/channel/UCYr2URtqHavmf4BAtp6zMmQ,-20,badcase,动物/音乐娱乐内容为主，和人类婴儿补剂推广明显不符
422,UCc7QOxm3Mxk1MwTw8VaDj9Q,ALL PIT Jamoliddin Muxiddinov,https://cn--xtb.noxinfluencer.com/youtube/channel/UCc7QOxm3Mxk1MwTw8VaDj9Q,-8,badcase,成人补剂/健身内容，缺少婴儿或母婴受众，近期视频也偏离
423,UCM-YfNXFy25y3Uf0OC3W4fw,Life Enthusiast,https://cn--xtb.noxinfluencer.com/youtube/channel/UCM-YfNXFy25y3Uf0OC3W4fw,-6,badcase,健康营养泛内容，缺少母婴/婴儿补充剂场景，近期也偏成人
424,UCShtvwOEMIDu7pmw6499D9g,Yoyo Daily Life,https://cn--xtb.noxinfluencer.com/youtube/channel/UCShtvwOEMIDu7pmw6499D9g,-25,badcase,娱乐AI婴儿短视频为主，属于明显格式错配，不适合母婴补充剂
426,UC71K7Mvf8wV9OyM6PCEwgnA,Qalohi Waarte,https://cn--xtb.noxinfluencer.com/youtube/channel/UC71K7Mvf8wV9OyM6PCEwgnA,-22,badcase,亲子泛娱乐/故事内容为主，缺少婴儿营养或补充剂推广语境
427,UCOBe3MX37dZTZCXvDxrIXbg,Edyah Ramos,https://cn--xtb.noxinfluencer.com/youtube/channel/UCOBe3MX37dZTZCXvDxrIXbg,-7,badcase,宗教信仰内容为主，母婴仅弱相关且缺少婴儿营养/补充剂语境
428,UCTiap7dYSfX-XJDIHRkErAA,gamma health,https://cn--xtb.noxinfluencer.com/youtube/channel/UCTiap7dYSfX-XJDIHRkErAA,-7,badcase,泛健康/营养频道，缺少婴儿或母婴护理语境，近10条多为食物科普
431,UCVszMlGGIEOiVc8EQLw-4mA,Nora's AI ASMR,https://cn--xtb.noxinfluencer.com/youtube/channel/UCVszMlGGIEOiVc8EQLw-4mA,-25,badcase,ASMR/沉浸式娱乐为主，属明显形式不匹配，不适合做产品推广
432,UCv0UHhf_FCtYARyE2ffHM_w,Stephanie Ho,https://cn--xtb.noxinfluencer.com/youtube/channel/UCv0UHhf_FCtYARyE2ffHM_w,-10,badcase,美食料理频道，近期内容几乎全不涉及婴儿营养或母婴补剂
433,UCdftbTfTmdO-rFuocLdufHg,Los Realitys BriBri y Cristina,https://cn--xtb.noxinfluencer.com/youtube/channel/UCdftbTfTmdO-rFuocLdufHg,-10,badcase,母婴补充剂缺少婴儿/营养/健康信号，近期内容也不匹配
434,UCE6qX3jUyy5DMiEuc1UhUmw,Aptekimiz,https://cn--xtb.noxinfluencer.com/youtube/channel/UCE6qX3jUyy5DMiEuc1UhUmw,0,badcase,药房健康频道，近10条均为成人用药/妇科内容，与婴儿补充剂不符
435,UC_Vf6gmxpKIu0vgspMx9xkg,Dr.Tube6,https://cn--xtb.noxinfluencer.com/youtube/channel/UC_Vf6gmxpKIu0vgspMx9xkg,-10,badcase,无婴儿/母婴补剂信号，近期仅泛健康内容，婴儿补剂推广关联弱
436,UCdIlBnBAPpwamEpPLe-kXyQ,Karrina Pitman,https://cn--xtb.noxinfluencer.com/youtube/channel/UCdIlBnBAPpwamEpPLe-kXyQ,-10,badcase,无宝宝/育儿/婴儿营养信号，近期仅泛健康饮食内容，和 baby supplement 不匹配
437,UCzOXZSdNwh2KC6sJVsxHRBg,Shelley Abbott,https://cn--xtb.noxinfluencer.com/youtube/channel/UCzOXZSdNwh2KC6sJVsxHRBg,-18,badcase,喜剧搞笑内容为主，和婴儿补充剂推广场景明显不匹配
441,UCQ4h9f91pJK6EC_e7C_pmPg,RIBLER,https://cn--xtb.noxinfluencer.com/youtube/channel/UCQ4h9f91pJK6EC_e7C_pmPg,-14,badcase,仅有泛宝宝内容，频道前排战争/政治且无营养补充场景
442,UCGbH8QM5mouC7EffG6cpNJg,HLDYHND,https://cn--xtb.noxinfluencer.com/youtube/channel/UCGbH8QM5mouC7EffG6cpNJg,-15,badcase,车型/摩托频道，近期多为AI婴儿搞笑内容，和婴儿补充品无关
444,UCH1s23uI1gMJgmEt9Z4M9Iw,Negosyo ni Boy,https://cn--xtb.noxinfluencer.com/youtube/channel/UCH1s23uI1gMJgmEt9Z4M9Iw,-20,badcase,农业畜牧频道，内容集中在牛和饲料，和人类婴儿补充品无关
445,UC8SKCKRQ3FUd_YunGhdyKmQ,Así es la Vida Historias,https://cn--xtb.noxinfluencer.com/youtube/channel/UC8SKCKRQ3FUd_YunGhdyKmQ,-25,badcase,儿童故事/虚构娱乐频道，虽有baby词但不是育儿或营养场景
447,UCYuXRqrDRP3z4D8b36MHSPA,DinoKakius 360VR,https://cn--xtb.noxinfluencer.com/youtube/channel/UCYuXRqrDRP3z4D8b36MHSPA,-25,badcase,娱乐游戏音乐频道，近期多为梗图恶搞，和婴儿补充剂无关
448,UC5k6hh2R7bFsWWQZN-1BpXw,OCHANISTIC,https://cn--xtb.noxinfluencer.com/youtube/channel/UC5k6hh2R7bFsWWQZN-1BpXw,-10,badcase,无标签，近期多为动漫和梗图类内容，和婴儿补充剂不相关
451,UCnzzOnheqKPcVY9ubllTz1Q,Yoongi Daddy,https://cn--xtb.noxinfluencer.com/youtube/channel/UCnzzOnheqKPcVY9ubllTz1Q,-6,badcase,有婴儿/育儿弱相关，但夹杂宠物内容且缺少营养健康场景
452,UCVTfkv8L80REyNdNQcbv_Jw,SERINO FAMILY,https://cn--xtb.noxinfluencer.com/youtube/channel/UCVTfkv8L80REyNdNQcbv_Jw,-8,badcase,婴儿搞笑家庭号，只有泛婴儿受众，近10条均为娱乐短视频
453,UCf4-kZ__E4eot1ZwkCpjgBA,Рецепты на каждый день,https://cn--xtb.noxinfluencer.com/youtube/channel/UCf4-kZ__E4eot1ZwkCpjgBA,-5,badcase,亲子日常/食谱娱乐，无婴儿营养或补充剂推广语境
455,UC_cY9un81bPZ7YTLPUWVjPA,Cung Le,https://cn--xtb.noxinfluencer.com/youtube/channel/UC_cY9un81bPZ7YTLPUWVjPA,-20,badcase,成人健身补剂号，受众与婴儿营养补充剂明显不符
456,UCNe0JQJkApCU9M8QRIN4jBQ,Brownviking,https://cn--xtb.noxinfluencer.com/youtube/channel/UCNe0JQJkApCU9M8QRIN4jBQ,-24,badcase,成人健身补剂频道，和婴儿营养/护理不匹配，近期内容也都偏成人产品
457,UCzlrQEgHpSNEDnSZ06YlsgQ,Tian Sophiaone,https://cn--xtb.noxinfluencer.com/youtube/channel/UCzlrQEgHpSNEDnSZ06YlsgQ,-20,badcase,娱乐/故事类，几乎无育儿营养意图，最近内容也不支持
458,UCETkSvuSLzLDOSfhzENwd_w,SonikGplay,https://cn--xtb.noxinfluencer.com/youtube/channel/UCETkSvuSLzLDOSfhzENwd_w,-14,badcase,以prank和萌娃为主，只有泛baby受众，和补充剂弱相关
462,UCH3-4TAJx7Tu8Hz7VBZ_PQg,URUMURI RW'UBUZIMA TV,https://cn--xtb.noxinfluencer.com/youtube/channel/UCH3-4TAJx7Tu8Hz7VBZ_PQg,-10,badcase,频道偏泛健康内容，无婴儿营养或补充剂推广语境
463,UCCTSQ7CAoUWd5wVmQwxrSaA,Baby Candy TV,https://cn--xtb.noxinfluencer.com/youtube/channel/UCCTSQ7CAoUWd5wVmQwxrSaA,-20,badcase,动画儿童频道，和婴儿补充剂推广格式强冲突
464,UCk_HDM7eygeTxhckNdSGDUQ,Name Bubbles,https://cn--xtb.noxinfluencer.com/youtube/channel/UCk_HDM7eygeTxhckNdSGDUQ,-2,badcase,母婴人群弱相关，但主推姓名标签/办公娱乐，缺少婴儿营养补充语境
465,UCEbePkIoQmw7HmOUudn-Jrw,Warrior Island,https://cn--xtb.noxinfluencer.com/youtube/channel/UCEbePkIoQmw7HmOUudn-Jrw,-20,badcase,MMA格斗受众与婴儿补充剂推广不匹配
467,UC5goGejdnxGMCnuaAIyqhUw,La Casa De Karen,https://cn--xtb.noxinfluencer.com/youtube/channel/UC5goGejdnxGMCnuaAIyqhUw,-10,badcase,以婴儿穿搭和家居内容为主，缺少补剂营养相关信号
468,UCOYYscbZokaYaIiJ6_3xapg,Soha's kitchen,https://cn--xtb.noxinfluencer.com/youtube/channel/UCOYYscbZokaYaIiJ6_3xapg,-10,badcase,婴儿用品带货多，但与补剂营养主题不匹配
470,UCcoezKswSDcGOUblOu7KUJQ,Noah Williams,https://cn--xtb.noxinfluencer.com/youtube/channel/UCcoezKswSDcGOUblOu7KUJQ,-25,badcase,剧情喜剧短视频为主，和婴儿补剂促销明显不符
472,UCyph2-0NqSa0X9fJX-hDmMA,Baby White Noise Sleep8888,https://cn--xtb.noxinfluencer.com/youtube/channel/UCyph2-0NqSa0X9fJX-hDmMA,-34,badcase,白噪音睡眠频道，属音频娱乐且与婴儿补充剂促销场景不符
473,UCCIcCKXcmF3iKNyJolEZzJA,Health Tips,https://cn--xtb.noxinfluencer.com/youtube/channel/UCCIcCKXcmF3iKNyJolEZzJA,-7,badcase,成人补剂测评号，近期多为减重/男士增效，与婴儿补充剂不匹配
474,UCPkN3AIjOJPj4fYxwEKVenQ,THE STORY OF MR. LUKAKU,https://cn--xtb.noxinfluencer.com/youtube/channel/UCPkN3AIjOJPj4fYxwEKVenQ,-18,badcase,故事型频道，近期婴儿相关内容也非补充剂主题，与婴儿补充剂不符
475,UCi-3FrmgIDCfYy8aq9_l3cw,Hairfinity,https://cn--xtb.noxinfluencer.com/youtube/channel/UCi-3FrmgIDCfYy8aq9_l3cw,-9,badcase,养发美妆补剂频道，近10条均为头发产品推广，与婴儿补充剂不符
476,UCIxS7YInq2_rXcF-dUKlGcg,Mensajes Bíblicos Dw,https://cn--xtb.noxinfluencer.com/youtube/channel/UCIxS7YInq2_rXcF-dUKlGcg,-9,badcase,仅有baby泛相关，缺少补充剂/营养场景，近期内容全是宗教婴儿短视频
477,UCey2eWVfEszv3smaLoM9qDw,Tom Car Boss,https://cn--xtb.noxinfluencer.com/youtube/channel/UCey2eWVfEszv3smaLoM9qDw,-25,badcase,宠物鱼类娱乐号，与婴儿营养补充无关
479,UC7PSkeAfNQnQ8nCkBDD-KWA,Aminal 123,https://cn--xtb.noxinfluencer.com/youtube/channel/UC7PSkeAfNQnQ8nCkBDD-KWA,-19,badcase,动物+宠物娱乐号，和人用婴儿补充剂不匹配
480,UCu0ptJJGJ-nzSvR4Jch8vSg,RouteScale,https://cn--xtb.noxinfluencer.com/youtube/channel/UCu0ptJJGJ-nzSvR4Jch8vSg,-24,badcase,音乐娱乐频道，近期偏男性偏方保健，非婴儿营养护理场景
484,UClNMyYmko6Lwms_FwESTK6Q,Chris Ferreira Nutri,https://cn--xtb.noxinfluencer.com/youtube/channel/UClNMyYmko6Lwms_FwESTK6Q,-25,badcase,娱乐笑话号，和婴儿补充剂推广场景明显错配
485,UC7-Qvj-BSFHyWNvQGwdtT0A,Dương Mạnh Hùng MMO,https://cn--xtb.noxinfluencer.com/youtube/channel/UC7-Qvj-BSFHyWNvQGwdtT0A,-25,badcase,MMO/游戏号，受众与婴儿补充剂完全不匹配
487,UCzJFyNryVgytgRteUdnwHqQ,Family Time,https://cn--xtb.noxinfluencer.com/youtube/channel/UCzJFyNryVgytgRteUdnwHqQ,-25,badcase,玩具娃娃为主，近期全是拟玩偶喂养内容，和补剂推广无关
488,UCHKA4ilqp-FgRRk3Lcr22cA,AK GAMING,https://cn--xtb.noxinfluencer.com/youtube/channel/UCHKA4ilqp-FgRRk3Lcr22cA,-25,badcase,游戏娱乐频道，近期内容与婴儿补剂完全不相关
490,UC2dRYxvCRyWc_OLOx4ytPJA,LINDA LOCH,https://cn--xtb.noxinfluencer.com/youtube/channel/UC2dRYxvCRyWc_OLOx4ytPJA,-9,badcase,仅有baby弱相关，近期全是宝宝娱乐内容，不适合补剂推广
491,UCJ6-_0uif5OIIJfY0yQ4qmA,LANG Monkey,https://cn--xtb.noxinfluencer.com/youtube/channel/UCJ6-_0uif5OIIJfY0yQ4qmA,-25,badcase,宠物/猴子动物频道，属于人类婴儿补剂的排斥场景
492,UCuiYGLqVBgkVe-sG13vDV8A,Karen Sandiego,https://cn--xtb.noxinfluencer.com/youtube/channel/UCuiYGLqVBgkVe-sG13vDV8A,-24,badcase,成人减重/VSG与孕期内容为主，不适合婴儿补剂推广
493,UCVJpc7EsWkg92KVmLQ6CWyg,Kristina King,https://cn--xtb.noxinfluencer.com/youtube/channel/UCVJpc7EsWkg92KVmLQ6CWyg,-10,badcase,美妆生活为主，只有轻度亲子场景，缺少婴儿补充剂意图
494,UCiYrOT_V6AwY-Iv7asNhbsw,Monte DJ PumpingShark,https://cn--xtb.noxinfluencer.com/youtube/channel/UCiYrOT_V6AwY-Iv7asNhbsw,-25,badcase,音乐播客娱乐向，和婴儿补充剂推广场景明显不符
495,UCm9CfjGUOnV4MCRmg982SEg,5-minute Fails,https://cn--xtb.noxinfluencer.com/youtube/channel/UCm9CfjGUOnV4MCRmg982SEg,-25,badcase,婴儿搞笑内容为主，娱乐属性重，不适合补充剂推广
497,UCKkBegFYXsK6m252q0Kk1DA,Ksqaud,https://cn--xtb.noxinfluencer.com/youtube/channel/UCKkBegFYXsK6m252q0Kk1DA,-10,badcase,家庭短视频泛娱乐，缺少婴儿营养/护理语境
499,UCUH3uJtutpYyPa31eea-AoA,Hatching Time,https://cn--xtb.noxinfluencer.com/youtube/channel/UCUH3uJtutpYyPa31eea-AoA,-15,badcase,家禽孵化/养殖频道，和婴儿补充剂完全不符
500,UCLrQ4vhCQeB0pHK_sEDHA8A,Free Range Diva,https://cn--xtb.noxinfluencer.com/youtube/channel/UCLrQ4vhCQeB0pHK_sEDHA8A,-9,badcase,成人健康美容号，和婴儿补充剂人群不匹配
4751,UC3Q76T4uyzbDixeBpt4ZKdA,MedispecLtd,https://cn--xtb.noxinfluencer.com/youtube/channel/UC3Q76T4uyzbDixeBpt4ZKdA,-19,badcase,成人医疗器械频道，明显不适合婴儿补充剂推广
4752,UCYgv2QT_nRDGpjJor-3XH8A,佛禪,https://cn--xtb.noxinfluencer.com/youtube/channel/UCYgv2QT_nRDGpjJor-3XH8A,-10,badcase,宗教情感与养老内容为主，近10条都不支持婴幼儿补充剂推广
4753,UC2d3C8jTHlgUh5AJMBO6seg,The Review,https://cn--xtb.noxinfluencer.com/youtube/channel/UC2d3C8jTHlgUh5AJMBO6seg,-8,badcase,泛品评测频道可承接购买语境，但近期内容与婴幼儿补充剂不匹配
4755,UCixexRrgWKp8lC-oW1s2RcQ,La La Learn,https://cn--xtb.noxinfluencer.com/youtube/channel/UCixexRrgWKp8lC-oW1s2RcQ,-9,badcase,以儿童手工/教育内容为主，与婴儿补剂推广场景不符，近期内容全不相关
4756,UCffx0odKuLtByOzvBymM5jA,GTA CRAZY TOM,https://cn--xtb.noxinfluencer.com/youtube/channel/UCffx0odKuLtByOzvBymM5jA,-22,badcase,睡眠音乐/白噪音为主，属于物理产品推广的格式错配
4757,UCoZdeA9Yg-MDR8sj0h-A_jA,Tutoro Online,https://cn--xtb.noxinfluencer.com/youtube/channel/UCoZdeA9Yg-MDR8sj0h-A_jA,-10,badcase,技术促销号，缺少婴儿/营养相关信号，近10条全不匹配
4758,UCHC0ZxFX677behUHpsqfSMA,AI Baby Talks,https://cn--xtb.noxinfluencer.com/youtube/channel/UCHC0ZxFX677behUHpsqfSMA,-24,badcase,娱乐搞笑宝贝号，baby仅弱相关，内容偏剧情喜剧且与补剂不符
4759,UCgqgMs2QmAmB1R7QTukjqrQ,Jason Garfield,https://cn--xtb.noxinfluencer.com/youtube/channel/UCgqgMs2QmAmB1R7QTukjqrQ,-10,badcase,杂技运动频道，和婴儿补剂无直接关联，近10条都不匹配
4760,UCFpmJtV19QCyjzaC5U691-A,Sally K Norton,https://cn--xtb.noxinfluencer.com/youtube/channel/UCFpmJtV19QCyjzaC5U691-A,-7,badcase,成人饮食营养频道，无婴儿补充剂或母婴健康语境，近期内容不匹配
4761,UCWzUkXamLhNcpVwneCSO7Ug,Home with Arlene,https://cn--xtb.noxinfluencer.com/youtube/channel/UCWzUkXamLhNcpVwneCSO7Ug,-10,badcase,生活方式开箱号，偏家居与商品展示，缺少婴儿营养语境
4762,UCG9M4pPz_hq1CwIZt6yxKRQ,GadGlide,https://cn--xtb.noxinfluencer.com/youtube/channel/UCG9M4pPz_hq1CwIZt6yxKRQ,-9,badcase,泛生活DIY号，缺少母婴/营养意图，近期内容也不支持补剂推广
4763,UChV5NqPmYG0S3TURD85FmKw,Cutest Cutis,https://cn--xtb.noxinfluencer.com/youtube/channel/UChV5NqPmYG0S3TURD85FmKw,-20,badcase,动物猴子内容，和人类婴儿补剂推广受众完全不匹配
4764,UCC_mPrUt2PivuE--iRxXO5g,David Iglesias,https://cn--xtb.noxinfluencer.com/youtube/channel/UCC_mPrUt2PivuE--iRxXO5g,-19,badcase,成人健身增肌频道，和婴儿补剂受众明显错位
4765,UCbe-s90zjUI-y7VJJ-xqB3A,Sakam Media,https://cn--xtb.noxinfluencer.com/youtube/channel/UCbe-s90zjUI-y7VJJ-xqB3A,-20,badcase,音乐/铃声娱乐号，和母婴补剂的购买与使用场景不相关
4766,UCCuItaN9Yzb8jEAIoyLibBg,Weelicious,https://cn--xtb.noxinfluencer.com/youtube/channel/UCCuItaN9Yzb8jEAIoyLibBg,-8,badcase,儿童食谱频道，baby supplement健康营养购买意图不足，近期多为菜谱
4767,UCHphZspDmFS5OivycDlQ5lQ,Grace Whest,https://cn--xtb.noxinfluencer.com/youtube/channel/UCHphZspDmFS5OivycDlQ5lQ,-9,badcase,儿童冥想号，只有泛健康词，近期内容全是睡眠冥想，和婴儿补充剂不匹配
4769,UCWEgHLnfEz99wnpf77E4Tsg,Coach Bus Simulator,https://cn--xtb.noxinfluencer.com/youtube/channel/UCWEgHLnfEz99wnpf77E4Tsg,-25,badcase,游戏内容为主，前五标签均属游戏/体育游戏，和婴儿补充剂完全不符
4770,UCQ0fvWbYUCubiDBW-y4BFHg,Cooking life,https://cn--xtb.noxinfluencer.com/youtube/channel/UCQ0fvWbYUCubiDBW-y4BFHg,-10,badcase,传统生活/做饭频道，主题偏乡村饮食与采集，不是婴儿育儿受众
4771,UCQzhbWsf7-pUyJjeuKf55zw,Mena's Lifestyle,https://cn--xtb.noxinfluencer.com/youtube/channel/UCQzhbWsf7-pUyJjeuKf55zw,-10,badcase,泰米尔生活Vlog，偏日常饮食旅行，缺少母婴营养和购买场景
4772,UCSMwRJU5JaQqPKDgBn3W_fw,Nabiha Queen 👑,https://cn--xtb.noxinfluencer.com/youtube/channel/UCSMwRJU5JaQqPKDgBn3W_fw,-20,badcase,宠物猫频道，和婴儿营养补充剂受众完全不符
4773,UCb1GPM8HCpGaokZRvYO8mpA,Rawandradian,https://cn--xtb.noxinfluencer.com/youtube/channel/UCb1GPM8HCpGaokZRvYO8mpA,-8,badcase,工厂流程号，缺少母婴/营养/购买意图
4774,UCHxemt9yBHhIHJtFDXpJ4Hw,QueensteezTV,https://cn--xtb.noxinfluencer.com/youtube/channel/UCHxemt9yBHhIHJtFDXpJ4Hw,-10,badcase,生活时尚号，和婴儿补充剂推广关联很弱
4776,UCq0SpmhUOvD46Mm4_TYWolg,繁中 Little Chinese Learners [Traditional Chinese],https://cn--xtb.noxinfluencer.com/youtube/channel/UCq0SpmhUOvD46Mm4_TYWolg,1,badcase,少儿学习频道，只有泛化儿童受众，太弱
4777,UCvYHzRxEPNfB0hyhhA2gYEw,ALLSHADESOFZEE,https://cn--xtb.noxinfluencer.com/youtube/channel/UCvYHzRxEPNfB0hyhhA2gYEw,-9,badcase,以烹饪/穿搭为主，仅有泛健康标签，缺少母婴营养意图
4778,UCbixdfvIjm6R3WVL0-DP57Q,The Peacefilled Life with Fireside Grace,https://cn--xtb.noxinfluencer.com/youtube/channel/UCbixdfvIjm6R3WVL0-DP57Q,-10,badcase,宗教情感内容，近期话题与婴儿补充剂推广完全不匹配
4779,UCmRW2ePy50iMuw1e8QWvkwg,Little Noor Beats,https://cn--xtb.noxinfluencer.com/youtube/channel/UCmRW2ePy50iMuw1e8QWvkwg,-20,badcase,儿童歌曲/睡眠音乐为主，属于娱乐型内容，不适合卖婴儿补充剂
4780,UCYNe5-HW4SQRILANqH1M5Iw,OxiClean,https://cn--xtb.noxinfluencer.com/youtube/channel/UCYNe5-HW4SQRILANqH1M5Iw,-25,badcase,清洁去渍品牌号，清洁域与婴儿补充剂推广明显冲突
4781,UCDC_3TNy5lM14qUZwrHcQJg,The Simple Love,https://cn--xtb.noxinfluencer.com/youtube/channel/UCDC_3TNy5lM14qUZwrHcQJg,-8,badcase,家庭料理为主，只有泛健康/亲子场景，缺少母婴营养购买意图
4782,UC7LCFsuhPoS1nnTwt9zO_GA,CHRISTUS Health,https://cn--xtb.noxinfluencer.com/youtube/channel/UC7LCFsuhPoS1nnTwt9zO_GA,-9,badcase,医疗健康机构号，缺少婴儿补剂购买/使用意图，近期内容也不匹配
4783,UCdY1zA0LqVZYLQBBRpjPP1Q,MY GRANFATHER'S RANCH - NURSERY RHYMES,https://cn--xtb.noxinfluencer.com/youtube/channel/UCdY1zA0LqVZYLQBBRpjPP1Q,-35,badcase,少儿儿歌娱乐频道，与婴儿补充剂推广场景明显不匹配
4784,UCcHvd6gDp31cTutUVPWDtKw,Pygmy Harbor Farm,https://cn--xtb.noxinfluencer.com/youtube/channel/UCcHvd6gDp31cTutUVPWDtKw,-25,badcase,山羊农场/宠物内容，和人用婴儿补充剂推广场景不匹配
4785,UCVuQ_KgxQSp9Tg5_f6gVphQ,TANJU,https://cn--xtb.noxinfluencer.com/youtube/channel/UCVuQ_KgxQSp9Tg5_f6gVphQ,-10,badcase,仅有孕期/家庭泛相关，近10条全是生活和水果内容，缺少母婴补剂意图
4786,UC4q1TQQOlxrhp4ST93A8XjQ,Sadie TV -  Kids Songs & Stories,https://cn--xtb.noxinfluencer.com/youtube/channel/UC4q1TQQOlxrhp4ST93A8XjQ,-20,badcase,儿童故事娱乐号，非婴儿营养/补充剂推广场景
4787,UCvFj4NxMuLOEtcvETXIyIyA,"Tiffany Bose, LPCC",https://cn--xtb.noxinfluencer.com/youtube/channel/UCvFj4NxMuLOEtcvETXIyIyA,-10,badcase,妈妈育儿受众但无婴儿营养/补剂内容，近期多为婚姻心理闲聊
4788,UCdYIfA_OTih2--tbcKO0b5g,mayratouchofglam,https://cn--xtb.noxinfluencer.com/youtube/channel/UCdYIfA_OTih2--tbcKO0b5g,0,badcase,美妆生活频道，仅有育儿日常弱相关，缺少婴儿营养/健康场景
4790,UCyzZCHBkG99VMB4xBl_85EA,Devereux Center for Resilient Children,https://cn--xtb.noxinfluencer.com/youtube/channel/UCyzZCHBkG99VMB4xBl_85EA,-3,badcase,偏早教韧性与教师培训，缺少婴儿营养/补充剂推广意图
4791,UC6WiCKmQN7MN822xjdXuK0A,Lauren Stewart,https://cn--xtb.noxinfluencer.com/youtube/channel/UC6WiCKmQN7MN822xjdXuK0A,-8,badcase,偏备孕不孕与家庭生活，缺少婴儿营养/补剂推广语境
4792,UCwkX7UgIrLJTgmfLiRfByrw,NATORE FISH FARMING RESEARCH CENTER,https://cn--xtb.noxinfluencer.com/youtube/channel/UCwkX7UgIrLJTgmfLiRfByrw,-15,badcase,鱼场内容，宠物/鱼类与婴儿补剂推广不匹配
4793,UCJxwQR9hN0N58qSCww52SoQ,NoLaunchpad,https://cn--xtb.noxinfluencer.com/youtube/channel/UCJxwQR9hN0N58qSCww52SoQ,-25,badcase,娱乐搞笑为主，和婴儿补剂推广完全错位
4795,UCfMFvffzfLXhkjlAGavTczA,Not a Show Or Podcast,https://cn--xtb.noxinfluencer.com/youtube/channel/UCfMFvffzfLXhkjlAGavTczA,-10,badcase,无婴幼儿补剂/育儿信号，内容以情感生活为主，近10条均不匹配
4796,UC3yZPVZxx1ewYichmPcHtgQ,Lights Kids На Русском,https://cn--xtb.noxinfluencer.com/youtube/channel/UC3yZPVZxx1ewYichmPcHtgQ,-9,badcase,儿童歌谣频道，偏娱乐不偏母婴营养推广
4797,UCsM2DI70UO44gaWqBwASnbw,Linda Naturally,https://cn--xtb.noxinfluencer.com/youtube/channel/UCsM2DI70UO44gaWqBwASnbw,-5,badcase,泛健康内容，缺少婴幼儿/补充剂语境，近期内容也不匹配
4798,UC-XBl6h_wiWpFnqoZpDKN5A,Inday Caryah,https://cn--xtb.noxinfluencer.com/youtube/channel/UC-XBl6h_wiWpFnqoZpDKN5A,-18,badcase,宠物/狗标签与人类婴儿补充剂冲突，且内容偏娱乐短视频
4801,UC6t8CL9u8D84RRcdFXS54Xg,Chic Chick Chatter,https://cn--xtb.noxinfluencer.com/youtube/channel/UC6t8CL9u8D84RRcdFXS54Xg,-10,badcase,名人八卦/娱乐向频道，和婴儿补充剂推广场景不符
4803,UCmGe6XIfac-lRwxQZTOC5TQ,RheumDoctor,https://cn--xtb.noxinfluencer.com/youtube/channel/UCmGe6XIfac-lRwxQZTOC5TQ,-10,badcase,风湿免疫科内容，近10条全是疾病/治疗话题，与婴儿补剂推广无关
4804,UCh98_5mGZWMdoUQDn4btU1A,Mr. Vacca,https://cn--xtb.noxinfluencer.com/youtube/channel/UCh98_5mGZWMdoUQDn4btU1A,-3,badcase,儿童/家庭弱相关，但内容偏游戏、学校、家庭记录，缺少婴儿营养保健意图
4805,UCdL2AXEEgxtI4H0LlqPxYqA,Thug  Recaps,https://cn--xtb.noxinfluencer.com/youtube/channel/UCdL2AXEEgxtI4H0LlqPxYqA,-25,badcase,剧情娱乐频道，属明显内容场景错配
4806,UCRMyWO_XpLOhGFCYNmq9oAQ,LaToya Forever,https://cn--xtb.noxinfluencer.com/youtube/channel/UCRMyWO_XpLOhGFCYNmq9oAQ,-9,badcase,仅有kids弱相关，近10条均非婴儿营养/补充剂内容
4807,UCOecAik89KwRnS_93nG3Fiw,EESystem,https://cn--xtb.noxinfluencer.com/youtube/channel/UCOecAik89KwRnS_93nG3Fiw,-8,badcase,健康/冥想泛内容，缺少婴幼儿营养或补充剂信号，近期内容也不匹配
4808,UCsbKV1Mfl-U9qa94MtF-Q2A,FitFlavorFun,https://cn--xtb.noxinfluencer.com/youtube/channel/UCsbKV1Mfl-U9qa94MtF-Q2A,-9,badcase,成人减重/GLP1频道，和婴儿补充剂受众不匹配
4809,UC2T16-k3JZ-Dq1qrQ0y1tNw,Baby Hazel Games,https://cn--xtb.noxinfluencer.com/youtube/channel/UC2T16-k3JZ-Dq1qrQ0y1tNw,-25,badcase,纯游戏娱乐频道，且是儿童游戏，不适合婴儿补充剂推广
4811,UCC-uH-5VdvckobcVTeXTHvg,ByNarita,https://cn--xtb.noxinfluencer.com/youtube/channel/UCC-uH-5VdvckobcVTeXTHvg,-9,badcase,美妆生活频道，婴儿补充剂受众信号很弱，近期大多是护肤和饮品内容
4812,UC20rN1FDG5XaMxvAD7Ed4LQ,VigorousSteve,https://cn--xtb.noxinfluencer.com/youtube/channel/UC20rN1FDG5XaMxvAD7Ed4LQ,-20,badcase,成人健身/类固醇频道，近10条全是婴儿补剂不匹配
4813,UCTJr4iQzsYx8ciaslmVesag,Meghanhenrichsen,https://cn--xtb.noxinfluencer.com/youtube/channel/UCTJr4iQzsYx8ciaslmVesag,-10,badcase,生活方式女生日常号，近10条无婴幼儿营养/补剂语境
4814,UCil5C5LHxeMD-uIatMBT3EQ,Loren Rosko,https://cn--xtb.noxinfluencer.com/youtube/channel/UCil5C5LHxeMD-uIatMBT3EQ,-10,badcase,以音乐/生活方式为主，和婴儿补充剂推广目标缺乏相关受众
4815,UCJt_Vv34b6oXA2khb2JQUtw,Sally Beauty,https://cn--xtb.noxinfluencer.com/youtube/channel/UCJt_Vv34b6oXA2khb2JQUtw,-10,badcase,美妆护发频道，与婴儿营养补充剂无关，近10条内容均不匹配
4816,UCra4EaUQGdhsw3W_swG-jFg,Foley Family Law,https://cn--xtb.noxinfluencer.com/youtube/channel/UCra4EaUQGdhsw3W_swG-jFg,-25,badcase,核心是离婚/法律频道，和婴儿补充剂推广场景完全不符
4817,UCSSETIw1Ze0-efgFTBQ8nSw,Marianna Moore,https://cn--xtb.noxinfluencer.com/youtube/channel/UCSSETIw1Ze0-efgFTBQ8nSw,-10,badcase,健康料理频道，缺少婴幼儿营养/护理语境
4818,UCjz8Ca_roIBQ6NJ9MWFO6XA,Animals TV3,https://cn--xtb.noxinfluencer.com/youtube/channel/UCjz8Ca_roIBQ6NJ9MWFO6XA,-25,badcase,宠物兔内容，与人类婴儿补充剂推广完全不符
4819,UC-aNFxmVAzHt4HXCJ4BC8ag,Tarxiv1,https://cn--xtb.noxinfluencer.com/youtube/channel/UC-aNFxmVAzHt4HXCJ4BC8ag,-20,badcase,战争新闻与音乐频道，不适合婴儿补充剂推广
4820,UCjXoEpcwEbVvAkVrIUvYuKA,LiveaBetterLife,https://cn--xtb.noxinfluencer.com/youtube/channel/UCjXoEpcwEbVvAkVrIUvYuKA,-25,badcase,游戏直播为主，和婴儿补充剂受众无关
4821,UCF1fmwUBRDx-XyXThecHhGw,K-Delights,https://cn--xtb.noxinfluencer.com/youtube/channel/UCF1fmwUBRDx-XyXThecHhGw,-8,badcase,混合美食/宠物/美容内容，缺少婴幼儿补充剂定向
4822,UCEv_vFxRWVZNg8Eo2FeI6Fw,Animals Zone channel,https://cn--xtb.noxinfluencer.com/youtube/channel/UCEv_vFxRWVZNg8Eo2FeI6Fw,-25,badcase,动物宠物频道，近10条均为猫狗短视频，与婴儿营养补充剂推广完全不符
4823,UCSUi3x8uJ_zuy-arn2eDYVw,Elen’s life USA,https://cn--xtb.noxinfluencer.com/youtube/channel/UCSUi3x8uJ_zuy-arn2eDYVw,-10,badcase,近10条均为泛健康/生活内容，缺少婴幼儿营养或补剂信号
4824,UCTyi1Z3IkTRTTuA3Pq490uw,JoyceJourney2Fitness,https://cn--xtb.noxinfluencer.com/youtube/channel/UCTyi1Z3IkTRTTuA3Pq490uw,-9,badcase,以健身/穿搭/减重内容为主，近期视频与婴儿营养补充无关
4825,UCyxpPh4Cr5n6UjOYtm5zEYg,ABCe Kids Tv - Kids Songs & Nursery Rhymes,https://cn--xtb.noxinfluencer.com/youtube/channel/UCyxpPh4Cr5n6UjOYtm5zEYg,-22,badcase,儿童儿歌娱乐频道，与婴儿补充剂推广场景明显不符
4826,UCNMD2e_kttMefIgldJ9bW4Q,siri_hommie,https://cn--xtb.noxinfluencer.com/youtube/channel/UCNMD2e_kttMefIgldJ9bW4Q,-10,badcase,以游戏为主，缺少婴儿营养/保健相关信号，近10条内容也不匹配
4827,UCfoE3xYsiDdzD6938U2gNOw,Celebridades Sin Filtro,https://cn--xtb.noxinfluencer.com/youtube/channel/UCfoE3xYsiDdzD6938U2gNOw,-10,badcase,娱乐八卦为主，亲子词仅泛化，近期内容几乎全不匹配
4828,UCk41J1V4H9gk-J_nDqvBfDQ,Camiti,https://cn--xtb.noxinfluencer.com/youtube/channel/UCk41J1V4H9gk-J_nDqvBfDQ,-24,badcase,名人娱乐与性别揭秘内容为主，缺少婴儿营养/补剂推广语境
4830,UCtkTn1t9XFHGa8at6QYjf8w,LETO Healing Soundscapes,https://cn--xtb.noxinfluencer.com/youtube/channel/UCtkTn1t9XFHGa8at6QYjf8w,-25,badcase,娱乐短视频和搞笑内容为主，不适合婴儿补充剂推广
4831,UC4rs8ppJ8Hn4buQgYVCBdtg,Fitness Deal News,https://cn--xtb.noxinfluencer.com/youtube/channel/UC4rs8ppJ8Hn4buQgYVCBdtg,-25,badcase,健身预训练补剂频道，成人向，和婴儿补充剂目标错位
4832,UC3p6Dol-5iT-IhxhRl4Nv3w,Terri Wheat Makeup Tribe,https://cn--xtb.noxinfluencer.com/youtube/channel/UC3p6Dol-5iT-IhxhRl4Nv3w,-10,badcase,美妆/假发频道，与婴儿补充剂推广场景无关，近期内容也不匹配
4833,UCSwKnJnBfWFI-17oPu8dv7g,Lecarson,https://cn--xtb.noxinfluencer.com/youtube/channel/UCSwKnJnBfWFI-17oPu8dv7g,-10,badcase,美食吃播为主，近10条内容全不匹配婴儿补充剂推广
4834,UCDeXx3iEC18GiaPYzEigOXA,Lucie Luvs,https://cn--xtb.noxinfluencer.com/youtube/channel/UCDeXx3iEC18GiaPYzEigOXA,-10,badcase,美妆穿搭频道，近期内容全不涉及婴儿营养或补充剂，相关性很弱
4835,UCN9wf2eJMM6ABIWm0NAiNzg,Zade Abdullah,https://cn--xtb.noxinfluencer.com/youtube/channel/UCN9wf2eJMM6ABIWm0NAiNzg,-25,badcase,情感搞笑频道，近10条全是减脂健身内容，与婴幼儿补剂推广不匹配
4836,UCZ9m6eov8WUW2aQwOvsRQhg,Komunitas Ngejah,https://cn--xtb.noxinfluencer.com/youtube/channel/UCZ9m6eov8WUW2aQwOvsRQhg,-15,badcase,近期以ASMR/助眠为主，推广婴儿补充剂的格式明显不匹配
4837,UC9A4lonT0IoOkU7e7z0UJFg,Flex Fitt,https://cn--xtb.noxinfluencer.com/youtube/channel/UC9A4lonT0IoOkU7e7z0UJFg,-9,badcase,健身频道，只有泛健康词，近10条全是训练内容，与婴儿补充剂不符
4839,UCKQF-uSmWV7adaohjgBhShQ,Wild Quetzal,https://cn--xtb.noxinfluencer.com/youtube/channel/UCKQF-uSmWV7adaohjgBhShQ,-8,badcase,成人野食/自然营养频道，无婴幼儿补充剂场景，近期内容不匹配
4840,UCTRvFWGX10OYaot3QfYzarg,Sam King,https://cn--xtb.noxinfluencer.com/youtube/channel/UCTRvFWGX10OYaot3QfYzarg,-30,badcase,儿童歌曲娱乐号，格式与婴儿补充剂推广强冲突，近10条内容完全不匹配
4841,UC8FfmwtF0z-JmXs3JTiBFQQ,Loose Leaf Tea Market,https://cn--xtb.noxinfluencer.com/youtube/channel/UC8FfmwtF0z-JmXs3JTiBFQQ,-9,badcase,茶饮与放松内容为主，和婴儿营养/补充剂场景不一致，最近内容也不相关
4842,UC4JwXfrqFrcqGH9Xt6CG-mA,Simply Being Sabrina,https://cn--xtb.noxinfluencer.com/youtube/channel/UC4JwXfrqFrcqGH9Xt6CG-mA,-9,badcase,仅泛母婴生活向，近期多为GLP-1/日常内容，缺少婴儿营养购买语境
4843,UCPPKPe4M0ehm4sbF_VeUHJg,Tavares good Tips,https://cn--xtb.noxinfluencer.com/youtube/channel/UCPPKPe4M0ehm4sbF_VeUHJg,-6,badcase,泛健康频道，缺少婴幼儿补充剂意图，近期内容也基本不匹配
4844,UCXUuMU3CW0wG5XwAzLh7LKw,Monkey Jack's Family,https://cn--xtb.noxinfluencer.com/youtube/channel/UCXUuMU3CW0wG5XwAzLh7LKw,-24,badcase,猴子/宠物娱乐频道，与人类婴儿补剂推广明显不符
4845,UCpepyByib8xsP8AR5zckZvA,Jerricas Journey,https://cn--xtb.noxinfluencer.com/youtube/channel/UCpepyByib8xsP8AR5zckZvA,-25,badcase,娱乐/恶搞频道，近10条全不相关，缺少婴儿营养或护理信号
4846,UC-jVKZ5BItEYu4F8L6GIxfw,Dani Calleiro Cimorelli Videos,https://cn--xtb.noxinfluencer.com/youtube/channel/UC-jVKZ5BItEYu4F8L6GIxfw,-7,badcase,以音乐/娱乐为主，婴儿补充剂相关信号弱，近10条内容多不匹配
4847,UClLBSl72gNX-HI-uLJNBV9w,Eglantina Zingg,https://cn--xtb.noxinfluencer.com/youtube/channel/UClLBSl72gNX-HI-uLJNBV9w,-10,badcase,频道以播客、时尚、旅行和生活方式为主，与婴儿补充剂推广无关
4848,UCMSsLqxqvZsNXi0Z-VjN89A,Doctor Mike Hansen,https://cn--xtb.noxinfluencer.com/youtube/channel/UCMSsLqxqvZsNXi0Z-VjN89A,-7,badcase,医疗健康泛频道，缺少婴童/母婴信号，近期内容也基本不匹配
4849,UCvQqF3of9pOMTVLPw2D5gjg,GUINWA,https://cn--xtb.noxinfluencer.com/youtube/channel/UCvQqF3of9pOMTVLPw2D5gjg,-10,badcase,近期内容全是家庭生活/旅行，缺少婴儿营养或补充剂语境
4850,UCZJxxE-wM1bu7Fne7r2GbBA,НУР VET,https://cn--xtb.noxinfluencer.com/youtube/channel/UCZJxxE-wM1bu7Fne7r2GbBA,-10,badcase,兽医/畜牧内容，与人类婴儿补充剂推广明显不符
4851,UCb62Li_4AbLuqj8wlO6ILQQ,FuNNy Ai sLoP viDeOs,https://cn--xtb.noxinfluencer.com/youtube/channel/UCb62Li_4AbLuqj8wlO6ILQQ,-25,badcase,游戏/AI喜剧频道，近10条全娱乐内容，和婴儿补剂推广强不符
4852,UCWcthZetBoyCv20ooakBWSA,Kate Li,https://cn--xtb.noxinfluencer.com/youtube/channel/UCWcthZetBoyCv20ooakBWSA,0,badcase,护理/测评略有泛相关，但近10条多为日常内容，缺少婴儿营养场景
4853,UCZoivPZzrNU-cJc0jWgFiwg,Remedios Con Dr. Aris,https://cn--xtb.noxinfluencer.com/youtube/channel/UCZoivPZzrNU-cJc0jWgFiwg,-9,badcase,健康养生频道，近期全是成人草药与疾病内容，缺少婴儿营养相关性
4854,UCcrAG9d_PifNP78aaJe5S2A,Tiki Taki KIDS,https://cn--xtb.noxinfluencer.com/youtube/channel/UCcrAG9d_PifNP78aaJe5S2A,-9,badcase,儿童娱乐玩具频道，缺少婴儿营养/健康购买意图，近10条全不匹配
4855,UCnQ0ox2qtSq7C0fQQgeZG7Q,Coolz Candy,https://cn--xtb.noxinfluencer.com/youtube/channel/UCnQ0ox2qtSq7C0fQQgeZG7Q,-22,badcase,ASMR糖果频道，近期全是棒棒糖内容，与婴儿补充剂推广场景明显不符
4856,UC2sXkXBWd51cpk_5nyUha2w,Tracy Campoli,https://cn--xtb.noxinfluencer.com/youtube/channel/UC2sXkXBWd51cpk_5nyUha2w,-9,badcase,仅有泛健康标签，近期内容偏美妆时尚与泛娱乐，缺少婴儿营养相关性
4857,UCCzf5IVgtjQ2nN7AmDoljHg,Teas Lifestyle,https://cn--xtb.noxinfluencer.com/youtube/channel/UCCzf5IVgtjQ2nN7AmDoljHg,-2,badcase,偏泛食品生活方式，缺少婴幼儿营养/补剂购买意图
4858,UC_86eC_7prO8MB2oA0yXafQ,Mi princesa azul(familia Batista),https://cn--xtb.noxinfluencer.com/youtube/channel/UC_86eC_7prO8MB2oA0yXafQ,-5,badcase,家庭生活/娱乐类频道，仅弱母婴场景，无婴儿营养或补充剂意图
4859,UCYe30WGMv4zfohZ2Kjs63vA,NINGKAIUS,https://cn--xtb.noxinfluencer.com/youtube/channel/UCYe30WGMv4zfohZ2Kjs63vA,-35,badcase,野生动物AI短视频，娱乐属性强，与婴儿补剂推广明显不符
4860,UCb2O3Qk7pmwa2WDrsgcWLSQ,Jeffrey Mutis,https://cn--xtb.noxinfluencer.com/youtube/channel/UCb2O3Qk7pmwa2WDrsgcWLSQ,-8,badcase,泛产品评测频道，无母婴健康或婴幼儿营养相关证据
4861,UCrXcwOL6QlOXWLvs8obulRw,St. Louis Children's Hospital,https://cn--xtb.noxinfluencer.com/youtube/channel/UCrXcwOL6QlOXWLvs8obulRw,-9,badcase,儿科医院内容偏科普，缺少婴儿补充剂/购买意图，近10条也无相关产品内容
4862,UC1j98gKV_Uyq3RWqd-uxcEw,Embracing Autism,https://cn--xtb.noxinfluencer.com/youtube/channel/UC1j98gKV_Uyq3RWqd-uxcEw,-10,badcase,无补充剂或婴儿营养信号，近10条均为自闭症/亲子议题
4863,UC7HAQn-D9sShndG-sCe8rZg,Sarah Lapierre,https://cn--xtb.noxinfluencer.com/youtube/channel/UC7HAQn-D9sShndG-sCe8rZg,-5,badcase,孕产/妈妈生活有弱相关，但主轴是时尚美妆带货，缺少婴儿营养补充剂语境
4865,UCGoMMFFJHGtiEcrHz1cJsuQ,Poppin'Cents,https://cn--xtb.noxinfluencer.com/youtube/channel/UCGoMMFFJHGtiEcrHz1cJsuQ,-25,badcase,ASMR+开箱为主，偏感官娱乐，和婴儿补充剂推广不匹配
4866,UCbe3NUOW7cdFMJblNNO0EkA,Hatch for Sleep,https://cn--xtb.noxinfluencer.com/youtube/channel/UCbe3NUOW7cdFMJblNNO0EkA,-25,badcase,睡眠机/白噪音频道，产品类型偏睡眠设备，和补充剂错位
4867,UCKZnGVisqkI6eiFLpK-K1Hw,FreshDirect,https://cn--xtb.noxinfluencer.com/youtube/channel/UCKZnGVisqkI6eiFLpK-K1Hw,-8,badcase,美食做菜频道，缺少婴儿营养/补充剂受众，近10条也均不匹配
4868,UCdgbXsFAfH6mAokYqOThaSQ,TOKIT,https://cn--xtb.noxinfluencer.com/youtube/channel/UCdgbXsFAfH6mAokYqOThaSQ,-7,badcase,厨房烹饪设备内容，与婴儿补充剂购买人群和场景不符
4869,UCWnUwkADJaBLtC9TgZVbvbQ,Dr. Mario Martinez,https://cn--xtb.noxinfluencer.com/youtube/channel/UCWnUwkADJaBLtC9TgZVbvbQ,-7,badcase,健康话题但偏成人长寿/心理，缺少母婴或婴儿营养意图
4870,UC7LemXaXftnYNX6jvhfYRTA,The Loving Diet,https://cn--xtb.noxinfluencer.com/youtube/channel/UC7LemXaXftnYNX6jvhfYRTA,-10,badcase,成人减重/GLP-1话题，与婴儿补充剂受众明显错位
4871,UCei_TemSYP_ONu-JImw3OCw,Fishy Kids,https://cn--xtb.noxinfluencer.com/youtube/channel/UCei_TemSYP_ONu-JImw3OCw,-9,badcase,亲子娱乐频道，只有泛儿童信号，缺少母婴营养内容
4872,UC7cRm7uqw96_0DuX1M6Ztpw,Animals Around Us,https://cn--xtb.noxinfluencer.com/youtube/channel/UC7cRm7uqw96_0DuX1M6Ztpw,-24,badcase,儿童娱乐/音乐/动物内容，和婴儿补充剂推广场景不符
4873,UCnVRuU0conY38Q4h-JGViWA,"엄마, 내가 알려줄게",https://cn--xtb.noxinfluencer.com/youtube/channel/UCnVRuU0conY38Q4h-JGViWA,-10,badcase,教程科技向频道，近期内容几乎都与母婴营养无关
4874,UCZDADIh7jgCGbRORtXMwMnA,Deal or Dud - Cris Reviews,https://cn--xtb.noxinfluencer.com/youtube/channel/UCZDADIh7jgCGbRORtXMwMnA,-10,badcase,测评导购型，但近期内容都偏成人食品/补充剂
4875,UCXZ2_6VSgq7SQCIQdiKVOxw,Madilynn Cameron,https://cn--xtb.noxinfluencer.com/youtube/channel/UCXZ2_6VSgq7SQCIQdiKVOxw,-8,badcase,母婴受众仅弱相关，近期多为杂项 vlog/广告
4876,UC4w20dXVKYd9A81PTNkyzXQ,Egg Whisperer Show,https://cn--xtb.noxinfluencer.com/youtube/channel/UC4w20dXVKYd9A81PTNkyzXQ,-7,badcase,生育/IVF健康频道，缺少婴幼儿营养或补充剂语境
4878,UCQrjyFJojRTkNkZSKw-TLqw,publiGlobal,https://cn--xtb.noxinfluencer.com/youtube/channel/UCQrjyFJojRTkNkZSKw-TLqw,-25,badcase,频道以装修/营销/Aloe润肤为主，近10条均与婴儿补充剂无关
4879,UC8AW9jNthB4z4Kdy7zfQebA,Tiny Culture,https://cn--xtb.noxinfluencer.com/youtube/channel/UC8AW9jNthB4z4Kdy7zfQebA,-10,badcase,以烹饪食物内容为主，缺少婴儿营养/护理场景，近期全不匹配
4880,UCiSC80k7GUqIELTT6D18NZg,Blended Jones Family,https://cn--xtb.noxinfluencer.com/youtube/channel/UCiSC80k7GUqIELTT6D18NZg,-24,badcase,娱乐搞笑家庭号，近期内容全不含婴儿营养/补剂场景
4881,UCv13ju0r3XV1aIj94g7deaQ,Tina Mai Cuộc Sống Mỹ,https://cn--xtb.noxinfluencer.com/youtube/channel/UCv13ju0r3XV1aIj94g7deaQ,-10,badcase,内容偏生活/旅游/美食，与婴儿补充剂推广无关
4882,UCKEGld_W4Qu9gyZdx8338nQ,Onna Slay,https://cn--xtb.noxinfluencer.com/youtube/channel/UCKEGld_W4Qu9gyZdx8338nQ,-10,badcase,娱乐发型频道，近10条多为家庭日常，缺少婴幼儿营养或补充剂语境
4883,UC4nrmavRsMmKQX4YeMPxOJw,PINKMAN,https://cn--xtb.noxinfluencer.com/youtube/channel/UC4nrmavRsMmKQX4YeMPxOJw,-25,badcase,体育娱乐短视频，和婴儿营养补充剂无关，近10条也无相关内容
4884,UC4cHAlpO0Aaib0KUnFxTX2g,Cutest Animals,https://cn--xtb.noxinfluencer.com/youtube/channel/UC4cHAlpO0Aaib0KUnFxTX2g,-25,badcase,动物娱乐频道，近期内容全是动物合集，不适合人类婴儿补充剂推广
4885,UCvJqrNjj35Phf1GvutKRkQQ,Balanced Living Wisdom,https://cn--xtb.noxinfluencer.com/youtube/channel/UCvJqrNjj35Phf1GvutKRkQQ,-8,badcase,仅有泛健康/自我护理弱相关，近期内容与婴幼儿补剂无关
4886,UCM653nhmUBLrvcgKDce_5xg,Luiza’s Magical World,https://cn--xtb.noxinfluencer.com/youtube/channel/UCM653nhmUBLrvcgKDce_5xg,-25,badcase,儿童歌曲/故事娱乐号，与婴儿营养补充剂推广场景明显不符
4887,UCr_JNZB7u1KCYgSC7iIdf9Q,Smart Jase,https://cn--xtb.noxinfluencer.com/youtube/channel/UCr_JNZB7u1KCYgSC7iIdf9Q,-14,badcase,宠物/动物短视频为主，和婴幼儿补充剂推广不匹配
4888,UCPJbKnMENUu6_N6J82sByHg,Tampa General Hospital,https://cn--xtb.noxinfluencer.com/youtube/channel/UCPJbKnMENUu6_N6J82sByHg,-5,badcase,医院健康号有产科线索，但近期内容偏泛医疗，缺少婴幼儿补剂场景
4889,UC9vMJ1Yetak2Vc4nDqBvpMQ,Flower tips from Elena,https://cn--xtb.noxinfluencer.com/youtube/channel/UC9vMJ1Yetak2Vc4nDqBvpMQ,-10,badcase,植物养护号，内容与婴幼儿补充剂推广无关
4890,UCkyYhvOls0l-i5kSnSysQuQ,Kenton & Habiba,https://cn--xtb.noxinfluencer.com/youtube/channel/UCkyYhvOls0l-i5kSnSysQuQ,-9,badcase,家庭生活号有轻微家长向，但缺少婴幼儿补剂场景
4892,UCAXD-awA5M_k6bONePMxAQw,ClassToon - Fun Education,https://cn--xtb.noxinfluencer.com/youtube/channel/UCAXD-awA5M_k6bONePMxAQw,-8,badcase,以儿童益智内容为主，缺少婴幼儿营养/补充剂语境
4893,UC7dVN684o8n-_CXKwEX7cPg,LadyBeemer,https://cn--xtb.noxinfluencer.com/youtube/channel/UC7dVN684o8n-_CXKwEX7cPg,-25,badcase,虚拟主播游戏流，受众与婴儿补充剂推广明显不符
4894,UCCvv7yvfGgd_k8f5yBMK-Qg,EXPLODING EGGS,https://cn--xtb.noxinfluencer.com/youtube/channel/UCCvv7yvfGgd_k8f5yBMK-Qg,-3,badcase,无婴儿营养或补充剂相关信号，近期内容为鸡蛋直播娱乐
4895,UChanecw_6s0jqqQVhueQ7YQ,"Dr. Taylor Bullock, MD | Dermatologist",https://cn--xtb.noxinfluencer.com/youtube/channel/UChanecw_6s0jqqQVhueQ7YQ,-8,badcase,皮肤科/医美内容为主，缺少婴儿营养或补充剂推广语境
4896,UCukZwbDTW5AyfpbOr6MLvQg,MindFuel,https://cn--xtb.noxinfluencer.com/youtube/channel/UCukZwbDTW5AyfpbOr6MLvQg,-9,badcase,健康食谱频道，缺少婴儿补剂/母婴营养场景，近10条也都不匹配
4897,UC92Gr9qv1cWGIcSibnCJTcg,RoRo Shreds,https://cn--xtb.noxinfluencer.com/youtube/channel/UC92Gr9qv1cWGIcSibnCJTcg,-8,badcase,亲子骑行号，只有弱育儿标签，近期内容也不支持婴儿补充剂推广
4898,UCAHBdgGvlyegjD8vbQpOBpg,Vastfit,https://cn--xtb.noxinfluencer.com/youtube/channel/UCAHBdgGvlyegjD8vbQpOBpg,-10,badcase,泛健康饮食号，无婴幼儿或育儿语境，近期也没有补充剂相关信号
4899,UCviXhTtEuURcv1U6vVoh_1A,Samaya Samachar,https://cn--xtb.noxinfluencer.com/youtube/channel/UCviXhTtEuURcv1U6vVoh_1A,-10,badcase,新闻访谈娱乐向频道，和婴儿补充剂的购买与使用场景不匹配
4900,UCRMNlHPJy0ocUSuGfeMINtg,Miss Laureana,https://cn--xtb.noxinfluencer.com/youtube/channel/UCRMNlHPJy0ocUSuGfeMINtg,-8,badcase,生活娱乐/家庭玩偶内容，缺少婴儿营养或护理购买意图
4901,UCdYIfA_OTih2--tbcKO0b5g,mayratouchofglam,https://cn--xtb.noxinfluencer.com/youtube/channel/UCdYIfA_OTih2--tbcKO0b5g,-17,badcase,主轴为美妆生活，婴幼儿营养/补剂意图不足
4902,UC4j_-IC5xN02o3h_YcOHQVQ,Fishycomics,https://cn--xtb.noxinfluencer.com/youtube/channel/UC4j_-IC5xN02o3h_YcOHQVQ,-8,badcase,产品评测频道，但与婴儿营养补充剂无直接相关
4904,UC6WiCKmQN7MN822xjdXuK0A,Lauren Stewart,https://cn--xtb.noxinfluencer.com/youtube/channel/UC6WiCKmQN7MN822xjdXuK0A,-10,badcase,偏不孕备孕与家庭生活，缺少婴儿营养/补剂推广语境
4905,UCwkX7UgIrLJTgmfLiRfByrw,NATORE FISH FARMING RESEARCH CENTER,https://cn--xtb.noxinfluencer.com/youtube/channel/UCwkX7UgIrLJTgmfLiRfByrw,-10,badcase,鱼类养殖与婴儿补充剂人群和场景完全不匹配
4906,UCJxwQR9hN0N58qSCww52SoQ,NoLaunchpad,https://cn--xtb.noxinfluencer.com/youtube/channel/UCJxwQR9hN0N58qSCww52SoQ,-25,badcase,纯娱乐搞笑频道，促销格式明显不匹配
4907,UCfMFvffzfLXhkjlAGavTczA,Not a Show Or Podcast,https://cn--xtb.noxinfluencer.com/youtube/channel/UCfMFvffzfLXhkjlAGavTczA,-10,badcase,以关系/生活方式内容为主，近10条几乎无婴幼儿补充剂相关信号
4908,UCNF4EqCBKVqVU6JSRD7Tvlg,Shefinity,https://cn--xtb.noxinfluencer.com/youtube/channel/UCNF4EqCBKVqVU6JSRD7Tvlg,-10,badcase,近期内容多为身体科普/泛健康，缺少婴儿营养或补剂购买语境
4909,UC-XBl6h_wiWpFnqoZpDKN5A,Inday Caryah,https://cn--xtb.noxinfluencer.com/youtube/channel/UC-XBl6h_wiWpFnqoZpDKN5A,-18,badcase,以短视频/宠物/娱乐为主，缺少婴儿营养或补充剂购买场景
4911,UC_9dmcMOs7VWzUnIwzX133A,Add To Cart Approved,https://cn--xtb.noxinfluencer.com/youtube/channel/UC_9dmcMOs7VWzUnIwzX133A,-10,badcase,近10条几乎全是非婴儿用品，缺少婴儿营养或育儿信号
4913,UCQ24TSMP4uqlRKxA0gMzIbA,ReazWg,https://cn--xtb.noxinfluencer.com/youtube/channel/UCQ24TSMP4uqlRKxA0gMzIbA,-18,badcase,娱乐搞笑频道，格式与婴儿补充剂推广明显不匹配
4915,UCykTiaMobl2EWW28zmjcznQ,Dr. Carlos Jaramillo,https://cn--xtb.noxinfluencer.com/youtube/channel/UCykTiaMobl2EWW28zmjcznQ,-10,badcase,健康频道偏成人医学，缺少婴幼儿喂养或营养场景
4916,UCsn_G56q-MwKFkNKHgPlkrg,the super tv,https://cn--xtb.noxinfluencer.com/youtube/channel/UCsn_G56q-MwKFkNKHgPlkrg,-22,badcase,宗教音乐内容为主，和婴儿补充剂推广场景不匹配
4917,UCYjF0MbDV2C-05xwVCGLRBQ,LA Food and Fun,https://cn--xtb.noxinfluencer.com/youtube/channel/UCYjF0MbDV2C-05xwVCGLRBQ,-10,badcase,以美食/超市测评为主，无婴儿补充剂语境，近10条全不匹配
4918,UC3xBXTQPVr6v44jwG37Ow2Q,Momo And Dad,https://cn--xtb.noxinfluencer.com/youtube/channel/UC3xBXTQPVr6v44jwG37Ow2Q,-25,badcase,玩具/娱乐/宠物故事号，明显不适合婴儿补充剂推广
4919,UCpAYUVeGChE4t8aqNes35Jw,Special Chef Monkey,https://cn--xtb.noxinfluencer.com/youtube/channel/UCpAYUVeGChE4t8aqNes35Jw,-25,badcase,动物ASMR/街食娱乐号，宝宝词只是角色设定，不适合婴儿补充剂
4920,UCIW-yx_xatDFTh3w2D3_iUQ,황여사Angela,https://cn--xtb.noxinfluencer.com/youtube/channel/UCIW-yx_xatDFTh3w2D3_iUQ,-9,badcase,成人饮食障碍恢复与减重话题，只有泛健康弱相关，近期内容全偏离
4921,UCNH8a5Fz0KpKiP8yc07hp7w,Desi,https://cn--xtb.noxinfluencer.com/youtube/channel/UCNH8a5Fz0KpKiP8yc07hp7w,-24,badcase,主域为美妆穿搭，缺少婴儿营养或补剂推广语境
4922,UCLjr-Qte07487gwdSld4uVw,PumKids TV,https://cn--xtb.noxinfluencer.com/youtube/channel/UCLjr-Qte07487gwdSld4uVw,-18,badcase,纯儿歌舞蹈娱乐号，和母婴补剂推广场景不匹配
4924,UCwkauvgk4GUy_aM3xSWuVkw,NICTA BEAUTY,https://cn--xtb.noxinfluencer.com/youtube/channel/UCwkauvgk4GUy_aM3xSWuVkw,-25,badcase,以成人模特/猎奇内容为主，不适合母婴补剂推广
4925,UC3Mx-YmP2TKKJGwl_V1d3ew,AllthingsAnner,https://cn--xtb.noxinfluencer.com/youtube/channel/UC3Mx-YmP2TKKJGwl_V1d3ew,-19,badcase,美妆/成人女性健康为主，缺少婴幼儿营养或护理场景
4926,UCC5jU7ID10iywmmMZIYdRmg,Morgan Taylor,https://cn--xtb.noxinfluencer.com/youtube/channel/UCC5jU7ID10iywmmMZIYdRmg,-20,badcase,主轴为美发假发与生活vlog，育儿信号弱，缺少婴儿营养/补剂语境
4928,UCtrgLPg-3BT3q_WApHmgPPw,Young Innovators Schools,https://cn--xtb.noxinfluencer.com/youtube/channel/UCtrgLPg-3BT3q_WApHmgPPw,-1,badcase,亲子教育相关但缺少婴儿营养/补剂购买或护理意图
4929,UCy5aR_rjkWFBrrCy895lLAA,F8 Well Centers,https://cn--xtb.noxinfluencer.com/youtube/channel/UCy5aR_rjkWFBrrCy895lLAA,-9,badcase,泛健康/自身免疫频道，缺少婴儿营养与购买意图
4930,UClXobIh4WzKoTEFDRciIudg,Malin Patix,https://cn--xtb.noxinfluencer.com/youtube/channel/UClXobIh4WzKoTEFDRciIudg,-25,badcase,纯喜剧娱乐频道，和婴儿补充剂推广的受众与格式都不符
4931,UC8lOd168tUl3-S3I0YNoH6g,Cooking Fame,https://cn--xtb.noxinfluencer.com/youtube/channel/UC8lOd168tUl3-S3I0YNoH6g,-8,badcase,泛健康饮食频道，缺少婴儿补充剂的营养或购买语境
4932,UCaHpmb9_dJvWTZkrDQwrJ6Q,Drew Addis,https://cn--xtb.noxinfluencer.com/youtube/channel/UCaHpmb9_dJvWTZkrDQwrJ6Q,-9,badcase,户外运动营养为主，和婴儿补充剂关联很弱
4934,UCDtit1Z0IqeDmgHgcOJZJjA,BeepSheep 🐏,https://cn--xtb.noxinfluencer.com/youtube/channel/UCDtit1Z0IqeDmgHgcOJZJjA,-35,badcase,娱乐音效频道，题材和卖货场景都不适合婴儿补充剂
4936,UCqGGuOEpr62ScH8Pjk2q5zw,VOKA 3D Anatomy & Pathology,https://cn--xtb.noxinfluencer.com/youtube/channel/UCqGGuOEpr62ScH8Pjk2q5zw,-10,badcase,医疗3D解剖偏专业科普，缺少母婴补充剂受众
4937,UCq8KR1lnewd5ZPx9_XKoubg,Johny FamilyShow,https://cn--xtb.noxinfluencer.com/youtube/channel/UCq8KR1lnewd5ZPx9_XKoubg,-20,badcase,儿童歌谣娱乐频道，缺少婴儿营养/补充剂购买语境
4938,UCCDiJt_tcuEu2LJLjqpTqMw,Stet & Tye,https://cn--xtb.noxinfluencer.com/youtube/channel/UCCDiJt_tcuEu2LJLjqpTqMw,-10,badcase,家庭Vlog为主，只有泛婴儿词，没有补充剂/营养意图
4939,UC-wDDdllFwMwNghvLpxa4cA,Little Meow - Nursery Rhymes & Baby Songs,https://cn--xtb.noxinfluencer.com/youtube/channel/UC-wDDdllFwMwNghvLpxa4cA,-19,badcase,婴儿歌谣娱乐为主，‘baby’仅弱相关，非补充剂内容
4940,UCuyoHlRKco8mqff8ekD6OTQ,Sheribail3,https://cn--xtb.noxinfluencer.com/youtube/channel/UCuyoHlRKco8mqff8ekD6OTQ,-10,badcase,食品/杂谈频道，和婴儿营养补充投放不匹配
4941,UCVNYw6ZGvK1_OhF8OG1OrKA,Kaelin Edwards,https://cn--xtb.noxinfluencer.com/youtube/channel/UCVNYw6ZGvK1_OhF8OG1OrKA,-10,badcase,家庭争议/泛生活频道，近期内容与婴儿补充剂无关
4942,UCoA-9i2AWoZeu02WZHlb81w,HP Beauty,https://cn--xtb.noxinfluencer.com/youtube/channel/UCoA-9i2AWoZeu02WZHlb81w,-10,badcase,时尚美妆短内容为主，缺少婴儿营养/补充剂语境
4943,UC7b4pfmjlMQmLSCIb220yhw,Prolon Fasting Nutrition Program,https://cn--xtb.noxinfluencer.com/youtube/channel/UC7b4pfmjlMQmLSCIb220yhw,-9,badcase,健康营养频道，但偏成人长寿/断食，缺少婴儿补充剂语境
4944,UC4dfCPNvonyCkfJS5X12NPA,Donkey Charlie & Baby Nugget,https://cn--xtb.noxinfluencer.com/youtube/channel/UC4dfCPNvonyCkfJS5X12NPA,-15,badcase,儿童娱乐/儿歌频道，和婴儿补充剂推广场景明显不符
4945,UCqQsxgRd7a9YSxKDlzyF_6Q,shekia world,https://cn--xtb.noxinfluencer.com/youtube/channel/UCqQsxgRd7a9YSxKDlzyF_6Q,-6,badcase,仅母婴家庭弱相关，近期无婴儿营养或补充剂内容
4947,UC6904ZlZUhkXEdUVO_MASgw,Ador,https://cn--xtb.noxinfluencer.com/youtube/channel/UC6904ZlZUhkXEdUVO_MASgw,-10,badcase,手工猫题材，最近全是猫/故事内容，和婴儿补充剂无关
4949,UCVVH57hAictDmZueelw_fHQ,Sabomaira,https://cn--xtb.noxinfluencer.com/youtube/channel/UCVVH57hAictDmZueelw_fHQ,-10,badcase,美妆穿搭频道，近期也都是鞋服和推广，无婴儿补充剂受众
4950,UC2S94DTXk0yo-5nLLtjBE7w,Longevity Lab AI,https://cn--xtb.noxinfluencer.com/youtube/channel/UC2S94DTXk0yo-5nLLtjBE7w,-10,badcase,成人血糖/长寿健康内容，和婴儿补充剂受众错位
4951,UCkfQ4KFh1VELpNOnlVATr6A,ProdByRahkim2.0,https://cn--xtb.noxinfluencer.com/youtube/channel/UCkfQ4KFh1VELpNOnlVATr6A,-10,badcase,音乐伴奏频道，标题里的Baby是艺名，不是婴儿产品场景
4953,UCl3jnyWvCulzsp6ls8Okbnw,The Dr. Darian Parker Podcast,https://cn--xtb.noxinfluencer.com/youtube/channel/UCl3jnyWvCulzsp6ls8Okbnw,-8,badcase,健康健身泛化，近期全是成人健身/商业议题，偏离婴儿补剂
4954,UCAw-GcMaj2UFK2Qi8j5-3Ng,Jessica Simpson,https://cn--xtb.noxinfluencer.com/youtube/channel/UCAw-GcMaj2UFK2Qi8j5-3Ng,1,badcase,仅有泛健康弱相关，内容偏母婴生活无婴幼儿营养/补剂意图
4955,UCAnrsYU8DxDvD-ghXrPN_qg,"Lakisha L. Simmons, PhD",https://cn--xtb.noxinfluencer.com/youtube/channel/UCAnrsYU8DxDvD-ghXrPN_qg,-10,badcase,成人美妆/测评和旅行为主，缺少母婴受众与婴儿补剂信号
4956,UCsu6frNQckq6plg_NNdhQ4A,Food Brands Exposed,https://cn--xtb.noxinfluencer.com/youtube/channel/UCsu6frNQckq6plg_NNdhQ4A,-10,badcase,以食品品牌审查为主，偏产品曝光，不够贴近婴儿补剂受众
4958,UCMITREfDvth__htJP_U4f9Q,Bill Campbell PhD,https://cn--xtb.noxinfluencer.com/youtube/channel/UCMITREfDvth__htJP_U4f9Q,-10,badcase,女性健身/减脂议题，和婴儿营养补充无关
4959,UCVZ2ioz-e8vuQPtxdYzuE2w,SkyGenius,https://cn--xtb.noxinfluencer.com/youtube/channel/UCVZ2ioz-e8vuQPtxdYzuE2w,-25,badcase,纯娱乐搞笑频道，和产品推广受众完全不匹配
4960,UCCJC4OX4irazSr4VDrvescA,Doug Miller,https://cn--xtb.noxinfluencer.com/youtube/channel/UCCJC4OX4irazSr4VDrvescA,-20,badcase,成人健美与补剂频道，非婴儿营养受众
4961,UCP5V-OK5jVD6tpswZ2DoiaQ,Vital Health Guide,https://cn--xtb.noxinfluencer.com/youtube/channel/UCP5V-OK5jVD6tpswZ2DoiaQ,-10,badcase,泛健康资讯号，缺少育儿/婴幼儿营养场景
4962,UCawy75QOlCIrB4FHe5PYIcg,NhacPro - Kids,https://cn--xtb.noxinfluencer.com/youtube/channel/UCawy75QOlCIrB4FHe5PYIcg,-30,badcase,儿童音乐娱乐频道，和婴儿营养补充剂推广场景不匹配
4963,UCEAvDicHWAwHPdUiS6jMw5w,gatito 504 honduritas,https://cn--xtb.noxinfluencer.com/youtube/channel/UCEAvDicHWAwHPdUiS6jMw5w,-20,badcase,政治生活类频道，缺少母婴/健康/购买导向信号
4964,UC2XicZodRtHqRilsJmKfc0w,love,https://cn--xtb.noxinfluencer.com/youtube/channel/UC2XicZodRtHqRilsJmKfc0w,-25,badcase,纯短视频娱乐号，无婴儿补充剂相关受众或场景
4966,UCuXxoSjRGWuZd668fd3ugtQ,SB life,https://cn--xtb.noxinfluencer.com/youtube/channel/UCuXxoSjRGWuZd668fd3ugtQ,-35,badcase,生活时尚短视频号，娱乐化强，缺少母婴产品推广场景
4967,UCKouOVrlM8QNvGIKFQlJlLA,Ganiyat,https://cn--xtb.noxinfluencer.com/youtube/channel/UCKouOVrlM8QNvGIKFQlJlLA,-7,badcase,母婴生活号，只有泛妈妈标签；近10条多为日常vlog，和婴儿补剂促销关联弱
4968,UCTVfqPb-XVFZB9W-mVZ7_1A,JulsWellnessWarrior,https://cn--xtb.noxinfluencer.com/youtube/channel/UCTVfqPb-XVFZB9W-mVZ7_1A,-23,badcase,频道聚焦减重/GLP-1，与婴儿补剂受众和场景明显不符
4969,UCA6NogYR0a2ynkNdGirf4MA,Shey Natural,https://cn--xtb.noxinfluencer.com/youtube/channel/UCA6NogYR0a2ynkNdGirf4MA,-7,badcase,母婴受众仅弱相关，近期内容全是健身/橄榄球，缺少婴儿补剂推广语境
4970,UCbFqcCxiCz_5nGBnf3CsZOA,Faith Matini,https://cn--xtb.noxinfluencer.com/youtube/channel/UCbFqcCxiCz_5nGBnf3CsZOA,-7,badcase,母婴相关信号很弱，近10条多为生活内容，不适合婴儿补充剂推广
4971,UChKuewv_LGcU79grXky3J4w,GLP-1 Hub,https://cn--xtb.noxinfluencer.com/youtube/channel/UChKuewv_LGcU79grXky3J4w,-8,badcase,成人减重健康号，缺少婴童营养场景，近10条内容均与婴儿补充剂不匹配
4972,UCdPp_dREBYepRppRkL9bEgA,Mark Freedom,https://cn--xtb.noxinfluencer.com/youtube/channel/UCdPp_dREBYepRppRkL9bEgA,-9,badcase,泛健康/评测频道，近期均为非婴儿品类商品内容，不适合婴儿补剂推广
4973,UCLDVeBcvGkhEkjMhAi6T6ZQ,Pet Story,https://cn--xtb.noxinfluencer.com/youtube/channel/UCLDVeBcvGkhEkjMhAi6T6ZQ,-20,badcase,宠物直播猫频道，受众与人类婴儿补剂完全不相干，属排斥类
4974,UC0NnG_cUesuyVezDZogEGkQ,WEN® by Chaz Dean,https://cn--xtb.noxinfluencer.com/youtube/channel/UC0NnG_cUesuyVezDZogEGkQ,-10,badcase,发型美护促销号，近期全是护发售卖内容，与婴儿补剂目标不符
4976,UCp5kIxv1QWlcpys3akz3QyQ,Fitness Freak,https://cn--xtb.noxinfluencer.com/youtube/channel/UCp5kIxv1QWlcpys3akz3QyQ,-9,badcase,健身减脂内容为主，目标受众和婴儿补剂场景都不匹配
4977,UCVJabLlAYojGBePsYAPieUQ,ChancyFit,https://cn--xtb.noxinfluencer.com/youtube/channel/UCVJabLlAYojGBePsYAPieUQ,-9,badcase,健身频道，只有泛健康标签，近10条全是训练减脂内容，与婴儿补剂无关
4978,UCWltt-7JK8k6IZjtuKzEdVA,지인언니New Yorker Jiin,https://cn--xtb.noxinfluencer.com/youtube/channel/UCWltt-7JK8k6IZjtuKzEdVA,-10,badcase,美妆生活频道，近期都是护肤和成人保健内容，与婴儿补剂不匹配
4979,UCMUOHUUZL5aqw8vgZpA0jYg,Hokatoon,https://cn--xtb.noxinfluencer.com/youtube/channel/UCMUOHUUZL5aqw8vgZpA0jYg,-25,badcase,AI动物剧情短片，纯娱乐型内容，和婴儿补剂推广完全不匹配
4980,UCD2UGnUF7Bb7fqo6RrGlQbg,BNTB ALLWIN,https://cn--xtb.noxinfluencer.com/youtube/channel/UCD2UGnUF7Bb7fqo6RrGlQbg,-25,badcase,综艺式挤痘/摔跤频道，内容偏娱乐消遣，和婴儿补剂不相关
4981,UCfOc-5FcQLJeoFZ5wyjWYmg,Funny Dog Bailey,https://cn--xtb.noxinfluencer.com/youtube/channel/UCfOc-5FcQLJeoFZ5wyjWYmg,-25,badcase,宠物狗娱乐频道，近10条都是狗和婴儿互动，缺少婴儿补剂语境
4982,UCG0go5adTJi1eL9auoREJRw,MrsKline Crafts,https://cn--xtb.noxinfluencer.com/youtube/channel/UCG0go5adTJi1eL9auoREJRw,-10,badcase,主内容是钩织婴儿鞋，和婴儿补充剂的营养/健康推广场景不匹配
4983,UCb62Li_4AbLuqj8wlO6ILQQ,FuNNy Ai sLoP viDeOs,https://cn--xtb.noxinfluencer.com/youtube/channel/UCb62Li_4AbLuqj8wlO6ILQQ,-25,badcase,游戏/AI搞笑频道，娱乐型内容与婴儿补充剂推广明显不适配
4984,UCWcthZetBoyCv20ooakBWSA,Kate Li,https://cn--xtb.noxinfluencer.com/youtube/channel/UCWcthZetBoyCv20ooakBWSA,-10,badcase,频道以大学生活/时尚/vlog为主，缺少婴儿营养或补剂推广语境
4985,UCZoivPZzrNU-cJc0jWgFiwg,Remedios Con Dr. Aris,https://cn--xtb.noxinfluencer.com/youtube/channel/UCZoivPZzrNU-cJc0jWgFiwg,-9,badcase,成人自然疗法频道，缺少婴儿营养/护理语境，近10条全为成人健康内容
4986,UCnQ0ox2qtSq7C0fQQgeZG7Q,Coolz Candy,https://cn--xtb.noxinfluencer.com/youtube/channel/UCnQ0ox2qtSq7C0fQQgeZG7Q,-25,badcase,ASMR糖果吃播型频道，属于强格式错配，不适合推婴儿补充剂
4987,UCCzf5IVgtjQ2nN7AmDoljHg,Teas Lifestyle,https://cn--xtb.noxinfluencer.com/youtube/channel/UCCzf5IVgtjQ2nN7AmDoljHg,-10,badcase,以餐食/生活方式为主，缺少婴儿营养或补充剂场景
4988,UCEkOh_ubVkAjq2ib5MMTh1w,Buterajm,https://cn--xtb.noxinfluencer.com/youtube/channel/UCEkOh_ubVkAjq2ib5MMTh1w,-15,badcase,娱乐搞笑与穿搭为主，和婴儿补充剂推广场景不符
4989,UC_86eC_7prO8MB2oA0yXafQ,Mi princesa azul(familia Batista),https://cn--xtb.noxinfluencer.com/youtube/channel/UC_86eC_7prO8MB2oA0yXafQ,-20,badcase,家庭搞笑日常为主，缺少母婴营养或育儿产品语境
4990,UCYe30WGMv4zfohZ2Kjs63vA,NINGKAIUS,https://cn--xtb.noxinfluencer.com/youtube/channel/UCYe30WGMv4zfohZ2Kjs63vA,-35,badcase,AI短视频和野生动物内容，格式与婴儿补充剂推广强不匹配
4994,UCGoMMFFJHGtiEcrHz1cJsuQ,Poppin'Cents,https://cn--xtb.noxinfluencer.com/youtube/channel/UCGoMMFFJHGtiEcrHz1cJsuQ,-25,badcase,ASMR+手作便当为主，明显不适合婴儿补充剂推广
4995,UCbe3NUOW7cdFMJblNNO0EkA,Hatch for Sleep,https://cn--xtb.noxinfluencer.com/youtube/channel/UCbe3NUOW7cdFMJblNNO0EkA,-25,badcase,睡眠声/白噪音类内容，和婴儿补充剂促销格式不匹配
4996,UCJIuhO1GwbGyUSDVT-BGfFQ,Puppy Kitty Baby,https://cn--xtb.noxinfluencer.com/youtube/channel/UCJIuhO1GwbGyUSDVT-BGfFQ,-25,badcase,宠物/搞笑动物号，和人类婴儿补充剂受众不符
4997,UCsI_a2sq9R0jUAxjawltCUg,Monkey BinBin168,https://cn--xtb.noxinfluencer.com/youtube/channel/UCsI_a2sq9R0jUAxjawltCUg,-25,badcase,动物/宠物猴类内容，和人类婴儿补充剂投放对象完全不符
4998,UCWnUwkADJaBLtC9TgZVbvbQ,Dr. Mario Martinez,https://cn--xtb.noxinfluencer.com/youtube/channel/UCWnUwkADJaBLtC9TgZVbvbQ,-8,badcase,健康播客偏成人长寿/排毒话题，缺少婴幼儿营养场景
4999,UC7LemXaXftnYNX6jvhfYRTA,The Loving Diet,https://cn--xtb.noxinfluencer.com/youtube/channel/UC7LemXaXftnYNX6jvhfYRTA,-10,badcase,GLP-1减重研究内容为主，和婴儿补充剂投放无关
5002,UCQkYGSNGjNctlFvGQpIYvgQ,Ginger Adventure Reviews,https://cn--xtb.noxinfluencer.com/youtube/channel/UCQkYGSNGjNctlFvGQpIYvgQ,-10,badcase,以泛测评和婴童用品为主，缺少婴儿营养/补充剂信号
5003,UCGoMMFFJHGtiEcrHz1cJsuQ,Poppin'Cents,https://cn--xtb.noxinfluencer.com/youtube/channel/UCGoMMFFJHGtiEcrHz1cJsuQ,-21,badcase,以便当/ASMR为主，缺少婴儿营养或补充剂语境，推广不匹配
5004,UCJIuhO1GwbGyUSDVT-BGfFQ,Puppy Kitty Baby,https://cn--xtb.noxinfluencer.com/youtube/channel/UCJIuhO1GwbGyUSDVT-BGfFQ,-25,badcase,动物娱乐频道，非人类宝宝补充剂推广场景，近期内容全不匹配
5005,UCKZnGVisqkI6eiFLpK-K1Hw,FreshDirect,https://cn--xtb.noxinfluencer.com/youtube/channel/UCKZnGVisqkI6eiFLpK-K1Hw,-10,badcase,频道是料理美食内容，和婴儿补充剂推广场景不匹配
5006,UCdgbXsFAfH6mAokYqOThaSQ,TOKIT,https://cn--xtb.noxinfluencer.com/youtube/channel/UCdgbXsFAfH6mAokYqOThaSQ,-10,badcase,频道主打烹饪家电内容，与婴儿补充剂目标人群无关，近10条均不匹配
5007,UCWnUwkADJaBLtC9TgZVbvbQ,Dr. Mario Martinez,https://cn--xtb.noxinfluencer.com/youtube/channel/UCWnUwkADJaBLtC9TgZVbvbQ,-8,badcase,仅有泛健康/食品标签，近10条内容都偏通识健康话题，缺少婴儿营养或补剂购买意图
5008,UCvT1zhFIzxQLRSuFuaFPQCg,INDUSTRIA COSMETICA B2B,https://cn--xtb.noxinfluencer.com/youtube/channel/UCvT1zhFIzxQLRSuFuaFPQCg,-20,badcase,B2B化妆品内容，和婴儿补剂推广无关，近期全不匹配
5009,UC6YSUDmPsFtJ-G0JEIHUbpw,Eatsmax,https://cn--xtb.noxinfluencer.com/youtube/channel/UC6YSUDmPsFtJ-G0JEIHUbpw,-10,badcase,近期内容以旅行、美食、修车为主，与婴儿补充剂推广无关
5010,UC7LemXaXftnYNX6jvhfYRTA,The Loving Diet,https://cn--xtb.noxinfluencer.com/youtube/channel/UC7LemXaXftnYNX6jvhfYRTA,-10,badcase,近10条均为GLP-1/糖尿病研究，缺少婴幼儿补剂相关信号
5011,UCqPxIJ-KP6ifH-oyFZYkz-w,Marina Blackford,https://cn--xtb.noxinfluencer.com/youtube/channel/UCqPxIJ-KP6ifH-oyFZYkz-w,-19,badcase,频道主轴是乳腺癌康复，与婴儿补充剂受众明显不符
5012,UC7cRm7uqw96_0DuX1M6Ztpw,Animals Around Us,https://cn--xtb.noxinfluencer.com/youtube/channel/UC7cRm7uqw96_0DuX1M6Ztpw,-25,badcase,儿童儿歌/娱乐频道，与婴幼儿补充剂促销场景明显不符
5013,UCnVRuU0conY38Q4h-JGViWA,"엄마, 내가 알려줄게",https://cn--xtb.noxinfluencer.com/youtube/channel/UCnVRuU0conY38Q4h-JGViWA,-9,badcase,教程/AI为主，近期仅少量孕期内容，母婴补充剂推广关联弱
5014,UCZDADIh7jgCGbRORtXMwMnA,Deal or Dud - Cris Reviews,https://cn--xtb.noxinfluencer.com/youtube/channel/UCZDADIh7jgCGbRORtXMwMnA,-10,badcase,近10条均为成人产品测评，缺少婴儿营养/护理语境
5015,UC_XeZe2JKzZtLZSWqNO9hdQ,Fearless and Fabulous,https://cn--xtb.noxinfluencer.com/youtube/channel/UC_XeZe2JKzZtLZSWqNO9hdQ,-7,badcase,仅有泛健康/测评标签，缺少婴幼儿营养与喂养意图，近10条内容均不匹配
5016,UCXZ2_6VSgq7SQCIQdiKVOxw,Madilynn Cameron,https://cn--xtb.noxinfluencer.com/youtube/channel/UCXZ2_6VSgq7SQCIQdiKVOxw,-8,badcase,仅有母亲/健康泛标签，近10条内容多为生活杂谈，和婴儿补充剂推广不匹配
5017,UC4w20dXVKYd9A81PTNkyzXQ,Egg Whisperer Show,https://cn--xtb.noxinfluencer.com/youtube/channel/UC4w20dXVKYd9A81PTNkyzXQ,-10,badcase,内容聚焦不孕不育和生育治疗，与婴儿补充剂推广不相关
5019,UCQrjyFJojRTkNkZSKw-TLqw,publiGlobal,https://cn--xtb.noxinfluencer.com/youtube/channel/UCQrjyFJojRTkNkZSKw-TLqw,-10,badcase,施工、营销、家居类频道，与婴儿补充剂受众不符
5020,UC8AW9jNthB4z4Kdy7zfQebA,Tiny Culture,https://cn--xtb.noxinfluencer.com/youtube/channel/UC8AW9jNthB4z4Kdy7zfQebA,-8,badcase,以迷你美食和果蔬健康内容为主，和婴儿补充剂缺少直接关联
5021,UCiSC80k7GUqIELTT6D18NZg,Blended Jones Family,https://cn--xtb.noxinfluencer.com/youtube/channel/UCiSC80k7GUqIELTT6D18NZg,-10,badcase,仅有泛baby词，近10条全是家庭娱乐，缺少婴儿营养/护理相关内容
5022,UCv13ju0r3XV1aIj94g7deaQ,Tina Mai Cuộc Sống Mỹ,https://cn--xtb.noxinfluencer.com/youtube/channel/UCv13ju0r3XV1aIj94g7deaQ,-9,badcase,生活旅游频道，近10条内容与婴儿补充剂无关
5023,UCKEGld_W4Qu9gyZdx8338nQ,Onna Slay,https://cn--xtb.noxinfluencer.com/youtube/channel/UCKEGld_W4Qu9gyZdx8338nQ,-10,badcase,娱乐美发家庭内容，Baby仅弱相关，缺少婴儿营养/补剂语境
5024,UCRWah1jxlbDs9dMXyb3MaFQ,maximpulse,https://cn--xtb.noxinfluencer.com/youtube/channel/UCRWah1jxlbDs9dMXyb3MaFQ,-10,badcase,以 ivermectin/DIY 为主，近10条无婴儿营养场景
5025,UCCe8MXyjofJ_826N8G6z6OQ,Javvy,https://cn--xtb.noxinfluencer.com/youtube/channel/UCCe8MXyjofJ_826N8G6z6OQ,-8,badcase,咖啡/蛋白饮品号，缺少婴儿营养与育儿场景
5026,UC4nrmavRsMmKQX4YeMPxOJw,PINKMAN,https://cn--xtb.noxinfluencer.com/youtube/channel/UC4nrmavRsMmKQX4YeMPxOJw,-30,badcase,足球娱乐+ASMR，属于明显格式错配
5027,UC4cHAlpO0Aaib0KUnFxTX2g,Cutest Animals,https://cn--xtb.noxinfluencer.com/youtube/channel/UC4cHAlpO0Aaib0KUnFxTX2g,-25,badcase,动物娱乐频道，且含宠物犬标签，与人类婴儿补剂推广明显不匹配
5029,UCM653nhmUBLrvcgKDce_5xg,Luiza’s Magical World,https://cn--xtb.noxinfluencer.com/youtube/channel/UCM653nhmUBLrvcgKDce_5xg,-25,badcase,儿童歌谣故事频道，属于娱乐型内容，不适合婴儿补剂推广
5030,UCr_JNZB7u1KCYgSC7iIdf9Q,Smart Jase,https://cn--xtb.noxinfluencer.com/youtube/channel/UCr_JNZB7u1KCYgSC7iIdf9Q,-14,badcase,以动物园、宠物、玩具和生活短视频为主，缺少婴幼儿营养健康语境
5032,UC9vMJ1Yetak2Vc4nDqBvpMQ,Flower tips from Elena,https://cn--xtb.noxinfluencer.com/youtube/channel/UC9vMJ1Yetak2Vc4nDqBvpMQ,-10,badcase,花卉园艺账号，最近10条全是植物养护，和婴儿补充剂基本无关
5033,UC3CT7cswFvruLkoVV4_Sbkg,LITTLE EVA,https://cn--xtb.noxinfluencer.com/youtube/channel/UC3CT7cswFvruLkoVV4_Sbkg,-9,badcase,宗教/乌鸦主题与婴儿营养补剂推广不符，仅有儿童日常弱场景
5034,UCdPn_Bp-kRqjfejd-cTggiA,irenefomanimani,https://cn--xtb.noxinfluencer.com/youtube/channel/UCdPn_Bp-kRqjfejd-cTggiA,-10,badcase,美妆时尚频道，近期全是化妆品和穿搭，不适合婴儿补充剂推广
5035,UCAXD-awA5M_k6bONePMxAQw,ClassToon - Fun Education,https://cn--xtb.noxinfluencer.com/youtube/channel/UCAXD-awA5M_k6bONePMxAQw,-4,badcase,儿童绘画DIY频道，仅kids弱相关，缺少婴儿营养/护理/补剂意图
5036,UCXU1-QaY3nhu37KIv17cnRQ,Forum Health,https://cn--xtb.noxinfluencer.com/youtube/channel/UCXU1-QaY3nhu37KIv17cnRQ,-8,badcase,泛健康成人内容，无婴幼儿营养或补充剂推广语境
5037,UCxKhMgVAVEqz0IOfRCqaovA,Ximena,https://cn--xtb.noxinfluencer.com/youtube/channel/UCxKhMgVAVEqz0IOfRCqaovA,-5,badcase,母婴泛标签但内容偏剧情搞笑，补剂推广相关性弱且近10条都不匹配
5038,UCDEDj0p8tRP9LYSH7BWajOQ,Nzinga Imani,https://cn--xtb.noxinfluencer.com/youtube/channel/UCDEDj0p8tRP9LYSH7BWajOQ,-8,badcase,以时尚娱乐为主，近期多为音乐/孕期内容，与婴儿补充剂推广不匹配
5039,UC7dVN684o8n-_CXKwEX7cPg,LadyBeemer,https://cn--xtb.noxinfluencer.com/youtube/channel/UC7dVN684o8n-_CXKwEX7cPg,-25,badcase,游戏VTuber娱乐频道，与婴儿补充剂推广场景明显不符
5040,UCCvv7yvfGgd_k8f5yBMK-Qg,EXPLODING EGGS,https://cn--xtb.noxinfluencer.com/youtube/channel/UCCvv7yvfGgd_k8f5yBMK-Qg,-3,badcase,频道为爆蛋直播内容，与婴儿补充剂推广无关，近期内容全不匹配
5041,UChanecw_6s0jqqQVhueQ7YQ,"Dr. Taylor Bullock, MD | Dermatologist",https://cn--xtb.noxinfluencer.com/youtube/channel/UChanecw_6s0jqqQVhueQ7YQ,-8,badcase,皮肤医美频道，几乎无婴儿营养/补充剂内容，近期内容也不匹配
5042,UCAHBdgGvlyegjD8vbQpOBpg,Vastfit,https://cn--xtb.noxinfluencer.com/youtube/channel/UCAHBdgGvlyegjD8vbQpOBpg,-10,badcase,健康饮食泛内容，缺少婴儿补充剂受众与购买意图
5043,UCviXhTtEuURcv1U6vVoh_1A,Samaya Samachar,https://cn--xtb.noxinfluencer.com/youtube/channel/UCviXhTtEuURcv1U6vVoh_1A,-9,badcase,新闻访谈泛娱乐，和婴儿补充剂推广几乎无关
5044,UCqjaVLlcwT5IlUJuaz9sYcA,Patty Shukla - Nursery Rhymes and Preschool videos,https://cn--xtb.noxinfluencer.com/youtube/channel/UCqjaVLlcwT5IlUJuaz9sYcA,-9,badcase,儿童音乐频道仅有弱受众重叠，缺少母婴补充语境
5045,UCGiE7MzolL4-iALYimwCoPg,31Five,https://cn--xtb.noxinfluencer.com/youtube/channel/UCGiE7MzolL4-iALYimwCoPg,-25,badcase,娱乐/政治频道，无婴儿营养或补充剂推广语境
5046,UCRMNlHPJy0ocUSuGfeMINtg,Miss Laureana,https://cn--xtb.noxinfluencer.com/youtube/channel/UCRMNlHPJy0ocUSuGfeMINtg,-9,badcase,仅有food弱相关，近期多为生日、玩具、家庭 vlog，缺少婴儿营养/补剂语境
5047,UCoS7B7baX2z5fzzRFdZ6eHw,Meet Thee Lovato’s,https://cn--xtb.noxinfluencer.com/youtube/channel/UCoS7B7baX2z5fzzRFdZ6eHw,-7,badcase,标签泛化，近10条多为无关内容，仅少量母婴线索不足以支撑推广
5048,UCDCMz5SwHz6Byp-ycI6-2-A,DaraKaye,https://cn--xtb.noxinfluencer.com/youtube/channel/UCDCMz5SwHz6Byp-ycI6-2-A,-8,badcase,近期内容多为美妆和生活方式，与婴儿补充剂推广不相关
5049,UCPyMN8DzkFl2__xnTEiGZ1w,RegisteredNurseRN,https://cn--xtb.noxinfluencer.com/youtube/channel/UCPyMN8DzkFl2__xnTEiGZ1w,-8,badcase,护理教育频道，和婴儿补充剂推广缺少直接受众与购买意图
5050,UCLMgRaFIXdXGW-Q8xBq_K8g,Monkey XuKa,https://cn--xtb.noxinfluencer.com/youtube/channel/UCLMgRaFIXdXGW-Q8xBq_K8g,-25,badcase,动物猴子娱乐号，与人用婴儿补剂受众和用途明显不符
5051,UCuXxoSjRGWuZd668fd3ugtQ,SB life,https://cn--xtb.noxinfluencer.com/youtube/channel/UCuXxoSjRGWuZd668fd3ugtQ,-25,badcase,娱乐短视频生活方式号，与婴儿补剂推广无关，缺少母婴/营养信号
5052,UCHxVYAYEIaU4aqelAGQhfJA,Arphel C,https://cn--xtb.noxinfluencer.com/youtube/channel/UCHxVYAYEIaU4aqelAGQhfJA,-8,badcase,泛健康健身号，缺少婴幼儿营养/护理语境，近期内容也基本不匹配
5054,UChKuewv_LGcU79grXky3J4w,GLP-1 Hub,https://cn--xtb.noxinfluencer.com/youtube/channel/UChKuewv_LGcU79grXky3J4w,-8,badcase,补剂与营养相关，但频道聚焦GLP-1减重成人，不适合婴儿补充品
5055,UCdPp_dREBYepRppRkL9bEgA,Mark Freedom,https://cn--xtb.noxinfluencer.com/youtube/channel/UCdPp_dREBYepRppRkL9bEgA,-2,badcase,泛评测健康频道，但无母婴/婴儿营养语境，近期多为车和成人用品
5057,UCLDVeBcvGkhEkjMhAi6T6ZQ,Pet Story,https://cn--xtb.noxinfluencer.com/youtube/channel/UCLDVeBcvGkhEkjMhAi6T6ZQ,-15,badcase,宠物猫直播与人类婴儿营养品受众完全不符
5058,UCp5kIxv1QWlcpys3akz3QyQ,Fitness Freak,https://cn--xtb.noxinfluencer.com/youtube/channel/UCp5kIxv1QWlcpys3akz3QyQ,-9,badcase,健身测评频道只有泛健康信号，缺少婴儿喂养场景
5059,UCnhOjjv648nUT4H3O1dBMew,Zee Pet Animals,https://cn--xtb.noxinfluencer.com/youtube/channel/UCnhOjjv648nUT4H3O1dBMew,-25,badcase,宠物+ASMR频道，且近期内容杂乱，明显不适合推广
5060,UCVJabLlAYojGBePsYAPieUQ,ChancyFit,https://cn--xtb.noxinfluencer.com/youtube/channel/UCVJabLlAYojGBePsYAPieUQ,-9,badcase,健身训练内容仅泛健康，和婴儿补充剂缺少场景关联
5061,UCDk320xXO26FwqJvikzSJjg,A. Girs,https://cn--xtb.noxinfluencer.com/youtube/channel/UCDk320xXO26FwqJvikzSJjg,-10,badcase,美食生活频道以烹饪烘焙为主，和婴儿补充剂关联弱
5062,UCMUOHUUZL5aqw8vgZpA0jYg,Hokatoon,https://cn--xtb.noxinfluencer.com/youtube/channel/UCMUOHUUZL5aqw8vgZpA0jYg,-22,badcase,动物剧情短片，和婴儿营养补剂推广完全不相关
5063,UCpWYm79u3nJFCo9nmYsdtDA,Autism Children Support,https://cn--xtb.noxinfluencer.com/youtube/channel/UCpWYm79u3nJFCo9nmYsdtDA,-9,badcase,自闭症教育支持为主，和婴儿补剂仅有很弱泛健康关联
5064,UCD2UGnUF7Bb7fqo6RrGlQbg,BNTB ALLWIN,https://cn--xtb.noxinfluencer.com/youtube/channel/UCD2UGnUF7Bb7fqo6RrGlQbg,-25,badcase,以娱乐摔角和挤痘为主，明显不适合婴儿补剂投放
5065,UC-Ztdbfd0hJyVt7hWhfQvzw,Chad Kempel,https://cn--xtb.noxinfluencer.com/youtube/channel/UC-Ztdbfd0hJyVt7hWhfQvzw,-3,badcase,家庭育儿弱相关，但缺少婴儿营养/补剂语境，近作偏心理和个人故事
5066,UCfOc-5FcQLJeoFZ5wyjWYmg,Funny Dog Bailey,https://cn--xtb.noxinfluencer.com/youtube/channel/UCfOc-5FcQLJeoFZ5wyjWYmg,-25,badcase,宠物狗内容为主，动物受众不适合人类婴儿补剂
5067,UCG0go5adTJi1eL9auoREJRw,MrsKline Crafts,https://cn--xtb.noxinfluencer.com/youtube/channel/UCG0go5adTJi1eL9auoREJRw,-10,badcase,手作钩织频道，近10条全是婴儿鞋教程，与婴儿补充剂推广不符
5068,UCin5dnREezFIJBjdHsG0TUA,TN ART,https://cn--xtb.noxinfluencer.com/youtube/channel/UCin5dnREezFIJBjdHsG0TUA,-10,badcase,钩织与玩偶教程为主，少量育儿内容不足以支撑婴儿补充剂推广
5069,UCiPwA6fAoT2Rmi_l6e6jeKA,Alis Tsheej Official Channel,https://cn--xtb.noxinfluencer.com/youtube/channel/UCiPwA6fAoT2Rmi_l6e6jeKA,-25,badcase,纯音乐娱乐内容，属于明显错位的推广场景
5070,UCWcthZetBoyCv20ooakBWSA,Kate Li,https://cn--xtb.noxinfluencer.com/youtube/channel/UCWcthZetBoyCv20ooakBWSA,-10,badcase,泛生活/校园/时尚频道，缺少婴儿营养或育儿补充剂语境
5071,UCZoivPZzrNU-cJc0jWgFiwg,Remedios Con Dr. Aris,https://cn--xtb.noxinfluencer.com/youtube/channel/UCZoivPZzrNU-cJc0jWgFiwg,-9,badcase,健康养生号有泛健康相关性，但内容偏成人偏方，和婴儿补充剂不匹配
5072,UCcrAG9d_PifNP78aaJe5S2A,Tiki Taki KIDS,https://cn--xtb.noxinfluencer.com/youtube/channel/UCcrAG9d_PifNP78aaJe5S2A,-9,badcase,儿童娱乐为主，缺少婴儿营养/补充剂购买场景
5073,UCnQ0ox2qtSq7C0fQQgeZG7Q,Coolz Candy,https://cn--xtb.noxinfluencer.com/youtube/channel/UCnQ0ox2qtSq7C0fQQgeZG7Q,-25,badcase,ASMR糖果频道，强格式不匹配婴儿补充剂推广
5074,UC2sXkXBWd51cpk_5nyUha2w,Tracy Campoli,https://cn--xtb.noxinfluencer.com/youtube/channel/UC2sXkXBWd51cpk_5nyUha2w,-9,badcase,健身美妆向，面向成人女性，和婴儿补充剂不符
5075,UCimg8dMA2adpFbRuXOOy7IA,LittleForBig,https://cn--xtb.noxinfluencer.com/youtube/channel/UCimg8dMA2adpFbRuXOOy7IA,-25,badcase,成人cosplay/ABDL风格，和婴儿补充剂受众冲突
5077,UC_86eC_7prO8MB2oA0yXafQ,Mi princesa azul(familia Batista),https://cn--xtb.noxinfluencer.com/youtube/channel/UC_86eC_7prO8MB2oA0yXafQ,-20,badcase,以家庭娱乐日常为主，无婴儿营养或补充剂推广语境
5078,UCb2O3Qk7pmwa2WDrsgcWLSQ,Jeffrey Mutis,https://cn--xtb.noxinfluencer.com/youtube/channel/UCb2O3Qk7pmwa2WDrsgcWLSQ,-10,badcase,科技开箱测评，和婴儿补充剂受众不重叠
5080,UC2CCW2vWbmf-1KneWftvKIA,uzzal restoration,https://cn--xtb.noxinfluencer.com/youtube/channel/UC2CCW2vWbmf-1KneWftvKIA,-22,badcase,医疗科普+ASMR/恢复类，和婴儿补充剂推广不匹配
5083,UCGoMMFFJHGtiEcrHz1cJsuQ,Poppin'Cents,https://cn--xtb.noxinfluencer.com/youtube/channel/UCGoMMFFJHGtiEcrHz1cJsuQ,-19,badcase,ASMR/开箱为主，母婴补剂推广场景不匹配
5084,UCJIuhO1GwbGyUSDVT-BGfFQ,Puppy Kitty Baby,https://cn--xtb.noxinfluencer.com/youtube/channel/UCJIuhO1GwbGyUSDVT-BGfFQ,-25,badcase,宠物/动物娱乐号，对人类婴儿补剂明显不适配
5085,UCKZnGVisqkI6eiFLpK-K1Hw,FreshDirect,https://cn--xtb.noxinfluencer.com/youtube/channel/UCKZnGVisqkI6eiFLpK-K1Hw,-10,badcase,生鲜食谱号，缺少婴儿营养/补剂购买意图
5086,UCdgbXsFAfH6mAokYqOThaSQ,TOKIT,https://cn--xtb.noxinfluencer.com/youtube/channel/UCdgbXsFAfH6mAokYqOThaSQ,-10,badcase,烹饪电器内容，和婴儿补剂推广相关性很弱
5087,UCWnUwkADJaBLtC9TgZVbvbQ,Dr. Mario Martinez,https://cn--xtb.noxinfluencer.com/youtube/channel/UCWnUwkADJaBLtC9TgZVbvbQ,-9,badcase,健康泛题频道，只有弱相关，近10条均无婴儿营养场景
5088,UCvT1zhFIzxQLRSuFuaFPQCg,INDUSTRIA COSMETICA B2B,https://cn--xtb.noxinfluencer.com/youtube/channel/UCvT1zhFIzxQLRSuFuaFPQCg,-10,badcase,化妆品B2B行业号，与婴儿补充剂目标人群不匹配
5089,UC6YSUDmPsFtJ-G0JEIHUbpw,Eatsmax,https://cn--xtb.noxinfluencer.com/youtube/channel/UC6YSUDmPsFtJ-G0JEIHUbpw,-10,badcase,旅行生活记录号，和婴儿营养推广几乎无关
5090,UCCFgTQNNKnuiP1g4FjqG7QA,মাছপাখির ঠিকানা,https://cn--xtb.noxinfluencer.com/youtube/channel/UCCFgTQNNKnuiP1g4FjqG7QA,-20,badcase,宠物水族与牲畜内容，属于动物赛道，和人类婴儿补充剂互斥
5091,UCqPxIJ-KP6ifH-oyFZYkz-w,Marina Blackford,https://cn--xtb.noxinfluencer.com/youtube/channel/UCqPxIJ-KP6ifH-oyFZYkz-w,-9,badcase,癌症康复支持号，和婴儿补充剂的受众完全不符
5092,UCnVRuU0conY38Q4h-JGViWA,"엄마, 내가 알려줄게",https://cn--xtb.noxinfluencer.com/youtube/channel/UCnVRuU0conY38Q4h-JGViWA,-10,badcase,频道以YouTube教程/科技为主，近10条几乎都与婴童营养无关
5093,UC_XeZe2JKzZtLZSWqNO9hdQ,Fearless and Fabulous,https://cn--xtb.noxinfluencer.com/youtube/channel/UC_XeZe2JKzZtLZSWqNO9hdQ,-8,badcase,女性健康/泛健康频道，缺少婴童、喂养或母婴购买语境
5094,UCXZ2_6VSgq7SQCIQdiKVOxw,Madilynn Cameron,https://cn--xtb.noxinfluencer.com/youtube/channel/UCXZ2_6VSgq7SQCIQdiKVOxw,-23,badcase,娱乐短剧/日常vlog为主，母亲标签弱且近10条几乎全不匹配
5095,UC4w20dXVKYd9A81PTNkyzXQ,Egg Whisperer Show,https://cn--xtb.noxinfluencer.com/youtube/channel/UC4w20dXVKYd9A81PTNkyzXQ,-9,badcase,生殖/IVF内容偏备孕，不是婴幼儿补充剂受众
5096,UCQrjyFJojRTkNkZSKw-TLqw,publiGlobal,https://cn--xtb.noxinfluencer.com/youtube/channel/UCQrjyFJojRTkNkZSKw-TLqw,-10,badcase,房建与杂项营销为主，近期广告多但与婴童补充剂无关
5097,UC8AW9jNthB4z4Kdy7zfQebA,Tiny Culture,https://cn--xtb.noxinfluencer.com/youtube/channel/UC8AW9jNthB4z4Kdy7zfQebA,-10,badcase,美食/微缩烹饪频道，与婴儿补剂受众无关，近期内容全不匹配
5098,UCiSC80k7GUqIELTT6D18NZg,Blended Jones Family,https://cn--xtb.noxinfluencer.com/youtube/channel/UCiSC80k7GUqIELTT6D18NZg,-9,badcase,偏家庭喜剧，只有泛家庭受众信号，近期内容与补剂推广不匹配
5099,UCv13ju0r3XV1aIj94g7deaQ,Tina Mai Cuộc Sống Mỹ,https://cn--xtb.noxinfluencer.com/youtube/channel/UCv13ju0r3XV1aIj94g7deaQ,-10,badcase,旅游美食生活频道，没有婴儿营养/补剂相关信号
5100,UCKEGld_W4Qu9gyZdx8338nQ,Onna Slay,https://cn--xtb.noxinfluencer.com/youtube/channel/UCKEGld_W4Qu9gyZdx8338nQ,-8,badcase,有婴儿/家庭受众，但内容主轴是美发美妆，补剂推广弱相关
5101,UC7dVN684o8n-_CXKwEX7cPg,LadyBeemer,https://cn--xtb.noxinfluencer.com/youtube/channel/UC7dVN684o8n-_CXKwEX7cPg,-25,badcase,VTuber/游戏娱乐频道，和婴儿补剂推广场景明显不适配
5102,UCCvv7yvfGgd_k8f5yBMK-Qg,EXPLODING EGGS,https://cn--xtb.noxinfluencer.com/youtube/channel/UCCvv7yvfGgd_k8f5yBMK-Qg,-3,badcase,直播搞怪吃蛋内容，无婴幼儿健康或补剂语境
5103,UChanecw_6s0jqqQVhueQ7YQ,"Dr. Taylor Bullock, MD | Dermatologist",https://cn--xtb.noxinfluencer.com/youtube/channel/UChanecw_6s0jqqQVhueQ7YQ,-18,badcase,皮肤美容医生频道，缺少婴幼儿营养/补充剂场景，近期内容多不匹配
5104,UC92Gr9qv1cWGIcSibnCJTcg,RoRo Shreds,https://cn--xtb.noxinfluencer.com/youtube/channel/UC92Gr9qv1cWGIcSibnCJTcg,-4,badcase,亲子骑行/幼儿生活频道，无婴儿营养或补充剂购买意图
5105,UCoPBc2y9_DVhHwiNDzzg4mA,LC,https://cn--xtb.noxinfluencer.com/youtube/channel/UCoPBc2y9_DVhHwiNDzzg4mA,-10,badcase,生活方式号，缺少婴儿/营养/育儿信号，近期内容也不匹配
5106,UCviXhTtEuURcv1U6vVoh_1A,Samaya Samachar,https://cn--xtb.noxinfluencer.com/youtube/channel/UCviXhTtEuURcv1U6vVoh_1A,-10,badcase,访谈新闻号偏娱乐资讯，和婴儿补剂推广关联弱
5107,UCqjaVLlcwT5IlUJuaz9sYcA,Patty Shukla - Nursery Rhymes and Preschool videos,https://cn--xtb.noxinfluencer.com/youtube/channel/UCqjaVLlcwT5IlUJuaz9sYcA,-19,badcase,儿童音乐娱乐为主，与婴儿营养补充推广明显不匹配
5108,UCRMNlHPJy0ocUSuGfeMINtg,Miss Laureana,https://cn--xtb.noxinfluencer.com/youtube/channel/UCRMNlHPJy0ocUSuGfeMINtg,-9,badcase,仅有泛食品弱相关，近期多为生日/玩具/日常，缺少婴儿营养场景
5109,UCpXSSnhYHogqWkYQrI7zyoA,Happy Peris Family,https://cn--xtb.noxinfluencer.com/youtube/channel/UCpXSSnhYHogqWkYQrI7zyoA,-25,badcase,娱乐短视频占主导，和婴儿补充剂推广不匹配
5110,UCoS7B7baX2z5fzzRFdZ6eHw,Meet Thee Lovato’s,https://cn--xtb.noxinfluencer.com/youtube/channel/UCoS7B7baX2z5fzzRFdZ6eHw,-6,badcase,仅泛食品弱相关，近期多为手工妆容生活内容，缺少婴儿营养补充场景
5111,UCDCMz5SwHz6Byp-ycI6-2-A,DaraKaye,https://cn--xtb.noxinfluencer.com/youtube/channel/UCDCMz5SwHz6Byp-ycI6-2-A,-10,badcase,成人美妆和健康建议向，与婴儿补充剂无关
5112,UCbk8giH2QNPaB25kjByes2w,Addisu Media,https://cn--xtb.noxinfluencer.com/youtube/channel/UCbk8giH2QNPaB25kjByes2w,-10,badcase,宗教/时政频道，近10条无婴儿营养相关内容，推广baby supplement不匹配
5113,UCmDMZYV_GRu-Co8PG5oOJag,ZapCrackRap,https://cn--xtb.noxinfluencer.com/youtube/channel/UCmDMZYV_GRu-Co8PG5oOJag,-25,badcase,游戏频道且近期内容无婴儿营养/补充剂相关，明显不适合推广
5114,UCpuMnAWPgoG_6cSUdtmRyOw,Cosmetic Laser Dermatology,https://cn--xtb.noxinfluencer.com/youtube/channel/UCpuMnAWPgoG_6cSUdtmRyOw,-9,badcase,皮肤医美频道，近10条均非婴儿营养/补充剂内容
5115,UCAGzsitVRiUECxXNL5rfPGw,The Mom Psychologist,https://cn--xtb.noxinfluencer.com/youtube/channel/UCAGzsitVRiUECxXNL5rfPGw,-10,badcase,亲子育儿号，缺少婴儿营养/补充剂语境，近10条全不匹配
5116,UCYSExTFek8Q7i66UZIAu3CQ,Peyton Monet,https://cn--xtb.noxinfluencer.com/youtube/channel/UCYSExTFek8Q7i66UZIAu3CQ,-10,badcase,偏生活建议频道，最近10条无婴儿补充剂相关内容
5117,UCC0t5RvSq30NmeCVxVgMtWg,Alison Johnson,https://cn--xtb.noxinfluencer.com/youtube/channel/UCC0t5RvSq30NmeCVxVgMtWg,-9,badcase,健康饮食频道，缺少婴儿/补剂意图，近10条均不匹配
5118,UC2DxeyUeWC9ukb8D-EA5ocA,Mioya Lajuan,https://cn--xtb.noxinfluencer.com/youtube/channel/UC2DxeyUeWC9ukb8D-EA5ocA,-10,badcase,生活vlog+减重做饭，和婴儿补剂关联弱，近期内容不匹配
5119,UCjo5nHmfeE9NFwJpOrI9jYw,Moments With Ayantu,https://cn--xtb.noxinfluencer.com/youtube/channel/UCjo5nHmfeE9NFwJpOrI9jYw,-10,badcase,妈妈日常做饭频道，只有泛母婴氛围，缺少婴儿营养信息
5120,UCqa2MPu8bLY1PwVFUpSyVhQ,HiHo Kids,https://cn--xtb.noxinfluencer.com/youtube/channel/UCqa2MPu8bLY1PwVFUpSyVhQ,-8,badcase,儿童娱乐访谈为主，非婴儿喂养或营养场景
5121,UCUt2ztz0ONuIv_lM1pxcRXA,Karen Cam,https://cn--xtb.noxinfluencer.com/youtube/channel/UCUt2ztz0ONuIv_lM1pxcRXA,-25,badcase,警务案件内容，和婴儿补剂推广方向明显不适配
5122,UCgF9q4eW15b8O-k-tGBwjpQ,Palu Mom (PaluMom),https://cn--xtb.noxinfluencer.com/youtube/channel/UCgF9q4eW15b8O-k-tGBwjpQ,-10,badcase,亲子生活泛内容，无婴幼儿营养或补充剂购买/健康语境
5123,UCCgUI3bVElcaihfz7_E20XQ,Andrew Long Runs,https://cn--xtb.noxinfluencer.com/youtube/channel/UCCgUI3bVElcaihfz7_E20XQ,-25,badcase,减重跑步频道，成人健身受众与婴儿补剂不匹配
5125,UCXWJUwy494Iekp_zXIEfSSg,IBRAT FARZANDLARI,https://cn--xtb.noxinfluencer.com/youtube/channel/UCXWJUwy494Iekp_zXIEfSSg,-10,badcase,语言教育频道，与婴儿补剂推广场景无关
5126,UCwow0ZGmR2K2X_b0dyDF4Lg,"Dr. Sam Shay, DC, IFMCP",https://cn--xtb.noxinfluencer.com/youtube/channel/UCwow0ZGmR2K2X_b0dyDF4Lg,-9,badcase,成人健康/基因频道，缺少母婴补剂场景
5127,UC2e7INAfEQq4i6LVbkWn65w,ASMR Unboxing TOYS,https://cn--xtb.noxinfluencer.com/youtube/channel/UC2e7INAfEQq4i6LVbkWn65w,-32,badcase,ASMR玩具开箱为主，补剂推广是明显格式不匹配
5128,UCWWp8kQL3G4hcOo5G-mqjTg,Merck Manuals,https://cn--xtb.noxinfluencer.com/youtube/channel/UCWWp8kQL3G4hcOo5G-mqjTg,-8,badcase,医疗科普偏泛健康，缺少婴幼儿营养/补充剂语境
5129,UCXTI0MGLFRK11ioRIkpwZKw,BeeWellNews,https://cn--xtb.noxinfluencer.com/youtube/channel/UCXTI0MGLFRK11ioRIkpwZKw,-8,badcase,健康科普偏成人/泛养生，近10条无婴幼儿营养信号
5130,UCu6G_51JaoodxohmRLml5hA,TakeATrip🛳️,https://cn--xtb.noxinfluencer.com/youtube/channel/UCu6G_51JaoodxohmRLml5hA,-9,badcase,旅行幽默为主，仅有泛家庭信号，补剂承接弱
5131,UCXNhGtEonktw_MNkewb961g,Boogie Smalls TV,https://cn--xtb.noxinfluencer.com/youtube/channel/UCXNhGtEonktw_MNkewb961g,-25,badcase,儿童娱乐/玩具频道，和婴幼儿补剂推广目标明显不符
5132,UCUZyrLUM6ajiXUKIYEp2NgQ,Bubbly Baby Beats,https://cn--xtb.noxinfluencer.com/youtube/channel/UCUZyrLUM6ajiXUKIYEp2NgQ,-10,badcase,婴幼儿儿歌娱乐频道，和婴儿营养补充剂推广场景不符
5133,UCioD_JLOk-DMXxqqhBjvnVw,O Rei Davinho Br,https://cn--xtb.noxinfluencer.com/youtube/channel/UCioD_JLOk-DMXxqqhBjvnVw,-10,badcase,短视频杂内容，最近内容几乎都与婴儿补剂无关
5134,UCRdoAbl64yYWaIAlx9n4M6Q,Xtreme Kurves LLC,https://cn--xtb.noxinfluencer.com/youtube/channel/UCRdoAbl64yYWaIAlx9n4M6Q,-25,badcase,成人塑身衣频道，与婴儿补剂受众完全错位
5135,UClOBt2j_37qv5tGd6gZdkJw,MURZBO,https://cn--xtb.noxinfluencer.com/youtube/channel/UClOBt2j_37qv5tGd6gZdkJw,-25,badcase,宠物猫频道，属于动物内容，和人类婴儿补剂互斥
5136,UC3X8tPujhMsY_syYlIchInQ,Makeup Maven Jessica,https://cn--xtb.noxinfluencer.com/youtube/channel/UC3X8tPujhMsY_syYlIchInQ,-25,badcase,成人美妆/Avon频道，与婴儿补剂缺少受众与场景
5137,UCcVrP_xqfZXIB2lK2-xpB-A,The Nala's USA Telugu Vlogs,https://cn--xtb.noxinfluencer.com/youtube/channel/UCcVrP_xqfZXIB2lK2-xpB-A,-10,badcase,家庭生活/搞笑vlog，缺少婴幼儿营养或补剂语境，近10条也无匹配
5138,UC33cgW-0oqFkDA5bpTEGcRQ,Las Recetas De Mama,https://cn--xtb.noxinfluencer.com/youtube/channel/UC33cgW-0oqFkDA5bpTEGcRQ,-8,badcase,频道是健康食谱号，缺少婴儿补充剂场景，近10条全是菜谱内容。
5139,UCUwKRDVfDX4LH7pLA5QuXTg,Teri Secrest,https://cn--xtb.noxinfluencer.com/youtube/channel/UCUwKRDVfDX4LH7pLA5QuXTg,-8,badcase,健康生活向但无婴儿/营养证据，近10条内容也不贴合
5140,UCrEIV4RaGMFy04lcSVyRqyg,shutiao111,https://cn--xtb.noxinfluencer.com/youtube/channel/UCrEIV4RaGMFy04lcSVyRqyg,-25,badcase,内容偏娱乐/梗图/短剧风，与婴幼儿营养补充剂推广明显不符
5141,UCU_hf2yPhOgy8KtNGgP5qlg,Beat Your Diabetes,https://cn--xtb.noxinfluencer.com/youtube/channel/UCU_hf2yPhOgy8KtNGgP5qlg,-7,badcase,成人糖尿病健康号，近10条全是血糖/用药，和婴儿补剂不匹配
5142,UCiZRx6iGkal1nEXZvpV2aUQ,Yellow Babe,https://cn--xtb.noxinfluencer.com/youtube/channel/UCiZRx6iGkal1nEXZvpV2aUQ,-19,badcase,成人健康/搬运式频道，缺少婴儿营养语境，近期内容也不匹配
5143,UCrfp2bGOuiyhBpxMt_nmsCQ,Asia MeKole,https://cn--xtb.noxinfluencer.com/youtube/channel/UCrfp2bGOuiyhBpxMt_nmsCQ,-9,badcase,仅泛健康弱相关，近期内容与婴儿营养补剂推广不匹配
5145,UC4nkt42NarbtnFw7G2tBEqw,Fidin,https://cn--xtb.noxinfluencer.com/youtube/channel/UC4nkt42NarbtnFw7G2tBEqw,-10,badcase,无明确频道主题，近期内容杂乱，和婴儿补充剂不相关
5146,UCisz3vvNu2xTkdYKjIpQ_Cg,Life Million Years Ago,https://cn--xtb.noxinfluencer.com/youtube/channel/UCisz3vvNu2xTkdYKjIpQ_Cg,-25,badcase,娱乐搞笑频道为主，且含儿童喜剧内容，不适合婴儿补充剂投放
5147,UCIe8fKEcBkmn0pO9Cmf_URw,iamLindaElaine,https://cn--xtb.noxinfluencer.com/youtube/channel/UCIe8fKEcBkmn0pO9Cmf_URw,-8,badcase,母婴弱相关，但近期全是美妆/育儿日常，非营养补充场景
5148,UCnhHilULSY5LcKCldkBYuUQ,Dëna Babe,https://cn--xtb.noxinfluencer.com/youtube/channel/UCnhHilULSY5LcKCldkBYuUQ,-25,badcase,纯音乐娱乐号，和婴儿补剂推广无关
5149,UCqXI4S3hiIsoCSOEolSrzfg,Heang Champa,https://cn--xtb.noxinfluencer.com/youtube/channel/UCqXI4S3hiIsoCSOEolSrzfg,-15,badcase,娱乐型动物/日常短视频，缺少母婴营养语境
5150,UCxupODRiPZzrJMdE-roCOvQ,Inova,https://cn--xtb.noxinfluencer.com/youtube/channel/UCxupODRiPZzrJMdE-roCOvQ,-9,badcase,医疗健康泛题材，缺少母婴营养购买意图
5151,UCqa2MPu8bLY1PwVFUpSyVhQ,HiHo Kids,https://cn--xtb.noxinfluencer.com/youtube/channel/UCqa2MPu8bLY1PwVFUpSyVhQ,-8,badcase,儿童娱乐与开箱为主，不是婴儿补剂人群
5152,UCUt2ztz0ONuIv_lM1pxcRXA,Karen Cam,https://cn--xtb.noxinfluencer.com/youtube/channel/UCUt2ztz0ONuIv_lM1pxcRXA,-25,badcase,执法/bodycam内容与婴儿补剂受众明显不符
5154,UCCgUI3bVElcaihfz7_E20XQ,Andrew Long Runs,https://cn--xtb.noxinfluencer.com/youtube/channel/UCCgUI3bVElcaihfz7_E20XQ,-25,badcase,跑步减脂频道与婴儿补剂推广场景不匹配
5155,UCYvdrS-OTLMxtbRRXBGvPNA,Moonstone Elements,https://cn--xtb.noxinfluencer.com/youtube/channel/UCYvdrS-OTLMxtbRRXBGvPNA,-6,badcase,亲子生活弱相关，但缺少婴儿营养/补剂语境，近期多为家庭旅行日常
5156,UCXWJUwy494Iekp_zXIEfSSg,IBRAT FARZANDLARI,https://cn--xtb.noxinfluencer.com/youtube/channel/UCXWJUwy494Iekp_zXIEfSSg,-10,badcase,教育/语言学习频道与婴儿补剂受众不相关
5157,UCwow0ZGmR2K2X_b0dyDF4Lg,"Dr. Sam Shay, DC, IFMCP",https://cn--xtb.noxinfluencer.com/youtube/channel/UCwow0ZGmR2K2X_b0dyDF4Lg,-24,badcase,成人功能医学/基因健康内容，缺少婴幼儿营养补剂语境
5158,UC2e7INAfEQq4i6LVbkWn65w,ASMR Unboxing TOYS,https://cn--xtb.noxinfluencer.com/youtube/channel/UC2e7INAfEQq4i6LVbkWn65w,-35,badcase,ASMR玩具开箱为主，和婴儿补充剂推广格式强错配
5159,UCWWp8kQL3G4hcOo5G-mqjTg,Merck Manuals,https://cn--xtb.noxinfluencer.com/youtube/channel/UCWWp8kQL3G4hcOo5G-mqjTg,-8,badcase,泛健康/医学科普但缺少婴幼儿营养或补剂场景，近期内容不匹配
5160,UCCaWgEpxYpnDtcvRsXnDKTQ,Amazing toy's vlog,https://cn--xtb.noxinfluencer.com/youtube/channel/UCCaWgEpxYpnDtcvRsXnDKTQ,-15,badcase,玩具短视频娱乐向，非婴儿补充剂受众，近期内容全不匹配
5161,UCu6G_51JaoodxohmRLml5hA,TakeATrip🛳️,https://cn--xtb.noxinfluencer.com/youtube/channel/UCu6G_51JaoodxohmRLml5hA,-9,badcase,旅行幽默为主，仅有泛家庭/护理信号，离婴儿补充剂太远
5162,UCR6PLMUXRmHTxGdCDD-HJEg,Stone Glacier,https://cn--xtb.noxinfluencer.com/youtube/channel/UCR6PLMUXRmHTxGdCDD-HJEg,-20,badcase,频道以狩猎/户外装备为主，近期内容全不匹配婴儿补充剂推广
5163,UCvRZjkWBxOArmujS9rUN8ig,Dr. Amy Novotny,https://cn--xtb.noxinfluencer.com/youtube/channel/UCvRZjkWBxOArmujS9rUN8ig,-10,badcase,孕产疼痛内容为主，缺少婴儿营养/补充剂相关信号
5164,UCXNhGtEonktw_MNkewb961g,Boogie Smalls TV,https://cn--xtb.noxinfluencer.com/youtube/channel/UCXNhGtEonktw_MNkewb961g,-14,badcase,儿童娱乐向，缺少婴儿营养/补剂内容，近期内容均不匹配
5165,UCUZyrLUM6ajiXUKIYEp2NgQ,Bubbly Baby Beats,https://cn--xtb.noxinfluencer.com/youtube/channel/UCUZyrLUM6ajiXUKIYEp2NgQ,-25,badcase,儿歌/童谣频道，偏娱乐儿童内容，不适合婴儿补剂推广
5166,UCioD_JLOk-DMXxqqhBjvnVw,O Rei Davinho Br,https://cn--xtb.noxinfluencer.com/youtube/channel/UCioD_JLOk-DMXxqqhBjvnVw,-20,badcase,近期内容以随机短视频和宠物/娱乐为主，与婴儿补充剂推广无关
5167,UCRdoAbl64yYWaIAlx9n4M6Q,Xtreme Kurves LLC,https://cn--xtb.noxinfluencer.com/youtube/channel/UCRdoAbl64yYWaIAlx9n4M6Q,-25,badcase,塑形服饰/腰封内容与婴儿补剂完全不相关，近10条也全是错配
5168,UCQDJohKhkpo2pbEy58WA4fQ,boboho,https://cn--xtb.noxinfluencer.com/youtube/channel/UCQDJohKhkpo2pbEy58WA4fQ,-25,badcase,纯音乐/娱乐播放列表，和婴儿补剂推广场景明显不符
5169,UCyBQbgYA04a107iK0ZXOlvQ,Sonia Teach,https://cn--xtb.noxinfluencer.com/youtube/channel/UCyBQbgYA04a107iK0ZXOlvQ,-2,badcase,仅有泛生活弱相关，主轴为教学/个人成长，缺少婴幼儿营养或护理语境
5170,UClOBt2j_37qv5tGd6gZdkJw,MURZBO,https://cn--xtb.noxinfluencer.com/youtube/channel/UClOBt2j_37qv5tGd6gZdkJw,-25,badcase,前5标签全是猫宠物内容，和人类婴儿补充剂目标人群不符
5171,UC3X8tPujhMsY_syYlIchInQ,Makeup Maven Jessica,https://cn--xtb.noxinfluencer.com/youtube/channel/UC3X8tPujhMsY_syYlIchInQ,-25,badcase,美妆Avon销售频道，与婴儿营养补充品推广受众不符
5172,UCcVrP_xqfZXIB2lK2-xpB-A,The Nala's USA Telugu Vlogs,https://cn--xtb.noxinfluencer.com/youtube/channel/UCcVrP_xqfZXIB2lK2-xpB-A,-10,badcase,泛生活搞笑旅行号，缺少育儿/营养/健康购买意图
5173,UCp2YDu6E23fYfGZkICPrOuw,Exploited Monkey,https://cn--xtb.noxinfluencer.com/youtube/channel/UCp2YDu6E23fYfGZkICPrOuw,-25,badcase,猴类野生动物内容，属人类婴儿补充剂的互斥场景
5174,UCUwKRDVfDX4LH7pLA5QuXTg,Teri Secrest,https://cn--xtb.noxinfluencer.com/youtube/channel/UCUwKRDVfDX4LH7pLA5QuXTg,-8,badcase,健康养生泛话题，但无育儿/婴幼儿营养信号
5175,UCLd8E-WkouwS-ktATbtkBiw,OSG,https://cn--xtb.noxinfluencer.com/youtube/channel/UCLd8E-WkouwS-ktATbtkBiw,-10,badcase,频道偏泛商品开箱和时尚钓具，缺少婴儿营养/健康场景
5176,UCrEIV4RaGMFy04lcSVyRqyg,shutiao111,https://cn--xtb.noxinfluencer.com/youtube/channel/UCrEIV4RaGMFy04lcSVyRqyg,-20,badcase,短剧娱乐号，近期内容与婴儿补充剂推广明显不符
5177,UCXt_sqiQHLMkFFykBDbfMdw,People·WHYS,https://cn--xtb.noxinfluencer.com/youtube/channel/UCXt_sqiQHLMkFFykBDbfMdw,-10,badcase,知识问答号，最近多为孕检/生活问答，缺少婴儿营养或补剂购买语境
5178,UCU_hf2yPhOgy8KtNGgP5qlg,Beat Your Diabetes,https://cn--xtb.noxinfluencer.com/youtube/channel/UCU_hf2yPhOgy8KtNGgP5qlg,-7,badcase,糖尿病饮食频道，只有泛健康标签，缺少婴儿营养/育儿语境
5179,UCTwzY3oFhaUAp5r2U00YhbA,ReInspired,https://cn--xtb.noxinfluencer.com/youtube/channel/UCTwzY3oFhaUAp5r2U00YhbA,-9,badcase,老年健康/60+内容为主，与婴儿补充剂人群不符
5180,UCiZRx6iGkal1nEXZvpV2aUQ,Yellow Babe,https://cn--xtb.noxinfluencer.com/youtube/channel/UCiZRx6iGkal1nEXZvpV2aUQ,-25,badcase,以TikTok拼贴和情绪话题为主，娱乐流明显，不适合婴儿补充剂推广
5181,UCrfp2bGOuiyhBpxMt_nmsCQ,Asia MeKole,https://cn--xtb.noxinfluencer.com/youtube/channel/UCrfp2bGOuiyhBpxMt_nmsCQ,-9,badcase,仅泛健康弱相关，近期多为ASL/个人生活，缺少婴儿营养场景
5182,UCFGOkr1zBKPjqKHUx7hZbDQ,YT Blossom,https://cn--xtb.noxinfluencer.com/youtube/channel/UCFGOkr1zBKPjqKHUx7hZbDQ,-8,badcase,泛成人健康内容，无婴幼儿营养或补充剂推广语境
5183,UCYyo59NFS0i5QVJsg7t0RFQ,COLDEST,https://cn--xtb.noxinfluencer.com/youtube/channel/UCYyo59NFS0i5QVJsg7t0RFQ,-25,badcase,娱乐梗和视频合集为主，和婴儿补充剂推广完全不匹配
5185,UCJUXdZLd8-ekyTMIDfrdVWA,facai18,https://cn--xtb.noxinfluencer.com/youtube/channel/UCJUXdZLd8-ekyTMIDfrdVWA,-25,badcase,娱乐故事与舞蹈梗内容为主，不适合婴儿补充剂推广
5186,UCnhHilULSY5LcKCldkBYuUQ,Dëna Babe,https://cn--xtb.noxinfluencer.com/youtube/channel/UCnhHilULSY5LcKCldkBYuUQ,-25,badcase,音乐表演频道，和婴儿补充剂推广场景不相关
5187,UCqXI4S3hiIsoCSOEolSrzfg,Heang Champa,https://cn--xtb.noxinfluencer.com/youtube/channel/UCqXI4S3hiIsoCSOEolSrzfg,-15,badcase,娱乐/动物日常，近10条与婴幼儿补充剂推广无关
5189,UCxupODRiPZzrJMdE-roCOvQ,Inova,https://cn--xtb.noxinfluencer.com/youtube/channel/UCxupODRiPZzrJMdE-roCOvQ,-8,badcase,医疗科普偏泛健康，缺少婴儿营养与购买场景
5191,UC8NTUABovZOyPrkI8HVsPEg,WTF?,https://cn--xtb.noxinfluencer.com/youtube/channel/UC8NTUABovZOyPrkI8HVsPEg,-25,badcase,纯娱乐短视频，格式与婴儿补充剂推广明显不匹配
5192,UCpH9UisnqYUzeCaZY1ymNIw,DocLizzieDPT,https://cn--xtb.noxinfluencer.com/youtube/channel/UCpH9UisnqYUzeCaZY1ymNIw,-9,badcase,母婴营养信号不足，内容以盆底康复和运动为主
5193,UCwzZRHLPIpSDs_9SpIfMG3w,HAIRLICIOUSLY,https://cn--xtb.noxinfluencer.com/youtube/channel/UCwzZRHLPIpSDs_9SpIfMG3w,-10,badcase,头发治疗频道与婴儿补充剂受众和主题都不匹配
5194,UCEQi1ZNJiw3YMRwni0OLsTQ,Whitney Simmons,https://cn--xtb.noxinfluencer.com/youtube/channel/UCEQi1ZNJiw3YMRwni0OLsTQ,-8,badcase,健身孕期内容可触达妈妈，但与婴儿补充剂缺少直接购买场景
5195,UCgeAI1Y-44W_jQbnB2eWTqw,ALoopandAHook,https://cn--xtb.noxinfluencer.com/youtube/channel/UCgeAI1Y-44W_jQbnB2eWTqw,-8,badcase,仅有泛健康弱相关，近期多为鸡/仓储/生活内容，缺少婴儿营养语境
5196,UCPynK09IKdUZ0splmjVMMVg,Serhii Rimer | Numerology PRO,https://cn--xtb.noxinfluencer.com/youtube/channel/UCPynK09IKdUZ0splmjVMMVg,-21,badcase,数秘学账号以日期配产品，属于内容形式错配，非婴儿营养推广
5197,UCTUfOmwlc7qVLc_d1H4mcbA,Mi cocina y mucho mas,https://cn--xtb.noxinfluencer.com/youtube/channel/UCTUfOmwlc7qVLc_d1H4mcbA,-8,badcase,健康/自然疗法为主，偏成人减重和护理，不适合婴儿补充剂
5198,UCUB41ZoovXdrztfv0YLKc1Q,Lina Dguez,https://cn--xtb.noxinfluencer.com/youtube/channel/UCUB41ZoovXdrztfv0YLKc1Q,-3,badcase,家庭生活泛内容，仅弱相关且近期多为娱乐/购物/直播
5199,UCw_uyWLfuSoVShxWTmpFLhw,HOUSE OF TOTS TV,https://cn--xtb.noxinfluencer.com/youtube/channel/UCw_uyWLfuSoVShxWTmpFLhw,-10,badcase,儿童歌谣与启蒙内容，非母婴补充剂推广场景
5200,UCkLnIr4fDG6SUqFurXLLS5g,Вызов TV,https://cn--xtb.noxinfluencer.com/youtube/channel/UCkLnIr4fDG6SUqFurXLLS5g,-15,badcase,挑战娱乐频道，和婴儿补充剂推广目标明显不符
5202,UCzAqE8eUgeSdm1fUl4AYY4Q,sheb,https://cn--xtb.noxinfluencer.com/youtube/channel/UCzAqE8eUgeSdm1fUl4AYY4Q,-25,badcase,娱乐短剧号，和婴儿补充剂推广场景明显不匹配
5203,UCTo96hm5GGZS89qz8pr2lew,Mystical McKay,https://cn--xtb.noxinfluencer.com/youtube/channel/UCTo96hm5GGZS89qz8pr2lew,-10,badcase,无婴幼儿补充剂相关信号，内容偏泛健康/生活且近期标题均不匹配
5204,UCqg9_SqwuYvd1UJIofQ0g9g,Health Alert,https://cn--xtb.noxinfluencer.com/youtube/channel/UCqg9_SqwuYvd1UJIofQ0g9g,-8,badcase,泛健康/养生频道，无婴幼儿补充剂人群信号，近期内容也不匹配
5206,UCVf4gEACUWpQEv0DiGNoxMw,10 Years Younger,https://cn--xtb.noxinfluencer.com/youtube/channel/UCVf4gEACUWpQEv0DiGNoxMw,-9,badcase,偏抗老美容频道，缺少婴儿营养/护理相关信号，近10条也都不匹配
5207,UCXMa-L-k5AgA5XG3ab2__ig,Larosa Ziebol,https://cn--xtb.noxinfluencer.com/youtube/channel/UCXMa-L-k5AgA5XG3ab2__ig,-10,badcase,无婴儿补剂相关标签，近期内容多为非目标品类且多处不匹配
5211,UC6ZK41vomjKK8NA_srh01UQ,Aprende con Gael y Owen,https://cn--xtb.noxinfluencer.com/youtube/channel/UC6ZK41vomjKK8NA_srh01UQ,-9,badcase,儿童教育娱乐频道，无婴儿营养/健康/补剂购买语境
5212,UCHHnrIT-TGzvYDOi5JvaxrQ,Life With Leeanna,https://cn--xtb.noxinfluencer.com/youtube/channel/UCHHnrIT-TGzvYDOi5JvaxrQ,-7,badcase,仅有孕妈/育儿泛相关，缺少婴儿补充剂购买或使用意图
5213,UCBo1LNVc3k2l0JuanOtSaAw,المصفوع من رامي,https://cn--xtb.noxinfluencer.com/youtube/channel/UCBo1LNVc3k2l0JuanOtSaAw,-20,badcase,无补充剂/营养信号，内容以挑战整蛊为主，婴儿话题也只是泛场景
5214,UCLJAyD4Qy0hLwrNGRY6xUdg,Latricia Nicole,https://cn--xtb.noxinfluencer.com/youtube/channel/UCLJAyD4Qy0hLwrNGRY6xUdg,-8,badcase,仅有泛母婴人群信号，无婴儿补充剂或育儿营养内容，近10条也不匹配
5215,UCI2if9xpI-92sb9bdQhWnwg,Yashwi Telugu vlogs -USA,https://cn--xtb.noxinfluencer.com/youtube/channel/UCI2if9xpI-92sb9bdQhWnwg,-10,badcase,生活vlog为主，近10条无婴儿营养/补充剂相关内容
5216,UCuzgIL5E8GSg7NdGsjDmHCg,Mike Herring,https://cn--xtb.noxinfluencer.com/youtube/channel/UCuzgIL5E8GSg7NdGsjDmHCg,-7,badcase,医生成员偏健康泛内容，近10条无婴儿营养/补充剂，促销适配差
5217,UCj6CqxFWWhc-74Y8JlM0VQg,damien torrez,https://cn--xtb.noxinfluencer.com/youtube/channel/UCj6CqxFWWhc-74Y8JlM0VQg,-9,badcase,健身/类固醇内容，和婴儿补剂受众不匹配
5218,UCI_fm-h556y3wuFvPVhRTNQ,Anna Reviews It,https://cn--xtb.noxinfluencer.com/youtube/channel/UCI_fm-h556y3wuFvPVhRTNQ,-8,badcase,仅泛婴儿用品弱相关，近热视频多为杂货玩具评测，缺少营养健康语境
5219,UCpAT8_mXEJ9LEo47-UA3uag,Yaska_iriska,https://cn--xtb.noxinfluencer.com/youtube/channel/UCpAT8_mXEJ9LEo47-UA3uag,-9,badcase,婴儿词很弱，整体是宗教/音乐短视频，非补剂受众
5220,UCjAJ8buKU1L1lYZBO1ZLOlw,Oscar Perez (BadDominican),https://cn--xtb.noxinfluencer.com/youtube/channel/UCjAJ8buKU1L1lYZBO1ZLOlw,-20,badcase,纯喜剧频道，内容面向娱乐，不适合婴儿补剂推广
5221,UCNaSDY387N72mX8fjTe9aCg,TheSonFamily,https://cn--xtb.noxinfluencer.com/youtube/channel/UCNaSDY387N72mX8fjTe9aCg,-12,badcase,妈妈/宝宝受众有交集，但主体是家庭搞笑内容，补剂意图弱
5222,UCEl30TQ7TqDUQ64gLIntO9Q,FUNNY LIFE OF Mother and boys,https://cn--xtb.noxinfluencer.com/youtube/channel/UCEl30TQ7TqDUQ64gLIntO9Q,-14,badcase,家庭搞笑娱乐号，缺少母婴补剂场景
5223,UCIXQZhJwtkCExeXmG5mQH3A,@SoRa-0757,https://cn--xtb.noxinfluencer.com/youtube/channel/UCIXQZhJwtkCExeXmG5mQH3A,-23,badcase,搞笑萌娃号，亲子词不等于补剂意图
5224,UC1Ut2mPy8s3JtuhtiJlEj9Q,Fit Life SL,https://cn--xtb.noxinfluencer.com/youtube/channel/UC1Ut2mPy8s3JtuhtiJlEj9Q,-9,badcase,健身健康号，只有泛健康弱相关
5225,UCL8JP7hrHyRHaUZcLXC474Q,Glomonkey!,https://cn--xtb.noxinfluencer.com/youtube/channel/UCL8JP7hrHyRHaUZcLXC474Q,-8,badcase,亲子生活号偏泛生活，补剂意图不足
5226,UC1em8LWUzn2FFEEJVqIZY8g,Glow & Grow Health,https://cn--xtb.noxinfluencer.com/youtube/channel/UC1em8LWUzn2FFEEJVqIZY8g,-10,badcase,成人情感健康内容，与婴儿补剂不符
5227,UCf5PtWsbtaK2POrUVJ8qNOg,Nayna Home & More,https://cn--xtb.noxinfluencer.com/youtube/channel/UCf5PtWsbtaK2POrUVJ8qNOg,-8,badcase,仅有泛产品评测氛围，缺少婴儿营养/补充剂相关证据，近期内容也不匹配
5228,UCozGBZJb5eYSzwSB0eXbAGw,Funny Couple's Daily Life 184,https://cn--xtb.noxinfluencer.com/youtube/channel/UCozGBZJb5eYSzwSB0eXbAGw,-9,badcase,仅有泛化kids，近10条全是日常娱乐，和婴儿补剂推广场景不符
5230,UCgFKhWvsLU7e8N2PIfWlilg,LINDA Official,https://cn--xtb.noxinfluencer.com/youtube/channel/UCgFKhWvsLU7e8N2PIfWlilg,-9,badcase,仅有baby弱相关，最近内容全是家庭生活，无补剂购买/测评语境
5231,UCyncEizbVifWcnzvfCKdRgQ,Kate Backdrop,https://cn--xtb.noxinfluencer.com/youtube/channel/UCyncEizbVifWcnzvfCKdRgQ,-10,badcase,摄影背景频道，与婴儿补剂无关，近10条均为拍摄背景内容
5232,UCq5RMIR9TzrEkGAXoFiPrag,The Menninger Clinic,https://cn--xtb.noxinfluencer.com/youtube/channel/UCq5RMIR9TzrEkGAXoFiPrag,-9,badcase,精神健康科普频道，与婴儿补剂无关，近10条均不匹配
5233,UC6wUGwwOIvENTvJ3cRlxARA,Gunther Da Great,https://cn--xtb.noxinfluencer.com/youtube/channel/UC6wUGwwOIvENTvJ3cRlxARA,-25,badcase,脏辫发型频道，内容与婴儿补剂投放完全不符
5235,UCx5CTjhI9iSF7z3rtiR5MNw,Bipula Bangla,https://cn--xtb.noxinfluencer.com/youtube/channel/UCx5CTjhI9iSF7z3rtiR5MNw,-7,badcase,健康养生内容偏成人通用，缺少婴儿营养场景
5236,UCVFqu_86OdlmVUvKHjmBqAQ,Natalia periscope live updates,https://cn--xtb.noxinfluencer.com/youtube/channel/UCVFqu_86OdlmVUvKHjmBqAQ,-10,badcase,直播更新型个人频道，近期内容均与婴儿补充剂推广无关
5238,UCYHR-dn_ohWIoPt8LeumbNA,Metabolic Health Summit,https://cn--xtb.noxinfluencer.com/youtube/channel/UCYHR-dn_ohWIoPt8LeumbNA,-8,badcase,成人代谢健康频道，和婴儿补充剂目标人群不符
5239,UCRkcSUJdNFNMx374nMlN6rg,Domi Kids Shorts,https://cn--xtb.noxinfluencer.com/youtube/channel/UCRkcSUJdNFNMx374nMlN6rg,-25,badcase,纯儿童儿歌娱乐，和婴儿补充剂推广场景强不匹配
5240,UCtwIYkrVixFD00CbPH8CwpQ,DonaworldKiddoTV,https://cn--xtb.noxinfluencer.com/youtube/channel/UCtwIYkrVixFD00CbPH8CwpQ,-25,badcase,纯儿童娱乐内容，和婴儿补充剂推广场景强不匹配
5241,UCgfkrUT4QHDcJdQAmz0VRlQ,Stylish Junk,https://cn--xtb.noxinfluencer.com/youtube/channel/UCgfkrUT4QHDcJdQAmz0VRlQ,-8,badcase,有母婴受众，但近期内容以穿搭时尚为主，相关性弱
5242,UCIf1xvRN8pzyd_VfLgj_dow,Dylan Johnson,https://cn--xtb.noxinfluencer.com/youtube/channel/UCIf1xvRN8pzyd_VfLgj_dow,-10,badcase,内容为骑行训练与赛事，和婴儿补充剂推广无关
5243,UCikii81OBiRYH8sR5Uq3CEA,Baby Songs with Lea and Pop,https://cn--xtb.noxinfluencer.com/youtube/channel/UCikii81OBiRYH8sR5Uq3CEA,-19,badcase,儿童儿歌娱乐频道，缺少营养/补充剂购买意图，最近内容全不匹配
5244,UCOG6pJ-o77dgHBRt5ucywMw,Notes To Young People,https://cn--xtb.noxinfluencer.com/youtube/channel/UCOG6pJ-o77dgHBRt5ucywMw,-12,badcase,以关系建议为主，近10条全不匹配婴儿补剂场景
5245,UC5rkeLeOTvmwLhrvlkhHe1Q,Slynd® (drospirenone),https://cn--xtb.noxinfluencer.com/youtube/channel/UC5rkeLeOTvmwLhrvlkhHe1Q,-20,badcase,避孕药频道，与婴儿补剂推广目标明显互斥，近期内容也完全不匹配
5246,UCka87YN20SzhOAzkgKqW6Hw,Stephany Victoria,https://cn--xtb.noxinfluencer.com/youtube/channel/UCka87YN20SzhOAzkgKqW6Hw,-9,badcase,偏成人饮食健身内容，缺少婴儿营养/护理相关信号
5247,UCxLKyBhC6igFhLEb0gxvQNg,Sappheiros,https://cn--xtb.noxinfluencer.com/youtube/channel/UCxLKyBhC6igFhLEb0gxvQNg,-35,badcase,音乐/氛围频道，偏娱乐听感，和婴儿补剂推广场景明显不符
5248,UC5bSXfnxCXoKYS-ulY-g5qg,Health is Wealth,https://cn--xtb.noxinfluencer.com/youtube/channel/UC5bSXfnxCXoKYS-ulY-g5qg,-9,badcase,成人健康内容为主，缺少母婴/婴儿营养语境，最近也不够匹配
5249,UC4B_CjUcZ4Y2sFH1WOiFYSQ,Hana Giang Anh,https://cn--xtb.noxinfluencer.com/youtube/channel/UC4B_CjUcZ4Y2sFH1WOiFYSQ,-8,badcase,健身减脂号，受众偏成人训练，与婴儿补剂推广不够贴合
9501,UCZpeqcqeVxVE9I1mxxLCLfw,LY TIEU MUA,https://cn--xtb.noxinfluencer.com/youtube/channel/UCZpeqcqeVxVE9I1mxxLCLfw,-10,badcase,单亲妈妈叙事/故事型内容居多，和婴儿补剂推广关联弱
9502,UCU_1lr4jGTXmuiBH57R9x6w,Life with Layne,https://cn--xtb.noxinfluencer.com/youtube/channel/UCU_1lr4jGTXmuiBH57R9x6w,-25,badcase,宠物/娱乐为主，且近10条均与婴儿补剂无关
9503,UCLvL3HZONify5P8M6yzYkzA,mensahgurl,https://cn--xtb.noxinfluencer.com/youtube/channel/UCLvL3HZONify5P8M6yzYkzA,-8,badcase,仅有泛健康/生活标签，近期多为旅行美妆，缺少母婴补剂信号
9504,UCtaC4c8xRQUuXA9-3lSUs9Q,MoveMint,https://cn--xtb.noxinfluencer.com/youtube/channel/UCtaC4c8xRQUuXA9-3lSUs9Q,-20,badcase,纯趋势舞蹈娱乐号，近10条均无母婴补剂相关内容
9505,UCDhOEKjcVZw4yuK5chMFa4g,Cute Kittens,https://cn--xtb.noxinfluencer.com/youtube/channel/UCDhOEKjcVZw4yuK5chMFa4g,-25,badcase,宠物猫内容，近期全是幼猫喂奶/护崽，不适合做人类婴儿补剂推广
9506,UC0Pe9zvboVIxZSUX4jSHcvQ,TocaBoca6928🩵🍉,https://cn--xtb.noxinfluencer.com/youtube/channel/UC0Pe9zvboVIxZSUX4jSHcvQ,-20,badcase,游戏/AI/舞蹈类娱乐号，缺少母婴或营养补充语境
9507,UCq05zpjZ_HkteEhk2Vclnpw,TiffaneyLJ,https://cn--xtb.noxinfluencer.com/youtube/channel/UCq05zpjZ_HkteEhk2Vclnpw,-10,badcase,近10条全是美食/日常/家居，无婴幼儿营养或补剂场景
9508,UCCX2Zl16u-KzFkxM0mDQXUw,Cindy Ponce,https://cn--xtb.noxinfluencer.com/youtube/channel/UCCX2Zl16u-KzFkxM0mDQXUw,-10,badcase,内容偏购物美妆清洁，缺少母婴/营养/补剂相关信号
9509,UCp5BGY4jyrzdlKpifmI3L2Q,Артём Швайковский,https://cn--xtb.noxinfluencer.com/youtube/channel/UCp5BGY4jyrzdlKpifmI3L2Q,-10,badcase,健身日常为主，缺少婴幼儿营养/补剂或育儿场景
9510,UC8mTFkyP7weTWdlCDKT3n0w,MarcosCeDi,https://cn--xtb.noxinfluencer.com/youtube/channel/UC8mTFkyP7weTWdlCDKT3n0w,-10,badcase,以家居电器测评为主，和婴幼儿补剂受众不匹配
9512,UCz85w8aPuvJc5KiLok-2ERA,Api Mismec,https://cn--xtb.noxinfluencer.com/youtube/channel/UCz85w8aPuvJc5KiLok-2ERA,-24,badcase,恐怖故事频道，且近期全是睡前恐怖内容，不适合婴儿补剂推广
9513,UCJ4fjwl5yDrpiZiUZ69YPrQ,MISTER ARTHER VODS,https://cn--xtb.noxinfluencer.com/youtube/channel/UCJ4fjwl5yDrpiZiUZ69YPrQ,-10,badcase,直播/VOD娱乐频道，近期内容与婴儿补剂无关
9514,UCLaPKKGsKr3RJlTXjGak-Ng,LALONNIE,https://cn--xtb.noxinfluencer.com/youtube/channel/UCLaPKKGsKr3RJlTXjGak-Ng,-10,badcase,香水美妆频道，近期全是香水和化妆内容，不适合婴儿补剂
9515,UCZgUFkNq7SVH8R1tdxvanIg,Cindy,https://cn--xtb.noxinfluencer.com/youtube/channel/UCZgUFkNq7SVH8R1tdxvanIg,-10,badcase,短视频娱乐频道，近期内容杂且无婴儿营养语境
9516,UCIgYy3fmr-SpmbGdiZPdyUQ,NEXT MEDIA,https://cn--xtb.noxinfluencer.com/youtube/channel/UCIgYy3fmr-SpmbGdiZPdyUQ,-10,badcase,体育/功夫频道，近期内容无婴儿补剂或育儿语境
9517,UCKox-KEFUTQPQUlARmFYJCw,Avery Falash,https://cn--xtb.noxinfluencer.com/youtube/channel/UCKox-KEFUTQPQUlARmFYJCw,-10,badcase,健身高尔夫内容，缺少婴儿营养/护理相关信号
9518,UCsLzQLHGM7OFQIQdCefQ5RA,Canan Ozalp- Cozy homemade recipes,https://cn--xtb.noxinfluencer.com/youtube/channel/UCsLzQLHGM7OFQIQdCefQ5RA,-9,badcase,烘焙食谱频道，缺少婴儿营养与护理场景
9519,UCB1TG54_7AWhbjmvoTPrcsQ,Nandi Bros,https://cn--xtb.noxinfluencer.com/youtube/channel/UCB1TG54_7AWhbjmvoTPrcsQ,-10,badcase,AI/播客/娱乐内容为主，与婴儿补充剂投放不符
9520,UCNv4HBfuyRhxfx_NPq4PlFQ,Pick One!,https://cn--xtb.noxinfluencer.com/youtube/channel/UCNv4HBfuyRhxfx_NPq4PlFQ,-22,badcase,Excel频道混入睡眠音效与测验，促销格式严重不符
9521,UC8c236hE_c0rwX5sVOeDB9w,Super Good,https://cn--xtb.noxinfluencer.com/youtube/channel/UC8c236hE_c0rwX5sVOeDB9w,-22,badcase,娱乐猫咪动画为主，和婴儿补充剂推广明显不符
9522,UCimp79C2Pl9RZRtmib3bOMA,CUTE PETS,https://cn--xtb.noxinfluencer.com/youtube/channel/UCimp79C2Pl9RZRtmib3bOMA,-20,badcase,宠物短视频，动物/狗属性明显，不适合人类婴幼儿补充剂
9523,UCWDUfVpgaQw8A9_61AHJUMg,Old Time Knowledge,https://cn--xtb.noxinfluencer.com/youtube/channel/UCWDUfVpgaQw8A9_61AHJUMg,-10,badcase,食物囤储频道，和婴幼儿补充剂关联弱，近期内容也不匹配
9524,UCVNlSp71RqjiMdHcBXas2Vg,Filmx Clips,https://cn--xtb.noxinfluencer.com/youtube/channel/UCVNlSp71RqjiMdHcBXas2Vg,-25,badcase,恐怖短片/剧情娱乐，和婴幼儿补充剂推广明显不相干
9525,UCLs4XKT54rFaa3UO6LXmg-Q,Meticulous Manicurist Acrylic Nails and Manicures,https://cn--xtb.noxinfluencer.com/youtube/channel/UCLs4XKT54rFaa3UO6LXmg-Q,-25,badcase,ASMR足部护理频道，属于强格式不匹配，不适合补充剂推广
9526,UCNJIFc_mst-6phSpkUlGdjA,Jen Desjourney,https://cn--xtb.noxinfluencer.com/youtube/channel/UCNJIFc_mst-6phSpkUlGdjA,-10,badcase,时尚穿搭频道，缺少婴幼儿营养或喂养语境，近期也不匹配
9527,UCNtbMHEzX9QUG8xuxg5qEvg,Dr Eric Sherrell,https://cn--xtb.noxinfluencer.com/youtube/channel/UCNtbMHEzX9QUG8xuxg5qEvg,-9,badcase,健康医疗泛题，近10条均为疼痛/康复故事，缺少婴幼儿营养场景
9528,UC2X-4XzQqwWEB5fOILTvM9Q,Time With The Limes,https://cn--xtb.noxinfluencer.com/youtube/channel/UC2X-4XzQqwWEB5fOILTvM9Q,-20,badcase,娱乐喜剧频道，核心受众不匹配，近10条均为搞笑家庭内容
9529,UCAAEAt3WAoOxXs_aMnmnquQ,Whumies.Official,https://cn--xtb.noxinfluencer.com/youtube/channel/UCAAEAt3WAoOxXs_aMnmnquQ,-10,badcase,手作玩偶频道，与婴儿补充剂主题无关，近10条均为手工/玩具
9530,UClAnU7OrvefAIIN_QKcG7FQ,branddottiperot earlinna,https://cn--xtb.noxinfluencer.com/youtube/channel/UClAnU7OrvefAIIN_QKcG7FQ,-25,badcase,搞笑表演频道，娱乐属性强，和婴儿补充剂推广场景不匹配
9531,UCY494yG8npeCJs9b3gNK4HQ,GrantLee,https://cn--xtb.noxinfluencer.com/youtube/channel/UCY494yG8npeCJs9b3gNK4HQ,-10,badcase,高尔夫教学频道，近10条全是球技内容，与婴儿补充剂无关
9532,UCXJkzpYeHsa2l66Am7b-bYg,Un Union Guy,https://cn--xtb.noxinfluencer.com/youtube/channel/UCXJkzpYeHsa2l66Am7b-bYg,-25,badcase,娱乐/ASMR导向，和婴儿补充剂推广场景明显不符
9533,UCK9gUA4_eyDRJ1Hush3bKrg,Zikr Space,https://cn--xtb.noxinfluencer.com/youtube/channel/UCK9gUA4_eyDRJ1Hush3bKrg,-9,badcase,泛健康号但无婴儿营养/补充剂意图，近10条也不匹配
9535,UCMI3F5WwjX4pcmcfTPksV3A,Rosie Acosta,https://cn--xtb.noxinfluencer.com/youtube/channel/UCMI3F5WwjX4pcmcfTPksV3A,-9,badcase,女性健康与更年期内容为主，缺少婴儿营养场景
9536,UCQ71p_VgPc538OCg_dGHoFg,Simply Kamy,https://cn--xtb.noxinfluencer.com/youtube/channel/UCQ71p_VgPc538OCg_dGHoFg,-8,badcase,宝妈家庭向可触达父母人群，但缺少婴儿补充剂意图
9537,UCbwa7CJXYs6Pbz-3lEKvD2g,COMMEDESJUSTIN,https://cn--xtb.noxinfluencer.com/youtube/channel/UCbwa7CJXYs6Pbz-3lEKvD2g,-22,badcase,生活时尚/吃播/ASMR型频道，近10期与婴儿补剂推广无关，属坏案例
9538,UCW1zPgqz4skyAzjXa_aLNRA,Ruby The Wenie,https://cn--xtb.noxinfluencer.com/youtube/channel/UCW1zPgqz4skyAzjXa_aLNRA,-25,badcase,近10条全是ASMR/宠物/娱乐内容，与婴儿补充剂推广明显不匹配
9539,UCja6slJ01P0Mgi0ux9GMVRQ,Dipped Tampa,https://cn--xtb.noxinfluencer.com/youtube/channel/UCja6slJ01P0Mgi0ux9GMVRQ,-10,badcase,烘焙甜点频道，与婴儿补充剂推广无关，最近10条也都不匹配
9540,UCZkZ3_TapsnciQyFhjHNz9w,NxtGen Network,https://cn--xtb.noxinfluencer.com/youtube/channel/UCZkZ3_TapsnciQyFhjHNz9w,-9,badcase,仅有泛健康词，内容是K-12校园餐饮，不适合婴幼儿补充剂推广
9541,UCMla9EyQDlPXUBsWOwmMqZg,UT MD Anderson Cancer Center,https://cn--xtb.noxinfluencer.com/youtube/channel/UCMla9EyQDlPXUBsWOwmMqZg,-24,badcase,癌症科普频道，受众与婴儿补充剂推广完全不匹配
9542,UC8yGTm0x7lDd00I4xRiDiFA,Babyslow’s Dance World,https://cn--xtb.noxinfluencer.com/youtube/channel/UC8yGTm0x7lDd00I4xRiDiFA,-20,badcase,以舞蹈娱乐为主，和婴幼儿补充剂推广场景无关
9543,UCJwJ8j0PYmrU6pymjR0SpQQ,Gummy Bear Gaming,https://cn--xtb.noxinfluencer.com/youtube/channel/UCJwJ8j0PYmrU6pymjR0SpQQ,-20,badcase,纯游戏内容，和婴幼儿补充剂投放场景不匹配
9544,UC_MKKvXX89Uypn8u2dI0byw,Oka Chinna Prayanam,https://cn--xtb.noxinfluencer.com/youtube/channel/UC_MKKvXX89Uypn8u2dI0byw,-10,badcase,偏综合娱乐和生活 vlog，缺少婴幼儿营养或育儿信号
9545,UCJA28IocS5464CaQKlGIArQ,Jabsco Flojet Rule,https://cn--xtb.noxinfluencer.com/youtube/channel/UCJA28IocS5464CaQKlGIArQ,-10,badcase,工业泵和家居解决方案内容，和婴幼儿补充剂无关
9546,UCoMxbmAa6EhOc330G6WhTOQ,Teacher Debbie's Schoolhouse,https://cn--xtb.noxinfluencer.com/youtube/channel/UCoMxbmAa6EhOc330G6WhTOQ,-10,badcase,儿童读物/学前教育频道，无婴儿营养或补剂推广语境
9547,UC3XN8gl3NJ5KPG9rBo0KJMg,Randy The Wild Horse,https://cn--xtb.noxinfluencer.com/youtube/channel/UC3XN8gl3NJ5KPG9rBo0KJMg,-25,badcase,宠物/野马内容，受众与人类婴儿补充剂明显不符
9548,UCpdEJspj9uyMKFz25AUfJaA,Haus of Creators,https://cn--xtb.noxinfluencer.com/youtube/channel/UCpdEJspj9uyMKFz25AUfJaA,-25,badcase,音乐娱乐为主，缺少婴儿营养或购买转化场景
9549,UC6mH_2vRjYZ5-khpLehqcyw,Pat Barber,https://cn--xtb.noxinfluencer.com/youtube/channel/UC6mH_2vRjYZ5-khpLehqcyw,-25,badcase,健身教练频道，偏成人训练，与婴儿补充剂受众错位
9550,UCHXjZagCrWdnkkx1rlpuqVg,HomeSteadHow,https://cn--xtb.noxinfluencer.com/youtube/channel/UCHXjZagCrWdnkkx1rlpuqVg,-25,badcase,成人生酮/减重内容为主，不适合婴儿补充剂推广
9551,UCmE2DUJwn_K_eF8VnPCdmJQ,Ke’Shayla,https://cn--xtb.noxinfluencer.com/youtube/channel/UCmE2DUJwn_K_eF8VnPCdmJQ,-3,badcase,家庭生活弱相关，但缺少婴儿营养/补充剂语境，近期多为烹饪恶搞
9552,UClIFqsmxnwVNNlsvjH1D1Aw,CBT Nuggets,https://cn--xtb.noxinfluencer.com/youtube/channel/UClIFqsmxnwVNNlsvjH1D1Aw,-10,badcase,IT培训频道，与婴儿补充剂推广无关，近10条也全不匹配
9553,UCFCGCZWsRin5-PPbJurOVkQ,سام,https://cn--xtb.noxinfluencer.com/youtube/channel/UCFCGCZWsRin5-PPbJurOVkQ,-20,badcase,短视频娱乐号，偏搞笑家庭内容，不适合婴儿补充剂推广
9554,UCcCXHSCqnDifufXItxRimSw,LynzCraftz Designz,https://cn--xtb.noxinfluencer.com/youtube/channel/UCcCXHSCqnDifufXItxRimSw,-10,badcase,手作树脂工艺频道，与婴儿补充剂无关，近10条都不匹配
9555,UCtwA1X3t0u-k8YNPQOgVb3Q,bnawellness,https://cn--xtb.noxinfluencer.com/youtube/channel/UCtwA1X3t0u-k8YNPQOgVb3Q,-10,badcase,健身私教频道，主题是训练展示，不是婴儿补充剂受众
9556,UC1fK07LIF1pGzH3VwEzANLg,The Jam Cats Music,https://cn--xtb.noxinfluencer.com/youtube/channel/UC1fK07LIF1pGzH3VwEzANLg,-8,badcase,儿童音乐频道只有泛儿童受众，缺少婴儿营养/补充剂意图
9557,UCanuHU5v_c3skrWguQ0kapA,EXTIM,https://cn--xtb.noxinfluencer.com/youtube/channel/UCanuHU5v_c3skrWguQ0kapA,-25,badcase,音乐娱乐频道，近期全是歌词/舞曲内容，不适合婴儿补充剂
9558,UC40Ngtzf1unbgi7xk9Z9FbQ,Andrea Alfonzo,https://cn--xtb.noxinfluencer.com/youtube/channel/UC40Ngtzf1unbgi7xk9Z9FbQ,-10,badcase,健身生活频道，缺少婴儿营养与育儿受众
9559,UC9I31ejphXAFmh5QmbwCvUg,Rizolik Topmoq,https://cn--xtb.noxinfluencer.com/youtube/channel/UC9I31ejphXAFmh5QmbwCvUg,-10,badcase,宗教宣讲频道，与婴儿补充剂推广场景不符
9560,UC1ZmFkXvfyTd_fScNm6vZPQ,Joanne Le,https://cn--xtb.noxinfluencer.com/youtube/channel/UC1ZmFkXvfyTd_fScNm6vZPQ,-14,badcase,美发娱乐为主，baby仅弱相关，缺少婴幼儿营养/补剂语境
9561,UC5BY8neeh9JVYmh4P2Lt2CA,DUGDUG,https://cn--xtb.noxinfluencer.com/youtube/channel/UC5BY8neeh9JVYmh4P2Lt2CA,-35,badcase,频道以娱乐/猫梗图为主，近10条多为脑洞娱乐或ASMR，与婴儿补充剂推广不符
9562,UC4GQ_E-kc5ZJhfVP2iP8MLA,CHIQUIMAMY ENTRE TU Y YO DE MUJER A MUJER,https://cn--xtb.noxinfluencer.com/youtube/channel/UC4GQ_E-kc5ZJhfVP2iP8MLA,-9,badcase,备孕怀孕内容为主，和婴儿补充剂受众不匹配
9563,UCohX4vazIdu4aKGp9pVkQsw,ChiklyInstitute,https://cn--xtb.noxinfluencer.com/youtube/channel/UCohX4vazIdu4aKGp9pVkQsw,-8,badcase,疗愈康复类频道，和婴儿补充剂关联很弱
9564,UC4LSE2PLxwzCSab2rRScvvA,Sam World,https://cn--xtb.noxinfluencer.com/youtube/channel/UC4LSE2PLxwzCSab2rRScvvA,-20,badcase,娱乐搞笑频道，内容与婴儿补充剂推广不匹配
9565,UCBayJNT_oQvMhsOJ3MrOb_Q,sankaraeyefoundation,https://cn--xtb.noxinfluencer.com/youtube/channel/UCBayJNT_oQvMhsOJ3MrOb_Q,-9,badcase,眼科公益频道，和婴儿补充剂没有直接相关
9566,UCqLkQR7NzU6_psMXFW3ezzw,Lentera Hidayah,https://cn--xtb.noxinfluencer.com/youtube/channel/UCqLkQR7NzU6_psMXFW3ezzw,-20,badcase,宗教内容夹杂ASMR，不适合婴儿补充剂推广
9567,UCy_WcDZNmoe-eInl4i04dMQ,The HERO Family,https://cn--xtb.noxinfluencer.com/youtube/channel/UCy_WcDZNmoe-eInl4i04dMQ,-7,badcase,家庭vlog有儿童场景，但无婴儿营养/补剂意图，近期内容也不匹配
9568,UC-wcvEzLqKV4Mjrc_zi-pbA,Crest,https://cn--xtb.noxinfluencer.com/youtube/channel/UC-wcvEzLqKV4Mjrc_zi-pbA,-25,badcase,牙齿美白频道，主域与婴儿补剂完全不相关，近期全是口腔护理内容
9569,UCsyZ1L36eXs-7VEZC8zcVkA,The Li Way,https://cn--xtb.noxinfluencer.com/youtube/channel/UCsyZ1L36eXs-7VEZC8zcVkA,-10,badcase,生活方式vlog为主，缺少婴儿/母婴/营养场景，近期内容偏日常娱乐
9570,UCn7PSy8D8wQrO8cKiVfZZ0g,UREVO_official,https://cn--xtb.noxinfluencer.com/youtube/channel/UCn7PSy8D8wQrO8cKiVfZZ0g,-8,badcase,跑步机/健身器材品牌号，和婴儿补剂受众与品类都不匹配
9571,UCiV3ydYjan3PZ_CndPxkJ3A,Hidrocalido Amigo,https://cn--xtb.noxinfluencer.com/youtube/channel/UCiV3ydYjan3PZ_CndPxkJ3A,-25,badcase,玩具/模型收藏频道，主要是手办和diorama，和婴儿补剂无关
9572,UCnm-JdoKsWi1kfK2iOpviZA,Behaviora,https://cn--xtb.noxinfluencer.com/youtube/channel/UCnm-JdoKsWi1kfK2iOpviZA,-20,badcase,动物科普短视频，和婴幼儿补剂推广几乎无关
9574,UC1OgJobCCFZMJxmR596pxtQ,Всяческий,https://cn--xtb.noxinfluencer.com/youtube/channel/UC1OgJobCCFZMJxmR596pxtQ,-25,badcase,宠物动物频道，目标受众明显不适合做人类婴幼儿补剂推广
9575,UCmdVMixQEK5zi4hXgJhdZag,Alhomí,https://cn--xtb.noxinfluencer.com/youtube/channel/UCmdVMixQEK5zi4hXgJhdZag,-25,badcase,音乐娱乐为主，和婴幼儿补剂推广场景不匹配
9577,UCX07gqb7ZMWUcOoGFwDjcxg,Nora Cake🍰,https://cn--xtb.noxinfluencer.com/youtube/channel/UCX07gqb7ZMWUcOoGFwDjcxg,-25,badcase,游戏角色扮演短剧频道，最近10条全是剧情娱乐，与婴儿补剂无关
9578,UCDOCeB6HIwBHdIC0rLNmcjg,SpeedyFlix,https://cn--xtb.noxinfluencer.com/youtube/channel/UCDOCeB6HIwBHdIC0rLNmcjg,-20,badcase,沙龙AI机器展示频道，偏美业科技，不适合婴儿补剂推广
9579,UC9HCAcUWklHXRrWQFU6KUpw,Lakayanm tv,https://cn--xtb.noxinfluencer.com/youtube/channel/UC9HCAcUWklHXRrWQFU6KUpw,-25,badcase,音乐直播和葬礼内容为主，与婴儿补剂受众不符
9580,UCfXg6PpmyP6c1h4vuerWUhw,Kelly Boesch AI Art,https://cn--xtb.noxinfluencer.com/youtube/channel/UCfXg6PpmyP6c1h4vuerWUhw,-20,badcase,AI艺术/音乐娱乐频道，偏作品展示，不适合婴儿补剂
9581,UCvAgRiAuFJ97CBWwPkVcrHA,adhd is the new REVOLUTION,https://cn--xtb.noxinfluencer.com/youtube/channel/UCvAgRiAuFJ97CBWwPkVcrHA,-9,badcase,仅有health泛标签，内容是ADHD健康，不是婴儿补剂
9582,UCDtkiuK25Jh07OXD6KzJ1jw,M4rk M4dness,https://cn--xtb.noxinfluencer.com/youtube/channel/UCDtkiuK25Jh07OXD6KzJ1jw,-25,badcase,游戏频道，主题与婴儿补充剂完全不匹配
9583,UCRcUUKn3IfKrLdnmm5pvHBw,Si Paling Sehat,https://cn--xtb.noxinfluencer.com/youtube/channel/UCRcUUKn3IfKrLdnmm5pvHBw,-10,badcase,草本叶片健康内容，缺少婴儿营养/补充剂购买或护理场景
9584,UCgUNFOnar07z_9A4iv8UK8g,ashmariesavage short,https://cn--xtb.noxinfluencer.com/youtube/channel/UCgUNFOnar07z_9A4iv8UK8g,-10,badcase,家居手作频道，近10条以装饰内容为主，不适合婴儿补充剂
9585,UCuibPnbecl6xvK10DYCmEkg,Factory Beats,https://cn--xtb.noxinfluencer.com/youtube/channel/UCuibPnbecl6xvK10DYCmEkg,-10,badcase,泛娱乐生活杂拍，缺少育儿和营养购买意图
9586,UCs12ZsiekjyxKT4610kaC8Q,Juwell Amin,https://cn--xtb.noxinfluencer.com/youtube/channel/UCs12ZsiekjyxKT4610kaC8Q,-20,badcase,娱乐短内容为主，促销场景弱且与婴儿补充剂不相关
9587,UCEa0UGciCJbNQ7XGO3lcbHw,Kaycee Rice **Official Channel**,https://cn--xtb.noxinfluencer.com/youtube/channel/UCEa0UGciCJbNQ7XGO3lcbHw,-10,badcase,无婴幼儿补剂相关标签，近期内容以舞蹈/生活方式为主且全不匹配
9588,UClnggEccgc8vLLqDsNGU2kw,"Hey, Ms. Traveler!",https://cn--xtb.noxinfluencer.com/youtube/channel/UClnggEccgc8vLLqDsNGU2kw,-10,badcase,以旅行和外交为主，缺少婴儿营养/护理购买意图，近期内容也基本不匹配
9589,UCzKJ21dDMsbY7IB7apLZPZQ,PV Storytime,https://cn--xtb.noxinfluencer.com/youtube/channel/UCzKJ21dDMsbY7IB7apLZPZQ,-30,badcase,儿童绘本故事频道，面向儿童娱乐，不适合推广婴儿营养补充剂
9590,UCq-9aFYDt2wj1DG8hnfJa_w,mzida,https://cn--xtb.noxinfluencer.com/youtube/channel/UCq-9aFYDt2wj1DG8hnfJa_w,-10,badcase,内容全是搞笑短视频，和婴儿补充剂推广无关
9591,UCiYGGVpIqlCVxWndNdWCtnA,Internet Noise,https://cn--xtb.noxinfluencer.com/youtube/channel/UCiYGGVpIqlCVxWndNdWCtnA,-25,badcase,音乐/娱乐频道，最近内容全是梗图和短视频，与婴幼儿补剂推广不符
9592,UCYzyiC0snVvxckBvUn0LyMg,Precious Keishawna,https://cn--xtb.noxinfluencer.com/youtube/channel/UCYzyiC0snVvxckBvUn0LyMg,-7,badcase,仅有妈妈泛人群信号，缺少婴儿营养/补剂内容，近期多为生活情绪类
9593,UC0-NGw63cT3R8HFC9h6t0UA,HFY SCI-FI DXZER,https://cn--xtb.noxinfluencer.com/youtube/channel/UC0-NGw63cT3R8HFC9h6t0UA,-35,badcase,科幻故事/睡前音频频道，和婴儿补充剂推广场景不符
9594,UCbO_ghdCOycnzrgZSNFEReg,Davron_vet,https://cn--xtb.noxinfluencer.com/youtube/channel/UCbO_ghdCOycnzrgZSNFEReg,-25,badcase,牛羊养殖内容，面向畜牧动物，与人类婴儿补充剂完全不符
9595,UCich_AhwvnKYctSJ-siKOsg,TarynTravels,https://cn--xtb.noxinfluencer.com/youtube/channel/UCich_AhwvnKYctSJ-siKOsg,-9,badcase,旅行频道，无母婴或营养购买意图，近期内容也不匹配
9596,UC8mgbdrwsvcfhcz9h3ZdBaA,Hey Twin!,https://cn--xtb.noxinfluencer.com/youtube/channel/UC8mgbdrwsvcfhcz9h3ZdBaA,-10,badcase,美发测评频道，受众与婴儿补充剂无关，近期全是假发内容
9597,UCXivvFhMyPi4u_0huwd-GZA,Julu  Kids - Nursery Rhymes,https://cn--xtb.noxinfluencer.com/youtube/channel/UCXivvFhMyPi4u_0huwd-GZA,-20,badcase,儿歌娱乐频道，补剂推广场景与受众都不匹配
9599,UC1N6VTQBc_eE1mXivdk9qGw,Naomi Day,https://cn--xtb.noxinfluencer.com/youtube/channel/UC1N6VTQBc_eE1mXivdk9qGw,-6,badcase,亲子生活线索较弱，缺少婴儿补剂的护理/营养语境
9600,UC4sNKtxYkNfuXDL2dnJLGkg,Fun  Toys Unboxing Cute,https://cn--xtb.noxinfluencer.com/youtube/channel/UC4sNKtxYkNfuXDL2dnJLGkg,-25,badcase,玩具ASMR开箱为主，属于明显的补剂推广格式错位
9601,UCTvEOY0y9gi2n6afcdC2atA,Life with Whitney Jean,https://cn--xtb.noxinfluencer.com/youtube/channel/UCTvEOY0y9gi2n6afcdC2atA,-10,badcase,生活vlog为主，仅有泛母婴线索，不足以支撑婴儿补剂推广
9602,UCuE_GT0658xN1vpoWD7xtnw,Eira Wag23,https://cn--xtb.noxinfluencer.com/youtube/channel/UCuE_GT0658xN1vpoWD7xtnw,-15,badcase,娱乐/艺术频道，婴儿补剂无关，近期内容多为剧情短视频
9603,UCBtSgEZk914z5InEs_U2J3w,Sketch A Day,https://cn--xtb.noxinfluencer.com/youtube/channel/UCBtSgEZk914z5InEs_U2J3w,-10,badcase,纯绘画教程频道，缺少母婴/营养/购买意图
9604,UCdb15i_e-j6dAkIa-B062qQ,Soy Diego Up,https://cn--xtb.noxinfluencer.com/youtube/channel/UCdb15i_e-j6dAkIa-B062qQ,-10,badcase,财经创业频道，与婴儿补剂目标人群不符
9605,UCckGwCEJspeey8Z5XmQu4TQ,Pesca a tu estilo,https://cn--xtb.noxinfluencer.com/youtube/channel/UCckGwCEJspeey8Z5XmQu4TQ,-20,badcase,宠物动物内容为主，与人类婴儿补剂完全错位
9606,UCa97lEoFF0kRF9gPIGK6LVA,LAU D,https://cn--xtb.noxinfluencer.com/youtube/channel/UCa97lEoFF0kRF9gPIGK6LVA,-10,badcase,只有穿搭短视频，缺少婴儿补剂相关信号
9607,UC6LQ2Tu6RhAtjF_cezj_Hcw,Workout Dope,https://cn--xtb.noxinfluencer.com/youtube/channel/UC6LQ2Tu6RhAtjF_cezj_Hcw,-22,badcase,音乐健身频道，内容与婴儿补充剂推广场景不匹配
9608,UC8oWqsAVeMxZMgrVDgzAkSw,Serrano's Vlog,https://cn--xtb.noxinfluencer.com/youtube/channel/UC8oWqsAVeMxZMgrVDgzAkSw,-10,badcase,美食/手工店内容为主，近期全是烹饪与门店宣传，与婴儿补充剂不相关
9609,UCM50DedHcj4itYFFdYvjerw,SolesTraveling,https://cn--xtb.noxinfluencer.com/youtube/channel/UCM50DedHcj4itYFFdYvjerw,-10,badcase,旅游生活频道，几乎无婴儿补充剂相关信号，近10条内容均不匹配
9610,UCsxNRYgyDE_Z7rG90LzaOsA,B Neil Brown,https://cn--xtb.noxinfluencer.com/youtube/channel/UCsxNRYgyDE_Z7rG90LzaOsA,-10,badcase,频道偏RV/康复生活内容，与婴儿营养补充剂无关，近期内容也全不匹配
9611,UCU_1lr4jGTXmuiBH57R9x6w,Life with Layne,https://cn--xtb.noxinfluencer.com/youtube/channel/UCU_1lr4jGTXmuiBH57R9x6w,-9,badcase,无婴幼儿营养/护理信号，近10条内容几乎全不匹配
9612,UCtaC4c8xRQUuXA9-3lSUs9Q,MoveMint,https://cn--xtb.noxinfluencer.com/youtube/channel/UCtaC4c8xRQUuXA9-3lSUs9Q,-10,badcase,趋势舞蹈娱乐内容，和婴儿补充剂推广场景不符
9613,UC0Pe9zvboVIxZSUX4jSHcvQ,TocaBoca6928🩵🍉,https://cn--xtb.noxinfluencer.com/youtube/channel/UC0Pe9zvboVIxZSUX4jSHcvQ,-10,badcase,Roblox娱乐内容为主，和婴儿补充剂推广不符
9615,UCGudGqToOw9hWGR88W9Jutg,Howtown,https://cn--xtb.noxinfluencer.com/youtube/channel/UCGudGqToOw9hWGR88W9Jutg,-10,badcase,科普知识频道，缺少婴儿营养与购买场景
9616,UCKBOyeYnGCqBR1-YCpV9Hdw,xoChloeElise,https://cn--xtb.noxinfluencer.com/youtube/channel/UCKBOyeYnGCqBR1-YCpV9Hdw,-2,badcase,母婴生活弱相关，但无婴儿营养/补充剂意图，近作偏vlog餐饮美妆
9617,UCJ4fjwl5yDrpiZiUZ69YPrQ,MISTER ARTHER VODS,https://cn--xtb.noxinfluencer.com/youtube/channel/UCJ4fjwl5yDrpiZiUZ69YPrQ,-10,badcase,直播/娱乐频道，和婴儿补剂推广场景不匹配
9618,UCLaPKKGsKr3RJlTXjGak-Ng,LALONNIE,https://cn--xtb.noxinfluencer.com/youtube/channel/UCLaPKKGsKr3RJlTXjGak-Ng,-10,badcase,美妆香水频道，与婴儿补剂用途不符
9619,UCIgYy3fmr-SpmbGdiZPdyUQ,NEXT MEDIA,https://cn--xtb.noxinfluencer.com/youtube/channel/UCIgYy3fmr-SpmbGdiZPdyUQ,-10,badcase,体育新闻类频道，和婴儿补剂推广不相关
9620,UCMTbb8E3S8m7fNWZdEgBkuw,TS Vertex LLC,https://cn--xtb.noxinfluencer.com/youtube/channel/UCMTbb8E3S8m7fNWZdEgBkuw,-25,badcase,娱乐/游戏/电影类频道，和婴儿补剂推广场景明显不符
9621,UC8c236hE_c0rwX5sVOeDB9w,Super Good,https://cn--xtb.noxinfluencer.com/youtube/channel/UC8c236hE_c0rwX5sVOeDB9w,-25,badcase,音乐/Meme娱乐频道，偏故事化与音频内容，不适合婴儿补剂
9622,UCJsE0QjrhznKXwRCI52_Rbw,Kenna KAY,https://cn--xtb.noxinfluencer.com/youtube/channel/UCJsE0QjrhznKXwRCI52_Rbw,-10,badcase,生活vlog型频道，近10条全是创业/日常，与婴儿补剂无关
9623,UCimp79C2Pl9RZRtmib3bOMA,CUTE PETS,https://cn--xtb.noxinfluencer.com/youtube/channel/UCimp79C2Pl9RZRtmib3bOMA,-25,badcase,宠物娱乐号，动物受众与人类婴儿补剂目标明显不匹配
9624,UCgbwUSqhLgF12sNJQ8IAfPw,Funny videos and memes,https://cn--xtb.noxinfluencer.com/youtube/channel/UCgbwUSqhLgF12sNJQ8IAfPw,-25,badcase,纯搞笑/meme频道，偏娱乐内容，不适合婴儿补剂推广
9625,UCNJIFc_mst-6phSpkUlGdjA,Jen Desjourney,https://cn--xtb.noxinfluencer.com/youtube/channel/UCNJIFc_mst-6phSpkUlGdjA,-10,badcase,时尚穿搭号，内容偏OOTD和试穿，缺少母婴营养意图
9626,UCreEkzz1B4i3rHX_ge_RfdA,The Princess Who Loves Beauty,https://cn--xtb.noxinfluencer.com/youtube/channel/UCreEkzz1B4i3rHX_ge_RfdA,-25,badcase,家庭恶搞短视频号，偏搞笑表演，不是母婴/营养场景
9627,UC2X-4XzQqwWEB5fOILTvM9Q,Time With The Limes,https://cn--xtb.noxinfluencer.com/youtube/channel/UC2X-4XzQqwWEB5fOILTvM9Q,-19,badcase,家庭搞笑娱乐频道，缺少婴儿营养/健康补剂语境
9628,UChfFqkwAJOov5YpoOGm3UXQ,TeAmCR7,https://cn--xtb.noxinfluencer.com/youtube/channel/UChfFqkwAJOov5YpoOGm3UXQ,-10,badcase,足球娱乐型频道，和婴儿补剂推广几乎无关
9629,UC5bwtbVZH0qMAJBh--eoREg,RM Fruit,https://cn--xtb.noxinfluencer.com/youtube/channel/UC5bwtbVZH0qMAJBh--eoREg,-10,badcase,果蔬切配自然内容，缺少婴儿营养或补剂场景
9630,UCXJkzpYeHsa2l66Am7b-bYg,Un Union Guy,https://cn--xtb.noxinfluencer.com/youtube/channel/UCXJkzpYeHsa2l66Am7b-bYg,-25,badcase,娱乐+ASMR为主，属于物理产品推广格式不匹配
9633,UCja6slJ01P0Mgi0ux9GMVRQ,Dipped Tampa,https://cn--xtb.noxinfluencer.com/youtube/channel/UCja6slJ01P0Mgi0ux9GMVRQ,-10,badcase,甜品烘焙频道，与婴儿补充剂无关，近期内容全是甜点烘焙
9634,UC8yGTm0x7lDd00I4xRiDiFA,Babyslow’s Dance World,https://cn--xtb.noxinfluencer.com/youtube/channel/UC8yGTm0x7lDd00I4xRiDiFA,-20,badcase,舞蹈娱乐为主，近10条全不相关，补剂推广缺乏受众与购买意图
9635,UC_MKKvXX89Uypn8u2dI0byw,Oka Chinna Prayanam,https://cn--xtb.noxinfluencer.com/youtube/channel/UC_MKKvXX89Uypn8u2dI0byw,-15,badcase,亲子搞笑娱乐号，缺少婴儿营养或母婴护理信号
9636,UCJA28IocS5464CaQKlGIArQ,Jabsco Flojet Rule,https://cn--xtb.noxinfluencer.com/youtube/channel/UCJA28IocS5464CaQKlGIArQ,-9,badcase,仅有生活方式泛标签，近10条内容均与婴儿补剂不相关
9637,UCMPipGGw10IIxwoynGHGa1A,INAREVIEW,https://cn--xtb.noxinfluencer.com/youtube/channel/UCMPipGGw10IIxwoynGHGa1A,-8,badcase,仅有健康/食品弱相关，近期全是电子产品评测，不适合婴童补充剂
9638,UCDwcn0pDF5rp29whA7bUSXA,VARGASAVOUR SHORTS,https://cn--xtb.noxinfluencer.com/youtube/channel/UCDwcn0pDF5rp29whA7bUSXA,-10,badcase,纯烹饪甜点频道，缺少婴幼儿或营养购买意图，和补充剂推广不相关
9639,UC55RwnQ4JEPfOgv2-JxlK6w,QUỐC DŨNG,https://cn--xtb.noxinfluencer.com/youtube/channel/UC55RwnQ4JEPfOgv2-JxlK6w,-10,badcase,宗教/活动记录为主，近期内容与婴幼儿营养补充无关，推广相关性很低
9640,UC6mH_2vRjYZ5-khpLehqcyw,Pat Barber,https://cn--xtb.noxinfluencer.com/youtube/channel/UC6mH_2vRjYZ5-khpLehqcyw,-9,badcase,健身/CrossFit内容与婴儿补充剂受众不匹配，近期内容全偏离
9641,UCRp3AJKwowI3O5cAspWf-dA,AntiClimsx,https://cn--xtb.noxinfluencer.com/youtube/channel/UCRp3AJKwowI3O5cAspWf-dA,-25,badcase,二次元剧情解说频道，娱乐属性强，和婴儿营养补充品推广完全不符
9642,UC0wv8XeGjshdFHTgh8Y7a_Q,DeAmber J,https://cn--xtb.noxinfluencer.com/youtube/channel/UC0wv8XeGjshdFHTgh8Y7a_Q,-9,badcase,健康泛内容，缺少婴儿/营养/补充剂信号，近10条也不匹配
9643,UCkHdVyLYmQqFIvMVdBppXrA,New Kids Video,https://cn--xtb.noxinfluencer.com/youtube/channel/UCkHdVyLYmQqFIvMVdBppXrA,-25,badcase,AI娱乐动物短片，属于明显推广格式不匹配
9644,UCLG6iDyruGVIQF4EJq8IRGw,Julia’s Life,https://cn--xtb.noxinfluencer.com/youtube/channel/UCLG6iDyruGVIQF4EJq8IRGw,-9,badcase,生活类频道，虽有母亲场景但无婴儿补充剂信号
9645,UCV4x3zgFGQBye2GKcDPTYNw,Country Dirt Kid,https://cn--xtb.noxinfluencer.com/youtube/channel/UCV4x3zgFGQBye2GKcDPTYNw,-8,badcase,户外野生动物内容为主，与婴儿补充剂受众不符
9646,UCejQVzTw7S7pYVcqkdjTbmQ,LaTasha,https://cn--xtb.noxinfluencer.com/youtube/channel/UCejQVzTw7S7pYVcqkdjTbmQ,-8,badcase,美妆生活频道，缺少婴儿喂养/营养相关内容
9647,UCZg1crT3wKsoxXGT_ATmJfA,Gato Rainbow & Gata Moon,https://cn--xtb.noxinfluencer.com/youtube/channel/UCZg1crT3wKsoxXGT_ATmJfA,-10,badcase,手工玩具频道，和婴儿补充剂推广无关，近期内容全是手工主题
9648,UCyf6wA6AkuiuETf6HY9kYEQ,KTTC,https://cn--xtb.noxinfluencer.com/youtube/channel/UCyf6wA6AkuiuETf6HY9kYEQ,-9,badcase,本地新闻频道，只有泛健康标签，缺少婴儿营养或母婴购买意图
9649,UCwMIu60ykuB0vLBuviLs8PQ,medi USA,https://cn--xtb.noxinfluencer.com/youtube/channel/UCwMIu60ykuB0vLBuviLs8PQ,-25,badcase,成人医用压缩袜频道，和婴儿补充剂受众完全不匹配
9650,UCzQNOSzqgpDBb4j6QyXMOgg,RUDE LIFE,https://cn--xtb.noxinfluencer.com/youtube/channel/UCzQNOSzqgpDBb4j6QyXMOgg,-10,badcase,宗教/短视频杂内容频道，最近内容也不体现母婴营养购买场景
9651,UC9-BL1gy0lf-sxbCwe4QsIQ,Greek Garden Maine Coons,https://cn--xtb.noxinfluencer.com/youtube/channel/UC9-BL1gy0lf-sxbCwe4QsIQ,-25,badcase,宠物猫繁育频道，动物受众与人类婴儿补充剂推广互斥
9652,UC6K7ksrUidTzdlSgHtZ2fkQ,Reece Kanglisthenics,https://cn--xtb.noxinfluencer.com/youtube/channel/UC6K7ksrUidTzdlSgHtZ2fkQ,-25,badcase,游戏频道且近10条全是训练/游戏内容，婴幼儿补剂不匹配
9653,UCdhYLrgEWQL0u5GpQgqCZIg,Rachel / Keet,https://cn--xtb.noxinfluencer.com/youtube/channel/UCdhYLrgEWQL0u5GpQgqCZIg,-15,badcase,游戏/个人议题频道，几乎无婴幼儿补剂相关场景
9654,UCogFKXVGC3V0NVedVv1432w,Stamford Health,https://cn--xtb.noxinfluencer.com/youtube/channel/UCogFKXVGC3V0NVedVv1432w,-5,badcase,仅有泛健康弱相关，近期以癌症/医院人物内容为主，缺少婴儿营养补剂意图
9655,UC3C0ry83lWIVWsAyMaK-OcQ,Misscarriejune,https://cn--xtb.noxinfluencer.com/youtube/channel/UC3C0ry83lWIVWsAyMaK-OcQ,-10,badcase,健身生活向，近期内容多为训练和饮食，和婴幼儿补剂关联弱
9656,UCeJFTBMqfPonbzKBekPanXA,Tresor Studio 3D,https://cn--xtb.noxinfluencer.com/youtube/channel/UCeJFTBMqfPonbzKBekPanXA,-8,badcase,婚礼/娱乐频道有婴儿庆祝内容，但整体不适合补剂推广
9657,UCaAc6wmqn0bdor2z7jz2lzA,Andres Colin,https://cn--xtb.noxinfluencer.com/youtube/channel/UCaAc6wmqn0bdor2z7jz2lzA,-25,badcase,音乐表演频道，和婴儿补充剂推广不相关，近期内容也全是演出
9658,UCHDw7RW7ItnTuijYfkEGCfQ,Kho Phim Truyền Hình Trung Quốc,https://cn--xtb.noxinfluencer.com/youtube/channel/UCHDw7RW7ItnTuijYfkEGCfQ,-25,badcase,影视剧频道，主内容是连续剧和电影，和婴儿补充剂推广不匹配
9659,UCk3To0B8qC5_1YGeUUDcj6w,Unibono Pro,https://cn--xtb.noxinfluencer.com/youtube/channel/UCk3To0B8qC5_1YGeUUDcj6w,-10,badcase,成人剃毛器推广号，受众和婴儿补充剂完全错位，近期也全是同类商品
9660,UClFDTg7a0K8y31nFHUTxGXA,Simeralla,https://cn--xtb.noxinfluencer.com/youtube/channel/UClFDTg7a0K8y31nFHUTxGXA,-25,badcase,游戏频道，主内容是模拟经营，和婴儿补充剂没有可用的推广场景
9661,UCeF17v0Hqv0-tShYveXwxfw,the Barberettez,https://cn--xtb.noxinfluencer.com/youtube/channel/UCeF17v0Hqv0-tShYveXwxfw,-8,badcase,家庭vlog偏生活娱乐，缺少婴儿营养语境，近期也不相关
9662,UCNpYHIsxE7D3KP6FucS1H8g,Mammoth Overland,https://cn--xtb.noxinfluencer.com/youtube/channel/UCNpYHIsxE7D3KP6FucS1H8g,-10,badcase,越野露营频道，近期内容与婴儿营养补充完全不相关
9663,UCPh9nzLo-AeX-XfKhjPVGLQ,YourSelf,https://cn--xtb.noxinfluencer.com/youtube/channel/UCPh9nzLo-AeX-XfKhjPVGLQ,-10,badcase,维修教程频道，受众和婴儿补充剂推广场景不匹配
9664,UCgx3NRI-X7aTZBz-ub7Klrg,GAMIIGO,https://cn--xtb.noxinfluencer.com/youtube/channel/UCgx3NRI-X7aTZBz-ub7Klrg,-25,badcase,游戏短视频频道，娱乐属性强，和婴儿补充剂推广冲突
9665,UCkglBFRqghqgefhIoaJrw1Q,Everyday Upgrades,https://cn--xtb.noxinfluencer.com/youtube/channel/UCkglBFRqghqgefhIoaJrw1Q,-8,badcase,偏家居好物推荐，只有泛购物属性，缺少婴儿/营养相关性
9667,UCMJQJcvveDzc1N5qYJSX7Nw,Perfect Biscuits,https://cn--xtb.noxinfluencer.com/youtube/channel/UCMJQJcvveDzc1N5qYJSX7Nw,-9,badcase,内容以书写练习为主，与婴儿补剂几乎无关，近期也多为文具/写字主题
9668,UCJGAo5yG8yAzIz_-aX2SmEA,ItsMsTiffanyRe G,https://cn--xtb.noxinfluencer.com/youtube/channel/UCJGAo5yG8yAzIz_-aX2SmEA,-6,badcase,有产品测评格式，但受众偏美妆时尚，和婴儿补剂场景不匹配
9669,UC1TL_Fv7neoRf7Tb6mmRhtA,天策游戏解说,https://cn--xtb.noxinfluencer.com/youtube/channel/UC1TL_Fv7neoRf7Tb6mmRhtA,-10,badcase,游戏/段子式内容，和婴儿营养补剂推广完全不在一个受众域
9670,UCYcOTPfKZhCST04dBytbb1w,Revive Surgical Institute,https://cn--xtb.noxinfluencer.com/youtube/channel/UCYcOTPfKZhCST04dBytbb1w,-7,badcase,医疗整形频道虽有健康词，但核心是成人术后与美容，不是婴儿补剂
9672,UCUMhe1kamJgiGw_0ewWNwNg,The world of women and children,https://cn--xtb.noxinfluencer.com/youtube/channel/UCUMhe1kamJgiGw_0ewWNwNg,-7,badcase,儿童家庭向内容多，但与婴儿营养补充剂缺少直连
9675,UCAspRxQp-hbVTTrM183eMIQ,Senior Strength Solutions,https://cn--xtb.noxinfluencer.com/youtube/channel/UCAspRxQp-hbVTTrM183eMIQ,-25,badcase,动画故事频道以叙事娱乐为主，与婴儿补充剂推广明显不符
9676,UCqB0vMYVYsTiOFCv2GEWdeA,Confession Diary - Animated Stories,https://cn--xtb.noxinfluencer.com/youtube/channel/UCqB0vMYVYsTiOFCv2GEWdeA,-25,badcase,动画故事娱乐号，最新内容全是剧情短片，与婴儿营养补充剂推广明显不符
9677,UCVZWQcViqH0hriQ_KmlHHZg,Girl's Toy Discovery,https://cn--xtb.noxinfluencer.com/youtube/channel/UCVZWQcViqH0hriQ_KmlHHZg,-20,badcase,玩具/ASMR频道，和婴儿补充剂推广场景明显不符
9678,UC97AwMH5G5iKcNfGQpsumHw,Fitness Gear,https://cn--xtb.noxinfluencer.com/youtube/channel/UC97AwMH5G5iKcNfGQpsumHw,-20,badcase,健身器材频道，缺少婴儿营养/育儿补充剂信号
9679,UC0amP0Antw84SMWANbt3JDg,Simply SaraB,https://cn--xtb.noxinfluencer.com/youtube/channel/UC0amP0Antw84SMWANbt3JDg,-2,badcase,偏食品/健康内容，但缺少婴儿营养或育儿补充剂信号
9680,UCW9U91lXbEz2js-NRFk2fXg,Comedy Caliente,https://cn--xtb.noxinfluencer.com/youtube/channel/UCW9U91lXbEz2js-NRFk2fXg,-25,badcase,纯喜剧娱乐频道，与婴儿补充剂推广完全不符
9681,UCQrS9wSM1qulM_5mvn79EZQ,Z.C.M - EATS,https://cn--xtb.noxinfluencer.com/youtube/channel/UCQrS9wSM1qulM_5mvn79EZQ,-25,badcase,ASMR吃播频道，属于强格式错配，不适合婴儿补充剂推广
9682,UCsv24qBIV-Fn0XeaujNDhOQ,liadas,https://cn--xtb.noxinfluencer.com/youtube/channel/UCsv24qBIV-Fn0XeaujNDhOQ,-10,badcase,时尚GRWM频道，受众与婴童补充剂明显不匹配
9683,UCSmYtVo0zSzFi6cQZvggWCw,BLISS,https://cn--xtb.noxinfluencer.com/youtube/channel/UCSmYtVo0zSzFi6cQZvggWCw,-10,badcase,美发美妆频道，只有泛产品感，缺少婴童营养相关性
9684,UCRMm0XsCNWysks801A70rbQ,BrainSpark,https://cn--xtb.noxinfluencer.com/youtube/channel/UCRMm0XsCNWysks801A70rbQ,-20,badcase,AI/悬疑短视频娱乐向，和婴童补充剂推广场景不符
9685,UCHf9xSPJXDgQ0r-Shq70CsA,Amy Baumetz,https://cn--xtb.noxinfluencer.com/youtube/channel/UCHf9xSPJXDgQ0r-Shq70CsA,-14,badcase,精油/团队内容为主，缺少婴儿营养或补充剂语境
9686,UCA8aUfYRPjYepglDSP-8yNg,MindCrest,https://cn--xtb.noxinfluencer.com/youtube/channel/UCA8aUfYRPjYepglDSP-8yNg,-20,badcase,剧情短剧内容为主，属于明显的娱乐分发场景
9687,UCf3LhcxXiWLubGcizoY2uiw,ToriVFit,https://cn--xtb.noxinfluencer.com/youtube/channel/UCf3LhcxXiWLubGcizoY2uiw,-24,badcase,成人健身频道，和婴儿补充剂受众不匹配
9688,UCp0Zw7hJpYPrz8PnLwiTDhQ,The Brian MacFarlane Effect,https://cn--xtb.noxinfluencer.com/youtube/channel/UCp0Zw7hJpYPrz8PnLwiTDhQ,-25,badcase,以娱乐和灵异话题为主，不适合婴儿补充剂推广
9689,UCfSE4RV5sqGXbz2tsfoTd2g,60 Seconds with God,https://cn--xtb.noxinfluencer.com/youtube/channel/UCfSE4RV5sqGXbz2tsfoTd2g,-25,badcase,博彩祷告混合频道，和婴儿营养产品完全无关
9690,UCYUAQ3JN8tbYpm2NaCKxSsw,Courtly Jester,https://cn--xtb.noxinfluencer.com/youtube/channel/UCYUAQ3JN8tbYpm2NaCKxSsw,-10,badcase,玩偶开箱频道，受众与婴儿补充剂购买场景不符
9692,UCYLUsZJNeI-9iIjiyOMRv3w,YoungLA World,https://cn--xtb.noxinfluencer.com/youtube/channel/UCYLUsZJNeI-9iIjiyOMRv3w,-10,badcase,健身生活方式频道，近期内容均非婴儿营养/补充剂场景
9693,UCluZ_YLdjxQ6AXkabRSOv_A,Sweetness house,https://cn--xtb.noxinfluencer.com/youtube/channel/UCluZ_YLdjxQ6AXkabRSOv_A,-10,badcase,蛋糕烘焙频道，内容与婴儿补充剂推广无关
9694,UCBr11iDNqbpbTm4UZnYzreQ,Ornim Hossain,https://cn--xtb.noxinfluencer.com/youtube/channel/UCBr11iDNqbpbTm4UZnYzreQ,-10,badcase,旅行摩托vlog，主题与婴儿补充剂推广不匹配
9695,UCqblpfW2m1ao3X1FvHf8Duw,EXPLUNDLE,https://cn--xtb.noxinfluencer.com/youtube/channel/UCqblpfW2m1ao3X1FvHf8Duw,-15,badcase,动画娱乐频道，属叙事娱乐，和婴儿补充剂不适配
9696,UCEBb3yB9CA9gcZ0fPgd4stA,dudu,https://cn--xtb.noxinfluencer.com/youtube/channel/UCEBb3yB9CA9gcZ0fPgd4stA,-25,badcase,喜剧短剧频道，主要是娱乐内容，不适合婴儿补充剂推广
9697,UCkH4g7NHFxclawVkJ9Vz0bw,Starbuckswithqvise,https://cn--xtb.noxinfluencer.com/youtube/channel/UCkH4g7NHFxclawVkJ9Vz0bw,-10,badcase,咖啡饮品频道，近10条全是星巴克/美食内容，与婴儿营养补充无关
9698,UCHqdY3xmCEHTECMXb5mGflg,Princess Adelisa,https://cn--xtb.noxinfluencer.com/youtube/channel/UCHqdY3xmCEHTECMXb5mGflg,-10,badcase,时尚娱乐向频道，近10条均为剧情/挑战/美妆内容，不适合婴儿补充剂推广
9699,UCXj3DvUor1tI1EV6QptEx7Q,EFRAIN B,https://cn--xtb.noxinfluencer.com/youtube/channel/UCXj3DvUor1tI1EV6QptEx7Q,-10,badcase,音乐/农耕内容频道，最近10条与婴儿健康和营养补充完全不相关
9700,UC238UMi-UTnWLx7feDXQxBQ,Catron Culture,https://cn--xtb.noxinfluencer.com/youtube/channel/UC238UMi-UTnWLx7feDXQxBQ,-10,badcase,美食家庭喜剧频道，近10条都是搞笑/亲子梗，缺少婴儿补充剂相关信号
9701,UCMYN_NF5995-EJAnymYwPtQ,thnento games,https://cn--xtb.noxinfluencer.com/youtube/channel/UCMYN_NF5995-EJAnymYwPtQ,-10,badcase,儿童歌曲/游戏娱乐频道，近10条均非婴儿护理或营养补充内容
9702,UC2zL2hAdHXk-tbVWfd7f5WQ,Rose Fashion,https://cn--xtb.noxinfluencer.com/youtube/channel/UC2zL2hAdHXk-tbVWfd7f5WQ,-10,badcase,时尚穿搭频道，受众与婴儿营养品推广无关
9703,UCaSfxwgxHAICSHLef4GEdaQ,Benzo Boppy | @BenzoBoppy,https://cn--xtb.noxinfluencer.com/youtube/channel/UCaSfxwgxHAICSHLef4GEdaQ,-25,badcase,游戏/音乐音频号，和婴儿补充剂推广场景不符
9705,UC5b-YygiexMndQajsVsycGg,A Beautiful Mess,https://cn--xtb.noxinfluencer.com/youtube/channel/UC5b-YygiexMndQajsVsycGg,-1,badcase,妈妈生活/家庭弱相关，但缺少婴儿营养或补剂推广语境
9707,UCzM91DfpMdgRdL9yw9ZgzIw,25Home Furniture,https://cn--xtb.noxinfluencer.com/youtube/channel/UCzM91DfpMdgRdL9yw9ZgzIw,-10,badcase,家居家具频道，与婴儿营养补充剂推广无关
9708,UCJSbWGvPYAMvYa_fOHM6GCQ,Naomi Gottlieb-Miller,https://cn--xtb.noxinfluencer.com/youtube/channel/UCJSbWGvPYAMvYa_fOHM6GCQ,-9,badcase,健身健康向内容，但缺少母婴/婴儿营养语境
9709,UCcLDxRgvlABHpyJ_LP3XDZA,Garage Gym Life,https://cn--xtb.noxinfluencer.com/youtube/channel/UCcLDxRgvlABHpyJ_LP3XDZA,-10,badcase,硬核健身频道，和婴儿补充剂的受众不匹配
9710,UCzDIyDDSYrg35DWXo-ur9eQ,LintageBeauty,https://cn--xtb.noxinfluencer.com/youtube/channel/UCzDIyDDSYrg35DWXo-ur9eQ,-12,badcase,仅有泛健康/生活弱信号，前五含宠物且近期内容多为娱乐美妆家居
9711,UCeEFXJenxHuP-6imq0IKQlg,NextGen Play,https://cn--xtb.noxinfluencer.com/youtube/channel/UCeEFXJenxHuP-6imq0IKQlg,-30,badcase,动画娱乐频道，属于强格式不匹配，基本不适合推婴儿补充剂
9712,UCRIefdfM7nn9u616oUiJteg,Melissa Freeman,https://cn--xtb.noxinfluencer.com/youtube/channel/UCRIefdfM7nn9u616oUiJteg,-8,badcase,仅有孕产/家庭弱场景，缺少婴儿营养补充相关内容
9713,UCEef53hZRZrl1G5tRBEAxIA,Shane Hunt,https://cn--xtb.noxinfluencer.com/youtube/channel/UCEef53hZRZrl1G5tRBEAxIA,-9,badcase,健身频道，只有泛健康标签，和婴儿补剂推广不匹配
9714,UCuT8HS-uCzDUCGnhhj1Q-vQ,SandraPinkStar,https://cn--xtb.noxinfluencer.com/youtube/channel/UCuT8HS-uCzDUCGnhhj1Q-vQ,-9,badcase,以购物/日常分享为主，缺少母婴营养或婴儿补剂语境
9715,UCLB2YrgM5JzAJY8T0hytieg,Lanomiz Health Official,https://cn--xtb.noxinfluencer.com/youtube/channel/UCLB2YrgM5JzAJY8T0hytieg,-9,badcase,泛健康睡眠内容，缺少母婴护理和婴儿营养购买意图
9716,UCes4JxYJ2LCOHiDeQsxIJLA,Nine te 9 mo explain,https://cn--xtb.noxinfluencer.com/youtube/channel/UCes4JxYJ2LCOHiDeQsxIJLA,-25,badcase,游戏娱乐号，格式和受众都不适合婴儿补剂推广
9717,UCgCXwXTXsfzG6KPOONtTIcQ,Luis R Vale,https://cn--xtb.noxinfluencer.com/youtube/channel/UCgCXwXTXsfzG6KPOONtTIcQ,-10,badcase,男士理发/旅行内容为主，近10条也都不涉婴儿营养
9718,UCDIjz4ERNUcqcIPlGVC5kFA,Vision VR 360,https://cn--xtb.noxinfluencer.com/youtube/channel/UCDIjz4ERNUcqcIPlGVC5kFA,-22,badcase,360°剧情VR娱乐号，和婴儿补充剂推广强不匹配
9719,UC21spkLmOJFsM3VrBIeBPQA,Winner-mike,https://cn--xtb.noxinfluencer.com/youtube/channel/UC21spkLmOJFsM3VrBIeBPQA,-20,badcase,影视娱乐和恶搞内容为主，不适合婴儿补充剂推广
9720,UCg1uneb-G9cL_CCMleGcYrA,Subeo Toys,https://cn--xtb.noxinfluencer.com/youtube/channel/UCg1uneb-G9cL_CCMleGcYrA,-35,badcase,ASMR玩具开箱频道，格式强错配，和婴儿补充剂无关
9721,UCLYNBkNpKpcdbLb4e6enB5A,Soaps Indepth,https://cn--xtb.noxinfluencer.com/youtube/channel/UCLYNBkNpKpcdbLb4e6enB5A,-25,badcase,肥皂剧爆料娱乐号，剧情向内容不适合婴儿补充剂
9722,UCfYVihEINqMbV7NqQBdvlMA,Andy McDermott Fitness,https://cn--xtb.noxinfluencer.com/youtube/channel/UCfYVihEINqMbV7NqQBdvlMA,-9,badcase,无婴儿相关标签，近期全是成人健身内容，和婴儿补充剂推广不匹配
9723,UC1ea-CDBneRgQmcTKhdpKPQ,Kelly Yager,https://cn--xtb.noxinfluencer.com/youtube/channel/UC1ea-CDBneRgQmcTKhdpKPQ,-10,badcase,偏时尚健身vlog，近10条无母婴/营养/补剂内容
9724,UCWBw1PAcJfWtqaNpsFIOeiA,Cody_Lynn1,https://cn--xtb.noxinfluencer.com/youtube/channel/UCWBw1PAcJfWtqaNpsFIOeiA,-9,badcase,仅有泛用产品评测标签，缺少婴儿营养/护理相关性，近期内容也基本不匹配
9725,UC1DlNwFPwnAL8T7tb4iJDFA,Aunusti Hellams,https://cn--xtb.noxinfluencer.com/youtube/channel/UC1DlNwFPwnAL8T7tb4iJDFA,-10,badcase,以美妆生活为主，虽有护理护士内容，但与婴儿补充剂推广无直接相关
9726,UCsWUtxDjFnjWMFZD5pcHjpw,No Clout Noel,https://cn--xtb.noxinfluencer.com/youtube/channel/UCsWUtxDjFnjWMFZD5pcHjpw,-10,badcase,以餐饮/生活记录为主，近10条均无婴儿营养或补剂相关信号
9727,UCrwL5xWN49WcK5GMXKzPtfQ,CDN - Health,https://cn--xtb.noxinfluencer.com/youtube/channel/UCrwL5xWN49WcK5GMXKzPtfQ,-8,badcase,泛健康频道，缺少婴儿/育儿/补剂购买场景，近期内容也偏成人糖尿病健康
9728,UCjb65qaJeEhLczurmS16aPQ,ChucklyPlay,https://cn--xtb.noxinfluencer.com/youtube/channel/UCjb65qaJeEhLczurmS16aPQ,-20,badcase,儿童娱乐/电影号与婴儿补剂推广场景不符，近10条均为玩乐手作内容
9729,UCndHmAfEPQBOLmTB7NI_waQ,Prince Charminghair,https://cn--xtb.noxinfluencer.com/youtube/channel/UCndHmAfEPQBOLmTB7NI_waQ,-8,badcase,美发/生活号与婴儿补剂缺乏直接相关，近期内容多为头发和宠物杂项
9730,UCoK4zkDyv_xRUrQRC9m9NTw,SurpriseToys ASMR,https://cn--xtb.noxinfluencer.com/youtube/channel/UCoK4zkDyv_xRUrQRC9m9NTw,-25,badcase,ASMR拆箱无口播是强格式错配，和婴儿补剂推广几乎无关
9731,UC5TktPPgmW1VML0SGq45RrA,TJ Therrien,https://cn--xtb.noxinfluencer.com/youtube/channel/UC5TktPPgmW1VML0SGq45RrA,-15,badcase,喜剧家庭号偏娱乐短视频，缺少母婴/营养/购买导向内容
9732,UCKM26lpqcoobETDzsyMSCCw,Visit Plano,https://cn--xtb.noxinfluencer.com/youtube/channel/UCKM26lpqcoobETDzsyMSCCw,-8,badcase,家庭/旅游生活号，只有弱泛家庭信号，近10条都不讲婴儿营养
9733,UCexRp5sgbdPPGEBUFRtv1Vg,Tre,https://cn--xtb.noxinfluencer.com/youtube/channel/UCexRp5sgbdPPGEBUFRtv1Vg,-35,badcase,娱乐整活/Omegle频道，和婴儿补充剂推广强不匹配
9734,UC1I8T-VrRR2eHoEQ1CMv4KA,ALLDOCUBE,https://cn--xtb.noxinfluencer.com/youtube/channel/UC1I8T-VrRR2eHoEQ1CMv4KA,-10,badcase,平板科技测评号，和婴儿补充剂受众与场景不匹配
9735,UCi1ysUMRVI5PDjy_uiKfGkA,ZazzleFlick,https://cn--xtb.noxinfluencer.com/youtube/channel/UCi1ysUMRVI5PDjy_uiKfGkA,-30,badcase,短视频搞笑手作号，娱乐属性强，不适合婴儿补充剂推广
9736,UCOnqnvlRmWaSlwt51QpYQ8A,50plusdaily,https://cn--xtb.noxinfluencer.com/youtube/channel/UCOnqnvlRmWaSlwt51QpYQ8A,-10,badcase,50+女性健康号，缺少婴儿/母婴营养信号，近期也不相关
9737,UChLDmELZUsAMUAofO6oFVng,Quizzy Guy,https://cn--xtb.noxinfluencer.com/youtube/channel/UChLDmELZUsAMUAofO6oFVng,-25,badcase,娱乐测验频道，近期全是短视频问答，和婴儿补充剂无关
9738,UCiGWXuevL69y3PRurvXHlag,Forever Fabulous,https://cn--xtb.noxinfluencer.com/youtube/channel/UCiGWXuevL69y3PRurvXHlag,-10,badcase,中年生活播客，无婴儿或营养场景，近期内容也不匹配
9739,UCQ3mB045iSrLAWPMxHVe-Mg,Mekawi,https://cn--xtb.noxinfluencer.com/youtube/channel/UCQ3mB045iSrLAWPMxHVe-Mg,-9,badcase,泛健康穿戴评测号，缺少婴儿营养场景，近期也不匹配
9740,UCNJp1FWAzlZ1x7Ai9YWuKMA,Keyshana Dupuy,https://cn--xtb.noxinfluencer.com/youtube/channel/UCNJp1FWAzlZ1x7Ai9YWuKMA,-10,badcase,美妆护肤频道，偏头发和皮肤护理，不适合婴儿补充剂
9741,UCfhrtv-XqSa-O82zGQrK83Q,JB Gaming,https://cn--xtb.noxinfluencer.com/youtube/channel/UCfhrtv-XqSa-O82zGQrK83Q,-25,badcase,游戏和Paw Patrol儿童内容为主，和婴儿补充剂不匹配
9742,UCFjedWVWuuIdmlKlHIkrBdg,ItsSanaOliver,https://cn--xtb.noxinfluencer.com/youtube/channel/UCFjedWVWuuIdmlKlHIkrBdg,-25,badcase,ASMR开箱美妆文具号，近期无婴儿营养相关内容
9743,UCo3o3cUBX7vzvy1MPOblFIg,Hidden Fun Quest,https://cn--xtb.noxinfluencer.com/youtube/channel/UCo3o3cUBX7vzvy1MPOblFIg,-4,badcase,无标签，近期为找不同和故事类内容，与婴儿补充剂无关
9744,UC43qx-ses6wmlejS8Wo_hZA,Tiny Texan Adventures,https://cn--xtb.noxinfluencer.com/youtube/channel/UC43qx-ses6wmlejS8Wo_hZA,-10,badcase,旅行露营与宠物生活内容，缺少母婴和营养购买意图
9745,UCI5RwsN-Q9iTinsuOkvD6hQ,CUTE DİSNEY BARBİE,https://cn--xtb.noxinfluencer.com/youtube/channel/UCI5RwsN-Q9iTinsuOkvD6hQ,-35,badcase,ASMR公主玩具开箱，纯娱乐向，不适合婴儿补充剂推广
9746,UC5JOhElUxzAxxwCTaZpJO-Q,HR Stories,https://cn--xtb.noxinfluencer.com/youtube/channel/UC5JOhElUxzAxxwCTaZpJO-Q,-15,badcase,娱乐整活频道，近期偏剧情挑战，与婴儿补充剂不匹配
9747,UC2S4560XyLjhrj1P0e7s6zA,Log Off With Lo,https://cn--xtb.noxinfluencer.com/youtube/channel/UC2S4560XyLjhrj1P0e7s6zA,-20,badcase,科技/娱乐/ASMR取向明显，缺少母婴营养语境，近10条全不匹配
9748,UCB_g977ZIyxjzvvH2iMY41w,LindaNyibeche,https://cn--xtb.noxinfluencer.com/youtube/channel/UCB_g977ZIyxjzvvH2iMY41w,-13,badcase,家庭/育儿仅泛相关，整体偏娱乐八卦，近期几乎无婴童营养语境
9749,UCEYfCdeBONUYGsUsZNgC0rQ,charley mcanally,https://cn--xtb.noxinfluencer.com/youtube/channel/UCEYfCdeBONUYGsUsZNgC0rQ,-25,badcase,喜剧短剧占主导，内容格式与婴儿补充剂推广明显不匹配
9750,UCY3IgYXHDHg3vXDUDmaykXA,Vanessa Islas,https://cn--xtb.noxinfluencer.com/youtube/channel/UCY3IgYXHDHg3vXDUDmaykXA,-10,badcase,流量型护肤内容为主，缺少母婴/营养场景，近期10条均不相关
9751,UCH3ZXEI0CDqdmpUKiMbeVkw,Alisha Renee’,https://cn--xtb.noxinfluencer.com/youtube/channel/UCH3ZXEI0CDqdmpUKiMbeVkw,-10,badcase,生活方式账号可做泛品宣，但缺少母婴与营养场景，整体偏弱
9752,UCYs0QJ7HcjKiCVtOAnj7DLQ,Good News with Socrates,https://cn--xtb.noxinfluencer.com/youtube/channel/UCYs0QJ7HcjKiCVtOAnj7DLQ,-20,badcase,宗教见证内容与婴儿补充剂推广无关，近期也全是信仰叙事。
9753,UCEwJRNe8bUJw-3H9jzXuFSw,Cooking With Tammy,https://cn--xtb.noxinfluencer.com/youtube/channel/UCEwJRNe8bUJw-3H9jzXuFSw,-10,badcase,烹饪内容偏成人饮食，缺少婴幼儿营养或补充剂场景。
9754,UCciXCpTBH-9noe-ajvDs-WA,Aaron's Rapid Reviews,https://cn--xtb.noxinfluencer.com/youtube/channel/UCciXCpTBH-9noe-ajvDs-WA,-9,badcase,泛产品评测频道，无母婴健康或婴儿营养内容，近期内容全不匹配
9755,UCj_muRL-3AFZ-20tRN_b2Yw,State Of Kansass,https://cn--xtb.noxinfluencer.com/youtube/channel/UCj_muRL-3AFZ-20tRN_b2Yw,-25,badcase,猫咪娱乐/喜剧频道，和婴儿补充剂推广场景明显冲突。
9756,UC_hrFumtx93XB5o8K0i-p7A,VantageRank,https://cn--xtb.noxinfluencer.com/youtube/channel/UC_hrFumtx93XB5o8K0i-p7A,-20,badcase,排行娱乐合集，偏趣味内容，不是母婴营养或购买导向。
9757,UClxaQF9ZiD01LxSLLMrgMHw,Lisa Miller In Real Life,https://cn--xtb.noxinfluencer.com/youtube/channel/UClxaQF9ZiD01LxSLLMrgMHw,-10,badcase,生活/纽约公寓vlog为主，无婴儿营养或补充剂推广语境
9758,UCCFcHTO44O8d_P4-rlH5siw,MASS Research Review,https://cn--xtb.noxinfluencer.com/youtube/channel/UCCFcHTO44O8d_P4-rlH5siw,-14,badcase,成人健身科研频道，缺少婴幼儿营养或护理语境
9760,UChd9Q9yOb44TEdY_qquEWLA,Nova K,https://cn--xtb.noxinfluencer.com/youtube/channel/UChd9Q9yOb44TEdY_qquEWLA,-10,badcase,健身内容与婴儿补剂受众错位，缺少母婴或营养信号
9761,UC1gzmxwwBQx28Ymvf1gbOkw,FarmLife26,https://cn--xtb.noxinfluencer.com/youtube/channel/UC1gzmxwwBQx28Ymvf1gbOkw,-25,badcase,模拟运输游戏频道，和人类婴儿补剂推广明显不相干
9762,UC9xP6fruLiRlwcHplFqmQpw,Beryl Elites,https://cn--xtb.noxinfluencer.com/youtube/channel/UC9xP6fruLiRlwcHplFqmQpw,-10,badcase,金融/AI/音乐频道，近期内容与婴儿补剂无关
9763,UC9ZtQ0t6mkFs-CE079bobzg,Lillian NaaDei,https://cn--xtb.noxinfluencer.com/youtube/channel/UC9ZtQ0t6mkFs-CE079bobzg,-10,badcase,香水与试穿内容为主，和婴儿补剂无关
9764,UC1YzulfrrOICQ1FB34yTJFw,Jess Constantino,https://cn--xtb.noxinfluencer.com/youtube/channel/UC1YzulfrrOICQ1FB34yTJFw,-10,badcase,盲人日常内容，与婴儿补剂投放不匹配
9765,UClLyPTcfc8t8ZVGNlbPOoOA,JAKEGTV,https://cn--xtb.noxinfluencer.com/youtube/channel/UClLyPTcfc8t8ZVGNlbPOoOA,-10,badcase,阴谋/政治争议内容，和婴儿补剂完全不相关
9766,UCK9ybWnfRjBMc1Oq9Ot3e-w,Drew Griesel,https://cn--xtb.noxinfluencer.com/youtube/channel/UCK9ybWnfRjBMc1Oq9Ot3e-w,-7,badcase,健康优化频道仅有泛健康信号，缺少育儿/婴儿场景
9767,UC-ZGz0ljBGcWbkCcmEi7F-w,NIKOLAY ANDREEV MASSAGE,https://cn--xtb.noxinfluencer.com/youtube/channel/UC-ZGz0ljBGcWbkCcmEi7F-w,-24,badcase,按摩ASMR与婴儿补充剂推广场景不符，近10条内容均偏成人放松
9768,UCXii-aME-fJDVPvOijF-TWA,محمدنايف | Mohammed Naef,https://cn--xtb.noxinfluencer.com/youtube/channel/UCXii-aME-fJDVPvOijF-TWA,-25,badcase,游戏娱乐频道，内容与婴儿补充剂推广完全不符
9769,UCFNWzOwiK6wmSQpBPG_ZP9Q,Stop Wasting Stuff,https://cn--xtb.noxinfluencer.com/youtube/channel/UCFNWzOwiK6wmSQpBPG_ZP9Q,-10,badcase,家居技巧频道，缺少婴儿营养或护理相关内容
9770,UCiW9Ql49jwCk0kPCgsMaq1w,Comedy Buzz,https://cn--xtb.noxinfluencer.com/youtube/channel/UCiW9Ql49jwCk0kPCgsMaq1w,-10,badcase,喜剧娱乐内容，近10条都不支持婴儿补充剂推广
9771,UCDUptF7qCRRm1M5gho9-nrA,The Park Trek,https://cn--xtb.noxinfluencer.com/youtube/channel/UCDUptF7qCRRm1M5gho9-nrA,-10,badcase,主题乐园与家庭vlog为主，缺少婴儿营养和护理意图
9772,UCD13sk9Oiluwv0awKf8IOiw,AIworld Sleep Library,https://cn--xtb.noxinfluencer.com/youtube/channel/UCD13sk9Oiluwv0awKf8IOiw,-20,badcase,睡眠心理内容，非母婴补剂受众，近期内容全失配
9773,UCzGz0yK7gapBDsQCwSeW3vA,界面新闻,https://cn--xtb.noxinfluencer.com/youtube/channel/UCzGz0yK7gapBDsQCwSeW3vA,-8,badcase,新闻娱乐/宠物向，只有少量家庭健康弱相关
9774,UCyafuw8BeUiMWEIWQIeASmw,CHI X,https://cn--xtb.noxinfluencer.com/youtube/channel/UCyafuw8BeUiMWEIWQIeASmw,-25,badcase,音乐娱乐频道，和母婴补剂推广场景完全不符
9775,UCMBK0TKv8M8EY5V_XlnS8yw,FoodnSport with Dr. Doug Graham,https://cn--xtb.noxinfluencer.com/youtube/channel/UCMBK0TKv8M8EY5V_XlnS8yw,-8,badcase,成人素食营养内容，缺少婴幼儿补剂购买语境
9776,UCVH65A1GsNhwonzxJgoHsPw,Loyalty Test - Catching Cheaters,https://cn--xtb.noxinfluencer.com/youtube/channel/UCVH65A1GsNhwonzxJgoHsPw,-20,badcase,猎奇故事/情感娱乐为主，和母婴补剂不匹配
9777,UCLHChGfdXlqR-Wck74eRPgw,Preston Smiles,https://cn--xtb.noxinfluencer.com/youtube/channel/UCLHChGfdXlqR-Wck74eRPgw,-9,badcase,仅有泛健康弱相关，近10条全是关系话题，不适合婴儿补剂推广
9778,UCvdHW22JezXN4cBb5fuoDEQ,AppleWatchGear,https://cn--xtb.noxinfluencer.com/youtube/channel/UCvdHW22JezXN4cBb5fuoDEQ,-10,badcase,科技/应用评测号，与婴儿补剂无关，近期内容也完全不匹配
9779,UCXKFoOPGcpQsx8bIaSRzNkQ,Madly Bangali,https://cn--xtb.noxinfluencer.com/youtube/channel/UCXKFoOPGcpQsx8bIaSRzNkQ,-10,badcase,日常生活vlog，缺少婴儿营养/护理购买意图，近期内容多为故事型
9780,UCS0X9YvU9c5uU3FAb5D30Uw,ORIGIN USA,https://cn--xtb.noxinfluencer.com/youtube/channel/UCS0X9YvU9c5uU3FAb5D30Uw,-10,badcase,制造/美式装备频道，与婴儿补剂促销场景不相关，近期仍是器物内容
9781,UCTyPqiTxUa8yHuvxJy_ruiA,Beautybyalicedimplz,https://cn--xtb.noxinfluencer.com/youtube/channel/UCTyPqiTxUa8yHuvxJy_ruiA,-10,badcase,美妆发型日常号，只有家庭生活弱场景，不足以支撑婴儿补剂推广
9782,UCJkvQJFMwj-0D7XYDdbDjjg,CookieRun: OvenSmash,https://cn--xtb.noxinfluencer.com/youtube/channel/UCJkvQJFMwj-0D7XYDdbDjjg,-20,badcase,游戏频道，和婴幼儿补充剂推广场景明显不匹配
9783,UC9qcI_tD6ypssfmWJ9k79kw,Own The Roof,https://cn--xtb.noxinfluencer.com/youtube/channel/UC9qcI_tD6ypssfmWJ9k79kw,-10,badcase,房产/贷款内容，和婴儿补充剂推广场景完全不相关
9784,UCeFLe5BJjb-qnQujWBzAN0Q,Alex AI Toolbox,https://cn--xtb.noxinfluencer.com/youtube/channel/UCeFLe5BJjb-qnQujWBzAN0Q,-15,badcase,娱乐向AI频道，与婴儿补充剂推广场景不匹配
9785,UCA694NgEo6Oh09gnNrZ02eg,Paul Akers,https://cn--xtb.noxinfluencer.com/youtube/channel/UCA694NgEo6Oh09gnNrZ02eg,-25,badcase,工业精益/管理频道，与婴幼儿补充剂推广完全不相关
9786,UCKaxQ82ZkSx8fuenuB4dW3w,Romero Engineering Company,https://cn--xtb.noxinfluencer.com/youtube/channel/UCKaxQ82ZkSx8fuenuB4dW3w,-10,badcase,电力工程频道，近10条全不相关，婴儿营养推广不适配
9787,UCLQpFE-Ti6H63OrYA5BtK7A,BENGALI BLACK MAGIC,https://cn--xtb.noxinfluencer.com/youtube/channel/UCLQpFE-Ti6H63OrYA5BtK7A,-25,badcase,宗教/黑魔法内容，和婴儿补充剂推广完全不相干
9788,UCnRNJgBZJYcyB_q4pEJEhdw,floofyp,https://cn--xtb.noxinfluencer.com/youtube/channel/UCnRNJgBZJYcyB_q4pEJEhdw,-29,badcase,喜剧POV家庭短剧频道，无婴儿营养或补充剂推广语境
9789,UCib-jEqHVM-Cx9Khd1-U1QQ,TINY KITTEN,https://cn--xtb.noxinfluencer.com/youtube/channel/UCib-jEqHVM-Cx9Khd1-U1QQ,-25,badcase,宠物幼猫内容，动物专向，与人类婴儿补充剂互斥
9791,UCWD8CzxP5KSwkFmticoW6Ew,QueenKey83💕,https://cn--xtb.noxinfluencer.com/youtube/channel/UCWD8CzxP5KSwkFmticoW6Ew,-20,badcase,mukbang/ASMR与生活娱乐为主，格式不适合补充剂推广
9792,UCKqKH3Qya_b_nB2U5NUnqlg,Handicraft 360,https://cn--xtb.noxinfluencer.com/youtube/channel/UCKqKH3Qya_b_nB2U5NUnqlg,-10,badcase,手工频道，标签和最近内容都与婴儿补充剂推广无关
9793,UC5xmMmft8hpZUzCeMWzXKNw,Ziyohn Gabriel,https://cn--xtb.noxinfluencer.com/youtube/channel/UC5xmMmft8hpZUzCeMWzXKNw,-25,badcase,游戏娱乐频道，受众和内容形态都不适合婴儿补充剂推广
9794,UCtzEDiSp6aUnWHMtYxXE6Xg,FXGlobally,https://cn--xtb.noxinfluencer.com/youtube/channel/UCtzEDiSp6aUnWHMtYxXE6Xg,-10,badcase,泛生活资讯号，缺少婴儿、营养或母婴购买意图
9795,UCG7o-is0RxfSTB4g3pCwNiA,La canción que eres,https://cn--xtb.noxinfluencer.com/youtube/channel/UCG7o-is0RxfSTB4g3pCwNiA,-25,badcase,疗愈音乐频道，音频型内容与实体婴儿补充剂推广错位
9796,UCnYbtNkJij8qcdU8UfdcENw,Muscle & Brawn,https://cn--xtb.noxinfluencer.com/youtube/channel/UCnYbtNkJij8qcdU8UfdcENw,-9,badcase,健身健康频道偏成人训练场景，不适合婴儿补充剂推广
9797,UCChOEMmjSfEeTjMzT-LFnlg,Norma Mandala,https://cn--xtb.noxinfluencer.com/youtube/channel/UCChOEMmjSfEeTjMzT-LFnlg,-10,badcase,冥想/成长频道，缺少婴儿营养或家长购买语境
9798,UCDLvvrR969YXTouFWUdLu1g,Hiếu reaction,https://cn--xtb.noxinfluencer.com/youtube/channel/UCDLvvrR969YXTouFWUdLu1g,-20,badcase,娱乐短视频为主，和婴儿补剂推广场景明显不符
9799,UCz_8vs8rkPsow-g9xL5tstg,Max anime,https://cn--xtb.noxinfluencer.com/youtube/channel/UCz_8vs8rkPsow-g9xL5tstg,-25,badcase,动画娱乐向频道，和婴儿补剂推广几乎无关
9800,UCMRUFzitQopnMlBr9yym0zw,BeastFlash,https://cn--xtb.noxinfluencer.com/youtube/channel/UCMRUFzitQopnMlBr9yym0zw,-8,badcase,泛健康科普短视频，无婴儿营养或补充剂推广语境
9802,UC1QOKUVPPl2opfu_Uqvfo5w,TT305tv📺,https://cn--xtb.noxinfluencer.com/youtube/channel/UC1QOKUVPPl2opfu_Uqvfo5w,-15,badcase,内容偏娱乐/美食，和婴儿补充剂推广无关，近期也无相关信号
9803,UCn48rOBukPi6hTlHmCnCPvg,1 Minute Health,https://cn--xtb.noxinfluencer.com/youtube/channel/UCn48rOBukPi6hTlHmCnCPvg,-9,badcase,仅有泛健康弱相关，近10条均为成人健康内容，与婴儿补剂推广不匹配
9804,UCP9yxosW0ugVXyjyrC-Z4Yg,jacqueline3255 ty,https://cn--xtb.noxinfluencer.com/youtube/channel/UCP9yxosW0ugVXyjyrC-Z4Yg,-25,badcase,剧情娱乐短视频号，前5标签全为互斥内容，近10条也都不匹配婴儿补剂推广
9805,UCwlO_ajM9nFEdo-6ghnFIUA,The Cat Saves the World,https://cn--xtb.noxinfluencer.com/youtube/channel/UCwlO_ajM9nFEdo-6ghnFIUA,-25,badcase,动物救助搞笑频道，和人类婴儿营养补充场景完全不符
9806,UCgiA68mjVJ9WtmPZCzRYIAQ,Cooking With Merry,https://cn--xtb.noxinfluencer.com/youtube/channel/UCgiA68mjVJ9WtmPZCzRYIAQ,-8,badcase,健康料理频道，缺少婴儿营养/补充剂相关信号，近期内容全不匹配
9807,UCdPEz6XkTG12iUsi9vDZ93Q,Rodo,https://cn--xtb.noxinfluencer.com/youtube/channel/UCdPEz6XkTG12iUsi9vDZ93Q,-9,badcase,体育赛事频道，只有泛健康标签，近期内容均不匹配婴儿补充剂
9808,UCxVeoSqw_ZMlDQ0RJVKxCQQ,qqyy,https://cn--xtb.noxinfluencer.com/youtube/channel/UCxVeoSqw_ZMlDQ0RJVKxCQQ,-22,badcase,主打搞笑/娱乐短内容，只有泛母亲标签，婴儿补充剂转化弱
9809,UCGLclWLVL4uFhEd_Jgr4VTQ,FUNNY CHANNEL,https://cn--xtb.noxinfluencer.com/youtube/channel/UCGLclWLVL4uFhEd_Jgr4VTQ,-25,badcase,宠物狗娱乐频道，和人类婴儿补充剂受众完全不符
9810,UC-Tg7FE_TgHuCLGrHgP8sdw,"Jill Carnahan, MD",https://cn--xtb.noxinfluencer.com/youtube/channel/UC-Tg7FE_TgHuCLGrHgP8sdw,-7,badcase,泛健康医生频道，缺少婴儿营养或补充剂推广意图
9811,UCe-l-jHTrDuzbJdIPMpmQaQ,J.A.C.K.,https://cn--xtb.noxinfluencer.com/youtube/channel/UCe-l-jHTrDuzbJdIPMpmQaQ,-10,badcase,科技/杂谈频道，近期转向塔罗和宠物内容，缺少婴儿补充剂信号
9812,UCR7aqT_iztg0MXjE2oBwFXw,Diabetes - What To Know,https://cn--xtb.noxinfluencer.com/youtube/channel/UCR7aqT_iztg0MXjE2oBwFXw,-10,badcase,仅泛健康/糖尿病内容，缺少婴幼儿营养或补剂意图，近10条均不匹配
9813,UCs7Rd7xixDkSa_UK7KODwGQ,Miki :),https://cn--xtb.noxinfluencer.com/youtube/channel/UCs7Rd7xixDkSa_UK7KODwGQ,-25,badcase,青少年生活方式与口播内容，和婴幼儿补剂推广场景明显不符
9814,UC8WycHOZJEZdad70bsL-pCQ,Banana Toca,https://cn--xtb.noxinfluencer.com/youtube/channel/UC8WycHOZJEZdad70bsL-pCQ,-25,badcase,儿童游戏/故事娱乐号，非婴幼儿补剂受众，近期也都是剧情内容
9815,UCQGHJBCPVk_AyMIdDulzYlA,Crop & Soil Science (Agronomy),https://cn--xtb.noxinfluencer.com/youtube/channel/UCQGHJBCPVk_AyMIdDulzYlA,-10,badcase,农业与果蔬市场内容，和婴幼儿补剂推广无关，近期内容全不匹配
9816,UCA_Os9X5YTlKonMV5oPkFJQ,shot everyone,https://cn--xtb.noxinfluencer.com/youtube/channel/UCA_Os9X5YTlKonMV5oPkFJQ,-20,badcase,以音乐剪辑和娱乐内容为主，缺少补剂/育儿购买语境，不适合投放
9817,UCgKtHZ_czW3x4HRdS90u_rQ,Dama Xe,https://cn--xtb.noxinfluencer.com/youtube/channel/UCgKtHZ_czW3x4HRdS90u_rQ,-10,badcase,时尚穿搭频道，和婴儿补剂几乎无受众与场景相关性
9818,UCY0jtgtF97SDUFKeKyZzpTg,ToothCraft,https://cn--xtb.noxinfluencer.com/youtube/channel/UCY0jtgtF97SDUFKeKyZzpTg,-10,badcase,牙科内容与婴儿补剂推广目标不匹配，缺少婴儿/营养信号
9819,UCKZZ2mdgnbBGugRMnF6c1iQ,Sbovia,https://cn--xtb.noxinfluencer.com/youtube/channel/UCKZZ2mdgnbBGugRMnF6c1iQ,-25,badcase,泳装/比基尼频道，成人时尚场景与婴儿补剂高度不相符
9820,UCkBBe6sNA-z7fQ5LCmnD8EQ,IntraBalance,https://cn--xtb.noxinfluencer.com/youtube/channel/UCkBBe6sNA-z7fQ5LCmnD8EQ,-6,badcase,健康医学频道有弱相关，但内容偏睡眠精神科，非婴儿营养
9821,UCEs7TLgiQf05odlYzPDLTYg,AppleQuiz,https://cn--xtb.noxinfluencer.com/youtube/channel/UCEs7TLgiQf05odlYzPDLTYg,-25,badcase,纯娱乐猜歌/梗图频道，属于明显不适合补剂推广的错配
9822,UCqWqsfQ-Y7IhN1TR3bu591A,Mylinda Elliott,https://cn--xtb.noxinfluencer.com/youtube/channel/UCqWqsfQ-Y7IhN1TR3bu591A,-20,badcase,宠物频道，近10条均为动物/环境内容，与婴儿补充剂推广不匹配
9823,UCLSM_OMicMqzm2v81F2lsrw,GirlontheGO967,https://cn--xtb.noxinfluencer.com/youtube/channel/UCLSM_OMicMqzm2v81F2lsrw,-10,badcase,宗教/动画/ASMR生活向，近10条无婴幼儿营养或补剂内容
9824,UCfHPGJNYdlEI3fSuIoQJZjA,rumelasworld,https://cn--xtb.noxinfluencer.com/youtube/channel/UCfHPGJNYdlEI3fSuIoQJZjA,-10,badcase,生活家庭类频道，近期多为妈妈/日常内容，但无婴儿补充剂明确相关信号
9825,UCBAsDFGKKMTzMQ9UtxfsfUQ,dunh,https://cn--xtb.noxinfluencer.com/youtube/channel/UCBAsDFGKKMTzMQ9UtxfsfUQ,-10,badcase,娱乐宠物向，最近10条均与婴儿补充剂无关
9826,UCsViUoGDSJj6NH89KjmXC5Q,Erica Ziel,https://cn--xtb.noxinfluencer.com/youtube/channel/UCsViUoGDSJj6NH89KjmXC5Q,-8,badcase,女性健康/普拉提频道，仅有泛健康弱相关，缺少母婴补剂购买意图
9827,UCrLHkCK-ugqDNNo6idDMQIw,Lyric Khamauri,https://cn--xtb.noxinfluencer.com/youtube/channel/UCrLHkCK-ugqDNNo6idDMQIw,-10,badcase,娱乐/音乐/旅行为主，近10条无母婴营养或购买意图
9828,UCXT0OhYv3OagThjCWQT6r3w,Naveed Akhtar Voice,https://cn--xtb.noxinfluencer.com/youtube/channel/UCXT0OhYv3OagThjCWQT6r3w,-25,badcase,ASMR/故事/表情包和犬类内容混杂，和婴儿补剂推广不匹配
9829,UCvZkHEFFenO6zafHUFZuE3g,NotYourAverageJoe,https://cn--xtb.noxinfluencer.com/youtube/channel/UCvZkHEFFenO6zafHUFZuE3g,-10,badcase,健身训练内容为主，和婴儿补剂无关，近10条全不匹配
9830,UCHWS_7oLxpoleTGZo0vXB6g,Finding Eden - Haley Barry,https://cn--xtb.noxinfluencer.com/youtube/channel/UCHWS_7oLxpoleTGZo0vXB6g,-10,badcase,以妈妈创业为主，缺少婴幼儿营养或补充剂相关内容，近期也多为不匹配主题
9831,UChS9csF0SyUvNoiy_hSAlmA,Growing Hannah's Homestead,https://cn--xtb.noxinfluencer.com/youtube/channel/UChS9csF0SyUvNoiy_hSAlmA,-20,badcase,农场/宠物/马牛内容为主，和人类婴儿补剂推广冲突
9832,UC8REPJJ1U2en_ehDHYZhrFg,Trabajarie,https://cn--xtb.noxinfluencer.com/youtube/channel/UC8REPJJ1U2en_ehDHYZhrFg,-25,badcase,音乐MV娱乐频道，近期全是演出内容，与婴幼儿补充剂投放完全不符
9833,UCSRJcXRchrdsdzquKZIf8vQ,The Most Powerful Healing Music,https://cn--xtb.noxinfluencer.com/youtube/channel/UCSRJcXRchrdsdzquKZIf8vQ,-25,badcase,疗愈音乐/睡眠音频频道，强格式不匹配，和婴幼儿补充剂无关
9834,UCcvxtI28Yh3fP_GJEHrU4AA,Seattle Built PCs,https://cn--xtb.noxinfluencer.com/youtube/channel/UCcvxtI28Yh3fP_GJEHrU4AA,-10,badcase,PC装机与游戏内容，缺少婴幼儿营养或母婴购买语境
9835,UCzDnv0X92WGrLtwArEcOpRw,Y Bcivil,https://cn--xtb.noxinfluencer.com/youtube/channel/UCzDnv0X92WGrLtwArEcOpRw,-10,badcase,娱乐/反应/游戏频道，近期也都是游戏内容，不适合婴幼儿补充剂
9836,UCn3aumsPOL4jz4bEJ6YT8rA,wyo russ,https://cn--xtb.noxinfluencer.com/youtube/channel/UCn3aumsPOL4jz4bEJ6YT8rA,-15,badcase,无婴儿营养相关信号，近10条内容均为娱乐/健身/美食，明显不适合推广
9837,UCgsg01QsDyaaHTm_0qET9fQ,Kimmy Vaine,https://cn--xtb.noxinfluencer.com/youtube/channel/UCgsg01QsDyaaHTm_0qET9fQ,-25,badcase,脱衣舞内容，baby指新人而非婴儿，和婴儿补剂完全不符
9838,UCuTW0OyZKButBVi8936vCqw,Master Abinet Kebede,https://cn--xtb.noxinfluencer.com/youtube/channel/UCuTW0OyZKButBVi8936vCqw,-10,badcase,情绪/宗教泛内容，缺少母婴营养或购买语境
9839,UCTY35t7JqAXvCXblTyyyQgA,Sarah Jalees,https://cn--xtb.noxinfluencer.com/youtube/channel/UCTY35t7JqAXvCXblTyyyQgA,-24,badcase,美妆生活内容为主，无婴儿营养或补充剂语境，近期视频全不匹配
9840,UCFRjRR3ihazDiu20V5nvDpQ,jasmynantonette,https://cn--xtb.noxinfluencer.com/youtube/channel/UCFRjRR3ihazDiu20V5nvDpQ,-10,badcase,飞行员/旅行日常为主，没有母婴或营养购买信号
9841,UCYqKFknxjIRWn1yfI_loPgA,Kourttney L ✨,https://cn--xtb.noxinfluencer.com/youtube/channel/UCYqKFknxjIRWn1yfI_loPgA,-10,badcase,校园书博主和美妆生活为主，缺少婴儿营养相关信号
9842,UCiNy69Js83PKs2WXxsSWTHA,King yujal,https://cn--xtb.noxinfluencer.com/youtube/channel/UCiNy69Js83PKs2WXxsSWTHA,-25,badcase,娱乐/meme频道，近10条也都是梗图短视频，不适合婴儿补剂推广
9843,UC38bny6meyYrHEg_63DEccg,King of Christmas®,https://cn--xtb.noxinfluencer.com/youtube/channel/UC38bny6meyYrHEg_63DEccg,-10,badcase,圣诞家居装饰号，内容与婴儿营养/补剂场景无关
9844,UCrafgWkbT11Sg1h689B9vVg,Roger Vieira USA,https://cn--xtb.noxinfluencer.com/youtube/channel/UCrafgWkbT11Sg1h689B9vVg,-10,badcase,移民生活号，受众和婴儿补剂购买场景都不匹配
9845,UCkTL5ggRCe0UvBNvMrURTrw,Beatrice Tate009,https://cn--xtb.noxinfluencer.com/youtube/channel/UCkTL5ggRCe0UvBNvMrURTrw,-25,badcase,游戏搞笑短视频频道，和婴儿补剂的健康购买场景冲突
9846,UCb9S1nv5dN_Qdz7Ux9pcLNQ,Điện Máy Hoàng Long,https://cn--xtb.noxinfluencer.com/youtube/channel/UCb9S1nv5dN_Qdz7Ux9pcLNQ,-25,badcase,彩票+机械报价频道，核心受众与婴儿补剂完全不搭
9847,UCZ09Zmr0viNc_uLYDzJjYHw,ASMR Therapy,https://cn--xtb.noxinfluencer.com/youtube/channel/UCZ09Zmr0viNc_uLYDzJjYHw,-25,badcase,ASMR感官娱乐频道，近期内容全不相关，婴儿补剂投放不适合
9848,UCFbo_7wocCGhkZ48rz7hezQ,Ohkaytacos,https://cn--xtb.noxinfluencer.com/youtube/channel/UCFbo_7wocCGhkZ48rz7hezQ,-25,badcase,马匹救助/宠物频道，动物主体与人类婴儿补剂明显错位
9849,UCGuvAaLlfOPgz3rWNdMez1Q,Alexander Manigbas,https://cn--xtb.noxinfluencer.com/youtube/channel/UCGuvAaLlfOPgz3rWNdMez1Q,-15,badcase,以体育/宠物杂谈为主，缺少母婴营养或补剂购买意图
9850,UCG6j4EeJ7s_-8Xe_5Tv2xjQ,AIllusions,https://cn--xtb.noxinfluencer.com/youtube/channel/UCG6j4EeJ7s_-8Xe_5Tv2xjQ,-10,badcase,AI时尚娱乐频道，几乎无母婴营养相关受众
9851,UCN6zx6yPGS-bhnUCtNm8pGA,Canine Protection International,https://cn--xtb.noxinfluencer.com/youtube/channel/UCN6zx6yPGS-bhnUCtNm8pGA,-25,badcase,犬类防护训练频道，宠物属性与婴儿补剂完全不匹配
9852,UCJnKoScZ99R8NJcunqPncEQ,Улыбка без страха,https://cn--xtb.noxinfluencer.com/youtube/channel/UCJnKoScZ99R8NJcunqPncEQ,-19,badcase,仅有儿童弱相关，主标签偏娱乐音乐，近期无婴儿营养补充内容
9853,UCIeGjE69x5wywUl6quP20NQ,Nature Calming,https://cn--xtb.noxinfluencer.com/youtube/channel/UCIeGjE69x5wywUl6quP20NQ,-37,badcase,睡眠音乐/冥想音频型频道，与婴儿补充剂推广格式严重不匹配
9854,UCyOXWTxea5FbOcyIjbB9SvA,Jantcu,https://cn--xtb.noxinfluencer.com/youtube/channel/UCyOXWTxea5FbOcyIjbB9SvA,-10,badcase,开发者工具频道，内容与婴儿补充剂无关
9855,UC5lruU5Lqu91ZM6dM6rlHOA,Glitch Brain,https://cn--xtb.noxinfluencer.com/youtube/channel/UC5lruU5Lqu91ZM6dM6rlHOA,-10,badcase,科普悬疑/黑暗事实向，和婴儿补充剂投放场景不符
9856,UCDGOSvdVT_cdozoJjL3csOA,Eric Gram,https://cn--xtb.noxinfluencer.com/youtube/channel/UCDGOSvdVT_cdozoJjL3csOA,-10,badcase,短视频杂内容且近期多为泛娱乐，几乎无婴儿补充剂相关信号
9857,UCqTvsWsNXUpiMth62d4ycyQ,Ryan Long Fitness,https://cn--xtb.noxinfluencer.com/youtube/channel/UCqTvsWsNXUpiMth62d4ycyQ,-8,badcase,健身减脂频道，仅有泛健康弱相关，近期内容与婴儿补充剂不符
9858,UCiSJHJLnIckjR03VP2BAfBA,Ponava Risedi,https://cn--xtb.noxinfluencer.com/youtube/channel/UCiSJHJLnIckjR03VP2BAfBA,-20,badcase,娱乐段子/乡村生活频道，和婴儿补充剂推广场景明显不符
9859,UCbEol_vXoCgN2cijZG9IEqA,Evolve Physical Therapy,https://cn--xtb.noxinfluencer.com/youtube/channel/UCbEol_vXoCgN2cijZG9IEqA,-8,badcase,物理治疗与运动康复频道，专业但非母婴补充剂受众
9860,UCSMWE3qNqigMoezmPASap8w,Martin Rios,https://cn--xtb.noxinfluencer.com/youtube/channel/UCSMWE3qNqigMoezmPASap8w,-6,badcase,成人健身健美频道，偏训练内容，与婴儿补充剂受众不匹配
9861,UCIkUmvDWLYRn4F5AyK9BChw,summerxchestnutt,https://cn--xtb.noxinfluencer.com/youtube/channel/UCIkUmvDWLYRn4F5AyK9BChw,-25,badcase,娱乐恐怖游戏号，与婴儿补充剂推广场景不符，最近10条均无相关
9862,UCsGfYqkgimcIRiLopKmr00A,Ceelee's Kitchen,https://cn--xtb.noxinfluencer.com/youtube/channel/UCsGfYqkgimcIRiLopKmr00A,-10,badcase,烹饪频道，和婴儿补充剂无关，近10条全不匹配
9863,UC20SBM36gMZx7icPO0oVDxA,Mis Tips de Belleza,https://cn--xtb.noxinfluencer.com/youtube/channel/UC20SBM36gMZx7icPO0oVDxA,-10,badcase,美妆发型频道，缺少母婴、营养或购买相关信号
9864,UCfFaDqVYt17Ry45Jxj4XQhA,leanscanvas,https://cn--xtb.noxinfluencer.com/youtube/channel/UCfFaDqVYt17Ry45Jxj4XQhA,-10,badcase,自我护理与美妆内容为主，不适合婴儿补充剂推广
9865,UCkBdqGsFuCCpcBOMuL8V24A,美好生活,https://cn--xtb.noxinfluencer.com/youtube/channel/UCkBdqGsFuCCpcBOMuL8V24A,-8,badcase,购物和食品内容有轻微场景重叠，但不是母婴向
9866,UCI0GDe6gpwKbs91G_MiM5GQ,Lostinspace42,https://cn--xtb.noxinfluencer.com/youtube/channel/UCI0GDe6gpwKbs91G_MiM5GQ,-15,badcase,含宠物护理与家居内容，和人类婴儿补充剂目标不符
9867,UC4dt2scJ_u6ybrXhW3MrTSA,UltraGoal,https://cn--xtb.noxinfluencer.com/youtube/channel/UC4dt2scJ_u6ybrXhW3MrTSA,-25,badcase,足球梗短视频频道，与婴儿补剂推广完全不符
9868,UCE0HNlWrn-F2nQ4obRyvz8Q,Colorado Hummingbird Sanctuary,https://cn--xtb.noxinfluencer.com/youtube/channel/UCE0HNlWrn-F2nQ4obRyvz8Q,-20,badcase,野生蜂鸟喂食内容，和婴儿补剂受众无关
9869,UCBkXfjCI4ew3W1pq7s2Hszg,Amy's Beach Fitness,https://cn--xtb.noxinfluencer.com/youtube/channel/UCBkXfjCI4ew3W1pq7s2Hszg,-9,badcase,仅有护士/健康弱相关，且最近全是健身内容
9870,UCYBn8JI27smbS9sJzCoJrxw,The Prem Rawat Foundation TPRF,https://cn--xtb.noxinfluencer.com/youtube/channel/UCYBn8JI27smbS9sJzCoJrxw,-20,badcase,公益/和平教育频道，与婴儿补剂推广不匹配
9871,UCqV0wwAyIG6sfQeGnMqFJFw,Carle Rae,https://cn--xtb.noxinfluencer.com/youtube/channel/UCqV0wwAyIG6sfQeGnMqFJFw,-9,badcase,护士类个人vlog，只有很弱健康相关，非婴儿营养主题
9872,UC6cgSyhbNUZ4d7JjWn7L0mw,Spirit of the Last Days,https://cn--xtb.noxinfluencer.com/youtube/channel/UC6cgSyhbNUZ4d7JjWn7L0mw,-25,badcase,WWE/娱乐/悼念内容，和婴儿补充剂受众与购买场景都不匹配
9873,UCnnO1Ni8wKZMtGxEna4JpiQ,Peggy Lutz,https://cn--xtb.noxinfluencer.com/youtube/channel/UCnnO1Ni8wKZMtGxEna4JpiQ,-25,badcase,大码母装/礼服频道，和婴儿补充剂目标人群无关
9874,UCocDG5AFeLUbz9037Tnxu7g,Americans Facts,https://cn--xtb.noxinfluencer.com/youtube/channel/UCocDG5AFeLUbz9037Tnxu7g,-25,badcase,故事型八卦娱乐频道，标题提婴儿但不是育儿或营养内容
9875,UCoQIGjYPlWbiDUqlKiOJrig,SHIFO KARVONI,https://cn--xtb.noxinfluencer.com/youtube/channel/UCoQIGjYPlWbiDUqlKiOJrig,-15,badcase,健康杂谈里夹杂宠物标签，缺少婴儿营养/补充剂场景
9876,UCnL6POIfvB-W1HyhRxjHKPw,The Craft Nut,https://cn--xtb.noxinfluencer.com/youtube/channel/UCnL6POIfvB-W1HyhRxjHKPw,-25,badcase,ASMR手作解压频道，属于强格式错配，不适合补充剂推广
9877,UCU_S44_TIjz61VjYLbuWutQ,Big Brotha KShorts,https://cn--xtb.noxinfluencer.com/youtube/channel/UCU_S44_TIjz61VjYLbuWutQ,-25,badcase,娱乐/音乐/KPOP内容，和婴儿补充剂推广完全不匹配
9878,UCchtR_Vmo3JKnExXSseJayA,shanime,https://cn--xtb.noxinfluencer.com/youtube/channel/UCchtR_Vmo3JKnExXSseJayA,-21,badcase,搞笑剧情号，近期内容偏表演娱乐，不适合婴儿补充剂推广
9879,UCoaof1i5fNYxLcazZ3Kzw-Q,aliyicloo,https://cn--xtb.noxinfluencer.com/youtube/channel/UCoaof1i5fNYxLcazZ3Kzw-Q,-22,badcase,纯故事/搞笑榜单内容，和婴儿补充剂受众完全错位
9880,UCiU6wDvzkiMghF88yhkVIFw,MilandDil Designs,https://cn--xtb.noxinfluencer.com/youtube/channel/UCiU6wDvzkiMghF88yhkVIFw,-9,badcase,手工花艺频道，和婴儿补充剂几乎无关，近期也无相关场景
9881,UCkX54hhoMXZaKTu3UJdedcQ,AWSMDanny,https://cn--xtb.noxinfluencer.com/youtube/channel/UCkX54hhoMXZaKTu3UJdedcQ,-10,badcase,耳机评测号，和婴儿补充剂没有受众与场景交集
9882,UCpDB_FNqHOjuIfyE2UH2rPg,Antarctic_goose,https://cn--xtb.noxinfluencer.com/youtube/channel/UCpDB_FNqHOjuIfyE2UH2rPg,-9,badcase,仅有妈妈泛人群弱相关，近期多为亲子搞笑/食物内容，无婴儿营养补充剂语境
9883,UCBF8RBoAXR_m0yWfjuO1lvQ,Calen Chan,https://cn--xtb.noxinfluencer.com/youtube/channel/UCBF8RBoAXR_m0yWfjuO1lvQ,-25,badcase,跑酷娱乐向，和婴儿营养补充剂推广场景不匹配
9884,UCsY_jhhhBZj8rbswizC0Ktg,Julie Schiffman,https://cn--xtb.noxinfluencer.com/youtube/channel/UCsY_jhhhBZj8rbswizC0Ktg,-9,badcase,成人健康冥想号，缺少母婴或婴儿营养语境
9885,UCEwJRNe8bUJw-3H9jzXuFSw,Cooking With Tammy,https://cn--xtb.noxinfluencer.com/youtube/channel/UCEwJRNe8bUJw-3H9jzXuFSw,-9,badcase,做菜号偏食谱内容，缺少母婴补充剂购买/使用语境
9887,UCj_muRL-3AFZ-20tRN_b2Yw,State Of Kansass,https://cn--xtb.noxinfluencer.com/youtube/channel/UCj_muRL-3AFZ-20tRN_b2Yw,-25,badcase,宠物猫娱乐频道，受众与婴儿营养补充完全不符
9888,UCQNgPRd0gbOy8idFcLRCN9Q,NCPR Watch,https://cn--xtb.noxinfluencer.com/youtube/channel/UCQNgPRd0gbOy8idFcLRCN9Q,-20,badcase,宠物与新闻频道，缺少婴儿或补充剂购买/护理语境
9889,UC_hrFumtx93XB5o8K0i-p7A,VantageRank,https://cn--xtb.noxinfluencer.com/youtube/channel/UC_hrFumtx93XB5o8K0i-p7A,-20,badcase,排名短视频娱乐为主，婴儿相关仅是标题表层，不适合带货
9890,UCCFcHTO44O8d_P4-rlH5siw,MASS Research Review,https://cn--xtb.noxinfluencer.com/youtube/channel/UCCFcHTO44O8d_P4-rlH5siw,-8,badcase,健康研究偏成人健身，缺少婴儿营养和母婴语境
9892,UC6r580TecQ-blXNsu-52oYg,the DRIFT,https://cn--xtb.noxinfluencer.com/youtube/channel/UC6r580TecQ-blXNsu-52oYg,-10,badcase,航海播客/生活方式频道，和婴儿营养补充剂推广无关
9893,UCVsp4aOPEb5nrGmSBSYfSpw,The Jones Family Hustle,https://cn--xtb.noxinfluencer.com/youtube/channel/UCVsp4aOPEb5nrGmSBSYfSpw,-15,badcase,家庭搞笑短视频为主，娱乐属性强，不适合婴儿补剂推广
9894,UC1gzmxwwBQx28Ymvf1gbOkw,FarmLife26,https://cn--xtb.noxinfluencer.com/youtube/channel/UC1gzmxwwBQx28Ymvf1gbOkw,-25,badcase,卡车/警车模拟游戏频道，受众与婴儿补剂完全不匹配
9896,UChQ0F5zIoYAcEBmk2wgVMpA,Bros Ride Bikes,https://cn--xtb.noxinfluencer.com/youtube/channel/UChQ0F5zIoYAcEBmk2wgVMpA,-25,badcase,骑行竞速频道，受众与婴儿营养补充品完全不匹配
9897,UCiWKHGFOI3AwBdNCvuZTUeQ,Ma Thị Xoan,https://cn--xtb.noxinfluencer.com/youtube/channel/UCiWKHGFOI3AwBdNCvuZTUeQ,-25,badcase,剧情孤儿频道，顶部标签多为故事哭诉，近10条全不相关
9898,UChFrwkA8NnypRnRUGXOxf-A,Kismat Yamphu,https://cn--xtb.noxinfluencer.com/youtube/channel/UChFrwkA8NnypRnRUGXOxf-A,-15,badcase,娱乐音乐游戏频道，只有FNAF娱乐信号，近10条无育儿补剂内容
9899,UCx-vMl_Qx6rAqlkBol0xeGQ,judithorloffmd,https://cn--xtb.noxinfluencer.com/youtube/channel/UCx-vMl_Qx6rAqlkBol0xeGQ,-9,badcase,仅有泛健康弱相关，近期内容不涉及婴儿营养或补充剂
9900,UC1YzulfrrOICQ1FB34yTJFw,Jess Constantino,https://cn--xtb.noxinfluencer.com/youtube/channel/UC1YzulfrrOICQ1FB34yTJFw,-10,badcase,盲人Vlog偏无障碍日常，与婴儿补剂缺乏直接受众匹配
9901,UCu0BmE4lkFjTq-zzzsbwUag,Tiny But Works,https://cn--xtb.noxinfluencer.com/youtube/channel/UCu0BmE4lkFjTq-zzzsbwUag,-25,badcase,搞笑恶作剧短视频，内容格式与婴儿补剂推广明显错位
9902,UCDtizJ32JRg7a_wH3bLdSEQ,ABD TOOLS,https://cn--xtb.noxinfluencer.com/youtube/channel/UCDtizJ32JRg7a_wH3bLdSEQ,-10,badcase,工具维修频道，受众与婴幼儿营养完全不符
9903,UCPNAaGTtU-xIStTYOzIdnbA,Kendal Nicole,https://cn--xtb.noxinfluencer.com/youtube/channel/UCPNAaGTtU-xIStTYOzIdnbA,-9,badcase,健身健康向内容，只有蛋白泛关联，缺少婴幼儿场景
9904,UCIqC3A6AAH25eBaspKlIgMQ,Mayra Wendolyne,https://cn--xtb.noxinfluencer.com/youtube/channel/UCIqC3A6AAH25eBaspKlIgMQ,-10,badcase,低碳食谱和减脂内容，和宝宝补充剂不相关
9905,UCVNSuMapox5ObOemuqquzJw,Chill Fashion,https://cn--xtb.noxinfluencer.com/youtube/channel/UCVNSuMapox5ObOemuqquzJw,-10,badcase,时尚娱乐短视频，不适合宝宝补充剂推广
9906,UCAhXS7KIsSekht1lngcaIKw,570 Flies,https://cn--xtb.noxinfluencer.com/youtube/channel/UCAhXS7KIsSekht1lngcaIKw,-10,badcase,飞蝇钓鱼频道，主题与婴幼儿补充剂无关
9907,UCfgfbIgtA7vIRMEJ0kI2wUA,PAYDAY PAWN VLOGS,https://cn--xtb.noxinfluencer.com/youtube/channel/UCfgfbIgtA7vIRMEJ0kI2wUA,-19,badcase,猴子/娱乐内容为主，和人类婴儿补充品推广强冲突
9908,UCfugNyAy_0FNcf7MP0MBO6A,ZEBU & Video Games,https://cn--xtb.noxinfluencer.com/youtube/channel/UCfugNyAy_0FNcf7MP0MBO6A,-10,badcase,农场动物与玩梗内容，和婴儿补充品几乎无关
9909,UCo3jeYqitET6_4vx8cFls1w,Cozy Snow,https://cn--xtb.noxinfluencer.com/youtube/channel/UCo3jeYqitET6_4vx8cFls1w,-25,badcase,睡眠氛围音频道，属于补充品推广的强格式错位
9910,UClRgvVlu2adon0fjE8xtpAg,The diaTribe Foundation,https://cn--xtb.noxinfluencer.com/youtube/channel/UClRgvVlu2adon0fjE8xtpAg,-9,badcase,泛健康频道但核心是糖尿病与短片，婴儿补充品不匹配
9911,UC4juUVos2ZubbigkFkKE94Q,The Rano Family,https://cn--xtb.noxinfluencer.com/youtube/channel/UC4juUVos2ZubbigkFkKE94Q,-9,badcase,家庭娱乐频道，仅弱 newborn 线索，缺少婴儿营养/护理推广意图
9912,UCrsixPYY9NVMAArQ2rWixNQ,FOODland shorts,https://cn--xtb.noxinfluencer.com/youtube/channel/UCrsixPYY9NVMAArQ2rWixNQ,-25,badcase,宠物搞笑短视频，受众与婴儿补充剂完全不匹配
9913,UCJ8rWqjgGZAOmoZNupHYK3g,Josh2k,https://cn--xtb.noxinfluencer.com/youtube/channel/UCJ8rWqjgGZAOmoZNupHYK3g,-25,badcase,NBA游戏频道，和婴儿补充剂推广场景无关
9914,UCxIzn-NTS_Ihwb_jJr_hc8Q,The Gentle Reset,https://cn--xtb.noxinfluencer.com/youtube/channel/UCxIzn-NTS_Ihwb_jJr_hc8Q,-10,badcase,美食/生活方式泛内容，缺少母婴或营养场景
9915,UCRbnscqwI_NSHjSpMildp2A,Riordan Clinic,https://cn--xtb.noxinfluencer.com/youtube/channel/UCRbnscqwI_NSHjSpMildp2A,-6,badcase,泛健康和维生素相关，但无婴幼儿营养/护理语境，近期内容多不匹配
9916,UCkw1IR07OO5zH_ZAnxxtguw,CKanetriplethreat,https://cn--xtb.noxinfluencer.com/youtube/channel/UCkw1IR07OO5zH_ZAnxxtguw,-10,badcase,幽默故事型泛内容，对婴儿补充剂缺乏推广价值
9917,UCFTQP4xI48QBeeH4uZ5BzRw,Lori Williams - Senior Services,https://cn--xtb.noxinfluencer.com/youtube/channel/UCFTQP4xI48QBeeH4uZ5BzRw,-25,badcase,主题为老年照护，与婴儿补充剂受众和推广场景明显不符
9918,UC0j44EI-WJO-HHGyumhcbEA,Char Hiaring,https://cn--xtb.noxinfluencer.com/youtube/channel/UC0j44EI-WJO-HHGyumhcbEA,-10,badcase,以房地产/金融为主，近期内容全不匹配婴儿补充剂推广
9919,UCJyLGklEKP0OcJe3x7dadOg,Deb | Shine365,https://cn--xtb.noxinfluencer.com/youtube/channel/UCJyLGklEKP0OcJe3x7dadOg,-10,badcase,美妆护发生活号，与婴儿补充剂推广人群和内容场景不匹配
9920,UCepEtTIMTtU-MbFHz-pOZMw,Caio Bottura,https://cn--xtb.noxinfluencer.com/youtube/channel/UCepEtTIMTtU-MbFHz-pOZMw,-10,badcase,内容偏生活/健身/户外，缺少婴幼儿营养补充剂相关信号
9921,UCJINUfX1KM8ELN8wpxh8Aww,"Gentle Music for Relaxation, Healing & Deep Sleep",https://cn--xtb.noxinfluencer.com/youtube/channel/UCJINUfX1KM8ELN8wpxh8Aww,-25,badcase,睡眠放松音乐频道，与婴儿补充剂推广场景明显不符
9922,UCt0egqBa4sDqq0anqDR2tkQ,Judge’s Heart,https://cn--xtb.noxinfluencer.com/youtube/channel/UCt0egqBa4sDqq0anqDR2tkQ,-20,badcase,老年叙事内容，近10条都与婴儿补充剂推广无关
9923,UCDBHiwSxqxSxpBdEKlE1sqg,BLESSED WATKINS,https://cn--xtb.noxinfluencer.com/youtube/channel/UCDBHiwSxqxSxpBdEKlE1sqg,-10,badcase,生活美食频道，近期无婴儿营养或补充剂相关内容
9924,UCgV_PqnBLq9MG2Rrd0TbipQ,Grandpa Tian,https://cn--xtb.noxinfluencer.com/youtube/channel/UCgV_PqnBLq9MG2Rrd0TbipQ,0,badcase,无标签、无相关视频或近期内容，缺乏婴儿营养推广证据
9925,UCy2omiAtfNbc3FhQivw7mLA,Loulou Loca لولو لوكا,https://cn--xtb.noxinfluencer.com/youtube/channel/UCy2omiAtfNbc3FhQivw7mLA,-25,badcase,游戏娱乐受众，和婴儿补充剂推广明显错位
9926,UCdqnIMhApeI1vShq2expZpg,DSR Pianista,https://cn--xtb.noxinfluencer.com/youtube/channel/UCdqnIMhApeI1vShq2expZpg,-20,badcase,音乐演奏频道，非产品推广场景，近期也无相关内容
9927,UCraC2FnRc_1Y34UmnbfLnGw,LifeLONG with Ethan Suplee,https://cn--xtb.noxinfluencer.com/youtube/channel/UCraC2FnRc_1Y34UmnbfLnGw,-8,badcase,健康/减重内容，缺少婴儿营养与育儿受众，近10条全不匹配
9928,UCkIiKICKQuAEEoDFSG7R1ww,Lauralie Chapados,https://cn--xtb.noxinfluencer.com/youtube/channel/UCkIiKICKQuAEEoDFSG7R1ww,-10,badcase,健身健美频道，受众偏成人训练，和婴儿补充剂推广不匹配
9929,UCkg6ehWalJLVP0Ysk4zfLWw,Love Review,https://cn--xtb.noxinfluencer.com/youtube/channel/UCkg6ehWalJLVP0Ysk4zfLWw,-9,badcase,测评频道可推广产品，但近10条多为成人器材/美发/电子，婴儿补剂不合适
9930,UCHeaHzQFLElUw__yG3SSzMg,Monthly Winners,https://cn--xtb.noxinfluencer.com/youtube/channel/UCHeaHzQFLElUw__yG3SSzMg,-10,badcase,话题偏加密/政治/阴谋，和婴儿补充剂受众完全不相关
9931,UC1QOKUVPPl2opfu_Uqvfo5w,TT305tv📺,https://cn--xtb.noxinfluencer.com/youtube/channel/UC1QOKUVPPl2opfu_Uqvfo5w,-8,badcase,以烹饪娱乐为主，缺少婴儿营养/育儿语境，近10条都不匹配
9932,UC5EWINdby1cBFFJ2IoMgLWw,Boom Bap Beats,https://cn--xtb.noxinfluencer.com/youtube/channel/UC5EWINdby1cBFFJ2IoMgLWw,-25,badcase,音乐娱乐频道，受众与婴儿补剂推广完全不匹配
9933,UClrC5lYpV1BcpdS3bhCViXQ,Alexandra Webster,https://cn--xtb.noxinfluencer.com/youtube/channel/UClrC5lYpV1BcpdS3bhCViXQ,-8,badcase,健身Vlog为主，缺少母婴或婴儿营养场景
9934,UCYo_BvpgTfdttbYQ9BHTXjg,Videoleap by Lightricks - Mobile Video Editing,https://cn--xtb.noxinfluencer.com/youtube/channel/UCYo_BvpgTfdttbYQ9BHTXjg,-10,badcase,视频剪辑工具教程号，与婴儿补剂推广无关
9935,UCwlO_ajM9nFEdo-6ghnFIUA,The Cat Saves the World,https://cn--xtb.noxinfluencer.com/youtube/channel/UCwlO_ajM9nFEdo-6ghnFIUA,-20,badcase,动物救援与猫咪内容，和人类婴儿补剂不匹配
9936,UCgiA68mjVJ9WtmPZCzRYIAQ,Cooking With Merry,https://cn--xtb.noxinfluencer.com/youtube/channel/UCgiA68mjVJ9WtmPZCzRYIAQ,-7,badcase,健康料理号仅有泛健康关联，缺少婴儿补剂受众
9937,UCFhPIIHHnSAqcQARF44JrkQ,Mrs. Rynsai,https://cn--xtb.noxinfluencer.com/youtube/channel/UCFhPIIHHnSAqcQARF44JrkQ,-10,badcase,以手工/娱乐为主，无婴儿营养或护理语境，近期内容也不匹配
9938,UCQpaN5FVWGNMJtjU8b7Uvog,Crazy Stuff,https://cn--xtb.noxinfluencer.com/youtube/channel/UCQpaN5FVWGNMJtjU8b7Uvog,-25,badcase,随机娱乐型频道，近期内容偏AI/搞笑/环境片段，不适合婴儿补充剂推广
9939,UCmTsyQqAqSMcdMlmhJIu6Bg,Alina World Journal,https://cn--xtb.noxinfluencer.com/youtube/channel/UCmTsyQqAqSMcdMlmhJIu6Bg,-10,badcase,美妆香水购物频道，与婴儿补充剂受众和场景都不匹配
9940,UCxVeoSqw_ZMlDQ0RJVKxCQQ,qqyy,https://cn--xtb.noxinfluencer.com/youtube/channel/UCxVeoSqw_ZMlDQ0RJVKxCQQ,-24,badcase,搞笑短剧/艺术内容为主，仅有泛亲子标签，婴儿补充剂相关性弱
9941,UCVePAV2F-jrRtjQfH5jkWcA,Dangiel,https://cn--xtb.noxinfluencer.com/youtube/channel/UCVePAV2F-jrRtjQfH5jkWcA,-10,badcase,游戏/音乐/宠物内容为主，无婴儿喂养或营养护理语境
9943,UCe-l-jHTrDuzbJdIPMpmQaQ,J.A.C.K.,https://cn--xtb.noxinfluencer.com/youtube/channel/UCe-l-jHTrDuzbJdIPMpmQaQ,-10,badcase,内容杂且偏宠物/塔罗/生活，和婴儿补充剂推广无关
9944,UCR7aqT_iztg0MXjE2oBwFXw,Diabetes - What To Know,https://cn--xtb.noxinfluencer.com/youtube/channel/UCR7aqT_iztg0MXjE2oBwFXw,-25,badcase,成人糖尿病管理频道，和婴儿补充剂受众明显不符
9945,UCs7Rd7xixDkSa_UK7KODwGQ,Miki :),https://cn--xtb.noxinfluencer.com/youtube/channel/UCs7Rd7xixDkSa_UK7KODwGQ,-10,badcase,青少年Vlog/口播/穿搭内容，缺少母婴营养场景
9946,UC8WycHOZJEZdad70bsL-pCQ,Banana Toca,https://cn--xtb.noxinfluencer.com/youtube/channel/UC8WycHOZJEZdad70bsL-pCQ,-25,badcase,Toca Boca剧情娱乐和动物内容，非母婴营养推广场景
9947,UCQGHJBCPVk_AyMIdDulzYlA,Crop & Soil Science (Agronomy),https://cn--xtb.noxinfluencer.com/youtube/channel/UCQGHJBCPVk_AyMIdDulzYlA,-10,badcase,农业科学内容，近10条全是作物/市场/供应链，不适合婴儿补充剂推广
9948,UCA_Os9X5YTlKonMV5oPkFJQ,shot everyone,https://cn--xtb.noxinfluencer.com/youtube/channel/UCA_Os9X5YTlKonMV5oPkFJQ,-25,badcase,音乐剪辑短视频号，内容与婴儿补充剂无关且格式明显不匹配
9949,UCgKtHZ_czW3x4HRdS90u_rQ,Dama Xe,https://cn--xtb.noxinfluencer.com/youtube/channel/UCgKtHZ_czW3x4HRdS90u_rQ,-20,badcase,时尚穿搭号，受众偏美妆服饰，和婴儿补充剂缺少明确关联
9950,UCKZZ2mdgnbBGugRMnF6c1iQ,Sbovia,https://cn--xtb.noxinfluencer.com/youtube/channel/UCKZZ2mdgnbBGugRMnF6c1iQ,-25,badcase,泳装时尚号，受众与婴儿补充剂推广目标明显不匹配
9951,UCUQBR-i9ozRpcYPvdJrQytA,Bagge Schmidt,https://cn--xtb.noxinfluencer.com/youtube/channel/UCUQBR-i9ozRpcYPvdJrQytA,-10,badcase,仅有宝宝家庭反应内容，无补充剂/营养/健康推广语境
9952,UCebJ62QcZ5xXMs9UgrNCdZA,Yavi's World,https://cn--xtb.noxinfluencer.com/youtube/channel/UCebJ62QcZ5xXMs9UgrNCdZA,-20,badcase,娱乐短视频号，近期全是梗/舞蹈/口型，和婴儿补充剂推广无关
9953,UCFcy7lNTEIT0qTRA_kwot8w,JessNicole🤎,https://cn--xtb.noxinfluencer.com/youtube/channel/UCFcy7lNTEIT0qTRA_kwot8w,-25,badcase,ASMR饮品食谱号，属于音频放松型内容，与婴幼儿补充剂强错配
9954,UCiE_nHUjJtF0jcHq4CFmfGw,Aisha Simone Official,https://cn--xtb.noxinfluencer.com/youtube/channel/UCiE_nHUjJtF0jcHq4CFmfGw,-10,badcase,时尚美妆生活号，缺少婴童营养或家长购买场景
9955,UCymQwTNGTKYOTq1bD4rPR2A,Michelda,https://cn--xtb.noxinfluencer.com/youtube/channel/UCymQwTNGTKYOTq1bD4rPR2A,-9,badcase,以穿搭美妆和日常为主，仅有泛购物信号，和婴儿补充剂关联弱
9956,UCF8U0YBNakqXjiJgNm21JlA,Dr. Benjamin Benulis,https://cn--xtb.noxinfluencer.com/youtube/channel/UCF8U0YBNakqXjiJgNm21JlA,-8,badcase,健康营养号但偏成人疾病科普，无婴童/母婴受众
9957,UCfEnHpE8-FLE6Xs1LQ5MOBQ,Funny Rainbow Candy,https://cn--xtb.noxinfluencer.com/youtube/channel/UCfEnHpE8-FLE6Xs1LQ5MOBQ,-25,badcase,娱乐整蛊类频道，和婴儿补充剂推广场景明显不符
9958,UCncpdwYtuoI1K92B8NdOLJQ,LoveMorgan,https://cn--xtb.noxinfluencer.com/youtube/channel/UCncpdwYtuoI1K92B8NdOLJQ,-10,badcase,美妆穿搭生活号，缺少婴儿营养或护理相关信号
9959,UC0mgzZZiM4ghzuQgUuPuksg,Sneiko the Diva,https://cn--xtb.noxinfluencer.com/youtube/channel/UC0mgzZZiM4ghzuQgUuPuksg,-10,badcase,蜡烛测评号，产品类但与婴儿补充剂无关
9961,UCWD3llBMTMA4Qa8pGXLKPzQ,Tyrell Frye,https://cn--xtb.noxinfluencer.com/youtube/channel/UCWD3llBMTMA4Qa8pGXLKPzQ,-20,badcase,宠物/狗内容为主，和人类婴儿补充剂人群不符
9962,UCjd21NPO1jze_VbakkdyVLg,Hikari Fleurr,https://cn--xtb.noxinfluencer.com/youtube/channel/UCjd21NPO1jze_VbakkdyVLg,-10,badcase,生活方式/美妆号，缺少婴儿营养或育儿语境
9963,UC7dvaBn-AI2Eg_hVXvlmROA,SA Animation,https://cn--xtb.noxinfluencer.com/youtube/channel/UC7dvaBn-AI2Eg_hVXvlmROA,-19,badcase,3D搞笑动画短片，纯娱乐格式，不适合婴儿补充剂推广
9964,UCkgeZcPt26w15O5f3AMIEvg,Ms. Cakes,https://cn--xtb.noxinfluencer.com/youtube/channel/UCkgeZcPt26w15O5f3AMIEvg,-25,badcase,ASMR修复和故事化内容，属于感官娱乐，与补充剂推广错位
9965,UCdEMcj3_3Twg9R8C_5lk0JA,DiasporaScholarsTV,https://cn--xtb.noxinfluencer.com/youtube/channel/UCdEMcj3_3Twg9R8C_5lk0JA,-10,badcase,留学学术号，受众与婴儿营养/母婴场景无关
9966,UCAkeQnUTkPzG00DSdmx99aA,Ivna Corbucci,https://cn--xtb.noxinfluencer.com/youtube/channel/UCAkeQnUTkPzG00DSdmx99aA,-10,badcase,旅行生活方式号，缺少母婴或婴儿营养场景
9967,UCHL-VYCySGyONybytEpMiyg,Soft Bear Kitchen,https://cn--xtb.noxinfluencer.com/youtube/channel/UCHL-VYCySGyONybytEpMiyg,-10,badcase,便当/烹饪频道，近10条全是午餐内容，与婴儿补剂缺少场景匹配
9968,UCgW8K9_kpofKD8xrZihlKog,Dental Vibes,https://cn--xtb.noxinfluencer.com/youtube/channel/UCgW8K9_kpofKD8xrZihlKog,-9,badcase,牙科操作频道，近10条均为牙科内容，和婴儿营养补剂无关
9969,UCLWlUXilQUhkEpfkzH8pn3g,Spiffie,https://cn--xtb.noxinfluencer.com/youtube/channel/UCLWlUXilQUhkEpfkzH8pn3g,-25,badcase,娱乐音乐游戏号，近10条全是八卦搞笑，和婴儿补剂完全不匹配
9970,UCLFW3EKD2My9swWH4eTLaYw,Chloe Morello,https://cn--xtb.noxinfluencer.com/youtube/channel/UCLFW3EKD2My9swWH4eTLaYw,-9,badcase,美妆生活频道，只有泛化的review信号，近10条都偏美容内容
9971,UCVx_rxQgBZ9guBUsYjCmUEQ,Muvani Store,https://cn--xtb.noxinfluencer.com/youtube/channel/UCVx_rxQgBZ9guBUsYjCmUEQ,-22,badcase,故事音乐号，主体是动物/情绪故事与放松音乐，不适合婴儿补剂
9972,UCHyKdUXdKTEvozZwF1eZOSg,BeanYT,https://cn--xtb.noxinfluencer.com/youtube/channel/UCHyKdUXdKTEvozZwF1eZOSg,-25,badcase,动画故事频道，偏娱乐叙事，与婴童补剂推广无关
9973,UCP3iNNH4nhSWdvJe1x0dZtQ,MCshorts14,https://cn--xtb.noxinfluencer.com/youtube/channel/UCP3iNNH4nhSWdvJe1x0dZtQ,-25,badcase,游戏加ASMR/满足感格式，和婴童补剂推广强错配
9974,UCH6AL1j9OYaHPsMEDIM0Elw,StephanieMarie,https://cn--xtb.noxinfluencer.com/youtube/channel/UCH6AL1j9OYaHPsMEDIM0Elw,-20,badcase,宠物身份标签明显，且近期内容无婴童补剂相关
9975,UCqd12JDub-kcAN8Z70MFjJQ,Spotlight Era,https://cn--xtb.noxinfluencer.com/youtube/channel/UCqd12JDub-kcAN8Z70MFjJQ,-25,badcase,真犯罪故事频道，娱乐叙事属性强，不适合婴童补剂
9976,UCCBwt-tZ5SgA90HCBPvwBJA,Top Paw Picks,https://cn--xtb.noxinfluencer.com/youtube/channel/UCCBwt-tZ5SgA90HCBPvwBJA,-25,badcase,猫宠物频道，目标人群完全不符，属互斥场景
9977,UCKdzRZbkyT--dJcVvOhIK_w,AfridiAE,https://cn--xtb.noxinfluencer.com/youtube/channel/UCKdzRZbkyT--dJcVvOhIK_w,-15,badcase,娱乐剪辑频道，与婴儿补充剂推广人群不符
9978,UC7JlxEJ2LGFOk3RTMQPafJg,Gabriel Gonsalves,https://cn--xtb.noxinfluencer.com/youtube/channel/UC7JlxEJ2LGFOk3RTMQPafJg,-10,badcase,冥想祈祷频道，缺少母婴/婴儿营养信号
9979,UCd4PeR0MBaR25Oa7xEUUDCg,The Cozy Hospital ASMR,https://cn--xtb.noxinfluencer.com/youtube/channel/UCd4PeR0MBaR25Oa7xEUUDCg,-40,badcase,ASMR睡眠角色扮演，和产品推广格式强冲突
9980,UC0K7AjW01p14HkdNAklNEvg,PC MARKS INSIGHTS,https://cn--xtb.noxinfluencer.com/youtube/channel/UC0K7AjW01p14HkdNAklNEvg,-10,badcase,频道偏财经/泛评测，近期全是成人护发健康，非婴儿营养补剂场景
9981,UCVOgep1DrXwrojWCna0XAyQ,Mangolhasa,https://cn--xtb.noxinfluencer.com/youtube/channel/UCVOgep1DrXwrojWCna0XAyQ,-20,badcase,宠物狗频道，与人类婴儿补充剂互斥
9982,UC9-BL1gy0lf-sxbCwe4QsIQ,Greek Garden Maine Coons,https://cn--xtb.noxinfluencer.com/youtube/channel/UC9-BL1gy0lf-sxbCwe4QsIQ,-25,badcase,猫舍幼猫内容，与人类婴儿补充剂推广目标不符
9983,UCoWA-Htp5HuyL7qoqfYdlWw,MomentoTempus,https://cn--xtb.noxinfluencer.com/youtube/channel/UCoWA-Htp5HuyL7qoqfYdlWw,-25,badcase,时装走秀/泳装内容，和婴儿补充剂推广场景不匹配
9984,UC6K7ksrUidTzdlSgHtZ2fkQ,Reece Kanglisthenics,https://cn--xtb.noxinfluencer.com/youtube/channel/UC6K7ksrUidTzdlSgHtZ2fkQ,-10,badcase,健身+游戏内容，近期全是训练与疼痛话题，缺少婴儿补充剂相关性
9985,UCdhYLrgEWQL0u5GpQgqCZIg,Rachel / Keet,https://cn--xtb.noxinfluencer.com/youtube/channel/UCdhYLrgEWQL0u5GpQgqCZIg,-10,badcase,游戏与Tourettes话题频道，和婴儿补充剂几乎无关
9987,UC3C0ry83lWIVWsAyMaK-OcQ,Misscarriejune,https://cn--xtb.noxinfluencer.com/youtube/channel/UC3C0ry83lWIVWsAyMaK-OcQ,-10,badcase,健身生活型频道，近期内容也无婴儿营养/补剂语境
9988,UCkBsdlQ2vBph9eTqkN2xEqA,Daily Hope,https://cn--xtb.noxinfluencer.com/youtube/channel/UCkBsdlQ2vBph9eTqkN2xEqA,-24,badcase,情感短剧频道，偏娱乐叙事，与母婴补剂推广不适配
9989,UCaAc6wmqn0bdor2z7jz2lzA,Andres Colin,https://cn--xtb.noxinfluencer.com/youtube/channel/UCaAc6wmqn0bdor2z7jz2lzA,-10,badcase,音乐表演频道，内容与婴儿补剂无关，缺少母婴/营养意图
9990,UCHDw7RW7ItnTuijYfkEGCfQ,Kho Phim Truyền Hình Trung Quốc,https://cn--xtb.noxinfluencer.com/youtube/channel/UCHDw7RW7ItnTuijYfkEGCfQ,-25,badcase,影视追剧频道，母婴补剂推广场景明显不适配
9991,UCk3To0B8qC5_1YGeUUDcj6w,Unibono Pro,https://cn--xtb.noxinfluencer.com/youtube/channel/UCk3To0B8qC5_1YGeUUDcj6w,-10,badcase,女用剃毛器推广频道，和婴儿补剂类别完全不相关
9993,UClFDTg7a0K8y31nFHUTxGXA,Simeralla,https://cn--xtb.noxinfluencer.com/youtube/channel/UClFDTg7a0K8y31nFHUTxGXA,-25,badcase,纯游戏模组频道，和婴儿补充剂推广场景明显不符
9994,UC85OI_LqVgahDP2OZ_Hx2ow,Mzsanytay TV,https://cn--xtb.noxinfluencer.com/youtube/channel/UC85OI_LqVgahDP2OZ_Hx2ow,-10,badcase,以烹饪饮食为主，缺少婴儿营养与购买意图
9995,UCCaiTjZvI5-7oy4mpYPbqAQ,Cozy Kat,https://cn--xtb.noxinfluencer.com/youtube/channel/UCCaiTjZvI5-7oy4mpYPbqAQ,-9,badcase,偏赌场/生活方式，只有零星亲子信号，婴儿补充剂相关性弱
9996,UC8ERvOLue63i906u3p8YwBQ,alexandra hood,https://cn--xtb.noxinfluencer.com/youtube/channel/UC8ERvOLue63i906u3p8YwBQ,-7,badcase,偏母婴生活方式，缺少婴儿营养/补充剂意图，近10条也无相关内容
9997,UC-dm6gibWDkK2vteZ_i_kGw,David CMT,https://cn--xtb.noxinfluencer.com/youtube/channel/UC-dm6gibWDkK2vteZ_i_kGw,-25,badcase,娱乐短视频，近期全是搞笑内容，与婴儿补充剂推广无关
9998,UCJGAo5yG8yAzIz_-aX2SmEA,ItsMsTiffanyRe G,https://cn--xtb.noxinfluencer.com/youtube/channel/UCJGAo5yG8yAzIz_-aX2SmEA,-9,badcase,仅有泛生活方式弱相关，近期内容与婴儿营养补充品推广不匹配
9999,UC1TL_Fv7neoRf7Tb6mmRhtA,天策游戏解说,https://cn--xtb.noxinfluencer.com/youtube/channel/UC1TL_Fv7neoRf7Tb6mmRhtA,-10,badcase,游戏/生活杂题内容，与婴幼儿营养补充无关，最近10条均不匹配
10000,UCYcOTPfKZhCST04dBytbb1w,Revive Surgical Institute,https://cn--xtb.noxinfluencer.com/youtube/channel/UCYcOTPfKZhCST04dBytbb1w,-9,badcase,医疗整形为主，受众与婴儿补充剂推广场景明显不符
