rank,channel_id,channel_name,channel_url,score,suggested_label,why_short
24,UCZdVikfvasPf7BDLo4aWIVQ,Febatt -Oscar,https://cn--xtb.noxinfluencer.com/youtube/channel/UCZdVikfvasPf7BDLo4aWIVQ,0,badcase,虽有充电宝标签，但内容主轴是工业电池/DIY电池，消费级推广不匹配
34,UCqQDE95OW9B1ZwDh4Pm4iVA,Preview Vlog,https://cn--xtb.noxinfluencer.com/youtube/channel/UCqQDE95OW9B1ZwDh4Pm4iVA,-9,badcase,泛生活/DIY号，充电宝相关性弱，近期内容也不匹配
42,UCueLbevZTf3QC-cwcupUI7w,HOME AID Electronics & Mobile,https://cn--xtb.noxinfluencer.com/youtube/channel/UCueLbevZTf3QC-cwcupUI7w,-8,badcase,仅有泛电子弱相关，近期多为家电与招聘/访谈内容，偏离明显
60,UC8XSOL3fQucEfstbjRkMsxQ,Xiaofu Power-Ivy Lian,https://cn--xtb.noxinfluencer.com/youtube/channel/UC8XSOL3fQucEfstbjRkMsxQ,-10,badcase,频道主轴是 EV charger，和 power bank 不是同类产品，近期也无相关内容
61,UC2Ougt2BH3_rVOX2KRzN-Kw,Video Play Sound,https://cn--xtb.noxinfluencer.com/youtube/channel/UC2Ougt2BH3_rVOX2KRzN-Kw,-7,badcase,仅有旅行弱相关，近10条多为无关商品，难支撑充电宝投放
69,UCd44LZmTaRnkD-8QaD_D_oQ,EV Tesstudio,https://cn--xtb.noxinfluencer.com/youtube/channel/UCd44LZmTaRnkD-8QaD_D_oQ,-10,badcase,特斯拉配件频道，近期内容几乎全不相关，充电宝推广不合适
71,UCngdg9uiskNfMqeyFiJY4tA,FarmToMarketGirl,https://cn--xtb.noxinfluencer.com/youtube/channel/UCngdg9uiskNfMqeyFiJY4tA,-10,badcase,泛产品广告号，近10条无充电宝/数码相关，适配度低
72,UCLDw7ummSJnILbMZn2Azf2g,ON THE RADAR,https://cn--xtb.noxinfluencer.com/youtube/channel/UCLDw7ummSJnILbMZn2Azf2g,-9,badcase,健康补剂号，主题与充电宝不符，仅少量数码带货痕迹
75,UCuoZ2sz7zjJfNYDZzUu69bw,Shurchi Savdo Nodirshox,https://cn--xtb.noxinfluencer.com/youtube/channel/UCuoZ2sz7zjJfNYDZzUu69bw,-5,badcase,有充电器标签但内容杂乱，近10条多为无关题材，难投放
80,UCffIPwCX_Leq5kiJqim_35Q,First Power Technology,https://cn--xtb.noxinfluencer.com/youtube/channel/UCffIPwCX_Leq5kiJqim_35Q,-25,badcase,工业叉车充电设备，和消费级 power bank 受众明显不符
84,UCTUoGu_wFrX5WM_0DrjNi5g,karrie𝜗𝜚,https://cn--xtb.noxinfluencer.com/youtube/channel/UCTUoGu_wFrX5WM_0DrjNi5g,-9,badcase,近10条仅1条相关，其余以美妆/饰品短视频为主，推广相关性弱
90,UCdQpiWyu6vL6a1qRlfZcVjQ,The Review Vault,https://cn--xtb.noxinfluencer.com/youtube/channel/UCdQpiWyu6vL6a1qRlfZcVjQ,0,badcase,通用测评号但近期多为健康/家居用品，和充电宝不匹配
94,UCOjelD7mlsIdQDSI9PKi2Rw,KapePoTs,https://cn--xtb.noxinfluencer.com/youtube/channel/UCOjelD7mlsIdQDSI9PKi2Rw,-8,badcase,仅一条开箱相关，最新内容大多是生活记录
95,UCh5jBjwAxQHB4-IZL4c5o3g,Video introduce the latest products,https://cn--xtb.noxinfluencer.com/youtube/channel/UCh5jBjwAxQHB4-IZL4c5o3g,-9,badcase,泛产品频道但近期内容几乎都不指向充电宝
111,UCbF7YoeHA5UBfaJVzo8mSng,Milad Khoshknab MD Amazon new release goods,https://cn--xtb.noxinfluencer.com/youtube/channel/UCbF7YoeHA5UBfaJVzo8mSng,-3,badcase,有产品评测意图，但主体是手表，近10条多为无关内容
114,UCkLdCF3hLuiqBk4zOUWzwnw,5 phút chế tạo,https://cn--xtb.noxinfluencer.com/youtube/channel/UCkLdCF3hLuiqBk4zOUWzwnw,-10,badcase,纯DIY工具制作，近10条全部偏离充电宝推广
115,UCTrlQjopSa36nRCjjO2JHag,Mridul Hasan,https://cn--xtb.noxinfluencer.com/youtube/channel/UCTrlQjopSa36nRCjjO2JHag,-6,badcase,偏无人机和机器人内容，只有泛电子属性，充电宝不匹配
116,UCOOJqLwCUGOj7nPPC3aDdHw,GREEN CORPORATION,https://cn--xtb.noxinfluencer.com/youtube/channel/UCOOJqLwCUGOj7nPPC3aDdHw,-7,badcase,电源电路/元件频道，和充电宝推广不对口
119,UCpFTAe3bBgroGK2aP7_A4dw,KevShorted,https://cn--xtb.noxinfluencer.com/youtube/channel/UCpFTAe3bBgroGK2aP7_A4dw,-1,badcase,偏科技资讯/教程，缺少充电宝购买语境
121,UCkNY0K1LXi9toj4rgvkQ0vA,Case Club,https://cn--xtb.noxinfluencer.com/youtube/channel/UCkNY0K1LXi9toj4rgvkQ0vA,-10,badcase,收纳壳频道为主，缺少充电宝推广语境
125,UCIUf8pdxv1LJ6sLAloNUFNQ,Jason Yoder,https://cn--xtb.noxinfluencer.com/youtube/channel/UCIUf8pdxv1LJ6sLAloNUFNQ,-8,badcase,旅行摄影为主，只有弱场景关联，缺少充电宝语境
130,UCI2y88kk0Iv7XR0AuAGkc0g,Invention Tools,https://cn--xtb.noxinfluencer.com/youtube/channel/UCI2y88kk0Iv7XR0AuAGkc0g,-8,badcase,以DIY技巧和杂项内容为主，缺少充电宝购买或评测意图。
143,UCHleGHTHOfWkZyQLV9N0H8w,Kinscoter,https://cn--xtb.noxinfluencer.com/youtube/channel/UCHleGHTHOfWkZyQLV9N0H8w,-10,badcase,近期均为风扇内容，与充电宝推广场景不符
151,UC2EraglPs-95qnKVrFq4kMA,Chase Brogan,https://cn--xtb.noxinfluencer.com/youtube/channel/UC2EraglPs-95qnKVrFq4kMA,-9,badcase,游戏频道为主，最新内容几乎无充电宝推广场景
154,UCEu1lHVAvHGnbn7z_UipURg,In The Garden Sue: Reviews for Home and Garden,https://cn--xtb.noxinfluencer.com/youtube/channel/UCEu1lHVAvHGnbn7z_UipURg,-10,badcase,园艺家居频道，近10条几乎都是园艺工具，充电宝不匹配
156,UCfYANhfyRFW3xwDVVNw9vig,PowerUrus,https://cn--xtb.noxinfluencer.com/youtube/channel/UCfYANhfyRFW3xwDVVNw9vig,-5,badcase,电池类为主，偏车载/RV，近10条与充电宝推广场景不符
164,UCQUu_bkbMwsOHSkGnloRQ6w,healthybody23,https://cn--xtb.noxinfluencer.com/youtube/channel/UCQUu_bkbMwsOHSkGnloRQ6w,-9,badcase,标签无相关，最新10条仅1条电源类，其余多为美妆/餐厨内容
165,UCnFPLiiQDAa8_AiamGwYZBQ,DIY DAD hub,https://cn--xtb.noxinfluencer.com/youtube/channel/UCnFPLiiQDAa8_AiamGwYZBQ,-6,badcase,仅有DIY/家居/汽车弱相关，近10条内容几乎都不匹配
166,UC0FjUqVz3ntlECTt-lqyp3w,Bivi,https://cn--xtb.noxinfluencer.com/youtube/channel/UC0FjUqVz3ntlECTt-lqyp3w,-8,badcase,杂项商品展示为主，缺少充电宝相关证据
168,UClqj7mjmRy4jwlTkmX_iLwg,VirtualShift,https://cn--xtb.noxinfluencer.com/youtube/channel/UClqj7mjmRy4jwlTkmX_iLwg,-8,badcase,以音乐/趋势/日常为主，只有单条移动电源内容
173,UCdf0z-hMxEmbKMtOQyFv3RQ,Pro Tech,https://cn--xtb.noxinfluencer.com/youtube/channel/UCdf0z-hMxEmbKMtOQyFv3RQ,-22,badcase,前5标签以新闻为主，近期虽有电池内容但非购买/评测场景
175,UCvu3RECkkEzw4hk6Fp9qeUA,Aly Lorenzo,https://cn--xtb.noxinfluencer.com/youtube/channel/UCvu3RECkkEzw4hk6Fp9qeUA,-7,badcase,生活方式/购物为主，仅少量充电相关内容，近10期大多不匹配
176,UCvAImNHi8s_Ts3HeG72opLg,Girls cartoon,https://cn--xtb.noxinfluencer.com/youtube/channel/UCvAImNHi8s_Ts3HeG72opLg,-8,badcase,无标签命中，内容偏手机杂项，缺少充电宝推广意图
179,UC64azkiisODKa-IJZ22Pupw,Fillcart Official 2,https://cn--xtb.noxinfluencer.com/youtube/channel/UC64azkiisODKa-IJZ22Pupw,-12,badcase,ASMR/吃播式内容，和充电宝这类实体推广格式不匹配
184,UC0NWnhwv9xSdEDNm7XnRbQw,thesmashtvnetwork,https://cn--xtb.noxinfluencer.com/youtube/channel/UC0NWnhwv9xSdEDNm7XnRbQw,-10,badcase,以游戏/直播/睡眠音乐为主，缺少充电宝推广相关信号
186,UCSoJ8i_Oqu0M12nTmm1I0mQ,VGroupBuy,https://cn--xtb.noxinfluencer.com/youtube/channel/UCSoJ8i_Oqu0M12nTmm1I0mQ,-8,badcase,仅有泛科技/测评弱相关，近期全是美妆护肤推广，和充电宝不匹配
190,UCtg1DYyJwdjgtjihQKOoYIQ,MYBAT PRO,https://cn--xtb.noxinfluencer.com/youtube/channel/UCtg1DYyJwdjgtjihQKOoYIQ,-6,badcase,手机壳/配件频道为主，缺少充电宝实质内容，近期也几乎不匹配
195,UCrB_zl77w-woK-JXkLYpkPw,AstroAI,https://cn--xtb.noxinfluencer.com/youtube/channel/UCrB_zl77w-woK-JXkLYpkPw,-3,badcase,汽车工具品牌频道，虽有启动电源相邻但非充电宝推广场景
200,UCNo1wJYtvLOAOqhn1Woce9w,Technical Shahzada,https://cn--xtb.noxinfluencer.com/youtube/channel/UCNo1wJYtvLOAOqhn1Woce9w,0,badcase,电池相关标签有，但近期内容几乎全是体育节目，题材错位
204,UC3g_UcS9GAW8doDazTkytqQ,Arbsbuy LLC,https://cn--xtb.noxinfluencer.com/youtube/channel/UC3g_UcS9GAW8doDazTkytqQ,-5,badcase,内容偏服饰美妆，近期与充电类产品几乎无关
209,UCR5m-oDdKwF3qXS_AltepZg,Origin研究所,https://cn--xtb.noxinfluencer.com/youtube/channel/UCR5m-oDdKwF3qXS_AltepZg,-10,badcase,环保科普/科技频道，缺少充电宝评测或购买意图，近期内容也不匹配
210,UC3RxKEuZhRTaP6E2JpJPuhQ,Jessica Larrew Reviews,https://cn--xtb.noxinfluencer.com/youtube/channel/UC3RxKEuZhRTaP6E2JpJPuhQ,-10,badcase,频道偏亚马逊卖家/随机商品分享，缺少充电宝或电子配件相关性
211,UCQMJfPNvlPOwdCiogPj2krA,Lightning A,https://cn--xtb.noxinfluencer.com/youtube/channel/UCQMJfPNvlPOwdCiogPj2krA,-10,badcase,内容为闪电/植物实验，和充电宝推广无关
213,UCyGDZKlKOtnnIbh_j9N3Kew,Bipolar & How I Am Dealing With It!,https://cn--xtb.noxinfluencer.com/youtube/channel/UCyGDZKlKOtnnIbh_j9N3Kew,-10,badcase,心理健康频道，近期内容与充电宝推广不符
225,UChttFRSkP1hH8e3RokiFTNg,Pomeroy DC Jack Repair,https://cn--xtb.noxinfluencer.com/youtube/channel/UChttFRSkP1hH8e3RokiFTNg,-8,badcase,维修笔记本充电口为主，与 power bank 推广场景不匹配
230,UCvmCs-4FHX1I0sFL6klze3w,WebCosplay,https://cn--xtb.noxinfluencer.com/youtube/channel/UCvmCs-4FHX1I0sFL6klze3w,-25,badcase,Cosplay娱乐向，最近内容多为服装道具，和充电宝推广不匹配
236,UCXyt12C0SXIbH-QVQ3wbiLQ,X LessThan Z,https://cn--xtb.noxinfluencer.com/youtube/channel/UCXyt12C0SXIbH-QVQ3wbiLQ,-7,badcase,DIY电池项目有一点弱相关，但非产品推广频道，近期内容多不匹配
238,UCfolmMYcTjcdWe3janTnMAw,Gear Elevation,https://cn--xtb.noxinfluencer.com/youtube/channel/UCfolmMYcTjcdWe3janTnMAw,-10,badcase,生活家居与宠物杂内容，和充电宝推广关联弱，近期也多不匹配
242,UCvbJlLlvBbZo9d5crfO_uGA,JaggedHaloLLC - Kim Herring,https://cn--xtb.noxinfluencer.com/youtube/channel/UCvbJlLlvBbZo9d5crfO_uGA,-9,badcase,无充电宝相关信号，近期多为宠物/健康/食品杂项测评
250,UCFzQdH0KEnBFKCpytgBXqgw,PowerA,https://cn--xtb.noxinfluencer.com/youtube/channel/UCFzQdH0KEnBFKCpytgBXqgw,-9,badcase,游戏外设频道，近10期内容与充电宝推广关联弱
251,UCFzQdH0KEnBFKCpytgBXqgw,PowerA,https://cn--xtb.noxinfluencer.com/youtube/channel/UCFzQdH0KEnBFKCpytgBXqgw,-25,badcase,主域为游戏主机配件品牌，缺少充电宝推广语境，近作均不匹配
253,UCRSVCdInJ3XJECJQoGlAhWQ,Asian Ask,https://cn--xtb.noxinfluencer.com/youtube/channel/UCRSVCdInJ3XJECJQoGlAhWQ,-5,badcase,日本科技泛内容，无充电宝/配件推广或测评购买意图
259,UCi4cFXcajgaBaaqxMaSxHbg,Den ⚡️,https://cn--xtb.noxinfluencer.com/youtube/channel/UCi4cFXcajgaBaaqxMaSxHbg,-5,badcase,近期偏家居清洁和厨房产品，和充电宝推广不匹配
263,UCrQucF8E88m5QGMR8u2iw7w,yeahbox_wangpd,https://cn--xtb.noxinfluencer.com/youtube/channel/UCrQucF8E88m5QGMR8u2iw7w,-10,badcase,以音箱推广为主，主题是音频设备，不适合充电宝投放
265,UCnHoEE8uOeJmtUvnrosF4dQ,Bo Travels and Reviews @TheeLightningMan,https://cn--xtb.noxinfluencer.com/youtube/channel/UCnHoEE8uOeJmtUvnrosF4dQ,-6,badcase,旅行户外内容为主，只有使用场景关联，产品匹配弱
266,UCW_Nc2VwAkmYhn4A1rfMrTQ,Morshed Official,https://cn--xtb.noxinfluencer.com/youtube/channel/UCW_Nc2VwAkmYhn4A1rfMrTQ,-20,badcase,以娱乐短视频为主，近期无充电宝测评/购买意图，泛类也不够强
269,UCFYZ9-YFvOJTtOF1AdQud9Q,Your Daily Info,https://cn--xtb.noxinfluencer.com/youtube/channel/UCFYZ9-YFvOJTtOF1AdQud9Q,-1,badcase,无电源宝直相关；近期仅见充电器评测，推广相关性弱
273,UCOqV-vkNYWL_lEA5XtJxoZw,Sara Pariseau | UGC,https://cn--xtb.noxinfluencer.com/youtube/channel/UCOqV-vkNYWL_lEA5XtJxoZw,-10,badcase,无数码/电源信号，近期多为美妆宠物补剂文案
274,UCK3VHcX-1CX1PFxUSf9v0dQ,EVEMALL,https://cn--xtb.noxinfluencer.com/youtube/channel/UCK3VHcX-1CX1PFxUSf9v0dQ,-10,badcase,面向电芯/EV/工具电池，消费级移动电源场景不匹配
278,UClbJs7g9xNw18_k1wcNPonw,Tech Tested,https://cn--xtb.noxinfluencer.com/youtube/channel/UClbJs7g9xNw18_k1wcNPonw,-8,badcase,近10条多为补剂/健康测评，和充电宝推广明显不匹配。
281,UCCt8K4gGHTOpaEYautAd4cA,𝗦𝗗 𝗘𝗗𝗜𝗧𝗭 𝗫,https://cn--xtb.noxinfluencer.com/youtube/channel/UCCt8K4gGHTOpaEYautAd4cA,-6,badcase,宗教混剪/循环短视频，和充电宝推广场景不匹配
283,UCaC_85rC9fwN4b1D1Wcagjg,GOMEZ** EV,https://cn--xtb.noxinfluencer.com/youtube/channel/UCaC_85rC9fwN4b1D1Wcagjg,-5,badcase,电池改装偏车用技术，和消费级充电宝人群不一致
289,UCn8qteDV1Vkli2k15fNUI0Q,umboxed,https://cn--xtb.noxinfluencer.com/youtube/channel/UCn8qteDV1Vkli2k15fNUI0Q,-23,badcase,音乐娱乐为主，虽有开箱但整体频道不适合充电宝推广
293,UCiQ1YjHYFH1SQWjS_kQAXMw,Sonny Nguyen,https://cn--xtb.noxinfluencer.com/youtube/channel/UCiQ1YjHYFH1SQWjS_kQAXMw,-9,badcase,汽车/Tesla维修内容为主，仅弱生活方式重合，不适合充电宝推广
297,UCQqaV3RHBdzK9X8HUYvfk0Q,JimTheCool7819,https://cn--xtb.noxinfluencer.com/youtube/channel/UCQqaV3RHBdzK9X8HUYvfk0Q,-10,badcase,科技/手机仅弱相关，近期多为娱乐杂项，缺少充电宝推广语境
304,UCwezooaXIOWm3cczuQ9C2rQ,Hiker J,https://cn--xtb.noxinfluencer.com/youtube/channel/UCwezooaXIOWm3cczuQ9C2rQ,-5,badcase,户外/露营场景相关但无充电宝直相关，近10期多为灯具/工具/供电杂项
307,UCC6LaNLQQsuiX7-kT0dfbFA,ION Audio,https://cn--xtb.noxinfluencer.com/youtube/channel/UCC6LaNLQQsuiX7-kT0dfbFA,-8,badcase,音频/音箱频道，受众和 power bank 推广不匹配
313,UCO-5CYjhf56OI7TV1a2df1Q,Amazon 2025 Discount Hub,https://cn--xtb.noxinfluencer.com/youtube/channel/UCO-5CYjhf56OI7TV1a2df1Q,-6,badcase,顶部宗教标签与商品推介冲突，主域不适合推充电宝
326,UCFMNryND3Q1iYAhKY43Yybw,Christy's Critiques,https://cn--xtb.noxinfluencer.com/youtube/channel/UCFMNryND3Q1iYAhKY43Yybw,-7,badcase,评测型频道但近10条与充电宝主题大多不符
329,UC3_l5Bnxf8xmoc-dL8F_XnQ,Smart Outdoor Gear,https://cn--xtb.noxinfluencer.com/youtube/channel/UC3_l5Bnxf8xmoc-dL8F_XnQ,-5,badcase,有便携供电标签，但近10条全是料理机内容
338,UCm-3ZyCwCvM-p1PC9aM3Tfg,DisorderVapes,https://cn--xtb.noxinfluencer.com/youtube/channel/UCm-3ZyCwCvM-p1PC9aM3Tfg,-25,badcase,Vape和技巧内容为主，与充电宝推广目标明显不符
346,UCdZsr87GGm6LQEfJfI-NP4g,Pamela Madore,https://cn--xtb.noxinfluencer.com/youtube/channel/UCdZsr87GGm6LQEfJfI-NP4g,0,badcase,房车/露营场景相关，但近期内容偏个人生活非充电宝推广
352,UC4428-zO3Vx6D7_6XOpCZHw,CARKU GLOBAL,https://cn--xtb.noxinfluencer.com/youtube/channel/UC4428-zO3Vx6D7_6XOpCZHw,-20,badcase,汽车应急启动器频道，和人用充电宝投放目标不符
355,UCfwARsv4ciM_T1x0ne7oA_Q,christian,https://cn--xtb.noxinfluencer.com/youtube/channel/UCfwARsv4ciM_T1x0ne7oA_Q,-8,badcase,主内容是游戏直播，和充电宝推广人群不匹配
358,UCJjQUSNPhZZDaPWwfnyHJBg,QC Store,https://cn--xtb.noxinfluencer.com/youtube/channel/UCJjQUSNPhZZDaPWwfnyHJBg,-9,badcase,家居厨房泛品号，缺少电源/充电器材定位，近期多为泛消费品
365,UCxOD5c7H4zepc1_Q-AbJNMg,SlashGear,https://cn--xtb.noxinfluencer.com/youtube/channel/UCxOD5c7H4zepc1_Q-AbJNMg,-8,badcase,仅有泛科技弱相关，近期偏汽车/iPhone 资讯，不适合推 power bank
366,UC0lWlOhcLvH6nHVuMI4s9fg,Paiseec,https://cn--xtb.noxinfluencer.com/youtube/channel/UC0lWlOhcLvH6nHVuMI4s9fg,-10,badcase,轮椅/护理频道，近期几乎全是医疗移动设备内容，和充电宝不匹配
373,UCJR2XjXAT9Lu_GfkHO3HNiQ,PHUOC VIETNAM 🇻🇳,https://cn--xtb.noxinfluencer.com/youtube/channel/UCJR2XjXAT9Lu_GfkHO3HNiQ,-28,badcase,娱乐短视频为主，频道主域与充电宝投放明显不匹配
376,UCJQ-XEgcKzOOptl_Vy-2TIQ,Enjoy Your Carry,https://cn--xtb.noxinfluencer.com/youtube/channel/UCJQ-XEgcKzOOptl_Vy-2TIQ,-8,badcase,EDC包袋为主，近10条全是包类内容，充电宝缺少购买评测意图
380,UCUFvhjDD1gZCDolRbzAob3A,Hak Hang,https://cn--xtb.noxinfluencer.com/youtube/channel/UCUFvhjDD1gZCDolRbzAob3A,-25,badcase,车修频道主轴是汽车电瓶维修，和充电宝投放场景明显不匹配
383,UCxeFqQa4hm_4ZapjH910nJw,DayTradingZones by Marc,https://cn--xtb.noxinfluencer.com/youtube/channel/UCxeFqQa4hm_4ZapjH910nJw,-10,badcase,频道为交易金融内容，与充电宝推广几乎无关，近期也无相关产品语境
385,UCJP28aE_JVisr9ynqLvfMfw,Loa Điều Khiển Từ Xa BG 🅥,https://cn--xtb.noxinfluencer.com/youtube/channel/UCJP28aE_JVisr9ynqLvfMfw,-19,badcase,主域是打鸟音箱与换电池，充电宝仅零星提及，近10条大多不匹配
387,UCuJ8-elZHLbru6p6J6_yBqA,Rosemount,https://cn--xtb.noxinfluencer.com/youtube/channel/UCuJ8-elZHLbru6p6J6_yBqA,-25,badcase,工业仪表场景与消费充电宝无关，近期内容也全是工业测量
388,UC8ky26m4Z7oD4JyjfGzpkIw,Zazo Review,https://cn--xtb.noxinfluencer.com/youtube/channel/UC8ky26m4Z7oD4JyjfGzpkIw,-10,badcase,健身+谜题娱乐为主，和充电宝推广缺少场景与受众重叠
389,UCVVxbSmEeTOUMhMP8V9hlNQ,Jenniferkemi,https://cn--xtb.noxinfluencer.com/youtube/channel/UCVVxbSmEeTOUMhMP8V9hlNQ,-8,badcase,频道聚焦音响产品，只有弱电子类重合，近期内容均非充电宝
393,UCc5_RFcKOJZaCWkI3Oz58jA,AZCAMERA REVIEWS,https://cn--xtb.noxinfluencer.com/youtube/channel/UCc5_RFcKOJZaCWkI3Oz58jA,-7,badcase,近期内容分散，和电源宝推广场景不聚焦
394,UCu67ms6tiDFP4GZ0GoCJ2og,ZERO BREEZE,https://cn--xtb.noxinfluencer.com/youtube/channel/UCu67ms6tiDFP4GZ0GoCJ2og,-9,badcase,便携空调品牌频道，非充电宝推广场景，近期内容多为AC安装测试
396,UCVukF4ecgxcRySI_GnlsWuA,MONASAY,https://cn--xtb.noxinfluencer.com/youtube/channel/UCVukF4ecgxcRySI_GnlsWuA,-8,badcase,手机壳/配件垂类，最近全是壳和贴膜，和充电宝投放关联弱
397,UCz_zZzWWMgAXHwuh0Q4TzMw,jojo zhang,https://cn--xtb.noxinfluencer.com/youtube/channel/UCz_zZzWWMgAXHwuh0Q4TzMw,-6,badcase,频道主打充电灯具/工灯，非移动电源；仅有户外和充电弱相关
404,UCWSch_1QnhmKJldHBvluRQw,JAFAR,https://cn--xtb.noxinfluencer.com/youtube/channel/UCWSch_1QnhmKJldHBvluRQw,-10,badcase,频道以游戏和做菜为主，近10条内容与充电宝推广几乎无关
407,UCLT9icGdVQtitygc_-xEOfw,Sam Owens,https://cn--xtb.noxinfluencer.com/youtube/channel/UCLT9icGdVQtitygc_-xEOfw,-8,badcase,杂项手作/模型与工具内容为主，近10条和充电宝推广几乎不搭
413,UChTEDKRKZ6ZvvGrTtFfrepQ,🛴Tech,https://cn--xtb.noxinfluencer.com/youtube/channel/UChTEDKRKZ6ZvvGrTtFfrepQ,-16,badcase,娱乐短视频为主，虽有电池内容但缺少充电宝评测/购买场景
414,UCl9cIQ8tmtcV-ETZOlbSs2g,Exclusive Tech Products,https://cn--xtb.noxinfluencer.com/youtube/channel/UCl9cIQ8tmtcV-ETZOlbSs2g,-9,badcase,仅有泛科技弱相关，近10条全是耳机音频内容，不适合推广充电宝
417,UCY4EIhPb3ZddO0fh7TORWZQ,The Skill Point,https://cn--xtb.noxinfluencer.com/youtube/channel/UCY4EIhPb3ZddO0fh7TORWZQ,-10,badcase,工厂流程/教程为主，和充电宝推广场景不匹配
423,UCN2-iNqFSm5VFXrhcZS3wqQ,Mike Life,https://cn--xtb.noxinfluencer.com/youtube/channel/UCN2-iNqFSm5VFXrhcZS3wqQ,-9,badcase,汽车清洁评测频道，近10条与充电宝无关，仅有泛电子评测信号
424,UCbD-3GA5vLKB2Bs4mzxHTgA,Birds kingdom,https://cn--xtb.noxinfluencer.com/youtube/channel/UCbD-3GA5vLKB2Bs4mzxHTgA,-9,badcase,频道主做手机/手表/宠物内容，近期也无充电宝相关内容
429,UCMGkwgOomR02Gh9McAXXrVg,Steven Lam,https://cn--xtb.noxinfluencer.com/youtube/channel/UCMGkwgOomR02Gh9McAXXrVg,-9,badcase,以相机配件/开箱为主，缺少充电宝或供电购买语境
430,UCH7AlvFzBW3I4lmMuBAELcQ,The Outdoor Gear Guide,https://cn--xtb.noxinfluencer.com/youtube/channel/UCH7AlvFzBW3I4lmMuBAELcQ,-18,badcase,BB枪频道，近期内容全是武器测评，和充电宝推广场景不符
434,UCKzE8AbVg5SjlkVe6dnbxng,Arcadenut,https://cn--xtb.noxinfluencer.com/youtube/channel/UCKzE8AbVg5SjlkVe6dnbxng,-5,badcase,偏硬件维修与3D打印，和充电宝推广仅弱相关，近期也不偏导购
435,UCNEb6QZnHBKztoL1vOdf2hg,AH Keypad Mobile Solution,https://cn--xtb.noxinfluencer.com/youtube/channel/UCNEb6QZnHBKztoL1vOdf2hg,-9,badcase,手机维修教程为主，近期内容与充电宝推广场景不匹配
439,UCIkjBbBx257DarS7nc9THRA,Chagula media - ጫጉላ ሚዲያ,https://cn--xtb.noxinfluencer.com/youtube/channel/UCIkjBbBx257DarS7nc9THRA,-7,badcase,手机技巧相关但非充电宝推广，近期多为应用安全教程
447,UCvFKUilbwlAToo3450l1CHg,TechWithLuke,https://cn--xtb.noxinfluencer.com/youtube/channel/UCvFKUilbwlAToo3450l1CHg,-9,badcase,仅有通用 Accessories 标签，近期内容集中在游戏/Tesla 配件，和充电宝弱相关
448,UCEioyCF_gT2kOKrp-gyftAQ,Vincit Design Co.,https://cn--xtb.noxinfluencer.com/youtube/channel/UCEioyCF_gT2kOKrp-gyftAQ,-10,badcase,以纹身/设计为主，近期虽有数码评测但与充电宝推广主题不符
449,UCn2V9rEigBZ5RRV84-vSXUw,Mobility Solutions,https://cn--xtb.noxinfluencer.com/youtube/channel/UCn2V9rEigBZ5RRV84-vSXUw,-10,badcase,Mobility aid 频道，核心是轮椅/代步器材，与充电宝推广无明显匹配
450,UCUDfrN-_Ub6UybDg5xtMxnQ,MofigoDIY,https://cn--xtb.noxinfluencer.com/youtube/channel/UCUDfrN-_Ub6UybDg5xtMxnQ,-8,badcase,DIY 技术频道有一次充电宝制作，但整体偏维修改造，购买推广相关性弱
454,UCn2V9rEigBZ5RRV84-vSXUw,Mobility Solutions,https://cn--xtb.noxinfluencer.com/youtube/channel/UCn2V9rEigBZ5RRV84-vSXUw,-4,badcase,主要是轮椅与助行器，和充电宝推广场景不匹配
461,UCACv59RS4uw-A0qSmWQaSxg,Interstate Batteries,https://cn--xtb.noxinfluencer.com/youtube/channel/UCACv59RS4uw-A0qSmWQaSxg,-23,badcase,汽车/船用电池品牌频道，非消费级充电宝推广场景
466,UCJwuGzZokYefxt8LYjW8BDA,SimpliSafe,https://cn--xtb.noxinfluencer.com/youtube/channel/UCJwuGzZokYefxt8LYjW8BDA,-7,badcase,家居安防为主，和充电宝推广目标不一致
467,UCggwZtRW2MZxvSidNkffIOQ,KENZI CAP,https://cn--xtb.noxinfluencer.com/youtube/channel/UCggwZtRW2MZxvSidNkffIOQ,-25,badcase,纯娱乐梗图频道，内容与充电宝带货完全不符
471,UCl6cKIL9vcUeUsRDkXL1Eeg,Honest News Ministry,https://cn--xtb.noxinfluencer.com/youtube/channel/UCl6cKIL9vcUeUsRDkXL1Eeg,-25,badcase,宗教内容为主，近10条均不相关，渠道不适合充电宝推广
476,UCOQa47a3PTQDTijvkp3A5nA,Mavigadget Originals,https://cn--xtb.noxinfluencer.com/youtube/channel/UCOQa47a3PTQDTijvkp3A5nA,-9,badcase,泛科技短视频号，近期内容与充电宝推广关联弱
482,UC8DpuALYeUZNpc4U8IGvm7w,GODSPEED FF,https://cn--xtb.noxinfluencer.com/youtube/channel/UC8DpuALYeUZNpc4U8IGvm7w,-25,badcase,纯FreeFire游戏短视频，内容域与移动电源投放无关
487,UCPOwEqBaICLvO0ioQ46eZjQ,Share Useful Things,https://cn--xtb.noxinfluencer.com/youtube/channel/UCPOwEqBaICLvO0ioQ46eZjQ,-10,badcase,泛实用杂货频道，缺少充电宝相关的电子/测评信号
494,UC-gtr9a4n9aiGhDyBcuAJgw,Fáme Short,https://cn--xtb.noxinfluencer.com/youtube/channel/UC-gtr9a4n9aiGhDyBcuAJgw,-25,badcase,短视频娱乐/直播抽奖为主，和充电宝推广不符
497,UCncTKWV6U6wUkObe2EnoloA,BLUE SEA LIGHTING - Melody,https://cn--xtb.noxinfluencer.com/youtube/channel/UCncTKWV6U6wUkObe2EnoloA,0,badcase,纯灯光演出频道，和充电宝推广缺乏产品与受众相关性
4751,UCkxcwjS6vpp6kl77GQrDVig,cgnmifd,https://cn--xtb.noxinfluencer.com/youtube/channel/UCkxcwjS6vpp6kl77GQrDVig,-16,badcase,娱乐POV内容，近期全是泛流量短视频，和充电宝推广不匹配
4752,UCgidmonPjBhDw417L3SaITw,NOV,https://cn--xtb.noxinfluencer.com/youtube/channel/UCgidmonPjBhDw417L3SaITw,-9,badcase,偏工业能源与钻井内容，只有泛科技标签，消费级充电宝相关性低
4754,UCP3FySJ4XnSrhJooI8uHL3w,Noorio,https://cn--xtb.noxinfluencer.com/youtube/channel/UCP3FySJ4XnSrhJooI8uHL3w,-5,badcase,安防摄像头品牌频道，近热视频均非充电宝推广场景
4755,UC8xGpwn7LAZlp3FcHVALk-A,Saving Tips,https://cn--xtb.noxinfluencer.com/youtube/channel/UC8xGpwn7LAZlp3FcHVALk-A,-20,badcase,生活妙招/土法改造类内容，近期标题多为噱头型，推广承接差
4757,UCKTXrzYAqfjqEa17N9TrdHw,anatoliy omelchenko,https://cn--xtb.noxinfluencer.com/youtube/channel/UCKTXrzYAqfjqEa17N9TrdHw,-5,badcase,以户外刀具和益智内容为主，近期内容偏离移动供电场景
4759,UCsx1dcSBWf7-qVr4uqrs9TQ,EN_GSM,https://cn--xtb.noxinfluencer.com/youtube/channel/UCsx1dcSBWf7-qVr4uqrs9TQ,-8,badcase,以盲盒和娱乐开箱为主，少量充电评测不足以支撑投放
4760,UCjvStCPKthlNcDwEQojKfQw,MickeyXOXO972,https://cn--xtb.noxinfluencer.com/youtube/channel/UCjvStCPKthlNcDwEQojKfQw,-19,badcase,以盲盒拆箱和派对内容为主，缺少充电宝购买/测评语境
4762,UCpddDlRSrgVcvCrwAkasr9Q,"eagle,s",https://cn--xtb.noxinfluencer.com/youtube/channel/UCpddDlRSrgVcvCrwAkasr9Q,-10,badcase,无标签且近期内容杂乱，和充电宝推广几乎无关
4763,UCcEsFqga8Xuih8x6t4SQAXQ,"Haver & Boecker USA, Inc.",https://cn--xtb.noxinfluencer.com/youtube/channel/UCcEsFqga8Xuih8x6t4SQAXQ,-10,badcase,工业食品包装设备号，完全不是充电宝推广场景
4764,UCi0AND6M048KJVE-2P29QtQ,eVOLVINGmALE,https://cn--xtb.noxinfluencer.com/youtube/channel/UCi0AND6M048KJVE-2P29QtQ,-7,badcase,汽车改装场景仅弱相关，近期内容基本不匹配充电宝推广
4765,UCrkqOkAlRQTNQUXAtQpOrGw,Evert Films,https://cn--xtb.noxinfluencer.com/youtube/channel/UCrkqOkAlRQTNQUXAtQpOrGw,-4,badcase,仅泛电子类相关，近期内容多为园艺/Wi-Fi/AI，缺少充电宝推广语境
4766,UCaKclnA8e4Wa1ZQDAr03-xA,Therese Tebo,https://cn--xtb.noxinfluencer.com/youtube/channel/UCaKclnA8e4Wa1ZQDAr03-xA,-34,badcase,娱乐向短视频账号，近10条几乎全是生活/搞笑内容，缺少产品推广场景
4767,UCFXdq1UBOTVoXSp7Y8HEmtA,RG 95,https://cn--xtb.noxinfluencer.com/youtube/channel/UCFXdq1UBOTVoXSp7Y8HEmtA,-3,badcase,无标签和充电宝相关内容，近期内容多为泛工具/户外短视频
4769,UCRmRfTjSmzD1FQn3Iwp2fiQ,Magpul,https://cn--xtb.noxinfluencer.com/youtube/channel/UCRmRfTjSmzD1FQn3Iwp2fiQ,-5,badcase,有产品评测格式，但主体是枪械配件，和移动电源受众不匹配
4770,UC3OT5Lyere6NcBE6IW1dRpA,The Stroller Mom,https://cn--xtb.noxinfluencer.com/youtube/channel/UC3OT5Lyere6NcBE6IW1dRpA,-10,badcase,母婴推车内容为主，和移动电源推广缺少直接人群与购买场景
4771,UCvtKZHtJkL5BowX7zEwGUfA,documenting on paper,https://cn--xtb.noxinfluencer.com/youtube/channel/UCvtKZHtJkL5BowX7zEwGUfA,-10,badcase,手帐/文具频道与充电宝无直接相关，近期内容也几乎全是手帐翻页
4772,UCXXN81dr49Nj-n_0QeePVxQ,BlankiPlay,https://cn--xtb.noxinfluencer.com/youtube/channel/UCXXN81dr49Nj-n_0QeePVxQ,-9,badcase,游戏频道偏手机游戏，充电宝仅有弱泛相关，近10条多为游戏内容
4773,UC3Yljf2go07nSCE7fYmbEBw,TUBE CARS,https://cn--xtb.noxinfluencer.com/youtube/channel/UC3Yljf2go07nSCE7fYmbEBw,-10,badcase,汽车资讯频道与充电宝缺少直接购买/使用场景，近期全是汽车内容
4776,UCxZPAzkw5Bj-j4vihnjpCVQ,Scotti-BYTE Enterprise Consulting Services,https://cn--xtb.noxinfluencer.com/youtube/channel/UCxZPAzkw5Bj-j4vihnjpCVQ,-9,badcase,仅有技术泛标签，近期内容偏家用实验室/网络配置，与充电宝推广不匹配
4777,UCCkS7DE9lxmmq8rFOYqR97w,bikanersardarjioptialandwatch,https://cn--xtb.noxinfluencer.com/youtube/channel/UCCkS7DE9lxmmq8rFOYqR97w,-10,badcase,近10条主要是手表/时尚/太阳镜内容，和充电宝推广场景不匹配
4779,UCwvfmM4WDW1Hu2hBssKrvrQ,Инструкции DOORHAN,https://cn--xtb.noxinfluencer.com/youtube/channel/UCwvfmM4WDW1Hu2hBssKrvrQ,-7,badcase,内容为门控安装维护，和充电宝推广场景不匹配
4780,UCQWEk7Y2Kd5BJUh3minjTEA,RETEVIS Questions And Answers,https://cn--xtb.noxinfluencer.com/youtube/channel/UCQWEk7Y2Kd5BJUh3minjTEA,-10,badcase,近10条全是对讲机/业余无线电内容，与充电宝推广无关
4781,UCh3OFGIIYx8XrraALpT3V_Q,Bri Shaantice,https://cn--xtb.noxinfluencer.com/youtube/channel/UCh3OFGIIYx8XrraALpT3V_Q,-9,badcase,美妆生活号，近10条全是美妆/灵修内容，和充电宝推广不符
4782,UCT2zpKZOUjD9SUrp-XRpb8w,Cute Quirky Accessories,https://cn--xtb.noxinfluencer.com/youtube/channel/UCT2zpKZOUjD9SUrp-XRpb8w,-10,badcase,近期全是趣味小物、餐具和玩具，和充电宝推广几乎无关
4783,UCUhJbKgIIdsOfgli-TAJepA,CNCOB,https://cn--xtb.noxinfluencer.com/youtube/channel/UCUhJbKgIIdsOfgli-TAJepA,-7,badcase,仅有新能源/储能弱相关，近期内容几乎都不匹配
4784,UCe9jvCP7HlKg4nuT5fptzKQ,TSG1,https://cn--xtb.noxinfluencer.com/youtube/channel/UCe9jvCP7HlKg4nuT5fptzKQ,-10,badcase,标签无充电宝相关信号，近10条多为游戏内容，推广匹配度很低
4785,UCAJgqHu0zYCande9Hvv-UgA,ZCH FINDS,https://cn--xtb.noxinfluencer.com/youtube/channel/UCAJgqHu0zYCande9Hvv-UgA,-10,badcase,无标签命中，近10条内容与充电宝推广几乎无关
4786,UCKYfSLCAjEFTw-hj0T_OQ1Q,Birds of Valhalla,https://cn--xtb.noxinfluencer.com/youtube/channel/UCKYfSLCAjEFTw-hj0T_OQ1Q,-25,badcase,美妆手作皂频道，近期内容全是护肤/香皂，与充电宝投放场景不符
4788,UCL2hXAS11IgI4-k9vcI5OZQ,Wicked Winks,https://cn--xtb.noxinfluencer.com/youtube/channel/UCL2hXAS11IgI4-k9vcI5OZQ,-34,badcase,ASMR+3D打印是典型格式错配，近期内容也几乎全不相关
4789,UC8eI1LarewQWJQ5w9UyWdhw,Earthy Sam,https://cn--xtb.noxinfluencer.com/youtube/channel/UC8eI1LarewQWJQ5w9UyWdhw,-10,badcase,以手账与文具为主，缺少数码充电场景，近期内容也不贴合
4790,UCxAE24uxEIdlN2lVTTZ97qg,MAKERS,https://cn--xtb.noxinfluencer.com/youtube/channel/UCxAE24uxEIdlN2lVTTZ97qg,-10,badcase,访谈/节目型内容为主，缺少数码产品购买或测评语境
4791,UCf4ot_-G5W1amgr-jn8zmZA,Warrior Technology,https://cn--xtb.noxinfluencer.com/youtube/channel/UCf4ot_-G5W1amgr-jn8zmZA,-25,badcase,军武内容与充电宝推广场景明显不符，近期也全是武器作战题材
4792,UCAKKw1UG0dVwqjbKhBzwX3w,"Hanna Instruments, Inc.",https://cn--xtb.noxinfluencer.com/youtube/channel/UCAKKw1UG0dVwqjbKhBzwX3w,-12,badcase,水质/实验仪器频道，和充电宝购买推广关联弱，近期内容也不匹配
4793,UCaYGZv7zvfNKhbyBchy1eNg,FIP IIT - JEE NEET,https://cn--xtb.noxinfluencer.com/youtube/channel/UCaYGZv7zvfNKhbyBchy1eNg,-10,badcase,无充电宝或数码产品推广相关信号，近期内容均为科普教育
4795,UC56GzK_9ZdMxrnS-_hpMnRA,Dos Tornillos y Una Tuerca,https://cn--xtb.noxinfluencer.com/youtube/channel/UC56GzK_9ZdMxrnS-_hpMnRA,-5,badcase,汽车维修频道，近10条全是车修内容，和充电宝推广匹配低
4796,UC1lIHn3KlcJimyxsVugP4uw,Aging Wheels,https://cn--xtb.noxinfluencer.com/youtube/channel/UC1lIHn3KlcJimyxsVugP4uw,-8,badcase,车/EV电池向，只有弱电力联想，近10条也几乎不匹配充电宝
4797,UCBFImgt9UiCCfWzy4-TVVEA,QuickFollowz,https://cn--xtb.noxinfluencer.com/youtube/channel/UCBFImgt9UiCCfWzy4-TVVEA,-10,badcase,社媒营销教程号，和充电宝推广受众无关，近期内容全是平台功能
4798,UCGbWCJCruG_3HlRlMaIq6xA,Ronin Tactics Inc,https://cn--xtb.noxinfluencer.com/youtube/channel/UCGbWCJCruG_3HlRlMaIq6xA,-11,badcase,战术/军事娱乐频道，缺少充电宝购买或评测意图，仅EDC包弱相关
4799,UCBpFb9Am2F045vy7FiyBJXg,HMX MAX,https://cn--xtb.noxinfluencer.com/youtube/channel/UCBpFb9Am2F045vy7FiyBJXg,-8,badcase,偏发电机/DIY发电内容，和消费级充电宝推广场景不符
4801,UCNRsOhUjMjrd14KF0crMXrA,Avanti Morocha,https://cn--xtb.noxinfluencer.com/youtube/channel/UCNRsOhUjMjrd14KF0crMXrA,-10,badcase,手工切割频道，内容与充电宝投放几乎无关
4802,UCayG1Bflv_43EHumyaoBxyg,ButterFlyEmb,https://cn--xtb.noxinfluencer.com/youtube/channel/UCayG1Bflv_43EHumyaoBxyg,-10,badcase,刺绣机教学频道，和充电宝受众不匹配
4805,UCBUDrNfK47y9D_iSXikKIhg,Charging the Road,https://cn--xtb.noxinfluencer.com/youtube/channel/UCBUDrNfK47y9D_iSXikKIhg,-10,badcase,EV充电频道偏汽车场景，与手机充电宝受众错位
4806,UCn4eLi9hgNDpa_kSB67uFTQ,KayakDIY,https://cn--xtb.noxinfluencer.com/youtube/channel/UCn4eLi9hgNDpa_kSB67uFTQ,-10,badcase,钓鱼/皮划艇垂类，近10条全是装备改装与评测，和充电宝推广不匹配
4807,UC8dEwJRlPKWXDEcDQWPd_rQ,Option way,https://cn--xtb.noxinfluencer.com/youtube/channel/UC8dEwJRlPKWXDEcDQWPd_rQ,-20,badcase,频道以食物ASMR和吃播为主，与充电宝推广场景不符，近期内容也无相关性
4808,UCMgVL9GN03e9gkusa02i1ow,Youngblood Family Farm,https://cn--xtb.noxinfluencer.com/youtube/channel/UCMgVL9GN03e9gkusa02i1ow,-10,badcase,频道偏农场/家居DIY，近10条无充电宝相关内容，推广不匹配
4809,UCZHzyHvHnrNewTU-6WeWOgg,GemIQ,https://cn--xtb.noxinfluencer.com/youtube/channel/UCZHzyHvHnrNewTU-6WeWOgg,-7,badcase,偏数码摄影频道，近期全是珠宝摄影，和充电宝推广弱相关
4810,UCQD39At16ZBivLzHtkruZxg,⚡ Lightning Goats ⚡,https://cn--xtb.noxinfluencer.com/youtube/channel/UCQD39At16ZBivLzHtkruZxg,-7,badcase,山羊直播内容，与充电宝推广场景明显无关
4812,UCoXthsCNWacX7Q2aUkWOTUQ,KaviRam At USA,https://cn--xtb.noxinfluencer.com/youtube/channel/UCoXthsCNWacX7Q2aUkWOTUQ,-10,badcase,生活杂内容为主，近10条无充电宝场景，推广承接弱
4814,UCchqhX2ABu2586mNbMS6r7w,The Electrical Pro,https://cn--xtb.noxinfluencer.com/youtube/channel/UCchqhX2ABu2586mNbMS6r7w,-10,badcase,维修教程为主，缺少充电宝/移动电源购买与使用场景
4815,UCTtgDt1bjr1QiAvxtGmjtxA,Reddit Explainer,https://cn--xtb.noxinfluencer.com/youtube/channel/UCTtgDt1bjr1QiAvxtGmjtxA,-22,badcase,红迪故事+ASMR/短视频格式，和实体产品推广明显不匹配
4817,UCPMxT6ngWG0DSQZ_TuJvItA,Ej,https://cn--xtb.noxinfluencer.com/youtube/channel/UCPMxT6ngWG0DSQZ_TuJvItA,-25,badcase,娱乐吸烟内容为主，和移动电源推广场景明显不符
4819,UCBBAnDZb9q0hDFNEIUuOVDQ,N1JUR Amateur Radio,https://cn--xtb.noxinfluencer.com/youtube/channel/UCBBAnDZb9q0hDFNEIUuOVDQ,0,badcase,频道聚焦业余无线电，缺少充电宝评测或购买意图证据
4820,UC-D9PKZlhw2fZhMnnzefcgQ,"Sunny Li, Win-Win Waterjet",https://cn--xtb.noxinfluencer.com/youtube/channel/UC-D9PKZlhw2fZhMnnzefcgQ,-20,badcase,工业水刀机频道，和移动电源完全不在一个场景
4821,UCSlzvDWCoZOpLN5HlTYLSCQ,oppermanfitness,https://cn--xtb.noxinfluencer.com/youtube/channel/UCSlzvDWCoZOpLN5HlTYLSCQ,-9,badcase,健身测评为主，近期内容是能量饮料和蛋白零食，和充电宝关联弱
4822,UCUHZv6bHS4_y0k6jwNzduSg,Yo Dabba Dabba,https://cn--xtb.noxinfluencer.com/youtube/channel/UCUHZv6bHS4_y0k6jwNzduSg,-20,badcase,大麻dabbing器材号，主体受众与充电宝推广场景明显不匹配
4823,UC_bd-dCl3SXQgr4dPOecMDw,Chief Young,https://cn--xtb.noxinfluencer.com/youtube/channel/UC_bd-dCl3SXQgr4dPOecMDw,-10,badcase,频道偏工具车修、旅行和气枪，缺少充电宝推广相关内容
4824,UC6wSH2Pu_qE8aTzlDed35-g,CHAMPorCHOMP,https://cn--xtb.noxinfluencer.com/youtube/channel/UC6wSH2Pu_qE8aTzlDed35-g,-25,badcase,娱乐挑战和反应内容为主，几乎没有数码购买意图，适配差
4825,UCyI0D2G-rfO7aGMIsn_OWgA,Following HAL,https://cn--xtb.noxinfluencer.com/youtube/channel/UCyI0D2G-rfO7aGMIsn_OWgA,-10,badcase,亲子生活频道，缺少移动电源/数码配件推广相关内容
4826,UC3ewFx0hBcVX7-9Aex-h_hg,PYR Automotive,https://cn--xtb.noxinfluencer.com/youtube/channel/UC3ewFx0hBcVX7-9Aex-h_hg,-8,badcase,汽车维修频道，和充电宝推广几乎无关，近期内容也都不匹配
4827,UCRFEzzGWYgp_0WEaUQ8v9lw,長青智慧堂,https://cn--xtb.noxinfluencer.com/youtube/channel/UCRFEzzGWYgp_0WEaUQ8v9lw,-10,badcase,养老健康财经频道，和充电宝推广场景不相关
4829,UCLCmRuQRvVk8Onze6he1CUA,Seah Tech Memes 2,https://cn--xtb.noxinfluencer.com/youtube/channel/UCLCmRuQRvVk8Onze6he1CUA,-25,badcase,PC梗图娱乐频道，推广充电宝的购买语境和人群都不成立
4831,UCagmjtd9CLrsTBx00lcpCdA,Making Holic,https://cn--xtb.noxinfluencer.com/youtube/channel/UCagmjtd9CLrsTBx00lcpCdA,-6,badcase,DIY/修理类频道，缺少充电宝评测或购买意图，近期内容也不匹配
4832,UCHpFg1HOhotCMJf4jnGVpPA,itsoleg,https://cn--xtb.noxinfluencer.com/youtube/channel/UCHpFg1HOhotCMJf4jnGVpPA,-9,badcase,卡车/工程频道与充电宝推广仅弱场景相关，近10条内容无产品场景
4833,UCJfIaI9eTSS6IuJG1uTxS4g,Garage Ant Diagnostics,https://cn--xtb.noxinfluencer.com/youtube/channel/UCJfIaI9eTSS6IuJG1uTxS4g,-9,badcase,汽车诊断/维修频道，近期多为跳启动和诊断，和充电宝促销不匹配
4837,UC9_cUpeZXdi2S2D_JOZdtog,87SSBoi,https://cn--xtb.noxinfluencer.com/youtube/channel/UC9_cUpeZXdi2S2D_JOZdtog,-10,badcase,汽车改装频道，和充电宝推广无直接相关，近10条也都不匹配
4838,UCOmuEy02fxncAmajOjpiHug,Mateo Leal,https://cn--xtb.noxinfluencer.com/youtube/channel/UCOmuEy02fxncAmajOjpiHug,-10,badcase,电工/眼镜/生活内容，和充电宝推广缺少明确场景
4839,UC5nOu0vcjNfdxZjd9K-VA_Q,Advanblack,https://cn--xtb.noxinfluencer.com/youtube/channel/UC5nOu0vcjNfdxZjd9K-VA_Q,-10,badcase,摩托车配件频道，和充电宝产品受众不匹配
4840,UCuGDshVYRpinTlAZDYxmzKA,Kitbashed Survival,https://cn--xtb.noxinfluencer.com/youtube/channel/UCuGDshVYRpinTlAZDYxmzKA,-10,badcase,生存/装备评测频道，和充电宝推广只有泛泛工具属性
4842,UCbNYuLIIpulG-4MRr1lSwLQ,CoolToys&Stuff,https://cn--xtb.noxinfluencer.com/youtube/channel/UCbNYuLIIpulG-4MRr1lSwLQ,-9,badcase,频道偏玩具和儿童商品，近期内容全是玩具类，电源宝相关性弱
4843,UCrjp0KaKq7I0cirhKVJGAIQ,We're the Roberts,https://cn--xtb.noxinfluencer.com/youtube/channel/UCrjp0KaKq7I0cirhKVJGAIQ,-6,badcase,无人机频道，仅有电站内容弱相关，缺少充电宝推广意图
4844,UCC_Wk3eZub58Wf9WspIvn7A,PhatActual,https://cn--xtb.noxinfluencer.com/youtube/channel/UCC_Wk3eZub58Wf9WspIvn7A,-10,badcase,枪械射击频道，受众与充电宝推广无关，近期内容也无相关购买意图
4845,UCveMYxbMmhoPnsD5tq9rRNA,Tool Demos,https://cn--xtb.noxinfluencer.com/youtube/channel/UCveMYxbMmhoPnsD5tq9rRNA,-10,badcase,汽车工具/修车频道，近10条内容全不相关，不适合充电宝推广
4846,UCqklXFpPk-6NiQS5ZdcY79g,YouGtech,https://cn--xtb.noxinfluencer.com/youtube/channel/UCqklXFpPk-6NiQS5ZdcY79g,-10,badcase,无充电宝相关标签，近10条全是手机解锁/维修内容，推广相关性弱
4847,UC2juHtQNaNZK5yjkUqIfFOw,Anthony Napolitano,https://cn--xtb.noxinfluencer.com/youtube/channel/UC2juHtQNaNZK5yjkUqIfFOw,-8,badcase,仅有旅行/生活方式弱相关，近期内容几乎全不相关
4848,UCWNOkopk24NGYcPQe8Tap0g,Earnovate Tech,https://cn--xtb.noxinfluencer.com/youtube/channel/UCWNOkopk24NGYcPQe8Tap0g,-10,badcase,频道偏赚钱/加密货币内容，与power bank推广无关，近10条全不匹配
4849,UCd7IfCdCdBtDiiyNBCmFOag,SlickBuys Mods and Repairs,https://cn--xtb.noxinfluencer.com/youtube/channel/UCd7IfCdCdBtDiiyNBCmFOag,-9,badcase,偏游戏拆机修理，近10条均非充电宝推广场景
4851,UCh8YuvEHelYNNjjGXv0qumg,Victrip Electric Bike,https://cn--xtb.noxinfluencer.com/youtube/channel/UCh8YuvEHelYNNjjGXv0qumg,-9,badcase,偏电动自行车频道，和移动电源推广关联弱，近10条几乎全不匹配
4854,UCUJ_J7QQXwwvampIv0lutRQ,Johnny Jones At Home,https://cn--xtb.noxinfluencer.com/youtube/channel/UCUJ_J7QQXwwvampIv0lutRQ,-10,badcase,CB无线电/天线垂类，和移动电源推广场景不符
4855,UCOmuEy02fxncAmajOjpiHug,Mateo Leal,https://cn--xtb.noxinfluencer.com/youtube/channel/UCOmuEy02fxncAmajOjpiHug,-7,badcase,仅有弱电子/电工场景，近期内容多为双胞胎、心灵或无关主题
4856,UCPOQfD32PLMVdTg-38OwjCA,JMP Statistical Discovery,https://cn--xtb.noxinfluencer.com/youtube/channel/UCPOQfD32PLMVdTg-38OwjCA,-10,badcase,统计分析频道，和移动电源推广场景几乎无关
4857,UC5nOu0vcjNfdxZjd9K-VA_Q,Advanblack,https://cn--xtb.noxinfluencer.com/youtube/channel/UC5nOu0vcjNfdxZjd9K-VA_Q,-10,badcase,哈雷摩托配件频道，和移动电源受众不匹配
4859,UCQhw4CPKgUZyCKVmAYCoRIQ,Bitner Built,https://cn--xtb.noxinfluencer.com/youtube/channel/UCQhw4CPKgUZyCKVmAYCoRIQ,-8,badcase,工具DIY评测为主，仅有泛产品评测弱相关
4860,UCbNYuLIIpulG-4MRr1lSwLQ,CoolToys&Stuff,https://cn--xtb.noxinfluencer.com/youtube/channel/UCbNYuLIIpulG-4MRr1lSwLQ,-8,badcase,玩具频道为主，移动电源受众和内容都不对口
4864,UCC_Wk3eZub58Wf9WspIvn7A,PhatActual,https://cn--xtb.noxinfluencer.com/youtube/channel/UCC_Wk3eZub58Wf9WspIvn7A,-25,badcase,枪械射击垂类与充电宝推广无关，近期内容也几乎全是枪械
4866,UCqklXFpPk-6NiQS5ZdcY79g,YouGtech,https://cn--xtb.noxinfluencer.com/youtube/channel/UCqklXFpPk-6NiQS5ZdcY79g,0,badcase,手机维修解锁类科技频道，无充电宝推广或测评信号
4867,UCd7IfCdCdBtDiiyNBCmFOag,SlickBuys Mods and Repairs,https://cn--xtb.noxinfluencer.com/youtube/channel/UCd7IfCdCdBtDiiyNBCmFOag,-3,badcase,偏游戏掌机改装维修，非充电宝推广场景，近期内容多为RAM升级
4869,UCm_cJat_NAmKCqUj59hZoxg,Educational Video Publishing,https://cn--xtb.noxinfluencer.com/youtube/channel/UCm_cJat_NAmKCqUj59hZoxg,-10,badcase,诗歌、教育、宗教类内容与移动电源推广无关
4870,UCX2J5J4ADcsKNyV8MqrVr2A,HDD Creation,https://cn--xtb.noxinfluencer.com/youtube/channel/UCX2J5J4ADcsKNyV8MqrVr2A,-10,badcase,地方杂谈和娱乐向内容，不具备数码导购受众
4872,UC4j-EV1JIUyrHPUeUE4mmcw,CLuxePlans,https://cn--xtb.noxinfluencer.com/youtube/channel/UC4j-EV1JIUyrHPUeUE4mmcw,-25,badcase,计划本/手账内容，与充电宝推广场景明显不符
4873,UCfg5iOxrYwWg47k8hsryLcA,Toymakr3D,https://cn--xtb.noxinfluencer.com/youtube/channel/UCfg5iOxrYwWg47k8hsryLcA,-8,badcase,3D打印玩具/模型内容，缺少充电宝购买或测评意图
4876,UC1gFznyk4xv34F6zUXIhlIg,Avantree,https://cn--xtb.noxinfluencer.com/youtube/channel/UC1gFznyk4xv34F6zUXIhlIg,-1,badcase,消费电子相邻但主打蓝牙音频，缺少充电宝推广语境
4878,UCnkFxQi9WPCyeTpFO6lNamg,LagoonGames,https://cn--xtb.noxinfluencer.com/youtube/channel/UCnkFxQi9WPCyeTpFO6lNamg,-3,badcase,游戏频道为主，虽有产品评论标签，但与充电宝推广不匹配
4879,UC1lZjs6Ju8YYTknW5A3_ilg,Victor®,https://cn--xtb.noxinfluencer.com/youtube/channel/UC1lZjs6Ju8YYTknW5A3_ilg,-9,badcase,灭鼠/害虫内容占主导，和充电宝推广几乎无关
4882,UCmjRsCBQjcdY22_DF60dG8w,Mondeo Bass,https://cn--xtb.noxinfluencer.com/youtube/channel/UCmjRsCBQjcdY22_DF60dG8w,-8,badcase,车载/科技泛内容，但以音乐演出为主，近10条均不匹配充电宝推广
4885,UC1eIHfnWY5lNUmzw4ZPi0IA,Arbasa,https://cn--xtb.noxinfluencer.com/youtube/channel/UC1eIHfnWY5lNUmzw4ZPi0IA,-10,badcase,无电源包相关信号，近10条内容均不匹配
4886,UCT89-EReu0s3zCBqTVkB6cQ,Dr. Dino Prato Podcast,https://cn--xtb.noxinfluencer.com/youtube/channel/UCT89-EReu0s3zCBqTVkB6cQ,-20,badcase,癌症医疗内容与充电宝推广人群不符，近10条也无消费电子相关
4889,UC1ds67wcawgo1tPkuIjxLkg,Midea RAC Global,https://cn--xtb.noxinfluencer.com/youtube/channel/UC1ds67wcawgo1tPkuIjxLkg,-8,badcase,空调/热泵频道与充电宝受众不匹配，近10条内容几乎全是家电
4891,UCh_eWhmcmujXl0LtEWVqNZQ,Des World,https://cn--xtb.noxinfluencer.com/youtube/channel/UCh_eWhmcmujXl0LtEWVqNZQ,-9,badcase,生活方式频道仅弱相关，近10条几乎无充电宝语境
4892,UCEoQKM8qDT1qAYoNlYofuSA,Sothea Roth,https://cn--xtb.noxinfluencer.com/youtube/channel/UCEoQKM8qDT1qAYoNlYofuSA,-7,badcase,旅行露营场景有弱相关，但近期内容几乎全不匹配
4893,UCCPmlXvCkAv0tGsQ7RQCYvg,Made In Garage,https://cn--xtb.noxinfluencer.com/youtube/channel/UCCPmlXvCkAv0tGsQ7RQCYvg,-10,badcase,金工DIY频道与充电宝消费场景不匹配
4895,UC1bxrVhdWqr-Pv97UPqO4sw,Robin,https://cn--xtb.noxinfluencer.com/youtube/channel/UC1bxrVhdWqr-Pv97UPqO4sw,-9,badcase,游戏受众有弱关联，但内容本身偏娱乐直播
4896,UCL8vIc35aLNaNnCrdzJUb0Q,Ares Vortex,https://cn--xtb.noxinfluencer.com/youtube/channel/UCL8vIc35aLNaNnCrdzJUb0Q,-10,badcase,黑客/泄漏/教程为主，与充电宝推广无关
4897,UCa0_4xna1d031vj_XdzTtBA,Yaskawa America - Drives & Motion Division,https://cn--xtb.noxinfluencer.com/youtube/channel/UCa0_4xna1d031vj_XdzTtBA,-10,badcase,工业驱动与自动化内容，和充电宝消费推广不匹配
4898,UCob3cvHTllyX_zArLseiiIw,Skitsters,https://cn--xtb.noxinfluencer.com/youtube/channel/UCob3cvHTllyX_zArLseiiIw,-25,badcase,娱乐恶搞频道，主内容与充电宝带货场景明显不符
4902,UCkcSdmrLTQByteDcXkXcPMA,Thế Hệ 2434,https://cn--xtb.noxinfluencer.com/youtube/channel/UCkcSdmrLTQByteDcXkXcPMA,-10,badcase,食品与园艺频道，和充电宝推广无关，近10条也都不匹配。
4903,UCSlzvDWCoZOpLN5HlTYLSCQ,oppermanfitness,https://cn--xtb.noxinfluencer.com/youtube/channel/UCSlzvDWCoZOpLN5HlTYLSCQ,-9,badcase,健身补剂评测为主，只有泛评测标签，和充电宝场景不搭。
4904,UCUHZv6bHS4_y0k6jwNzduSg,Yo Dabba Dabba,https://cn--xtb.noxinfluencer.com/youtube/channel/UCUHZv6bHS4_y0k6jwNzduSg,-19,badcase,大麻/吸烟器具频道，和充电宝受众错位，近10条也全偏离。
4905,UC_bd-dCl3SXQgr4dPOecMDw,Chief Young,https://cn--xtb.noxinfluencer.com/youtube/channel/UC_bd-dCl3SXQgr4dPOecMDw,-7,badcase,旅行/车载有一点场景关联，但整体仍偏离充电宝推广。
4906,UC6wSH2Pu_qE8aTzlDed35-g,CHAMPorCHOMP,https://cn--xtb.noxinfluencer.com/youtube/channel/UC6wSH2Pu_qE8aTzlDed35-g,-8,badcase,游戏搞笑为主，近期虽有数码词但无充电宝购买意图
4908,UC3ewFx0hBcVX7-9Aex-h_hg,PYR Automotive,https://cn--xtb.noxinfluencer.com/youtube/channel/UC3ewFx0hBcVX7-9Aex-h_hg,-10,badcase,汽车保养内容占主导，和充电宝推广场景不符
4909,UCRFEzzGWYgp_0WEaUQ8v9lw,長青智慧堂,https://cn--xtb.noxinfluencer.com/youtube/channel/UCRFEzzGWYgp_0WEaUQ8v9lw,-10,badcase,养老健康理财向，和充电宝的消费场景不匹配
4910,UCIa4NzFe9rvMHTvEjv9jCXg,MoVoltage MoPower,https://cn--xtb.noxinfluencer.com/youtube/channel/UCIa4NzFe9rvMHTvEjv9jCXg,-9,badcase,仅有泛科技弱相关，近期内容偏电脑维修教程，无充电宝推广意图
4911,UCLCmRuQRvVk8Onze6he1CUA,Seah Tech Memes 2,https://cn--xtb.noxinfluencer.com/youtube/channel/UCLCmRuQRvVk8Onze6he1CUA,-10,badcase,游戏/梗频道，缺少充电宝购买或测评语境
4912,UCagmjtd9CLrsTBx00lcpCdA,Making Holic,https://cn--xtb.noxinfluencer.com/youtube/channel/UCagmjtd9CLrsTBx00lcpCdA,-6,badcase,DIY技巧频道仅弱相关，近期多为自制玩具/打火机/焊接内容
4913,UCg6-uCpq6xnxbBzlZjK5bFw,Lutron Electronics,https://cn--xtb.noxinfluencer.com/youtube/channel/UCg6-uCpq6xnxbBzlZjK5bFw,-9,badcase,家居灯控安装频道，与充电宝推广场景不匹配
4914,UCJPqsVKqmdqP2A0SV4mJqMQ,GatekeeperAmps,https://cn--xtb.noxinfluencer.com/youtube/channel/UCJPqsVKqmdqP2A0SV4mJqMQ,-10,badcase,射频功放维修频道，受众过窄，和充电宝无关
4915,UCHpFg1HOhotCMJf4jnGVpPA,itsoleg,https://cn--xtb.noxinfluencer.com/youtube/channel/UCHpFg1HOhotCMJf4jnGVpPA,-10,badcase,卡车/工程车频道，缺少数码配件推广语境
4917,UC9_cUpeZXdi2S2D_JOZdtog,87SSBoi,https://cn--xtb.noxinfluencer.com/youtube/channel/UC9_cUpeZXdi2S2D_JOZdtog,0,badcase,汽车改装内容，几乎无充电宝或数码电源相关信号
4918,UC5nOu0vcjNfdxZjd9K-VA_Q,Advanblack,https://cn--xtb.noxinfluencer.com/youtube/channel/UC5nOu0vcjNfdxZjd9K-VA_Q,-25,badcase,摩托车改装频道，与充电宝推广场景不符，近期内容也全是配件/改装
4921,UCbNYuLIIpulG-4MRr1lSwLQ,CoolToys&Stuff,https://cn--xtb.noxinfluencer.com/youtube/channel/UCbNYuLIIpulG-4MRr1lSwLQ,-10,badcase,玩具/儿童商品频道，近10条全是玩具内容，和充电宝推广不符
4923,UCC_Wk3eZub58Wf9WspIvn7A,PhatActual,https://cn--xtb.noxinfluencer.com/youtube/channel/UCC_Wk3eZub58Wf9WspIvn7A,-25,badcase,军火射击频道，受众和内容都与充电宝推广明显不符
4925,UCOdWWayZ1zMicBODw9KV-rQ,Juice Jayy,https://cn--xtb.noxinfluencer.com/youtube/channel/UCOdWWayZ1zMicBODw9KV-rQ,-10,badcase,美食/mukbang频道，近10条都偏餐饮生活，和充电宝无关
4926,UCqklXFpPk-6NiQS5ZdcY79g,YouGtech,https://cn--xtb.noxinfluencer.com/youtube/channel/UCqklXFpPk-6NiQS5ZdcY79g,-10,badcase,主内容是FRP/解锁维修，非充电宝推广场景，近期内容也不支撑
4927,UCgJApeu_WFKqnshppRnsOUQ,Muscle cat,https://cn--xtb.noxinfluencer.com/youtube/channel/UCgJApeu_WFKqnshppRnsOUQ,-25,badcase,频道以喜剧短剧为主，近10条都不涉及数码充电类内容，促销场景严重不匹配
4928,UCu3N2jX1hmtnVAwBW-1E0XA,franky latupapua,https://cn--xtb.noxinfluencer.com/youtube/channel/UCu3N2jX1hmtnVAwBW-1E0XA,-10,badcase,频道以宗教/音乐/生活类为主，近期内容多为开箱杂项，与充电宝推广关联弱
4929,UCWNOkopk24NGYcPQe8Tap0g,Earnovate Tech,https://cn--xtb.noxinfluencer.com/youtube/channel/UCWNOkopk24NGYcPQe8Tap0g,-10,badcase,频道以赚钱/加密为主，与充电宝推广无关，近10条内容也多不匹配
4930,UCd7IfCdCdBtDiiyNBCmFOag,SlickBuys Mods and Repairs,https://cn--xtb.noxinfluencer.com/youtube/channel/UCd7IfCdCdBtDiiyNBCmFOag,-10,badcase,标签无直击，近10条全是主机/内存改装，与移动电源推广弱相关
4932,UCm_cJat_NAmKCqUj59hZoxg,Educational Video Publishing,https://cn--xtb.noxinfluencer.com/youtube/channel/UCm_cJat_NAmKCqUj59hZoxg,-10,badcase,诗歌教育向内容，近期与充电宝推广无关
4933,UC19Vd0taLZxIn9Da-R4_d_Q,TRIPIDO UNCOVERED,https://cn--xtb.noxinfluencer.com/youtube/channel/UC19Vd0taLZxIn9Da-R4_d_Q,-10,badcase,猎奇短视频频道，内容与充电宝推广不匹配
4935,UC4j-EV1JIUyrHPUeUE4mmcw,CLuxePlans,https://cn--xtb.noxinfluencer.com/youtube/channel/UC4j-EV1JIUyrHPUeUE4mmcw,-10,badcase,手账频道，受众与充电宝产品关联弱
4936,UCfg5iOxrYwWg47k8hsryLcA,Toymakr3D,https://cn--xtb.noxinfluencer.com/youtube/channel/UCfg5iOxrYwWg47k8hsryLcA,-9,badcase,3D打印玩具频道，近10条也都偏模型/变形金刚，和充电宝受众不搭
4941,UCnkFxQi9WPCyeTpFO6lNamg,LagoonGames,https://cn--xtb.noxinfluencer.com/youtube/channel/UCnkFxQi9WPCyeTpFO6lNamg,-5,badcase,游戏频道为主，近10条均无电源产品语境，推广相关性弱
4942,UC1lZjs6Ju8YYTknW5A3_ilg,Victor®,https://cn--xtb.noxinfluencer.com/youtube/channel/UC1lZjs6Ju8YYTknW5A3_ilg,-10,badcase,灭鼠/驱虫内容与充电宝促销无关，近10条全部偏离
4943,UCy8y9S3j3J5srZ8s3Bzk4zA,Healthyholic Tube,https://cn--xtb.noxinfluencer.com/youtube/channel/UCy8y9S3j3J5srZ8s3Bzk4zA,-8,badcase,以健康补剂评测为主，仅有轻微生存备灾关联，近期内容全偏题
4945,UC1eIHfnWY5lNUmzw4ZPi0IA,Arbasa,https://cn--xtb.noxinfluencer.com/youtube/channel/UC1eIHfnWY5lNUmzw4ZPi0IA,-10,badcase,近期内容以宠物/健身/灯具为主，与充电宝推广无关
4948,UCh_eWhmcmujXl0LtEWVqNZQ,Des World,https://cn--xtb.noxinfluencer.com/youtube/channel/UCh_eWhmcmujXl0LtEWVqNZQ,-10,badcase,美甲假发日常为主，和充电宝推广场景不匹配
4949,UCEoQKM8qDT1qAYoNlYofuSA,Sothea Roth,https://cn--xtb.noxinfluencer.com/youtube/channel/UCEoQKM8qDT1qAYoNlYofuSA,-10,badcase,仅有旅行露营弱场景，近期内容多为AI教程/杂项，缺少充电宝推广语境
4950,UCCPmlXvCkAv0tGsQ7RQCYvg,Made In Garage,https://cn--xtb.noxinfluencer.com/youtube/channel/UCCPmlXvCkAv0tGsQ7RQCYvg,-10,badcase,DIY工具和车间机械为主，与充电宝关联很弱
4951,UCYkwnYHuVb8FrKXQ7qtXF3w,Kio RC DieKin,https://cn--xtb.noxinfluencer.com/youtube/channel/UCYkwnYHuVb8FrKXQ7qtXF3w,-9,badcase,RC玩具内容为主，和充电宝推广场景弱相关
4952,UCDRdFV7sJhgSHsA29EeQ1hQ,Ringing Phone,https://cn--xtb.noxinfluencer.com/youtube/channel/UCDRdFV7sJhgSHsA29EeQ1hQ,-27,badcase,来电/铃声演示频道，缺少充电宝评测或购买意图
4954,UChiESiZ83hdCmeU3lbHQefQ,NODIROV    ULUG'BEK,https://cn--xtb.noxinfluencer.com/youtube/channel/UChiESiZ83hdCmeU3lbHQefQ,-12,badcase,货车/汽车内容为主，缺少充电宝推广相关性
4955,UCMZJUAmFHXPf4FonSiyBkuw,iijnn,https://cn--xtb.noxinfluencer.com/youtube/channel/UCMZJUAmFHXPf4FonSiyBkuw,-25,badcase,纯娱乐短剧频道，内容形态和充电宝促销明显不适配
4956,UCfSFQhVIIB9g69e3xt5ZzTA,LeryCreation 2,https://cn--xtb.noxinfluencer.com/youtube/channel/UCfSFQhVIIB9g69e3xt5ZzTA,-25,badcase,纸艺娱乐频道，近10条全不相关，不适合充电宝推广
4957,UCUKNyfnan746S2KTvUWfuDA,Thumbs Up Stuff,https://cn--xtb.noxinfluencer.com/youtube/channel/UCUKNyfnan746S2KTvUWfuDA,-9,badcase,频道偏特斯拉汽车与杂项生活内容，缺少充电宝推广语境
4959,UC8sbWy0FIcZQugliuOi4FOg,Febrian Trii,https://cn--xtb.noxinfluencer.com/youtube/channel/UC8sbWy0FIcZQugliuOi4FOg,-25,badcase,清洁器评测频道，近10条全是吸尘器，不适合充电宝
4962,UCsaxkw1Lvxorep0MOtamJeQ,Pulsar Patching Team with Gretchen Uhe,https://cn--xtb.noxinfluencer.com/youtube/channel/UCsaxkw1Lvxorep0MOtamJeQ,-10,badcase,频道内容偏水/健康能量话题，与充电宝推广无关，近期全不匹配
4966,UCIgHJ9_h1e-Edb22DNe6EMw,Pro Wrenching,https://cn--xtb.noxinfluencer.com/youtube/channel/UCIgHJ9_h1e-Edb22DNe6EMw,-10,badcase,内容集中在船修/钓鱼DIY，与移动电源推广缺乏相关性
4967,UC3tFuoC5rRUb57qqXfTvPBg,ola,https://cn--xtb.noxinfluencer.com/youtube/channel/UC3tFuoC5rRUb57qqXfTvPBg,-10,badcase,以问答/游戏/美食为主，近10条都不匹配充电宝推广场景
4970,UCU9CIqeW49X1Gnfp2KuY9AQ,SMT AFARCO Pick and Place,https://cn--xtb.noxinfluencer.com/youtube/channel/UCU9CIqeW49X1Gnfp2KuY9AQ,-9,badcase,PCB贴片设备频道，和充电宝推广关联弱，近期内容均不匹配
4971,UCVJex5N4GZOKG3n-uhyYYKA,Tank007 官方频道,https://cn--xtb.noxinfluencer.com/youtube/channel/UCVJex5N4GZOKG3n-uhyYYKA,-8,badcase,主打手电/EDC，只有弱户外泛标签，近10条全无充电宝内容，判badcase
4972,UCcnyjTK4IheQN2ycsE7NZTQ,BeatTheBush,https://cn--xtb.noxinfluencer.com/youtube/channel/UCcnyjTK4IheQN2ycsE7NZTQ,-10,badcase,以理财/科技评测为主，缺少充电宝推广场景，最近内容也不匹配
4974,UCOKx1cM3TcS60iZlMou_kUQ,Ask Here,https://cn--xtb.noxinfluencer.com/youtube/channel/UCOKx1cM3TcS60iZlMou_kUQ,-20,badcase,娱乐短视频为主，无充电宝购买评测语境
4976,UCD_DaKNac0Ta-2PeHuoQ1uA,Senator Bernie Sanders,https://cn--xtb.noxinfluencer.com/youtube/channel/UCD_DaKNac0Ta-2PeHuoQ1uA,-25,badcase,政治时事频道，和充电宝推广明显不匹配
4977,UCwS4JnGJNlQsD10qnHr-gWg,Edwin Top Digital,https://cn--xtb.noxinfluencer.com/youtube/channel/UCwS4JnGJNlQsD10qnHr-gWg,-8,badcase,电商教学可带货，但不是充电宝创作者
4978,UCYLxOZHpwBI2wvppjqSO5dw,Games bd24,https://cn--xtb.noxinfluencer.com/youtube/channel/UCYLxOZHpwBI2wvppjqSO5dw,-10,badcase,娱乐/故事型内容为主，不适合充电宝商品推广
4979,UChoC4mF0orlVaUwjk1Pl_kQ,Berlian Official,https://cn--xtb.noxinfluencer.com/youtube/channel/UChoC4mF0orlVaUwjk1Pl_kQ,-11,badcase,以泛娱乐/奇观shorts为主，缺少充电宝或数码购买推广语境
4983,UCNWdRKVgXpGV0I-jT4uOAcQ,Silentcycle,https://cn--xtb.noxinfluencer.com/youtube/channel/UCNWdRKVgXpGV0I-jT4uOAcQ,-10,badcase,纯骑行短内容，缺少充电宝相关产品和购买语境
4984,UCE6H2bUpxNFD0qGtvTYMDBA,Kaleb Ross,https://cn--xtb.noxinfluencer.com/youtube/channel/UCE6H2bUpxNFD0qGtvTYMDBA,-10,badcase,工具号受众偏五金DIY，与充电宝推广场景不匹配
4988,UCshvbVCtUv5U0h3BnMebcWA,Magic game,https://cn--xtb.noxinfluencer.com/youtube/channel/UCshvbVCtUv5U0h3BnMebcWA,-21,badcase,娱乐短视频和动画为主，和充电宝推广场景不符
4990,UC9qEdF0a1rs3NsXyXVQF-JQ,vietbubbletea,https://cn--xtb.noxinfluencer.com/youtube/channel/UC9qEdF0a1rs3NsXyXVQF-JQ,-10,badcase,汽车改装安装内容，和通用充电宝推广关联弱
4991,UCwqkFTaBvbQ0it6y_-XcPKA,The Rack Shop,https://cn--xtb.noxinfluencer.com/youtube/channel/UCwqkFTaBvbQ0it6y_-XcPKA,-10,badcase,全是车顶架/床架安装，和移动电源推广不相关
4993,UCtQimpY07T-lMFsVSEq444g,Car Addict Garage Shorts,https://cn--xtb.noxinfluencer.com/youtube/channel/UCtQimpY07T-lMFsVSEq444g,-7,badcase,汽车修复工具频道，仅一条搭电设备内容，泛充电宝推广弱相关
4995,UCNRe3zgbEMsSyucnZEgyDKQ,Altona777,https://cn--xtb.noxinfluencer.com/youtube/channel/UCNRe3zgbEMsSyucnZEgyDKQ,-25,badcase,音乐冥想/助眠音频频道，属于强格式不匹配
4996,UCVOATSdDjfXxtYUewQvYw6w,lirun,https://cn--xtb.noxinfluencer.com/youtube/channel/UCVOATSdDjfXxtYUewQvYw6w,-22,badcase,ASMR和动物娱乐为主，缺少充电宝推广场景
4997,UCLgLjVXkZCA5H8llOsiscCg,Aces Fuel Injection,https://cn--xtb.noxinfluencer.com/youtube/channel/UCLgLjVXkZCA5H8llOsiscCg,-9,badcase,汽车EFI燃油喷射/改装频道，缺少移动电源推广相关性
4998,UCoteZMAP3U8spB_-8Jj9PPQ,Melina Mo,https://cn--xtb.noxinfluencer.com/youtube/channel/UCoteZMAP3U8spB_-8Jj9PPQ,-19,badcase,ASMR开箱偏娱乐，近期多为美妆生活内容
5000,UCXcwOnW-1rwGpM42emBA_Hw,AudioThrift,https://cn--xtb.noxinfluencer.com/youtube/channel/UCXcwOnW-1rwGpM42emBA_Hw,-9,badcase,古董音频淘货修复号，与充电宝投放关联弱
5002,UC9q7qcUTQYLTLF3e7Ujv5SQ,Pia Mance,https://cn--xtb.noxinfluencer.com/youtube/channel/UC9q7qcUTQYLTLF3e7Ujv5SQ,-10,badcase,时尚生活频道，近期内容几乎全不相关，不适合 power bank 推广
5003,UCty1T0yuWTPn1jSkT3GbWOA,Lucid Diesel,https://cn--xtb.noxinfluencer.com/youtube/channel/UCty1T0yuWTPn1jSkT3GbWOA,-10,badcase,卡车/柴油改装受众与 power bank 促销不一致，近期也无消费电子内容
5004,UCbF49qGt1qeCJoY2j-9EZvA,BDUBTheAnimeMaster,https://cn--xtb.noxinfluencer.com/youtube/channel/UCbF49qGt1qeCJoY2j-9EZvA,-25,badcase,动漫娱乐向，主题和 power bank 促销受众明显不匹配
5006,UCIsFtOEnqF67nxzdiPJOP8Q,"Pulse & Polish with Courtney, CVT",https://cn--xtb.noxinfluencer.com/youtube/channel/UCIsFtOEnqF67nxzdiPJOP8Q,-25,badcase,儿童故事/ASMR为主，和充电宝数码推广不匹配
5007,UCnsQ9vg8jnB-EHxOipiOlOQ,sidneyraz,https://cn--xtb.noxinfluencer.com/youtube/channel/UCnsQ9vg8jnB-EHxOipiOlOQ,-7,badcase,仅泛生活技巧弱相关，近期内容几乎无充电宝推广语境
5010,UCQKLZYn_avsfVjniI17yCKA,Mara noMad,https://cn--xtb.noxinfluencer.com/youtube/channel/UCQKLZYn_avsfVjniI17yCKA,-25,badcase,婴童娱乐频道，和充电宝投放场景基本无关
5011,UCEIApY4RHr84IOMyLVrOl9A,Dadsfinds,https://cn--xtb.noxinfluencer.com/youtube/channel/UCEIApY4RHr84IOMyLVrOl9A,-9,badcase,仅有泛生活标签，近期内容偏家庭杂物/宠物/婴儿，缺少充电宝推广语境
5012,UC9y6UTdnOsvYsEQcXf9wUHg,ObiWan LED,https://cn--xtb.noxinfluencer.com/youtube/channel/UC9y6UTdnOsvYsEQcXf9wUHg,-10,badcase,LED工厂/展会B2B内容，和充电宝推广场景不符
5014,UCRmSipb8sjQ2s3YyRZgoCxw,TechLab,https://cn--xtb.noxinfluencer.com/youtube/channel/UCRmSipb8sjQ2s3YyRZgoCxw,-6,badcase,仅有泛科技弱相关，近期多为科普/游戏直播，缺少充电宝推广意图
5015,UC_Z2PnKxfwZG5gYct4Ocv0g,xoShardea,https://cn--xtb.noxinfluencer.com/youtube/channel/UC_Z2PnKxfwZG5gYct4Ocv0g,-10,badcase,亲子生活和购物穿搭频道，无充电宝或数码配件推广语境
5022,UCqatclRaNjPNbVgL3OJU_5g,Weakest of Weeks,https://cn--xtb.noxinfluencer.com/youtube/channel/UCqatclRaNjPNbVgL3OJU_5g,-15,badcase,汽车维修与安装为主，和充电宝购买场景不匹配
5023,UCeIw62Yv8KFehD152q8_iYA,rabbit,https://cn--xtb.noxinfluencer.com/youtube/channel/UCeIw62Yv8KFehD152q8_iYA,-6,badcase,技术/AI生活频道，无充电宝或消费电子评测购买意图
5024,UC3uJDt7xa7yT2otgu7H2pYA,Archana Syangtan,https://cn--xtb.noxinfluencer.com/youtube/channel/UC3uJDt7xa7yT2otgu7H2pYA,-25,badcase,音乐娱乐号，内容方向与充电宝推广基本无关
5025,UCZOMWtjPrHvVnRd8Wb4Mz4g,Enerpat_Official,https://cn--xtb.noxinfluencer.com/youtube/channel/UCZOMWtjPrHvVnRd8Wb4Mz4g,-15,badcase,工业回收设备号，消费类充电宝目标人群不一致
5026,UCAOYnudTKwIKCA0FfGV0xIg,SHAOLIN WISDOM,https://cn--xtb.noxinfluencer.com/youtube/channel/UCAOYnudTKwIKCA0FfGV0xIg,-22,badcase,汽车与近10条励志演讲内容均不支持充电宝推广
5027,UC8pIKzo5py1zt3U2O-Bqo3A,Area 13,https://cn--xtb.noxinfluencer.com/youtube/channel/UC8pIKzo5py1zt3U2O-Bqo3A,-4,badcase,以电助力自行车评测为主，近10条全是e-bike内容，与充电宝推广关联弱
5028,UCStdwNHQLNeY4FPFiupz1lA,Middle of Knowhere,https://cn--xtb.noxinfluencer.com/youtube/channel/UCStdwNHQLNeY4FPFiupz1lA,1,badcase,电子科技向但缺少充电宝相关内容，只有泛电子标签
5029,UC7iOUtDqlRtNqKd_g_48mCg,Charmaine Dulak,https://cn--xtb.noxinfluencer.com/youtube/channel/UC7iOUtDqlRtNqKd_g_48mCg,-10,badcase,生活vlog/文具为主，无充电宝相关信号，近10条均不匹配
5030,UCf4dXlKktj1gF723IR7w2Kg,Zoyya Texh,https://cn--xtb.noxinfluencer.com/youtube/channel/UCf4dXlKktj1gF723IR7w2Kg,-10,badcase,无直相关，近期10条内容均与充电宝推广场景不匹配
5031,UCi_hZIiaByu5LjLyuuKcnjw,Hypershell,https://cn--xtb.noxinfluencer.com/youtube/channel/UCi_hZIiaByu5LjLyuuKcnjw,-24,badcase,户外弱相关但频道主轴是外骨骼品牌内容，近期无充电宝推广语境
5032,UC1YKzFhQBjjXy9Jcyco_yTQ,MrSk07,https://cn--xtb.noxinfluencer.com/youtube/channel/UC1YKzFhQBjjXy9Jcyco_yTQ,-10,badcase,纯娱乐搞笑内容，和充电宝推广受众不匹配
5033,UCTEO3AHaj7pkRJU2yP4jocQ,Gadget Twice,https://cn--xtb.noxinfluencer.com/youtube/channel/UCTEO3AHaj7pkRJU2yP4jocQ,-10,badcase,偏来电铃声/拨号界面，缺少充电宝购买或使用语境
5034,UCp_4FmiDe4K3E23E1G98_hg,A R F I N,https://cn--xtb.noxinfluencer.com/youtube/channel/UCp_4FmiDe4K3E23E1G98_hg,-18,badcase,以娱乐音乐VLOG为主，仅弱科技标签，近期几乎无充电宝推广内容
5035,UCv5GFi2vAQkXGa-YK4PW9uw,Zubair Technology,https://cn--xtb.noxinfluencer.com/youtube/channel/UCv5GFi2vAQkXGa-YK4PW9uw,-9,badcase,手机技巧/社媒教程为主，缺少充电宝测评或购买意图
5037,UC_npZ8wCwN4kkouxhcwILyQ,manuals_plus,https://cn--xtb.noxinfluencer.com/youtube/channel/UC_npZ8wCwN4kkouxhcwILyQ,-10,badcase,电子产品手册频道略相关，但近期全是家电制冰/冷藏内容
5039,UCZNsGAYmM6twa17-l8Idelg,LealaNova,https://cn--xtb.noxinfluencer.com/youtube/channel/UCZNsGAYmM6twa17-l8Idelg,-10,badcase,以游戏和打火机为主，和充电宝购买场景不匹配
5041,UC5TWUoLSlhDvfa8fd0hTt4Q,New MH 15 Computer,https://cn--xtb.noxinfluencer.com/youtube/channel/UC5TWUoLSlhDvfa8fd0hTt4Q,-10,badcase,电脑维修为主，缺少充电宝购买/测评场景
5042,UCIs10BUbQLsWVCLIYN5eq6g,E Trike Nation,https://cn--xtb.noxinfluencer.com/youtube/channel/UCIs10BUbQLsWVCLIYN5eq6g,-10,badcase,频道聚焦电动三轮车评测，缺少充电宝推广相关内容
5043,UCJUv-Ko9LlyqNQJP4PAWmxA,Diamond Star Werks,https://cn--xtb.noxinfluencer.com/youtube/channel/UCJUv-Ko9LlyqNQJP4PAWmxA,-8,badcase,汽车维修有少量用电场景，但内容仍偏修车
5044,UCLmRHZICVASmmOWeZkfJRyQ,Try with Abed,https://cn--xtb.noxinfluencer.com/youtube/channel/UCLmRHZICVASmmOWeZkfJRyQ,-18,badcase,以游戏/玩法内容为主，弱电子设备受众不足以支撑充电宝推广
5046,UC64geVpPQnhEyrBFOuRyVug,Do It YourSelf,https://cn--xtb.noxinfluencer.com/youtube/channel/UC64geVpPQnhEyrBFOuRyVug,-7,badcase,DIY手工船模为主，近10期都不涉及电子产品，和充电宝推广不符
5047,UCJ3tJHLM7l4kJdu0Vg5HxKQ,Tiffy A,https://cn--xtb.noxinfluencer.com/youtube/channel/UCJ3tJHLM7l4kJdu0Vg5HxKQ,-10,badcase,生活美妆向，近期内容偏情绪和晨间氛围，缺少电子产品推广场景
5048,UCZbZE_03A1ncxB2Az_hhhpw,Lindsey Harper,https://cn--xtb.noxinfluencer.com/youtube/channel/UCZbZE_03A1ncxB2Az_hhhpw,-9,badcase,以生活方式和美妆为主，近期内容都偏穿搭护理，和充电宝弱相关
5049,UC3b5eFyKRFlEMwSJ1BTjpbw,Fluence,https://cn--xtb.noxinfluencer.com/youtube/channel/UC3b5eFyKRFlEMwSJ1BTjpbw,-9,badcase,DePIN/区块链基础设施频道，偏技术叙事，不是消费电子推广位
5051,UCq8Ynh1czUZ5v852qN8u8UA,Garmin Training,https://cn--xtb.noxinfluencer.com/youtube/channel/UCq8Ynh1czUZ5v852qN8u8UA,0,badcase,电子产品培训相关但偏Garmin专属，近期无充电宝内容
5054,UCLBXTqm2Vwn8OzlIA7ODowA,Fuel & Figures,https://cn--xtb.noxinfluencer.com/youtube/channel/UCLBXTqm2Vwn8OzlIA7ODowA,-1,badcase,无标签且仅汽车资讯，和充电宝推广关联弱
5055,UCc3cglxRacMhf3Ar_hQTvww,_ee.ceo_,https://cn--xtb.noxinfluencer.com/youtube/channel/UCc3cglxRacMhf3Ar_hQTvww,-20,badcase,纯娱乐短视频号，非产品推广场景
5056,UC4y5Gc4BrRwTyxG-dLKzZzQ,Wirsh,https://cn--xtb.noxinfluencer.com/youtube/channel/UC4y5Gc4BrRwTyxG-dLKzZzQ,-10,badcase,咖啡内容为主，和充电宝推广场景不匹配
5057,UCs_Qp8MfPpOWXDU88gSqDsQ,Ms. Swed it Out,https://cn--xtb.noxinfluencer.com/youtube/channel/UCs_Qp8MfPpOWXDU88gSqDsQ,-10,badcase,生活方式号，电子开箱信号太弱，相关性低
5061,UC0zNwr6Q2JG9qkX4SIQD17Q,Blend Everything,https://cn--xtb.noxinfluencer.com/youtube/channel/UC0zNwr6Q2JG9qkX4SIQD17Q,-20,badcase,食品整活/混合实验频道，近10期都在做食物挑战，与充电宝推广不符
5062,UCL3TSzB0rmeBxL0PMkPA18w,Edifier North America,https://cn--xtb.noxinfluencer.com/youtube/channel/UCL3TSzB0rmeBxL0PMkPA18w,-9,badcase,消费电子相关，但主线是音频耳机/音箱，近10期无充电宝场景
5063,UCQPisBwzpsrcH5bBCMQMdlQ,DTouch Digital,https://cn--xtb.noxinfluencer.com/youtube/channel/UCQPisBwzpsrcH5bBCMQMdlQ,-3,badcase,仅有移动科技弱相关，近期多为SIM套餐、电影和故事内容
5064,UCHfq1wUinUL7_ZAadU0z-iw,Cort Guitars and Basses,https://cn--xtb.noxinfluencer.com/youtube/channel/UCHfq1wUinUL7_ZAadU0z-iw,-25,badcase,音乐/吉他娱乐频道，近10期全是乐器演示，与充电宝受众不匹配
5065,UC5x_YXfp_-S-ZxlJFeMuveA,nonda,https://cn--xtb.noxinfluencer.com/youtube/channel/UC5x_YXfp_-S-ZxlJFeMuveA,-10,badcase,汽车维修频道，内容场景偏车辆故障，与充电宝推广关联弱
5066,UCkDAwuCKUcY1qn-hgNv0kLw,Samsung Developer,https://cn--xtb.noxinfluencer.com/youtube/channel/UCkDAwuCKUcY1qn-hgNv0kLw,-18,badcase,三星开发者会议/SDK内容为主，缺少充电宝测评购买场景
5067,UCDphsiuDWWzTo8bGZblMc9A,Mona Jabar,https://cn--xtb.noxinfluencer.com/youtube/channel/UCDphsiuDWWzTo8bGZblMc9A,-10,badcase,健康疗愈内容，与充电宝推广无关
5069,UCgL0jA6oWkatGtQyJO6N3iA,Record-ology,https://cn--xtb.noxinfluencer.com/youtube/channel/UCgL0jA6oWkatGtQyJO6N3iA,-10,badcase,黑胶唱片频道，受众与充电宝购买场景不符
5070,UCZdK14ISu7J1GUafpzwYGNQ,Ruzeta Raliva,https://cn--xtb.noxinfluencer.com/youtube/channel/UCZdK14ISu7J1GUafpzwYGNQ,-10,badcase,娱乐故事/搞笑内容，和充电宝推广不匹配
5073,UClW7hDXcAklXYuoiWUrOL0A,Brotherly Reviews,https://cn--xtb.noxinfluencer.com/youtube/channel/UClW7hDXcAklXYuoiWUrOL0A,-8,badcase,汽车内容为主，仅有车载电源弱相关，不适合通用充电宝推广
5074,UC1aNiyoWor8HHKubIbr4Dsg,beauty280,https://cn--xtb.noxinfluencer.com/youtube/channel/UC1aNiyoWor8HHKubIbr4Dsg,-25,badcase,剧情娱乐短视频，主题与产品推广场景明显不符
5075,UCYcWob3RU8hOaJnugtHFzKg,Friday Production,https://cn--xtb.noxinfluencer.com/youtube/channel/UCYcWob3RU8hOaJnugtHFzKg,-25,badcase,音乐娱乐频道，缺少产品评测或购买意图
5079,UCNvVfK3A1SlFWdOvd-V5_zw,Hamza,https://cn--xtb.noxinfluencer.com/youtube/channel/UCNvVfK3A1SlFWdOvd-V5_zw,-10,badcase,GPU对比与充电宝关联很弱，近期内容持续不匹配
5080,UCRTbQ2sF6kp5F679G7_zQUw,BoxLite-X,https://cn--xtb.noxinfluencer.com/youtube/channel/UCRTbQ2sF6kp5F679G7_zQUw,-22,badcase,ASMR开箱是强格式不匹配，近期也都在做手机开箱
5081,UCtBjQ6-HX844dw5dD9LJodw,Duke Energy,https://cn--xtb.noxinfluencer.com/youtube/channel/UCtBjQ6-HX844dw5dD9LJodw,-9,badcase,公用事业/能源频道，缺少充电宝购买或使用语境
5082,UCSII0QQ8fHFF2Go2T_fFr3A,Foxtech Robot,https://cn--xtb.noxinfluencer.com/youtube/channel/UCSII0QQ8fHFF2Go2T_fFr3A,-9,badcase,机器人技术频道，偏工业研发，和充电宝推广弱相关
5085,UChA_dARZTaub5sNcVLF_lpw,AZDOME,https://cn--xtb.noxinfluencer.com/youtube/channel/UChA_dARZTaub5sNcVLF_lpw,-10,badcase,行车记录仪品牌频道，产品域太窄，和充电宝不匹配
5089,UC2sQeGxKffSEx5-tGeUMuYw,FLATED,https://cn--xtb.noxinfluencer.com/youtube/channel/UC2sQeGxKffSEx5-tGeUMuYw,-8,badcase,仅有露营/车旅弱场景，近期全是充气车载产品内容
5090,UCoT0NRpGLhmkkvClhGWAjOQ,Feruze Lee,https://cn--xtb.noxinfluencer.com/youtube/channel/UCoT0NRpGLhmkkvClhGWAjOQ,-25,badcase,ASMR 感官内容为主，和电源宝的产品推广场景明显不匹配。
5091,UCVP1PTBbRGpmTQE1oQx8xNw,MrTeslonian,https://cn--xtb.noxinfluencer.com/youtube/channel/UCVP1PTBbRGpmTQE1oQx8xNw,-10,badcase,DIY发电/电力主题，和充电宝推广缺少明确产品场景，近期也不匹配
5092,UC6KWOFDEYZ-zN7mEUjfx81w,Noble Knows All Things,https://cn--xtb.noxinfluencer.com/youtube/channel/UC6KWOFDEYZ-zN7mEUjfx81w,-10,badcase,UGC广告创意号，偏素材制作不是充电宝创作者/受众，近期多为其他产品广告
5093,UCAfcCnD3P9vxxr1cffNTYaA,Workers Chronicle,https://cn--xtb.noxinfluencer.com/youtube/channel/UCAfcCnD3P9vxxr1cffNTYaA,-10,badcase,游戏与农村工具混杂，和充电宝推广缺少明确受众与产品场景
5094,UCWkqJGcAQHobGxQR66bWRTw,Tuấn NK TV,https://cn--xtb.noxinfluencer.com/youtube/channel/UCWkqJGcAQHobGxQR66bWRTw,-10,badcase,游戏频道为主，近期内容与充电宝无关，只有泛科技标签，相关性弱
5095,UCfRC1X-Gje82qBgLZicPL-A,sonicsix,https://cn--xtb.noxinfluencer.com/youtube/channel/UCfRC1X-Gje82qBgLZicPL-A,-7,badcase,仅有弱场景重合，近期内容多为旅行、车辆和游戏，缺少充电宝推广意图
5097,UCwatX4S7sxHwN1tUEiRdnrw,SJK EXPERIENCE,https://cn--xtb.noxinfluencer.com/youtube/channel/UCwatX4S7sxHwN1tUEiRdnrw,-25,badcase,枪械/气枪频道，受众和充电宝推广目标完全不相干
5100,UCIBwX0d4qyhoSJ2dl8NVczA,Smartness,https://cn--xtb.noxinfluencer.com/youtube/channel/UCIBwX0d4qyhoSJ2dl8NVczA,-15,badcase,以搞笑实验为主，娱乐属性重，不适合做充电宝推广
5103,UC5AVjVlUQXQuxLMVqSq7Mag,Gabak Business Entrepreneurship education,https://cn--xtb.noxinfluencer.com/youtube/channel/UC5AVjVlUQXQuxLMVqSq7Mag,-3,badcase,偏DIY/工具评测，最近内容多为修理和测试，和充电宝投放不够贴合
5104,UCIBwX0d4qyhoSJ2dl8NVczA,Smartness,https://cn--xtb.noxinfluencer.com/youtube/channel/UCIBwX0d4qyhoSJ2dl8NVczA,-25,badcase,娱乐实验号，主要是搞怪测试，不适合做充电宝带货
5105,UCXIVuE_1-6VflMpfn17Oogg,G Fire Productions,https://cn--xtb.noxinfluencer.com/youtube/channel/UCXIVuE_1-6VflMpfn17Oogg,0,badcase,音频设备评测频道，产品评测格式相关但近期无充电宝内容
5106,UC1SDtiAShOvmjNS71AjIooA,Lisa Stevens,https://cn--xtb.noxinfluencer.com/youtube/channel/UC1SDtiAShOvmjNS71AjIooA,-10,badcase,二手服饰/转卖频道，与移动电源推广场景不匹配，近期内容也无支持
5109,UCJyw-qOB2Wl7dngqjF85Vlg,Liss Shunly ྀི,https://cn--xtb.noxinfluencer.com/youtube/channel/UCJyw-qOB2Wl7dngqjF85Vlg,-10,badcase,美妆内容与移动电源推广场景不匹配，近10条也都偏妆容/开箱
5110,UCxoLdw5F2dIMW4DR7-TJqMA,Vic Bilson,https://cn--xtb.noxinfluencer.com/youtube/channel/UCxoLdw5F2dIMW4DR7-TJqMA,-10,badcase,泛生活频道缺少数码配件和充电场景，近期内容也基本不支持推广
5111,UCWrJmp1h6GK4_qyMyc_8ssw,2 Epic Evs,https://cn--xtb.noxinfluencer.com/youtube/channel/UCWrJmp1h6GK4_qyMyc_8ssw,-10,badcase,全是EV/汽车内容，和充电宝推广场景弱相关，近期视频也无匹配
5112,UCQjtnQbukuDUnsf0UkBbiFA,Atmosfär,https://cn--xtb.noxinfluencer.com/youtube/channel/UCQjtnQbukuDUnsf0UkBbiFA,-25,badcase,ASMR/助眠音频型频道，与充电宝推广场景强不匹配
5113,UCti3NLtNW2LL5iOwVjKcpIg,Ditech NG,https://cn--xtb.noxinfluencer.com/youtube/channel/UCti3NLtNW2LL5iOwVjKcpIg,2,badcase,频道主做手机解锁/刷机，和充电宝推广仅有弱泛类目关联
5115,UCztrI9iFe1pL0o4AaG1FXLg,Hypertherm North America,https://cn--xtb.noxinfluencer.com/youtube/channel/UCztrI9iFe1pL0o4AaG1FXLg,-10,badcase,工业切割机频道，与移动电源推广无关，近期内容全不匹配
5116,UCsIe2xgbJ-wQTNo_s1fgkJw,EMPRESS FERRA,https://cn--xtb.noxinfluencer.com/youtube/channel/UCsIe2xgbJ-wQTNo_s1fgkJw,-9,badcase,仅有购物泛相关，近期内容几乎全不匹配，缺少充电宝推广场景
5120,UCjEZ2_9ho0_8vyoVjfVHAEg,Fentertainment,https://cn--xtb.noxinfluencer.com/youtube/channel/UCjEZ2_9ho0_8vyoVjfVHAEg,-10,badcase,频道主轴是高尔夫球车锂电改装，最近内容几乎全不对应充电宝推广
5121,UC9q7qcUTQYLTLF3e7Ujv5SQ,Pia Mance,https://cn--xtb.noxinfluencer.com/youtube/channel/UC9q7qcUTQYLTLF3e7Ujv5SQ,-10,badcase,时尚生活号，近期内容均非数码充电场景
5122,UCty1T0yuWTPn1jSkT3GbWOA,Lucid Diesel,https://cn--xtb.noxinfluencer.com/youtube/channel/UCty1T0yuWTPn1jSkT3GbWOA,-10,badcase,频道以柴油卡车/越野车内容为主，缺少移动电源推广相关性
5123,UCbF49qGt1qeCJoY2j-9EZvA,BDUBTheAnimeMaster,https://cn--xtb.noxinfluencer.com/youtube/channel/UCbF49qGt1qeCJoY2j-9EZvA,-25,badcase,动漫收藏与实体媒体频道，和充电宝推广场景不符
5124,UCIsFtOEnqF67nxzdiPJOP8Q,"Pulse & Polish with Courtney, CVT",https://cn--xtb.noxinfluencer.com/youtube/channel/UCIsFtOEnqF67nxzdiPJOP8Q,-24,badcase,儿童故事和ASMR为主，和充电宝推广格式不匹配
5128,UCQKLZYn_avsfVjniI17yCKA,Mara noMad,https://cn--xtb.noxinfluencer.com/youtube/channel/UCQKLZYn_avsfVjniI17yCKA,-20,badcase,短视频娱乐频道，内容以搞笑日常为主，不适合充电宝推广
5129,UCEIApY4RHr84IOMyLVrOl9A,Dadsfinds,https://cn--xtb.noxinfluencer.com/youtube/channel/UCEIApY4RHr84IOMyLVrOl9A,-9,badcase,仅有泛生活标签，近10条均非充电宝/电子配件内容
5130,UC9y6UTdnOsvYsEQcXf9wUHg,ObiWan LED,https://cn--xtb.noxinfluencer.com/youtube/channel/UC9y6UTdnOsvYsEQcXf9wUHg,-20,badcase,LED大屏工厂/展会内容，B2B工业属性强，与充电宝完全不符
5131,UCYc08LsRsm9edSfUrvsOgIA,Louie And The Van,https://cn--xtb.noxinfluencer.com/youtube/channel/UCYc08LsRsm9edSfUrvsOgIA,-7,badcase,房车旅行频道，仅有间接户外用电场景，缺少充电宝推广意图
5132,UCRmSipb8sjQ2s3YyRZgoCxw,TechLab,https://cn--xtb.noxinfluencer.com/youtube/channel/UCRmSipb8sjQ2s3YyRZgoCxw,-6,badcase,科技泛内容，缺少充电宝评测/购买场景，近10条也都不相关
5133,UC_Z2PnKxfwZG5gYct4Ocv0g,xoShardea,https://cn--xtb.noxinfluencer.com/youtube/channel/UC_Z2PnKxfwZG5gYct4Ocv0g,-10,badcase,以亲子穿搭和购物haul为主，近期无数码充电场景，推广power bank匹配弱
5139,UCeIw62Yv8KFehD152q8_iYA,rabbit,https://cn--xtb.noxinfluencer.com/youtube/channel/UCeIw62Yv8KFehD152q8_iYA,-8,badcase,仅有泛科技弱相关，近期内容多为AI/编程/工具，和充电宝推广不匹配
5141,UCZOMWtjPrHvVnRd8Wb4Mz4g,Enerpat_Official,https://cn--xtb.noxinfluencer.com/youtube/channel/UCZOMWtjPrHvVnRd8Wb4Mz4g,-13,badcase,工业回收设备频道，B端重工场景与充电宝推广不匹配
5142,UCAOYnudTKwIKCA0FfGV0xIg,SHAOLIN WISDOM,https://cn--xtb.noxinfluencer.com/youtube/channel/UCAOYnudTKwIKCA0FfGV0xIg,-10,badcase,汽车/励志语音内容为主，与充电宝购买推广无关
5144,UC7iOUtDqlRtNqKd_g_48mCg,Charmaine Dulak,https://cn--xtb.noxinfluencer.com/youtube/channel/UC7iOUtDqlRtNqKd_g_48mCg,-10,badcase,频道偏文具手帐生活Vlog，无充电宝或电子配件推广相关性
5145,UCf4dXlKktj1gF723IR7w2Kg,Zoyya Texh,https://cn--xtb.noxinfluencer.com/youtube/channel/UCf4dXlKktj1gF723IR7w2Kg,-10,badcase,杂项娱乐与随机内容占主，缺少数码产品推广语境
5146,UCi_hZIiaByu5LjLyuuKcnjw,Hypershell,https://cn--xtb.noxinfluencer.com/youtube/channel/UCi_hZIiaByu5LjLyuuKcnjw,-24,badcase,主域为Hypershell外骨骼品牌内容，缺少充电宝推广语境
5148,UC1YKzFhQBjjXy9Jcyco_yTQ,MrSk07,https://cn--xtb.noxinfluencer.com/youtube/channel/UC1YKzFhQBjjXy9Jcyco_yTQ,-10,badcase,纯娱乐短视频，无产品推广受众
5149,UCTEO3AHaj7pkRJU2yP4jocQ,Gadget Twice,https://cn--xtb.noxinfluencer.com/youtube/channel/UCTEO3AHaj7pkRJU2yP4jocQ,-34,badcase,频道以铃声/来电界面内容为主，缺少充电宝推广场景
5150,UCiIvTccEUH5EzHVfEi3_xeA,Moksha_6_7,https://cn--xtb.noxinfluencer.com/youtube/channel/UCiIvTccEUH5EzHVfEi3_xeA,-15,badcase,娱乐短视频为主，和移动电源推广场景不符
5154,UCKQosbJTKWjhxNEYpIXSp4Q,Maverick's Arcade,https://cn--xtb.noxinfluencer.com/youtube/channel/UCKQosbJTKWjhxNEYpIXSp4Q,-10,badcase,街机/游戏改装为主，和移动电源的购买场景基本不匹配
5155,UCJyw-qOB2Wl7dngqjF85Vlg,Liss Shunly ྀི,https://cn--xtb.noxinfluencer.com/youtube/channel/UCJyw-qOB2Wl7dngqjF85Vlg,-10,badcase,美妆审美向内容为主，缺少数码充电器材购买或使用场景
5156,UCxoLdw5F2dIMW4DR7-TJqMA,Vic Bilson,https://cn--xtb.noxinfluencer.com/youtube/channel/UCxoLdw5F2dIMW4DR7-TJqMA,-10,badcase,生活方式号，近10条几乎全是旅行/副业/工具无关内容
5157,UCWrJmp1h6GK4_qyMyc_8ssw,2 Epic Evs,https://cn--xtb.noxinfluencer.com/youtube/channel/UCWrJmp1h6GK4_qyMyc_8ssw,0,badcase,EV与车评频道，仅有充电场景弱邻近，无充电宝推广意图
5159,UCdSeKTXl__srQKZzaM3YQJQ,Adam Blake,https://cn--xtb.noxinfluencer.com/youtube/channel/UCdSeKTXl__srQKZzaM3YQJQ,-10,badcase,玩具/宠物主题，和充电宝推广缺少直接购买场景
5161,UCztrI9iFe1pL0o4AaG1FXLg,Hypertherm North America,https://cn--xtb.noxinfluencer.com/youtube/channel/UCztrI9iFe1pL0o4AaG1FXLg,-10,badcase,工业等离子切割频道，和充电宝推广无关，近10条内容全部不匹配
5162,UCsIe2xgbJ-wQTNo_s1fgkJw,EMPRESS FERRA,https://cn--xtb.noxinfluencer.com/youtube/channel/UCsIe2xgbJ-wQTNo_s1fgkJw,-21,badcase,ASMR/塔罗/生活混杂频道，充电宝推广不适合，近10条几乎都不相关
5165,UCjEZ2_9ho0_8vyoVjfVHAEg,Fentertainment,https://cn--xtb.noxinfluencer.com/youtube/channel/UCjEZ2_9ho0_8vyoVjfVHAEg,-8,badcase,以高尔夫车电池改装为主，和充电宝推广仅弱相关，近期内容也不匹配
5166,UC9q7qcUTQYLTLF3e7Ujv5SQ,Pia Mance,https://cn--xtb.noxinfluencer.com/youtube/channel/UC9q7qcUTQYLTLF3e7Ujv5SQ,-10,badcase,时尚生活号，近期内容与移动电源推广无关
5167,UCbF49qGt1qeCJoY2j-9EZvA,BDUBTheAnimeMaster,https://cn--xtb.noxinfluencer.com/youtube/channel/UCbF49qGt1qeCJoY2j-9EZvA,-10,badcase,二次元物料频道，和充电宝购买推广关联弱
5168,UCIsFtOEnqF67nxzdiPJOP8Q,"Pulse & Polish with Courtney, CVT",https://cn--xtb.noxinfluencer.com/youtube/channel/UCIsFtOEnqF67nxzdiPJOP8Q,-18,badcase,ASMR/故事型内容为主，非充电宝推广场景
5170,UCnsQ9vg8jnB-EHxOipiOlOQ,sidneyraz,https://cn--xtb.noxinfluencer.com/youtube/channel/UCnsQ9vg8jnB-EHxOipiOlOQ,-8,badcase,技巧类短视频为主，但近期多为泛题材，不够转化
5173,UCQKLZYn_avsfVjniI17yCKA,Mara noMad,https://cn--xtb.noxinfluencer.com/youtube/channel/UCQKLZYn_avsfVjniI17yCKA,-22,badcase,娱乐短视频为主，婴童杂项内容，充电宝推广不适合
5174,UCEIApY4RHr84IOMyLVrOl9A,Dadsfinds,https://cn--xtb.noxinfluencer.com/youtube/channel/UCEIApY4RHr84IOMyLVrOl9A,-8,badcase,仅有泛生活兴趣弱相关，近期内容多为婴儿/宠物/杂货，缺少充电宝推广语境
5175,UC9y6UTdnOsvYsEQcXf9wUHg,ObiWan LED,https://cn--xtb.noxinfluencer.com/youtube/channel/UC9y6UTdnOsvYsEQcXf9wUHg,-25,badcase,工业LED工厂/展会内容，和消费级充电宝推广场景不匹配
5176,UCRmSipb8sjQ2s3YyRZgoCxw,TechLab,https://cn--xtb.noxinfluencer.com/youtube/channel/UCRmSipb8sjQ2s3YyRZgoCxw,-3,badcase,科技泛内容占比高，但缺少充电宝/配件购买语境
5180,UCnyhabl2L9nAapKCXGG5HdA,ЖЕЛЕЗНЫЙ КОРОЛЬ,https://cn--xtb.noxinfluencer.com/youtube/channel/UCnyhabl2L9nAapKCXGG5HdA,-3,badcase,以装机和游戏硬件为主，移动电源推广场景不强
5182,UCqatclRaNjPNbVgL3OJU_5g,Weakest of Weeks,https://cn--xtb.noxinfluencer.com/youtube/channel/UCqatclRaNjPNbVgL3OJU_5g,-10,badcase,汽车维修为主，近期内容几乎全是车辆修理，和充电宝推广不匹配
5183,UCeIw62Yv8KFehD152q8_iYA,rabbit,https://cn--xtb.noxinfluencer.com/youtube/channel/UCeIw62Yv8KFehD152q8_iYA,-9,badcase,仅有泛科技弱相关，近期内容偏AI软件与rabbit设备，缺少充电宝推广语境
5185,UC6nMOOOcT5_UcFVZseEr1xA,In The Friction Zone,https://cn--xtb.noxinfluencer.com/youtube/channel/UC6nMOOOcT5_UcFVZseEr1xA,-10,badcase,重机与车机内容为主，和充电宝的核心使用场景关联弱
5186,UCZOMWtjPrHvVnRd8Wb4Mz4g,Enerpat_Official,https://cn--xtb.noxinfluencer.com/youtube/channel/UCZOMWtjPrHvVnRd8Wb4Mz4g,-11,badcase,工业回收设备频道，近10条全不相关，推充电宝不合适
5187,UCb-z0KKhz9apEC4qwcEoFtg,Sew Krafty Sanaa,https://cn--xtb.noxinfluencer.com/youtube/channel/UCb-z0KKhz9apEC4qwcEoFtg,-10,badcase,频道做预算/现金分装，和充电宝推广无关，近期内容全不匹配
5188,UCAOYnudTKwIKCA0FfGV0xIg,SHAOLIN WISDOM,https://cn--xtb.noxinfluencer.com/youtube/channel/UCAOYnudTKwIKCA0FfGV0xIg,-22,badcase,汽车标签与充电宝无直接相关，近10条全是励志演讲，推广不匹配
5190,UCStdwNHQLNeY4FPFiupz1lA,Middle of Knowhere,https://cn--xtb.noxinfluencer.com/youtube/channel/UCStdwNHQLNeY4FPFiupz1lA,-9,badcase,偏电脑硬件频道，近10条几乎全不指向充电宝推广
5191,UC7iOUtDqlRtNqKd_g_48mCg,Charmaine Dulak,https://cn--xtb.noxinfluencer.com/youtube/channel/UC7iOUtDqlRtNqKd_g_48mCg,-8,badcase,以手账文具和日常生活为主，移动电源推广场景弱
5192,UCi_hZIiaByu5LjLyuuKcnjw,Hypershell,https://cn--xtb.noxinfluencer.com/youtube/channel/UCi_hZIiaByu5LjLyuuKcnjw,-10,badcase,户外外骨骼品牌频道，非移动电源推广场景
5194,UCTEO3AHaj7pkRJU2yP4jocQ,Gadget Twice,https://cn--xtb.noxinfluencer.com/youtube/channel/UCTEO3AHaj7pkRJU2yP4jocQ,-10,badcase,频道以来电/铃声/拨号内容为主，与充电宝推广无关，近10条均不匹配
5195,UCSICXvpNlDst6xClTl120BA,WAKANDA WARFARE,https://cn--xtb.noxinfluencer.com/youtube/channel/UCSICXvpNlDst6xClTl120BA,-25,badcase,枪械/2A垂类，受众与移动电源推广明显不匹配
5196,UCp_4FmiDe4K3E23E1G98_hg,A R F I N,https://cn--xtb.noxinfluencer.com/youtube/channel/UCp_4FmiDe4K3E23E1G98_hg,-6,badcase,娱乐音乐为主，近期多为歌曲/杂谈，和充电宝带货不匹配
5197,UCv5GFi2vAQkXGa-YK4PW9uw,Zubair Technology,https://cn--xtb.noxinfluencer.com/youtube/channel/UCv5GFi2vAQkXGa-YK4PW9uw,-15,badcase,频道偏手机软件技巧，无充电宝评测购买意图，近期内容不匹配
5199,UCSQDVGCoCp8KgTqZ00NW-pg,Creative Crafts Daily,https://cn--xtb.noxinfluencer.com/youtube/channel/UCSQDVGCoCp8KgTqZ00NW-pg,-10,badcase,亲子手工内容占主导，和充电宝推广场景明显不符
5202,UCnyhabl2L9nAapKCXGG5HdA,ЖЕЛЕЗНЫЙ КОРОЛЬ,https://cn--xtb.noxinfluencer.com/youtube/channel/UCnyhabl2L9nAapKCXGG5HdA,-7,badcase,PC/游戏为主，和充电宝购买场景关联弱
5203,UCgplAfQUD3BMkwCle8DhUMg,XO'JA UZ,https://cn--xtb.noxinfluencer.com/youtube/channel/UCgplAfQUD3BMkwCle8DhUMg,-10,badcase,娱乐和建房内容为主，与充电宝推广几乎无关
5205,UCDR35hNtdsapWnDhHs5CCQA,Techie Daddy,https://cn--xtb.noxinfluencer.com/youtube/channel/UCDR35hNtdsapWnDhHs5CCQA,-10,badcase,主题是启动器和主题，美推广充电宝几乎无关
5206,UCqatclRaNjPNbVgL3OJU_5g,Weakest of Weeks,https://cn--xtb.noxinfluencer.com/youtube/channel/UCqatclRaNjPNbVgL3OJU_5g,-9,badcase,汽车维修频道，近期内容也几乎都不适合充电宝推广
5207,UCeIw62Yv8KFehD152q8_iYA,rabbit,https://cn--xtb.noxinfluencer.com/youtube/channel/UCeIw62Yv8KFehD152q8_iYA,-8,badcase,偏AI设备与科技内容，但缺少充电宝购买/测评语境
5209,UC6nMOOOcT5_UcFVZseEr1xA,In The Friction Zone,https://cn--xtb.noxinfluencer.com/youtube/channel/UC6nMOOOcT5_UcFVZseEr1xA,-6,badcase,有产品评测壳子，但主线是哈雷车机，不适合充电宝
5210,UCAOYnudTKwIKCA0FfGV0xIg,SHAOLIN WISDOM,https://cn--xtb.noxinfluencer.com/youtube/channel/UCAOYnudTKwIKCA0FfGV0xIg,-10,badcase,近期几乎全是励志演讲，和充电宝推广无关
5211,UC8pIKzo5py1zt3U2O-Bqo3A,Area 13,https://cn--xtb.noxinfluencer.com/youtube/channel/UC8pIKzo5py1zt3U2O-Bqo3A,-5,badcase,内容集中在电助力车评测，近10条都无充电宝场景
5213,UC7iOUtDqlRtNqKd_g_48mCg,Charmaine Dulak,https://cn--xtb.noxinfluencer.com/youtube/channel/UC7iOUtDqlRtNqKd_g_48mCg,-6,badcase,生活类笔记频道，近期内容与充电宝推广几乎无关
5214,UCi_hZIiaByu5LjLyuuKcnjw,Hypershell,https://cn--xtb.noxinfluencer.com/youtube/channel/UCi_hZIiaByu5LjLyuuKcnjw,-9,badcase,频道主做外骨骼内容，只有户外弱相关，近期十条全不匹配充电宝推广
5215,UCpb2jrX2Qlqv0zTMQg13ZVg,Joe Oceanside,https://cn--xtb.noxinfluencer.com/youtube/channel/UCpb2jrX2Qlqv0zTMQg13ZVg,-6,badcase,钓鱼/游艇频道与充电宝推广关联弱，近期内容也未体现电子用品场景
5216,UC1YKzFhQBjjXy9Jcyco_yTQ,MrSk07,https://cn--xtb.noxinfluencer.com/youtube/channel/UC1YKzFhQBjjXy9Jcyco_yTQ,-20,badcase,娱乐短视频频道，近期内容全不相关，不适合推广充电宝
5217,UCTEO3AHaj7pkRJU2yP4jocQ,Gadget Twice,https://cn--xtb.noxinfluencer.com/youtube/channel/UCTEO3AHaj7pkRJU2yP4jocQ,-10,badcase,近期10条全是来电铃声/拨号器内容，与充电宝推广无关
5218,UCp_4FmiDe4K3E23E1G98_hg,A R F I N,https://cn--xtb.noxinfluencer.com/youtube/channel/UCp_4FmiDe4K3E23E1G98_hg,-8,badcase,无直接命中，只有泛科技/教程弱相关，近期以娱乐歌曲为主且无充电宝内容
5219,UCv5GFi2vAQkXGa-YK4PW9uw,Zubair Technology,https://cn--xtb.noxinfluencer.com/youtube/channel/UCv5GFi2vAQkXGa-YK4PW9uw,-10,badcase,手机技巧/社媒设置频道，无充电宝评测或购买意图
5222,UCnNJnveJdSnlW3bIlke3Cgg,GHacks,https://cn--xtb.noxinfluencer.com/youtube/channel/UCnNJnveJdSnlW3bIlke3Cgg,-10,badcase,汽车与印花混合频道，和充电宝推广语境偏离
5223,UCZNsGAYmM6twa17-l8Idelg,LealaNova,https://cn--xtb.noxinfluencer.com/youtube/channel/UCZNsGAYmM6twa17-l8Idelg,-9,badcase,内容几乎全是打火机带货，与充电宝品类不匹配
5224,UCEH-0tdfMlFX2PWBmoDzkzA,Emanuel Jenner,https://cn--xtb.noxinfluencer.com/youtube/channel/UCEH-0tdfMlFX2PWBmoDzkzA,-20,badcase,娱乐搞笑频道，内容域与充电宝投放明显不合
5226,UC5TWUoLSlhDvfa8fd0hTt4Q,New MH 15 Computer,https://cn--xtb.noxinfluencer.com/youtube/channel/UC5TWUoLSlhDvfa8fd0hTt4Q,-10,badcase,电脑维修内容为主，无充电宝推广或选购相关信号
5227,UC8Zspi0fvqaiIO7j1T2WvgA,DoodlePop,https://cn--xtb.noxinfluencer.com/youtube/channel/UC8Zspi0fvqaiIO7j1T2WvgA,-25,badcase,音乐睡眠声场与物理产品投放严重不匹配
5228,UCJUv-Ko9LlyqNQJP4PAWmxA,Diamond Star Werks,https://cn--xtb.noxinfluencer.com/youtube/channel/UCJUv-Ko9LlyqNQJP4PAWmxA,-8,badcase,汽车维修与充电宝推广目标不一致，缺少消费电子语境
5232,UC64geVpPQnhEyrBFOuRyVug,Do It YourSelf,https://cn--xtb.noxinfluencer.com/youtube/channel/UC64geVpPQnhEyrBFOuRyVug,-10,badcase,DIY手工/纸板船频道，与移动电源推广无关，近10条全不匹配
5233,UCJ3tJHLM7l4kJdu0Vg5HxKQ,Tiffy A,https://cn--xtb.noxinfluencer.com/youtube/channel/UCJ3tJHLM7l4kJdu0Vg5HxKQ,-10,badcase,无直击相关标签，近期内容全为情绪/生活向，和充电宝推广弱相关
5234,UCZbZE_03A1ncxB2Az_hhhpw,Lindsey Harper,https://cn--xtb.noxinfluencer.com/youtube/channel/UCZbZE_03A1ncxB2Az_hhhpw,-9,badcase,生活方式账号，近10条无充电宝/数码购买场景，相关性弱
5236,UCJmBYZgh84i1XSdRao_blsQ,The Blackbox Theory,https://cn--xtb.noxinfluencer.com/youtube/channel/UCJmBYZgh84i1XSdRao_blsQ,-10,badcase,内容偏科技阴谋与消费观察，和充电宝推广无关
5237,UCYc6RoCqprmPgbprYgSGy-A,Charlene,https://cn--xtb.noxinfluencer.com/youtube/channel/UCYc6RoCqprmPgbprYgSGy-A,-6,badcase,生活方式频道仅有泛消费场景，和充电宝相关性偏弱
5239,UCUhHrWOOCUEz-h_czddV0Wg,Abbott Cardiovascular,https://cn--xtb.noxinfluencer.com/youtube/channel/UCUhHrWOOCUEz-h_czddV0Wg,-25,badcase,医疗器械专业频道，和充电宝推广人群不匹配
5241,UCk0fsIc1BMtKJqpGgYxet8g,Software Master,https://cn--xtb.noxinfluencer.com/youtube/channel/UCk0fsIc1BMtKJqpGgYxet8g,-20,badcase,以音乐/解锁为主，和充电宝推广几乎无关
5242,UCP_IqUhBGjCU2ykkqTh1X3A,Bunzl Processor Division,https://cn--xtb.noxinfluencer.com/youtube/channel/UCP_IqUhBGjCU2ykkqTh1X3A,-20,badcase,食品加工B2B号，受众与充电宝消费场景不匹配
5244,UC6U7MXORFCmzCQNzXifgHEg,Dave's Cycling,https://cn--xtb.noxinfluencer.com/youtube/channel/UC6U7MXORFCmzCQNzXifgHEg,-10,badcase,内容集中在自行车配件评测，与充电宝推广缺乏相关性
5247,UCExf4S-Y5lqx8Y1yb4q0I2g,Daydreamers Plus,https://cn--xtb.noxinfluencer.com/youtube/channel/UCExf4S-Y5lqx8Y1yb4q0I2g,-10,badcase,内容以3D打印/游戏/PC为主，与充电宝推广关联弱，近10条均不匹配
5248,UCTTeTpTp0CoKLxlkiNfZa1w,Scantron's Garage,https://cn--xtb.noxinfluencer.com/youtube/channel/UCTTeTpTp0CoKLxlkiNfZa1w,-10,badcase,车库/焊接/改装频道，近10条几乎全是汽车与焊接内容，与充电宝推广不符
9501,UCWsaXZgVkLxRxQIXl7CUbJw,LAN’ Bushcraft,https://cn--xtb.noxinfluencer.com/youtube/channel/UCWsaXZgVkLxRxQIXl7CUbJw,-4,badcase,露营/荒野场景弱相关，但近10条内容与充电宝推广场景不符
9502,UCHBZv5GuLHYd9jEULsOrKuA,Fort Knox Co.,https://cn--xtb.noxinfluencer.com/youtube/channel/UCHBZv5GuLHYd9jEULsOrKuA,-2,badcase,DIY家居车维护频道，弱场景相关但缺少充电宝推广证据
9503,UC64mOncjrLQEQsHbpF2vdCA,Andy Christoforou - ArchViz & AI Academy,https://cn--xtb.noxinfluencer.com/youtube/channel/UC64mOncjrLQEQsHbpF2vdCA,-10,badcase,建筑可视化/AI教程与充电宝推广几乎无关，近期也不匹配
9504,UCJF1BPo5u2BsritU_gix3Ng,Essential Depot,https://cn--xtb.noxinfluencer.com/youtube/channel/UCJF1BPo5u2BsritU_gix3Ng,-10,badcase,精油/养生频道与充电宝推广不相关，且最近内容完全不匹配
9505,UCh8ZuJSXfqpq-HWjkjPcX0A,Noblie Custom Knives,https://cn--xtb.noxinfluencer.com/youtube/channel/UCh8ZuJSXfqpq-HWjkjPcX0A,-10,badcase,刀具/EDC频道以刀具内容为主，和充电宝推广不构成有效相关
9506,UCFnVFszVda2f24dNhyTcKiw,Napo News,https://cn--xtb.noxinfluencer.com/youtube/channel/UCFnVFszVda2f24dNhyTcKiw,-10,badcase,音乐/游戏/新闻向频道，与充电宝推广受众不匹配
9507,UCqiWfOvqHHDp2eUC7MF1xQg,Allied Universal,https://cn--xtb.noxinfluencer.com/youtube/channel/UCqiWfOvqHHDp2eUC7MF1xQg,-10,badcase,安保服务企业号，缺少消费电子推广场景
9508,UCdnNX4DQjcPfWFz3xNWJpsw,BUBBA,https://cn--xtb.noxinfluencer.com/youtube/channel/UCdnNX4DQjcPfWFz3xNWJpsw,-10,badcase,钓鱼刀具品牌频道，缺少充电宝推广相关内容
9509,UCf234XHP264ClaEY2L8XVBQ,Evermore New Materials,https://cn--xtb.noxinfluencer.com/youtube/channel/UCf234XHP264ClaEY2L8XVBQ,-25,badcase,ASMR宠物慢食盘内容，属于明显格式与品类错配
9510,UCqAjB6CCXGvqRyEFgRKsokg,The Art Of War,https://cn--xtb.noxinfluencer.com/youtube/channel/UCqAjB6CCXGvqRyEFgRKsokg,-15,badcase,战争叙事娱乐号，充电宝推广不适合
9511,UCf54LUqu33cT8Okhj5kn4cA,Adam Fields DC,https://cn--xtb.noxinfluencer.com/youtube/channel/UCf54LUqu33cT8Okhj5kn4cA,-10,badcase,健康理疗频道，缺少充电宝购买或使用场景
9512,UCwat6GBS5DeOdn7oklbFCEQ,Scorsi,https://cn--xtb.noxinfluencer.com/youtube/channel/UCwat6GBS5DeOdn7oklbFCEQ,-25,badcase,纯音乐娱乐频道，与充电宝带货场景不匹配
9513,UCgZVdkXClDKXHFUmoSVAA5w,Nublado Martínez Official,https://cn--xtb.noxinfluencer.com/youtube/channel/UCgZVdkXClDKXHFUmoSVAA5w,-35,badcase,睡眠雨声音频格式，强烈不适合充电宝推广
9514,UCS5M1DUooBp5OxgRgNQsdfQ,Handyman Hal - Toy Workshop,https://cn--xtb.noxinfluencer.com/youtube/channel/UCS5M1DUooBp5OxgRgNQsdfQ,-25,badcase,儿童玩具娱乐向，和充电宝促销目标不一致
9515,UCXv6I6n6WbOX7Kk_QnqxR6g,Hi-Target Global,https://cn--xtb.noxinfluencer.com/youtube/channel/UCXv6I6n6WbOX7Kk_QnqxR6g,-25,badcase,频道聚焦测绘/农业GNSS设备，近期内容与充电宝推广不匹配
9516,UCNUXo5A_0fuy_Y6zhSU12Wg,USTADALI117,https://cn--xtb.noxinfluencer.com/youtube/channel/UCNUXo5A_0fuy_Y6zhSU12Wg,-8,badcase,近期内容全是摩托/汽车，无电源充电相关受众信号
9517,UC8Xcp0HHqn_mEY4Rt52g7Og,Building A Good Life,https://cn--xtb.noxinfluencer.com/youtube/channel/UC8Xcp0HHqn_mEY4Rt52g7Og,-10,badcase,内容偏泛生活/观点，缺少数码充电或购买场景
9519,UC8uyDKrLYyx3qTX0F_8dlBg,THE PC BROO,https://cn--xtb.noxinfluencer.com/youtube/channel/UC8uyDKrLYyx3qTX0F_8dlBg,-8,badcase,以Windows故障修复为主，偏IT排障而非充电设备推广
9520,UCq4vk8GylIfko_LuwcLj7wg,NoQz CS2,https://cn--xtb.noxinfluencer.com/youtube/channel/UCq4vk8GylIfko_LuwcLj7wg,-25,badcase,娱乐搞笑频道为主，且近期内容与产品推广目标不符
9521,UCSJH8jwfA7Tv5f3DYabTshw,Salina Alsworth,https://cn--xtb.noxinfluencer.com/youtube/channel/UCSJH8jwfA7Tv5f3DYabTshw,-8,badcase,生活记录类频道，缺少充电宝购买/测评/户外用电场景，近期内容也不匹配
9522,UCunEuTLj5PIfOYTdUaESa8w,WOW Pressure Washing Services LLC,https://cn--xtb.noxinfluencer.com/youtube/channel/UCunEuTLj5PIfOYTdUaESa8w,-10,badcase,清洗服务频道，与充电宝推广场景无关，近期内容也全不匹配
9523,UC0h4Iue-3TNhg_R_Vf_Zm9A,Sinister ScatPack 392,https://cn--xtb.noxinfluencer.com/youtube/channel/UC0h4Iue-3TNhg_R_Vf_Zm9A,-10,badcase,近期内容全是汽车/柴油暖风/改装，与充电宝推广无关
9525,UC_CmnE0WQsiZ9SwzcAhF2LQ,TheRichFlow,https://cn--xtb.noxinfluencer.com/youtube/channel/UC_CmnE0WQsiZ9SwzcAhF2LQ,-10,badcase,汽车频道，近期全是车内容，和充电宝推广无关
9526,UCuEKHXhXg8UcWtGyfeLHr6g,Salem Albayyari,https://cn--xtb.noxinfluencer.com/youtube/channel/UCuEKHXhXg8UcWtGyfeLHr6g,-10,badcase,电商卖货内容，不是充电宝使用/测评/购买场景，近期也全不匹配
9527,UCTgovoWYfF99zaHWAYtHuPQ,Web Gear Review,https://cn--xtb.noxinfluencer.com/youtube/channel/UCTgovoWYfF99zaHWAYtHuPQ,-10,badcase,军品收藏内容，和充电宝推广受众不相关，近期全是军用装备
9528,UCXleWzTn9PaED3DMtIUDbQg,LEDGlow,https://cn--xtb.noxinfluencer.com/youtube/channel/UCXleWzTn9PaED3DMtIUDbQg,-10,badcase,车辆LED灯安装频道，与充电宝推广场景不匹配
9529,UCX__20NkEPIcAMqoB35Fg_w,FaLaLaMedia,https://cn--xtb.noxinfluencer.com/youtube/channel/UCX__20NkEPIcAMqoB35Fg_w,-14,badcase,游戏/娱乐混合号，偏内容消遣，和充电宝推广格式不匹配
9530,UCl4Nvno5WmWCCLUBpnjXEUg,Primal Conflict,https://cn--xtb.noxinfluencer.com/youtube/channel/UCl4Nvno5WmWCCLUBpnjXEUg,-14,badcase,剧情式生存娱乐内容，叙事导向强，和充电宝推广不匹配
9531,UCsyxgTtNl_I7YGYzdBvBq6Q,​Your Tech Guy,https://cn--xtb.noxinfluencer.com/youtube/channel/UCsyxgTtNl_I7YGYzdBvBq6Q,-10,badcase,标签偏车/生活/随机内容，近期无充电宝或数码购买意图
9532,UC10Z2fl57v03fZHPdUGCHCQ,Panzer's Garage,https://cn--xtb.noxinfluencer.com/youtube/channel/UC10Z2fl57v03fZHPdUGCHCQ,-10,badcase,汽车改装维修频道，与充电宝推广场景无关
9533,UCnrgOD6G0y0_rcubQuICpTQ,InfluxData,https://cn--xtb.noxinfluencer.com/youtube/channel/UCnrgOD6G0y0_rcubQuICpTQ,-9,badcase,泛科技号但偏数据库SaaS，和充电宝购买语境很弱
9534,UCPQFsPchVsj1kiPTpJdDnYw,SpotClips,https://cn--xtb.noxinfluencer.com/youtube/channel/UCPQFsPchVsj1kiPTpJdDnYw,-30,badcase,影视剪辑娱乐号，和实物导购是强格式冲突
9535,UCSbkK7clKBQcCJZ11Lm7CxQ,HAZWOPER-OSHA Training,https://cn--xtb.noxinfluencer.com/youtube/channel/UCSbkK7clKBQcCJZ11Lm7CxQ,-10,badcase,安全培训号，主题与便携充电宝消费场景不匹配
9536,UCA7a7WlEY9sH7h4qoWZzEGQ,侃侃有余,https://cn--xtb.noxinfluencer.com/youtube/channel/UCA7a7WlEY9sH7h4qoWZzEGQ,-10,badcase,半导体财经评论号，近10条内容全不相关，几乎无推广匹配
9537,UCBdnxbKcilNGg39dISm77oQ,Blinkist,https://cn--xtb.noxinfluencer.com/youtube/channel/UCBdnxbKcilNGg39dISm77oQ,-10,badcase,知识/阅读类频道，近10条无电源产品相关内容，不适合推广充电宝
9538,UC0aDner6XBSTpP8G1uRMkaw,Stock Therapy with Penny Queen,https://cn--xtb.noxinfluencer.com/youtube/channel/UC0aDner6XBSTpP8G1uRMkaw,-10,badcase,金融炒股频道，近10条内容全不相关，缺少电池/数码购买意图
9539,UCvzxRT1E3OSMIJ72wffxWVQ,ETANG SKATES,https://cn--xtb.noxinfluencer.com/youtube/channel/UCvzxRT1E3OSMIJ72wffxWVQ,-5,badcase,以滑板内容为主，近10条均无充电宝相关场景，仅有泛产品评测标签
9540,UCuKlNEolHQkzTbrbFGpSYog,Jaxon2564,https://cn--xtb.noxinfluencer.com/youtube/channel/UCuKlNEolHQkzTbrbFGpSYog,-25,badcase,以搞笑短剧/娱乐为主，几乎无充电宝购买或测评语境
9541,UCqFwHGI2uKbnkxVRywdhw1A,Mining Stacker,https://cn--xtb.noxinfluencer.com/youtube/channel/UCqFwHGI2uKbnkxVRywdhw1A,-10,badcase,加密挖矿为主，和移动电源推广场景无关。
9542,UCJ3-KHCkXOZWpdifQCAyovg,TheBeastFanClub-2,https://cn--xtb.noxinfluencer.com/youtube/channel/UCJ3-KHCkXOZWpdifQCAyovg,-10,badcase,挑战型短视频频道，缺少数码产品相关语境。
9543,UC-BHJy9T2g89B_BcLuVWWyQ,Việt Nam Xanh,https://cn--xtb.noxinfluencer.com/youtube/channel/UC-BHJy9T2g89B_BcLuVWWyQ,-25,badcase,新闻宗教内容占主导，和移动电源推广场景不匹配。
9544,UCVb4-pwpSNqE8kIEp-3lS4g,Provat Songbad,https://cn--xtb.noxinfluencer.com/youtube/channel/UCVb4-pwpSNqE8kIEp-3lS4g,-20,badcase,剧情娱乐短剧为主，属于明显的推广场景错配。
9545,UCenBpmQUknPOEQBQO5VfTyQ,Jacob's EV Adventures,https://cn--xtb.noxinfluencer.com/youtube/channel/UCenBpmQUknPOEQBQO5VfTyQ,-10,badcase,频道偏游戏/特斯拉出行，无充电宝推广场景
9546,UCP2DE-804k3JOjGfsKogkAw,4ptitude,https://cn--xtb.noxinfluencer.com/youtube/channel/UCP2DE-804k3JOjGfsKogkAw,-25,badcase,娱乐短视频梗图号，和充电宝推广几乎无关
9547,UCrdV9hoXVpZsYeEMFl7axGw,This Guy (This Guy Productions),https://cn--xtb.noxinfluencer.com/youtube/channel/UCrdV9hoXVpZsYeEMFl7axGw,-10,badcase,汽车DIY教程号，和充电宝只有很弱的泛场景关联
9548,UCyFTs-ZaVRMuW5XxTNeu--A,Laser Photonics,https://cn--xtb.noxinfluencer.com/youtube/channel/UCyFTs-ZaVRMuW5XxTNeu--A,-10,badcase,工业激光清洗频道，与充电宝推广无关
9549,UCBYaVN2iDkYjR-TJS8py9ww,NFA Review Channel,https://cn--xtb.noxinfluencer.com/youtube/channel/UCBYaVN2iDkYjR-TJS8py9ww,-25,badcase,枪械评测受众不适合推充电宝，且内容域明显不符
9550,UCmtvQ-hDfTP8IXTUn4TIKaQ,Valen Fvnky,https://cn--xtb.noxinfluencer.com/youtube/channel/UCmtvQ-hDfTP8IXTUn4TIKaQ,-25,badcase,DJ音乐娱乐号，纯格式错配，不适合推实体产品
9551,UCj3mOuXHidK34dVVXfJLFgg,ФАКТИМ,https://cn--xtb.noxinfluencer.com/youtube/channel/UCj3mOuXHidK34dVVXfJLFgg,-10,badcase,娱乐/影视向频道，无充电宝相关或购买评测语境，近期内容全不匹配
9552,UC2B7F0lAdsei_MdrN7vr-EQ,SMBDY ELSE,https://cn--xtb.noxinfluencer.com/youtube/channel/UC2B7F0lAdsei_MdrN7vr-EQ,-25,badcase,音乐艺人频道，近10条内容均与充电宝推广无关，场景明显不符
9553,UCrCNiy-dsWgqCybxgb_IkPQ,Relax Sounds,https://cn--xtb.noxinfluencer.com/youtube/channel/UCrCNiy-dsWgqCybxgb_IkPQ,-25,badcase,影视预告片频道，和充电宝推广场景完全不相关
9554,UCl1IRob0PRPuJ5Fyc3c420g,Andy Huot Creations,https://cn--xtb.noxinfluencer.com/youtube/channel/UCl1IRob0PRPuJ5Fyc3c420g,-7,badcase,偏科技DIY频道，缺少充电宝购买/测评信号，近期内容也不匹配
9555,UC68K7mvqtkD32RcLIybVjNQ,SwitchSide,https://cn--xtb.noxinfluencer.com/youtube/channel/UC68K7mvqtkD32RcLIybVjNQ,-10,badcase,游戏内容为主，与充电宝推广场景弱相关
9557,UCCtG3JJ62yRsAvRS5cT0aMQ,Kelvin Lee,https://cn--xtb.noxinfluencer.com/youtube/channel/UCCtG3JJ62yRsAvRS5cT0aMQ,-25,badcase,娱乐/红人反应内容为主，与充电宝推广场景明显不符
9558,UCV3ISQF0oDWuLVFZ5q7u7TA,IDC Woodcraft,https://cn--xtb.noxinfluencer.com/youtube/channel/UCV3ISQF0oDWuLVFZ5q7u7TA,0,badcase,CNC木工为主，与充电宝推广缺少场景或品类关联
9559,UCqQFbdzJRQ5QxNzuDuFQSIw,GUNS SAVVY,https://cn--xtb.noxinfluencer.com/youtube/channel/UCqQFbdzJRQ5QxNzuDuFQSIw,-9,badcase,枪械评测为主，只有EDC泛场景，和充电宝推广关联弱
9560,UCYUJ2KYTymRpq6ZBb4EAvXA,Looking for Higher,https://cn--xtb.noxinfluencer.com/youtube/channel/UCYUJ2KYTymRpq6ZBb4EAvXA,-23,badcase,频道主打飞机销售与飞行内容，缺少移动电源推广相关性
9561,UCm-5L6K2UAR0hfRTRpOJpjQ,WetFloorBodyCams,https://cn--xtb.noxinfluencer.com/youtube/channel/UCm-5L6K2UAR0hfRTRpOJpjQ,-25,badcase,频道主打执法/真罪案内容，与充电宝推广场景明显不匹配
9562,UCI7EGFHTsUPu5b04p1FbvEQ,WHAT NOBODY TOLD ME AFTER 65!,https://cn--xtb.noxinfluencer.com/youtube/channel/UCI7EGFHTsUPu5b04p1FbvEQ,-10,badcase,无直接或强相关标签，近期内容多为生活餐饮，缺少充电宝推广语境
9563,UCcAXxFSc9EC8wmkkXATiqBQ,Street Fight Wing Chun街頭詠春,https://cn--xtb.noxinfluencer.com/youtube/channel/UCcAXxFSc9EC8wmkkXATiqBQ,-10,badcase,武术教学频道，与充电宝推广无关，近10条内容全部不匹配
9564,UC8uI4PIUulc98gYX1kTsQfg,DARK CAPCUT,https://cn--xtb.noxinfluencer.com/youtube/channel/UC8uI4PIUulc98gYX1kTsQfg,-10,badcase,频道偏剪辑/安卓教程，和移动电源推广无关，近10条内容全不匹配
9565,UCK90pY_7v0pyul4KLXdqEUA,Fisher Custom AV,https://cn--xtb.noxinfluencer.com/youtube/channel/UCK90pY_7v0pyul4KLXdqEUA,-7,badcase,标签仅有泛科技/生活属性，近10条内容全不相关，推广电源宝场景弱
9566,UCeOJvX4Tq47wyOmQ6ovkN_Q,Agent0Fluffy,https://cn--xtb.noxinfluencer.com/youtube/channel/UCeOJvX4Tq47wyOmQ6ovkN_Q,-15,badcase,娱乐同人朗读频道，受众和近期内容都不适合充电宝推广
9567,UCbVY31XicGZuM0W0riylWmw,Income BD Official,https://cn--xtb.noxinfluencer.com/youtube/channel/UCbVY31XicGZuM0W0riylWmw,-10,badcase,财经/交易频道与充电宝推广无关，近期内容也都不匹配
9568,UCSjF378bQhLKO-ISsrHE7ng,The Lawn Care Nut,https://cn--xtb.noxinfluencer.com/youtube/channel/UCSjF378bQhLKO-ISsrHE7ng,-10,badcase,草坪护理与园艺设备频道，缺少充电宝推广相关性
9569,UCyTgwsWzZgiRzkZSw9IDcAg,MrFlavorsmith,https://cn--xtb.noxinfluencer.com/youtube/channel/UCyTgwsWzZgiRzkZSw9IDcAg,-9,badcase,频道主打烧烤烹饪，缺少充电宝或数码配件推广语境
9571,UCwZw-mpGVSB0bFgR0Db4grw,@Rankingfanking,https://cn--xtb.noxinfluencer.com/youtube/channel/UCwZw-mpGVSB0bFgR0Db4grw,-20,badcase,娱乐搞笑频道，和充电宝推广场景不匹配
9572,UCObsREXyFhKMS2oZikEoVnw,Using My Story,https://cn--xtb.noxinfluencer.com/youtube/channel/UCObsREXyFhKMS2oZikEoVnw,-10,badcase,健康故事频道，缺少充电宝相关购买场景
9574,UCMI0EN2X4wd0UU_Kd9wtjDA,HouseBarons,https://cn--xtb.noxinfluencer.com/youtube/channel/UCMI0EN2X4wd0UU_Kd9wtjDA,-1,badcase,家居DIY频道，缺少充电宝/移动电源推广语境
9575,UCQc7nlL4aOAHQsAow05XBBQ,Chauncy Talon,https://cn--xtb.noxinfluencer.com/youtube/channel/UCQc7nlL4aOAHQsAow05XBBQ,-10,badcase,游戏直播频道，与充电宝产品推广相关性弱
9576,UCObS7p0M1igq1xBsYrCPP1Q,Car carrier Tv,https://cn--xtb.noxinfluencer.com/youtube/channel/UCObS7p0M1igq1xBsYrCPP1Q,-10,badcase,卡车运车内容，与充电宝无产品或使用场景关联，近期也不匹配
9577,UCC8Ls0UMXfXbytsf_AqmJbg,Tribe of David,https://cn--xtb.noxinfluencer.com/youtube/channel/UCC8Ls0UMXfXbytsf_AqmJbg,-10,badcase,离网木屋/生存DIY内容，和充电宝推广缺少直接使用场景
9578,UC42H93WjLBOi-H6_LvH5g8w,triple seven.,https://cn--xtb.noxinfluencer.com/youtube/channel/UC42H93WjLBOi-H6_LvH5g8w,-9,badcase,汽车/赛车内容仅有泛场景关联，缺少充电宝购买或使用意图
9580,UCAxMjn9SUaHiIU6o1ORTxXQ,PluggedByAmber,https://cn--xtb.noxinfluencer.com/youtube/channel/UCAxMjn9SUaHiIU6o1ORTxXQ,-22,badcase,清洁ASMR为音频/氛围型内容，和充电宝推广格式明显不匹配
9582,UCFjNouONPNfkQbsFnV29jsA,NiSi,https://cn--xtb.noxinfluencer.com/youtube/channel/UCFjNouONPNfkQbsFnV29jsA,-7,badcase,摄影滤镜品牌频道，仅弱场景重合，近期内容均非充电宝推广语境
9584,UCZhebasUFH-IpalL86uEOcg,Aaron Peipert,https://cn--xtb.noxinfluencer.com/youtube/channel/UCZhebasUFH-IpalL86uEOcg,-10,badcase,近期以Vlog和乐器内容为主，和移动电源无关
9585,UCmiE7g4J3QXBwPUybbRdioQ,Aja Dang,https://cn--xtb.noxinfluencer.com/youtube/channel/UCmiE7g4J3QXBwPUybbRdioQ,-10,badcase,生活/理财为主，近期内容与移动电源推广关联弱
9587,UCQU_CgdjdEBROVbCtmIqd-Q,Own Your Moment Co,https://cn--xtb.noxinfluencer.com/youtube/channel/UCQU_CgdjdEBROVbCtmIqd-Q,-10,badcase,照片亭创业与移动电源推广缺少场景连接，近期内容也不搭
9588,UCI8ErxiIH5Xs_hx0ZNUDdsA,Aura Boost Studios,https://cn--xtb.noxinfluencer.com/youtube/channel/UCI8ErxiIH5Xs_hx0ZNUDdsA,-25,badcase,纯助眠/音疗音频是强格式错配，不适合推广移动电源
9589,UCY0ll9KohjyUR58FA0TwgzA,My Chaotic Fishing,https://cn--xtb.noxinfluencer.com/youtube/channel/UCY0ll9KohjyUR58FA0TwgzA,-8,badcase,户外钓鱼仅弱场景相关，近期内容无充电宝推广语境
9590,UC5rAZHpusIAhBbymjU5Q25g,The Cozy Tangerine,https://cn--xtb.noxinfluencer.com/youtube/channel/UC5rAZHpusIAhBbymjU5Q25g,-10,badcase,频道以手作和生活方式为主，缺少充电宝/数码产品相关内容
9591,UCh0yvaJQCVDou4uUie6Hpfw,Spikecation  🎵,https://cn--xtb.noxinfluencer.com/youtube/channel/UCh0yvaJQCVDou4uUie6Hpfw,-25,badcase,音乐/游戏混剪频道，近10条全是 mashup，和移动电源推广不符
9592,UC0xO4fpIEn7Z1anDBI0LTXw,Kusule Rose,https://cn--xtb.noxinfluencer.com/youtube/channel/UC0xO4fpIEn7Z1anDBI0LTXw,-25,badcase,情侣喜剧短视频号，近期全是整蛊/反应类内容，不适合推移动电源
9594,UC4IWtnzNMH1tMGjF6qQTItQ,Meg Pintell,https://cn--xtb.noxinfluencer.com/youtube/channel/UC4IWtnzNMH1tMGjF6qQTItQ,-8,badcase,生活方式/美妆频道偏泛，近期集中在发型妆容和包包内容，缺少电量场景
9595,UCLVbl0shVrYtvMMQk2YaDBQ,T3 & Me,https://cn--xtb.noxinfluencer.com/youtube/channel/UCLVbl0shVrYtvMMQk2YaDBQ,-10,badcase,频道以移居非洲、时事和励志为主，缺少充电宝推广相关性
9597,UCvrgxVrBYILROGJ_OY9iVDQ,Soothing White Noise,https://cn--xtb.noxinfluencer.com/youtube/channel/UCvrgxVrBYILROGJ_OY9iVDQ,-25,badcase,白噪音婴儿助眠是音频内容，和充电宝推广存在强格式错位
9598,UCxzAJacWR8mwOcUbplo9U-A,Jersey Mike HVAC,https://cn--xtb.noxinfluencer.com/youtube/channel/UCxzAJacWR8mwOcUbplo9U-A,-9,badcase,HVAC维修内容和充电宝仅有 technology 泛相关，近期内容全不匹配
9599,UCHtBMoagpfwE6QpH7b9jxcA,Invicta Stores,https://cn--xtb.noxinfluencer.com/youtube/channel/UCHtBMoagpfwE6QpH7b9jxcA,-10,badcase,手表店铺频道，与充电宝品类不相邻，近期内容均为手表上新
9600,UCECrMHTm0ebMwKZpMg6p45w,Mr Wright in the Philippines,https://cn--xtb.noxinfluencer.com/youtube/channel/UCECrMHTm0ebMwKZpMg6p45w,-10,badcase,菲律宾生活/情感频道缺少供电场景，和充电宝推广相关性弱
9601,UCoxTJ5IvulWR_xIiZnPe3kA,Botir Musaev,https://cn--xtb.noxinfluencer.com/youtube/channel/UCoxTJ5IvulWR_xIiZnPe3kA,-8,badcase,汽车/车市内容为主，可弱触达车载充电场景，但近10条全不匹配
9602,UCRrzASAxQoi2OW4srZyzODQ,Michelet Topvag Promo,https://cn--xtb.noxinfluencer.com/youtube/channel/UCRrzASAxQoi2OW4srZyzODQ,-25,badcase,娱乐舞蹈频道，和充电宝促销无关，近10条内容全偏离
9603,UCgft2wXT8rk2J4d9rbQ1hiQ,Ballet Reign,https://cn--xtb.noxinfluencer.com/youtube/channel/UCgft2wXT8rk2J4d9rbQ1hiQ,-25,badcase,芭蕾表演内容，缺少数码/充电宝购买或使用场景
9604,UCoSvlWS5XcwaSzIcbuJ-Ysg,Notion,https://cn--xtb.noxinfluencer.com/youtube/channel/UCoSvlWS5XcwaSzIcbuJ-Ysg,-8,badcase,科技知识向频道，可弱触达数码人群，但近10条都不是充电宝相关
9605,UCMbF8PpAQ0MOHyT3dQ0gCqQ,Can-Ams & Coffee,https://cn--xtb.noxinfluencer.com/youtube/channel/UCMbF8PpAQ0MOHyT3dQ0gCqQ,-30,badcase,睡眠/ASMR格式与实体充电宝推广强不匹配，近10条也无相关
9606,UCJxK5iJM0En5exG3Wl2z92Q,Marco Pinball,https://cn--xtb.noxinfluencer.com/youtube/channel/UCJxK5iJM0En5exG3Wl2z92Q,-10,badcase,频道聚焦弹球/游戏内容，与充电宝推广场景不匹配
9607,UC7_P8NtWHbg-rD3PKzKzCqw,Robert Dudzic,https://cn--xtb.noxinfluencer.com/youtube/channel/UC7_P8NtWHbg-rD3PKzKzCqw,-25,badcase,ASMR/音频设计频道，和充电宝推广场景明显不符
9608,UCjcCgu7u85ffS0Axjh6ZyLA,Fasthouse,https://cn--xtb.noxinfluencer.com/youtube/channel/UCjcCgu7u85ffS0Axjh6ZyLA,-8,badcase,摩托/服饰赛事频道，缺少充电宝推广语境，近期内容均不匹配
9609,UCZqCY_wagkumHx43N8QW3Ag,KzRving & Creations,https://cn--xtb.noxinfluencer.com/youtube/channel/UCZqCY_wagkumHx43N8QW3Ag,-6,badcase,仅有弱泛化标签，近期内容以旅行车生活为主，缺少充电宝推广相关性
9610,UCZNoAFeciz-_Z86fkoyEDXg,Goulds Water Technology,https://cn--xtb.noxinfluencer.com/youtube/channel/UCZNoAFeciz-_Z86fkoyEDXg,-10,badcase,水务泵控频道，近期全是水处理内容，与充电宝推广无关
9611,UCGCyttQh8FYfNDjrAhH-zWQ,CatchyMals,https://cn--xtb.noxinfluencer.com/youtube/channel/UCGCyttQh8FYfNDjrAhH-zWQ,-25,badcase,宠物娱乐频道，标签与近10条内容均不适合充电宝推广
9612,UCJaTzWgaz4r94ZwpT4OscIA,What's Another Hobby,https://cn--xtb.noxinfluencer.com/youtube/channel/UCJaTzWgaz4r94ZwpT4OscIA,-10,badcase,手工/兴趣频道，缺少充电宝购买或测评意图，近期内容也不相关
9613,UCGvYHKoUdq9uLzO31BnurWg,KingLuiz RD,https://cn--xtb.noxinfluencer.com/youtube/channel/UCGvYHKoUdq9uLzO31BnurWg,-25,badcase,游戏直播为主，缺少充电宝推广语境
9615,UCbTw29mcP12YlTt1EpUaVJw,Sean Allen,https://cn--xtb.noxinfluencer.com/youtube/channel/UCbTw29mcP12YlTt1EpUaVJw,-10,badcase,标签偏iOS开发，近10条全是技术内容，与充电宝推广场景不符
9616,UCMOYUfcBHQ-vLO7LqCFM0hQ,damianluck925,https://cn--xtb.noxinfluencer.com/youtube/channel/UCMOYUfcBHQ-vLO7LqCFM0hQ,-10,badcase,频道以直播/日常/音乐为主，近期内容与充电宝推广无关
9618,UCllC7QTOZcvhwJSOK0FOXGQ,Troll Co. Clothing,https://cn--xtb.noxinfluencer.com/youtube/channel/UCllC7QTOZcvhwJSOK0FOXGQ,-10,badcase,频道偏工装娱乐，近10条均无充电宝推广场景
9620,UC3nBHl-6j4Dcio7Mu4OFG2w,LordVadercraft,https://cn--xtb.noxinfluencer.com/youtube/channel/UC3nBHl-6j4Dcio7Mu4OFG2w,-10,badcase,纯游戏直播频道，无充电宝推广意图，近期内容全部不匹配
9621,UCmLKr8stvN3MwlOxj0YxW9Q,USA TALK TIME,https://cn--xtb.noxinfluencer.com/youtube/channel/UCmLKr8stvN3MwlOxj0YxW9Q,-10,badcase,DIY玩具频道，与充电宝推广无关
9622,UCCjHMUEzoCauYet8NG4sCog,PlayStation Hacks & Exploits | Michael Crump,https://cn--xtb.noxinfluencer.com/youtube/channel/UCCjHMUEzoCauYet8NG4sCog,-9,badcase,电子/游戏机受众相关，但近期内容与充电宝推广不匹配
9623,UCOxaitvZzdNuGK7jlMsWzlw,Nickey Huntsman,https://cn--xtb.noxinfluencer.com/youtube/channel/UCOxaitvZzdNuGK7jlMsWzlw,-25,badcase,娱乐喜剧频道，缺少充电宝消费场景
9624,UC99rO9a8AvpdENkpa9_2Pnw,сотка в стоке,https://cn--xtb.noxinfluencer.com/youtube/channel/UC99rO9a8AvpdENkpa9_2Pnw,-10,badcase,汽车修复频道，与充电宝推广几乎无关，近10条内容全为车相关
9626,UCpDOo041YqJAUNNaGdmRhyA,USA CREW,https://cn--xtb.noxinfluencer.com/youtube/channel/UCpDOo041YqJAUNNaGdmRhyA,-9,badcase,无标签和充电宝内容，仅泛创新/亚马逊好物，相关性弱。
9627,UCryY_vqlzUhwWDfPdcYeYTA,Stan The Credit Frog,https://cn--xtb.noxinfluencer.com/youtube/channel/UCryY_vqlzUhwWDfPdcYeYTA,-10,badcase,信用卡理财频道，最近10条几乎全是金融策略，与充电宝无关
9628,UC8Xs4GGN3RHQ_kDoyvksbkg,Purina Pro Plan,https://cn--xtb.noxinfluencer.com/youtube/channel/UC8Xs4GGN3RHQ_kDoyvksbkg,-15,badcase,宠物粮/宠物受众，且近期全是Pro Plan推广，和充电宝不匹配
9629,UCkFtR_a7yqwRcv09xbj88Sw,Lion Remix Media,https://cn--xtb.noxinfluencer.com/youtube/channel/UCkFtR_a7yqwRcv09xbj88Sw,-25,badcase,音乐混剪娱乐频道，近期全是Bass Boosted，缺少商品推广场景
9630,UCuQxVWbJrAc7hb3Y_IYz_IQ,VCG Construction,https://cn--xtb.noxinfluencer.com/youtube/channel/UCuQxVWbJrAc7hb3Y_IYz_IQ,-8,badcase,频道以施工工具和磨片钻孔内容为主，缺少充电宝推广相关性
9632,UCBiRKRSJy3NfySYbQcm_RXQ,Tech Hive,https://cn--xtb.noxinfluencer.com/youtube/channel/UCBiRKRSJy3NfySYbQcm_RXQ,-10,badcase,频道偏笔记本榜单，缺少移动电源或充电配件推广证据
9633,UC11e0YWGShXy936AEkYuvQQ,Focusrevival,https://cn--xtb.noxinfluencer.com/youtube/channel/UC11e0YWGShXy936AEkYuvQQ,-10,badcase,自我提升/日常话题，和充电宝推广无关
9634,UCPSB6UVAiJTeQCPuYi026LA,VCELINK,https://cn--xtb.noxinfluencer.com/youtube/channel/UCPSB6UVAiJTeQCPuYi026LA,-10,badcase,网络布线工具频道，和充电宝品类不匹配
9635,UCaIUIEzESKohL_0fJmY_Bjg,Bd Sound Operator,https://cn--xtb.noxinfluencer.com/youtube/channel/UCaIUIEzESKohL_0fJmY_Bjg,-10,badcase,音响搭建内容偏设备布置，无法支撑充电宝投放
9636,UCPR1_PNpx7oOaxctlyB9Chw,Ting Internet,https://cn--xtb.noxinfluencer.com/youtube/channel/UCPR1_PNpx7oOaxctlyB9Chw,-5,badcase,手机科技受众有一点沾边，但近10条都在做网络服务，和充电宝推广不匹配
9638,UCDyzDUPIUbpsOxzikcoMAHw,strawberrie projects,https://cn--xtb.noxinfluencer.com/youtube/channel/UCDyzDUPIUbpsOxzikcoMAHw,-10,badcase,以emo穿搭和美妆为主，和充电宝推广没有有效受众重合
9639,UCAuCyyhnpF96xgLshfrnWfg,DeepHouse Melody,https://cn--xtb.noxinfluencer.com/youtube/channel/UCAuCyyhnpF96xgLshfrnWfg,-32,badcase,音乐氛围向，属于物理产品推广的格式错配，几乎不适合充电宝投放
9640,UC5wQrAzhXZf0xLwy7rQC3mw,Erin Yacht Sales,https://cn--xtb.noxinfluencer.com/youtube/channel/UC5wQrAzhXZf0xLwy7rQC3mw,-10,badcase,游艇销售向，受众偏高客单船艇，不是充电宝的有效推广场景
9641,UCVptHx0Y1MU6mYwVWsvhLlg,Kill or Cure Overland,https://cn--xtb.noxinfluencer.com/youtube/channel/UCVptHx0Y1MU6mYwVWsvhLlg,-4,badcase,越野旅行/房车生活，只有弱场景相关，近期内容无充电宝推广意图
9642,UCU7ExGoX7S-g74PWxQMnz9A,SmallHD,https://cn--xtb.noxinfluencer.com/youtube/channel/UCU7ExGoX7S-g74PWxQMnz9A,0,badcase,科技/影视监视器频道，仅弱相关，无充电宝推广语境
9643,UCgyXpXegiP5nqVfXDNNFc-g,JoshBiv,https://cn--xtb.noxinfluencer.com/youtube/channel/UCgyXpXegiP5nqVfXDNNFc-g,-8,badcase,音频/IEM与音乐反应为主，缺少充电宝推广场景
9644,UChi4eJa44giPu-3JXYdvp4A,OchreDusk,https://cn--xtb.noxinfluencer.com/youtube/channel/UChi4eJa44giPu-3JXYdvp4A,-25,badcase,喜剧短剧频道，缺少充电宝推广相关性，近期内容也全是娱乐向
9645,UC5AwtsgekkJ7mdfqcP2tm5g,SlothiW,https://cn--xtb.noxinfluencer.com/youtube/channel/UC5AwtsgekkJ7mdfqcP2tm5g,-25,badcase,金融加密频道，与充电宝推广场景明显不相关，近期内容也全不匹配
9646,UCEQahusBl7sSBWcQy1Kimew,Jay Shuffleboson,https://cn--xtb.noxinfluencer.com/youtube/channel/UCEQahusBl7sSBWcQy1Kimew,-20,badcase,搞笑娱乐频道，和充电宝推广场景明显不匹配
9648,UCVM-Oq9H-LqH0RJJulhvjlg,Carmen Joy Imes,https://cn--xtb.noxinfluencer.com/youtube/channel/UCVM-Oq9H-LqH0RJJulhvjlg,-20,badcase,宗教教学频道，和充电宝受众及购买场景无关
9649,UC_gbO-qTGLKx5sGgoglyKkQ,Ben Hinders,https://cn--xtb.noxinfluencer.com/youtube/channel/UC_gbO-qTGLKx5sGgoglyKkQ,-10,badcase,以音乐/家庭内容为主，户外充电场景证据不足
9650,UCMGJzl6Tj75rGA6vSq1SzLg,Arty's Motorsports,https://cn--xtb.noxinfluencer.com/youtube/channel/UCMGJzl6Tj75rGA6vSq1SzLg,-10,badcase,汽车维修内容为主，和充电宝推广关联弱
9651,UCn83SJas3BykRQZ18Wu5CkQ,Duramaxtuner,https://cn--xtb.noxinfluencer.com/youtube/channel/UCn83SJas3BykRQZ18Wu5CkQ,-10,badcase,汽车调校频道，近10条内容几乎全不相关
9653,UCV92bVnkHU9EtCFkfUwNxiA,Planning With John,https://cn--xtb.noxinfluencer.com/youtube/channel/UCV92bVnkHU9EtCFkfUwNxiA,-9,badcase,旅行记事本频道，和充电宝投放关联很弱
9654,UCSF6ewY9LS8GnbphwvnZpUg,Mamix,https://cn--xtb.noxinfluencer.com/youtube/channel/UCSF6ewY9LS8GnbphwvnZpUg,-22,badcase,挑战实验类娱乐频道，和充电宝推广格式不匹配
9655,UCec2AmMxBJ8KQTwpcUcxCTQ,Sealed Beam Rally Team,https://cn--xtb.noxinfluencer.com/youtube/channel/UCec2AmMxBJ8KQTwpcUcxCTQ,-10,badcase,汽车修复频道，和充电宝推广关联弱且内容不对口
9656,UC1RQVoVRixhH9houY1f5V6g,CrateInsider.com,https://cn--xtb.noxinfluencer.com/youtube/channel/UC1RQVoVRixhH9houY1f5V6g,-10,badcase,汽车改装频道，与移动电源推广场景不相关
9657,UCF8ruXf0VW4LKuWFRcgycqA,Kentucky Tactical,https://cn--xtb.noxinfluencer.com/youtube/channel/UCF8ruXf0VW4LKuWFRcgycqA,-25,badcase,枪械内容与移动电源推广完全不相干
9658,UCVZbnI1LzQ6ywFT8gNkRn8Q,JEMMA,https://cn--xtb.noxinfluencer.com/youtube/channel/UCVZbnI1LzQ6ywFT8gNkRn8Q,-10,badcase,以日系穿搭生活为主，和移动电源无明确关联
9659,UCSReacwdlGHHyTIyuROhVdQ,AlishaMarie,https://cn--xtb.noxinfluencer.com/youtube/channel/UCSReacwdlGHHyTIyuROhVdQ,-10,badcase,生活时尚频道，缺少数码产品推广相关信号
9660,UC7wmfy2hoBZCZxbw0Th0IlQ,Ukrainian Master,https://cn--xtb.noxinfluencer.com/youtube/channel/UC7wmfy2hoBZCZxbw0Th0IlQ,-10,badcase,皮具手作内容，不适合推广移动电源产品
9661,UChk6TQce1EJMn6_liKdHDog,ThePrimeagenHighlights,https://cn--xtb.noxinfluencer.com/youtube/channel/UChk6TQce1EJMn6_liKdHDog,-10,badcase,纯软件编程频道，和移动电源投放场景不符，近期10条都不匹配
9663,UC6XXW4yhC0e_DFft8KYw_AQ,Candle,https://cn--xtb.noxinfluencer.com/youtube/channel/UC6XXW4yhC0e_DFft8KYw_AQ,-10,badcase,手作蜡烛频道，和移动电源无关，近期内容全部不匹配
9665,UCM2j2u2ylPtvpTsWQF587zg,Ms. Jimenez 🌸,https://cn--xtb.noxinfluencer.com/youtube/channel/UCM2j2u2ylPtvpTsWQF587zg,-25,badcase,ASMR/吃播式频道，属于物理产品推广格式不匹配
9666,UCZpWX8C2MqQGISqDg2BZkeQ,HDD Channel,https://cn--xtb.noxinfluencer.com/youtube/channel/UCZpWX8C2MqQGISqDg2BZkeQ,-25,badcase,宗教/ASMR内容，近期多为睡眠音频与短片，充电宝推广不适配
9667,UC3kGyi6fopROOwuAH16WtLQ,ONEighty Athletics,https://cn--xtb.noxinfluencer.com/youtube/channel/UC3kGyi6fopROOwuAH16WtLQ,-10,badcase,体育训练频道，与充电宝推广无产品或场景相关性
9668,UCR1qqnuREBQ5zCgUbuWdfsQ,Space.Agency,https://cn--xtb.noxinfluencer.com/youtube/channel/UCR1qqnuREBQ5zCgUbuWdfsQ,-10,badcase,航天科普内容与充电宝关联弱，近期视频几乎全部不匹配
9669,UC2SuCfuG0-ZUweqX_jDjf9Q,INSPIRED,https://cn--xtb.noxinfluencer.com/youtube/channel/UC2SuCfuG0-ZUweqX_jDjf9Q,-20,badcase,新闻政治向频道，和充电宝推广场景弱相关，近期内容也不匹配
9670,UCeocZ3xqiSnMLJJ7_y3CBNA,V9X EDITS,https://cn--xtb.noxinfluencer.com/youtube/channel/UCeocZ3xqiSnMLJJ7_y3CBNA,-35,badcase,影视剪辑娱乐号，偏内容消费而非商品推广，不适合充电宝
9672,UCScPJo8YrcsJuRz2-zhB1Yg,kilo1,https://cn--xtb.noxinfluencer.com/youtube/channel/UCScPJo8YrcsJuRz2-zhB1Yg,-10,badcase,枪械/airsoft内容为主，和power bank推广关联弱
9673,UCEq0uT2YHxOCIYXcqze8R5Q,Rick 'Animal' Whiteman,https://cn--xtb.noxinfluencer.com/youtube/channel/UCEq0uT2YHxOCIYXcqze8R5Q,-20,badcase,鼓曲翻奏频道，和power bank推广场景基本不相干
9675,UC5mVfDmVtpnVP_Gim_BKqTw,GHION CINEMA,https://cn--xtb.noxinfluencer.com/youtube/channel/UC5mVfDmVtpnVP_Gim_BKqTw,-25,badcase,影视剧情频道，属于明显的内容域不匹配
9676,UCcMc65a0C355biazPbnT4hg,Buxoro davlat universiteti,https://cn--xtb.noxinfluencer.com/youtube/channel/UCcMc65a0C355biazPbnT4hg,-10,badcase,教育院校号，近10条与充电宝推广几乎无关
9677,UCjdlNRI6F9T9RHErWAhdPyw,Америка без купюр,https://cn--xtb.noxinfluencer.com/youtube/channel/UCjdlNRI6F9T9RHErWAhdPyw,-7,badcase,有消费价格场景，但近10条大多是美国生活杂谈
9678,UC-3CXl9x1Y9W8suWJWuUkAw,Bring It Back Las Vegas,https://cn--xtb.noxinfluencer.com/youtube/channel/UC-3CXl9x1Y9W8suWJWuUkAw,-10,badcase,球鞋潮流号，受众与充电宝推广不匹配
9679,UCD1JsafM96nW8waYdKd872w,Leather Luxe,https://cn--xtb.noxinfluencer.com/youtube/channel/UCD1JsafM96nW8waYdKd872w,-22,badcase,手工ASMR格式不适合做充电宝类实物推广
9680,UCDH7KUlHmUWpkwqXPbmEbXQ,Best Tech Hi-Fi,https://cn--xtb.noxinfluencer.com/youtube/channel/UCDH7KUlHmUWpkwqXPbmEbXQ,-10,badcase,频道聚焦Hi-Fi音响评测，缺少充电宝推广相关语境
9681,UC9YybF11Xn66GsS_4b-rLJQ,Fireant Fishing,https://cn--xtb.noxinfluencer.com/youtube/channel/UC9YybF11Xn66GsS_4b-rLJQ,-8,badcase,以钓鱼/小艇内容为主，近10条与充电宝推广无关
9682,UCF2X0SLQSg7cxydM7EtENjA,Tactics Boardshop,https://cn--xtb.noxinfluencer.com/youtube/channel/UCF2X0SLQSg7cxydM7EtENjA,-8,badcase,滑板店评测频道，虽有评测格式但与充电宝受众不匹配
9683,UCGEvivFwW6mfyVFCkRweqtg,it's poppi time,https://cn--xtb.noxinfluencer.com/youtube/channel/UCGEvivFwW6mfyVFCkRweqtg,-15,badcase,娱乐/生活日志为主，近10条几乎都是无关内容
9684,UCUJR_p_OYh6NYMMTmF-IGIg,Sleep Is The Foundation,https://cn--xtb.noxinfluencer.com/youtube/channel/UCUJR_p_OYh6NYMMTmF-IGIg,-10,badcase,睡眠/床垫评测频道，和充电宝推广缺少直接场景
9685,UCN0AocvWOBs4Z01Z2yjJrwg,MaXpeedingRods,https://cn--xtb.noxinfluencer.com/youtube/channel/UCN0AocvWOBs4Z01Z2yjJrwg,-8,badcase,汽车改装与安装教程为主，充电宝关联很弱
9686,UCdkAfDFyEuvRR5jUiR4V4-g,Classic Industries,https://cn--xtb.noxinfluencer.com/youtube/channel/UCdkAfDFyEuvRR5jUiR4V4-g,-10,badcase,汽车改装频道，近期全是车辆内容，与移动电源推广不匹配
9687,UCdcby-s2GwriaOHGmVC2vGA,Planet Geekdom,https://cn--xtb.noxinfluencer.com/youtube/channel/UCdcby-s2GwriaOHGmVC2vGA,-10,badcase,游戏/虚拟弹珠内容为主，和移动电源推广缺少场景关联
9688,UCCsfocg4o2q9GOhIjpSO7Dg,TJElevatorfan,https://cn--xtb.noxinfluencer.com/youtube/channel/UCCsfocg4o2q9GOhIjpSO7Dg,-10,badcase,电梯探店频道，主题与移动电源商品推广关联很弱
9689,UCiRsRyF4CiUgaRBqCi78FQg,Ronnie Sarmiento,https://cn--xtb.noxinfluencer.com/youtube/channel/UCiRsRyF4CiUgaRBqCi78FQg,-10,badcase,频道主轴是滑板/健身，近期内容也偏家用健身，与充电宝推广无关
9691,UC7ILqWJjB38ldGHDKq2lMfw,KiNO STi,https://cn--xtb.noxinfluencer.com/youtube/channel/UC7ILqWJjB38ldGHDKq2lMfw,-8,badcase,汽车改装频道，仅弱场景重合，近期内容无充电宝推广语境
9692,UCNTuEOdBCSyzu2Cjiw1DEag,Lolita Crafts,https://cn--xtb.noxinfluencer.com/youtube/channel/UCNTuEOdBCSyzu2Cjiw1DEag,-10,badcase,DIY工具频道缺少充电宝的电子/购买意图，近期内容也不匹配
9693,UCLnDc0-6WWoIp1DRbELpc9g,Crazy Constructs,https://cn--xtb.noxinfluencer.com/youtube/channel/UCLnDc0-6WWoIp1DRbELpc9g,-10,badcase,内容偏随机DIY奇观，与充电宝推广几乎无关
9694,UCTu11pgVRoiB4hwvrDizhGw,Nhu Tran,https://cn--xtb.noxinfluencer.com/youtube/channel/UCTu11pgVRoiB4hwvrDizhGw,-10,badcase,汽车工坊内容不含充电宝购买/测评场景，相关性低
9695,UCPNtjeoWfeViks6f-YA6yAw,Luxury Crafted,https://cn--xtb.noxinfluencer.com/youtube/channel/UCPNtjeoWfeViks6f-YA6yAw,-10,badcase,工厂纪录片型内容不适合充电宝促销，缺少相关场景
9696,UCGZd5PVhujRX5RJUWJyzwdw,KITCHEN PINOY,https://cn--xtb.noxinfluencer.com/youtube/channel/UCGZd5PVhujRX5RJUWJyzwdw,-8,badcase,生活/园艺偏泛，近期多为食谱和工具内容，和充电宝推广不匹配
9697,UCVu7BOZKyXw_xxEWK_WyeJw,TapBlaze,https://cn--xtb.noxinfluencer.com/youtube/channel/UCVu7BOZKyXw_xxEWK_WyeJw,-20,badcase,游戏更新与娱乐内容为主，缺少充电宝购买或使用场景
9699,UCy97o10YvONUPcbvOVAHOoA,Mi Oficio En USA,https://cn--xtb.noxinfluencer.com/youtube/channel/UCy97o10YvONUPcbvOVAHOoA,-10,badcase,频道聚焦电工职业与工具教学，缺少移动电源推广意图
9701,UCwZw-mpGVSB0bFgR0Db4grw,@Rankingfanking,https://cn--xtb.noxinfluencer.com/youtube/channel/UCwZw-mpGVSB0bFgR0Db4grw,-20,badcase,纯娱乐排行榜号，近期也全是梗图剪辑，和充电宝推广不符
9702,UCNQx7wg8mfwKbJUtw_uNRXw,AmanTech Solutions,https://cn--xtb.noxinfluencer.com/youtube/channel/UCNQx7wg8mfwKbJUtw_uNRXw,-10,badcase,财经/记账内容为主，缺少数码电池或购买场景，相关性弱
9703,UCObsREXyFhKMS2oZikEoVnw,Using My Story,https://cn--xtb.noxinfluencer.com/youtube/channel/UCObsREXyFhKMS2oZikEoVnw,-10,badcase,情绪健康与成瘾恢复频道，和充电宝促销几乎无关
9704,UCUmS4dfI0PEluoD4pnparEg,Because Tesla,https://cn--xtb.noxinfluencer.com/youtube/channel/UCUmS4dfI0PEluoD4pnparEg,-6,badcase,特斯拉汽车垂类，仅弱场景相关，近期内容多非充电宝推广语境
9705,UCW3E3hjguzIV8VcQdGYEN7w,正見,https://cn--xtb.noxinfluencer.com/youtube/channel/UCW3E3hjguzIV8VcQdGYEN7w,-10,badcase,政治/时政内容为主，与充电宝推广受众和购买场景不符
9706,UCMI0EN2X4wd0UU_Kd9wtjDA,HouseBarons,https://cn--xtb.noxinfluencer.com/youtube/channel/UCMI0EN2X4wd0UU_Kd9wtjDA,-10,badcase,DIY家装频道，和充电宝推广场景关联弱
9707,UCObS7p0M1igq1xBsYrCPP1Q,Car carrier Tv,https://cn--xtb.noxinfluencer.com/youtube/channel/UCObS7p0M1igq1xBsYrCPP1Q,-10,badcase,卡车运输频道，充电宝不是核心推广场景
9708,UCqvl_f4MpqfiP5GSc-i0XIQ,The Family Woodworker,https://cn--xtb.noxinfluencer.com/youtube/channel/UCqvl_f4MpqfiP5GSc-i0XIQ,-10,badcase,木工制作为主，缺少充电宝使用与购买语境
9709,UCfK70GpO12qoomum4ftK6dg,Meku Presents,https://cn--xtb.noxinfluencer.com/youtube/channel/UCfK70GpO12qoomum4ftK6dg,-10,badcase,娱乐混合汽车考试内容，充电宝相关性低
9711,UC42H93WjLBOi-H6_LvH5g8w,triple seven.,https://cn--xtb.noxinfluencer.com/youtube/channel/UC42H93WjLBOi-H6_LvH5g8w,-10,badcase,汽车改装内容，和充电宝推广关联弱
9712,UCbir3zCp8TQ7_nzqvUyeANA,Riverbend Longbows Outdoors,https://cn--xtb.noxinfluencer.com/youtube/channel/UCbir3zCp8TQ7_nzqvUyeANA,-7,badcase,仅有户外/钓鱼弱场景，近期无充电宝推广相关内容
9713,UCAxMjn9SUaHiIU6o1ORTxXQ,PluggedByAmber,https://cn--xtb.noxinfluencer.com/youtube/channel/UCAxMjn9SUaHiIU6o1ORTxXQ,-22,badcase,清洁ASMR风格为主，属于明显的推广形式不匹配
9715,UCOQaU4veqJyYwsA9jLMw73Q,Orbital Insight,https://cn--xtb.noxinfluencer.com/youtube/channel/UCOQaU4veqJyYwsA9jLMw73Q,-25,badcase,战争新闻和军事无人机内容，和充电宝推广不匹配
9716,UCUy5rGXPXlyvaxqrt-_ls8A,Easy Air Fryer Recipes - AirFrytus,https://cn--xtb.noxinfluencer.com/youtube/channel/UCUy5rGXPXlyvaxqrt-_ls8A,-10,badcase,烹饪频道，近期全是空气炸锅食谱，与充电宝推广无关
9717,UCAmRB99ER7ZKZd8DZKEeZuQ,SterlingsWildWest,https://cn--xtb.noxinfluencer.com/youtube/channel/UCAmRB99ER7ZKZd8DZKEeZuQ,-8,badcase,汽车越野改装频道，缺少充电宝推广语境，近期内容多不匹配
9718,UCNq5mvTUIj3xTcSyUvkxKdQ,MR SADEECOW,https://cn--xtb.noxinfluencer.com/youtube/channel/UCNq5mvTUIj3xTcSyUvkxKdQ,-10,badcase,娱乐杂谈且内容杂乱，和充电宝推广几乎无关
9719,UCZhebasUFH-IpalL86uEOcg,Aaron Peipert,https://cn--xtb.noxinfluencer.com/youtube/channel/UCZhebasUFH-IpalL86uEOcg,-10,badcase,个人杂播无明确电子产品/充电需求场景，相关性弱
9721,UCdaQfJEKvpoAPIzQNwFGlHw,Aslam Hossain,https://cn--xtb.noxinfluencer.com/youtube/channel/UCdaQfJEKvpoAPIzQNwFGlHw,-6,badcase,仅弱电子科技相关，近期多为机器人/ESP32内容，缺少充电宝推广意图
9722,UCmY5MJD07MpiKNsvlmGu3Xg,357magdad,https://cn--xtb.noxinfluencer.com/youtube/channel/UCmY5MJD07MpiKNsvlmGu3Xg,-9,badcase,工具修复/复古工具频道，与移动电源推广弱相关且近期不匹配
9723,UCd4mQEVctpMYfoOEiMcc2Tg,Hanging with the Kiddos | DIY Party Printables,https://cn--xtb.noxinfluencer.com/youtube/channel/UCd4mQEVctpMYfoOEiMcc2Tg,-10,badcase,纯派对印刷手工内容，和充电宝推广几乎无关
9724,UCQU_CgdjdEBROVbCtmIqd-Q,Own Your Moment Co,https://cn--xtb.noxinfluencer.com/youtube/channel/UCQU_CgdjdEBROVbCtmIqd-Q,-10,badcase,照片亭经营内容偏活动运营，和充电宝推广只有很弱场景关联
9725,UCh0yvaJQCVDou4uUie6Hpfw,Spikecation  🎵,https://cn--xtb.noxinfluencer.com/youtube/channel/UCh0yvaJQCVDou4uUie6Hpfw,-10,badcase,纯FNF混剪音乐娱乐号，和充电宝推广完全不匹配
9726,UCX_fJE7lzRlue4Bzc93K_DA,DownstaterADV,https://cn--xtb.noxinfluencer.com/youtube/channel/UCX_fJE7lzRlue4Bzc93K_DA,-3,badcase,机械/摩托/户外DIY频道，无充电宝或移动电源推广语境
9727,UCzTl6kRtfz6DTiffDcAvsMw,Kait Trujillo,https://cn--xtb.noxinfluencer.com/youtube/channel/UCzTl6kRtfz6DTiffDcAvsMw,-7,badcase,仅有泛生活/旅行弱场景，近期内容多为房产、卡牌、杂谈，不适合充电宝推广
9729,UCxzAJacWR8mwOcUbplo9U-A,Jersey Mike HVAC,https://cn--xtb.noxinfluencer.com/youtube/channel/UCxzAJacWR8mwOcUbplo9U-A,-10,badcase,HVAC维修受众与移动电源推广缺少明确产品使用场景
9730,UCECrMHTm0ebMwKZpMg6p45w,Mr Wright in the Philippines,https://cn--xtb.noxinfluencer.com/youtube/channel/UCECrMHTm0ebMwKZpMg6p45w,-10,badcase,菲律宾生活内容与移动电源推广关联弱，缺少数码/出行场景
9731,UC9Wzi546iBMBBptnR4fkD1A,Dañado a Reparado,https://cn--xtb.noxinfluencer.com/youtube/channel/UC9Wzi546iBMBBptnR4fkD1A,-10,badcase,汽车修复内容与充电宝推广场景不符，近10条均不相关
9732,UCHHi7rASNKJXVf999dZ_Hgw,Godlike Twins,https://cn--xtb.noxinfluencer.com/youtube/channel/UCHHi7rASNKJXVf999dZ_Hgw,-25,badcase,娱乐恐怖短视频为主，明显不适合充电宝产品投放
9733,UCaaSGD6wIhpYZhavYyPwR4g,PRINTING PERSPECTIVE,https://cn--xtb.noxinfluencer.com/youtube/channel/UCaaSGD6wIhpYZhavYyPwR4g,-8,badcase,3D打印偏科技圈层，仅有弱泛科技关联，近10条均不匹配
9734,UC8ATPxBkGPsa7e5tgKYG6Xg,Fluffy Fude,https://cn--xtb.noxinfluencer.com/youtube/channel/UC8ATPxBkGPsa7e5tgKYG6Xg,-10,badcase,内容是美妆刷推荐，和充电宝无关，近10条均不匹配
9735,UCgCpWdZOddSSTswLi1hVqQA,Ideal Auto Factory,https://cn--xtb.noxinfluencer.com/youtube/channel/UCgCpWdZOddSSTswLi1hVqQA,-10,badcase,RC漂移车内容偏玩车圈层，与充电宝推广关联弱，近10条不符
9736,UCPGDi9Dj4mFFGbVGyRFs3HA,ASICS America,https://cn--xtb.noxinfluencer.com/youtube/channel/UCPGDi9Dj4mFFGbVGyRFs3HA,1,badcase,运动鞋品牌频道，仅有泛生活方式弱相关，缺少充电宝推广场景
9737,UCbVntaBXjQe_NGCjKsbRPUg,Dr. Arthur D. Kemp,https://cn--xtb.noxinfluencer.com/youtube/channel/UCbVntaBXjQe_NGCjKsbRPUg,-10,badcase,宗教和管风琴维修为主，几乎没有充电宝购买或评测场景
9738,UCQRm42GhV1PmA1whfPhf1YQ,Montana Montero,https://cn--xtb.noxinfluencer.com/youtube/channel/UCQRm42GhV1PmA1whfPhf1YQ,-10,badcase,越野车改装维修频道，非充电宝推广受众
9739,UC6XdJUw_dWGnsUu6WRbh0cQ,Sons of Liberty Gun Works,https://cn--xtb.noxinfluencer.com/youtube/channel/UC6XdJUw_dWGnsUu6WRbh0cQ,-20,badcase,武器军迷内容，和充电宝推广场景明显不匹配
9740,UCzKI55tfKU-0zqj1d5WaAZg,Smart Build DIY,https://cn--xtb.noxinfluencer.com/youtube/channel/UCzKI55tfKU-0zqj1d5WaAZg,-10,badcase,通用DIY技巧号，缺少电子产品购买或测评意图
9741,UCNNxgIF30wtKlpjHE3ajefg,Josh Wright,https://cn--xtb.noxinfluencer.com/youtube/channel/UCNNxgIF30wtKlpjHE3ajefg,-10,badcase,木工DIY频道，近期内容全是木作项目，与充电宝推广语境不匹配
9742,UCaxdsntnLU1yKstvI9s0PYw,Nature Crafts,https://cn--xtb.noxinfluencer.com/youtube/channel/UCaxdsntnLU1yKstvI9s0PYw,-8,badcase,以手工/生存建造为主，缺少充电宝评测或购买场景，近10条也都不匹配
9743,UCl51wVKSvmZpy2DFcOUrWPw,SMITH TV OFFICIAL2,https://cn--xtb.noxinfluencer.com/youtube/channel/UCl51wVKSvmZpy2DFcOUrWPw,-25,badcase,频道以音乐娱乐为主，近期内容也都不相关，推广充电宝不匹配
9744,UClqFLOuok7DfUd1TQpMd7pQ,Agricultural Sprayer Drone & cleaning drone,https://cn--xtb.noxinfluencer.com/youtube/channel/UClqFLOuok7DfUd1TQpMd7pQ,-9,badcase,频道主打农业/清洗无人机，近期内容全不相关，适合度很低
9745,UCP3ifftwF1D-t2FEuBkWV0Q,Flowrest Ambient,https://cn--xtb.noxinfluencer.com/youtube/channel/UCP3ifftwF1D-t2FEuBkWV0Q,-21,badcase,内容以ASMR/故事/改装为主，和充电宝推广场景不匹配
9746,UCtK8dL07q_-bY37BehbFvBw,ALIlive,https://cn--xtb.noxinfluencer.com/youtube/channel/UCtK8dL07q_-bY37BehbFvBw,-10,badcase,泛娱乐/猫梗内容，近期无充电宝使用或测评场景
9748,UCC-HqUUE7JPBaprd9mZStZQ,The Quiz Time,https://cn--xtb.noxinfluencer.com/youtube/channel/UCC-HqUUE7JPBaprd9mZStZQ,-10,badcase,纯问答娱乐频道，和充电宝投放关系弱
9749,UCle-3j8Lc92bfoOx9lJM52w,Нозанин ТВ,https://cn--xtb.noxinfluencer.com/youtube/channel/UCle-3j8Lc92bfoOx9lJM52w,-15,badcase,娱乐/美食/社会生活频道，缺少充电宝推广或科技购买意图
9750,UCGDNZOpc0SQq2ACTk2WsHoQ,42Copperhead,https://cn--xtb.noxinfluencer.com/youtube/channel/UCGDNZOpc0SQq2ACTk2WsHoQ,-10,badcase,频道偏越野车/RZR骑行内容，与充电宝推广缺乏相关性
9751,UCw4wW7E8ir0AdCt4sVEQ87g,Taxi Garage,https://cn--xtb.noxinfluencer.com/youtube/channel/UCw4wW7E8ir0AdCt4sVEQ87g,-8,badcase,赛车/漂移为主，只有弱车类泛相关，最近内容全不匹配
9752,UCW3E3hjguzIV8VcQdGYEN7w,正見,https://cn--xtb.noxinfluencer.com/youtube/channel/UCW3E3hjguzIV8VcQdGYEN7w,-25,badcase,政治宗教历史向频道，与充电宝推广场景明显不符
9753,UCQc7nlL4aOAHQsAow05XBBQ,Chauncy Talon,https://cn--xtb.noxinfluencer.com/youtube/channel/UCQc7nlL4aOAHQsAow05XBBQ,-8,badcase,游戏直播为主，仅有泛受众弱相关，不适合充电宝投放
9754,UCObS7p0M1igq1xBsYrCPP1Q,Car carrier Tv,https://cn--xtb.noxinfluencer.com/youtube/channel/UCObS7p0M1igq1xBsYrCPP1Q,-8,badcase,卡车运输内容为主，和充电宝只有很弱场景关联
9755,UC4WDKBDHzTQ4_PAlCKlwO1g,The Correa Familia,https://cn--xtb.noxinfluencer.com/youtube/channel/UC4WDKBDHzTQ4_PAlCKlwO1g,-7,badcase,家庭生活向内容，只有泛类目弱相关，近10条都不对口
9757,UC42H93WjLBOi-H6_LvH5g8w,triple seven.,https://cn--xtb.noxinfluencer.com/youtube/channel/UC42H93WjLBOi-H6_LvH5g8w,-9,badcase,汽车性能改装为主，近10期几乎无充电宝使用或购买场景
9758,UCbir3zCp8TQ7_nzqvUyeANA,Riverbend Longbows Outdoors,https://cn--xtb.noxinfluencer.com/youtube/channel/UCbir3zCp8TQ7_nzqvUyeANA,-10,badcase,户外射箭/长弓频道，缺少充电宝购买或数码评测意图
9759,UCAxMjn9SUaHiIU6o1ORTxXQ,PluggedByAmber,https://cn--xtb.noxinfluencer.com/youtube/channel/UCAxMjn9SUaHiIU6o1ORTxXQ,-22,badcase,ASMR清洁向，物理产品推广格式明显不匹配
9761,UCOQaU4veqJyYwsA9jLMw73Q,Orbital Insight,https://cn--xtb.noxinfluencer.com/youtube/channel/UCOQaU4veqJyYwsA9jLMw73Q,-25,badcase,战争无人机内容，和充电宝推广目标完全不符
9762,UCUy5rGXPXlyvaxqrt-_ls8A,Easy Air Fryer Recipes - AirFrytus,https://cn--xtb.noxinfluencer.com/youtube/channel/UCUy5rGXPXlyvaxqrt-_ls8A,-25,badcase,烹饪菜谱频道，缺少电子产品和充电场景相关性
9763,UCAmRB99ER7ZKZd8DZKEeZuQ,SterlingsWildWest,https://cn--xtb.noxinfluencer.com/youtube/channel/UCAmRB99ER7ZKZd8DZKEeZuQ,-6,badcase,车改和越野受众有些场景重合，但近期内容仍偏车型改装
9764,UCZhebasUFH-IpalL86uEOcg,Aaron Peipert,https://cn--xtb.noxinfluencer.com/youtube/channel/UCZhebasUFH-IpalL86uEOcg,-10,badcase,内容杂但无充电宝推广场景，近10条也基本不匹配
9767,UCmY5MJD07MpiKNsvlmGu3Xg,357magdad,https://cn--xtb.noxinfluencer.com/youtube/channel/UCmY5MJD07MpiKNsvlmGu3Xg,-10,badcase,工具翻新与古董工具为主，和充电宝推广缺少直接场景
9768,UCTtM_jQkUlSqf0906OAL74w,PunchBro,https://cn--xtb.noxinfluencer.com/youtube/channel/UCTtM_jQkUlSqf0906OAL74w,-4,badcase,游戏/迷你PC测评为主，缺少充电宝或移动电源推广语境
9769,UCQU_CgdjdEBROVbCtmIqd-Q,Own Your Moment Co,https://cn--xtb.noxinfluencer.com/youtube/channel/UCQU_CgdjdEBROVbCtmIqd-Q,-10,badcase,照片亭创业频道，和充电宝推广场景基本不搭
9770,UCI8ErxiIH5Xs_hx0ZNUDdsA,Aura Boost Studios,https://cn--xtb.noxinfluencer.com/youtube/channel/UCI8ErxiIH5Xs_hx0ZNUDdsA,-25,badcase,纯放松/ASMR音乐频道，属于明显格式不匹配
9771,UCY0ll9KohjyUR58FA0TwgzA,My Chaotic Fishing,https://cn--xtb.noxinfluencer.com/youtube/channel/UCY0ll9KohjyUR58FA0TwgzA,-8,badcase,仅有钓鱼/皮划艇户外弱场景，近期内容无充电宝相关
9772,UC5rAZHpusIAhBbymjU5Q25g,The Cozy Tangerine,https://cn--xtb.noxinfluencer.com/youtube/channel/UC5rAZHpusIAhBbymjU5Q25g,-10,badcase,手作生活方式频道，无充电宝或电子产品推广语境
9773,UCh0yvaJQCVDou4uUie6Hpfw,Spikecation  🎵,https://cn--xtb.noxinfluencer.com/youtube/channel/UCh0yvaJQCVDou4uUie6Hpfw,-25,badcase,纯FNF音乐混剪娱乐号，和充电宝推广语境不符
9774,UC0xO4fpIEn7Z1anDBI0LTXw,Kusule Rose,https://cn--xtb.noxinfluencer.com/youtube/channel/UC0xO4fpIEn7Z1anDBI0LTXw,-25,badcase,夫妻搞笑短剧号，主要是娱乐内容，不适合充电宝推广
9775,UCzTl6kRtfz6DTiffDcAvsMw,Kait Trujillo,https://cn--xtb.noxinfluencer.com/youtube/channel/UCzTl6kRtfz6DTiffDcAvsMw,-8,badcase,仅有生活/旅行弱场景，近期内容与充电宝推广基本无关
9776,UCLVbl0shVrYtvMMQk2YaDBQ,T3 & Me,https://cn--xtb.noxinfluencer.com/youtube/channel/UCLVbl0shVrYtvMMQk2YaDBQ,-10,badcase,无充电宝相关标签，近期全是移居/时政内容，推广场景不匹配
9777,UCvrgxVrBYILROGJ_OY9iVDQ,Soothing White Noise,https://cn--xtb.noxinfluencer.com/youtube/channel/UCvrgxVrBYILROGJ_OY9iVDQ,-40,badcase,白噪音助眠频道是典型格式错配，几乎不适合充电宝推广
9778,UCxzAJacWR8mwOcUbplo9U-A,Jersey Mike HVAC,https://cn--xtb.noxinfluencer.com/youtube/channel/UCxzAJacWR8mwOcUbplo9U-A,-10,badcase,HVAC维修内容与充电宝购买/使用场景无关，近期也全是设备维修
9779,UCECrMHTm0ebMwKZpMg6p45w,Mr Wright in the Philippines,https://cn--xtb.noxinfluencer.com/youtube/channel/UCECrMHTm0ebMwKZpMg6p45w,-10,badcase,频道主轴是菲律宾生活/关系话题，与充电宝推广无关
9780,UC9Wzi546iBMBBptnR4fkD1A,Dañado a Reparado,https://cn--xtb.noxinfluencer.com/youtube/channel/UC9Wzi546iBMBBptnR4fkD1A,-10,badcase,汽车修理频道与充电宝产品推广关联很弱，近期也都是维修内容
9781,UCHHi7rASNKJXVf999dZ_Hgw,Godlike Twins,https://cn--xtb.noxinfluencer.com/youtube/channel/UCHHi7rASNKJXVf999dZ_Hgw,-25,badcase,恐怖娱乐挑战频道，缺少充电宝评测/购买/使用场景，不适合推广
9783,UCaaSGD6wIhpYZhavYyPwR4g,PRINTING PERSPECTIVE,https://cn--xtb.noxinfluencer.com/youtube/channel/UCaaSGD6wIhpYZhavYyPwR4g,-8,badcase,3D打印DIY频道，只有泛科技弱相关，近期内容全不符
9784,UC8ATPxBkGPsa7e5tgKYG6Xg,Fluffy Fude,https://cn--xtb.noxinfluencer.com/youtube/channel/UC8ATPxBkGPsa7e5tgKYG6Xg,-10,badcase,近10条全是化妆刷内容，与充电宝推广无关
9786,UC1D7Pava6ES3ckCFxuQaeIQ,Isley Sports Fanatic,https://cn--xtb.noxinfluencer.com/youtube/channel/UC1D7Pava6ES3ckCFxuQaeIQ,-10,badcase,泛娱乐/运动/宠物内容，最近10条都不适合充电宝推广
9787,UCgCpWdZOddSSTswLi1hVqQA,Ideal Auto Factory,https://cn--xtb.noxinfluencer.com/youtube/channel/UCgCpWdZOddSSTswLi1hVqQA,-10,badcase,RC漂移车频道，与充电宝消费场景基本无关
9788,UCD8AJcdKN7Zppvq3z9HHh4w,China Auto Show,https://cn--xtb.noxinfluencer.com/youtube/channel/UCD8AJcdKN7Zppvq3z9HHh4w,-5,badcase,汽车测评频道有评测属性，但与充电宝品类关联很弱
9789,UCPGDi9Dj4mFFGbVGyRFs3HA,ASICS America,https://cn--xtb.noxinfluencer.com/youtube/channel/UCPGDi9Dj4mFFGbVGyRFs3HA,-2,badcase,运动鞋品牌频道，科技/产品评测偏鞋类，缺少充电宝推广相关性
9790,UCbVntaBXjQe_NGCjKsbRPUg,Dr. Arthur D. Kemp,https://cn--xtb.noxinfluencer.com/youtube/channel/UCbVntaBXjQe_NGCjKsbRPUg,-10,badcase,以宗教/音乐/古董电子为主，近期内容多为乐器维修演示，与充电宝推广无直接场景
9791,UCWTn4jne-Z215Un85kKL-Ug,Jeep Speed Shop,https://cn--xtb.noxinfluencer.com/youtube/channel/UCWTn4jne-Z215Un85kKL-Ug,-10,badcase,越野改装频道，近10条内容全是车辆维修/升级，与充电宝推广不匹配
9792,UCQRm42GhV1PmA1whfPhf1YQ,Montana Montero,https://cn--xtb.noxinfluencer.com/youtube/channel/UCQRm42GhV1PmA1whfPhf1YQ,-10,badcase,汽车改装/维修频道，内容场景偏车辆保养，与充电宝推广关联弱
9793,UCcoyFMX7SrxwT28_KhA72WA,Sir Sim-Alot,https://cn--xtb.noxinfluencer.com/youtube/channel/UCcoyFMX7SrxwT28_KhA72WA,-10,badcase,游戏频道为主，缺少充电宝的购买或使用场景，近10条也全是游戏内容
9794,UC6XdJUw_dWGnsUu6WRbh0cQ,Sons of Liberty Gun Works,https://cn--xtb.noxinfluencer.com/youtube/channel/UC6XdJUw_dWGnsUu6WRbh0cQ,-20,badcase,枪械/武器频道，题材与充电宝推广场景明显冲突
9795,UCh1d3kZmqw9X3EUHAdK3Dbg,MarielBeadsCustom,https://cn--xtb.noxinfluencer.com/youtube/channel/UCh1d3kZmqw9X3EUHAdK3Dbg,-10,badcase,手工珠宝频道，内容集中在饰品DIY，与充电宝产品推广不相关
9796,UCNNxgIF30wtKlpjHE3ajefg,Josh Wright,https://cn--xtb.noxinfluencer.com/youtube/channel/UCNNxgIF30wtKlpjHE3ajefg,-10,badcase,木工/DIY频道，最近内容全是木作，与充电宝推广无关
9797,UCaxdsntnLU1yKstvI9s0PYw,Nature Crafts,https://cn--xtb.noxinfluencer.com/youtube/channel/UCaxdsntnLU1yKstvI9s0PYw,-10,badcase,自然手工叙事内容，最近全是生存/动物题材，不适合推充电宝
9798,UCl51wVKSvmZpy2DFcOUrWPw,SMITH TV OFFICIAL2,https://cn--xtb.noxinfluencer.com/youtube/channel/UCl51wVKSvmZpy2DFcOUrWPw,-25,badcase,音乐娱乐频道，内容与充电宝购买/测评场景无关
9799,UCo2WJsj2iIyHANI4FKYgOKg,Angert's Hydrographics LLC,https://cn--xtb.noxinfluencer.com/youtube/channel/UCo2WJsj2iIyHANI4FKYgOKg,-25,badcase,以ASMR爽感水转印为主，属于强格式不匹配
9800,UC6xAWB5gVLU2l1bnGo-t8dw,StylerTheSam,https://cn--xtb.noxinfluencer.com/youtube/channel/UC6xAWB5gVLU2l1bnGo-t8dw,-25,badcase,剃头理发内容，和充电宝产品推广场景完全不相关
9801,UC9YybF11Xn66GsS_4b-rLJQ,Fireant Fishing,https://cn--xtb.noxinfluencer.com/youtube/channel/UC9YybF11Xn66GsS_4b-rLJQ,-9,badcase,钓鱼/小船内容为主，仅有户外弱场景，无充电宝推广意图
9802,UCvB_MpGNbhJ_rkY3y373wig,Radio Gosha,https://cn--xtb.noxinfluencer.com/youtube/channel/UCvB_MpGNbhJ_rkY3y373wig,-24,badcase,音乐娱乐频道，内容与充电宝投放场景不匹配
9803,UCF2X0SLQSg7cxydM7EtENjA,Tactics Boardshop,https://cn--xtb.noxinfluencer.com/youtube/channel/UCF2X0SLQSg7cxydM7EtENjA,-25,badcase,滑板鞋服频道，近期内容与充电宝推广场景不匹配
9804,UCz_LaRAhopPKCIIerf0gRAw,sporty ASMR,https://cn--xtb.noxinfluencer.com/youtube/channel/UCz_LaRAhopPKCIIerf0gRAw,-25,badcase,ASMR化妆/放松格式与实体充电宝推广明显错配
9805,UC5cEUHw7HZCUV3yz_M8nqMw,Mood Boost Ranking,https://cn--xtb.noxinfluencer.com/youtube/channel/UC5cEUHw7HZCUV3yz_M8nqMw,-25,badcase,纯娱乐搞笑频道，和充电宝推广相关性很低
9806,UCyuuwpBHl3_-bYNGcTTZ0vw,NODR,https://cn--xtb.noxinfluencer.com/youtube/channel/UCyuuwpBHl3_-bYNGcTTZ0vw,-8,badcase,仅有钓鱼户外弱场景，缺少充电宝推广或评测购买意图
9808,UCUJR_p_OYh6NYMMTmF-IGIg,Sleep Is The Foundation,https://cn--xtb.noxinfluencer.com/youtube/channel/UCUJR_p_OYh6NYMMTmF-IGIg,-10,badcase,睡眠/床垫内容为主，和充电宝推广场景明显不匹配
9810,UCdkAfDFyEuvRR5jUiR4V4-g,Classic Industries,https://cn--xtb.noxinfluencer.com/youtube/channel/UCdkAfDFyEuvRR5jUiR4V4-g,-10,badcase,经典车修复频道，与充电宝推广无明确产品或购买场景相关
9811,UCd13148jEiuSwbf6nb5Ifkg,HighFoot Reviews,https://cn--xtb.noxinfluencer.com/youtube/channel/UCd13148jEiuSwbf6nb5Ifkg,-9,badcase,仅有泛化开箱格式，近期内容全是球鞋/仿鞋，和充电宝推广不符
9812,UCSYMxZ1xl_4sq4Hygy0W-jA,Ranking Clips,https://cn--xtb.noxinfluencer.com/youtube/channel/UCSYMxZ1xl_4sq4Hygy0W-jA,-25,badcase,娱乐搞笑合集为主，和充电宝带货场景强烈不匹配
9813,UC6Y2xnr23ERD2n_t51Jv4-Q,The Boaters Podcast,https://cn--xtb.noxinfluencer.com/youtube/channel/UC6Y2xnr23ERD2n_t51Jv4-Q,-8,badcase,仅有户外场景弱相关，近期内容集中船只购买维护，缺少充电宝推广意图
9814,UCiRsRyF4CiUgaRBqCi78FQg,Ronnie Sarmiento,https://cn--xtb.noxinfluencer.com/youtube/channel/UCiRsRyF4CiUgaRBqCi78FQg,-8,badcase,电滑板内容为主，和充电宝不是同类受众，近期也无相关内容
9816,UC9Ce79TfQPxGlNJw-S6Ttuw,游戏教授小明玩游戏,https://cn--xtb.noxinfluencer.com/youtube/channel/UC9Ce79TfQPxGlNJw-S6Ttuw,-10,badcase,纯游戏娱乐频道，缺少充电宝购买或使用场景，近10条都不相关
9817,UCmZSSyR0Krj1AqSXiugkZRw,Kattie Elyce,https://cn--xtb.noxinfluencer.com/youtube/channel/UCmZSSyR0Krj1AqSXiugkZRw,-9,badcase,仅有泛生活方式弱相关，近期内容无充电宝或电子产品推广意图
9818,UCWhX_EjPegHS2EV6IRgVxmA,Chris Wharton,https://cn--xtb.noxinfluencer.com/youtube/channel/UCWhX_EjPegHS2EV6IRgVxmA,-10,badcase,漫画绘画频道与充电宝推广场景不匹配，近10条内容均无相关信号
9819,UCap-5CrmYo53UiIWuOGJ5NQ,Casey Currie,https://cn--xtb.noxinfluencer.com/youtube/channel/UCap-5CrmYo53UiIWuOGJ5NQ,-9,badcase,仅有户外场景弱相关，近期内容集中越野赛车，缺少充电宝推广语境
9820,UC_9UpqVoM8_FD93u2uN8C7w,PwrUser,https://cn--xtb.noxinfluencer.com/youtube/channel/UC_9UpqVoM8_FD93u2uN8C7w,-10,badcase,以游戏和Windows技术内容为主，与power bank推广缺少购买/使用场景相关性
9821,UCTu11pgVRoiB4hwvrDizhGw,Nhu Tran,https://cn--xtb.noxinfluencer.com/youtube/channel/UCTu11pgVRoiB4hwvrDizhGw,-10,badcase,汽车/漂移内容与移动电源推广无关，近10条均不匹配
9822,UCPNtjeoWfeViks6f-YA6yAw,Luxury Crafted,https://cn--xtb.noxinfluencer.com/youtube/channel/UCPNtjeoWfeViks6f-YA6yAw,-10,badcase,工厂/奢品制造内容与移动电源推广无关，近期全偏离
9823,UCGZd5PVhujRX5RJUWJyzwdw,KITCHEN PINOY,https://cn--xtb.noxinfluencer.com/youtube/channel/UCGZd5PVhujRX5RJUWJyzwdw,-24,badcase,厨房美食园艺为主，无充电宝或数码配件推广语境
9824,UCQSaoq5-MpaqxM1oM2CwjZg,Large Car Channel- Peterbilt SO-CO,https://cn--xtb.noxinfluencer.com/youtube/channel/UCQSaoq5-MpaqxM1oM2CwjZg,-10,badcase,重卡销售/展示频道，与移动电源目标受众不符
9825,UCrlzk1AOX0dB9r5nf1TUsFA,Inner Engineering,https://cn--xtb.noxinfluencer.com/youtube/channel/UCrlzk1AOX0dB9r5nf1TUsFA,-10,badcase,冥想/健康内容偏精神类，缺少电子产品推广场景
9826,UCilXwlR2p4GvdzuFcHSpK7Q,Patrick Remington,https://cn--xtb.noxinfluencer.com/youtube/channel/UCilXwlR2p4GvdzuFcHSpK7Q,-4,badcase,偏户外DIY/车辆改装，无充电宝评测或购买意图内容
9827,UC-x1frLE5Fsrh_MiPzT_6TQ,Driving Secrets 4K,https://cn--xtb.noxinfluencer.com/youtube/channel/UC-x1frLE5Fsrh_MiPzT_6TQ,-10,badcase,车祸事故内容与充电宝推广场景不匹配
9828,UCaSB37RltOGg1nWkWSiQJ0Q,Miss Shampa,https://cn--xtb.noxinfluencer.com/youtube/channel/UCaSB37RltOGg1nWkWSiQJ0Q,-10,badcase,搞笑宠物日常为主，与充电宝推广弱相关
9830,UCvkWH82ctYdDlfk_j8RniPw,MegawattKS,https://cn--xtb.noxinfluencer.com/youtube/channel/UCvkWH82ctYdDlfk_j8RniPw,-10,badcase,频道内容偏射频电路，与充电宝推广无关
9831,UCo5dQGl6dcaIQAnDXhEUakg,Gabriella,https://cn--xtb.noxinfluencer.com/youtube/channel/UCo5dQGl6dcaIQAnDXhEUakg,-9,badcase,亲子娱乐号，缺少充电宝购买/使用场景，近期内容也不匹配
9832,UCzUBulcP1Ps7oTD853U6iCQ,Israj Khan,https://cn--xtb.noxinfluencer.com/youtube/channel/UCzUBulcP1Ps7oTD853U6iCQ,-10,badcase,宗教+摩托内容为主，和充电宝推广关联很弱，近期也全是摩托
9834,UCpp0YHWFDuOhmSYhjJUQZ2w,Boost by gear Performance,https://cn--xtb.noxinfluencer.com/youtube/channel/UCpp0YHWFDuOhmSYhjJUQZ2w,-8,badcase,车辆性能号，只有很弱的场景关联，近期内容也偏维修改装
9835,UCu6tBgLDy7c7JxD8z_YIkPg,Evenflo Baby,https://cn--xtb.noxinfluencer.com/youtube/channel/UCu6tBgLDy7c7JxD8z_YIkPg,-10,badcase,母婴用品号，和充电宝没有直接推广关联，内容也完全偏婴童品
9836,UCXR5UyxWQdZ50pWyNn5FyoQ,Connect The Watts,https://cn--xtb.noxinfluencer.com/youtube/channel/UCXR5UyxWQdZ50pWyNn5FyoQ,-25,badcase,主打健身器械评测，近期内容无移动电源推广场景
9837,UCGNbp4LRGriQEYB9ghz4dUQ,Logan Taylor,https://cn--xtb.noxinfluencer.com/youtube/channel/UCGNbp4LRGriQEYB9ghz4dUQ,-10,badcase,车/电助力内容为主，和充电宝推广几乎无关
9838,UCVmr9gGsZqZTdaaebMSoQsg,KungradLive,https://cn--xtb.noxinfluencer.com/youtube/channel/UCVmr9gGsZqZTdaaebMSoQsg,-9,badcase,生活类标签很泛，最近十条多为集市内容，相关性弱
9839,UC6vDrdQbC16id5kS0LOJRzA,MPR RADIO,https://cn--xtb.noxinfluencer.com/youtube/channel/UC6vDrdQbC16id5kS0LOJRzA,-10,badcase,音乐八卦频道，缺少3C购买或测评语境
9840,UCgljBU_FDZvnI99coAuDCSw,Sr. Lacroix,https://cn--xtb.noxinfluencer.com/youtube/channel/UCgljBU_FDZvnI99coAuDCSw,-20,badcase,ASMR/3D打印偏感官内容，和充电宝促销匹配差
9843,UCi42-kv6IMBEe_cACOQbJMQ,Free Prescription Lenses,https://cn--xtb.noxinfluencer.com/youtube/channel/UCi42-kv6IMBEe_cACOQbJMQ,-10,badcase,眼镜处方内容为主，与充电宝投放无关
9844,UCxtSgZTDdsA1v9ywpEJWXvQ,Mayglow Tv,https://cn--xtb.noxinfluencer.com/youtube/channel/UCxtSgZTDdsA1v9ywpEJWXvQ,-10,badcase,美妆生活向频道，充电宝受众不匹配
9845,UCHkEmZcZZGUpVx5C1ng5uog,Kellsey P,https://cn--xtb.noxinfluencer.com/youtube/channel/UCHkEmZcZZGUpVx5C1ng5uog,-10,badcase,做饭家居向频道，与充电宝推广关联弱
9846,UCmBIVpxgiB3Y9yIi33PbIwQ,Todays Task,https://cn--xtb.noxinfluencer.com/youtube/channel/UCmBIVpxgiB3Y9yIi33PbIwQ,-10,badcase,以维修DIY为主，与充电宝推广场景无关
9847,UC7FZdYSo4W5KHUmNgL1LT8A,Lihtz,https://cn--xtb.noxinfluencer.com/youtube/channel/UC7FZdYSo4W5KHUmNgL1LT8A,-25,badcase,纯音乐娱乐频道，与充电宝投放场景不匹配
9848,UCLcvNh6_22ZcQem_1m141WA,MVI INC,https://cn--xtb.noxinfluencer.com/youtube/channel/UCLcvNh6_22ZcQem_1m141WA,-4,badcase,仅有无线充电/科技弱关联，近期内容集中车载改装不适合充电宝推广
9849,UCM-ygOxbsE5FxJUtPk413KQ,Trout West,https://cn--xtb.noxinfluencer.com/youtube/channel/UCM-ygOxbsE5FxJUtPk413KQ,-8,badcase,频道以钓鱼户外和美食为主，缺少充电宝推广语境
9850,UCJEHyzESuvCHZrovdhCzJuA,NeKripto,https://cn--xtb.noxinfluencer.com/youtube/channel/UCJEHyzESuvCHZrovdhCzJuA,-3,badcase,仅有手游场景弱相关，近期内容混杂且无充电宝推广意图
9853,UCNq5mvTUIj3xTcSyUvkxKdQ,MR SADEECOW,https://cn--xtb.noxinfluencer.com/youtube/channel/UCNq5mvTUIj3xTcSyUvkxKdQ,-20,badcase,娱乐杂内容占主导，和充电宝带货场景基本不匹配
9854,UCyN7lacZIIAZjr6A7lw_HVQ,Tactiholics,https://cn--xtb.noxinfluencer.com/youtube/channel/UCyN7lacZIIAZjr6A7lw_HVQ,-10,badcase,枪械竞技内容为主，和充电宝的推广场景关联很弱
9856,UCd4mQEVctpMYfoOEiMcc2Tg,Hanging with the Kiddos | DIY Party Printables,https://cn--xtb.noxinfluencer.com/youtube/channel/UCd4mQEVctpMYfoOEiMcc2Tg,-10,badcase,派对打印素材频道，最近内容全是手工模板，和充电宝无关
9857,UC9slDwNxCcprLF9yeeQeG1g,Sleepopolis,https://cn--xtb.noxinfluencer.com/youtube/channel/UC9slDwNxCcprLF9yeeQeG1g,-10,badcase,床垫睡眠测评垂直，最近内容与充电宝推广不匹配
9859,UC0xO4fpIEn7Z1anDBI0LTXw,Kusule Rose,https://cn--xtb.noxinfluencer.com/youtube/channel/UC0xO4fpIEn7Z1anDBI0LTXw,-25,badcase,娱乐搞笑情侣号，近10条无充电宝相关内容，推广适配性很弱
9861,UC4IWtnzNMH1tMGjF6qQTItQ,Meg Pintell,https://cn--xtb.noxinfluencer.com/youtube/channel/UC4IWtnzNMH1tMGjF6qQTItQ,-8,badcase,美妆穿搭类频道，和充电宝推广无明确产品场景相关，近期内容也不匹配
9862,UCLVbl0shVrYtvMMQk2YaDBQ,T3 & Me,https://cn--xtb.noxinfluencer.com/youtube/channel/UCLVbl0shVrYtvMMQk2YaDBQ,-10,badcase,频道主线为移居/时政内容，与充电宝推广无明显场景匹配
9863,UCxzAJacWR8mwOcUbplo9U-A,Jersey Mike HVAC,https://cn--xtb.noxinfluencer.com/youtube/channel/UCxzAJacWR8mwOcUbplo9U-A,-9,badcase,仅有泛科技标签，近10条均为HVAC内容，与充电宝推广不匹配
9864,UCHtBMoagpfwE6QpH7b9jxcA,Invicta Stores,https://cn--xtb.noxinfluencer.com/youtube/channel/UCHtBMoagpfwE6QpH7b9jxcA,-10,badcase,标签全是手表相关，近10条也都在卖手表，与充电宝推广无关
9865,UCHHi7rASNKJXVf999dZ_Hgw,Godlike Twins,https://cn--xtb.noxinfluencer.com/youtube/channel/UCHHi7rASNKJXVf999dZ_Hgw,-24,badcase,频道以娱乐/灵异挑战为主，与充电宝推广场景明显不符
9866,UC8ATPxBkGPsa7e5tgKYG6Xg,Fluffy Fude,https://cn--xtb.noxinfluencer.com/youtube/channel/UC8ATPxBkGPsa7e5tgKYG6Xg,-10,badcase,美妆刷频道，和充电宝无关，近期内容全是刷具
9867,UCoE80etf2l3Mey5Ez93CsbQ,Georgia Gent,https://cn--xtb.noxinfluencer.com/youtube/channel/UCoE80etf2l3Mey5Ez93CsbQ,-10,badcase,男士香水频道，和充电宝推广无关，近期全是香水内容
9868,UCPGDi9Dj4mFFGbVGyRFs3HA,ASICS America,https://cn--xtb.noxinfluencer.com/youtube/channel/UCPGDi9Dj4mFFGbVGyRFs3HA,-25,badcase,ASICS鞋服运动品牌频道，近期内容均非移动电源场景
9869,UCbVntaBXjQe_NGCjKsbRPUg,Dr. Arthur D. Kemp,https://cn--xtb.noxinfluencer.com/youtube/channel/UCbVntaBXjQe_NGCjKsbRPUg,-10,badcase,宗教音乐和老电子修复频道，与充电宝推广不匹配
9870,UCl0hvyu7_rrUbFpF1gecjxA,Ashly Schwan,https://cn--xtb.noxinfluencer.com/youtube/channel/UCl0hvyu7_rrUbFpF1gecjxA,-9,badcase,生活vlog有旅行场景，但对充电宝缺少明确购买意图
9871,UCQZEXqLQjo1wEsnz-jZ1HKg,Michael Mickey Williams Jr.,https://cn--xtb.noxinfluencer.com/youtube/channel/UCQZEXqLQjo1wEsnz-jZ1HKg,-25,badcase,宗教频道，近10条全是信仰内容，与充电宝推广无关
9872,UCh1d3kZmqw9X3EUHAdK3Dbg,MarielBeadsCustom,https://cn--xtb.noxinfluencer.com/youtube/channel/UCh1d3kZmqw9X3EUHAdK3Dbg,-10,badcase,珠宝手作频道，与充电宝推广无关，近10条内容均不匹配
9873,UCaxdsntnLU1yKstvI9s0PYw,Nature Crafts,https://cn--xtb.noxinfluencer.com/youtube/channel/UCaxdsntnLU1yKstvI9s0PYw,-10,badcase,无充电宝相关标签，近期内容以手工/生存娱乐为主，推广相关性很低
9874,UCl51wVKSvmZpy2DFcOUrWPw,SMITH TV OFFICIAL2,https://cn--xtb.noxinfluencer.com/youtube/channel/UCl51wVKSvmZpy2DFcOUrWPw,-10,badcase,音乐娱乐号，标签无充电宝相关，近期内容全不匹配
9875,UCb39N4mMBd_GHFyjZCuV32w,spas Ai,https://cn--xtb.noxinfluencer.com/youtube/channel/UCb39N4mMBd_GHFyjZCuV32w,-10,badcase,近期全是翻新/改造内容，与充电宝推广无关
9876,UC6xAWB5gVLU2l1bnGo-t8dw,StylerTheSam,https://cn--xtb.noxinfluencer.com/youtube/channel/UC6xAWB5gVLU2l1bnGo-t8dw,-10,badcase,剃发生活类频道，最近10条均无充电宝相关内容
9877,UCydcKBXdkgjA90gKdL2kV1g,RobyDIY,https://cn--xtb.noxinfluencer.com/youtube/channel/UCydcKBXdkgjA90gKdL2kV1g,-10,badcase,RC飞机内容为主，和充电宝推广没有直接关联
9878,UCmmq721qy9cTvOi8X54fdtQ,Animal House,https://cn--xtb.noxinfluencer.com/youtube/channel/UCmmq721qy9cTvOi8X54fdtQ,-10,badcase,迷你手工屋内容与充电宝产品推广场景不匹配
9879,UCP3ifftwF1D-t2FEuBkWV0Q,Flowrest Ambient,https://cn--xtb.noxinfluencer.com/youtube/channel/UCP3ifftwF1D-t2FEuBkWV0Q,-19,badcase,ASMR/娱乐型内容占主导，属物理产品推广格式不匹配
9881,UCtK8dL07q_-bY37BehbFvBw,ALIlive,https://cn--xtb.noxinfluencer.com/youtube/channel/UCtK8dL07q_-bY37BehbFvBw,-10,badcase,泛娱乐和猫梗内容，近期无充电宝场景，推广相关性低
9882,UC-x8JnPGASovWvXjMAxAnZg,John Dalton Creek Fishing,https://cn--xtb.noxinfluencer.com/youtube/channel/UC-x8JnPGASovWvXjMAxAnZg,-2,badcase,钓鱼户外场景仅弱相关，近作多为渔具/皮划艇而非充电设备
9883,UCkvTYtzvEDc7i0ATeWC-wHg,Saddleback Church,https://cn--xtb.noxinfluencer.com/youtube/channel/UCkvTYtzvEDc7i0ATeWC-wHg,-10,badcase,宗教布道频道，近期全是讲道内容，与充电宝推广不匹配
9885,UCPpmXSYfseQrcSdB0PTgw_w,GoSwim,https://cn--xtb.noxinfluencer.com/youtube/channel/UCPpmXSYfseQrcSdB0PTgw_w,-9,badcase,泳训内容为主，缺少充电宝/数码设备语境，整体偏不相关
9888,UCYFyzTysq7nQQuldz4DnwtA,SectDrama,https://cn--xtb.noxinfluencer.com/youtube/channel/UCYFyzTysq7nQQuldz4DnwtA,0,badcase,无标签无内容信号，缺乏充电宝推广相关性
9889,UCfzLlzRGxSL487ZsK1Q9M4Q,Matt DiMaio,https://cn--xtb.noxinfluencer.com/youtube/channel/UCfzLlzRGxSL487ZsK1Q9M4Q,-9,badcase,学习内容仅有学生场景联想，缺少充电宝购买或使用意图
9890,UCTmoXXFPrICV779a3dHcM-w,Rajesh K Facts 2M,https://cn--xtb.noxinfluencer.com/youtube/channel/UCTmoXXFPrICV779a3dHcM-w,-22,badcase,短剧/事实娱乐频道，属于明显推广格式不匹配
9891,UCdcmf-F2BhQZGLyAOD8wOpQ,Emilien De Falco,https://cn--xtb.noxinfluencer.com/youtube/channel/UCdcmf-F2BhQZGLyAOD8wOpQ,-9,badcase,以拳击娱乐内容为主，仅有lifestyle这类弱泛化标签，且近10条全不匹配
9892,UCU3ej5_1YS43zsMeBnVBkNg,В ТРАКЕ | Траковый бизнес в США,https://cn--xtb.noxinfluencer.com/youtube/channel/UCU3ej5_1YS43zsMeBnVBkNg,-8,badcase,卡车运输场景仅弱相关，近期内容几乎无充电宝或数码产品推广语境
9895,UCrTODZHL0usXr1Y6l_VK9Kw,AquariumDomain,https://cn--xtb.noxinfluencer.com/youtube/channel/UCrTODZHL0usXr1Y6l_VK9Kw,-10,badcase,水族兴趣内容与充电宝推广关联很弱，近10条也几乎全是水族工程内容
9896,UCCSOHUn9_WQ6qIpKqmkolWg,Amanda John,https://cn--xtb.noxinfluencer.com/youtube/channel/UCCSOHUn9_WQ6qIpKqmkolWg,-9,badcase,近10期全是时尚穿搭，无充电宝相关内容，推广场景不匹配
9898,UCbe6y7dWjejBmj1_JxSesUw,Qlab Tutorial,https://cn--xtb.noxinfluencer.com/youtube/channel/UCbe6y7dWjejBmj1_JxSesUw,-10,badcase,无标签且近10条内容与移动电源推广无关
9899,UCN5PSfxD0SyepHfmlZnwf0Q,USASettlerDiaries,https://cn--xtb.noxinfluencer.com/youtube/channel/UCN5PSfxD0SyepHfmlZnwf0Q,-10,badcase,频道偏移民/政治资讯，近期内容几乎全不相关，不适合推广充电宝
9900,UCf1Y_-AcfUKtZLBfUXv-4fg,Noelle Leslie,https://cn--xtb.noxinfluencer.com/youtube/channel/UCf1Y_-AcfUKtZLBfUXv-4fg,-10,badcase,以生活方式vlog为主，近期内容与充电宝推广基本不匹配
9901,UCgSwz2OVe_VRr4DhujOhWKg,PCBench,https://cn--xtb.noxinfluencer.com/youtube/channel/UCgSwz2OVe_VRr4DhujOhWKg,-10,badcase,近期10条均为GPU/CPU评测，和充电宝推广无关
9902,UCKexNDuduh3Po1Xt1QZYxqA,SPARKLECORE SOUNDSYSTEM,https://cn--xtb.noxinfluencer.com/youtube/channel/UCKexNDuduh3Po1Xt1QZYxqA,-20,badcase,音乐娱乐频道，近期内容与充电宝推广完全不匹配
9903,UCwoBXOg0AHzfiGgJ4_Q8uzQ,Vicks Humidifiers & Thermometers,https://cn--xtb.noxinfluencer.com/youtube/channel/UCwoBXOg0AHzfiGgJ4_Q8uzQ,-15,badcase,健康护理电器频道，与充电宝类目不相关
9904,UC4veaoZVOJwJ4LdYGAjclwg,INVENTOR3,https://cn--xtb.noxinfluencer.com/youtube/channel/UC4veaoZVOJwJ4LdYGAjclwg,-20,badcase,伪科学实验频道，不适合做充电宝推广
9906,UCZ5qRydYf3lMJ9A63cvsSEA,Cosmos Safari,https://cn--xtb.noxinfluencer.com/youtube/channel/UCZ5qRydYf3lMJ9A63cvsSEA,-10,badcase,天文望远镜频道，与充电宝推广场景不匹配
9908,UC3ZdRLQtb2pMSgQx5NuhV5A,55 TwoTen,https://cn--xtb.noxinfluencer.com/youtube/channel/UC3ZdRLQtb2pMSgQx5NuhV5A,-10,badcase,汽车修复与充电宝关联弱，近期内容也不支持投放
9909,UCY_nbfp8IGoLDc-HD0gF9kQ,Bead'n with Nicole B.,https://cn--xtb.noxinfluencer.com/youtube/channel/UCY_nbfp8IGoLDc-HD0gF9kQ,-10,badcase,手作珠宝频道与充电宝受众不匹配
9910,UCNCsDEF-qru5AzcDtTTDcFg,"Play, Watch, Listen+",https://cn--xtb.noxinfluencer.com/youtube/channel/UCNCsDEF-qru5AzcDtTTDcFg,-10,badcase,娱乐访谈和游戏内容缺少充电宝推广场景
9911,UCpwZSdK4oDUZlIrHezWoSIg,Earth Fury,https://cn--xtb.noxinfluencer.com/youtube/channel/UCpwZSdK4oDUZlIrHezWoSIg,-10,badcase,近期多为新闻/科普内容，与充电宝推广不匹配
9912,UCCNNgGum0c5OcJz_aijj-0g,Randy Webb,https://cn--xtb.noxinfluencer.com/youtube/channel/UCCNNgGum0c5OcJz_aijj-0g,-10,badcase,财经直销内容为主，和充电宝产品推广关联弱
9913,UCwoQ3l8r1QaQlFfmUeSqleA,Fat Tested Travel Agent - Jason Vaughn,https://cn--xtb.noxinfluencer.com/youtube/channel/UCwoQ3l8r1QaQlFfmUeSqleA,-9,badcase,仅旅游场景弱相关，近期内容多为游乐设施/邮轮体验，缺少充电宝推广意图
9914,UCH7DVgPFlYqjLNgsObqJnWw,ልወዝወዘው በእግሬ  Lewozewozew begire,https://cn--xtb.noxinfluencer.com/youtube/channel/UCH7DVgPFlYqjLNgsObqJnWw,-10,badcase,频道为城市漫步/赚钱话题，无充电宝推广相关内容
9916,UCG32cwNWFillQD5amVzdl1g,Mike TruckinWithBigDaddy,https://cn--xtb.noxinfluencer.com/youtube/channel/UCG32cwNWFillQD5amVzdl1g,-6,badcase,仅有卡车出行弱场景重合，近期内容均非充电宝推广语境
9917,UCDGKX5lo7J1ytM168jSPlkw,فرح ابراهيم,https://cn--xtb.noxinfluencer.com/youtube/channel/UCDGKX5lo7J1ytM168jSPlkw,-10,badcase,物理生物教学频道，和充电宝推广无关
9918,UCFllT8w3fVNnt1iCJsqbCEg,Network Media Short Scenes,https://cn--xtb.noxinfluencer.com/youtube/channel/UCFllT8w3fVNnt1iCJsqbCEg,-25,badcase,短剧娱乐频道，属于明显格式不匹配
9919,UC0nFw015xiLrvmG5QcoBKUw,Jarvis Movie,https://cn--xtb.noxinfluencer.com/youtube/channel/UC0nFw015xiLrvmG5QcoBKUw,-25,badcase,动画切片与充电宝购买/测评场景不符
9920,UCOxXBqFpt9EOxMQRMk6t7CQ,HeGoesByGian,https://cn--xtb.noxinfluencer.com/youtube/channel/UCOxXBqFpt9EOxMQRMk6t7CQ,-10,badcase,Disney/读书/vlog内容为主，缺少移动电源推广场景
9921,UCEJBoQWRlf6_aPH2xNkz9kw,Channel 2S,https://cn--xtb.noxinfluencer.com/youtube/channel/UCEJBoQWRlf6_aPH2xNkz9kw,-10,badcase,高达/拼装/游戏向，近10条无充电宝或数码内容
9922,UClruR_EJGlqS25_6b-2Jc7A,"J. J. Keller & Associates, Inc",https://cn--xtb.noxinfluencer.com/youtube/channel/UClruR_EJGlqS25_6b-2Jc7A,-10,badcase,合规安全号，近10条全是OSHA/车队管理，不适合充电宝推广
9923,UCriXiWzhHjDgX-Pd2Bj4E-g,Abosyan,https://cn--xtb.noxinfluencer.com/youtube/channel/UCriXiWzhHjDgX-Pd2Bj4E-g,-10,badcase,娱乐/资讯号，近10条都是土耳其新闻，和充电宝受众不符
9924,UCInowG-Mwmc5CHclqGgKeLg,Silenthaze,https://cn--xtb.noxinfluencer.com/youtube/channel/UCInowG-Mwmc5CHclqGgKeLg,-25,badcase,动物配音娱乐号，近10条全是宠物梗，和充电宝推广不匹配
9925,UCmgi9bE34C1xqPDDO--5s7g,zenakara,https://cn--xtb.noxinfluencer.com/youtube/channel/UCmgi9bE34C1xqPDDO--5s7g,-25,badcase,纯音乐娱乐号，近10条是频道宣传和混音，缺少数码产品场景
9926,UCE8r4WV_Lii43xhJOR-k-Bw,BeautifulYou,https://cn--xtb.noxinfluencer.com/youtube/channel/UCE8r4WV_Lii43xhJOR-k-Bw,-10,badcase,美妆/音乐频道，近10期全不相关，不适合推充电宝
9927,UCXGtJRfZ_pmJgKKE67PeCEA,Patrick Kelly,https://cn--xtb.noxinfluencer.com/youtube/channel/UCXGtJRfZ_pmJgKKE67PeCEA,-10,badcase,医学史内容与充电宝无直接推广相关，近10期均不匹配
9928,UCNoeuTAD-lNXMSGuAlhILmQ,PressStartOnce,https://cn--xtb.noxinfluencer.com/youtube/channel/UCNoeuTAD-lNXMSGuAlhILmQ,-25,badcase,纯游戏标题界面频道，与充电宝推广受众和场景都不符
9929,UCJ59hjqwskvNIC-dV1MiNgQ,Bodyartforms,https://cn--xtb.noxinfluencer.com/youtube/channel/UCJ59hjqwskvNIC-dV1MiNgQ,-10,badcase,穿孔饰品频道，和充电宝产品推广基本无关，近10期不匹配
9930,UCEqYIJg7WVbVgDW0hB2MndQ,JTG Edit Studio,https://cn--xtb.noxinfluencer.com/youtube/channel/UCEqYIJg7WVbVgDW0hB2MndQ,-10,badcase,偏创作教程与变现内容，缺少数码电源或购买导向信号
9931,UCL3qU64hW0fsIj2vOayOQUQ,Automa,https://cn--xtb.noxinfluencer.com/youtube/channel/UCL3qU64hW0fsIj2vOayOQUQ,-10,badcase,软件自动化频道，近期内容全是流程教程，与充电宝推广不相关
9932,UCY4O3LKq3oZLlOPRKVWQrUA,ভাইরাল তথ্য 1 MILLION,https://cn--xtb.noxinfluencer.com/youtube/channel/UCY4O3LKq3oZLlOPRKVWQrUA,-25,badcase,娱乐/传记型频道，内容和充电宝推广场景明显不匹配
9933,UClj4a1G1yesk-xNo0HQ_QGA,SteveR82,https://cn--xtb.noxinfluencer.com/youtube/channel/UClj4a1G1yesk-xNo0HQ_QGA,-10,badcase,频道为游戏/加密游戏内容，与充电宝推广场景不相关
9935,UCcmHpjzZdkDaXOQs0mx1lyg,Ty Cottle,https://cn--xtb.noxinfluencer.com/youtube/channel/UCcmHpjzZdkDaXOQs0mx1lyg,-22,badcase,键盘ASMR频道，与充电宝推广缺少产品和场景相关性
9936,UCnjT1u0itwxeduR2eYKzmJg,Motor Espanol,https://cn--xtb.noxinfluencer.com/youtube/channel/UCnjT1u0itwxeduR2eYKzmJg,-9,badcase,汽车测评频道，近10条全是摩托内容，与充电宝推广相关性很弱
9937,UC3lKj7AtGH5blWwp2kznV-A,Joel Guerra,https://cn--xtb.noxinfluencer.com/youtube/channel/UC3lKj7AtGH5blWwp2kznV-A,-8,badcase,汽车改装维修频道，受众和充电宝品类不匹配
9938,UCozZyXVq8qtmQcWuosQeBiw,3.2Million,https://cn--xtb.noxinfluencer.com/youtube/channel/UCozZyXVq8qtmQcWuosQeBiw,-10,badcase,频道偏TikTok工具/AI软件评测，无充电宝或消费电子推广相关性
9939,UCm7fMrjCIbA9ucZROKQXXOg,Delightful Paws,https://cn--xtb.noxinfluencer.com/youtube/channel/UCm7fMrjCIbA9ucZROKQXXOg,-25,badcase,宠物犬频道，受众明显偏宠物，和人用充电宝推广不匹配
9940,UC0IlEorm_diEUYNIgswk4gw,Daily Repair,https://cn--xtb.noxinfluencer.com/youtube/channel/UC0IlEorm_diEUYNIgswk4gw,-22,badcase,猎奇生活小窍门频道，内容形态不适合做充电宝种草或评测
9941,UCi490S1eUFH2SiInZVzTYHA,Whitetail Acres Farm,https://cn--xtb.noxinfluencer.com/youtube/channel/UCi490S1eUFH2SiInZVzTYHA,-10,badcase,农场/家居自给内容与充电宝场景仅弱相关，近期也无电子产品主题
9942,UCrUxEpGCURjD8rDZsJbuSDw,Queen Of Barbie Dolls,https://cn--xtb.noxinfluencer.com/youtube/channel/UCrUxEpGCURjD8rDZsJbuSDw,-25,badcase,儿童芭比玩具内容与充电宝受众错位，偏娱乐儿童向，不适合推广
9945,UCY0PdK_ZuwmWERoxxzIR6-Q,Game Point PK,https://cn--xtb.noxinfluencer.com/youtube/channel/UCY0PdK_ZuwmWERoxxzIR6-Q,-10,badcase,纯游戏短内容缺少电子产品或购买语境，和充电宝推广关联弱
9946,UCE7jNv5HrBQYjL2L_pWeMzQ,County Seat Adventures -Ken & T,https://cn--xtb.noxinfluencer.com/youtube/channel/UCE7jNv5HrBQYjL2L_pWeMzQ,-7,badcase,仅有户外场景弱相关，近期内容全为磁钓/探测，缺少充电宝推广语境
9947,UC5PsFrIOql8siTvL-U-J-Ag,Olie_Olie_Paintz,https://cn--xtb.noxinfluencer.com/youtube/channel/UC5PsFrIOql8siTvL-U-J-Ag,-9,badcase,汽车喷涂内容偏工艺演示，和充电宝推广关联弱
9948,UCousMd6bsN8-57kwkXnIiDA,GovDeals Commercial Vehicles,https://cn--xtb.noxinfluencer.com/youtube/channel/UCousMd6bsN8-57kwkXnIiDA,-9,badcase,车辆拍卖以整车交易为主，不是充电宝内容场景
9949,UCXrTnHtKacCvltjyoAEFUEA,Vladimir Westbrook,https://cn--xtb.noxinfluencer.com/youtube/channel/UCXrTnHtKacCvltjyoAEFUEA,-9,badcase,房产号以卖房为主，和充电宝缺少直接使用场景
9950,UCOuqP-getHPp4bwJyaNGk4A,Todd Andrew Cole,https://cn--xtb.noxinfluencer.com/youtube/channel/UCOuqP-getHPp4bwJyaNGk4A,-10,badcase,频道以艺术/手工/音乐为主，与充电宝推广场景明显不符
9951,UCVZbnI1LzQ6ywFT8gNkRn8Q,JEMMA,https://cn--xtb.noxinfluencer.com/youtube/channel/UCVZbnI1LzQ6ywFT8gNkRn8Q,-10,badcase,频道偏洛丽塔/日常穿搭，近期内容与充电宝推广无关
9953,UC7wmfy2hoBZCZxbw0Th0IlQ,Ukrainian Master,https://cn--xtb.noxinfluencer.com/youtube/channel/UC7wmfy2hoBZCZxbw0Th0IlQ,-10,badcase,频道做皮具表带，与充电宝推广几乎无关，最近10条也都不匹配
9954,UCARpsGWj6MJ7JE78OcfWKWw,RVtravel,https://cn--xtb.noxinfluencer.com/youtube/channel/UCARpsGWj6MJ7JE78OcfWKWw,-2,badcase,RV旅行维修场景仅弱相关，缺少移动电源推广意图
9955,UC6XXW4yhC0e_DFft8KYw_AQ,Candle,https://cn--xtb.noxinfluencer.com/youtube/channel/UC6XXW4yhC0e_DFft8KYw_AQ,-10,badcase,频道主做蜡烛手工，近期内容全不相关，和充电宝推广场景不匹配
9957,UCM2j2u2ylPtvpTsWQF587zg,Ms. Jimenez 🌸,https://cn--xtb.noxinfluencer.com/youtube/channel/UCM2j2u2ylPtvpTsWQF587zg,-22,badcase,ASMR/口腔音为强格式不匹配，近期内容也不适合带货
9959,UCZpWX8C2MqQGISqDg2BZkeQ,HDD Channel,https://cn--xtb.noxinfluencer.com/youtube/channel/UCZpWX8C2MqQGISqDg2BZkeQ,-22,badcase,宗教/故事/ASMR杂糅，近期内容与充电宝推广几乎无关
9960,UC3kGyi6fopROOwuAH16WtLQ,ONEighty Athletics,https://cn--xtb.noxinfluencer.com/youtube/channel/UC3kGyi6fopROOwuAH16WtLQ,-7,badcase,运动训练频道，和充电宝缺少购买/测评场景，近10条都不匹配
9961,UCR1qqnuREBQ5zCgUbuWdfsQ,Space.Agency,https://cn--xtb.noxinfluencer.com/youtube/channel/UCR1qqnuREBQ5zCgUbuWdfsQ,-25,badcase,航天科普频道，近期内容全是火箭/太空，无电源类推广语境
9962,UC2SuCfuG0-ZUweqX_jDjf9Q,INSPIRED,https://cn--xtb.noxinfluencer.com/youtube/channel/UC2SuCfuG0-ZUweqX_jDjf9Q,-10,badcase,标签仅有泛科技，近期内容多为阴谋/新闻类，与充电宝推广不匹配
9963,UCeocZ3xqiSnMLJJ7_y3CBNA,V9X EDITS,https://cn--xtb.noxinfluencer.com/youtube/channel/UCeocZ3xqiSnMLJJ7_y3CBNA,-25,badcase,娱乐剪辑号，和充电宝推广场景明显不符
9965,UCScPJo8YrcsJuRz2-zhB1Yg,kilo1,https://cn--xtb.noxinfluencer.com/youtube/channel/UCScPJo8YrcsJuRz2-zhB1Yg,0,badcase,有测评/EDC关联，但近10条全是枪械内容，缺少充电宝推广场景
9966,UCEq0uT2YHxOCIYXcqze8R5Q,Rick 'Animal' Whiteman,https://cn--xtb.noxinfluencer.com/youtube/channel/UCEq0uT2YHxOCIYXcqze8R5Q,-10,badcase,鼓组翻奏频道，近期内容全不涉及充电宝推广场景
9968,UCYKtU7BySJCwu0fqYKfeUwA,Kalach Music 🎵🎶,https://cn--xtb.noxinfluencer.com/youtube/channel/UCYKtU7BySJCwu0fqYKfeUwA,-25,badcase,故事/悬疑式娱乐内容，和充电宝投放场景不符
9969,UCcMc65a0C355biazPbnT4hg,Buxoro davlat universiteti,https://cn--xtb.noxinfluencer.com/youtube/channel/UCcMc65a0C355biazPbnT4hg,-10,badcase,大学讲授为主，学生电子产品需求信号较弱
9970,UCjdlNRI6F9T9RHErWAhdPyw,Америка без купюр,https://cn--xtb.noxinfluencer.com/youtube/channel/UCjdlNRI6F9T9RHErWAhdPyw,-8,badcase,仅有泛价格/生活类弱相关，近期多为美国生活与价格内容，缺少充电宝推广语境
9971,UC-3CXl9x1Y9W8suWJWuUkAw,Bring It Back Las Vegas,https://cn--xtb.noxinfluencer.com/youtube/channel/UC-3CXl9x1Y9W8suWJWuUkAw,-10,badcase,鞋服倒卖内容，和移动电源购买/使用场景无关，近10条也都不匹配
9972,UCD1JsafM96nW8waYdKd872w,Leather Luxe,https://cn--xtb.noxinfluencer.com/youtube/channel/UCD1JsafM96nW8waYdKd872w,-22,badcase,ASMR手作频道，属于解压演示，不是移动电源种草或测评场景
9973,UCDH7KUlHmUWpkwqXPbmEbXQ,Best Tech Hi-Fi,https://cn--xtb.noxinfluencer.com/youtube/channel/UCDH7KUlHmUWpkwqXPbmEbXQ,-10,badcase,高端音频器材频道，受众与移动电源购买需求关联弱，近10条都不相关
9974,UC9YybF11Xn66GsS_4b-rLJQ,Fireant Fishing,https://cn--xtb.noxinfluencer.com/youtube/channel/UC9YybF11Xn66GsS_4b-rLJQ,-8,badcase,钓鱼与船改装频道，仅弱户外场景相关，近期内容无充电宝推广语境
9975,UCz_LaRAhopPKCIIerf0gRAw,sporty ASMR,https://cn--xtb.noxinfluencer.com/youtube/channel/UCz_LaRAhopPKCIIerf0gRAw,-22,badcase,ASMR化妆与休闲内容，和移动电源推广目标不匹配，明显格式错位
9976,UC5cEUHw7HZCUV3yz_M8nqMw,Mood Boost Ranking,https://cn--xtb.noxinfluencer.com/youtube/channel/UC5cEUHw7HZCUV3yz_M8nqMw,-25,badcase,娱乐搞笑频道，近期全是搞笑排行，和充电宝推广完全不符
9978,UCGEvivFwW6mfyVFCkRweqtg,it's poppi time,https://cn--xtb.noxinfluencer.com/youtube/channel/UCGEvivFwW6mfyVFCkRweqtg,-10,badcase,家庭vlog夹杂DIY，缺少充电宝相关人群与场景信号
9979,UCUJR_p_OYh6NYMMTmF-IGIg,Sleep Is The Foundation,https://cn--xtb.noxinfluencer.com/youtube/channel/UCUJR_p_OYh6NYMMTmF-IGIg,-10,badcase,睡眠/床垫评测频道，和充电宝推广人群几乎不重合
9980,UCN0AocvWOBs4Z01Z2yjJrwg,MaXpeedingRods,https://cn--xtb.noxinfluencer.com/youtube/channel/UCN0AocvWOBs4Z01Z2yjJrwg,-9,badcase,汽车零部件安装维修频道，缺少充电宝推广相关内容
9981,UCdkAfDFyEuvRR5jUiR4V4-g,Classic Industries,https://cn--xtb.noxinfluencer.com/youtube/channel/UCdkAfDFyEuvRR5jUiR4V4-g,-10,badcase,汽车修复频道，和充电宝购买/使用场景关联很弱，近10条全不相关
9982,UCK32FG8_b7VdWJp0skqcnOg,Itz_lurkness,https://cn--xtb.noxinfluencer.com/youtube/channel/UCK32FG8_b7VdWJp0skqcnOg,-25,badcase,娱乐搞笑频道，和充电宝推广完全不匹配，近10条也都不相关
9983,UCdcby-s2GwriaOHGmVC2vGA,Planet Geekdom,https://cn--xtb.noxinfluencer.com/youtube/channel/UCdcby-s2GwriaOHGmVC2vGA,-10,badcase,虚拟 pinball / 游戏频道，缺少充电宝相关购买或使用信号
9984,UCCsfocg4o2q9GOhIjpSO7Dg,TJElevatorfan,https://cn--xtb.noxinfluencer.com/youtube/channel/UCCsfocg4o2q9GOhIjpSO7Dg,-9,badcase,只有旅行场景弱相关，主体仍是电梯内容，近10条也不支持推广
9985,UCiRsRyF4CiUgaRBqCi78FQg,Ronnie Sarmiento,https://cn--xtb.noxinfluencer.com/youtube/channel/UCiRsRyF4CiUgaRBqCi78FQg,-10,badcase,滑板/健身频道与充电宝缺少直接消费场景，近期内容也不相关
9987,UC9Ce79TfQPxGlNJw-S6Ttuw,游戏教授小明玩游戏,https://cn--xtb.noxinfluencer.com/youtube/channel/UC9Ce79TfQPxGlNJw-S6Ttuw,-10,badcase,纯游戏娱乐频道，近期内容几乎全是游戏直播
9988,UC7ILqWJjB38ldGHDKq2lMfw,KiNO STi,https://cn--xtb.noxinfluencer.com/youtube/channel/UC7ILqWJjB38ldGHDKq2lMfw,-10,badcase,汽车改装频道，缺少数码充电器/移动电源语境
9989,UCNTuEOdBCSyzu2Cjiw1DEag,Lolita Crafts,https://cn--xtb.noxinfluencer.com/youtube/channel/UCNTuEOdBCSyzu2Cjiw1DEag,-10,badcase,工具DIY频道，内容偏施工维修，不适合充电宝投放
9990,UCLnDc0-6WWoIp1DRbELpc9g,Crazy Constructs,https://cn--xtb.noxinfluencer.com/youtube/channel/UCLnDc0-6WWoIp1DRbELpc9g,-10,badcase,无标签DIY杂项号，近期内容与充电宝无关
9991,UCTu11pgVRoiB4hwvrDizhGw,Nhu Tran,https://cn--xtb.noxinfluencer.com/youtube/channel/UCTu11pgVRoiB4hwvrDizhGw,-8,badcase,汽车生活为主，和充电宝推广关联弱，近期内容也明显不匹配
9992,UCPNtjeoWfeViks6f-YA6yAw,Luxury Crafted,https://cn--xtb.noxinfluencer.com/youtube/channel/UCPNtjeoWfeViks6f-YA6yAw,-10,badcase,工厂纪录片偏奢侈品制造，缺少充电宝购买或使用语境
9993,UCGZd5PVhujRX5RJUWJyzwdw,KITCHEN PINOY,https://cn--xtb.noxinfluencer.com/youtube/channel/UCGZd5PVhujRX5RJUWJyzwdw,-10,badcase,厨房和手作内容为主，和充电宝推广几乎无直接场景
9994,UCVu7BOZKyXw_xxEWK_WyeJw,TapBlaze,https://cn--xtb.noxinfluencer.com/youtube/channel/UCVu7BOZKyXw_xxEWK_WyeJw,-10,badcase,游戏资讯频道，缺少数码充电宝的购买或测评语境
9996,UCy97o10YvONUPcbvOVAHOoA,Mi Oficio En USA,https://cn--xtb.noxinfluencer.com/youtube/channel/UCy97o10YvONUPcbvOVAHOoA,-10,badcase,频道偏电工职业内容，近10条都与充电宝推广场景不符
9997,UCilXwlR2p4GvdzuFcHSpK7Q,Patrick Remington,https://cn--xtb.noxinfluencer.com/youtube/channel/UCilXwlR2p4GvdzuFcHSpK7Q,-9,badcase,越野露营场景有少量便携供电需求，但近期内容全不相关
9998,UCjh0ffokN0Hk9pJIHuMrF_w,Kariciaproductions,https://cn--xtb.noxinfluencer.com/youtube/channel/UCjh0ffokN0Hk9pJIHuMrF_w,-10,badcase,频道主做DJ/活动音视频，近10条无充电宝相关，推广相关性弱
9999,UC-x1frLE5Fsrh_MiPzT_6TQ,Driving Secrets 4K,https://cn--xtb.noxinfluencer.com/youtube/channel/UC-x1frLE5Fsrh_MiPzT_6TQ,-20,badcase,车祸/路怒记录频道，和移动电源推广无关
10000,UCaSB37RltOGg1nWkWSiQJ0Q,Miss Shampa,https://cn--xtb.noxinfluencer.com/youtube/channel/UCaSB37RltOGg1nWkWSiQJ0Q,-25,badcase,娱乐宠物日常号，近10条全是搞笑/动物内容，和充电宝促销无关
