rank,channel_id,channel_name,channel_url,score,suggested_label,why_short
2,UCrzySfCZIMqhYlDsDqtpQ6w,HPad,https://cn.noxinfluencer.com/youtube/channel/UCrzySfCZIMqhYlDsDqtpQ6w,8,badcase,虽有“vacuum cleaner”直击标签，但频道核心是破坏类内容，不适合家电推广
3,UC8fNxgl93pWAig9iJJIMpyA,Levsob,https://cn.noxinfluencer.com/youtube/channel/UC8fNxgl93pWAig9iJJIMpyA,1,badcase,仅有生活方式弱相关，娱乐占比高，缺少吸尘器或家居清洁意图
4,UCtirMQlaZ6ksFrpbKmPC2yA,Calming Ambience Sounds,https://cn.noxinfluencer.com/youtube/channel/UCtirMQlaZ6ksFrpbKmPC2yA,5,badcase,有直给词但主标签是ASMR/白噪音/睡眠放松，偏氛围内容，不适合推广真空吸尘器
8,UCNeX87X-8qTja1F5lQ6rsbQ,Power Masheni,https://cn.noxinfluencer.com/youtube/channel/UCNeX87X-8qTja1F5lQ6rsbQ,0,badcase,无标签、无相关视频，缺乏真相关性信号
11,UCTnDXsb68jsU6E6Z0es9YNw,Marshall studios  production98,https://cn.noxinfluencer.com/youtube/channel/UCTnDXsb68jsU6E6Z0es9YNw,0,badcase,无标签无内容，缺少任何相关信号
12,UCOYpPCNQmb_v6hWaQIyLkJA,Matthew Gonzalez,https://cn.noxinfluencer.com/youtube/channel/UCOYpPCNQmb_v6hWaQIyLkJA,-15,badcase,体育娱乐频道，和吸尘器推广目标明显不符
16,UCHhOiF9yUARmkEsTwsfMWHg,My Top 5 Choices,https://cn.noxinfluencer.com/youtube/channel/UCHhOiF9yUARmkEsTwsfMWHg,0,badcase,无标签无内容，缺少吸尘器相关证据
17,UCUKcmsAb2t80-IArEn3iJKQ,YourPeacefulSound,https://cn.noxinfluencer.com/youtube/channel/UCUKcmsAb2t80-IArEn3iJKQ,-5,badcase,吸尘器词命中但以睡眠白噪音为主，推广格式不匹配
19,UCOz5vfQ9qcUfXRvEqat1DVA,Cozy Sleep Sounds,https://cn.noxinfluencer.com/youtube/channel/UCOz5vfQ9qcUfXRvEqat1DVA,-10,badcase,吸尘器词命中但核心是睡眠音频，明显不适合推广
20,UC8mTFkyP7weTWdlCDKT3n0w,MarcosCeDi,https://cn.noxinfluencer.com/youtube/channel/UC8mTFkyP7weTWdlCDKT3n0w,-8,badcase,仅有泛生活/科技弱相关，车辆和时尚主题不适合吸尘器推广
21,UClfEV_bXQjZ_lf3icxCPloA,Blackheartvacs,https://cn.noxinfluencer.com/youtube/channel/UClfEV_bXQjZ_lf3icxCPloA,0,badcase,无标签、视频或近期内容证据，无法判断适合吸尘器推广
23,UCG9Kc_szc29vlUICXP0MM0w,AI reels,https://cn.noxinfluencer.com/youtube/channel/UCG9Kc_szc29vlUICXP0MM0w,1,badcase,仅有泛科技标签，缺少吸尘器购买/评测/使用意图，相关性很弱
24,UCEZmfmpj8T5_tzabVVBSFeA,nikkib ASMR,https://cn.noxinfluencer.com/youtube/channel/UCEZmfmpj8T5_tzabVVBSFeA,5,badcase,有直接词但主打ASMR/声音内容，和扫地机推广形式明显错配
25,UCCZoL53G8zqL3Yswc-8QWCg,Must-Have Finds,https://cn.noxinfluencer.com/youtube/channel/UCCZoL53G8zqL3Yswc-8QWCg,0,badcase,缺少任何与吸尘器相关的标签或内容，无法支持推广
28,UCcIXFu21t_OWKVwaI_5jYVg,Today's Deals,https://cn.noxinfluencer.com/youtube/channel/UCcIXFu21t_OWKVwaI_5jYVg,0,badcase,无标签、无内容证据，无法判断为适合推广的创作者
29,UCldrSaTYnKUT1log9DaxvMg,AI Palette-Cute Creatures,https://cn.noxinfluencer.com/youtube/channel/UCldrSaTYnKUT1log9DaxvMg,-5,badcase,虽有标签命中，但频道偏可爱治愈娱乐，不适合吸尘器推广
30,UCKbyZ8yloXuyoUyzyGx0CIQ,IMPORTED VACUUM CLEANER,https://cn.noxinfluencer.com/youtube/channel/UCKbyZ8yloXuyoUyzyGx0CIQ,5,badcase,关键词命中，但ASMR/满足感格式与产品推广明显冲突
31,UCbJY35MlozN7OrJYifSBo4g,The Wonder Hub,https://cn.noxinfluencer.com/youtube/channel/UCbJY35MlozN7OrJYifSBo4g,0,badcase,无标签、无相关视频、无近期内容证据支持吸尘器推广
32,UC4pK0wqFNPB9pmE_wrls8SQ,Shopping Points,https://cn.noxinfluencer.com/youtube/channel/UC4pK0wqFNPB9pmE_wrls8SQ,0,badcase,无标签、无视频内容信号，与吸尘器推广关联不足
35,UC_p9x0GC-8rXtd6_rcaM2Og,lubluelu official,https://cn.noxinfluencer.com/youtube/channel/UC_p9x0GC-8rXtd6_rcaM2Og,0,badcase,无标签、无视频证据，无法确认与吸尘器推广相关
37,UCu1C5LFvPQzyOVwqBHKq-4A,Learn and Choose,https://cn.noxinfluencer.com/youtube/channel/UCu1C5LFvPQzyOVwqBHKq-4A,0,badcase,缺少标签和内容信号，无法判断为相关投放位
40,UCtWRMD51_PDTsHWbGVhHA1g,Product Picks,https://cn.noxinfluencer.com/youtube/channel/UCtWRMD51_PDTsHWbGVhHA1g,0,badcase,无标签无内容，缺少可判定的投放信号
43,UCLca6ux9xbHyvGi9bTFdBew,Technically Jeff,https://cn.noxinfluencer.com/youtube/channel/UCLca6ux9xbHyvGi9bTFdBew,0,badcase,汽车频道，与吸尘器推广目标无关
44,UCaup3mfQQR-_QvdJlPl-KZg,DBProductReviews,https://cn.noxinfluencer.com/youtube/channel/UCaup3mfQQR-_QvdJlPl-KZg,0,badcase,美食测评频道，和吸尘器商品推广无关
47,UCi3Qg2sp2CYi4UXQ4X0yDZA,Just Vacuuming,https://cn.noxinfluencer.com/youtube/channel/UCi3Qg2sp2CYi4UXQ4X0yDZA,5,badcase,以ASMR/满足感刷吸尘为主，偏内容玩法而非种草
48,UCZ5SY0Owwr6bn1mkTbM_rjg,ArbokLover1618,https://cn.noxinfluencer.com/youtube/channel/UCZ5SY0Owwr6bn1mkTbM_rjg,5,badcase,含吸尘器声音向标签，偏音效内容，缺少购买/评测意图
49,UCIZRf3ME71mY8RB-B0RvHJw,MQ’s World,https://cn.noxinfluencer.com/youtube/channel/UCIZRf3ME71mY8RB-B0RvHJw,-10,badcase,食谱频道，与吸尘器产品推广场景基本无关
50,UCcSagFUOn9M0c0cFeleWjyA,Brushroll Lover ASMR,https://cn.noxinfluencer.com/youtube/channel/UCcSagFUOn9M0c0cFeleWjyA,5,badcase,ASMR吸尘声频道，强烈偏音效，不适合产品推广
52,UCdfUXMJ78o_zOO1mw2BK6ug,Smart Kitchen,https://cn.noxinfluencer.com/youtube/channel/UCdfUXMJ78o_zOO1mw2BK6ug,0,badcase,厨房和消费电子泛相关，但无吸尘器或清洁场景证据
54,UCymVzReWIMaa-EApQU3rfHg,It's me Yushi TV,https://cn.noxinfluencer.com/youtube/channel/UCymVzReWIMaa-EApQU3rfHg,1,badcase,仅有泛化开箱标签，无清洁家电或评测购买语境
56,UCGTR88l9xwaHJsS6_CNrKGg,Mitisha P,https://cn.noxinfluencer.com/youtube/channel/UCGTR88l9xwaHJsS6_CNrKGg,2,badcase,仅有泛科技标签，偏苹果内容，和吸尘器推广关联很弱
58,UC77VVJ7eGcAmcOu4a8vsAiA,Scary Talking Head,https://cn.noxinfluencer.com/youtube/channel/UC77VVJ7eGcAmcOu4a8vsAiA,-15,badcase,游戏恐怖解谜频道，与吸尘器推广目标明显不符
61,UCS9cJpWSQUOw4cIqC_ndSjQ,Sleeping Easy,https://cn.noxinfluencer.com/youtube/channel/UCS9cJpWSQUOw4cIqC_ndSjQ,5,badcase,ASMR睡眠音频为主，虽有vacuum词但推广格式明显不符
66,UC9avDmmYgtdCT1ec7dHAjmg,R.E.S.T.,https://cn.noxinfluencer.com/youtube/channel/UC9avDmmYgtdCT1ec7dHAjmg,5,badcase,白噪音/睡眠ASMR频道，吸尘器词仅是噪点，推广格式强不匹配
70,UC59yuZLoo45WeMRnq9iK56w,TechGround in English,https://cn.noxinfluencer.com/youtube/channel/UC59yuZLoo45WeMRnq9iK56w,0,badcase,无标签无内容信号，无法判断与吸尘器推广相关
72,UCPySskaPsPYeejViLabdONg,Vacuum Sensation,https://cn.noxinfluencer.com/youtube/channel/UCPySskaPsPYeejViLabdONg,5,badcase,虽有直中标签，但ASMR/吸尘声是明显格式不匹配
74,UC3rG3_THnptC0y1YhZ1NlPw,Max Free,https://cn.noxinfluencer.com/youtube/channel/UC3rG3_THnptC0y1YhZ1NlPw,0,badcase,车类主域为主，与家用吸尘器推广不符
75,UCDKNGTJSt65OGAn2rcXL5qw,BWX,https://cn.noxinfluencer.com/youtube/channel/UCDKNGTJSt65OGAn2rcXL5qw,20,badcase,虽有关键词标签，但主域是机车内容，推广相关性差
76,UC6i6ZM4NBogI6_9Jr7WTwlw,Ambience,https://cn.noxinfluencer.com/youtube/channel/UC6i6ZM4NBogI6_9Jr7WTwlw,5,badcase,ASMR/白噪音型频道，虽有产品词但更像声音内容，不适合投放
77,UCaqDvDz7FeB_qAM2i8mhkLQ,Daily Necessity Review,https://cn.noxinfluencer.com/youtube/channel/UCaqDvDz7FeB_qAM2i8mhkLQ,0,badcase,标签偏泛，缺少真相关产品/评测/购买语境
82,UCqK_cgbk6Hxmw0aAN8BC1og,Neowin,https://cn.noxinfluencer.com/youtube/channel/UCqK_cgbk6Hxmw0aAN8BC1og,-14,badcase,以游戏内容为主，仅有泛电子标签，和吸尘器推广不匹配
86,UCO1mQ98Z4NOJucjKqYB_D1Q,Izzy Spears,https://cn.noxinfluencer.com/youtube/channel/UCO1mQ98Z4NOJucjKqYB_D1Q,0,badcase,无标签且无内容线索
88,UCjiuPJQPvf9EVjVWv6h4beA,Techasonic,https://cn.noxinfluencer.com/youtube/channel/UCjiuPJQPvf9EVjVWv6h4beA,-15,badcase,娱乐影视频道，和清洁家电投放场景不符
90,UCZDJPQpw5bERVfOSoUJ3yTQ,DKCustomProducts,https://cn.noxinfluencer.com/youtube/channel/UCZDJPQpw5bERVfOSoUJ3yTQ,20,badcase,主内容是机车改装，吸尘器标签不足以支撑投放
91,UCAu5CYcuVBoKLVa_DjtVCUg,Cleaning service ASMR,https://cn.noxinfluencer.com/youtube/channel/UCAu5CYcuVBoKLVa_DjtVCUg,8,badcase,ASMR清洁频道，虽有吸尘器词但偏演示音效，推广不友好
93,UCCE8i8uNyzmsvScf-o1_QVQ,Mini toys,https://cn.noxinfluencer.com/youtube/channel/UCCE8i8uNyzmsvScf-o1_QVQ,7,badcase,ASMR+开箱玩具频道，吸尘器词仅表面相关，明显不适配
100,UCGeEa0sdj4n8aI45Vg90u7g,Music 365,https://cn.noxinfluencer.com/youtube/channel/UCGeEa0sdj4n8aI45Vg90u7g,-10,badcase,音乐助眠频道，虽有vacuum cleaner标签但格式不匹配
101,UCAHtjwTuc3WVwaSWGqb0YCA,Laughing Animals,https://cn.noxinfluencer.com/youtube/channel/UCAHtjwTuc3WVwaSWGqb0YCA,10,badcase,仅标签命中，但频道主内容是宠物搞笑短视频，和扫地机推广场景不符
107,UCgI1Y5jVc7EivlITX9Jjp4w,Marcy Masha,https://cn.noxinfluencer.com/youtube/channel/UCgI1Y5jVc7EivlITX9Jjp4w,0,badcase,无标签、相关视频或近期内容证据，无法支持吸尘器推广
108,UCE-Y7xAGsCNozPXKO3haW0w,LoudPlace,https://cn.noxinfluencer.com/youtube/channel/UCE-Y7xAGsCNozPXKO3haW0w,-15,badcase,汽车/车辆内容为主，与吸尘器推广场景不匹配
112,UCscMKiMlh9EQLDzEtRxr3vg,B Product Peek,https://cn.noxinfluencer.com/youtube/channel/UCscMKiMlh9EQLDzEtRxr3vg,0,badcase,无标签、无内容证据，无法支撑 vacuum cleaner 推广
114,UCHHhJEikFaUukEYhZsKHRgw,Relaxing White Noise for Babies,https://cn.noxinfluencer.com/youtube/channel/UCHHhJEikFaUukEYhZsKHRgw,5,badcase,白噪音/助眠频道，属于音频格式错配，不适合清洁器
118,UCJQullGqWcFhCHIut4KCr8A,PRASA SIDE HUSTLE,https://cn.noxinfluencer.com/youtube/channel/UCJQullGqWcFhCHIut4KCr8A,0,badcase,金融商务频道，缺少清洁类相关信号，不适合推广
121,UCYi_oLf4IWB3gvVEPsvm9Bw,Love2Review,https://cn.noxinfluencer.com/youtube/channel/UCYi_oLf4IWB3gvVEPsvm9Bw,0,badcase,缺少标签、相关视频和近期内容证据，无法证明适合吸尘器推广
123,UCDl5gZoNFPiVKvPt66FBwCw,Five Star,https://cn.noxinfluencer.com/youtube/channel/UCDl5gZoNFPiVKvPt66FBwCw,0,badcase,无标签、无相关视频、无近期内容证据支持吸尘器推广
125,UCeoilfZhEih4I2ZsgSBiLLQ,House Items,https://cn.noxinfluencer.com/youtube/channel/UCeoilfZhEih4I2ZsgSBiLLQ,0,badcase,无标签、无相关视频、无近期内容，缺少吸尘器推广相关证据
129,UCR42bif12ji2nbnbvqBI_jw,kaiz231,https://cn.noxinfluencer.com/youtube/channel/UCR42bif12ji2nbnbvqBI_jw,0,badcase,无标签、无视频证据，无法支持吸尘器推广
132,UCbU5YL6CEh4ozG-dLJpqOCA,e-commerce review,https://cn.noxinfluencer.com/youtube/channel/UCbU5YL6CEh4ozG-dLJpqOCA,0,badcase,无标签、标题或近期内容证据支持吸尘器推广相关性
135,UCFdqO4QaUqUn_eeWwF1ieiA,AliExpress,https://cn.noxinfluencer.com/youtube/channel/UCFdqO4QaUqUn_eeWwF1ieiA,0,badcase,无标签无内容，仅平台名不足以证明适合推广真空吸尘器
136,UC8sbWy0FIcZQugliuOi4FOg,Febrian Trii,https://cn.noxinfluencer.com/youtube/channel/UC8sbWy0FIcZQugliuOi4FOg,0,badcase,无标签、相关视频或近期内容证据，无法支持吸尘器推广
139,UC5HXNtDSzMsYpHwK_daF8qQ,Express Review,https://cn.noxinfluencer.com/youtube/channel/UC5HXNtDSzMsYpHwK_daF8qQ,0,badcase,无标签、无视频证据，缺少吸尘器推广相关性
140,UCsiMxHAf0sS4VzwOy9P0lvA,Kate Brush,https://cn.noxinfluencer.com/youtube/channel/UCsiMxHAf0sS4VzwOy9P0lvA,2,badcase,以娱乐短视频和泛教程为主，缺少清洁家电测评/购买语境，相关性弱
141,UCTvzSFu_bPaAiwjo9pCIsNg,Zaynn's Adventure,https://cn.noxinfluencer.com/youtube/channel/UCTvzSFu_bPaAiwjo9pCIsNg,5,badcase,儿童内容为主，虽有标签但缺少成人家电投放语境
142,UCYqkOsLhrN8s70gVb6vlaZg,Let's clean up,https://cn.noxinfluencer.com/youtube/channel/UCYqkOsLhrN8s70gVb6vlaZg,8,badcase,ASMR清洁频道，格式明显偏氛围内容，不适合家电推广
146,UCZqJzAx3srl4JCSriJmzNPQ,LogeliusD,https://cn.noxinfluencer.com/youtube/channel/UCZqJzAx3srl4JCSriJmzNPQ,5,badcase,破坏类频道，只有标签提到吸尘器，带货适配度低
147,UCzISM8l8_rBxf_h4gqqG6wQ,ANDI,https://cn.noxinfluencer.com/youtube/channel/UCzISM8l8_rBxf_h4gqqG6wQ,0,badcase,无标签、相关视频或近期内容证据，无法支持吸尘器推广
148,UC_KF9R6dftv57-KRew-sFbQ,RLJAJN,https://cn.noxinfluencer.com/youtube/channel/UC_KF9R6dftv57-KRew-sFbQ,0,badcase,无标签、标题或近期内容证据支持吸尘器推广相关性
153,UCIraqbRQ6Oecm2wWl60CLFA,Sumit dhiman,https://cn.noxinfluencer.com/youtube/channel/UCIraqbRQ6Oecm2wWl60CLFA,0,badcase,虽有吸尘器标签，但频道主轴为喜剧娱乐，推广适配差
165,UCB54_CiC-tLjdn2fJc86t7Q,Mycreamlover,https://cn.noxinfluencer.com/youtube/channel/UCB54_CiC-tLjdn2fJc86t7Q,20,badcase,虽有直击标签，但频道以蛋糕美食为主，推广不匹配
167,UCnLS922iaOb7jV1qui4wXfA,Darrencarfan78,https://cn.noxinfluencer.com/youtube/channel/UCnLS922iaOb7jV1qui4wXfA,5,badcase,虽有直命中标签，但频道主域为公路/动画，推广适配差
169,UC93btlc5Cwnp8_vaBkSuR9Q,Consumer Electronics,https://cn.noxinfluencer.com/youtube/channel/UC93btlc5Cwnp8_vaBkSuR9Q,0,badcase,无标签无内容，无法建立吸尘器推广相关性
171,UCTdjJms22k-d758ayyi0KNw,FMF,https://cn.noxinfluencer.com/youtube/channel/UCTdjJms22k-d758ayyi0KNw,0,badcase,无标签、相关视频或近期内容证据，无法支持吸尘器推广
176,UCbunYN0o9Yaid7zHaor_UHA,Relaxing White Noise,https://cn.noxinfluencer.com/youtube/channel/UCbunYN0o9Yaid7zHaor_UHA,-25,badcase,白噪音睡眠频道，属于强格式不匹配
177,UCgm-gTVuUDmp0wANU_ufPUw,Yummy Kids,https://cn.noxinfluencer.com/youtube/channel/UCgm-gTVuUDmp0wANU_ufPUw,-15,badcase,儿童儿歌频道，内容域与吸尘器推广无关
178,UCi0CxoV1bk4UW208VWD1KSw,RianaShow,https://cn.noxinfluencer.com/youtube/channel/UCi0CxoV1bk4UW208VWD1KSw,-15,badcase,娱乐短视频频道，非家电导购场景
181,UCv6aQfBFfbepfctSngwpdJw,Mamasoboliha,https://cn.noxinfluencer.com/youtube/channel/UCv6aQfBFfbepfctSngwpdJw,2,badcase,生活家庭向，缺少清洁器具和购买/测评语境
186,UCQNu4yRxUvDtoYJ_xdOis4A,Reviewratzz,https://cn.noxinfluencer.com/youtube/channel/UCQNu4yRxUvDtoYJ_xdOis4A,0,badcase,无标签、无标题、无相关匹配，缺少任何清洁器推广相关信号
187,UC38rn6x-NS4wQmu8L8qN4KA,Hahatoons - Nursery  Rhymes & Kids song's,https://cn.noxinfluencer.com/youtube/channel/UC38rn6x-NS4wQmu8L8qN4KA,-15,badcase,儿童儿歌娱乐频道，与吸尘器推广场景明显不符
191,UC_2pQt_aAX6uexzIANglElg,Warm Glow Ambience,https://cn.noxinfluencer.com/youtube/channel/UC_2pQt_aAX6uexzIANglElg,5,badcase,ASMR/定格积木频道，虽有吸尘器标签，但促销格式与品类都明显错位
192,UCIKLb7TUUd2oyLjJoNSI1Vw,Ridin Dad,https://cn.noxinfluencer.com/youtube/channel/UCIKLb7TUUd2oyLjJoNSI1Vw,5,badcase,摩托车DIY频道，吸尘器标签像噪声，家电推广语境不足
195,UCtdFPLKgSnQwHKK68bWqv2g,Daija Husha,https://cn.noxinfluencer.com/youtube/channel/UCtdFPLKgSnQwHKK68bWqv2g,0,badcase,无标签无内容，无法判断与吸尘器推广的相关性
196,UCAE0Is3GuW3TtquP4xGqz7Q,Handmade Creative Channel,https://cn.noxinfluencer.com/youtube/channel/UCAE0Is3GuW3TtquP4xGqz7Q,0,badcase,手工DIY频道，与吸尘器推广场景无关
198,UC4wWw_uzufCP6Kw7CmKQDtg,Niopets,https://cn.noxinfluencer.com/youtube/channel/UC4wWw_uzufCP6Kw7CmKQDtg,-15,badcase,宠物猫频道，与吸尘器推广受众和内容主题不匹配
199,UChjyXn0g5jV4TmUjYKuBQMA,Nailcou,https://cn.noxinfluencer.com/youtube/channel/UChjyXn0g5jV4TmUjYKuBQMA,5,badcase,仅标签命中，内容是美甲频道，和吸尘器推广不匹配
209,UCobRabFG7D1cllNePCY1CmA,Raymond Strazdas,https://cn.noxinfluencer.com/youtube/channel/UCobRabFG7D1cllNePCY1CmA,-5,badcase,标签偏游戏数码，缺少清洁器购买或评测意图，不适合推广vacuum cleaner
214,UCEtLp1EcYfjuF4cNfKJR-FA,etekhome,https://cn.noxinfluencer.com/youtube/channel/UCEtLp1EcYfjuF4cNfKJR-FA,-15,badcase,宠物狗频道，受众与人用吸尘器推广不匹配
215,UCJ8tbqjZTahlvzZB0AFSYoQ,Void Box Master,https://cn.noxinfluencer.com/youtube/channel/UCJ8tbqjZTahlvzZB0AFSYoQ,-15,badcase,儿童音乐娱乐频道，不适合吸尘器推广
218,UCZ9ve2-MwPBB5M02ZbMN8Kw,HansTechTalk,https://cn.noxinfluencer.com/youtube/channel/UCZ9ve2-MwPBB5M02ZbMN8Kw,0,badcase,频道偏手机数码/耳机内容，与吸尘器推广无明显相关性
221,UCtEElxIqhV-tBKGGY1N3GVQ,Hank's Garage,https://cn.noxinfluencer.com/youtube/channel/UCtEElxIqhV-tBKGGY1N3GVQ,1,badcase,家装清洁关联很弱，主要是割草机和小型发动机维修
226,UCjSknFCag-IBUe6IjLJpIAQ,Muzain Reviews,https://cn.noxinfluencer.com/youtube/channel/UCjSknFCag-IBUe6IjLJpIAQ,-15,badcase,游戏频道为主，和吸尘器推广目的明显不符
227,UCsnWcV73fuh8vCPXDWR-X9w,Epic Review Hub,https://cn.noxinfluencer.com/youtube/channel/UCsnWcV73fuh8vCPXDWR-X9w,1,badcase,仅有泛科技弱相关，缺少吸尘器评测、清洁或购买意图证据
228,UCclMxtWgSXxylkSNYvqDMag,Kayden,https://cn.noxinfluencer.com/youtube/channel/UCclMxtWgSXxylkSNYvqDMag,0,badcase,无标签无内容线索，难判断与吸尘器相关
231,UC5e_HLDhpARMPZ8YwJxWNsA,CHEAP OLA STORE,https://cn.noxinfluencer.com/youtube/channel/UC5e_HLDhpARMPZ8YwJxWNsA,0,badcase,无标签、无相关视频、无近期内容证据支持吸尘器推广
234,UCdY5Fd_LJ_IgdGZvVZjaFsg,Review Infinite,https://cn.noxinfluencer.com/youtube/channel/UCdY5Fd_LJ_IgdGZvVZjaFsg,5,badcase,泛科技数码频道，仅有弱相关泛品类信号，缺少吸尘器推广意图
237,UCR86b80YMDpqurn8DiHdgkw,NextPartTV,https://cn.noxinfluencer.com/youtube/channel/UCR86b80YMDpqurn8DiHdgkw,-15,badcase,音乐放松频道，与吸尘器推广场景不符
239,UCe6CkE3doCnjCixlM1XNRRA,Fresh and Felicia,https://cn.noxinfluencer.com/youtube/channel/UCe6CkE3doCnjCixlM1XNRRA,2,badcase,偏电动自行车频道，仅有弱家电/家居泛相关，无吸尘器推广语境
241,UCr3X27XFzFZEf2DvKMUtaPQ,"Street Fashion,  pretty feet",https://cn.noxinfluencer.com/youtube/channel/UCr3X27XFzFZEf2DvKMUtaPQ,0,badcase,赤脚/步行类频道，与吸尘器推广场景无关
244,UCWpKgm-RARkZLTkhPdGDjvQ,SoftMagic,https://cn.noxinfluencer.com/youtube/channel/UCWpKgm-RARkZLTkhPdGDjvQ,0,badcase,无标签、无相关内容，缺少吸尘器推广相关证据
250,UCO8Y0qMCbw6JBg4qu_Ce-Lw,Samuel Lewis,https://cn.noxinfluencer.com/youtube/channel/UCO8Y0qMCbw6JBg4qu_Ce-Lw,-15,badcase,娱乐/搞笑占主导，与吸尘器推广场景不符
252,UCi3IzXpx5NDRwON3hRbMhHg,PromoCodePal,https://cn.noxinfluencer.com/youtube/channel/UCi3IzXpx5NDRwON3hRbMhHg,-15,badcase,娱乐/meme 向，缺乏清洁器相关购买或使用场景
253,UCFZL1mxIwXiqGDOsv5AKxcw,HART Tools,https://cn.noxinfluencer.com/youtube/channel/UCFZL1mxIwXiqGDOsv5AKxcw,0,badcase,工具/DIY 有一定泛家居属性，但无吸尘器相关强信号
255,UC445yW81qSM3cOg1loaXdFg,LaVida,https://cn.noxinfluencer.com/youtube/channel/UC445yW81qSM3cOg1loaXdFg,0,badcase,无标签无内容信号，无法判断为相关频道
256,UCUoVa-mKZKTqVO8Qi2Bu6vQ,Bosch USA,https://cn.noxinfluencer.com/youtube/channel/UCUoVa-mKZKTqVO8Qi2Bu6vQ,2,badcase,仅泛科技/生活标签，缺少吸尘器或家居清洁意图
262,UCTrenwE0xO39n7RlHYUQSPw,Mischievous Elephant,https://cn.noxinfluencer.com/youtube/channel/UCTrenwE0xO39n7RlHYUQSPw,0,badcase,旅游/生活类，和吸尘器推广几乎无关
267,UC-qJJf8_ua9lTHz0uCkuC5A,BLV90.Cleanup,https://cn.noxinfluencer.com/youtube/channel/UC-qJJf8_ua9lTHz0uCkuC5A,-15,badcase,足球体育频道，和吸尘器推广场景明显不符
268,UCa6UyXhegwV4js_tmhCJrcQ,Dave Taylor,https://cn.noxinfluencer.com/youtube/channel/UCa6UyXhegwV4js_tmhCJrcQ,-1,badcase,频道偏消费电子数码，无吸尘器清洁家电推广信号
272,UCSsNUXKG2gjqosl3kW62HwQ,TechWalls,https://cn.noxinfluencer.com/youtube/channel/UCSsNUXKG2gjqosl3kW62HwQ,1,badcase,仅有泛科技弱相关，无产品意图，适配度偏低。
276,UCZBkHv8LLOAJeTjI85hPDZw,911Shopping,https://cn.noxinfluencer.com/youtube/channel/UCZBkHv8LLOAJeTjI85hPDZw,0,badcase,标签泛泛，缺少清洁家电导购信号
277,UCFU1O8voaBmyau0kr2uStAA,Rocky Mountain Sewing and Vacuum,https://cn.noxinfluencer.com/youtube/channel/UCFU1O8voaBmyau0kr2uStAA,0,badcase,以缝纫为主，缺少吸尘器相关导购信号
278,UCkN9n0Wz5b7jdksxom5V1ow,Baseus,https://cn.noxinfluencer.com/youtube/channel/UCkN9n0Wz5b7jdksxom5V1ow,2,badcase,仅有消费电子/居家办公弱相关，无吸尘器或家电推广证据
279,UC8-G2_iXfYB4dYIItBIz5iQ,99feels,https://cn.noxinfluencer.com/youtube/channel/UC8-G2_iXfYB4dYIItBIz5iQ,-25,badcase,音乐娱乐频道，属于强格式不匹配
281,UCR-n-jxtKFYJGdC9OjlfaaA,ChrisGTXvideos,https://cn.noxinfluencer.com/youtube/channel/UCR-n-jxtKFYJGdC9OjlfaaA,-10,badcase,娱乐搞笑短视频频道，与吸尘器推广场景明显不符
282,UCnnoVEXsgW98gt0hxszklZQ,Dragon Blogger Technology and Entertainment,https://cn.noxinfluencer.com/youtube/channel/UCnnoVEXsgW98gt0hxszklZQ,1,badcase,仅有泛科技弱相关，缺少吸尘器评测或购买意图
286,UCi4cFXcajgaBaaqxMaSxHbg,Den ⚡️,https://cn.noxinfluencer.com/youtube/channel/UCi4cFXcajgaBaaqxMaSxHbg,0,badcase,无标签和内容证据，无法判断与吸尘器推广相关
291,UCpH76SieU--EG2A11wxcq7g,He. Andrew,https://cn.noxinfluencer.com/youtube/channel/UCpH76SieU--EG2A11wxcq7g,-10,badcase,娱乐向频道，缺少吸尘器或家电推广相关信号
292,UCGumXE53FJ3B-V7pIGasPaw,Vacuum Sleep Sounds,https://cn.noxinfluencer.com/youtube/channel/UCGumXE53FJ3B-V7pIGasPaw,-12,badcase,ASMR助眠向，属明显格式不匹配，非吸尘器推广频道
295,UCIlqu82HOLN-TYEmwSxShBg,Aaron Freeze,https://cn.noxinfluencer.com/youtube/channel/UCIlqu82HOLN-TYEmwSxShBg,-15,badcase,频道以摔跤娱乐为主，与吸尘器推广场景明显无关
298,UCRKKvi_kOBsHIH8kPnWRH2Q,"Hide-A-Hose, Inc",https://cn.noxinfluencer.com/youtube/channel/UCRKKvi_kOBsHIH8kPnWRH2Q,0,badcase,无标签无内容信号，难判断可推广性
303,UCnGv8HMtDvzkvqPkQby1dww,AUXITO LED,https://cn.noxinfluencer.com/youtube/channel/UCnGv8HMtDvzkvqPkQby1dww,0,badcase,车灯安装频道，与吸尘器推广无关
305,UCzlBCU32pxxCKO-EFAoVa3A,"Shouldit: Product Reviews, Guides, Price Tracker",https://cn.noxinfluencer.com/youtube/channel/UCzlBCU32pxxCKO-EFAoVa3A,0,badcase,美食菜谱频道，和吸尘器推广不匹配
306,UCd517JOHErdFj64kZYPBFsQ,Lalafun Little Learners,https://cn.noxinfluencer.com/youtube/channel/UCd517JOHErdFj64kZYPBFsQ,-10,badcase,少儿儿歌频道，内容与吸尘器推广场景明显不符
308,UCk9QQYB-WHrUFYvtUUCz1tQ,Millimone Kids Songs,https://cn.noxinfluencer.com/youtube/channel/UCk9QQYB-WHrUFYvtUUCz1tQ,-15,badcase,儿童儿歌频道，娱乐属性强，和吸尘器推广场景明显不符
312,UCw3f3YrgfGxXnYDEmuJc1hQ,The Vac Corner,https://cn.noxinfluencer.com/youtube/channel/UCw3f3YrgfGxXnYDEmuJc1hQ,-15,badcase,娱乐短视频取向，和吸尘器商品推广不匹配
313,UCQJt1liRGafkw-sSeUk2TVw,Velvet Relax ASMR,https://cn.noxinfluencer.com/youtube/channel/UCQJt1liRGafkw-sSeUk2TVw,-15,badcase,ASMR音景为主，属物品推广格式错配
316,UCmFvNfgeY0K0sw55K9zJhAA,Vac Shop USA,https://cn.noxinfluencer.com/youtube/channel/UCmFvNfgeY0K0sw55K9zJhAA,0,badcase,无标签、标题或近期内容证据，无法确认吸尘器推广相关性
321,UCdKPKUpDnzi1OEz3-7ecJ0g,Brandon Jackson,https://cn.noxinfluencer.com/youtube/channel/UCdKPKUpDnzi1OEz3-7ecJ0g,2,badcase,RC车模内容为主，和吸尘器推广几乎无关
323,UCX4osVjaL5S7_slSUx-WpyQ,The RT4,https://cn.noxinfluencer.com/youtube/channel/UCX4osVjaL5S7_slSUx-WpyQ,2,badcase,游戏数码频道，缺少吸尘器或家电购买场景
327,UCHDgg4DS9DZ5gMH7AhKikew,Amazing Unboxing And Reviews,https://cn.noxinfluencer.com/youtube/channel/UCHDgg4DS9DZ5gMH7AhKikew,0,badcase,标签与吸尘器推广无明显相关，缺少购买/测评/使用意图信号
328,UCZkhNadH5npoR513_u4iHuQ,Prey 4 Snow Auto Detailing,https://cn.noxinfluencer.com/youtube/channel/UCZkhNadH5npoR513_u4iHuQ,-5,badcase,仅有汽车清洁语境，且ASMR格式不适合真空机推广
329,UCKXblbFdykYVEuqr5x4hd9Q,AutistiVision,https://cn.noxinfluencer.com/youtube/channel/UCKXblbFdykYVEuqr5x4hd9Q,-10,badcase,有清洁/家电泛相关，但ASMR解压格式与吸尘器推广明显错位
331,UCWEfcO38yKrLlmNoZOUfI9g,Satisfying 1+1,https://cn.noxinfluencer.com/youtube/channel/UCWEfcO38yKrLlmNoZOUfI9g,-10,badcase,ASMR解压向，缺少吸尘器评测、对比或购买意图
333,UCSE2Tcko-7NQKXwIsRKMELw,etrailer,https://cn.noxinfluencer.com/youtube/channel/UCSE2Tcko-7NQKXwIsRKMELw,-15,badcase,频道聚焦拖车和车辆配件，与吸尘器推广场景无关
334,UCAxSp8w5r0SCnl7G1lGAGnw,TechEmpire,https://cn.noxinfluencer.com/youtube/channel/UCAxSp8w5r0SCnl7G1lGAGnw,2,badcase,标签仅有泛科技/消费电子，缺少吸尘器购买或测评语境
335,UCCTwm3K_Xdy81W1wrPe4FVA,Relaxation Channel,https://cn.noxinfluencer.com/youtube/channel/UCCTwm3K_Xdy81W1wrPe4FVA,-5,badcase,白噪音睡眠频道，虽有清洁器标签，但推广场景明显不匹配
336,UCLmQiBlILjGJ9gUAQj2j_RQ,Who Else Loves History?,https://cn.noxinfluencer.com/youtube/channel/UCLmQiBlILjGJ9gUAQj2j_RQ,0,badcase,历史娱乐类频道，和吸尘器推广无关
338,UCZ8vmJ5KT4XC7fLvuXTbOqQ,Battle Team,https://cn.noxinfluencer.com/youtube/channel/UCZ8vmJ5KT4XC7fLvuXTbOqQ,1,badcase,仅有消费电子弱相关，频道偏相机安防耳机，缺少吸尘器推广证据
343,UCF6lhntZmJadxhaxDRZMFEw,Cat Claire Vacs,https://cn.noxinfluencer.com/youtube/channel/UCF6lhntZmJadxhaxDRZMFEw,0,badcase,仅名称含 vacs，语义不清，推广价值弱
345,UCcBdDdRRHZQqTSmA2caK72Q,"Dat's Newest ""Price Is Right"" Channel",https://cn.noxinfluencer.com/youtube/channel/UCcBdDdRRHZQqTSmA2caK72Q,-15,badcase,娱乐综艺向，与吸尘器导购场景不符
348,UCBWfH5g3o82P_fH9stLo_1w,Reviews and How To's,https://cn.noxinfluencer.com/youtube/channel/UCBWfH5g3o82P_fH9stLo_1w,3,badcase,仅有泛生活/科技/消费电子弱相关，缺少清洁电器推广证据
349,UCmXvAGwaxvRfqmPq7J0Zm6A,HOME HAPPY DREAMS,https://cn.noxinfluencer.com/youtube/channel/UCmXvAGwaxvRfqmPq7J0Zm6A,0,badcase,无标签无内容信号，缺乏吸尘器推广相关性
354,UCTvNswS3K4CR9vksub9yH5A,eufy Tutorials,https://cn.noxinfluencer.com/youtube/channel/UCTvNswS3K4CR9vksub9yH5A,0,badcase,无标签且无内容证据，无法判断为吸尘器推广相关
356,UCpceo-1YxrYXJmq1hAuyPVQ,ASMR. MagicBoop,https://cn.noxinfluencer.com/youtube/channel/UCpceo-1YxrYXJmq1hAuyPVQ,-25,badcase,ASMR/白噪音频道，强格式错配，几乎不适合吸尘器推广
359,UCjY9Bw12NmccZ8XIxHlmRIw,Healthy Life,https://cn.noxinfluencer.com/youtube/channel/UCjY9Bw12NmccZ8XIxHlmRIw,0,badcase,内容偏健康饮食/搅拌机，与吸尘器购买场景不匹配
364,UCIAukBNVNf96O8enNi8m9kA,RAS - Relaxing Ambience Sounds,https://cn.noxinfluencer.com/youtube/channel/UCIAukBNVNf96O8enNi8m9kA,-15,badcase,ASMR/氛围音频格式与吸尘器推广严重错配
366,UCdCnqCiLKXyxvB_5oMeMS6A,Techstal,https://cn.noxinfluencer.com/youtube/channel/UCdCnqCiLKXyxvB_5oMeMS6A,1,badcase,仅有泛评测信号，和吸尘器推广关联很弱
367,UC_bt688XSp4eoJzsgybF5YA,Top 10 Best Pro,https://cn.noxinfluencer.com/youtube/channel/UC_bt688XSp4eoJzsgybF5YA,1,badcase,泛科技榜单号，缺少吸尘器或家居清洁语境
368,UCOGNyvtgStVA88tAhoCMYGw,korguenkomodo,https://cn.noxinfluencer.com/youtube/channel/UCOGNyvtgStVA88tAhoCMYGw,2,badcase,手机评测为主，和吸尘器品类不匹配
370,UCeJj_mBS8mEy7UZB6fcv0hg,Lulalu,https://cn.noxinfluencer.com/youtube/channel/UCeJj_mBS8mEy7UZB6fcv0hg,5,badcase,白噪音助眠格式，吸尘器词只是噪音素材
371,UCpJfr_pItjzSKJgDavcQV3Q,carlye,https://cn.noxinfluencer.com/youtube/channel/UCpJfr_pItjzSKJgDavcQV3Q,0,badcase,缺少任何吸尘器相关信号，难以用于推广
372,UC-Seahl1De4BnRjSrNyQezw,Doods,https://cn.noxinfluencer.com/youtube/channel/UC-Seahl1De4BnRjSrNyQezw,-15,badcase,娱乐搞笑内容为主，与吸尘器推广场景不符
373,UCThf7Hv2LsAjmKStIxuwBjA,Relax Vibes for Sleeping,https://cn.noxinfluencer.com/youtube/channel/UCThf7Hv2LsAjmKStIxuwBjA,-12,badcase,睡眠放松向内容，属于明显的促销格式不匹配
374,UCReq2gJITMbr0vArn2MAEmQ,SMILEatTheDEALS,https://cn.noxinfluencer.com/youtube/channel/UCReq2gJITMbr0vArn2MAEmQ,2,badcase,仅有泛生活/科技弱相关，无吸尘器评测或家电推广证据
376,UCMa3izX7IBxxvV26DTGm0_A,Adam's Faves,https://cn.noxinfluencer.com/youtube/channel/UCMa3izX7IBxxvV26DTGm0_A,0,badcase,无相关标签和视频证据，和 vacuum cleaner 无明显关联
377,UCaB2njPPykfNxP2oFiYf4sQ,Leah,https://cn.noxinfluencer.com/youtube/channel/UCaB2njPPykfNxP2oFiYf4sQ,0,badcase,无相关标签和视频证据，难以用于该产品推广
378,UCVs5lJ-gGSpluQYDpjgCxiA,Reviews Sport,https://cn.noxinfluencer.com/youtube/channel/UCVs5lJ-gGSpluQYDpjgCxiA,0,badcase,频道名偏运动评测，但缺少 vacuum cleaner 相关内容
379,UCiR265PzfxAA7IVwruFHNwQ,ROIDMI,https://cn.noxinfluencer.com/youtube/channel/UCiR265PzfxAA7IVwruFHNwQ,0,badcase,无标签和视频证据，无法确认吸尘器推广相关性
381,UCn5tl7q2mQTbRb4ZbPlFtkA,Classic Vacuum,https://cn.noxinfluencer.com/youtube/channel/UCn5tl7q2mQTbRb4ZbPlFtkA,0,badcase,无标签、标题或近期内容证据支持吸尘器推广相关性
383,UClNwztERQAfHAb9zKWuelAg,Cleaning The Dirtiest,https://cn.noxinfluencer.com/youtube/channel/UClNwztERQAfHAb9zKWuelAg,-12,badcase,ASMR清洁为主，感官娱乐格式与吸尘器推广不匹配
385,UCDMSmty7chAsweo2bZc35Jg,Botvac Productions,https://cn.noxinfluencer.com/youtube/channel/UCDMSmty7chAsweo2bZc35Jg,0,badcase,无标签、无相关视频或近期内容，缺少吸尘器推广相关证据
386,UCh4Ebmxx9-LZZym6ZV1brjw,Kanas Review,https://cn.noxinfluencer.com/youtube/channel/UCh4Ebmxx9-LZZym6ZV1brjw,2,badcase,仅有科技/消费电子泛化标签，缺少吸尘器或清洁器内容
389,UCrZZuc8jiN3GvWlyqvD5vgA,Bronco Outdoors,https://cn.noxinfluencer.com/youtube/channel/UCrZZuc8jiN3GvWlyqvD5vgA,0,badcase,无标签和内容证据，与吸尘器推广相关性不足
390,UC9PWHFQRnrqZ_apOBl8pmiA,knitSheep,https://cn.noxinfluencer.com/youtube/channel/UC9PWHFQRnrqZ_apOBl8pmiA,-5,badcase,宠物导向与吸尘器推广受众不匹配，缺少清洁家电证据
391,UCkg6ehWalJLVP0Ysk4zfLWw,Love Review,https://cn.noxinfluencer.com/youtube/channel/UCkg6ehWalJLVP0Ysk4zfLWw,-1,badcase,仅泛生活/食物标签，无吸尘器产品推广证据
393,UCYgb8u2TzxAHYoEZvYi5iQA,NexNest Picks,https://cn.noxinfluencer.com/youtube/channel/UCYgb8u2TzxAHYoEZvYi5iQA,0,badcase,缺少任何与吸尘器相关的标签或内容证据
395,UCCYEbffRLJomRT2rRjNpWKA,Ameripino,https://cn.noxinfluencer.com/youtube/channel/UCCYEbffRLJomRT2rRjNpWKA,1,badcase,仅有home弱场景相关，缺少吸尘器测评或购买意图内容
398,UCQ_qeHmCO8m4Y9nlfRHCuRg,Nathaniel Aranda,https://cn.noxinfluencer.com/youtube/channel/UCQ_qeHmCO8m4Y9nlfRHCuRg,0,badcase,无标签与近期内容，缺少任何相关性证据
400,UCEXi_fpg-LY7mutYQPOVYxQ,OKP LIFE,https://cn.noxinfluencer.com/youtube/channel/UCEXi_fpg-LY7mutYQPOVYxQ,0,badcase,无可用标签与内容信号，无法支撑清洁器推广
401,UCrz9q0IAdBueTU_YzyZZpjw,Product Demo Lab,https://cn.noxinfluencer.com/youtube/channel/UCrz9q0IAdBueTU_YzyZZpjw,0,badcase,无标签、视频或近期内容证据，无法支持吸尘器推广召回
407,UCIsILxRVbgSPs6HyxUmPUZg,Best Thing Ever Review,https://cn.noxinfluencer.com/youtube/channel/UCIsILxRVbgSPs6HyxUmPUZg,0,badcase,无标签和相关内容证据，无法支持吸尘器推广召回
409,UCf75HujdK4DDew2o0-KxNBQ,Consumer Heaven,https://cn.noxinfluencer.com/youtube/channel/UCf75HujdK4DDew2o0-KxNBQ,0,badcase,无标签、无相关视频、无近期内容证据支持吸尘器推广
411,UC6UGUFYNC4CDksZMeWGF9Hw,Yeng,https://cn.noxinfluencer.com/youtube/channel/UC6UGUFYNC4CDksZMeWGF9Hw,0,badcase,无标签且无内容证据，难判断为相关推广频道
412,UChMeRAlEfhw1gtdfIz7LsFw,Little English Storytime,https://cn.noxinfluencer.com/youtube/channel/UChMeRAlEfhw1gtdfIz7LsFw,-25,badcase,ASMR/玩具向，和吸尘器推广格式明显不符
415,UCD2I0nzzBS_V5JwyJbpds8g,Bryon Reviews,https://cn.noxinfluencer.com/youtube/channel/UCD2I0nzzBS_V5JwyJbpds8g,1,badcase,仅有泛科技弱相关，无清洁家电评测或购买意图证据
416,UCyrPRGfGkS-qg8tffCBsxjg,NTV Review,https://cn.noxinfluencer.com/youtube/channel/UCyrPRGfGkS-qg8tffCBsxjg,0,badcase,无标签与内容信号，无法支持吸尘器推广
417,UC218l1_PJRo3_--x2WBiRpw,THEXPERIMENT,https://cn.noxinfluencer.com/youtube/channel/UC218l1_PJRo3_--x2WBiRpw,0,badcase,无标签与内容信号，无法支持吸尘器推广
421,UCwGPfpV7URojhp78Z8mPuLg,NASHMI TOP,https://cn.noxinfluencer.com/youtube/channel/UCwGPfpV7URojhp78Z8mPuLg,0,badcase,无标签、无相关视频，缺少家电推广相关性
423,UCxRkATQG5ogPrEbU88X0iuA,Lowell Trey,https://cn.noxinfluencer.com/youtube/channel/UCxRkATQG5ogPrEbU88X0iuA,1,badcase,仅有technology弱相关，缺少吸尘器评测/购买/使用信号
428,UCKCb_rgI54tkQhsisRDZPtQ,Vacuum Cleaner White Noise,https://cn.noxinfluencer.com/youtube/channel/UCKCb_rgI54tkQhsisRDZPtQ,-15,badcase,白噪音音频型频道，属强格式不匹配
429,UCK-PjCirqLW_0UhYmwfnWag,Tech Sciencexx,https://cn.noxinfluencer.com/youtube/channel/UCK-PjCirqLW_0UhYmwfnWag,2,badcase,仅有泛科技/生活方式弱相关，缺少清洁家电推广信号
430,UCnwn42WW9KyK9OEg1RUYSGw,Review Zone Express,https://cn.noxinfluencer.com/youtube/channel/UCnwn42WW9KyK9OEg1RUYSGw,0,badcase,无相关标签和内容，缺少推广相关信号
431,UCPC-Nuf9hhbGEC4uF93cbjg,Top10Reviews,https://cn.noxinfluencer.com/youtube/channel/UCPC-Nuf9hhbGEC4uF93cbjg,2,badcase,仅有泛生活/科技弱相关，无吸尘器或家电推广证据
432,UCmULH_L09jEhp68uO1nN1mw,Reviews Key,https://cn.noxinfluencer.com/youtube/channel/UCmULH_L09jEhp68uO1nN1mw,1,badcase,宠物频道为主，缺少吸尘器购买或评测信号
434,UC9U9sL6e22MNq9hgmby6f4Q,Best Star,https://cn.noxinfluencer.com/youtube/channel/UC9U9sL6e22MNq9hgmby6f4Q,0,badcase,无标签无内容信号，无法判断吸尘器相关性
435,UCq85M5WGo-wo3ep4jJTDpHQ,Top 10 List,https://cn.noxinfluencer.com/youtube/channel/UCq85M5WGo-wo3ep4jJTDpHQ,0,badcase,榜单泛内容，标签无清洁家电相关信号
437,UCf4K-9ZIyVJEh9wwK4PpW9A,Lab of Hades,https://cn.noxinfluencer.com/youtube/channel/UCf4K-9ZIyVJEh9wwK4PpW9A,-25,badcase,音乐/放松氛围频道，属音频型错配，不适合吸尘器推广
438,UCo0LuX64heb8LpGDEeMioUQ,STV REVIEWS,https://cn.noxinfluencer.com/youtube/channel/UCo0LuX64heb8LpGDEeMioUQ,0,badcase,无标签、相关标题或近期内容证据，无法支持吸尘器推广召回
439,UCQEnaGZPlfrU22qGvhyWt7g,Honiture,https://cn.noxinfluencer.com/youtube/channel/UCQEnaGZPlfrU22qGvhyWt7g,0,badcase,无标签、标题或近期内容证据，无法判断适合吸尘器推广
441,UC7UcsaxphNwle6QK83-FNxQ,Argan Lovely,https://cn.noxinfluencer.com/youtube/channel/UC7UcsaxphNwle6QK83-FNxQ,0,badcase,无标签无内容证据，与吸尘器推广相关性不足
443,UCSPS_4pGiWmjWgLa8iR-nVg,Travel Secret Talks,https://cn.noxinfluencer.com/youtube/channel/UCSPS_4pGiWmjWgLa8iR-nVg,0,badcase,无清洁家电相关信号，频道主题偏旅行谈话，推广相关性低
447,UCUHS7b1mq6ysjcVkTBKEqyg,SAVOSIN CRINGE,https://cn.noxinfluencer.com/youtube/channel/UCUHS7b1mq6ysjcVkTBKEqyg,0,badcase,滑板内容，和吸尘器推广无关
454,UCsDfJzl2rt_T_zwR_EcsMRA,Information House,https://cn.noxinfluencer.com/youtube/channel/UCsDfJzl2rt_T_zwR_EcsMRA,0,badcase,无标签无内容信号，缺少吸尘器推广相关性
455,UCMnXWyqLBPjzhm0cTHKQFDg,Nyla2021,https://cn.noxinfluencer.com/youtube/channel/UCMnXWyqLBPjzhm0cTHKQFDg,1,badcase,仅有泛科技弱相关，无清洁家电推广内容证据
456,UCknikpXqa7UiMdjc3aZSGIg,Cleanaholic,https://cn.noxinfluencer.com/youtube/channel/UCknikpXqa7UiMdjc3aZSGIg,0,badcase,无标签、无相关视频或近期内容，缺少吸尘器推广相关证据
460,UCPdDa1nI1SsGTJJo8Aky9uw,Best Review Mall,https://cn.noxinfluencer.com/youtube/channel/UCPdDa1nI1SsGTJJo8Aky9uw,0,badcase,无标签、相关视频和近期内容证据，无法支持吸尘器推广
461,UC49dB2a_JzUuSkyqTX2EC8A,ChoiceCrafter,https://cn.noxinfluencer.com/youtube/channel/UC49dB2a_JzUuSkyqTX2EC8A,-8,badcase,频道偏车辆/自行车榜单，与吸尘器推广场景不匹配
464,UC9leI8rodWKrASW6MsWw-rQ,jemliz vlogs,https://cn.noxinfluencer.com/youtube/channel/UC9leI8rodWKrASW6MsWw-rQ,0,badcase,旅行vlog为主，缺乏清洁电器或购买意图信号
465,UCYBnATtSbWetoUS2g0S9ntA,Nicole's Favorite Things,https://cn.noxinfluencer.com/youtube/channel/UCYBnATtSbWetoUS2g0S9ntA,0,badcase,无标签，无法判断清洁电器投放相关性
467,UCBmvY-p9-P3ony6Ac8S4mnw,Ashley ADHD Home-Friendly Tips,https://cn.noxinfluencer.com/youtube/channel/UCBmvY-p9-P3ony6Ac8S4mnw,0,badcase,时尚美妆标签为主，与吸尘器推广弱相关
470,UCXlVhz3YlN13ipOb8v1OIew,GreenX,https://cn.noxinfluencer.com/youtube/channel/UCXlVhz3YlN13ipOb8v1OIew,0,badcase,缺少任何相关标签或内容信号
471,UCmsxU-XsHm4JsrwLSKrzVVA,Trends Reviews,https://cn.noxinfluencer.com/youtube/channel/UCmsxU-XsHm4JsrwLSKrzVVA,0,badcase,无标签无内容，缺少吸尘器推广相关证据
473,UCA_sJezj7cacXt-_byN7HGQ,Men‘s awareness,https://cn.noxinfluencer.com/youtube/channel/UCA_sJezj7cacXt-_byN7HGQ,-15,badcase,手机/IT内容为主，与吸尘器推广目标明显不匹配
475,UCvuPx8kKmvG_LRHmVVC2wmw,Eric,https://cn.noxinfluencer.com/youtube/channel/UCvuPx8kKmvG_LRHmVVC2wmw,0,badcase,无标签无内容，缺少吸尘器推广相关证据
477,UCtAdBnLTS9dLpfL594SorBQ,Uncle Dave's movie and toy channel,https://cn.noxinfluencer.com/youtube/channel/UCtAdBnLTS9dLpfL594SorBQ,-15,badcase,电影/娱乐取向为主，和吸尘器推广场景不符
479,UCqm4rpXe7TfKLmrjc79lDBg,Construction Site,https://cn.noxinfluencer.com/youtube/channel/UCqm4rpXe7TfKLmrjc79lDBg,-15,badcase,ASMR+娱乐格式与吸尘器推广强错配
480,UCiINKj7pWctTMffjC6mWIDQ,M Official Mana . 39k  views 3  hr . ago,https://cn.noxinfluencer.com/youtube/channel/UCiINKj7pWctTMffjC6mWIDQ,0,badcase,无标签、标题或召回视频证据支持吸尘器推广相关性
481,UCzQ_otizu5yYLHSc_HRzpkA,My Cute Toys,https://cn.noxinfluencer.com/youtube/channel/UCzQ_otizu5yYLHSc_HRzpkA,-25,badcase,ASMR玩具频道，属于强格式不匹配，和吸尘器推广不适合
482,UClaK5GBRvmTaB227eFP6e9Q,Myks Garage,https://cn.noxinfluencer.com/youtube/channel/UClaK5GBRvmTaB227eFP6e9Q,-10,badcase,汽车/Tesla频道，与吸尘器推广场景不匹配
484,UC6xhx04M7BesmhstRzbqE8Q,Everyday Chris,https://cn.noxinfluencer.com/youtube/channel/UC6xhx04M7BesmhstRzbqE8Q,-15,badcase,频道主题集中在特斯拉汽车，与吸尘器推广不匹配
485,UC2KgkpXjLw4ly81p7rORIbQ,Hope99,https://cn.noxinfluencer.com/youtube/channel/UC2KgkpXjLw4ly81p7rORIbQ,0,badcase,无标签、无相关视频、无近期内容证据支持吸尘器推广
486,UCjBNjwY1raAez4T5i3_zmRQ,Andrew's Reviews,https://cn.noxinfluencer.com/youtube/channel/UCjBNjwY1raAez4T5i3_zmRQ,0,badcase,无标签、无相关视频或近期内容证据，无法支持吸尘器推广
488,UCfap7UjLQQQsuECb_4NbSAg,Soak & Serenity,https://cn.noxinfluencer.com/youtube/channel/UCfap7UjLQQQsuECb_4NbSAg,0,badcase,无标签或视频证据支持吸尘器推广相关性
490,UCfEOPHknTCf1HD9aGf8Xa3A,Cozy Nest Reviews,https://cn.noxinfluencer.com/youtube/channel/UCfEOPHknTCf1HD9aGf8Xa3A,0,badcase,无标签、相关视频或近期内容证据，无法支持吸尘器推广
491,UChQNU-2MtRFj_2SPZbKwUtg,graphly shop,https://cn.noxinfluencer.com/youtube/channel/UChQNU-2MtRFj_2SPZbKwUtg,0,badcase,无标签、无内容相关信号，不适合推广吸尘器
494,UCgkAKsYjK13k4qqR6ECnIsg,Pros & Cons,https://cn.noxinfluencer.com/youtube/channel/UCgkAKsYjK13k4qqR6ECnIsg,-8,badcase,仅有泛生活/科技弱相关，偏时尚/车辆，缺少吸尘器推广证据
495,UCyQCgaspiwNIRExKHtYzo2Q,vacuumera,https://cn.noxinfluencer.com/youtube/channel/UCyQCgaspiwNIRExKHtYzo2Q,0,badcase,无标签和内容证据支持，缺少推广相关性
497,UC7zZZlpiydaHfa_L-I1OSAw,Future Home,https://cn.noxinfluencer.com/youtube/channel/UC7zZZlpiydaHfa_L-I1OSAw,0,badcase,无标签无内容，无法判断与吸尘器推广相关
498,UCo5HIVSKwrrg12YZWaPH_IA,Lala,https://cn.noxinfluencer.com/youtube/channel/UCo5HIVSKwrrg12YZWaPH_IA,0,badcase,缺少任何品类与受众信号
500,UCLWNTZUf5MnHmWuNk_JwRRA,House of Brands,https://cn.noxinfluencer.com/youtube/channel/UCLWNTZUf5MnHmWuNk_JwRRA,0,badcase,无标签无内容，缺少可用召回信号
4751,UCLRuyqzpJMF3Zm_BBbmyQLQ,Tackle It With Britt,https://cn.noxinfluencer.com/youtube/channel/UCLRuyqzpJMF3Zm_BBbmyQLQ,0,badcase,无相关标签或内容证据
4752,UCLSA5tNpTSaPOfu6VmV1XEg,DMW Research,https://cn.noxinfluencer.com/youtube/channel/UCLSA5tNpTSaPOfu6VmV1XEg,1,badcase,仅有泛评测标签，无吸尘器或家电清洁推广语境
4753,UCLSJWJ9b7UqfMx1xT2odJ9g,Leon’s Finds,https://cn.noxinfluencer.com/youtube/channel/UCLSJWJ9b7UqfMx1xT2odJ9g,0,badcase,无相关标签或视频证据
4754,UCLSNULZHRxRBsp5ZY05ZMtg,TechHunter60,https://cn.noxinfluencer.com/youtube/channel/UCLSNULZHRxRBsp5ZY05ZMtg,0,badcase,无相关标签或视频证据
4755,UCLSOn21KwxMiNr1nFIdj2lQ,Top 2 Review Products,https://cn.noxinfluencer.com/youtube/channel/UCLSOn21KwxMiNr1nFIdj2lQ,0,badcase,缺少吸尘器相关内容与推广意图
4756,UCLSgZ2EVpXrIf7T8Y-4sKTQ,Video Production Plus,https://cn.noxinfluencer.com/youtube/channel/UCLSgZ2EVpXrIf7T8Y-4sKTQ,0,badcase,无相关标签和内容信号
4757,UCLT9icGdVQtitygc_-xEOfw,Sam Owens,https://cn.noxinfluencer.com/youtube/channel/UCLT9icGdVQtitygc_-xEOfw,-4,badcase,仅有泛科技弱相关，车辆主题不适合吸尘器推广，缺少产品内容证据
4758,UCLTFW8agX1kMdjZd1zeWhnw,Kincade Pavich,https://cn.noxinfluencer.com/youtube/channel/UCLTFW8agX1kMdjZd1zeWhnw,0,badcase,摩托车/车辆内容与吸尘器推广不相关
4759,UCLTgm7CKfJkVOyIQ_NKeS6w,Army Barbie,https://cn.noxinfluencer.com/youtube/channel/UCLTgm7CKfJkVOyIQ_NKeS6w,0,badcase,母婴美妆为主，缺少家电/清洁器相关信号
4760,UCLTkfO8uMQLsCCZkAJqHkfw,Finders Picks,https://cn.noxinfluencer.com/youtube/channel/UCLTkfO8uMQLsCCZkAJqHkfw,0,badcase,无相关标签和内容信号
4762,UCLUO-2ltlWfydRZ7pRRnXkw,Hai Tran,https://cn.noxinfluencer.com/youtube/channel/UCLUO-2ltlWfydRZ7pRRnXkw,0,badcase,生活方式泛内容，缺少家电评测或购买意图，相关性弱
4763,UCLUSkEQ_IP6UGrpJhcSkflw,Ol Shoppe Amazon,https://cn.noxinfluencer.com/youtube/channel/UCLUSkEQ_IP6UGrpJhcSkflw,0,badcase,无标签、视频或近期内容证据支持吸尘器推广相关性
4764,UCLWRp9WXj7HpP7ob_ZZXFhg,Vermont Tool Company,https://cn.noxinfluencer.com/youtube/channel/UCLWRp9WXj7HpP7ob_ZZXFhg,1,badcase,工具频道仅有弱相关，缺少吸尘器评测或清洁家电推广信号
4765,UCLWlm65rRhfml9p6B3rOAwQ,FeaturedBestVideos,https://cn.noxinfluencer.com/youtube/channel/UCLWlm65rRhfml9p6B3rOAwQ,-15,badcase,纯音乐娱乐频道，与吸尘器推广存在明显格式不匹配
4767,UCLYAMZSANt97Y4xECNhgBIA,Cat Power Super,https://cn.noxinfluencer.com/youtube/channel/UCLYAMZSANt97Y4xECNhgBIA,-15,badcase,娱乐/游戏音乐向，和吸尘器推广目标明显不符
4768,UCLZAQikdPTkhwBW1_4ifkvA,Andrew,https://cn.noxinfluencer.com/youtube/channel/UCLZAQikdPTkhwBW1_4ifkvA,0,badcase,无标签无内容证据，无法判断为有效推广频道
4770,UCLaHbigONNtU1Lv0F5sT69w,The Amazing Picks,https://cn.noxinfluencer.com/youtube/channel/UCLaHbigONNtU1Lv0F5sT69w,0,badcase,缺少标签和内容，推广相关性不足
4771,UCLaOhf8b2eAjYtYx_7hBC3Q,Top Product,https://cn.noxinfluencer.com/youtube/channel/UCLaOhf8b2eAjYtYx_7hBC3Q,0,badcase,无标签无内容信号，缺乏吸尘器推广相关性
4772,UCLaSQhR6RheM_Zy3re7mcYA,EpicDroid,https://cn.noxinfluencer.com/youtube/channel/UCLaSQhR6RheM_Zy3re7mcYA,1,badcase,以手机壳评测为主，和吸尘器推广仅有很弱的电子类泛相关
4773,UCLao5kgt9xXj03UrfYvsvwQ,Stuff,https://cn.noxinfluencer.com/youtube/channel/UCLao5kgt9xXj03UrfYvsvwQ,1,badcase,标签仅有泛生活向，缺少吸尘器购买或评测意图
4774,UCLar_FTMkfHCgMwmzTb7IlQ,The Top 5,https://cn.noxinfluencer.com/youtube/channel/UCLar_FTMkfHCgMwmzTb7IlQ,0,badcase,无相关标签和内容信号，不支持吸尘器推广
4775,UCLeoJJOYY1pKa8uDyNg0Sqg,Best Products Review,https://cn.noxinfluencer.com/youtube/channel/UCLeoJJOYY1pKa8uDyNg0Sqg,0,badcase,无标签、无相关视频证据，仅有泛产品评测名，不足以支持吸尘器推广
4777,UCLh-zGV0xjXhgPJddZ_-QTQ,Soft Vacuum,https://cn.noxinfluencer.com/youtube/channel/UCLh-zGV0xjXhgPJddZ_-QTQ,0,badcase,无标签和视频证据，无法支持吸尘器产品推广
4778,UCLhKvwRxjSpUV25iqBTzbUQ,The Dogist,https://cn.noxinfluencer.com/youtube/channel/UCLhKvwRxjSpUV25iqBTzbUQ,1,badcase,宠物娱乐向，和通用吸尘器推广不匹配
4780,UCLiFlLtPVy85vz0cmrsUU-A,Liza's Little Bit Of Everything,https://cn.noxinfluencer.com/youtube/channel/UCLiFlLtPVy85vz0cmrsUU-A,-12,badcase,ASMR吃播向，属于明显的产品推广格式错配
4781,UCLiKiit5Ob3K3uJrCIIzOMg,XZ Log,https://cn.noxinfluencer.com/youtube/channel/UCLiKiit5Ob3K3uJrCIIzOMg,-15,badcase,射击运动频道，和吸尘器家居清洁受众明显不匹配
4782,UCLiKpoFybnpEOiHGqfXQS7A,Best Products Wow,https://cn.noxinfluencer.com/youtube/channel/UCLiKpoFybnpEOiHGqfXQS7A,0,badcase,无标签无内容，缺乏吸尘器相关证据
4783,UCLjjexStg69LlBoi1dUEd1g,Saraida & Jalen,https://cn.noxinfluencer.com/youtube/channel/UCLjjexStg69LlBoi1dUEd1g,1,badcase,仅生活泛标签，无清洁、家电、测评或购买意图证据
4784,UCLkCs6em5AYTeHVyYqLvjew,Leviticus45,https://cn.noxinfluencer.com/youtube/channel/UCLkCs6em5AYTeHVyYqLvjew,0,badcase,无标签无内容，无法判断与吸尘器推广相关
4785,UCLkv541lgyCcCoRqdwsl1NA,Top 5 Perfect Picks,https://cn.noxinfluencer.com/youtube/channel/UCLkv541lgyCcCoRqdwsl1NA,0,badcase,无标签、标题或近期内容证据，无法支持吸尘器推广相关性
4786,UCLlEU4St-ZJ73mNVEXgdrVA,miss Veronichka,https://cn.noxinfluencer.com/youtube/channel/UCLlEU4St-ZJ73mNVEXgdrVA,-15,badcase,娱乐搞笑频道，缺少吸尘器购买/测评/使用信号
4787,UCLla1vcmX2M45IwKKNVZuhw,2Teker2K Rider,https://cn.noxinfluencer.com/youtube/channel/UCLla1vcmX2M45IwKKNVZuhw,-15,badcase,游戏频道与吸尘器家电推广完全不相关
4788,UCLli_5zumfy6JOIwbj33Aww,Chatter-Puff,https://cn.noxinfluencer.com/youtube/channel/UCLli_5zumfy6JOIwbj33Aww,-10,badcase,娱乐/喜剧频道，与清洁家电推广场景明显不符
4789,UCLmyFntZwL-eiDrDKBQcXxg,DealDive,https://cn.noxinfluencer.com/youtube/channel/UCLmyFntZwL-eiDrDKBQcXxg,0,badcase,无标签和内容证据，无法支持吸尘器推广
4790,UCLn2OnwsEj3oIz34OQnJZ8w,Tech Picks,https://cn.noxinfluencer.com/youtube/channel/UCLn2OnwsEj3oIz34OQnJZ8w,0,badcase,无标签、无视频证据，无法证明与吸尘器推广相关
4791,UCLnaHoZpc3z0NdzEfzxSNrw,TV Anthology Reviews,https://cn.noxinfluencer.com/youtube/channel/UCLnaHoZpc3z0NdzEfzxSNrw,0,badcase,无相关标签与内容信号，难以支撑吸尘器推广
4792,UCLnzi15FiEZs70dugPNagxw,Jim Dandy,https://cn.noxinfluencer.com/youtube/channel/UCLnzi15FiEZs70dugPNagxw,-15,badcase,汽车维修/车型标签，和吸尘器推广场景明显不匹配
4793,UCLp5nTfNgs3c2FZO7gEEMFQ,TriskaSRSafiraSRErdyan,https://cn.noxinfluencer.com/youtube/channel/UCLp5nTfNgs3c2FZO7gEEMFQ,0,badcase,无标签无内容，缺少与吸尘器相关的推广依据
4794,UCLpVuLOJSVhyMXe96OycuVA,Interior Design Ideas for Home,https://cn.noxinfluencer.com/youtube/channel/UCLpVuLOJSVhyMXe96OycuVA,-15,badcase,游戏娱乐频道，属于强格式不匹配，不适合吸尘器推广
4795,UCLp_URaAod44UHCZWH56Bpw,TP-Link Global Support,https://cn.noxinfluencer.com/youtube/channel/UCLp_URaAod44UHCZWH56Bpw,2,badcase,仅有泛科技/生活标签，缺少清洁家电推广意图
4797,UCLqbNwrUt3P1ySp3zaIZfJQ,The Doodle Cast,https://cn.noxinfluencer.com/youtube/channel/UCLqbNwrUt3P1ySp3zaIZfJQ,0,badcase,无标签无内容，缺少任何相关性证据
4798,UCLrmHcqHlC_5E4pYV2ZRKiw,Russell “Tanning Bed” Dulaney,https://cn.noxinfluencer.com/youtube/channel/UCLrmHcqHlC_5E4pYV2ZRKiw,0,badcase,标签缺失，无法支持吸尘器推广
4799,UCLsUcdzgEobQmc-iYJLYZMg,FishBee Product Reviews,https://cn.noxinfluencer.com/youtube/channel/UCLsUcdzgEobQmc-iYJLYZMg,0,badcase,投影仪垂直，和吸尘器推广无关
4800,UCLsawfPSeUyfmjQKpP4TaXw,David's List of Reviews,https://cn.noxinfluencer.com/youtube/channel/UCLsawfPSeUyfmjQKpP4TaXw,0,badcase,无标签与内容证据，不适合投放
4801,UCLsg7-ywHS-R3qr28KBMJWA,The Gizmo Garage,https://cn.noxinfluencer.com/youtube/channel/UCLsg7-ywHS-R3qr28KBMJWA,-15,badcase,音乐/吉他娱乐频道，和吸尘器推广场景明显不符
4802,UCLstV4xK2gTPiqVbT3Fm_qg,ggShini,https://cn.noxinfluencer.com/youtube/channel/UCLstV4xK2gTPiqVbT3Fm_qg,0,badcase,无标签、标题或近期内容支持吸尘器推广相关性
4803,UCLt1HP9buuT35tmRlm9dQmQ,Gadget Grove,https://cn.noxinfluencer.com/youtube/channel/UCLt1HP9buuT35tmRlm9dQmQ,0,badcase,无标签、视频或召回证据支持吸尘器推广相关性
4804,UCLtStulw7XA-mdbb5npoffA,Betsy Mcdaniel,https://cn.noxinfluencer.com/youtube/channel/UCLtStulw7XA-mdbb5npoffA,0,badcase,无标签、视频或近期内容证据，缺乏吸尘器推广相关性
4805,UCLuS87arSNnD9xMPhB9v3WA,Instant Story,https://cn.noxinfluencer.com/youtube/channel/UCLuS87arSNnD9xMPhB9v3WA,-15,badcase,儿童故事娱乐频道，属于叙事内容，和吸尘器推广不匹配
4806,UCLuWgqv2JrOuurVERyNzOLA,MikuRide3939,https://cn.noxinfluencer.com/youtube/channel/UCLuWgqv2JrOuurVERyNzOLA,-15,badcase,游戏娱乐内容为主，与 vacuum cleaner 促销目标明显不匹配
4807,UCLvztUp66okXUXiyxQxr1og,Dol Haro,https://cn.noxinfluencer.com/youtube/channel/UCLvztUp66okXUXiyxQxr1og,0,badcase,无标签、无相关视频、无近期内容，缺少吸尘器推广相关证据
4808,UCLwFWrYji6b5UcHQ7o4BEvg,pexmode,https://cn.noxinfluencer.com/youtube/channel/UCLwFWrYji6b5UcHQ7o4BEvg,0,badcase,无标签、无相关视频、无近期内容证据，无法支持吸尘器推广
4809,UCLwj7EYWA-yinW-_-Zh5A0w,DailyZondeals,https://cn.noxinfluencer.com/youtube/channel/UCLwj7EYWA-yinW-_-Zh5A0w,0,badcase,无标签、无相关视频或近期内容，缺少吸尘器推广相关性证据
4811,UCLxTv2fWrXGBOlhDbeuM4iQ,SAHAI  LAO,https://cn.noxinfluencer.com/youtube/channel/UCLxTv2fWrXGBOlhDbeuM4iQ,-15,badcase,娱乐宠物内容为主，与吸尘器推广场景不匹配
4812,UCLxsKT0ozwFoQgpvbBl17CA,Paul Weber,https://cn.noxinfluencer.com/youtube/channel/UCLxsKT0ozwFoQgpvbBl17CA,-15,badcase,游戏频道主导，和吸尘器推广场景基本不相关
4813,UCLyAQJK-UiLMtt0IBjG6HCA,Review Reflections,https://cn.noxinfluencer.com/youtube/channel/UCLyAQJK-UiLMtt0IBjG6HCA,0,badcase,无标签、无相关视频、无近期内容证据，无法支持吸尘器推广
4814,UCLz0EgroesmqYdxhb9hmdgQ,Global Discount Network,https://cn.noxinfluencer.com/youtube/channel/UCLz0EgroesmqYdxhb9hmdgQ,-15,badcase,政治热梗和泛流量内容为主，与清洁电器推广不匹配
4816,UCLzfs_Fx03QxUasScLLNsWg,AHA Top Tech Everything,https://cn.noxinfluencer.com/youtube/channel/UCLzfs_Fx03QxUasScLLNsWg,0,badcase,无标签、无相关视频或近期内容，缺少吸尘器推广相关证据
4817,UCLzrD9-LuOUaYNDXMLl_BvA,Home And Kitchen,https://cn.noxinfluencer.com/youtube/channel/UCLzrD9-LuOUaYNDXMLl_BvA,0,badcase,无标签和内容信号，缺少与吸尘器推广相关的相关性证据
4818,UCLzrV-Sib4b_6BwCeSqDTJw,Daenerys Frame,https://cn.noxinfluencer.com/youtube/channel/UCLzrV-Sib4b_6BwCeSqDTJw,-15,badcase,电影娱乐频道，和吸尘器推广场景明显不匹配
4819,UCM-0_S25gcpP6OGWTy3ib8g,Waistedawaybeading by MaryK,https://cn.noxinfluencer.com/youtube/channel/UCM-0_S25gcpP6OGWTy3ib8g,1,badcase,仅有泛购物标签，缺少吸尘器或家居清洁相关信号
4820,UCM-Q80OAqasw8CK4U_w9j6g,Crippling Depression,https://cn.noxinfluencer.com/youtube/channel/UCM-Q80OAqasw8CK4U_w9j6g,-15,badcase,娱乐/VTuber频道，与吸尘器推广场景明显不符
4821,UCM-o6k09DtZhSyhp-9t237w,Best Review,https://cn.noxinfluencer.com/youtube/channel/UCM-o6k09DtZhSyhp-9t237w,0,badcase,无标签无内容证据，缺少吸尘器推广相关性
4822,UCM0JScxvwSGV-ufgaHYqBEg,Gadgets & Widgets,https://cn.noxinfluencer.com/youtube/channel/UCM0JScxvwSGV-ufgaHYqBEg,0,badcase,无标签、视频或近期内容证据，无法支持吸尘器推广召回
4824,UCM0uBI2LChgmlWjIQiwGsJA,Retha Jones,https://cn.noxinfluencer.com/youtube/channel/UCM0uBI2LChgmlWjIQiwGsJA,-15,badcase,频道为娱乐喜剧向，与吸尘器推广场景明显不符
4825,UCM29JpL4J9yvc4lAlQcw3yA,Arts3D,https://cn.noxinfluencer.com/youtube/channel/UCM29JpL4J9yvc4lAlQcw3yA,0,badcase,无标签、无视频证据，与吸尘器推广无关
4826,UCM2HFzGP2cgPQ8JhsFLEl0Q,MEKRA,https://cn.noxinfluencer.com/youtube/channel/UCM2HFzGP2cgPQ8JhsFLEl0Q,0,badcase,泛兴趣频道，缺少清洁家电相关语境
4827,UCM2PP78J4oFphX1nwusOIcw,BCStrike Reviews,https://cn.noxinfluencer.com/youtube/channel/UCM2PP78J4oFphX1nwusOIcw,0,badcase,无标签无内容证据，无法支持吸尘器推广
4828,UCM2tKIJ6_nq6cAq-9lQkL-g,Yo! Dan,https://cn.noxinfluencer.com/youtube/channel/UCM2tKIJ6_nq6cAq-9lQkL-g,-3,badcase,泛开箱信号弱，频道核心偏钓鱼爱好，缺少吸尘器推广相关性
4829,UCM3Ub5W9ZPQ49QmJRkFZu1g,EngineCo16  Channel,https://cn.noxinfluencer.com/youtube/channel/UCM3Ub5W9ZPQ49QmJRkFZu1g,-10,badcase,动物娱乐向，与吸尘器推广场景明显不符
4830,UCM3vQT_Y62VzneKgtNMwKPQ,Your Team Logo,https://cn.noxinfluencer.com/youtube/channel/UCM3vQT_Y62VzneKgtNMwKPQ,0,badcase,无标签无内容证据，无法判断为相关频道
4832,UCM5HQeC6sJdeCtR9Dg3EvRg,Dagang Couple Reviewer,https://cn.noxinfluencer.com/youtube/channel/UCM5HQeC6sJdeCtR9Dg3EvRg,-15,badcase,娱乐魔术内容与扫地机推广场景明显不符
4833,UCM5aeifvL85OamBV4pCKkyQ,Bobandelliothismustache,https://cn.noxinfluencer.com/youtube/channel/UCM5aeifvL85OamBV4pCKkyQ,0,badcase,胡须护理垂类，和吸尘器推广基本无关
4834,UCM7eLAOmevzjRQU753B7beA,Mojo,https://cn.noxinfluencer.com/youtube/channel/UCM7eLAOmevzjRQU753B7beA,0,badcase,历史知识频道，缺少家电或购物相关信号
4835,UCM818G34wgAZ8DgGAuskH7w,Oleg M.,https://cn.noxinfluencer.com/youtube/channel/UCM818G34wgAZ8DgGAuskH7w,0,badcase,无标签、相关视频或近期内容证据，无法支持吸尘器推广
4836,UCM8bG1ijqJfr0Nz17YWt85g,The Gadgets Judge,https://cn.noxinfluencer.com/youtube/channel/UCM8bG1ijqJfr0Nz17YWt85g,0,badcase,无标签、标题或近期内容证据支持吸尘器推广相关性
4837,UCM8kqQ3Ui_t0MgzsdyvuUHA,Kat Nia,https://cn.noxinfluencer.com/youtube/channel/UCM8kqQ3Ui_t0MgzsdyvuUHA,-5,badcase,时尚娱乐向，缺少清洁家电或购买意图
4840,UCM9JpKIOb1RfTl4_PeWllLw,Philly Tech Check,https://cn.noxinfluencer.com/youtube/channel/UCM9JpKIOb1RfTl4_PeWllLw,0,badcase,无标签和内容证据，无法证明适合吸尘器推广
4841,UCM9jQq1hPk6lPEaqNiZCMBg,Picksy Hub,https://cn.noxinfluencer.com/youtube/channel/UCM9jQq1hPk6lPEaqNiZCMBg,0,badcase,无标签与内容证据，和吸尘器推广无关
4842,UCMABHak-OpZbC7k3HT2P5yQ,Under Dunn,https://cn.noxinfluencer.com/youtube/channel/UCMABHak-OpZbC7k3HT2P5yQ,0,badcase,仅泛兴趣标签，缺少家电/测评/购买意图
4843,UCMAItp3HTzIXbzf3_BgCZaw,My Sweet Life,https://cn.noxinfluencer.com/youtube/channel/UCMAItp3HTzIXbzf3_BgCZaw,0,badcase,无标签与内容信号，不适合吸尘器推广
4845,UCMAzsXunIhMT-mqC9NbqEog,Product Zone,https://cn.noxinfluencer.com/youtube/channel/UCMAzsXunIhMT-mqC9NbqEog,-5,badcase,美妆发型频道与吸尘器推广场景明显不符
4846,UCMBsgLXCbgovoAxvg7GAnwA,Anabelle Sanchez,https://cn.noxinfluencer.com/youtube/channel/UCMBsgLXCbgovoAxvg7GAnwA,0,badcase,无相关标签或视频，无法支撑吸尘器推广
4847,UCMC4sfd6yFeGOMPQI5_l4VQ,Manjusha Chicago,https://cn.noxinfluencer.com/youtube/channel/UCMC4sfd6yFeGOMPQI5_l4VQ,0,badcase,无相关标签或视频，无法支撑吸尘器推广
4848,UCMCXnHUh3vzZlYSI-g__jPw,Houston Tamil Bro,https://cn.noxinfluencer.com/youtube/channel/UCMCXnHUh3vzZlYSI-g__jPw,0,badcase,仅通用生活/美食标签，与清洁电器推广无关
4850,UCMDGSLsZLVsQOr6I6e3mlwA,Makayla Samountry,https://cn.noxinfluencer.com/youtube/channel/UCMDGSLsZLVsQOr6I6e3mlwA,0,badcase,书评生活向，缺少家电或清洁购买意图
4851,UCMDnnp_WLn2CUx4tKI26Vtw,Miedo en la Noche,https://cn.noxinfluencer.com/youtube/channel/UCMDnnp_WLn2CUx4tKI26Vtw,-10,badcase,无标签、无相关视频，缺少吸尘器推广相关证据
4852,UCMDoGQEBNf-yBnUXugkjSYA,Oh Shiitake Mushrooms,https://cn.noxinfluencer.com/youtube/channel/UCMDoGQEBNf-yBnUXugkjSYA,-10,badcase,娱乐搞笑类频道，和吸尘器推广场景明显不匹配
4853,UCMDu0BTaOj2E99uRL8kJ2rQ,Russ Godfrey - The RowdyDawg,https://cn.noxinfluencer.com/youtube/channel/UCMDu0BTaOj2E99uRL8kJ2rQ,-10,badcase,频道主轴为健身健康，与吸尘器家电推广不匹配
4855,UCMGkwgOomR02Gh9McAXXrVg,Steven Lam,https://cn.noxinfluencer.com/youtube/channel/UCMGkwgOomR02Gh9McAXXrVg,0,badcase,无标签、无相关视频、无近期内容证据，无法支持吸尘器推广
4856,UCMGt6Aa4gmnwLCYJDM5hEPA,Robins Family Homestead,https://cn.noxinfluencer.com/youtube/channel/UCMGt6Aa4gmnwLCYJDM5hEPA,-2,badcase,家庭农场宠物生活频道，仅弱场景重合，无清洁家电推广意图
4857,UCMH2L97v5zJiN5URL6ktkAQ,Dıytps,https://cn.noxinfluencer.com/youtube/channel/UCMH2L97v5zJiN5URL6ktkAQ,0,badcase,无标签无内容证据，无法判断为相关频道
4859,UCMHUH522Wvkgv7d7MRA-V7A,Thỏ con Tv,https://cn.noxinfluencer.com/youtube/channel/UCMHUH522Wvkgv7d7MRA-V7A,-20,badcase,ASMR/满足感内容为主，属于产品推广格式不匹配
4860,UCMHyw-R0dJ-73quZTpGlOoQ,MainStreamGifts,https://cn.noxinfluencer.com/youtube/channel/UCMHyw-R0dJ-73quZTpGlOoQ,0,badcase,无标签无内容证据，相关性缺失
4861,UCMISaWEv9trPxZ9laKjD7ig,scifiguy02,https://cn.noxinfluencer.com/youtube/channel/UCMISaWEv9trPxZ9laKjD7ig,0,badcase,无标签、无相关视频或近期内容，缺乏吸尘器推广相关性
4862,UCMJeEc10j91D6VVX_frggPg,Tech Truth Reviews,https://cn.noxinfluencer.com/youtube/channel/UCMJeEc10j91D6VVX_frggPg,0,badcase,缺少吸尘器或家电相关信号，相关性不足
4864,UCML7RFZbUpLgikfKfJtjbEQ,Sassy Auto Chick,https://cn.noxinfluencer.com/youtube/channel/UCML7RFZbUpLgikfKfJtjbEQ,-20,badcase,ASMR+汽车向，属于明显格式与主题不匹配
4865,UCMMByRMg28FfITWModtcIsg,Cats Bombing 🐱💛,https://cn.noxinfluencer.com/youtube/channel/UCMMByRMg28FfITWModtcIsg,0,badcase,无吸尘器或清洁家电推广相关信号，频道名偏猫内容
4868,UCMMa4x5zuu3XTxwvyT9sY0A,Jose’s review,https://cn.noxinfluencer.com/youtube/channel/UCMMa4x5zuu3XTxwvyT9sY0A,0,badcase,无标签无内容，缺少任何相关信号
4869,UCMN-lSIZ6haULvQCrdubftw,K&D Family,https://cn.noxinfluencer.com/youtube/channel/UCMN-lSIZ6haULvQCrdubftw,-15,badcase,整蛊娱乐频道，和家电推广场景明显不匹配
4870,UCMNADDYuD4UUOEBOvFxqvHQ,The Animal Explorer,https://cn.noxinfluencer.com/youtube/channel/UCMNADDYuD4UUOEBOvFxqvHQ,0,badcase,无标签无内容，无法支持吸尘器推广
4871,UCMNJacg2HHRcY-jTQALvRQg,Homestead Bandwagon Reviews,https://cn.noxinfluencer.com/youtube/channel/UCMNJacg2HHRcY-jTQALvRQg,0,badcase,无标签和视频证据，无法判断与真空吸尘器推广相关
4872,UCMNprKWC5SjT4U1c1EDrK5g,Gadget Museum,https://cn.noxinfluencer.com/youtube/channel/UCMNprKWC5SjT4U1c1EDrK5g,0,badcase,无标签和视频证据，无法判断与真空吸尘器推广相关
4873,UCMO8w2LvBbhwNkl0ZFUHNUw,The Best Picker,https://cn.noxinfluencer.com/youtube/channel/UCMO8w2LvBbhwNkl0ZFUHNUw,0,badcase,无标签和视频证据，无法判断与真空吸尘器推广相关
4874,UCMOKzM-giC_Cgodw0mnmt7A,Gamer Boy Sharaz,https://cn.noxinfluencer.com/youtube/channel/UCMOKzM-giC_Cgodw0mnmt7A,-15,badcase,游戏内容域与真空吸尘器推广明显不符
4875,UCMOWmfJurypeABNhFFMyiHQ,Dean Reviews,https://cn.noxinfluencer.com/youtube/channel/UCMOWmfJurypeABNhFFMyiHQ,0,badcase,无标签和视频证据，无法判断与真空吸尘器推广相关
4876,UCMO_sIHTZBW1o6FQ_NN8StA,Maloj Peacher,https://cn.noxinfluencer.com/youtube/channel/UCMO_sIHTZBW1o6FQ_NN8StA,0,badcase,以旅游娱乐为主，和吸尘器推广缺少产品/购买场景相关性
4877,UCMObNfqUi_IN94wAUNsd1dg,MissJess Review!,https://cn.noxinfluencer.com/youtube/channel/UCMObNfqUi_IN94wAUNsd1dg,0,badcase,无标签无内容信号，无法证明与吸尘器推广相关
4878,UCMPBSep7COfy6gNU5vqwSrA,tao,https://cn.noxinfluencer.com/youtube/channel/UCMPBSep7COfy6gNU5vqwSrA,0,badcase,无标签无内容信号，无法判断有吸尘器推广相关性
4880,UCMQ2UT3ZbSeBTyFyVRRMFDg,Mythical Mama Reviews,https://cn.noxinfluencer.com/youtube/channel/UCMQ2UT3ZbSeBTyFyVRRMFDg,0,badcase,无标签无内容信号，无法证明与吸尘器推广相关
4881,UCMRBiI8I-hv9X3RAo1osbaQ,Sabov family,https://cn.noxinfluencer.com/youtube/channel/UCMRBiI8I-hv9X3RAo1osbaQ,-15,badcase,娱乐喜剧内容，和吸尘器推广场景明显不符
4882,UCMRLcEFhg_ZA8FiQ-pNyWyA,Reviews With The Small Space Mom,https://cn.noxinfluencer.com/youtube/channel/UCMRLcEFhg_ZA8FiQ-pNyWyA,0,badcase,缺少标签和近期内容，无法证明吸尘器推广相关性
4883,UCMSYF20D1EBXdy3TNcI8W4g,BeatTheBush DIY,https://cn.noxinfluencer.com/youtube/channel/UCMSYF20D1EBXdy3TNcI8W4g,1,badcase,仅有泛科技弱相关，无清洁家电评测或购买意图证据
4884,UCMS_7nAYCmzslMOiZHumwag,Arianna Hailey,https://cn.noxinfluencer.com/youtube/channel/UCMS_7nAYCmzslMOiZHumwag,-10,badcase,以娱乐喜剧为主，和吸尘器产品推广不匹配
4886,UCMTq-oZYxbr80AK7kXxc98A,Wealth Professor,https://cn.noxinfluencer.com/youtube/channel/UCMTq-oZYxbr80AK7kXxc98A,-15,badcase,金融/股票频道，和吸尘器这类家电推广不相关
4887,UCMUda-ju1_Q1MVLypGyMXCQ,Rotha Mea,https://cn.noxinfluencer.com/youtube/channel/UCMUda-ju1_Q1MVLypGyMXCQ,0,badcase,无标签、无相关视频、无近期内容，缺少吸尘器推广相关证据
4888,UCMV-M_AlBFz-D_WRnbPX4sg,Naain's Production,https://cn.noxinfluencer.com/youtube/channel/UCMV-M_AlBFz-D_WRnbPX4sg,0,badcase,无标签、相关视频或近期内容证据，无法支持吸尘器推广相关性
4889,UCMWu1Uz7PUYRIkCvCVErGxg,Amazon Things You Should Purchase Right Away,https://cn.noxinfluencer.com/youtube/channel/UCMWu1Uz7PUYRIkCvCVErGxg,0,badcase,无标签、相关视频或近期内容证据，无法支持吸尘器推广
4890,UCMWwwUHsFQR0k5fpJANnoIA,Sami lee,https://cn.noxinfluencer.com/youtube/channel/UCMWwwUHsFQR0k5fpJANnoIA,0,badcase,无标签、相关视频或近期内容证据，无法支持吸尘器推广
4891,UCMXIqoBC13dPsA6sXkuQaQQ,Origin Techies,https://cn.noxinfluencer.com/youtube/channel/UCMXIqoBC13dPsA6sXkuQaQQ,-15,badcase,车辆/交通向，和吸尘器家电推广场景不符
4892,UCMXppZrI3cn0Yv0gByugcdQ,Randi's Adventures,https://cn.noxinfluencer.com/youtube/channel/UCMXppZrI3cn0Yv0gByugcdQ,0,badcase,户外RV生活频道，与吸尘器推广无直接或购买场景相关
4894,UCMZFtU5SVVF0v4ksEV-BmXQ,Samer,https://cn.noxinfluencer.com/youtube/channel/UCMZFtU5SVVF0v4ksEV-BmXQ,1,badcase,仅泛电子标签，频道偏手机电脑，与吸尘器推广相关性弱
4895,UCMZzY61mamzUFhQjBlzM9Uw,Unique Shopping Corner,https://cn.noxinfluencer.com/youtube/channel/UCMZzY61mamzUFhQjBlzM9Uw,0,badcase,无标签、无相关视频或近期内容，缺少吸尘器推广相关证据
4896,UCM_088IedeWM0lj5j8KGR7w,latest gadget,https://cn.noxinfluencer.com/youtube/channel/UCM_088IedeWM0lj5j8KGR7w,0,badcase,无标签无内容证据，和吸尘器推广无关
4898,UCM_fQvMeWxmsrokUmj5UoIQ,Bike Beat,https://cn.noxinfluencer.com/youtube/channel/UCM_fQvMeWxmsrokUmj5UoIQ,1,badcase,偏生活户外，只有泛科技词，和吸尘器关联弱
4899,UCMa9tANpOSJhLCIXvbjdzKA,Total Care Hub,https://cn.noxinfluencer.com/youtube/channel/UCMa9tANpOSJhLCIXvbjdzKA,0,badcase,无标签无内容证据，无法判断适配吸尘器推广
4900,UCMaIcia_6QuLbL5RG9nHU4g,winnie pooh,https://cn.noxinfluencer.com/youtube/channel/UCMaIcia_6QuLbL5RG9nHU4g,0,badcase,无标签无内容证据，相关性不足
4901,UCMal8IFRq9TjuNrHIlkUQmA,Sandoczka,https://cn.noxinfluencer.com/youtube/channel/UCMal8IFRq9TjuNrHIlkUQmA,-5,badcase,宠物犬频道，与吸尘器推广场景无关
4902,UCMbUxJG6PamZKunFJ57UBBA,Calm amidst the noise,https://cn.noxinfluencer.com/youtube/channel/UCMbUxJG6PamZKunFJ57UBBA,-12,badcase,频道名偏静音氛围向，缺少吸尘器使用或购买语境
4903,UCMcDgKAZozZvHBGUFW10Rxg,Zebby's Little Audios,https://cn.noxinfluencer.com/youtube/channel/UCMcDgKAZozZvHBGUFW10Rxg,-15,badcase,ASMR/娱乐型内容与吸尘器推广场景明显不匹配
4904,UCMdyy4_0h4crEcl9Tevmntg,Creative Obor,https://cn.noxinfluencer.com/youtube/channel/UCMdyy4_0h4crEcl9Tevmntg,3,badcase,仅有DIY/电池/制作弱相关，无吸尘器评测或购买意图
4905,UCMeqqoMAsWvJP85Uxj-0hbw,Shahbaz Ahmad Sanmal,https://cn.noxinfluencer.com/youtube/channel/UCMeqqoMAsWvJP85Uxj-0hbw,-15,badcase,纯娱乐喜剧内容，基本不具备清洁家电推广语境
4907,UCMgZAhIS0ynj3l6XFuI_Nvw,Zoo-m In,https://cn.noxinfluencer.com/youtube/channel/UCMgZAhIS0ynj3l6XFuI_Nvw,0,badcase,无标签、无内容信号，无法支持吸尘器推广
4908,UCMh79RL_YQboiEsDdd9tAFA,Much Boniello,https://cn.noxinfluencer.com/youtube/channel/UCMh79RL_YQboiEsDdd9tAFA,0,badcase,无标签、无内容信号，无法支持吸尘器推广
4909,UCMjBJZHwH9PanbEjkWhvYOA,Top Secure Tools,https://cn.noxinfluencer.com/youtube/channel/UCMjBJZHwH9PanbEjkWhvYOA,0,badcase,无标签、无内容信号，无法支持吸尘器推广
4910,UCMjqvgp_jc6Tf-4CFaNR3VQ,ScoobyAddicts,https://cn.noxinfluencer.com/youtube/channel/UCMjqvgp_jc6Tf-4CFaNR3VQ,-15,badcase,以娱乐和玩具收藏为主，和吸尘器推广明显不符
4911,UCMjrP1TrrqpXK5NiE87kZ_A,The Dad Job,https://cn.noxinfluencer.com/youtube/channel/UCMjrP1TrrqpXK5NiE87kZ_A,0,badcase,无清洁器、家居清洁或评测相关信号
4912,UCMk85-YTMXP5uWVNq-pt_Ag,Jorge Flores,https://cn.noxinfluencer.com/youtube/channel/UCMk85-YTMXP5uWVNq-pt_Ag,0,badcase,商业赚钱类频道，与吸尘器推广场景不相关
4913,UCMkNGNzzRQ6c2o14nI3v58w,EZ DIY,https://cn.noxinfluencer.com/youtube/channel/UCMkNGNzzRQ6c2o14nI3v58w,0,badcase,缺少清洁器、测评或购买导向内容
4914,UCMlccg6TFrsCbxtncgWNwiw,Thomas reviews,https://cn.noxinfluencer.com/youtube/channel/UCMlccg6TFrsCbxtncgWNwiw,0,badcase,仅从频道名看像评测号，但无清晰吸尘器证据
4915,UCMm4aVMjBPvlYJR6RB3GaZw,Novaguy383,https://cn.noxinfluencer.com/youtube/channel/UCMm4aVMjBPvlYJR6RB3GaZw,0,badcase,没有任何与吸尘器相关的标签或视频信号
4916,UCMnJuJs9pBAYgY-3NPuWnbA,youtwoTV,https://cn.noxinfluencer.com/youtube/channel/UCMnJuJs9pBAYgY-3NPuWnbA,-15,badcase,娱乐搞笑为主，和吸尘器促销场景无关
4917,UCMp2_VQ4mHMGW94VrGcCUsA,Tech with Jerad,https://cn.noxinfluencer.com/youtube/channel/UCMp2_VQ4mHMGW94VrGcCUsA,1,badcase,偏消费电子泛科技，无吸尘器测评或家电清洁推广证据
4918,UCMp5tUUbkd_tfuDt05ePPZQ,Jitu parmar Jitu,https://cn.noxinfluencer.com/youtube/channel/UCMp5tUUbkd_tfuDt05ePPZQ,0,badcase,无标签或视频证据支持吸尘器推广相关性
4919,UCMpOxeNKqAxbzvhUAo2AabQ,Martino Motorsports,https://cn.noxinfluencer.com/youtube/channel/UCMpOxeNKqAxbzvhUAo2AabQ,-15,badcase,赛车汽车垂类，和家用吸尘器推广场景不匹配
4920,UCMpoVtOVQiJ731JYbT4vn0g,Alicorn Shop,https://cn.noxinfluencer.com/youtube/channel/UCMpoVtOVQiJ731JYbT4vn0g,0,badcase,无标签、标题或近期内容证据支持吸尘器推广相关性
4921,UCMrdI_TW51gikHWyISkDbzw,Ramya's Moments,https://cn.noxinfluencer.com/youtube/channel/UCMrdI_TW51gikHWyISkDbzw,0,badcase,旅行 vlog 标签，与吸尘器推广无关
4922,UCMrfQUGqh6CZObLpzgMSwrw,Lou Adzima,https://cn.noxinfluencer.com/youtube/channel/UCMrfQUGqh6CZObLpzgMSwrw,0,badcase,无标签、无相关视频、无近期内容证据，无法支持吸尘器推广
4923,UCMs8aHMOS0J6Kgul8P5tehg,Online Electro Home,https://cn.noxinfluencer.com/youtube/channel/UCMs8aHMOS0J6Kgul8P5tehg,0,badcase,无标签或内容证据支持吸尘器推广相关性
4924,UCMsYJ-ut41c0WoGCfil4SVQ,Hamham ASMR,https://cn.noxinfluencer.com/youtube/channel/UCMsYJ-ut41c0WoGCfil4SVQ,-30,badcase,ASMR/助眠放松型，和吸尘器推广格式严重错配
4925,UCMsnkP41yhBVWnjSY4IdzXQ,Best Al Express,https://cn.noxinfluencer.com/youtube/channel/UCMsnkP41yhBVWnjSY4IdzXQ,0,badcase,无标签、无相关视频、无近期内容证据，无法支持吸尘器推广
4926,UCMswOrrK-vfHdtkN-qj8YcQ,The Blue Tade,https://cn.noxinfluencer.com/youtube/channel/UCMswOrrK-vfHdtkN-qj8YcQ,-15,badcase,娱乐动画游戏向，和吸尘器推广场景明显不符
4927,UCMt6KwgXeiez6iPVTWQXIAQ,groovy entertainment,https://cn.noxinfluencer.com/youtube/channel/UCMt6KwgXeiez6iPVTWQXIAQ,-15,badcase,娱乐音乐向频道，缺少家电/测评/购买导向
4928,UCMtFf9ScF1TNYQE8ZZGFMBw,MellstroyBear memes,https://cn.noxinfluencer.com/youtube/channel/UCMtFf9ScF1TNYQE8ZZGFMBw,0,badcase,无标签、无相关视频证据，无法支持吸尘器推广召回
4929,UCMtRsyurpLyMlfzhmyvidzA,Introvert With Opinions,https://cn.noxinfluencer.com/youtube/channel/UCMtRsyurpLyMlfzhmyvidzA,0,badcase,无标签、标题或近期内容支持吸尘器推广相关性
4930,UCMv7fpEjz6F6_jyPM47qf4w,petrix kluipertt,https://cn.noxinfluencer.com/youtube/channel/UCMv7fpEjz6F6_jyPM47qf4w,0,badcase,无标签、无相关视频或近期内容，缺乏吸尘器推广相关性
4932,UCMvLLoYyQIcEXm0Vy7Tk95g,AliExpress Deals!,https://cn.noxinfluencer.com/youtube/channel/UCMvLLoYyQIcEXm0Vy7Tk95g,0,badcase,无标签无内容，缺少吸尘器推广相关信号
4933,UCMvTKi7Bi0I8xoWpBMbCNBQ,MUSICMAMA MAKES MOVIES!,https://cn.noxinfluencer.com/youtube/channel/UCMvTKi7Bi0I8xoWpBMbCNBQ,-15,badcase,宠物搞笑娱乐频道，与吸尘器产品推广场景不匹配
4934,UCMvk-o0oN-j7x-Wb0F4TfUg,Raul’s Aquatics and Reptiles,https://cn.noxinfluencer.com/youtube/channel/UCMvk-o0oN-j7x-Wb0F4TfUg,-15,badcase,宠物水族频道，与吸尘器推广场景和购买意图不匹配
4935,UCMvndRMMjBt4_x4KGS0uZDA,Pitla World,https://cn.noxinfluencer.com/youtube/channel/UCMvndRMMjBt4_x4KGS0uZDA,0,badcase,无标签无内容，无法建立吸尘器推广相关性
4936,UCMw2EaLyv7eN6GZcCp8F16w,One Good Review,https://cn.noxinfluencer.com/youtube/channel/UCMw2EaLyv7eN6GZcCp8F16w,0,badcase,无标签和近期内容，缺少与吸尘器推广相关信号
4937,UCMwFd5hyLKz-5sVOW64Wn1Q,Alex's Insights,https://cn.noxinfluencer.com/youtube/channel/UCMwFd5hyLKz-5sVOW64Wn1Q,0,badcase,无标签和近期内容，缺少与吸尘器推广相关信号
4938,UCMx3s7ex4s_cTxHiOy5X7ZQ,24/7 Doodles,https://cn.noxinfluencer.com/youtube/channel/UCMx3s7ex4s_cTxHiOy5X7ZQ,-15,badcase,娱乐动画类，和家电推广场景明显不匹配
4939,UCMxDlK_sbpK0xFc9q81EoaQ,KWASYO,https://cn.noxinfluencer.com/youtube/channel/UCMxDlK_sbpK0xFc9q81EoaQ,0,badcase,无标签和近期内容，缺少与吸尘器推广相关信号
4940,UCMxF7I4KSvm3TZN-73gCtDw,Cute Cat,https://cn.noxinfluencer.com/youtube/channel/UCMxF7I4KSvm3TZN-73gCtDw,0,badcase,缺少品类与购买/评测信号，难支持吸尘器推广
4941,UCMyGvN9b44IwPa69sNLzwtA,Wood Products,https://cn.noxinfluencer.com/youtube/channel/UCMyGvN9b44IwPa69sNLzwtA,-5,badcase,木工手作/工艺频道，与吸尘器产品推广场景不匹配
4942,UCMylvVqlLGkh03Qv_tE2KDQ,More To Meek,https://cn.noxinfluencer.com/youtube/channel/UCMylvVqlLGkh03Qv_tE2KDQ,0,badcase,频道为泛生活vlog，无清洁器相关受众或购买意图信号
4943,UCMzdMmRXRjr2rAYKimR9LCA,Emily Jennings,https://cn.noxinfluencer.com/youtube/channel/UCMzdMmRXRjr2rAYKimR9LCA,0,badcase,无标签无内容，无法支撑vacuum cleaner推广相关性
4944,UCMzxH4m-J8fA-8na2X06HYQ,Winning Pick,https://cn.noxinfluencer.com/youtube/channel/UCMzxH4m-J8fA-8na2X06HYQ,0,badcase,无标签无内容，缺少任何与清洁器推广相关的证据
4945,UCMzy5_pULjBzsj_ww_zcU0A,Rehart Taras,https://cn.noxinfluencer.com/youtube/channel/UCMzy5_pULjBzsj_ww_zcU0A,0,badcase,无标签无内容，缺少任何与清洁器推广相关的证据
4946,UCN-fHYRrw-sb-AW6UTK8e2Q,Cathy’s Life in USA,https://cn.noxinfluencer.com/youtube/channel/UCN-fHYRrw-sb-AW6UTK8e2Q,0,badcase,无相关标签或内容，缺少推广匹配信号
4947,UCN-uLUCrIebJ93iwTviBH-g,Dolly Toy,https://cn.noxinfluencer.com/youtube/channel/UCN-uLUCrIebJ93iwTviBH-g,-25,badcase,ASMR/娱乐为强格式不匹配，适合度极低
4948,UCN0Un65VtDg2TbnJnxtHrqw,Giggles & Adventures Nursery Rhymes,https://cn.noxinfluencer.com/youtube/channel/UCN0Un65VtDg2TbnJnxtHrqw,0,badcase,无标签无内容，和吸尘器推广无关
4949,UCN0_CGPJ_o9_vOK65__X9yQ,Tinkering With Tiny Humans,https://cn.noxinfluencer.com/youtube/channel/UCN0_CGPJ_o9_vOK65__X9yQ,0,badcase,缺少任何家电或评测信号，相关性不足
4950,UCN0qFfdZhfMioMoY-gTQAxA,Bassocantor,https://cn.noxinfluencer.com/youtube/channel/UCN0qFfdZhfMioMoY-gTQAxA,3,badcase,仅有泛化科技/消费电子标签，缺少购买或评测意图
4951,UCN17uXdfQnW95Y2mE8RLVdA,ELECTRONICS and TECH NEWS,https://cn.noxinfluencer.com/youtube/channel/UCN17uXdfQnW95Y2mE8RLVdA,0,badcase,无标签、无相关视频，电子科技资讯频道与吸尘器推广缺乏相关性
4952,UCN1AK4wWjeJRtq_syUvA2bA,General Dose of Games,https://cn.noxinfluencer.com/youtube/channel/UCN1AK4wWjeJRtq_syUvA2bA,-15,badcase,游戏频道，和吸尘器推广场景明显不相关
4954,UCN3WnjcOakDB1sYkEbkZRoA,Products for beauty and health,https://cn.noxinfluencer.com/youtube/channel/UCN3WnjcOakDB1sYkEbkZRoA,0,badcase,偏美妆健康泛品类，缺少吸尘器购买或测评信号
4955,UCN46oZGvFWh_dteGrUSTA1A,Best Reviews,https://cn.noxinfluencer.com/youtube/channel/UCN46oZGvFWh_dteGrUSTA1A,0,badcase,无标签、无相关视频信号，缺少吸尘器推广相关性
4956,UCN4rCG54RN-7EggJyQECzDA,Marilou Perdiz,https://cn.noxinfluencer.com/youtube/channel/UCN4rCG54RN-7EggJyQECzDA,1,badcase,生活方式泛标签，缺少吸尘器购买或清洁场景
4957,UCN50FugHe-GwnG-0mfXJa4Q,Dan the Fix it Man,https://cn.noxinfluencer.com/youtube/channel/UCN50FugHe-GwnG-0mfXJa4Q,-13,badcase,频道主域是汽车维修DIY，缺少吸尘器/清洁电器推广证据
4958,UCN5A05E-g98w2GmrzgtwCLA,World Review Zone,https://cn.noxinfluencer.com/youtube/channel/UCN5A05E-g98w2GmrzgtwCLA,0,badcase,无标签无内容，缺少任何相关信号
4959,UCN5_wPzzbzH1mMQGscOrXhg,fashiglow,https://cn.noxinfluencer.com/youtube/channel/UCN5_wPzzbzH1mMQGscOrXhg,0,badcase,无标签无内容，缺少任何相关信号
4960,UCN5a9apoEiwKETFQfIfIWDA,DJleaD1981 lea,https://cn.noxinfluencer.com/youtube/channel/UCN5a9apoEiwKETFQfIfIWDA,-5,badcase,音乐娱乐为主，属明显的产品推广场景不匹配
4961,UCN5hqN21QuRblV5YjBMT7MQ,Sardonic MJ,https://cn.noxinfluencer.com/youtube/channel/UCN5hqN21QuRblV5YjBMT7MQ,0,badcase,标签仅娱乐/生活/音乐，与吸尘器推广无关
4963,UCNAJRSzN-DpsoAzg4IdEk-g,JoyfulCamping,https://cn.noxinfluencer.com/youtube/channel/UCNAJRSzN-DpsoAzg4IdEk-g,0,badcase,旅游露营频道，缺少清洁/家电购买意图，和吸尘器推广不相关
4964,UCNAObFu4kmYxLcMf5l_7QGw,Adoric,https://cn.noxinfluencer.com/youtube/channel/UCNAObFu4kmYxLcMf5l_7QGw,0,badcase,无标签、无相关视频，缺少吸尘器推广相关性证据
4965,UCNAbh69FwkBkrlKFoXzWp_w,The Pet Psychic,https://cn.noxinfluencer.com/youtube/channel/UCNAbh69FwkBkrlKFoXzWp_w,-15,badcase,宠物通灵频道，与吸尘器推广场景明显不符
4966,UCNAlQXf2mlaNfeSiHdiN92g,Financial Harvest,https://cn.noxinfluencer.com/youtube/channel/UCNAlQXf2mlaNfeSiHdiN92g,0,badcase,标签偏能源电力，与吸尘器推广无关
4967,UCNBWWvX5cwyfDp5l3fIceOw,Jessica Pelletier,https://cn.noxinfluencer.com/youtube/channel/UCNBWWvX5cwyfDp5l3fIceOw,0,badcase,无标签无内容，缺少与吸尘器相关证据
4968,UCNBik3tBpqcBf6Vl4aNpEeA,allnewuptech,https://cn.noxinfluencer.com/youtube/channel/UCNBik3tBpqcBf6Vl4aNpEeA,0,badcase,无标签无内容，无法判断为适合推广
4970,UCNBynuf_33hLsDnzXmfH9SA,Prime Tech,https://cn.noxinfluencer.com/youtube/channel/UCNBynuf_33hLsDnzXmfH9SA,0,badcase,无可用标签与内容信号，相关性不足
4972,UCNCGgjtifIw1xrW17hBUXVA,The Lab Daily,https://cn.noxinfluencer.com/youtube/channel/UCNCGgjtifIw1xrW17hBUXVA,0,badcase,无标签、无相关视频、无近期内容证据支持吸尘器推广
4973,UCNCI3wAd1iSt8PYMCI_IS9w,Gadget Guide Pro,https://cn.noxinfluencer.com/youtube/channel/UCNCI3wAd1iSt8PYMCI_IS9w,0,badcase,无标签、无相关视频、无近期内容，缺少吸尘器推广相关证据
4974,UCNCYZab7e7IDgHz3l8GFZ_g,Fluffy Puppy Tails,https://cn.noxinfluencer.com/youtube/channel/UCNCYZab7e7IDgHz3l8GFZ_g,0,badcase,宠物向频道，与人用吸尘器推广场景不匹配
4975,UCND0xKZS7Bhq4Ct4vOO-M4Q,BenjaBenji,https://cn.noxinfluencer.com/youtube/channel/UCND0xKZS7Bhq4Ct4vOO-M4Q,-12,badcase,ASMR格式与吸尘器导购/推广存在强格式错配
4976,UCNDCWnayPeR6jDU8IRaSjPw,Just Gabe VR,https://cn.noxinfluencer.com/youtube/channel/UCNDCWnayPeR6jDU8IRaSjPw,0,badcase,VR游戏频道，缺少吸尘器购买或测评语境
4977,UCNDDmjCVRs9lSQ1H7bAS09Q,The Unbutchered Cats🚫✂️,https://cn.noxinfluencer.com/youtube/channel/UCNDDmjCVRs9lSQ1H7bAS09Q,0,badcase,无标签、无相关视频、无近期内容证据支持吸尘器推广
4978,UCNElBKS26SZnuFd1h63PsVQ,Global Deal Explorer,https://cn.noxinfluencer.com/youtube/channel/UCNElBKS26SZnuFd1h63PsVQ,0,badcase,无标签、无相关视频或近期内容，缺少吸尘器推广相关证据
4979,UCNEmWcAfjzKOCXThkq8kjyg,Ceapest Gadgets,https://cn.noxinfluencer.com/youtube/channel/UCNEmWcAfjzKOCXThkq8kjyg,0,badcase,无标签、相关标题或近期内容证据，无法支持吸尘器推广
4980,UCNF-JrU11bL4HYS1E6NKU0g,5BestOnes,https://cn.noxinfluencer.com/youtube/channel/UCNF-JrU11bL4HYS1E6NKU0g,0,badcase,无标签或视频证据支持吸尘器推广相关性
4981,UCNGHcKJR0AY9ElK_cHP5tXg,MS.EVANS_88,https://cn.noxinfluencer.com/youtube/channel/UCNGHcKJR0AY9ElK_cHP5tXg,0,badcase,无标签、无相关标题，和吸尘器推广几乎无关
4982,UCNGOvfv3HG9O43svkgDX-dQ,The Cleaning Spear,https://cn.noxinfluencer.com/youtube/channel/UCNGOvfv3HG9O43svkgDX-dQ,0,badcase,无标签、无相关标题，和吸尘器推广几乎无关
4983,UCNGvlIRBTURmTqU8rknmawg,Cassjcass,https://cn.noxinfluencer.com/youtube/channel/UCNGvlIRBTURmTqU8rknmawg,0,badcase,无标签、无相关标题，和吸尘器推广几乎无关
4984,UCNIHJZruWcFEeVX7N-J9L8A,DIY Miniature Clay,https://cn.noxinfluencer.com/youtube/channel/UCNIHJZruWcFEeVX7N-J9L8A,0,badcase,手工/迷你手工主题，和吸尘器家电推广不匹配
4988,UCNKEzd0J_jCn-M7b6O9q4-w,MsMonique Love,https://cn.noxinfluencer.com/youtube/channel/UCNKEzd0J_jCn-M7b6O9q4-w,0,badcase,无有效标签或内容信号，无法支持家电推广
4989,UCNKcavV4wx1SAVROXm2FiRw,TTN,https://cn.noxinfluencer.com/youtube/channel/UCNKcavV4wx1SAVROXm2FiRw,-15,badcase,赌博扑克频道，与 vacuum cleaner 推广场景不符
4990,UCNL-kWhu1v07NPonc-ntMHA,Xiao Miauw,https://cn.noxinfluencer.com/youtube/channel/UCNL-kWhu1v07NPonc-ntMHA,-15,badcase,宠物剧情短视频，和家电推广场景不符
4991,UCNLKM9C5mcbAiuz-U9c4mIA,Theresa Kettler,https://cn.noxinfluencer.com/youtube/channel/UCNLKM9C5mcbAiuz-U9c4mIA,0,badcase,健康饮食频道，与吸尘器推广缺少场景关联
4992,UCNLb9gw8Vm-YXaL0F88XGzg,BADUMP,https://cn.noxinfluencer.com/youtube/channel/UCNLb9gw8Vm-YXaL0F88XGzg,0,badcase,无标签无内容信号，无法支撑吸尘器推广
4993,UCNLbrlWWVXvh7LROIkrhZDw,theoampreneur,https://cn.noxinfluencer.com/youtube/channel/UCNLbrlWWVXvh7LROIkrhZDw,-10,badcase,娱乐/电影向频道，缺少清洁家电或测评购买意图
4994,UCNLdqhBwGzscezZwsdcm0SA,SuperHeroKids,https://cn.noxinfluencer.com/youtube/channel/UCNLdqhBwGzscezZwsdcm0SA,-15,badcase,儿童喜剧娱乐频道，和吸尘器推广场景明显不匹配
4995,UCNLq79-4MkCJMwnyBjlCMPg,dianah wastut,https://cn.noxinfluencer.com/youtube/channel/UCNLq79-4MkCJMwnyBjlCMPg,0,badcase,无标签无内容信号，无法支撑吸尘器推广
4996,UCNMPsZPuYp6hVSSSgX3rpPw,TopFinds Lab,https://cn.noxinfluencer.com/youtube/channel/UCNMPsZPuYp6hVSSSgX3rpPw,0,badcase,无标签、无相关视频、无近期内容，缺少吸尘器推广相关证据
4998,UCNMhaZT3GckcL5Gq6E8h1mA,Jana Hines,https://cn.noxinfluencer.com/youtube/channel/UCNMhaZT3GckcL5Gq6E8h1mA,0,badcase,无标签、无相关视频、无近期内容，缺少吸尘器推广相关证据
4999,UCNMjUHPkhx5d31R5q0NTy7Q,Animals Hilarious Moments,https://cn.noxinfluencer.com/youtube/channel/UCNMjUHPkhx5d31R5q0NTy7Q,-15,badcase,宠物娱乐频道，受众与吸尘器推广场景不匹配
5000,UCNMoVGp0ijS8OjMzWH-MKrA,Da Pound Media,https://cn.noxinfluencer.com/youtube/channel/UCNMoVGp0ijS8OjMzWH-MKrA,-15,badcase,音乐内容为主，与吸尘器推广缺乏场景相关性
5002,UCNNofLyy_yi4VGB3CUjNKww,DirtFarmerJay,https://cn.noxinfluencer.com/youtube/channel/UCNNofLyy_yi4VGB3CUjNKww,0,badcase,标签偏木工/生活方式，缺少吸尘器购买或测评相关信号
5003,UCNO2ZbDtlPKGtt9d4D_1b1g,Apocalypse Products,https://cn.noxinfluencer.com/youtube/channel/UCNO2ZbDtlPKGtt9d4D_1b1g,-13,badcase,户外求生频道，和吸尘器推广场景明显不符
5004,UCNOXN2WhXeTPYP2UketyaAw,Earthplate,https://cn.noxinfluencer.com/youtube/channel/UCNOXN2WhXeTPYP2UketyaAw,-15,badcase,动物娱乐号，缺少清洁/家电/购买意图，促销相关性很低
5005,UCNOstb0t_dmNKI2brNJ_27A,Rocio TV,https://cn.noxinfluencer.com/youtube/channel/UCNOstb0t_dmNKI2brNJ_27A,-2,badcase,美妆健康娱乐频道，缺少清洁家电评测或购买意图
5006,UCNPVSBbzj7Xd9WCjaJbf9sA,Cimi Khatun,https://cn.noxinfluencer.com/youtube/channel/UCNPVSBbzj7Xd9WCjaJbf9sA,0,badcase,无标签无内容信号，难判断与吸尘器推广相关
5007,UCNPd3ENqw62kJJ6998_jq6g,Jay Ville,https://cn.noxinfluencer.com/youtube/channel/UCNPd3ENqw62kJJ6998_jq6g,0,badcase,无标签、无相关视频和近期内容，缺少吸尘器推广相关证据
5008,UCNPsgBTeN-VCJs6bEC74TvA,JimmyGMedia,https://cn.noxinfluencer.com/youtube/channel/UCNPsgBTeN-VCJs6bEC74TvA,0,badcase,健身训练频道，与吸尘器推广无关
5009,UCNQAoLEv87L7NgUp4We3HIg,CRAZY GREAPA,https://cn.noxinfluencer.com/youtube/channel/UCNQAoLEv87L7NgUp4We3HIg,-15,badcase,纯娱乐/meme频道，与吸尘器推广场景不匹配
5010,UCNQ_Zpr7L7TR29HfAsXdC9g,PUREBUTTERFLYSPIRIT,https://cn.noxinfluencer.com/youtube/channel/UCNQ_Zpr7L7TR29HfAsXdC9g,0,badcase,标签全是泛生活类，与吸尘器推广无关
5011,UCNQ_fy4_-6pZp5A3r_g7BMQ,Product Review 55,https://cn.noxinfluencer.com/youtube/channel/UCNQ_fy4_-6pZp5A3r_g7BMQ,-14,badcase,宠物娱乐频道，缺少清洁电器评测或购买意图
5012,UCNRCuUzcf4xNzj7CmKIrmDA,StorytellerOfTheDead,https://cn.noxinfluencer.com/youtube/channel/UCNRCuUzcf4xNzj7CmKIrmDA,0,badcase,无标签、视频或近期内容证据，缺少吸尘器推广相关性
5013,UCNRFpUndSMds8luHvX7YY_A,hdjnf,https://cn.noxinfluencer.com/youtube/channel/UCNRFpUndSMds8luHvX7YY_A,-15,badcase,娱乐喜剧向内容，和吸尘器推广场景明显不匹配
5014,UCNRIWRLsJTDkGwMrLAWc4pw,dillster96,https://cn.noxinfluencer.com/youtube/channel/UCNRIWRLsJTDkGwMrLAWc4pw,0,badcase,无标签、无相关视频、无近期内容，缺少吸尘器推广相关证据
5015,UCNROZlu9SStF0JsQ5Pyl-YQ,Hack Room,https://cn.noxinfluencer.com/youtube/channel/UCNROZlu9SStF0JsQ5Pyl-YQ,-13,badcase,手工纸板DIY频道，缺少清洁/家电评测购买意图
5016,UCNRejWJs0hn8pefj5FiE7ZQ,Hidden In Plain Sight,https://cn.noxinfluencer.com/youtube/channel/UCNRejWJs0hn8pefj5FiE7ZQ,-10,badcase,播客娱乐向，和吸尘器推广场景不匹配
5017,UCNRiVv0JgJQ6dQzFZc6PZvA,Dejah Lanay,https://cn.noxinfluencer.com/youtube/channel/UCNRiVv0JgJQ6dQzFZc6PZvA,-10,badcase,生活/游戏/娱乐向，缺少清洁家电购买语境
5018,UCNSdaZRhOL5fxOxpzwC8EMg,Quick Picks,https://cn.noxinfluencer.com/youtube/channel/UCNSdaZRhOL5fxOxpzwC8EMg,0,badcase,无标签无内容，无法建立吸尘器相关性
5019,UCNSi0zorRoMq6ZcvXjmkz5A,Ziyat,https://cn.noxinfluencer.com/youtube/channel/UCNSi0zorRoMq6ZcvXjmkz5A,-10,badcase,猫类娱乐频道，和吸尘器产品推广场景不符
5020,UCNTGaoEv7KxAhPOUMk4-Wsw,Tri Cast,https://cn.noxinfluencer.com/youtube/channel/UCNTGaoEv7KxAhPOUMk4-Wsw,-10,badcase,游戏娱乐频道，不适合吸尘器推广
5021,UCNTm5BdYhnZoiCAlxsTRm8A,Pink and the Keytar Cat,https://cn.noxinfluencer.com/youtube/channel/UCNTm5BdYhnZoiCAlxsTRm8A,0,badcase,美妆/音乐频道，与吸尘器推广无明显相关性
5022,UCNTng2oyoT0724URMLNoGqg,Goodale Farm,https://cn.noxinfluencer.com/youtube/channel/UCNTng2oyoT0724URMLNoGqg,0,badcase,无标签无内容，缺少任何吸尘器推广信号
5024,UCNUNZKP56Dvtr9vRq_DmG-w,Joyful Media,https://cn.noxinfluencer.com/youtube/channel/UCNUNZKP56Dvtr9vRq_DmG-w,-15,badcase,娱乐搞笑频道，格式与吸尘器带货明显不匹配
5025,UCNUcfEUU4X6igjRhRadMC_A,DREAM VIEW CHANNEL,https://cn.noxinfluencer.com/youtube/channel/UCNUcfEUU4X6igjRhRadMC_A,0,badcase,无标签无内容，无法判断为吸尘器相关频道
5026,UCNVUgVrWRv7VV9vw1Jz9-GQ,Michelle Smith Creations,https://cn.noxinfluencer.com/youtube/channel/UCNVUgVrWRv7VV9vw1Jz9-GQ,0,badcase,手作和低价逛店内容，和吸尘器推广目标无关
5028,UCNWCMUmKz03vEkBQrHLcKOA,Gamer Heaven,https://cn.noxinfluencer.com/youtube/channel/UCNWCMUmKz03vEkBQrHLcKOA,1,badcase,游戏频道受众偏移，缺少吸尘器购买语境
5029,UCNWI2KffLPQTNAJbnaZR4sw,Lloyd Sim,https://cn.noxinfluencer.com/youtube/channel/UCNWI2KffLPQTNAJbnaZR4sw,1,badcase,手机科技向，和吸尘器推广只有很弱泛电子关联
5030,UCNXKOn8IL3XgK3T1_cPATew,Hans Moore,https://cn.noxinfluencer.com/youtube/channel/UCNXKOn8IL3XgK3T1_cPATew,0,badcase,偏脸绘/美妆内容，和吸尘器推广无关
5031,UCNXjbdlUkGMp_KWAIQvycmQ,HODIAX@US,https://cn.noxinfluencer.com/youtube/channel/UCNXjbdlUkGMp_KWAIQvycmQ,0,badcase,无标签、无内容信号，和吸尘器推广关联极弱
5032,UCNXmnDiPKR4XoXYaUvnbasQ,A2Z Reviews,https://cn.noxinfluencer.com/youtube/channel/UCNXmnDiPKR4XoXYaUvnbasQ,0,badcase,无标签和内容证据，无法证明适合吸尘器推广
5033,UCNXz_HzmpNyq2gLO3yto0iw,My sweet home,https://cn.noxinfluencer.com/youtube/channel/UCNXz_HzmpNyq2gLO3yto0iw,0,badcase,无标签、标题或近期内容证据支持吸尘器推广相关性
5034,UCNZDVKcylkvRgkRmZq-h7LQ,Tammy Slaton,https://cn.noxinfluencer.com/youtube/channel/UCNZDVKcylkvRgkRmZq-h7LQ,-10,badcase,娱乐综艺向，和吸尘器推广场景不匹配
5035,UCNZdQH7MI4wyKWVICgbNg0w,Aci~Cats,https://cn.noxinfluencer.com/youtube/channel/UCNZdQH7MI4wyKWVICgbNg0w,-10,badcase,猫宠娱乐号，缺少清洁/家电场景，不适合吸尘器推广
5036,UCN_LS3iMEQdS-AZrZ8ZQQmA,Costco Buzz!,https://cn.noxinfluencer.com/youtube/channel/UCN_LS3iMEQdS-AZrZ8ZQQmA,4,badcase,仅有Costco折扣导购泛标签，缺少吸尘器/清洁器材相关性
5037,UCN_nXlFgfEAEVf0ma9wy4yg,Nomad Kids Shorts,https://cn.noxinfluencer.com/youtube/channel/UCN_nXlFgfEAEVf0ma9wy4yg,-15,badcase,儿童儿歌频道，受众与吸尘器推广明显不匹配
5038,UCN_qXACa1bxMQNiJ2sowpIg,Ben Meryem,https://cn.noxinfluencer.com/youtube/channel/UCN_qXACa1bxMQNiJ2sowpIg,-15,badcase,娱乐短视频频道，内容方向与吸尘器推广不匹配
5039,UCN_vetN6tEvheCk1E3w5LJQ,Info Plus,https://cn.noxinfluencer.com/youtube/channel/UCN_vetN6tEvheCk1E3w5LJQ,-15,badcase,体育赛事频道，与吸尘器推广场景明显不符
5040,UCNaa8wvRObJelh5Byoc3fhw,Physics in Motion,https://cn.noxinfluencer.com/youtube/channel/UCNaa8wvRObJelh5Byoc3fhw,0,badcase,无标签与内容证据，和吸尘器推广相关性不足
5041,UCNabv_OmcP3aTvJ5_gmVKxw,Meilleur,https://cn.noxinfluencer.com/youtube/channel/UCNabv_OmcP3aTvJ5_gmVKxw,0,badcase,无标签、相关视频或近期内容证据，无法支持吸尘器推广
5042,UCNbl-MAlxA-n_HL74GfT61g,A Cigar Hustlers Podcast,https://cn.noxinfluencer.com/youtube/channel/UCNbl-MAlxA-n_HL74GfT61g,-15,badcase,雪茄播客娱乐/政治内容，与吸尘器推广场景不符
5043,UCNblYHKR2u-Mn5evSgWk-yQ,Risa Picante,https://cn.noxinfluencer.com/youtube/channel/UCNblYHKR2u-Mn5evSgWk-yQ,0,badcase,无标签、标题或近期内容证据支持吸尘器推广相关性
5044,UCNcGG9HDwRUniu5XUxwXSbQ,JOLLY PLAY,https://cn.noxinfluencer.com/youtube/channel/UCNcGG9HDwRUniu5XUxwXSbQ,-15,badcase,游戏娱乐向，和吸尘器推广场景明显不匹配
5045,UCNci_aPKxIdze6oQUzTvEJg,The VCR King,https://cn.noxinfluencer.com/youtube/channel/UCNci_aPKxIdze6oQUzTvEJg,-13,badcase,频道主打VCR/Funai，缺少吸尘器或清洁家电推广语境
5046,UCNckk_nkhl4jLPdsZJpxXTg,Forgiven13,https://cn.noxinfluencer.com/youtube/channel/UCNckk_nkhl4jLPdsZJpxXTg,0,badcase,无标签、相关视频或近期内容，缺少吸尘器推广相关证据
5047,UCNdWFpZ7vZiRlpjxb_qIY0w,The L Wood by Lucy,https://cn.noxinfluencer.com/youtube/channel/UCNdWFpZ7vZiRlpjxb_qIY0w,-15,badcase,频道偏木工/手作/房车生活，与吸尘器推广场景不匹配
5048,UCNefrbdXS2tKRr_F63-xf_A,Audew,https://cn.noxinfluencer.com/youtube/channel/UCNefrbdXS2tKRr_F63-xf_A,0,badcase,无标签、视频或近期内容证据支持吸尘器推广相关性
5049,UCNeyC4dMYKfL_BBd6wEtdvw,MrCritterCinema,https://cn.noxinfluencer.com/youtube/channel/UCNeyC4dMYKfL_BBd6wEtdvw,0,badcase,无标签、标题或近期内容证据支持吸尘器推广相关性
5050,UCNf2HelCmNg6a42foJ-WSZw,Wonder Cat Universe,https://cn.noxinfluencer.com/youtube/channel/UCNf2HelCmNg6a42foJ-WSZw,-15,badcase,猫娱乐短视频为主，格式和受众都不适合吸尘器推广
5051,UCNf42fi8gwp3dWw7tpxEqUQ,Putri Anindya,https://cn.noxinfluencer.com/youtube/channel/UCNf42fi8gwp3dWw7tpxEqUQ,-15,badcase,儿童动画/玩具频道，与家用吸尘器推广明显不匹配
5052,UCNfK001ZTSwGe9LJ5gVSJww,Ray Roman,https://cn.noxinfluencer.com/youtube/channel/UCNfK001ZTSwGe9LJ5gVSJww,-15,badcase,喜剧娱乐频道，内容形态与吸尘器推广无关
5054,UCNffHFfYVYE4xxkzpDXg96g,The G Automotive And More,https://cn.noxinfluencer.com/youtube/channel/UCNffHFfYVYE4xxkzpDXg96g,-15,badcase,汽车维修频道偏车类场景，和家用吸尘器推广不匹配
5055,UCNfjLGmKi2RCNCMNOYz6J4g,Helen Great's  AI Combine  =)),https://cn.noxinfluencer.com/youtube/channel/UCNfjLGmKi2RCNCMNOYz6J4g,0,badcase,无标签、标题或近期内容支持吸尘器推广相关性
5056,UCNgkSeX9RjRu35g_wNezOIw,Karnika Kreations,https://cn.noxinfluencer.com/youtube/channel/UCNgkSeX9RjRu35g_wNezOIw,0,badcase,无标签与内容证据，和吸尘器推广无明显相关性
5057,UCNhQ6v9UArcatBg8o463hVA,Parker Reviews,https://cn.noxinfluencer.com/youtube/channel/UCNhQ6v9UArcatBg8o463hVA,0,badcase,无标签无视频证据，和吸尘器推广相关性不足
5058,UCNhR70qGs3BV2hewX-h905w,Life is like a box of chocolates,https://cn.noxinfluencer.com/youtube/channel/UCNhR70qGs3BV2hewX-h905w,0,badcase,美妆生活频道，与吸尘器推广主题无明显相关
5059,UCNhW9vMYBT_-I90Giwk10xg,AiGO,https://cn.noxinfluencer.com/youtube/channel/UCNhW9vMYBT_-I90Giwk10xg,0,badcase,无标签、无内容信号，缺乏吸尘器推广相关性
5060,UCNhpj0AdMYV9M4DtICNUFuA,InThePresent Mommy,https://cn.noxinfluencer.com/youtube/channel/UCNhpj0AdMYV9M4DtICNUFuA,0,badcase,无产品相关标签或内容，和吸尘器推广无明显关联
5061,UCNhyBlPgH0hxCRHbJdPv-dg,Amazing Dogs,https://cn.noxinfluencer.com/youtube/channel/UCNhyBlPgH0hxCRHbJdPv-dg,-15,badcase,犬类宠物频道，缺少清洁电器评测或购买意图
5062,UCNibzxmHa_d6H4rJjR6Fliw,holyfrigginghost,https://cn.noxinfluencer.com/youtube/channel/UCNibzxmHa_d6H4rJjR6Fliw,0,badcase,无标签无视频，无法判断为吸尘器相关
5063,UCNic0V65LMz4SBjagbW3qEA,TheTop3Products,https://cn.noxinfluencer.com/youtube/channel/UCNic0V65LMz4SBjagbW3qEA,0,badcase,无标签、无相关视频、无近期内容，缺少吸尘器推广相关证据
5064,UCNinh-IVo7uOmE3iQy-umow,Cats & Coffee,https://cn.noxinfluencer.com/youtube/channel/UCNinh-IVo7uOmE3iQy-umow,0,badcase,猫咖主题偏生活内容，与吸尘器推广不匹配
5065,UCNj0Yau_lcKsr7tGIuo6P2g,The Battle Family,https://cn.noxinfluencer.com/youtube/channel/UCNj0Yau_lcKsr7tGIuo6P2g,-2,badcase,家庭运动宠物 vlog，与吸尘器推广缺少产品或购买场景
5066,UCNj8gGYxdYFSs6NQ45p4tYA,ASMRLadyCleaning,https://cn.noxinfluencer.com/youtube/channel/UCNj8gGYxdYFSs6NQ45p4tYA,-11,badcase,ASMR清洁频道，只有弱清洁场景相关，且ASMR格式不适合带货
5067,UCNjZ48ieSZEHfrg9VzTaDrA,ENDWARO7 en Español,https://cn.noxinfluencer.com/youtube/channel/UCNjZ48ieSZEHfrg9VzTaDrA,0,badcase,无标签、无标题证据，缺少吸尘器推广相关性
5068,UCNjdI-5lq-zvAl3I9r1p-4A,ssiusplau,https://cn.noxinfluencer.com/youtube/channel/UCNjdI-5lq-zvAl3I9r1p-4A,0,badcase,无标签、无标题、无内容证据，和吸尘器推广无相关信号
5070,UCNjz5Gmr9SCckGDXCDFPY4A,Axiom Objects,https://cn.noxinfluencer.com/youtube/channel/UCNjz5Gmr9SCckGDXCDFPY4A,0,badcase,无标签、标题或近期内容证据支持吸尘器推广相关性
5071,UCNk3CeLpCA0qIZsuzGl09cw,Homemade Science with Bruce Yeany,https://cn.noxinfluencer.com/youtube/channel/UCNk3CeLpCA0qIZsuzGl09cw,0,badcase,知识/生活类频道，与吸尘器推广缺少明确清洁家电语境
5072,UCNkgFYmRa4Om3O3vGr6rHmw,Fergal Meredith,https://cn.noxinfluencer.com/youtube/channel/UCNkgFYmRa4Om3O3vGr6rHmw,0,badcase,无标签无内容信号，无法判断与吸尘器推广相关
5073,UCNkwz52n3h7LTv-HBQo01oA,PrintStick,https://cn.noxinfluencer.com/youtube/channel/UCNkwz52n3h7LTv-HBQo01oA,-14,badcase,频道聚焦iPad/数码规划，与吸尘器家电推广不匹配
5074,UCNlAeiioqsEf2rEKacG3AFw,Tomas Bauer,https://cn.noxinfluencer.com/youtube/channel/UCNlAeiioqsEf2rEKacG3AFw,0,badcase,旅游生活频道，和吸尘器这种家用清洁产品关联很弱
5075,UCNmxNffAi6Ol2G8aEm07AXw,Self Jokes,https://cn.noxinfluencer.com/youtube/channel/UCNmxNffAi6Ol2G8aEm07AXw,0,badcase,宠物娱乐短视频号，主内容与吸尘器推广场景不匹配
5076,UCNnBjcrVK_DtlDKk063M8qA,Cloudy Paws,https://cn.noxinfluencer.com/youtube/channel/UCNnBjcrVK_DtlDKk063M8qA,0,badcase,无标签无内容，难判断为吸尘器推广对象
5077,UCNo5_ci3jUTgi5V70zITFtQ,Leona's Creative Endeavors,https://cn.noxinfluencer.com/youtube/channel/UCNo5_ci3jUTgi5V70zITFtQ,0,badcase,节日茶点/娱乐向，和吸尘器推广相关性低
5079,UCNoQHK6_86_Hzsn_oyADIIg,Homemaking with Katrena,https://cn.noxinfluencer.com/youtube/channel/UCNoQHK6_86_Hzsn_oyADIIg,0,badcase,无标签、无相关视频或近期内容，缺少吸尘器推广相关性证据
5081,UCNpv8ESwyf3iyiYAZPzGogw,GoAsFarAsYouCanSee,https://cn.noxinfluencer.com/youtube/channel/UCNpv8ESwyf3iyiYAZPzGogw,0,badcase,无相关标签或内容，频道主题与吸尘器推广不匹配
5082,UCNqC5LE4BsYxAeLocUI8fPQ,Cat Cat Family,https://cn.noxinfluencer.com/youtube/channel/UCNqC5LE4BsYxAeLocUI8fPQ,0,badcase,无标签无内容，无法支撑吸尘器推广场景
5083,UCNqPkjq_jN4x-eEtWDrne8A,California Lavender Honey Farm,https://cn.noxinfluencer.com/youtube/channel/UCNqPkjq_jN4x-eEtWDrne8A,0,badcase,农场主题与家用吸尘器推广关联很弱
5085,UCNrEKsjN8c3b44VOCs2eMVA,Alex,https://cn.noxinfluencer.com/youtube/channel/UCNrEKsjN8c3b44VOCs2eMVA,0,badcase,缺少任何相关主题信号，不适合吸尘器推广
5086,UCNriOUP1vGJ1Ea6jmiKhXMA,Artisan Made,https://cn.noxinfluencer.com/youtube/channel/UCNriOUP1vGJ1Ea6jmiKhXMA,1,badcase,木工/生活频道，只有泛化生活标签，和吸尘器推广关联很弱
5087,UCNs-2zpJz0OOMML9P6v-dmQ,"No way, just replay",https://cn.noxinfluencer.com/youtube/channel/UCNs-2zpJz0OOMML9P6v-dmQ,0,badcase,无标签无内容，缺少吸尘器相关证据
5088,UCNsABafjdzbW_IwHXcwbwiQ,Productswithjason,https://cn.noxinfluencer.com/youtube/channel/UCNsABafjdzbW_IwHXcwbwiQ,0,badcase,无标签无内容，缺少吸尘器相关证据
5089,UCNucl6CqR2TshaEY6IJuddw,Q Family,https://cn.noxinfluencer.com/youtube/channel/UCNucl6CqR2TshaEY6IJuddw,1,badcase,娱乐家庭内容为主，缺少清洁家电或购买意图
5090,UCNug5rOIfgxdfugbBT9CIKw,New Tech Amazing,https://cn.noxinfluencer.com/youtube/channel/UCNug5rOIfgxdfugbBT9CIKw,0,badcase,无标签无内容，缺少吸尘器相关证据
5091,UCNuuJVVzhy3a6b51xqWfc4A,Deal Sprint,https://cn.noxinfluencer.com/youtube/channel/UCNuuJVVzhy3a6b51xqWfc4A,0,badcase,无清洁/家电/购买意图信号，和吸尘器推广不相关
5092,UCNvn8z6wePbwQKJVL1ZY-0g,Joluzo Dikeku,https://cn.noxinfluencer.com/youtube/channel/UCNvn8z6wePbwQKJVL1ZY-0g,0,badcase,无清洁/家电/购买意图信号，和吸尘器推广不相关
5093,UCNxVEpFp0pWURV6BtwqovKA,anisotropicplus,https://cn.noxinfluencer.com/youtube/channel/UCNxVEpFp0pWURV6BtwqovKA,1,badcase,仅有泛科技标签，缺少清洁/家电/测评意图
5094,UCNxpo8THJ77t58cAKRlKyMQ,RASMARCONI EMPIRE RECORDS,https://cn.noxinfluencer.com/youtube/channel/UCNxpo8THJ77t58cAKRlKyMQ,0,badcase,音乐娱乐频道，和吸尘器推广场景不匹配
5095,UCNyHFlWUJPzE4c5Am_7DVnw,Kruno Eti,https://cn.noxinfluencer.com/youtube/channel/UCNyHFlWUJPzE4c5Am_7DVnw,1,badcase,仅有泛科技标签，缺少清洁/家电/购买场景
5096,UCNytI6p2jK-LrQDYlZ-MVvw,JM Notary Public,https://cn.noxinfluencer.com/youtube/channel/UCNytI6p2jK-LrQDYlZ-MVvw,0,badcase,无标签和内容信号，缺少吸尘器推广相关性
5097,UCNzdAwtSl9ECPugy68iZTWQ,SpysPickShop,https://cn.noxinfluencer.com/youtube/channel/UCNzdAwtSl9ECPugy68iZTWQ,0,badcase,无标签和内容信号，缺少吸尘器推广相关性
5098,UCNzitVaaYIsBJKXel5eM2UA,Home Square,https://cn.noxinfluencer.com/youtube/channel/UCNzitVaaYIsBJKXel5eM2UA,0,badcase,无标签和内容信号，缺少吸尘器推广相关性
5099,UCNztWsDXNWj02NDIeK3VTvA,The Savvy Professor,https://cn.noxinfluencer.com/youtube/channel/UCNztWsDXNWj02NDIeK3VTvA,0,badcase,健身测评为主，与吸尘器推广不相关
5100,UCO-ZYPEhwhfd3ykL39xdfBg,"Adventures of ""The PAC"".",https://cn.noxinfluencer.com/youtube/channel/UCO-ZYPEhwhfd3ykL39xdfBg,0,badcase,生活娱乐和宠物向内容，与吸尘器推广不匹配
5102,UCO200Ohryov2WMQA-K7y-Rw,LISSETH PORRAS,https://cn.noxinfluencer.com/youtube/channel/UCO200Ohryov2WMQA-K7y-Rw,1,badcase,手工时尚为主，受众与吸尘器推广不匹配
5103,UCO2GacuVyrTRKPOB87ZKOXw,Jonny Explains,https://cn.noxinfluencer.com/youtube/channel/UCO2GacuVyrTRKPOB87ZKOXw,-14,badcase,汽车频道与家用吸尘器推广场景不匹配，仅有泛生活弱相关
5104,UCO2RafvMgqlepmwhg5iuJYg,Matt Gonzalez,https://cn.noxinfluencer.com/youtube/channel/UCO2RafvMgqlepmwhg5iuJYg,-13,badcase,苹果手机科技频道，缺少清洁家电推广语境
5105,UCO2SvMI_kjR93DWoN72bfNQ,PigNut,https://cn.noxinfluencer.com/youtube/channel/UCO2SvMI_kjR93DWoN72bfNQ,0,badcase,无有效标签与内容，无法判断为相关频道
5106,UCO2WJhotFWu1Vl-53M3YK2A,Trend Zium,https://cn.noxinfluencer.com/youtube/channel/UCO2WJhotFWu1Vl-53M3YK2A,0,badcase,无清洁相关信号，缺少推广匹配依据
5107,UCO43t-KMZ_j2vRq-SbQvxqw,Oodles & Caboodles of Crafts,https://cn.noxinfluencer.com/youtube/channel/UCO43t-KMZ_j2vRq-SbQvxqw,0,badcase,手工内容频道，与吸尘器推广无关
5109,UCO5Uws1ra1RbNgDqBlViH9w,Yvonne Brilhart,https://cn.noxinfluencer.com/youtube/channel/UCO5Uws1ra1RbNgDqBlViH9w,-6,badcase,美食食谱和宠物为主，与吸尘器推广场景不匹配
5110,UCO5_hg18aHeKn1ETcg4Sy3w,Orozco’s Kitchen,https://cn.noxinfluencer.com/youtube/channel/UCO5_hg18aHeKn1ETcg4Sy3w,0,badcase,美食烹饪频道，与吸尘器推广不相关
5111,UCO5cZTXF9zaZ5BCYBANh1Eg,HouseofChimeras,https://cn.noxinfluencer.com/youtube/channel/UCO5cZTXF9zaZ5BCYBANh1Eg,0,badcase,无标签、无相关视频、无近期内容，缺乏吸尘器推广相关性
5112,UCO5cc6BjGafZyuYsP9F0Cbg,Budget Picks,https://cn.noxinfluencer.com/youtube/channel/UCO5cc6BjGafZyuYsP9F0Cbg,0,badcase,无标签和视频证据，无法证明与吸尘器推广相关
5113,UCO5gXBJ1bCW-zoKU1jZRMOg,Mattastic ASMR,https://cn.noxinfluencer.com/youtube/channel/UCO5gXBJ1bCW-zoKU1jZRMOg,-15,badcase,ASMR/睡眠放松型频道，与吸尘器促销格式强冲突
5114,UCO68_cOYpviHA6zxN2vapaQ,Down South Adventures,https://cn.noxinfluencer.com/youtube/channel/UCO68_cOYpviHA6zxN2vapaQ,-5,badcase,越野车辆频道，与吸尘器产品推广场景不匹配
5115,UCO6GUwFOWlzRcrvBtWtWcjg,funtasfit,https://cn.noxinfluencer.com/youtube/channel/UCO6GUwFOWlzRcrvBtWtWcjg,0,badcase,纯体育内容，与吸尘器促销场景不匹配
5116,UCO6fhfTgwEdB-oPpZutk6LQ,Muriel Zarati04,https://cn.noxinfluencer.com/youtube/channel/UCO6fhfTgwEdB-oPpZutk6LQ,-15,badcase,宠物向账号，非清洁家电受众，缺少吸尘器推广信号
5117,UCO6gNf7zjiMkmDjCsPP9mJQ,Kids Now - Nursery Rhymes,https://cn.noxinfluencer.com/youtube/channel/UCO6gNf7zjiMkmDjCsPP9mJQ,-15,badcase,儿童儿歌频道，和吸尘器推广场景明显不匹配
5118,UCO6igTmQnXNYbwrNOec289w,Thingstrusted,https://cn.noxinfluencer.com/youtube/channel/UCO6igTmQnXNYbwrNOec289w,0,badcase,无标签、无标题、无近期内容，无法支持吸尘器推广
5119,UCO6iks_DsjZvAnv8yFo_IWg,Smarter Shopping,https://cn.noxinfluencer.com/youtube/channel/UCO6iks_DsjZvAnv8yFo_IWg,0,badcase,无标签、无相关视频，缺少吸尘器推广相关性
5120,UCO6mBVOYQReqWNuJ9epVQZA,Nora,https://cn.noxinfluencer.com/youtube/channel/UCO6mBVOYQReqWNuJ9epVQZA,0,badcase,无标签和内容相关证据，难以支持吸尘器推广
5121,UCO7CtLv4vBVLwcB6AWvHjFg,Voov Restoration,https://cn.noxinfluencer.com/youtube/channel/UCO7CtLv4vBVLwcB6AWvHjFg,0,badcase,频道偏汽车修复/工具，缺少吸尘器购买或评测意图
5122,UCO7O2IdE8tiGAml0voOCquQ,Aitrus719,https://cn.noxinfluencer.com/youtube/channel/UCO7O2IdE8tiGAml0voOCquQ,0,badcase,无标签和视频内容，缺少吸尘器推广相关性
5123,UCO7QcFOxqH6WLVyBjJ6oGjw,The Pawsome Show,https://cn.noxinfluencer.com/youtube/channel/UCO7QcFOxqH6WLVyBjJ6oGjw,0,badcase,无相关标签或内容，缺少吸尘器购买/评测/使用场景信号
5125,UCO7iYJMKz_oC_LPzWEi6YTQ,TOP5BEST,https://cn.noxinfluencer.com/youtube/channel/UCO7iYJMKz_oC_LPzWEi6YTQ,0,badcase,无标签、无相关视频，缺少吸尘器推广相关性证据
5126,UCO7p_6tNdJmMoeYt-FSSrVQ,Andi like,https://cn.noxinfluencer.com/youtube/channel/UCO7p_6tNdJmMoeYt-FSSrVQ,-5,badcase,娱乐短内容为主，缺少清洁家电相关信号
5127,UCO8GqTZ5grx3fCDVsHnH9Vg,IGOROTA sa USA,https://cn.noxinfluencer.com/youtube/channel/UCO8GqTZ5grx3fCDVsHnH9Vg,-2,badcase,生活/美食/宠物频道，无吸尘器评测或清洁产品推广语境
5128,UCO8W-Ylauc5kLjEv2rjwf9w,Potapova_blog,https://cn.noxinfluencer.com/youtube/channel/UCO8W-Ylauc5kLjEv2rjwf9w,-4,badcase,以娱乐吃播为主，和吸尘器推广场景不匹配
5129,UCO9-djp69ggWOirB3jhjjpw,Rosy,https://cn.noxinfluencer.com/youtube/channel/UCO9-djp69ggWOirB3jhjjpw,-14,badcase,娱乐化婴儿内容为主，不像家电种草号
5130,UCOATwPsJhenzJ_pTXNZGHLg,Travel with RA,https://cn.noxinfluencer.com/youtube/channel/UCOATwPsJhenzJ_pTXNZGHLg,0,badcase,无标签、无相关视频或近期内容，缺少吸尘器推广相关证据
5131,UCOBHvGjmtoUCP4hC4AX3RDQ,Clint Luhrs,https://cn.noxinfluencer.com/youtube/channel/UCOBHvGjmtoUCP4hC4AX3RDQ,0,badcase,无产品相关标签或内容，和真空吸尘器推广关联很弱
5132,UCOBsGJ6qmzTFpdE_aNL3Vjw,Panther8816,https://cn.noxinfluencer.com/youtube/channel/UCOBsGJ6qmzTFpdE_aNL3Vjw,0,badcase,偏娱乐/营销/泛教程，缺少清洁家电或购买意图信号
5133,UCOC--GD1ocQy1JqYi0rW1fw,Key Fob Rob,https://cn.noxinfluencer.com/youtube/channel/UCOC--GD1ocQy1JqYi0rW1fw,0,badcase,汽车钥匙相关频道，和家用真空吸尘器推广不匹配
5134,UCOCvTdqa8HVienyZoBoh4Sg,The Skin Standard,https://cn.noxinfluencer.com/youtube/channel/UCOCvTdqa8HVienyZoBoh4Sg,-10,badcase,美妆频道与真空吸尘器属明显不相关品类
5135,UCOD1mMdGdKMolensx8c2FGg,ARABIAN ALIEXPRESS,https://cn.noxinfluencer.com/youtube/channel/UCOD1mMdGdKMolensx8c2FGg,0,badcase,无可用标签与内容信息，无法支持真空吸尘器投放
5136,UCODYYQOgQTjWXN8kaYy4FQQ,karlie2303,https://cn.noxinfluencer.com/youtube/channel/UCODYYQOgQTjWXN8kaYy4FQQ,0,badcase,无标签和内容证据，不适合吸尘器推广
5138,UCOFOzXWgPaIlJxW4N_giW8g,The Malec's,https://cn.noxinfluencer.com/youtube/channel/UCOFOzXWgPaIlJxW4N_giW8g,0,badcase,无标签和内容证据，不支持吸尘器推广
5139,UCOFxJWxZQE0A2rPNeImjrZw,TX Tool Crib,https://cn.noxinfluencer.com/youtube/channel/UCOFxJWxZQE0A2rPNeImjrZw,0,badcase,工具户外向，缺少吸尘器家居推广匹配
5140,UCOG0TGHe-s_ddMB3mXq76ZA,FilmiShortreel,https://cn.noxinfluencer.com/youtube/channel/UCOG0TGHe-s_ddMB3mXq76ZA,0,badcase,无标签内容，且短视频娱乐倾向明显，不适合产品推广
5141,UCOGFq6w4TltcBnp7B8apJ-w,Jasper Natalie,https://cn.noxinfluencer.com/youtube/channel/UCOGFq6w4TltcBnp7B8apJ-w,-15,badcase,动画娱乐频道，和吸尘器推广场景明显不符
5142,UCOGVS1y1zB3TSXLbbMuArEQ,Alex Rubi,https://cn.noxinfluencer.com/youtube/channel/UCOGVS1y1zB3TSXLbbMuArEQ,0,badcase,无标签、无相关视频、无近期内容证据，无法支持吸尘器推广
5144,UCOHKWWICnBlKPRwUUehVv3Q,Gazebo Hub,https://cn.noxinfluencer.com/youtube/channel/UCOHKWWICnBlKPRwUUehVv3Q,0,badcase,无标签和视频证据，无法支持吸尘器推广
5145,UCOI0mmygUxwPp6WB7D35Ucg,Christina Nicci,https://cn.noxinfluencer.com/youtube/channel/UCOI0mmygUxwPp6WB7D35Ucg,2,badcase,仅有泛电商标签，无吸尘器或家电清洁推广相关证据
5147,UCOIs73D_63fN01kt-buVD2A,Positioned Well®,https://cn.noxinfluencer.com/youtube/channel/UCOIs73D_63fN01kt-buVD2A,0,badcase,无标签、标题或近期内容证据，缺少吸尘器推广相关性
5148,UCOJ_ga1ErSvre3x8VY26kZg,FluffyFlix,https://cn.noxinfluencer.com/youtube/channel/UCOJ_ga1ErSvre3x8VY26kZg,-15,badcase,宠物犬类频道，与吸尘器人用推广无关，属明显不适配
5149,UCOJcw1gbXhiV3dZc_Z6KUMA,Ollie The Monkey,https://cn.noxinfluencer.com/youtube/channel/UCOJcw1gbXhiV3dZc_Z6KUMA,-15,badcase,猴子宠物频道，与吸尘器推广无关，属明显排斥题材
5150,UCOKRlGBYzZ9Ou0nWyg1zTJw,The Cooper Scoop,https://cn.noxinfluencer.com/youtube/channel/UCOKRlGBYzZ9Ou0nWyg1zTJw,-15,badcase,马匹救助频道，与吸尘器推广场景和受众明显不符
5151,UCOLvtfgIjk0WhETAK2NlPwA,La Familia Cocinemosjuntos,https://cn.noxinfluencer.com/youtube/channel/UCOLvtfgIjk0WhETAK2NlPwA,0,badcase,频道以家庭美食生活为主，缺少吸尘器推广相关信号
5153,UCONL9Hwqj1y_6rl5sYgweVQ,Following Edyta,https://cn.noxinfluencer.com/youtube/channel/UCONL9Hwqj1y_6rl5sYgweVQ,0,badcase,无标签、相关标题或近期内容证据，无法支持吸尘器推广
5154,UCONQFAX46XtcS39hjitV8MA,Fy store,https://cn.noxinfluencer.com/youtube/channel/UCONQFAX46XtcS39hjitV8MA,0,badcase,仅有泛生活方式标签，无吸尘器评测、清洁或购买意图证据
5155,UCONUZQNBESGhi3q1duCdugQ,Focus and Motivation,https://cn.noxinfluencer.com/youtube/channel/UCONUZQNBESGhi3q1duCdugQ,-5,badcase,频道偏显示器/游戏科技，缺少吸尘器或家电推广意图
5156,UCONzTQLN2_DTpVI80Y2I08Q,Johnny Rock,https://cn.noxinfluencer.com/youtube/channel/UCONzTQLN2_DTpVI80Y2I08Q,0,badcase,汽车生活类与吸尘器推广关联弱，缺少清洁家电内容
5157,UCOOhpRpQ2n8p4mgtADlM5Pw,Fast and Tune,https://cn.noxinfluencer.com/youtube/channel/UCOOhpRpQ2n8p4mgtADlM5Pw,0,badcase,无标签无内容信号，无法支持吸尘器推广
5158,UCOPut8WEF0gfug69O3bVEcw,brickstudios,https://cn.noxinfluencer.com/youtube/channel/UCOPut8WEF0gfug69O3bVEcw,0,badcase,乐高玩具教程与吸尘器推广无关
5159,UCOQkAeNuZJYumgdiubsvQUA,Tall_Chilis_Boi,https://cn.noxinfluencer.com/youtube/channel/UCOQkAeNuZJYumgdiubsvQUA,0,badcase,标签虽命中吸尘器，但频道主题为游戏娱乐音乐，不适合产品推广
5160,UCOQpwkOs-nHO7mu5orIDIHA,Trending Deal Hub,https://cn.noxinfluencer.com/youtube/channel/UCOQpwkOs-nHO7mu5orIDIHA,0,badcase,仅有促销感频道名，缺少标签和内容证据
5161,UCORtYCE-Fl31LQSYCx7wU2g,Creation Holic,https://cn.noxinfluencer.com/youtube/channel/UCORtYCE-Fl31LQSYCx7wU2g,2,badcase,仅有泛生活/DIY弱关联，缺少清洁电器评测或购买意图
5163,UCOS6QRsHZrKYVk6qPUd53lQ,Craft With Felicia,https://cn.noxinfluencer.com/youtube/channel/UCOS6QRsHZrKYVk6qPUd53lQ,0,badcase,以手作和 Cricut 为主，和清洁电器无关
5164,UCOSWC3MNBIkC7xuJ0lKQQJw,Dream Nest,https://cn.noxinfluencer.com/youtube/channel/UCOSWC3MNBIkC7xuJ0lKQQJw,-15,badcase,ASMR/吃播短视频，和吸尘器推广场景不符
5165,UCOSjn_bThwtXIcviFcLI92w,Tech & Science,https://cn.noxinfluencer.com/youtube/channel/UCOSjn_bThwtXIcviFcLI92w,1,badcase,仅泛科技科普相关，无吸尘器评测或购买意图证据
5166,UCOTiYtECnBLH9jr80h6WLQA,Indrafy Amazon,https://cn.noxinfluencer.com/youtube/channel/UCOTiYtECnBLH9jr80h6WLQA,0,badcase,无标签、无相关视频或近期内容，缺少吸尘器推广相关证据
5167,UCOTmJWzJQ0qSJ-EsEoMNhcQ,The Bark Side,https://cn.noxinfluencer.com/youtube/channel/UCOTmJWzJQ0qSJ-EsEoMNhcQ,0,badcase,无标签或内容证据支持吸尘器推广相关性
5168,UCOUJosvk1C3ZKuDeCm7-ByQ,Tralala TV,https://cn.noxinfluencer.com/youtube/channel/UCOUJosvk1C3ZKuDeCm7-ByQ,0,badcase,无标签、标题或近期内容证据支持吸尘器推广相关性
5169,UCOUMWzYIxzx-nqmP-rhD1vg,essentialfind,https://cn.noxinfluencer.com/youtube/channel/UCOUMWzYIxzx-nqmP-rhD1vg,0,badcase,无标签、相关视频或近期内容证据，无法支持吸尘器推广
5170,UCOUTJ9fQFsnSuaWR4zFaShQ,MH Reviews,https://cn.noxinfluencer.com/youtube/channel/UCOUTJ9fQFsnSuaWR4zFaShQ,0,badcase,无标签、无相关视频或近期内容，缺少吸尘器推广相关证据
5171,UCOUa7w1EYqGXeYQxrHfvVxg,SpokenLayer,https://cn.noxinfluencer.com/youtube/channel/UCOUa7w1EYqGXeYQxrHfvVxg,0,badcase,无标签、无内容信号，无法判断为吸尘器相关
5173,UCOWEY48f-W4QxZ_ZvC8rbZA,NextBuy,https://cn.noxinfluencer.com/youtube/channel/UCOWEY48f-W4QxZ_ZvC8rbZA,0,badcase,无标签无内容，缺少可验证相关性
5174,UCOWO5OeGAD2C-0OQqjUNn5w,2D FUNNI,https://cn.noxinfluencer.com/youtube/channel/UCOWO5OeGAD2C-0OQqjUNn5w,-15,badcase,娱乐动画梗图频道，与吸尘器推广场景明显不符
5175,UCOX5exZii_IGmO0busHZnig,Passive Review Boss,https://cn.noxinfluencer.com/youtube/channel/UCOX5exZii_IGmO0busHZnig,0,badcase,缺少标签与内容证据，暂不支持吸尘器推广
5177,UCOXroh-xW5j7y76vmsTlZNA,AnimatingStudios2002,https://cn.noxinfluencer.com/youtube/channel/UCOXroh-xW5j7y76vmsTlZNA,-9,badcase,娱乐/电影型频道，和吸尘器推广场景明显不匹配
5178,UCOXvGfhTEH8_0arUqeWHqCQ,TeaTimeMasti Vlogs,https://cn.noxinfluencer.com/youtube/channel/UCOXvGfhTEH8_0arUqeWHqCQ,0,badcase,无标签无视频证据，缺少与吸尘器推广相关信号
5179,UCOYCf3hBPn11UROT8ZeO4Ig,Patti Allred,https://cn.noxinfluencer.com/youtube/channel/UCOYCf3hBPn11UROT8ZeO4Ig,0,badcase,无标签、无相关内容，缺少吸尘器推广相关性
5180,UCOYdKHo_1T44l66FxBN2_gw,RV Adventures | Todds World,https://cn.noxinfluencer.com/youtube/channel/UCOYdKHo_1T44l66FxBN2_gw,0,badcase,无清晰清洁电器相关信号，RV旅行频道与吸尘器推广不匹配
5181,UCOYeyTuAZ1y4VkpzRNCf4Fw,Gadget Hunter,https://cn.noxinfluencer.com/youtube/channel/UCOYeyTuAZ1y4VkpzRNCf4Fw,-15,badcase,娱乐/幽默/旅游为主，和家用吸尘器推广不匹配
5182,UCOYx1x90F4mi3r5YPhM8XBw,Top Rank Product,https://cn.noxinfluencer.com/youtube/channel/UCOYx1x90F4mi3r5YPhM8XBw,0,badcase,无标签和视频证据，缺少吸尘器或家电推广相关性
5184,UCO_oCAiux6B6mdQG7cyHcJQ,skip2mylou,https://cn.noxinfluencer.com/youtube/channel/UCO_oCAiux6B6mdQG7cyHcJQ,-15,badcase,美妆护肤为主，和吸尘器这类家电推广不相关
5185,UCOaSqvJp8PEf7-NYlfau1Vw,Dog Minded,https://cn.noxinfluencer.com/youtube/channel/UCOaSqvJp8PEf7-NYlfau1Vw,-15,badcase,宠物狗内容为主，人用吸尘器推广关联弱
5186,UCOb4q9w_I8E6ydnO_Z-kXgA,Adults and children,https://cn.noxinfluencer.com/youtube/channel/UCOb4q9w_I8E6ydnO_Z-kXgA,-5,badcase,汽车/DIY频道，与吸尘器推广相关性弱且主题偏离
5187,UCObjMOLIl4sYmAMO8140glg,Mark Vins,https://cn.noxinfluencer.com/youtube/channel/UCObjMOLIl4sYmAMO8140glg,-15,badcase,野生动物/宠物娱乐频道，与吸尘器推广场景不符
5188,UCObpOfA1plrrAL_-eIAGQjw,gameworld,https://cn.noxinfluencer.com/youtube/channel/UCObpOfA1plrrAL_-eIAGQjw,0,badcase,无相关标签或内容，缺乏家电清洁产品推广信号
5189,UCOcE8WdQOSeqFczVxGatGKg,Lamarr Wilson,https://cn.noxinfluencer.com/youtube/channel/UCOcE8WdQOSeqFczVxGatGKg,1,badcase,以游戏/娱乐为主，缺少吸尘器购买或评测相关信号
5190,UCOcF-DHH2IvKRjjyIlX8_Vw,HomeTips4You,https://cn.noxinfluencer.com/youtube/channel/UCOcF-DHH2IvKRjjyIlX8_Vw,0,badcase,无标签、无相关视频、无近期内容证据，无法支持吸尘器推广
5191,UCOcGZ_LZnSwTN0dLF57fX_Q,SAG19DELTA,https://cn.noxinfluencer.com/youtube/channel/UCOcGZ_LZnSwTN0dLF57fX_Q,0,badcase,无标签、无相关视频、无近期内容证据，无法支持吸尘器推广
5192,UCOctqgMFE2LE5PeDrxGJr9w,John Dash and Friends,https://cn.noxinfluencer.com/youtube/channel/UCOctqgMFE2LE5PeDrxGJr9w,0,badcase,无标签、相关视频或近期内容证据，无法支持吸尘器推广
5193,UCOdSfzlQlgnZvLYFn7vsdhw,StyleSpin,https://cn.noxinfluencer.com/youtube/channel/UCOdSfzlQlgnZvLYFn7vsdhw,-10,badcase,娱乐挑战类频道为主，与吸尘器产品推广不匹配
5194,UCOdYk_AGeVsmXToNpxmRzOQ,Catboy 2001,https://cn.noxinfluencer.com/youtube/channel/UCOdYk_AGeVsmXToNpxmRzOQ,-15,badcase,娱乐电影游戏向频道，与吸尘器推广目标明显不符
5195,UCOdYtGF0YKXhqRTCpjGtLOA,Drake Feeney,https://cn.noxinfluencer.com/youtube/channel/UCOdYtGF0YKXhqRTCpjGtLOA,0,badcase,无标签、无相关视频、无近期内容，缺少吸尘器推广相关性
5196,UCOdm1Jg5cmRYNxB0P382rjQ,REEN Family Journal,https://cn.noxinfluencer.com/youtube/channel/UCOdm1Jg5cmRYNxB0P382rjQ,-1,badcase,标签偏生活旅游美食，无清洁电器推广或评测语境
5197,UCOfID_oAbXW9_xYLYpKqtxQ,Animation,https://cn.noxinfluencer.com/youtube/channel/UCOfID_oAbXW9_xYLYpKqtxQ,0,badcase,无标签无内容，缺乏与吸尘器推广相关信号
5200,UCOgTIZu5U96lEffn2Mgpbeg,Tech Show 76,https://cn.noxinfluencer.com/youtube/channel/UCOgTIZu5U96lEffn2Mgpbeg,0,badcase,无标签无内容，无法判断为吸尘器相关创作者
5201,UCOi-8oCkVE3QrM9Det96jQw,TabletGuy,https://cn.noxinfluencer.com/youtube/channel/UCOi-8oCkVE3QrM9Det96jQw,1,badcase,仅有泛消费电子弱相关，频道偏手机手表，不支持吸尘器推广
5202,UCOiYFgUGMIB1lE-1xhEwtvA,I Love Lucy,https://cn.noxinfluencer.com/youtube/channel/UCOiYFgUGMIB1lE-1xhEwtvA,-15,badcase,娱乐剧集频道，和吸尘器推广场景明显不符
5204,UCOiue0HgZGq35rs0QSCF_6A,George's Happy Goose family,https://cn.noxinfluencer.com/youtube/channel/UCOiue0HgZGq35rs0QSCF_6A,-5,badcase,宠物/动物生活频道，不适合吸尘器产品推广
5206,UCOkdkf15YPmpeM80lHa1rcA,Review Product Room,https://cn.noxinfluencer.com/youtube/channel/UCOkdkf15YPmpeM80lHa1rcA,0,badcase,无标签、无相关视频、无近期内容证据，无法支持吸尘器推广
5207,UCOkyUWaP6Iy_LpozFNYKl6A,Budget Home Finds,https://cn.noxinfluencer.com/youtube/channel/UCOkyUWaP6Iy_LpozFNYKl6A,0,badcase,无标签、无相关视频、无近期内容证据，无法支持吸尘器推广
5208,UCOljzDRpDcHrQgvQFjuiN1w,A Girl and Her Gang,https://cn.noxinfluencer.com/youtube/channel/UCOljzDRpDcHrQgvQFjuiN1w,0,badcase,无标签、标题或近期内容证据支持吸尘器推广相关性
5209,UCOnTNwOjlhzsRnZahjdDSpA,Coolest Gadgets,https://cn.noxinfluencer.com/youtube/channel/UCOnTNwOjlhzsRnZahjdDSpA,0,badcase,无标签、标题或近期内容证据，无法支持吸尘器推广相关性
5210,UCOnyeE7kzaV2gKyEwpa1hsQ,Chad Her,https://cn.noxinfluencer.com/youtube/channel/UCOnyeE7kzaV2gKyEwpa1hsQ,-10,badcase,娱乐/短片为主，偏内容娱乐，不适合清洁器推广
5211,UCOo18hJhU7no30Ha5B9NFOQ,QuickMartUSA,https://cn.noxinfluencer.com/youtube/channel/UCOo18hJhU7no30Ha5B9NFOQ,0,badcase,无标签、标题或近期内容证据支持吸尘器推广相关性
5212,UCOo6vx5JgnY5HkbpAX_nR6A,Techodom,https://cn.noxinfluencer.com/youtube/channel/UCOo6vx5JgnY5HkbpAX_nR6A,0,badcase,无标签、标题或近期内容证据支持吸尘器推广相关性
5213,UCOoAC5quBHSaa3bkJXsenIA,Lenny stories sprunki,https://cn.noxinfluencer.com/youtube/channel/UCOoAC5quBHSaa3bkJXsenIA,0,badcase,无标签、无相关视频或近期内容，缺少吸尘器推广相关证据
5214,UCOp0kMFaKB5iXe18JH0ki8w,Nice Selection,https://cn.noxinfluencer.com/youtube/channel/UCOp0kMFaKB5iXe18JH0ki8w,0,badcase,无标签、无相关视频、无近期内容证据，无法支持吸尘器推广
5215,UCOpww4F7ly1UEu06t3mVRlw,Trollsome,https://cn.noxinfluencer.com/youtube/channel/UCOpww4F7ly1UEu06t3mVRlw,-15,badcase,娱乐/电影/音乐标签为主，与吸尘器推广场景明显不匹配
5216,UCOrCq3t0bQiWSWkI0Og9Gpg,The Presley Life,https://cn.noxinfluencer.com/youtube/channel/UCOrCq3t0bQiWSWkI0Og9Gpg,2,badcase,生活方式泛号，只有弱场景关联，缺少家电/清洁意图
5218,UCOreE0qFNEMiZTLjDQy2a8A,Comy Toys - Nursery Rhymes & Kids Songs,https://cn.noxinfluencer.com/youtube/channel/UCOreE0qFNEMiZTLjDQy2a8A,-10,badcase,儿童儿歌娱乐号，和真空吸尘器推广场景明显不符
5219,UCOreuvMn8d-SZ1dNKcpGqBA,Love Aliex,https://cn.noxinfluencer.com/youtube/channel/UCOreuvMn8d-SZ1dNKcpGqBA,0,badcase,无标签、无相关视频、无近期内容证据支持吸尘器推广
5220,UCOs2I6_kPRvS6j_fRLyLpYw,Dannyp1818,https://cn.noxinfluencer.com/youtube/channel/UCOs2I6_kPRvS6j_fRLyLpYw,-15,badcase,汽车/性能车频道，受众与家用吸尘器推广明显不匹配
5221,UCOsiNFTvkXQoemx3A5uM9_g,FutureTech Zone,https://cn.noxinfluencer.com/youtube/channel/UCOsiNFTvkXQoemx3A5uM9_g,0,badcase,科技向频道，缺少清洁/家电/购买意图信号
5222,UCOt3QW6-EMoMUIKeTVGfrSg,Review it,https://cn.noxinfluencer.com/youtube/channel/UCOt3QW6-EMoMUIKeTVGfrSg,0,badcase,无标签无内容，无法证明与吸尘器推广相关
5223,UCOt8j4kfVmShMO6X7cIh8oA,Warrior Productions,https://cn.noxinfluencer.com/youtube/channel/UCOt8j4kfVmShMO6X7cIh8oA,0,badcase,信息不足，偏泛娱乐制作，不见家电推广场景
5224,UCOtB6Sl4OmUKtua9baWfctQ,Alexandre Calvez in English,https://cn.noxinfluencer.com/youtube/channel/UCOtB6Sl4OmUKtua9baWfctQ,0,badcase,无标签与视频证据，难判断适合家电投放
5225,UCOtKF32gVYNBWGpK6rl2E1w,ARSEN,https://cn.noxinfluencer.com/youtube/channel/UCOtKF32gVYNBWGpK6rl2E1w,-14,badcase,儿童娱乐生活类频道，无清洁家电推广意图
5226,UCOtPNdegYNB4WB-Pla5ReiQ,Meow-some! Reacts,https://cn.noxinfluencer.com/youtube/channel/UCOtPNdegYNB4WB-Pla5ReiQ,-4,badcase,以反应/娱乐为主，缺少吸尘器评测或购买场景，cat标签偏不相关
5227,UCOuNGhxOwEUirq_tZehVtTA,Global Tech Reviews,https://cn.noxinfluencer.com/youtube/channel/UCOuNGhxOwEUirq_tZehVtTA,0,badcase,无标签、无相关视频、无近期内容证据支持吸尘器推广
5228,UCOuQbxT3ChGo6B_cJz9InRg,Pipe Cleaner Crafts B,https://cn.noxinfluencer.com/youtube/channel/UCOuQbxT3ChGo6B_cJz9InRg,2,badcase,手工/迷你教程与吸尘器推广几乎无关，缺少购买或测评意图
5229,UCOubzBjBAxWJV_u7yaN2XWQ,Social Tomatoes,https://cn.noxinfluencer.com/youtube/channel/UCOubzBjBAxWJV_u7yaN2XWQ,2,badcase,仅有泛化评测/生活方式标签，缺少吸尘器推广场景
5230,UCOuy4N97edtXlmPhwwOiuaA,Girl Crafts,https://cn.noxinfluencer.com/youtube/channel/UCOuy4N97edtXlmPhwwOiuaA,0,badcase,内容为手工DIY，缺少吸尘器购买或使用场景
5231,UCOv2LIsa9tTggvj1rQTZDHQ,chrisundertaking,https://cn.noxinfluencer.com/youtube/channel/UCOv2LIsa9tTggvj1rQTZDHQ,0,badcase,淘金户外频道，与家用吸尘器促销无关
5232,UCOwZiWcNu-y9SEGMnqh4x3Q,Mega Isco,https://cn.noxinfluencer.com/youtube/channel/UCOwZiWcNu-y9SEGMnqh4x3Q,-15,badcase,纯娱乐脑洞内容，属于吸尘器促销的强格式不匹配
5233,UCOwalENlHFtwnQ_ERRqf0rg,"Fur wheelz dogs, cars & Vacations",https://cn.noxinfluencer.com/youtube/channel/UCOwalENlHFtwnQ_ERRqf0rg,-15,badcase,宠物搞笑频道，缺少家用清洁或吸尘器信号
5234,UCOxFDX9ggvLMjxHAcTbMhJA,Digital Mind Blog,https://cn.noxinfluencer.com/youtube/channel/UCOxFDX9ggvLMjxHAcTbMhJA,0,badcase,无标签无内容，缺少任何吸尘器相关信号
5235,UCOy0ONJC8Ld8z7BppGWxqew,Creating with Paola,https://cn.noxinfluencer.com/youtube/channel/UCOy0ONJC8Ld8z7BppGWxqew,0,badcase,手工创作频道，和吸尘器推广缺少使用场景
5236,UCOyThCXrn8DL14w_4VOXYDA,Repon Official,https://cn.noxinfluencer.com/youtube/channel/UCOyThCXrn8DL14w_4VOXYDA,0,badcase,无标签和内容证据，无法支持吸尘器产品推广相关性
5237,UCOyot971eVeruW2fMZPvwmw,Muaz Latest Fashion,https://cn.noxinfluencer.com/youtube/channel/UCOyot971eVeruW2fMZPvwmw,0,badcase,无标签、无相关视频或近期内容，缺少吸尘器推广相关性
5238,UCOz03A3hti0tDksMDOSagzQ,LYDARZ,https://cn.noxinfluencer.com/youtube/channel/UCOz03A3hti0tDksMDOSagzQ,0,badcase,户外船艇内容为主，缺少家电/清洁购买场景
5239,UCOz8E0vVvX6xiPA1d6SuV1g,WeRV4U,https://cn.noxinfluencer.com/youtube/channel/UCOz8E0vVvX6xiPA1d6SuV1g,0,badcase,无标签、无相关视频、无近期内容，缺少吸尘器推广相关证据
5240,UCOzByZmuVWQbyoTDO2rAsMA,SnowyThrillers Movie,https://cn.noxinfluencer.com/youtube/channel/UCOzByZmuVWQbyoTDO2rAsMA,-15,badcase,影视娱乐频道，和扫地机产品推广场景明显不符
5242,UCP-OuRNP-8oJYcEAMAG5VXg,TIF'S FAMILY VIBES,https://cn.noxinfluencer.com/youtube/channel/UCP-OuRNP-8oJYcEAMAG5VXg,0,badcase,生活娱乐类，和吸尘器推广关联弱
5243,UCP-RwqcZOqbvRkv8kfUM9dg,Cats Meow Melody,https://cn.noxinfluencer.com/youtube/channel/UCP-RwqcZOqbvRkv8kfUM9dg,0,badcase,缺少有效标签与内容，无法支撑吸尘器推广
5244,UCP0TfcQg9KB9UdyZLhWN4vQ,Prime Picked,https://cn.noxinfluencer.com/youtube/channel/UCP0TfcQg9KB9UdyZLhWN4vQ,0,badcase,通用知识/生活标签，缺少清洁设备场景
5245,UCP0XZS4USmlXHrkKLfJC0uQ,Yogesh gautam,https://cn.noxinfluencer.com/youtube/channel/UCP0XZS4USmlXHrkKLfJC0uQ,-15,badcase,宠物娱乐频道，受众与人用吸尘器推广不匹配
5246,UCP0m8VLIgN19gxThDnjaczg,Savage Sound Effects,https://cn.noxinfluencer.com/youtube/channel/UCP0m8VLIgN19gxThDnjaczg,-12,badcase,音效频道，偏声音内容展示，不适合吸尘器推广
5247,UCP0poP1xYA_A5arbStmTDLw,Eastern Colorado Life Safety & Hobbies,https://cn.noxinfluencer.com/youtube/channel/UCP0poP1xYA_A5arbStmTDLw,0,badcase,无标签、无内容证据，与吸尘器推广无明显相关
5248,UCP1Jzqs93y1nqpRMwVhAx-Q,Electric Wings,https://cn.noxinfluencer.com/youtube/channel/UCP1Jzqs93y1nqpRMwVhAx-Q,0,badcase,无相关标签、标题或近期内容，缺少推广相关性信号
5249,UCP1Oo_a22_bFEk0izaUtMjg,lovepluspet,https://cn.noxinfluencer.com/youtube/channel/UCP1Oo_a22_bFEk0izaUtMjg,0,badcase,无相关标签/视频，频道名偏宠物，推广家用吸尘器相关性弱
5250,UCP1Zr3b_eStW2KZMyZxbQHw,Video Break,https://cn.noxinfluencer.com/youtube/channel/UCP1Zr3b_eStW2KZMyZxbQHw,0,badcase,频道偏新闻社会类，和吸尘器推广缺少相关内容
9501,UCt7gJvggxs69ZSQc1eBMh_w,Brian Unboxed,https://cn.noxinfluencer.com/youtube/channel/UCt7gJvggxs69ZSQc1eBMh_w,1,badcase,仅有泛化消费电子标签，缺少吸尘器相关推广信号
9502,UCt8_xMEak1J0h34S9Jf8-kA,SIMPLYMERAY,https://cn.noxinfluencer.com/youtube/channel/UCt8_xMEak1J0h34S9Jf8-kA,0,badcase,标签偏美食/时尚/搞笑母婴，和吸尘器推广无关
9503,UCtAeA0vW3Q7cTHAONB1uVxg,Roney’s Play n Create,https://cn.noxinfluencer.com/youtube/channel/UCtAeA0vW3Q7cTHAONB1uVxg,1,badcase,仅有home泛泛家居关联，无吸尘器购买或测评意图，适合度低
9504,UCtAofSHcrdg9ILaNGcfYOhg,Halffast719,https://cn.noxinfluencer.com/youtube/channel/UCtAofSHcrdg9ILaNGcfYOhg,0,badcase,标签与吸尘器推广无明确相关，内容方向偏车/运动爱好
9505,UCtBFPAUNO6n0ByUnONPTvPA,Chlorine King Pool Service,https://cn.noxinfluencer.com/youtube/channel/UCtBFPAUNO6n0ByUnONPTvPA,0,badcase,泳池维护频道，与家用吸尘器推广场景不相关
9506,UCtBQ0cK8YkeBOtfqjEiICOQ,Fish Finder,https://cn.noxinfluencer.com/youtube/channel/UCtBQ0cK8YkeBOtfqjEiICOQ,1,badcase,宠物标签仅弱相关，主体是钓鱼内容
9507,UCtBX3DHctrxCnF7sR4fiLTg,WhiskaSlapstick,https://cn.noxinfluencer.com/youtube/channel/UCtBX3DHctrxCnF7sR4fiLTg,0,badcase,无标签和内容证据，无法判断相关
9508,UCtCZCeTQfUDPcNhscMjod9w,ThAmerica,https://cn.noxinfluencer.com/youtube/channel/UCtCZCeTQfUDPcNhscMjod9w,2,badcase,仅有泛生活/科技标签，无吸尘器或家电推广证据
9509,UCtCcPTqfFKpO4XSgRhOqBcQ,Dummiest Repairs,https://cn.noxinfluencer.com/youtube/channel/UCtCcPTqfFKpO4XSgRhOqBcQ,0,badcase,缺少标签与标题证据，无法确认相关
9510,UCtCgBnO-safY5auajQZEfAg,Joey Barrelwilde,https://cn.noxinfluencer.com/youtube/channel/UCtCgBnO-safY5auajQZEfAg,-5,badcase,娱乐频道为主，和吸尘器推广不匹配
9511,UCtCuvtsvvWkQz5TNUyh0EhQ,Turner Dorothy,https://cn.noxinfluencer.com/youtube/channel/UCtCuvtsvvWkQz5TNUyh0EhQ,0,badcase,无标签、标题或近期内容证据，无法支持吸尘器推广相关性
9512,UCtEQzenHzhy2VUWRto7n3dQ,Happy Sleep Music,https://cn.noxinfluencer.com/youtube/channel/UCtEQzenHzhy2VUWRto7n3dQ,-15,badcase,睡眠音乐频道，偏娱乐助眠，和家电推广格式不匹配
9513,UCtElmX5nF08P0cdlM464QRg,Daily Living and Finds,https://cn.noxinfluencer.com/youtube/channel/UCtElmX5nF08P0cdlM464QRg,0,badcase,无标签、视频或近期内容证据，无法支持吸尘器推广召回
9514,UCtI9iRaHa7Ex9Z7ATfjpLwg,Ziya Inspiration,https://cn.noxinfluencer.com/youtube/channel/UCtI9iRaHa7Ex9Z7ATfjpLwg,2,badcase,仅家居装饰弱相关，无吸尘器清洁或购买评测意图
9515,UCtIKYSCRH5ln9cImyG2gaMg,Jessica Fawn's,https://cn.noxinfluencer.com/youtube/channel/UCtIKYSCRH5ln9cImyG2gaMg,0,badcase,无标签、视频或近期内容证据支持吸尘器推广相关性
9516,UCtJ7FQji9bKy-hjT7rji5EA,Amazing Videos 340,https://cn.noxinfluencer.com/youtube/channel/UCtJ7FQji9bKy-hjT7rji5EA,0,badcase,标签全是泛化无关词，缺少清洁/家电/评测信号
9517,UCtJ_XAFBePU4TzXfmBbGt0Q,Storyday,https://cn.noxinfluencer.com/youtube/channel/UCtJ_XAFBePU4TzXfmBbGt0Q,0,badcase,无标签无内容，缺少真空吸尘器推广相关性
9519,UCtKOs4VDeahCT6ueOeQJvzg,Hey It’s Jazz & Jexx,https://cn.noxinfluencer.com/youtube/channel/UCtKOs4VDeahCT6ueOeQJvzg,-5,badcase,频道偏游戏/亲子生活，无清洁家电或评测购买意图
9520,UCtK_uoAu4izf-9kbWmv1xkA,Heartfelt Tales,https://cn.noxinfluencer.com/youtube/channel/UCtK_uoAu4izf-9kbWmv1xkA,-15,badcase,故事/Reddit/短剧叙事，和产品推广场景明显不符
9521,UCtKkr0ypCiYFIFtMLEMSxvQ,Zing Zara,https://cn.noxinfluencer.com/youtube/channel/UCtKkr0ypCiYFIFtMLEMSxvQ,-15,badcase,娱乐搞笑短视频为主，和吸尘器推广场景明显不符
9522,UCtLrR1k7lLPO47U7Tc-Guzg,Jero NIMO,https://cn.noxinfluencer.com/youtube/channel/UCtLrR1k7lLPO47U7Tc-Guzg,-10,badcase,宠物法斗娱乐频道，与吸尘器推广场景不匹配
9523,UCtMBdM8X6Tcdk4TCnnnK0eA,Cool Tech Now,https://cn.noxinfluencer.com/youtube/channel/UCtMBdM8X6Tcdk4TCnnnK0eA,0,badcase,缺少标签和视频证据，按不相关处理
9524,UCtMVNo9FCsIteSoxUStSUuw,Familial Kitchen,https://cn.noxinfluencer.com/youtube/channel/UCtMVNo9FCsIteSoxUStSUuw,0,badcase,缺少标签和视频证据，按不相关处理
9525,UCtMyi8eFrG0JGCwTNHFGIIg,Top Notch Choices,https://cn.noxinfluencer.com/youtube/channel/UCtMyi8eFrG0JGCwTNHFGIIg,0,badcase,缺少标签和视频证据，按不相关处理
9526,UCtNdXM-8QWNyViqNu6Xh-fw,Prime Finds Daily,https://cn.noxinfluencer.com/youtube/channel/UCtNdXM-8QWNyViqNu6Xh-fw,0,badcase,无标签、无相关标题、无近期内容，缺少吸尘器推广相关证据
9527,UCtNsCHapadyXMsWN6K_LijA,VIDROOM,https://cn.noxinfluencer.com/youtube/channel/UCtNsCHapadyXMsWN6K_LijA,2,badcase,仅有生活/车辆弱场景标签，无清洁家电或评测购买内容
9528,UCtNz1vsAH_VCYlwkfaC8jWw,Plain Vanilla Grandma,https://cn.noxinfluencer.com/youtube/channel/UCtNz1vsAH_VCYlwkfaC8jWw,0,badcase,以美食/悬疑为主，和吸尘器推广不符
9529,UCtOd72uNHMp6_QdZ9sVvi_Q,The Gadget Lab,https://cn.noxinfluencer.com/youtube/channel/UCtOd72uNHMp6_QdZ9sVvi_Q,0,badcase,无标签、无相关视频或近期内容证据，无法支持吸尘器推广
9531,UCtPRmDwuk0mXWwSAemaQZlg,AWESOME TECH TV,https://cn.noxinfluencer.com/youtube/channel/UCtPRmDwuk0mXWwSAemaQZlg,0,badcase,标签偏创业众筹，与吸尘器推广无明确相关性
9532,UCtPVUZI80lrBYuBWhM4RgoA,ASMR Nirvana,https://cn.noxinfluencer.com/youtube/channel/UCtPVUZI80lrBYuBWhM4RgoA,-12,badcase,ASMR格式与吸尘器推广场景不匹配，且无相关标签支持
9533,UCtQBDzCBE1C-p6NqpGlx7bQ,Kiddy Chu,https://cn.noxinfluencer.com/youtube/channel/UCtQBDzCBE1C-p6NqpGlx7bQ,-15,badcase,电影娱乐频道，与吸尘器推广场景明显不符
9534,UCtR8jLK-kxsecauYcG38R8g,Mr.Vereshchak,https://cn.noxinfluencer.com/youtube/channel/UCtR8jLK-kxsecauYcG38R8g,2,badcase,仅木工/工作室弱场景，缺少吸尘器推广证据
9535,UCtRqvxd-ijsIglgHw60P18A,Russell Reviews,https://cn.noxinfluencer.com/youtube/channel/UCtRqvxd-ijsIglgHw60P18A,0,badcase,无标签、标题或近期内容证据支持吸尘器推广相关性
9536,UCtSlfFV43NWvVZGat5a53mw,Topwind Ranch,https://cn.noxinfluencer.com/youtube/channel/UCtSlfFV43NWvVZGat5a53mw,-15,badcase,牧场宠物/马类频道，和家用吸尘器推广场景明显不符
9537,UCtT6v0Fdcnod61khJeVZ9ew,Eason P,https://cn.noxinfluencer.com/youtube/channel/UCtT6v0Fdcnod61khJeVZ9ew,0,badcase,无标签、无相关视频和近期内容，缺少吸尘器推广相关性证据
9538,UCtTTb_IxU29pV70lJk65rqQ,DEWAN,https://cn.noxinfluencer.com/youtube/channel/UCtTTb_IxU29pV70lJk65rqQ,0,badcase,无标签、无标题、无召回内容，缺少吸尘器推广相关证据
9539,UCtTozxpS4yVHxsxrO84atIg,Serhii Hladun,https://cn.noxinfluencer.com/youtube/channel/UCtTozxpS4yVHxsxrO84atIg,-5,badcase,音乐娱乐频道，和吸尘器的产品推广语境不匹配
9540,UCtU0LWj7mAAfokgh4s_c2MQ,Justine Cuenco Gustafsson,https://cn.noxinfluencer.com/youtube/channel/UCtU0LWj7mAAfokgh4s_c2MQ,0,badcase,频道聚焦时尚美妆饮食，缺少清洁电器或家居评测语境
9541,UCtU5LIi5KJWZUDZ_50riMrQ,Top 10 Picks,https://cn.noxinfluencer.com/youtube/channel/UCtU5LIi5KJWZUDZ_50riMrQ,0,badcase,无标签和内容信号，和吸尘器推广无关
9542,UCtVGsU5Spm2GtISpa0XpEqg,The Mexican Mommy,https://cn.noxinfluencer.com/youtube/channel/UCtVGsU5Spm2GtISpa0XpEqg,0,badcase,生活娱乐向为主，缺少家电/清洁购买意图
9543,UCtV_S9DaMqg85yccfQ6qFYg,Cameras and Conspiracies,https://cn.noxinfluencer.com/youtube/channel/UCtV_S9DaMqg85yccfQ6qFYg,-14,badcase,相机摄影频道，和吸尘器家电推广场景不匹配
9544,UCtWH_95dh-S7hDyLvVYUGug,The Deal Navigator,https://cn.noxinfluencer.com/youtube/channel/UCtWH_95dh-S7hDyLvVYUGug,0,badcase,无可用标签与内容线索，相关性不足
9545,UCtWd-XNET4cdmcyRvhjeAQQ,k2O,https://cn.noxinfluencer.com/youtube/channel/UCtWd-XNET4cdmcyRvhjeAQQ,0,badcase,无标签和视频信息，无法支持吸尘器投放
9546,UCtYNJxCRqfzGtfNMJtT0Jaw,The GateKeeper,https://cn.noxinfluencer.com/youtube/channel/UCtYNJxCRqfzGtfNMJtT0Jaw,0,badcase,无任何相关标签或视频证据
9548,UCtYyKNsJCSPUI3zO02kFoOQ,My Car Need,https://cn.noxinfluencer.com/youtube/channel/UCtYyKNsJCSPUI3zO02kFoOQ,0,badcase,无标签、无相关视频、无近期内容证据支持吸尘器推广
9549,UCtZ7B7hsFQ6nIyHHFeIOEyw,organize with Joey,https://cn.noxinfluencer.com/youtube/channel/UCtZ7B7hsFQ6nIyHHFeIOEyw,0,badcase,无标签或内容证据支持吸尘器推广相关性
9550,UCtZCutxYULWJvJmGecvv4aQ,Doucets,https://cn.noxinfluencer.com/youtube/channel/UCtZCutxYULWJvJmGecvv4aQ,0,badcase,无可用相关信号
9551,UCtZY4bNAOZSB0Fvdb2UWrJg,HOW THINGS WORK,https://cn.noxinfluencer.com/youtube/channel/UCtZY4bNAOZSB0Fvdb2UWrJg,0,badcase,无相关标签或内容，无法判断为吸尘器推广受众
9552,UCtZYyoSfffpHBdWPnTkFsyg,Aquarium TK,https://cn.noxinfluencer.com/youtube/channel/UCtZYyoSfffpHBdWPnTkFsyg,-15,badcase,鱼缸/宠物垂类，和家用吸尘器推广场景明显不符
9554,UCt_0ltkPuaaGtm0pNgyerOQ,Genius Gadget,https://cn.noxinfluencer.com/youtube/channel/UCt_0ltkPuaaGtm0pNgyerOQ,0,badcase,无标签与内容信号，缺少吸尘器相关受众依据
9555,UCt_K9dhEUfW4pBWmLAZwOQg,Everyday Journey,https://cn.noxinfluencer.com/youtube/channel/UCt_K9dhEUfW4pBWmLAZwOQg,-1,badcase,仅有home弱场景重合，无清洁电器/评测/购买意图内容
9556,UCta-IjIkUozU9AnBRuU0FoA,KatieG8tor,https://cn.noxinfluencer.com/youtube/channel/UCta-IjIkUozU9AnBRuU0FoA,0,badcase,无吸尘器或家电清洁相关信号，频道偏生活杂项
9557,UCtaHVzOv_Em98HRCRbHhTjw,The Lab Review,https://cn.noxinfluencer.com/youtube/channel/UCtaHVzOv_Em98HRCRbHhTjw,0,badcase,无标签、相关视频或近期内容证据，无法支持吸尘器推广
9558,UCtakZwX0UT6SMkO0S9t8XqQ,Reebelo,https://cn.noxinfluencer.com/youtube/channel/UCtakZwX0UT6SMkO0S9t8XqQ,-8,badcase,频道以手机和苹果翻新电子为主，缺少吸尘器或清洁家电推广语境
9560,UCtb8N_1rMhBOD-SxBDqDpoA,Jaquetfam vlogs,https://cn.noxinfluencer.com/youtube/channel/UCtb8N_1rMhBOD-SxBDqDpoA,-9,badcase,食品娱乐生活类频道，缺少吸尘器评测或家电购买意图
9561,UCtbkymRCxreyNHb_ON2FCsQ,Rachael Ray Show,https://cn.noxinfluencer.com/youtube/channel/UCtbkymRCxreyNHb_ON2FCsQ,0,badcase,食品与电视节目频道，和吸尘器推广无关
9562,UCtdBtbADf0vuPFHyCF1KCog,Best al Review,https://cn.noxinfluencer.com/youtube/channel/UCtdBtbADf0vuPFHyCF1KCog,0,badcase,无标签和内容证据，缺少吸尘器推广相关性
9564,UCtdy_EjJVALSptqS99DoFPw,Shoprexo,https://cn.noxinfluencer.com/youtube/channel/UCtdy_EjJVALSptqS99DoFPw,0,badcase,无标签与视频内容证据，和吸尘器推广无相关性
9565,UCteEM4YIjpfesrIfXGsSkdQ,BizanIQ,https://cn.noxinfluencer.com/youtube/channel/UCteEM4YIjpfesrIfXGsSkdQ,0,badcase,标签仅泛生活/兴趣，缺少吸尘器购买或测评语境
9566,UCtf9Y1A0dO_xE_ni7Po7eMw,Seda Alkan,https://cn.noxinfluencer.com/youtube/channel/UCtf9Y1A0dO_xE_ni7Po7eMw,0,badcase,无标签无内容，缺少任何家电或评测信号
9567,UCtfOrt6jT3VyLgA2fUda3dQ,Furry Friend,https://cn.noxinfluencer.com/youtube/channel/UCtfOrt6jT3VyLgA2fUda3dQ,-15,badcase,宠物娱乐频道，非清洁家电评测或购买导向
9568,UCthmHPh_YbNDb0B6WUC1wRQ,GeniePixels,https://cn.noxinfluencer.com/youtube/channel/UCthmHPh_YbNDb0B6WUC1wRQ,0,badcase,无标签无内容，无法判断与吸尘器推广相关
9570,UCtj1K2MqbIyjdecFP7BN-uQ,Echo Impacts,https://cn.noxinfluencer.com/youtube/channel/UCtj1K2MqbIyjdecFP7BN-uQ,0,badcase,无标签无内容，缺少任何家电或评测线索
9571,UCtj46nlarmY64YAP3Emtf-A,Digital marketplace,https://cn.noxinfluencer.com/youtube/channel/UCtj46nlarmY64YAP3Emtf-A,0,badcase,无标签、标题或召回内容支持吸尘器推广相关性
9572,UCtjBTz_qjne36OF3_1TzbkQ,D-Ron Reviews,https://cn.noxinfluencer.com/youtube/channel/UCtjBTz_qjne36OF3_1TzbkQ,0,badcase,无标签、相关视频或近期内容证据，无法支持吸尘器推广
9573,UCtjNttzzur9dPD39R9FkvHA,Golfers Guide,https://cn.noxinfluencer.com/youtube/channel/UCtjNttzzur9dPD39R9FkvHA,-15,badcase,频道主域是高尔夫装备与技巧，和吸尘器家电推广不匹配
9574,UCtjtKJ8etudPyeqbwiZtqkg,Raising Harry,https://cn.noxinfluencer.com/youtube/channel/UCtjtKJ8etudPyeqbwiZtqkg,2,badcase,宠物犬频道，仅有宠物场景弱相关，无清洁电器推广意图
9575,UCtjxzvloEYD32_XI8ih7o3g,Amazon shopping news,https://cn.noxinfluencer.com/youtube/channel/UCtjxzvloEYD32_XI8ih7o3g,0,badcase,无标签或视频证据支持吸尘器推广相关性
9577,UCtkfrt-pu8P6PXrz_YH2eJQ,Beyond The Now,https://cn.noxinfluencer.com/youtube/channel/UCtkfrt-pu8P6PXrz_YH2eJQ,0,badcase,纯游戏频道，与吸尘器推广缺少消费场景
9579,UCtl4Jh6IomgfhU96G_8DsTw,Xmandre Dimples Family Friendly,https://cn.noxinfluencer.com/youtube/channel/UCtl4Jh6IomgfhU96G_8DsTw,0,badcase,偏泛娱乐家庭内容，与吸尘器推广关联弱
9581,UCtlrBfmYeqcCsxz208MwRQQ,Byte Fuel,https://cn.noxinfluencer.com/youtube/channel/UCtlrBfmYeqcCsxz208MwRQQ,0,badcase,标签偏AI/科技泛内容，与吸尘器推广无明显相关，缺少产品使用或购买意图
9582,UCtm3lKI6uicthpzvwTxJ_lA,2KrazyKampers,https://cn.noxinfluencer.com/youtube/channel/UCtm3lKI6uicthpzvwTxJ_lA,0,badcase,露营RV内容与吸尘器推广场景无关
9585,UCtmL2JZKUdtRLu4_Leho1Jg,The Lainez Family🤍,https://cn.noxinfluencer.com/youtube/channel/UCtmL2JZKUdtRLu4_Leho1Jg,0,badcase,无标签无视频信号，无法判断与吸尘器推广相关
9586,UCtobSJi4pt97JLjQqk6LoiQ,expressway mk,https://cn.noxinfluencer.com/youtube/channel/UCtobSJi4pt97JLjQqk6LoiQ,-15,badcase,搞笑短视频频道，娱乐属性强，和吸尘器推广场景不符
9587,UCtocQ2826qWLkJwEwTBNZjw,Gadgets 360,https://cn.noxinfluencer.com/youtube/channel/UCtocQ2826qWLkJwEwTBNZjw,0,badcase,无标签、无相关视频、无近期内容证据支持吸尘器推广
9588,UCtp0e6_TtqQ_8T5cdWS_TRw,Roscoe Duhop,https://cn.noxinfluencer.com/youtube/channel/UCtp0e6_TtqQ_8T5cdWS_TRw,-15,badcase,摔角表演娱乐频道，和吸尘器购买/测评语境不匹配
9589,UCtpGJy6X3XhuavwytVD-Tyw,Ready to Banana,https://cn.noxinfluencer.com/youtube/channel/UCtpGJy6X3XhuavwytVD-Tyw,-15,badcase,动画搞笑内容为主，缺少家电测评或购物意图
9590,UCtpdUcJ3jBHxbkgUzRHuReg,How To with Doc,https://cn.noxinfluencer.com/youtube/channel/UCtpdUcJ3jBHxbkgUzRHuReg,-10,badcase,草坪园艺频道，和吸尘器的家居清洁场景不匹配
9591,UCtpqyl32VFInB6RwgF20Hyw,UniqueProductsHub,https://cn.noxinfluencer.com/youtube/channel/UCtpqyl32VFInB6RwgF20Hyw,0,badcase,无标签、无相关视频和近期内容，缺少吸尘器推广相关证据
9593,UCtqIjbyhRxhBIxsO89mRykw,Miscelaneosusa Store,https://cn.noxinfluencer.com/youtube/channel/UCtqIjbyhRxhBIxsO89mRykw,0,badcase,无标签、无相关视频、无近期内容，缺少吸尘器推广相关证据
9594,UCtqOzBtpibogd1wsaNWRKZg,Brainy Storytime,https://cn.noxinfluencer.com/youtube/channel/UCtqOzBtpibogd1wsaNWRKZg,0,badcase,无标签、相关视频或近期内容证据，无法支持吸尘器推广
9595,UCtqkXoAeYx5S-ijUilWlW9Q,Roderick Frost,https://cn.noxinfluencer.com/youtube/channel/UCtqkXoAeYx5S-ijUilWlW9Q,0,badcase,无标签、相关视频或近期内容证据，无法支持吸尘器推广相关性
9596,UCts5yckijppldDqEG3vEw_Q,Product Video Studio,https://cn.noxinfluencer.com/youtube/channel/UCts5yckijppldDqEG3vEw_Q,0,badcase,无标签、无内容证据，和吸尘器推广无关
9597,UCtvAxML4h1XvBk6LBR46gsQ,Select Best One,https://cn.noxinfluencer.com/youtube/channel/UCtvAxML4h1XvBk6LBR46gsQ,0,badcase,无标签、无内容证据，和吸尘器推广无关
9598,UCtwVqb-6rrLF0RBy46vnxpw,Isaac24,https://cn.noxinfluencer.com/youtube/channel/UCtwVqb-6rrLF0RBy46vnxpw,0,badcase,偏电梯/车辆内容，与吸尘器推广缺少关联
9599,UCtx043LcnOYKMtnLLKZRlig,Journey,https://cn.noxinfluencer.com/youtube/channel/UCtx043LcnOYKMtnLLKZRlig,1,badcase,仅有生活方式泛标签，缺少吸尘器使用或评测证据
9600,UCtxApKQBcAQyjn90wpSrNCQ,RetroGamingDays,https://cn.noxinfluencer.com/youtube/channel/UCtxApKQBcAQyjn90wpSrNCQ,1,badcase,偏游戏内容，只有泛电子标签，转化相关性弱
9601,UCtxJcQ9ub_zvM_ymvmS9J3A,Savvy Life HQ,https://cn.noxinfluencer.com/youtube/channel/UCtxJcQ9ub_zvM_ymvmS9J3A,0,badcase,无标签、相关视频或近期内容证据，无法支持吸尘器推广
9602,UCtxf1dYWb_ky6y2a7XMV-BQ,My Alabama Farm Life,https://cn.noxinfluencer.com/youtube/channel/UCtxf1dYWb_ky6y2a7XMV-BQ,-24,badcase,仅有泛家居弱相关，频道偏宗教音频内容，不适合吸尘器推广
9603,UCtxpVVari-95y-N2HtF4RZw,KeyNoel,https://cn.noxinfluencer.com/youtube/channel/UCtxpVVari-95y-N2HtF4RZw,-10,badcase,以娱乐/搞笑为主，和吸尘器推广场景不匹配
9604,UCtyKufeCVvgnZRE5I8quY6A,Melanie @ The Story of Five,https://cn.noxinfluencer.com/youtube/channel/UCtyKufeCVvgnZRE5I8quY6A,0,badcase,旅行/迪士尼 vlog 为主，缺少家电推广场景
9605,UCu-3t3hj6w8TqUQ21UJAQjQ,Trending Kids,https://cn.noxinfluencer.com/youtube/channel/UCu-3t3hj6w8TqUQ21UJAQjQ,-10,badcase,儿童趋势频道，无吸尘器产品评测或购买意图证据
9607,UCu07Ixg4x04Fs0zZdwze05g,Heartway Farms,https://cn.noxinfluencer.com/youtube/channel/UCu07Ixg4x04Fs0zZdwze05g,-4,badcase,仅有泛家居标签，缺少清洁/家电意图，频道偏农场生活内容
9608,UCu0pNPhUuFKwWWgxYy1eQEw,Tool Tricks,https://cn.noxinfluencer.com/youtube/channel/UCu0pNPhUuFKwWWgxYy1eQEw,2,badcase,仅有泛DIY/技巧弱相关，缺少吸尘器评测或购买意图
9609,UCu0qSL--nWGdV961Ynod4LA,Jareds Reviews,https://cn.noxinfluencer.com/youtube/channel/UCu0qSL--nWGdV961Ynod4LA,0,badcase,无标签、视频或近期内容证据支持吸尘器推广相关性
9610,UCu1-m9pkqn4da6iFGV_qH0g,Easy Life Shop,https://cn.noxinfluencer.com/youtube/channel/UCu1-m9pkqn4da6iFGV_qH0g,0,badcase,无标签、无相关视频与近期内容，缺乏吸尘器推广相关证据
9612,UCu1sSsjhFHjad3SNIRbVCzw,Rob Douthit,https://cn.noxinfluencer.com/youtube/channel/UCu1sSsjhFHjad3SNIRbVCzw,0,badcase,无标签无内容证据，缺少吸尘器推广相关性
9613,UCu2YQJolPVvS_2nJKL4Jy9g,healthylifeeasylife,https://cn.noxinfluencer.com/youtube/channel/UCu2YQJolPVvS_2nJKL4Jy9g,0,badcase,无标签无视频信息，无法判断与吸尘器推广相关
9614,UCu2eLGE2PNBrivdgpE3C4sw,Onu De Ba,https://cn.noxinfluencer.com/youtube/channel/UCu2eLGE2PNBrivdgpE3C4sw,0,badcase,无标签无内容证据，和吸尘器推广无明显关联
9615,UCu2p0ta7nJT2B7V2CAJrmKw,Living This Life,https://cn.noxinfluencer.com/youtube/channel/UCu2p0ta7nJT2B7V2CAJrmKw,0,badcase,泛生活频道，缺少清洁家电或购买导向信号
9617,UCu36HYLsBlED8Fsk2udOQgw,Epoxy Mania BD,https://cn.noxinfluencer.com/youtube/channel/UCu36HYLsBlED8Fsk2udOQgw,-15,badcase,娱乐音乐频道，与吸尘器推广场景明显不符
9618,UCu3UIT_KmsVqzCvEaKbrnVg,Creativity Base,https://cn.noxinfluencer.com/youtube/channel/UCu3UIT_KmsVqzCvEaKbrnVg,0,badcase,无标签、无相关视频，缺少吸尘器推广相关性证据
9620,UCu3q2JtCkKgIjBTTVxpiyvg,HH Reviews,https://cn.noxinfluencer.com/youtube/channel/UCu3q2JtCkKgIjBTTVxpiyvg,0,badcase,无标签、无相关视频，缺少与吸尘器推广相关证据
9621,UCu40L95mt94WzyqTlQvm_xA,Techpower7,https://cn.noxinfluencer.com/youtube/channel/UCu40L95mt94WzyqTlQvm_xA,0,badcase,无相关标签或内容，缺少吸尘器推广信号
9622,UCu4MQzM-Xf-n6Bg3KO4IBbA,SBno1,https://cn.noxinfluencer.com/youtube/channel/UCu4MQzM-Xf-n6Bg3KO4IBbA,0,badcase,无相关标签或内容，缺少吸尘器推广信号
9623,UCu4iOHRrM_eLJlvJgW1CTWg,sabina's diary,https://cn.noxinfluencer.com/youtube/channel/UCu4iOHRrM_eLJlvJgW1CTWg,0,badcase,娱乐/音乐/美妆为主，和吸尘器推广无关
9624,UCu6JqG_3eEWwgdh-xuh5vmA,Arts & Crafts by LePoppet,https://cn.noxinfluencer.com/youtube/channel/UCu6JqG_3eEWwgdh-xuh5vmA,2,badcase,仅有泛生活/科技弱相关，无吸尘器测评或购买意图证据
9625,UCu6Y2TNUzyNocCpFcpLKrdQ,Baby Colors TV,https://cn.noxinfluencer.com/youtube/channel/UCu6Y2TNUzyNocCpFcpLKrdQ,0,badcase,无相关标签或内容，缺少吸尘器推广信号
9626,UCu6liSiKZtV_kvmol0iaAsA,tshackantiques,https://cn.noxinfluencer.com/youtube/channel/UCu6liSiKZtV_kvmol0iaAsA,0,badcase,古董/教程频道，和吸尘器推广基本无关
9629,UCuARNe6EYnubZFULy19iCDg,EntertainBlast,https://cn.noxinfluencer.com/youtube/channel/UCuARNe6EYnubZFULy19iCDg,0,badcase,励志生活内容，和吸尘器购买推广不匹配
9630,UCuAwht17MF5IiHvBVk28Q2A,Lucky Nail Supply,https://cn.noxinfluencer.com/youtube/channel/UCuAwht17MF5IiHvBVk28Q2A,-15,badcase,美甲供给频道，和家用吸尘器受众明显冲突
9631,UCuBfhr00bbLUK3f8N93ycdw,Clever Picks,https://cn.noxinfluencer.com/youtube/channel/UCuBfhr00bbLUK3f8N93ycdw,0,badcase,无标签、无相关视频、无近期内容证据，无法支持吸尘器推广
9632,UCuCvcPLYggTqGdf7Inl0q7A,lyubo antonov,https://cn.noxinfluencer.com/youtube/channel/UCuCvcPLYggTqGdf7Inl0q7A,-1,badcase,标签泛娱乐/车辆生活，缺少吸尘器评测、清洁或家电购买意图
9633,UCuCwWZc6NxmtzAJSVOehbpw,FunnyStreamersClips,https://cn.noxinfluencer.com/youtube/channel/UCuCwWZc6NxmtzAJSVOehbpw,-1,badcase,消费电子/手机科技频道，无吸尘器产品推广证据
9634,UCuDwZbQH9yePG9bTHK88pDQ,All about tech,https://cn.noxinfluencer.com/youtube/channel/UCuDwZbQH9yePG9bTHK88pDQ,0,badcase,无标签、无相关视频、无近期内容，缺少吸尘器推广相关证据
9635,UCuERTXYWbxjJfwye-d1W28A,Core Insights,https://cn.noxinfluencer.com/youtube/channel/UCuERTXYWbxjJfwye-d1W28A,0,badcase,无标签、无相关视频、无近期内容，缺乏吸尘器推广相关证据
9636,UCuEikqfuqOXMAgR5COhaPKw,Best Deal,https://cn.noxinfluencer.com/youtube/channel/UCuEikqfuqOXMAgR5COhaPKw,0,badcase,无标签、无内容证据，和吸尘器推广无关
9637,UCuEluQ-S86rj33EftQ64EIA,Catmini,https://cn.noxinfluencer.com/youtube/channel/UCuEluQ-S86rj33EftQ64EIA,-15,badcase,宠物/猫娱乐频道，与人用吸尘器促销明显不匹配
9638,UCuGf5AyjCcC1E05tTvoxOvg,products for you,https://cn.noxinfluencer.com/youtube/channel/UCuGf5AyjCcC1E05tTvoxOvg,0,badcase,无标签无视频信息，缺少与产品相关的证据
9639,UCuH6OqmSsSq12UklucxVH5Q,ai scene,https://cn.noxinfluencer.com/youtube/channel/UCuH6OqmSsSq12UklucxVH5Q,0,badcase,无标签无内容，无法支持吸尘器推广
9640,UCuHD9xewJe3r9eGdjd5z5gw,Recollection Road,https://cn.noxinfluencer.com/youtube/channel/UCuHD9xewJe3r9eGdjd5z5gw,0,badcase,历史怀旧内容为主，与吸尘器购买推广关联弱
9641,UCuI91vejoMH-lKm1cwvztSQ,ณัฐพงษ์ ยิ่งสันเทียะ,https://cn.noxinfluencer.com/youtube/channel/UCuI91vejoMH-lKm1cwvztSQ,0,badcase,缺少标签和视频证据，无法支撑吸尘器推广相关性
9642,UCuIqDL99InzSYR4N8l3yIOA,Cobra Shopping Reviews,https://cn.noxinfluencer.com/youtube/channel/UCuIqDL99InzSYR4N8l3yIOA,0,badcase,无标签、无相关视频和近期内容，缺少吸尘器推广相关证据
9643,UCuIsoaei7jFDTCXmW3t31uA,Savage ShortsYT,https://cn.noxinfluencer.com/youtube/channel/UCuIsoaei7jFDTCXmW3t31uA,-15,badcase,娱乐短内容为主，和吸尘器推广的产品场景不符
9644,UCuK2WXcXFTkh7-BaeYu9XwQ,LieFxD,https://cn.noxinfluencer.com/youtube/channel/UCuK2WXcXFTkh7-BaeYu9XwQ,-15,badcase,游戏频道，和吸尘器推广受众与场景明显不符
9645,UCuK3a5FdUw05jUVMl0Oe2Ng,HowMuch Products,https://cn.noxinfluencer.com/youtube/channel/UCuK3a5FdUw05jUVMl0Oe2Ng,0,badcase,无标签、无相关视频与近期内容，缺少吸尘器推广相关证据
9646,UCuK7q477ZiUQkxIKv7IyS-A,Erick Martin Sucre,https://cn.noxinfluencer.com/youtube/channel/UCuK7q477ZiUQkxIKv7IyS-A,0,badcase,标签全是泛YouTube/车辆，无家电或清洁相关信号
9647,UCuKHtKcYVEjII2h6MvuAzog,Invotech Zone,https://cn.noxinfluencer.com/youtube/channel/UCuKHtKcYVEjII2h6MvuAzog,0,badcase,无标签、无视频、无清洁/家电相关证据
9648,UCuKNbNrmbr3ZyzktZ-_T14A,KIMBERLY FAYE | UGC Creator & Strategist,https://cn.noxinfluencer.com/youtube/channel/UCuKNbNrmbr3ZyzktZ-_T14A,0,badcase,无标签或内容证据支持吸尘器推广相关性
9649,UCuKy1j84BK07-qEye-1b-oQ,The Evans 🤍,https://cn.noxinfluencer.com/youtube/channel/UCuKy1j84BK07-qEye-1b-oQ,-15,badcase,音乐娱乐号，和吸尘器推广场景明显不匹配
9650,UCuL1cGa2uwGZ8x5bg_XFBDg,King Crane Plus,https://cn.noxinfluencer.com/youtube/channel/UCuL1cGa2uwGZ8x5bg_XFBDg,-15,badcase,游戏娱乐号，主要受众与吸尘器推广不相干
9651,UCuLmW4dC0Sfl06rjdj6YYaQ,Hushed Insights,https://cn.noxinfluencer.com/youtube/channel/UCuLmW4dC0Sfl06rjdj6YYaQ,0,badcase,无标签无内容信号，难判断与吸尘器推广相关
9652,UCuMPBWY8ZbFO_WQLv6wSfnA,Anne şu şu,https://cn.noxinfluencer.com/youtube/channel/UCuMPBWY8ZbFO_WQLv6wSfnA,0,badcase,无标签无内容信号，缺少家电或清洁场景
9654,UCuOdzM7uPRs7CMHCyljSVKQ,HomelyHive,https://cn.noxinfluencer.com/youtube/channel/UCuOdzM7uPRs7CMHCyljSVKQ,0,badcase,无标签无内容信号，缺少清洁家电相关性
9655,UCuPBGqlPM5eEWGihpWUThSA,Healthy Home Cooking,https://cn.noxinfluencer.com/youtube/channel/UCuPBGqlPM5eEWGihpWUThSA,0,badcase,仅见家居烹饪方向，缺少吸尘器推广信号
9656,UCuQL-iRmB6lm6UxUb7_5O9Q,Life of Pixel,https://cn.noxinfluencer.com/youtube/channel/UCuQL-iRmB6lm6UxUb7_5O9Q,0,badcase,无标签和视频证据，缺少吸尘器推广相关性
9658,UCuRDCd9iaM7OoN8xD-vom7A,Top5Anything,https://cn.noxinfluencer.com/youtube/channel/UCuRDCd9iaM7OoN8xD-vom7A,0,badcase,标签偏Excel知识教程，与吸尘器推广无关
9659,UCuRHDWMfJPXJXHTqKJDJxjg,SUPER MOM Reviews,https://cn.noxinfluencer.com/youtube/channel/UCuRHDWMfJPXJXHTqKJDJxjg,0,badcase,无标签、无相关标题，缺少吸尘器推广相关性信号
9660,UCuRjrbtey-jgUOApBxCYcDA,Upper Tech World,https://cn.noxinfluencer.com/youtube/channel/UCuRjrbtey-jgUOApBxCYcDA,0,badcase,无标签和内容证据，无法判断与吸尘器推广相关
9661,UCuSIp2TBjeWqu5QNNgqMD9g,Best Products Store,https://cn.noxinfluencer.com/youtube/channel/UCuSIp2TBjeWqu5QNNgqMD9g,0,badcase,无标签、无视频证据，缺少吸尘器推广相关性
9662,UCuTEe7TzYsFR5Q21q455c5w,Technology Lover,https://cn.noxinfluencer.com/youtube/channel/UCuTEe7TzYsFR5Q21q455c5w,0,badcase,无标签、相关视频或近期内容证据，无法支持吸尘器推广
9663,UCuTOz7kEd0dkousArEqmFlw,Kay Lucas,https://cn.noxinfluencer.com/youtube/channel/UCuTOz7kEd0dkousArEqmFlw,0,badcase,无标签和视频证据，缺乏吸尘器推广相关性
9664,UCuTW-GZVB0kog70J5AMnxTQ,Fellowes Brands,https://cn.noxinfluencer.com/youtube/channel/UCuTW-GZVB0kog70J5AMnxTQ,0,badcase,标签偏空气净化器品牌，不指向吸尘器推广
9665,UCuTqMeQyK7BxfI3E54Xu0eg,hayashikenki,https://cn.noxinfluencer.com/youtube/channel/UCuTqMeQyK7BxfI3E54Xu0eg,0,badcase,无标签、无相关视频，缺少清洁电器推广相关信号
9666,UCuU7j6Zr2MKXAJmRBA-bmxQ,Easy Lifestyle,https://cn.noxinfluencer.com/youtube/channel/UCuU7j6Zr2MKXAJmRBA-bmxQ,0,badcase,无标签无内容证据，和吸尘器推广关联极弱
9667,UCuU7r-bhkpFJ6DFc-jweGiA,SC Metal Art and Website Design,https://cn.noxinfluencer.com/youtube/channel/UCuU7r-bhkpFJ6DFc-jweGiA,-3,badcase,无吸尘器相关标签或视频，频道名偏金属艺术/网页设计，不适合推广
9670,UCuUV4YraroHEWlx0cSJMg3Q,Review Hub,https://cn.noxinfluencer.com/youtube/channel/UCuUV4YraroHEWlx0cSJMg3Q,-15,badcase,影视娱乐频道，题材与吸尘器推广明显不匹配
9671,UCuV0rzUPwGTZe9lb1kWot8w,SouthernWife EverydayLife,https://cn.noxinfluencer.com/youtube/channel/UCuV0rzUPwGTZe9lb1kWot8w,2,badcase,家居生活标签泛化，缺少清洁/吸尘器购买或测评语境
9672,UCuV2VBQpCfnybRuETlhc5Aw,Burke Makes Stuff,https://cn.noxinfluencer.com/youtube/channel/UCuV2VBQpCfnybRuETlhc5Aw,3,badcase,DIY内容偏制作，不是吸尘器推广场景
9673,UCuVPpn_aRhLas8vtuMc10TA,Jeffrey Tu,https://cn.noxinfluencer.com/youtube/channel/UCuVPpn_aRhLas8vtuMc10TA,3,badcase,数码泛类，缺少家电清洁与购买意图
9674,UCuVYwpA2i06Otp-W4tXYCBw,Guide Nation,https://cn.noxinfluencer.com/youtube/channel/UCuVYwpA2i06Otp-W4tXYCBw,2,badcase,科技泛频道，和吸尘器用途关联弱
9676,UCuW1o9EyGF5fA_RjZHVSjSg,Car Accessory World,https://cn.noxinfluencer.com/youtube/channel/UCuW1o9EyGF5fA_RjZHVSjSg,-8,badcase,汽车配件频道，缺少吸尘器清洁/家电推广意图
9677,UCuWNmMSV0b8H2011STxg7LA,Smart Life_24,https://cn.noxinfluencer.com/youtube/channel/UCuWNmMSV0b8H2011STxg7LA,0,badcase,无标签无内容信号，难判断为吸尘器推广频道
9679,UCuWhNssypSR4s2_v7x2GiPw,Pet raising expert,https://cn.noxinfluencer.com/youtube/channel/UCuWhNssypSR4s2_v7x2GiPw,0,badcase,无频道标签、视频标题或近期内容证据支持吸尘器推广
9680,UCuXTtOLXTMsRIYZJZLSzMOA,Nurse Nixy,https://cn.noxinfluencer.com/youtube/channel/UCuXTtOLXTMsRIYZJZLSzMOA,-15,badcase,娱乐音乐游戏为主，和吸尘器推广场景明显不符
9681,UCuY7oMf6TKyb2rJt9YK3iEA,BestReviewsCorner,https://cn.noxinfluencer.com/youtube/channel/UCuY7oMf6TKyb2rJt9YK3iEA,0,badcase,无标签、无标题与内容证据，缺少吸尘器推广相关性
9682,UCuYKyDBiGv6fuKToZqrv9QA,Best 5 Pro,https://cn.noxinfluencer.com/youtube/channel/UCuYKyDBiGv6fuKToZqrv9QA,0,badcase,无标签无视频证据，缺少清洁器推广相关性
9683,UCuYcwVrTe6qwVBBDxi0WZuQ,Elhassan Concetta,https://cn.noxinfluencer.com/youtube/channel/UCuYcwVrTe6qwVBBDxi0WZuQ,0,badcase,标签偏泛生活/亲子，与吸尘器推广无直接相关
9684,UCuYswjnkuorKSk2GNaTcM1g,Faizan Finds,https://cn.noxinfluencer.com/youtube/channel/UCuYswjnkuorKSk2GNaTcM1g,0,badcase,无标签、无视频题材证据，不适合吸尘器推广
9685,UCuZGnONYfCKj8aNz7OSSn2g,Gadgetly,https://cn.noxinfluencer.com/youtube/channel/UCuZGnONYfCKj8aNz7OSSn2g,0,badcase,标签多为泛生活/科技，无清洁器具相关内容
9686,UCuZSkyIqOYaL9ma7s_XeqFg,ShoppyExpress,https://cn.noxinfluencer.com/youtube/channel/UCuZSkyIqOYaL9ma7s_XeqFg,0,badcase,无标签与内容证据，无法支持吸尘器推广
9687,UCu_3NLQGTzyUzycytXKA3Jg,Top 5 Reviews,https://cn.noxinfluencer.com/youtube/channel/UCu_3NLQGTzyUzycytXKA3Jg,0,badcase,仅有泛化频道名线索，缺少吸尘器相关证据
9688,UCu_P5DSAFIZG0BRbOsaucEg,Editors' Review,https://cn.noxinfluencer.com/youtube/channel/UCu_P5DSAFIZG0BRbOsaucEg,0,badcase,无相关标签或视频，和吸尘器推广不匹配
9689,UCu_dlFxHZE_x8SpyxBI6big,Gadget Core,https://cn.noxinfluencer.com/youtube/channel/UCu_dlFxHZE_x8SpyxBI6big,0,badcase,科技泛名但无产品评测证据，相关性不足
9690,UCu_tzMtWUKcEquK2kO691_g,All Things Jazzy ❤,https://cn.noxinfluencer.com/youtube/channel/UCu_tzMtWUKcEquK2kO691_g,0,badcase,美食内容与吸尘器产品推广明显不相关
9691,UCuaQPhlK2C7ZksBp6SQJTdg,Jemmy k. Leedy,https://cn.noxinfluencer.com/youtube/channel/UCuaQPhlK2C7ZksBp6SQJTdg,1,badcase,仅有lifestyle泛相关，缺少吸尘器购买/使用信号
9692,UCuawr2RRulsmt6hiklPbz8Q,Pet House,https://cn.noxinfluencer.com/youtube/channel/UCuawr2RRulsmt6hiklPbz8Q,-15,badcase,AI猫娱乐短内容，推广家电存在明显格式不匹配
9693,UCubMKy-duNBOxxyGzmP7IRQ,Dropshipping Video Ads,https://cn.noxinfluencer.com/youtube/channel/UCubMKy-duNBOxxyGzmP7IRQ,0,badcase,无标签与内容证据，无法判断与吸尘器推广相关
9694,UCubkbiKNPJ8Fr7VFj3yPplQ,Blue el Policia 👮‍♂️,https://cn.noxinfluencer.com/youtube/channel/UCubkbiKNPJ8Fr7VFj3yPplQ,0,badcase,频道主题偏警务内容，与吸尘器推广不相关
9695,UCuc4MxH9elX19vLtDYeJ2Uw,Tinker Forward,https://cn.noxinfluencer.com/youtube/channel/UCuc4MxH9elX19vLtDYeJ2Uw,-15,badcase,频道核心是智能手表，和吸尘器品类明显不匹配
9696,UCue-_2NvikUn7iAo-Do_www,The Flip Hubb,https://cn.noxinfluencer.com/youtube/channel/UCue-_2NvikUn7iAo-Do_www,0,badcase,无标签、相关视频或近期内容，缺少吸尘器推广相关证据
9697,UCueFj5LR51yd07PwltCpOZQ,Review Hub,https://cn.noxinfluencer.com/youtube/channel/UCueFj5LR51yd07PwltCpOZQ,0,badcase,无标签和内容证据，缺少吸尘器推广相关性
9698,UCueGHHbKAepJjvKkvS9VzBw,KeenEYe Deals,https://cn.noxinfluencer.com/youtube/channel/UCueGHHbKAepJjvKkvS9VzBw,0,badcase,无标签和内容证据，缺少清洁器推广相关性
9699,UCueIRPKhB3YMa82vlUl0PXA,Video Cemal,https://cn.noxinfluencer.com/youtube/channel/UCueIRPKhB3YMa82vlUl0PXA,-15,badcase,动物短视频娱乐频道，与吸尘器推广受众和场景明显不匹配
9700,UCuengza6azE7Iu9TYx6Ws7w,MyTeci,https://cn.noxinfluencer.com/youtube/channel/UCuengza6azE7Iu9TYx6Ws7w,-15,badcase,加密金融频道，与吸尘器推广主题明显不相关
9701,UCufVxkwtX5NgATh19586mrg,AKRiseandShine,https://cn.noxinfluencer.com/youtube/channel/UCufVxkwtX5NgATh19586mrg,0,badcase,无清洁家电相关信号
9702,UCufoUcY1-KDHuH61qQy7fbg,TOON CHUL BULA,https://cn.noxinfluencer.com/youtube/channel/UCufoUcY1-KDHuH61qQy7fbg,-15,badcase,动画娱乐频道，和吸尘器推广场景强不匹配
9703,UCufvLsM15IUu-qbLaNak37A,DuoLag,https://cn.noxinfluencer.com/youtube/channel/UCufvLsM15IUu-qbLaNak37A,0,badcase,无清洁家电相关信号
9704,UCug5EWxJwlg0uoz8c6rL8mA,Nails By Key,https://cn.noxinfluencer.com/youtube/channel/UCug5EWxJwlg0uoz8c6rL8mA,0,badcase,美甲美妆内容，与吸尘器购买意图无关
9705,UCugVE7l5wcSzSDBpolLCyPA,Product Paradise,https://cn.noxinfluencer.com/youtube/channel/UCugVE7l5wcSzSDBpolLCyPA,0,badcase,无标签无内容，无法判断有清洁家电相关性
9706,UCuh0WG4TM84sDZf1bI81AVQ,Caught of Camera,https://cn.noxinfluencer.com/youtube/channel/UCuh0WG4TM84sDZf1bI81AVQ,0,badcase,无相关标签、标题或近期内容，缺乏推广相关证据
9708,UCuixeD9RrYrBviFh-KWDt_Q,Baby Beats Rhymes,https://cn.noxinfluencer.com/youtube/channel/UCuixeD9RrYrBviFh-KWDt_Q,-5,badcase,儿童音乐频道，与吸尘器推广场景明显不符
9709,UCuk1pAp7F08HF3W9rpKTnbA,rex644,https://cn.noxinfluencer.com/youtube/channel/UCuk1pAp7F08HF3W9rpKTnbA,0,badcase,无标签、无相关视频、无近期内容证据支持吸尘器推广
9710,UCukWTxfThXF458s-99iAofA,Top Tech World,https://cn.noxinfluencer.com/youtube/channel/UCukWTxfThXF458s-99iAofA,0,badcase,无标签、无相关视频和近期内容证据，无法支持吸尘器推广
9712,UCumDlm5dwMJucMva9ZnoMsw,Tech With Commando,https://cn.noxinfluencer.com/youtube/channel/UCumDlm5dwMJucMva9ZnoMsw,0,badcase,无标签无内容信号，无法判断为相关频道
9713,UCumM-fO7dAosoy5dKhhSvLw,GearBits,https://cn.noxinfluencer.com/youtube/channel/UCumM-fO7dAosoy5dKhhSvLw,0,badcase,无标签无内容信号，无法判断为相关频道
9714,UCumZLBP953jpuPhnkodV2SQ,ChayCreates,https://cn.noxinfluencer.com/youtube/channel/UCumZLBP953jpuPhnkodV2SQ,0,badcase,无标签无内容信号，无法判断为相关频道
9716,UCumn8zD62u1UJIY1MIH3WrA,Sebastian Solstole,https://cn.noxinfluencer.com/youtube/channel/UCumn8zD62u1UJIY1MIH3WrA,0,badcase,无标签与相关内容，缺少吸尘器推广匹配证据
9717,UCun8ZL7Vink5--FNGDlIjeA,Mellonn-chan 🍈,https://cn.noxinfluencer.com/youtube/channel/UCun8ZL7Vink5--FNGDlIjeA,-25,badcase,娱乐/音乐/游戏频道，与吸尘器促销场景明显不符
9718,UCunXFxoAv9yhtPvR1uU60gw,Moni Singh,https://cn.noxinfluencer.com/youtube/channel/UCunXFxoAv9yhtPvR1uU60gw,0,badcase,无相关标签和视频内容，缺少吸引扫地机推广受众的证据
9719,UCuoPHrgPyYyUQ_KVV1uzgyw,My World,https://cn.noxinfluencer.com/youtube/channel/UCuoPHrgPyYyUQ_KVV1uzgyw,-15,badcase,频道是宠物娱乐短视频，不适合推广家用吸尘器
9720,UCuoekVPw8NrdCm24KRHuyMg,News Media Group,https://cn.noxinfluencer.com/youtube/channel/UCuoekVPw8NrdCm24KRHuyMg,2,badcase,标签仅泛科技/家居，缺少吸尘器评测或购买意图，适配性弱
9721,UCuorq-rzgSCzMzJ_tuzq3kQ,DarwynHyena,https://cn.noxinfluencer.com/youtube/channel/UCuorq-rzgSCzMzJ_tuzq3kQ,0,badcase,无标签无内容证据，无法判断为真相关
9722,UCup1h1MISqWWTR_CbvOro2A,Tardkha Food,https://cn.noxinfluencer.com/youtube/channel/UCup1h1MISqWWTR_CbvOro2A,-15,badcase,新闻政治频道，和吸尘器推广主题明显不符
9723,UCup_ioGP8BZmbh5XZhKDQ-A,TSP DIY,https://cn.noxinfluencer.com/youtube/channel/UCup_ioGP8BZmbh5XZhKDQ-A,0,badcase,仅DIY名称，无吸尘器使用或评测证据
9724,UCuquO6rw4uLlJBfvqCJ-eqg,Secret shop on ALI,https://cn.noxinfluencer.com/youtube/channel/UCuquO6rw4uLlJBfvqCJ-eqg,0,badcase,无标签无内容，缺少家电选购或测评信号
9725,UCurh7Ha5AKQ-EmIA0kn3jdQ,Dave’s Shop,https://cn.noxinfluencer.com/youtube/channel/UCurh7Ha5AKQ-EmIA0kn3jdQ,1,badcase,仅有DIY/工具弱相关，缺少家电推广场景
9726,UCurs2NqSxFgfeIUkdwjz7ng,RK Reviews,https://cn.noxinfluencer.com/youtube/channel/UCurs2NqSxFgfeIUkdwjz7ng,0,badcase,无标签和内容信号，无法判断有吸尘器推广相关性
9727,UCursJQ_AR9KfNDMq8PtVmJQ,Matt Wackerle,https://cn.noxinfluencer.com/youtube/channel/UCursJQ_AR9KfNDMq8PtVmJQ,2,badcase,木工频道仅弱场景重叠，缺少吸尘器评测或购买意图
9729,UCus9H-X9vLMi6iKQj2OoI1g,Watson's Reviews,https://cn.noxinfluencer.com/youtube/channel/UCus9H-X9vLMi6iKQj2OoI1g,0,badcase,医疗健康内容与吸尘器推广目标不匹配
9730,UCusM8JfDUqm_KmKYXytF7sQ,Strangewood ATX,https://cn.noxinfluencer.com/youtube/channel/UCusM8JfDUqm_KmKYXytF7sQ,-12,badcase,ASMR氛围型内容是明显格式错配，不适合物理产品推广
9731,UCuscj65z9hEu_i8SRZKGtlg,Mindset-Matters,https://cn.noxinfluencer.com/youtube/channel/UCuscj65z9hEu_i8SRZKGtlg,0,badcase,无标签和内容信号，无法支持吸尘器推广
9732,UCusu1KZWARoNxt1eU5gUDUg,dnjmmb,https://cn.noxinfluencer.com/youtube/channel/UCusu1KZWARoNxt1eU5gUDUg,0,badcase,无标签和内容信号，无法支持吸尘器推广
9733,UCusvsBM7exXoqYVKdXmVNXQ,SCO Reviews,https://cn.noxinfluencer.com/youtube/channel/UCusvsBM7exXoqYVKdXmVNXQ,0,badcase,无标签和内容信号，无法支持吸尘器推广
9734,UCutG17Tuu5rgbTaDGdBDZHQ,Be pro بی پرو,https://cn.noxinfluencer.com/youtube/channel/UCutG17Tuu5rgbTaDGdBDZHQ,0,badcase,无标签和内容信号，无法支持吸尘器推广
9735,UCuuhMrxYS4YulGevcUMEutQ,LifeStyles of Staciek76,https://cn.noxinfluencer.com/youtube/channel/UCuuhMrxYS4YulGevcUMEutQ,-9,badcase,频道以美妆护肤为主，仅有泛家居弱相关，不适合吸尘器推广
9736,UCuv5qVbROBThH1cN6Ux6DFQ,Best Ever Express 4 You,https://cn.noxinfluencer.com/youtube/channel/UCuv5qVbROBThH1cN6Ux6DFQ,0,badcase,无标签、相关视频或近期内容，缺少吸尘器推广相关证据
9737,UCuvPpPWC8_TcUwUVpb2esZQ,Applebread,https://cn.noxinfluencer.com/youtube/channel/UCuvPpPWC8_TcUwUVpb2esZQ,-15,badcase,游戏频道内容与吸尘器推广场景明显不符
9739,UCuxvHZc2b0mwNzkTe_466Dg,Kentucky Ranger,https://cn.noxinfluencer.com/youtube/channel/UCuxvHZc2b0mwNzkTe_466Dg,-10,badcase,游戏娱乐频道与吸尘器推广不匹配
9741,UCuyoHlRKco8mqff8ekD6OTQ,Sheribail3,https://cn.noxinfluencer.com/youtube/channel/UCuyoHlRKco8mqff8ekD6OTQ,1,badcase,仅有泛生活标签，缺少吸尘器相关或购买/测评意图
9743,UCuzOmKvU5sv4PKwl5dvS98A,Sagarika Naik~ Indianlife in USA,https://cn.noxinfluencer.com/youtube/channel/UCuzOmKvU5sv4PKwl5dvS98A,0,badcase,无清晰家电相关信号，偏生活vlog，不适合推扫地机
9744,UCuzYeWjtDCyjLm_mlMLkCDw,MarianaAvila Vlogs,https://cn.noxinfluencer.com/youtube/channel/UCuzYeWjtDCyjLm_mlMLkCDw,0,badcase,频道为日常vlog/家庭内容，缺少清洁家电或购买意图信号
9745,UCuztJ-Xc9X0bBhjOavCEO1A,Products Room,https://cn.noxinfluencer.com/youtube/channel/UCuztJ-Xc9X0bBhjOavCEO1A,-7,badcase,主域偏游戏主机，缺少吸尘器评测或家电购买意图
9746,UCv-VwvyBkJHmb7kk8ZithiA,Great Massage Chair,https://cn.noxinfluencer.com/youtube/channel/UCv-VwvyBkJHmb7kk8ZithiA,0,badcase,无相关标签或内容，和吸尘器推广无明显关联
9747,UCv-X80ygURX9X7rXldE0JGw,Fish Home,https://cn.noxinfluencer.com/youtube/channel/UCv-X80ygURX9X7rXldE0JGw,0,badcase,无相关标签或内容，和吸尘器推广无明显关联
9748,UCv0HbM7V1BoJVq6i4Zh9IAA,MindVibs,https://cn.noxinfluencer.com/youtube/channel/UCv0HbM7V1BoJVq6i4Zh9IAA,0,badcase,无相关标签或内容，和吸尘器推广无明显关联
9749,UCv0IDDyS6C_4XVeW_aLnHnQ,Erin Pak,https://cn.noxinfluencer.com/youtube/channel/UCv0IDDyS6C_4XVeW_aLnHnQ,0,badcase,仅有泛知识/科技/生活标签，无吸尘器产品推广证据
9750,UCv0aSZL9Q7n3_zkhoHJUX-A,AI KATHA,https://cn.noxinfluencer.com/youtube/channel/UCv0aSZL9Q7n3_zkhoHJUX-A,0,badcase,无相关标签或内容，和吸尘器推广无明显关联
9752,UCv1x6l-OXBq_75Csh8j_-lQ,Extreme How-To,https://cn.noxinfluencer.com/youtube/channel/UCv1x6l-OXBq_75Csh8j_-lQ,0,badcase,仅有泛化 lifestyle，缺少清洁、家电或购买意图信号
9753,UCv2PwkUnrVde7Mkqqsnl6Xw,Kalvin Parsons,https://cn.noxinfluencer.com/youtube/channel/UCv2PwkUnrVde7Mkqqsnl6Xw,0,badcase,无标签无内容信号，无法判断为清洁家电相关
9754,UCv2aW3KBaz9CqlsQCVY4HBA,EM Tesla,https://cn.noxinfluencer.com/youtube/channel/UCv2aW3KBaz9CqlsQCVY4HBA,0,badcase,汽车内容为主，和家用 vacuum cleaner 推广关联弱
9755,UCv2cZkEDD_jZUlLmiyJPNrg,Mr DHK,https://cn.noxinfluencer.com/youtube/channel/UCv2cZkEDD_jZUlLmiyJPNrg,0,badcase,无标签无视频信号，缺少与 vacuum cleaner 的相关性
9758,UCv4H9s6-YlwYyZsUYsLdI7Q,Cameron Reviews,https://cn.noxinfluencer.com/youtube/channel/UCv4H9s6-YlwYyZsUYsLdI7Q,2,badcase,耳机测评为主，和吸尘器产品推广关联很弱
9759,UCv4t_ETQpCLpCwO-ymfVuTA,GARZILLA,https://cn.noxinfluencer.com/youtube/channel/UCv4t_ETQpCLpCwO-ymfVuTA,-15,badcase,游戏娱乐内容为主，和吸尘器推广明显不匹配
9760,UCv5MqEDJ2b-ABT31HNuNr_g,Note Play,https://cn.noxinfluencer.com/youtube/channel/UCv5MqEDJ2b-ABT31HNuNr_g,0,badcase,缺少标签与内容证据，无法判断适合吸尘器推广
9761,UCv5g0ag1LS73LGP3hJGgPog,gabrieluy77,https://cn.noxinfluencer.com/youtube/channel/UCv5g0ag1LS73LGP3hJGgPog,0,badcase,无标签、无视频信号，缺少清洁家电推广相关性
9762,UCv6NHEIRL_pqjlocjh6rebg,John Bear Woodworks & Furniture Restoration,https://cn.noxinfluencer.com/youtube/channel/UCv6NHEIRL_pqjlocjh6rebg,2,badcase,木工修复主题，只有弱场景重合，缺少吸尘器购买或评测意图
9763,UCv6OtO-DPNs4yD8vld6fKQQ,Readerspice,https://cn.noxinfluencer.com/youtube/channel/UCv6OtO-DPNs4yD8vld6fKQQ,0,badcase,无标签、无相关视频，缺少吸尘器推广相关性证据
9764,UCv6tYJWFu53dO5IE8ae5z_A,TOP 10 CHANNEL,https://cn.noxinfluencer.com/youtube/channel/UCv6tYJWFu53dO5IE8ae5z_A,1,badcase,仅有生活方式弱相关，体育/高尔夫/Fashion与吸尘器推广不匹配
9765,UCv7MdyG9_2X8jExmG5J9QIQ,Survival Kit,https://cn.noxinfluencer.com/youtube/channel/UCv7MdyG9_2X8jExmG5J9QIQ,0,badcase,无标签、无相关视频，且频道名偏生存工具方向，缺乏清洁家电推广相关性
9766,UCv8EnFfl7TocF20NoeZlrkQ,ProfitLink,https://cn.noxinfluencer.com/youtube/channel/UCv8EnFfl7TocF20NoeZlrkQ,0,badcase,无标签、无相关视频、无近期内容证据支持吸尘器推广
9767,UCv8RwssXanLBsBGGQzTIHLg,TrendShrend,https://cn.noxinfluencer.com/youtube/channel/UCv8RwssXanLBsBGGQzTIHLg,0,badcase,无标签、视频或近期内容证据，无法支持吸尘器推广相关性
9768,UCv8zyDJJxhTWjq0tq_whwzw,Petology Lab,https://cn.noxinfluencer.com/youtube/channel/UCv8zyDJJxhTWjq0tq_whwzw,0,badcase,无标签、标题或近期内容证据支持吸尘器推广相关性
9769,UCvB9o_bdyTNJszL6eeuEPcA,CUTE CATS,https://cn.noxinfluencer.com/youtube/channel/UCvB9o_bdyTNJszL6eeuEPcA,0,badcase,宠物娱乐频道，和吸尘器推广缺少直接相关性
9770,UCvCP5qObBMYI5StNHyAPuBg,波士頓一口BostonBite,https://cn.noxinfluencer.com/youtube/channel/UCvCP5qObBMYI5StNHyAPuBg,0,badcase,无标签、标题或近期内容证据支持吸尘器推广相关性
9771,UCvCsrP9aaqU25mtS3adMTCw,BeamNG Driver,https://cn.noxinfluencer.com/youtube/channel/UCvCsrP9aaqU25mtS3adMTCw,0,badcase,无标签、视频或近期内容证据，无法支持吸尘器推广相关性
9772,UCvCw88wiws-tcDp4gGuEtZQ,UnboxTheLot,https://cn.noxinfluencer.com/youtube/channel/UCvCw88wiws-tcDp4gGuEtZQ,0,badcase,无标签、相关视频和近期内容证据，无法支持吸尘器推广
9773,UCvD1CxyRHT1_nMYTrmMNjow,HBIC,https://cn.noxinfluencer.com/youtube/channel/UCvD1CxyRHT1_nMYTrmMNjow,-15,badcase,meme娱乐号，偏内容消费，不适合扫地机推广
9774,UCvDi9GTd3MCBR3vukZSj8Gg,Rebecca R.Finch,https://cn.noxinfluencer.com/youtube/channel/UCvDi9GTd3MCBR3vukZSj8Gg,0,badcase,无标签、视频或近期内容证据，无法支持吸尘器推广相关性
9775,UCvEa4pz_POqlyLRP-aCpSPg,Lemuse Dogequ,https://cn.noxinfluencer.com/youtube/channel/UCvEa4pz_POqlyLRP-aCpSPg,-20,badcase,story/pov娱乐内容，和清洁家电推广场景不匹配
9776,UCvFC3cMXZ63iJWqhTQA7I4A,Modern Touch,https://cn.noxinfluencer.com/youtube/channel/UCvFC3cMXZ63iJWqhTQA7I4A,0,badcase,无标签无内容信号，无法支撑吸尘器推广
9778,UCvFgs9Ndy2FlPiyUFxNFamA,An Interesting Short,https://cn.noxinfluencer.com/youtube/channel/UCvFgs9Ndy2FlPiyUFxNFamA,0,badcase,无标签无内容，缺少与吸尘器相关的推广信号
9779,UCvGNhM7rBnxvYBijYOmWDAw,lolo2,https://cn.noxinfluencer.com/youtube/channel/UCvGNhM7rBnxvYBijYOmWDAw,0,badcase,无标签无内容，和吸尘器推广无明显关联
9780,UCvGPag8G7rCPN5LyYI5OeyQ,SkyBlus,https://cn.noxinfluencer.com/youtube/channel/UCvGPag8G7rCPN5LyYI5OeyQ,0,badcase,无标签无内容，当前无法判断为吸尘器相关频道
9781,UCvH8Qx2bBK3Nd9m5vHne3wg,Patrick Barnes,https://cn.noxinfluencer.com/youtube/channel/UCvH8Qx2bBK3Nd9m5vHne3wg,-5,badcase,宠物娱乐号，缺少清洁/家电购买意图
9782,UCvIc17HHXS-Sb1IilBb45vA,Sleet Kitten,https://cn.noxinfluencer.com/youtube/channel/UCvIc17HHXS-Sb1IilBb45vA,0,badcase,纯宠物内容，缺少清洁/家电购买意图
9783,UCvIePfPZqUXWCDgbNLduuVw,Dark Cloudzz,https://cn.noxinfluencer.com/youtube/channel/UCvIePfPZqUXWCDgbNLduuVw,0,badcase,无标签、无相关视频、无近期内容证据支持吸尘器推广
9785,UCvJxCvGJiVxm5J6FblHhClQ,Outdoorguy365,https://cn.noxinfluencer.com/youtube/channel/UCvJxCvGJiVxm5J6FblHhClQ,0,badcase,无标签、无相关视频、无近期内容证据支持吸尘器推广
9786,UCvK8xKsqFQJhW8eykQjQCZw,UPLIFTING SOUND,https://cn.noxinfluencer.com/youtube/channel/UCvK8xKsqFQJhW8eykQjQCZw,-15,badcase,音乐娱乐频道，与吸尘器推广场景明显不符
9787,UCvLUTfYMhQ-hAdtKx_VtmAA,Twisted Shuriken,https://cn.noxinfluencer.com/youtube/channel/UCvLUTfYMhQ-hAdtKx_VtmAA,0,badcase,无标签、标题或近期内容证据支持吸尘器推广相关性
9788,UCvLZ4PTlk9onBmosKRI4FjQ,JIRO,https://cn.noxinfluencer.com/youtube/channel/UCvLZ4PTlk9onBmosKRI4FjQ,-5,badcase,宠物娱乐短视频为主，缺少清洁家电相关意图
9789,UCvMClBcq12od-df4vVJ47yw,CulerinBz (Culerin),https://cn.noxinfluencer.com/youtube/channel/UCvMClBcq12od-df4vVJ47yw,-15,badcase,游戏直播频道，与吸尘器购买推广几乎无关
9791,UCvML3Qi9KfDYw2IAnq2sB1w,SHANNONIGANS,https://cn.noxinfluencer.com/youtube/channel/UCvML3Qi9KfDYw2IAnq2sB1w,0,badcase,无相关标签与内容，和吸尘器推广不匹配
9793,UCvN80Q5b2AlJs_WZyyyPagQ,TECH VERSE,https://cn.noxinfluencer.com/youtube/channel/UCvN80Q5b2AlJs_WZyyyPagQ,0,badcase,无相关标签与内容，难支撑吸尘器推广
9794,UCvNYm6kPirvVeo04jx0JcFA,Searching for treasures,https://cn.noxinfluencer.com/youtube/channel/UCvNYm6kPirvVeo04jx0JcFA,0,badcase,偏娱乐生活向，缺少家电购买或使用信号
9795,UCvNpwcnTAtqI2_D95je3MZA,Call Me Dali Baby,https://cn.noxinfluencer.com/youtube/channel/UCvNpwcnTAtqI2_D95je3MZA,0,badcase,无相关标签与内容，和吸尘器推广不匹配
9796,UCvOnG9-IyPPkWlBbWWNOe_w,Online Gadgets,https://cn.noxinfluencer.com/youtube/channel/UCvOnG9-IyPPkWlBbWWNOe_w,0,badcase,无标签无内容，缺少吸尘器相关受众与购买信号
9797,UCvPNijY8ojEvwOFCWf7YhjQ,Nathan Harbert,https://cn.noxinfluencer.com/youtube/channel/UCvPNijY8ojEvwOFCWf7YhjQ,-15,badcase,娱乐电影节日内容，与吸尘器推广场景明显不匹配
9798,UCvPOAFJ2lY80yoRGBIlKZCA,Elsa Roberson,https://cn.noxinfluencer.com/youtube/channel/UCvPOAFJ2lY80yoRGBIlKZCA,0,badcase,无标签无内容，无法建立吸尘器推广相关性
9801,UCvQJ-nu95C9bl8Mplymuspg,TreyThornton19,https://cn.noxinfluencer.com/youtube/channel/UCvQJ-nu95C9bl8Mplymuspg,0,badcase,无标签、无相关内容，缺少清洁电器推广相关性
9802,UCvQZ8E-kK1oFU8cK5y4ADeA,Your Best Choice,https://cn.noxinfluencer.com/youtube/channel/UCvQZ8E-kK1oFU8cK5y4ADeA,0,badcase,无标签、无相关视频、无近期内容证据，无法支持吸尘器推广
9803,UCvQeoVrGBs5TTBOyqimOpNQ,3411 Heaven Media,https://cn.noxinfluencer.com/youtube/channel/UCvQeoVrGBs5TTBOyqimOpNQ,3,badcase,仅有泛科技标签，缺少吸尘器购买/评测/使用语境
9804,UCvR-_ZBV78IrOmWAt7SGS9Q,The Mitch Zone,https://cn.noxinfluencer.com/youtube/channel/UCvR-_ZBV78IrOmWAt7SGS9Q,-15,badcase,游戏频道，内容与家电推广目标明显不符
9805,UCvSrjC_zrbJfPn4m_3y7mZA,Top Online Finds,https://cn.noxinfluencer.com/youtube/channel/UCvSrjC_zrbJfPn4m_3y7mZA,0,badcase,无标签无内容，缺少吸尘器推广相关性证据
9806,UCvTR_7U45kqmS1tCfcFmceg,Techno Today,https://cn.noxinfluencer.com/youtube/channel/UCvTR_7U45kqmS1tCfcFmceg,0,badcase,仅泛科技标签，无吸尘器或家电购买/测评意图
9807,UCvTyHjsJwztTMLHKdMEaakQ,Rachelle Swannie,https://cn.noxinfluencer.com/youtube/channel/UCvTyHjsJwztTMLHKdMEaakQ,-5,badcase,生活家庭号，缺少清洁器材内容，相关性偏弱。
9808,UCvUF8xZLskJM5h1FRgKyjYw,Chuck Jacobs,https://cn.noxinfluencer.com/youtube/channel/UCvUF8xZLskJM5h1FRgKyjYw,0,badcase,无标签、相关视频或近期内容证据，无法支持吸尘器推广
9809,UCvV7gzY_K_0Laa52gnWnh_g,OXTIKA,https://cn.noxinfluencer.com/youtube/channel/UCvV7gzY_K_0Laa52gnWnh_g,0,badcase,无标签、无相关视频，缺乏吸尘器推广相关性
9810,UCvVXgMQ1ONgUIEWe6k1uUEw,Seb & Mich • GominPlanet,https://cn.noxinfluencer.com/youtube/channel/UCvVXgMQ1ONgUIEWe6k1uUEw,0,badcase,无标签和内容相关信号，不支持吸尘器推广
9811,UCvVvHnOGRZ6p1F07uNsBMXQ,DeepDreamAi,https://cn.noxinfluencer.com/youtube/channel/UCvVvHnOGRZ6p1F07uNsBMXQ,0,badcase,无标签与内容信号，和吸尘器推广无关
9812,UCvWWf-LYjaujE50iYai8WgQ,Paul's Hardware,https://cn.noxinfluencer.com/youtube/channel/UCvWWf-LYjaujE50iYai8WgQ,1,badcase,电脑硬件频道，和吸尘器购买场景不符
9815,UCvXtv-ecSzlyjaWxxkJD7dA,DiyTech,https://cn.noxinfluencer.com/youtube/channel/UCvXtv-ecSzlyjaWxxkJD7dA,2,badcase,泛科技频道，只有很弱的家电/消费电子泛关联
9816,UCvXx52iA_JNs-NbINy21SaA,Tech Insider,https://cn.noxinfluencer.com/youtube/channel/UCvXx52iA_JNs-NbINy21SaA,0,badcase,无标签无内容，缺少吸尘器推广相关信号
9817,UCvY0REMLV8lw6LzK2Xmmhog,ChipForge,https://cn.noxinfluencer.com/youtube/channel/UCvY0REMLV8lw6LzK2Xmmhog,-5,badcase,木工碎木机频道，与吸尘器推广场景不匹配
9819,UCvYem7vX9bKzL7FOHNvBUyQ,Olga&Gracie,https://cn.noxinfluencer.com/youtube/channel/UCvYem7vX9bKzL7FOHNvBUyQ,0,badcase,无标签无内容，缺少吸尘器推广相关信号
9820,UCvYxOREVImcI1wIi0XmQB4w,Bunda yeni,https://cn.noxinfluencer.com/youtube/channel/UCvYxOREVImcI1wIi0XmQB4w,-15,badcase,短视频娱乐频道，主题与吸尘器推广明显不匹配
9821,UCvZgnWDWzR88GJVzfst_1CA,Svetkonfetka shorts,https://cn.noxinfluencer.com/youtube/channel/UCvZgnWDWzR88GJVzfst_1CA,-15,badcase,娱乐短视频标签为主，和吸尘器推广明显不符
9823,UCv_QSivPlXI794YoIcsc6vg,Gearhead Garage Inc,https://cn.noxinfluencer.com/youtube/channel/UCv_QSivPlXI794YoIcsc6vg,0,badcase,车圈/车库内容，和家用吸尘器推广关联弱
9824,UCv_ivWy8JGHSWZ3QoC2nl7w,Product Beast,https://cn.noxinfluencer.com/youtube/channel/UCv_ivWy8JGHSWZ3QoC2nl7w,0,badcase,缺少任何相关标签或内容信号
9826,UCv_vw9XU0fgb7flXjFHT_Aw,1csullivan,https://cn.noxinfluencer.com/youtube/channel/UCv_vw9XU0fgb7flXjFHT_Aw,0,badcase,无标签、无内容信号，与吸尘器推广无关
9827,UCv_wPHSMzBofXZZM_RepZgw,The Global Consensus,https://cn.noxinfluencer.com/youtube/channel/UCv_wPHSMzBofXZZM_RepZgw,0,badcase,无标签、无内容信号，与吸尘器推广无关
9828,UCva2HaV99kkKIQvOTaa8HSQ,Kenna's Kitchen,https://cn.noxinfluencer.com/youtube/channel/UCva2HaV99kkKIQvOTaa8HSQ,0,badcase,偏烹饪内容，缺少清洁家电或购买意图
9829,UCvaYK7HdZZ0ciqD0nyZ6tkA,Majestie's ASMR,https://cn.noxinfluencer.com/youtube/channel/UCvaYK7HdZZ0ciqD0nyZ6tkA,-15,badcase,纯ASMR音频形式，与吸尘器推广强不匹配
9830,UCvbIUeRJOoebQUcYLazKX_A,enjoi,https://cn.noxinfluencer.com/youtube/channel/UCvbIUeRJOoebQUcYLazKX_A,-15,badcase,滑板垂类与吸尘器推广场景不匹配
9831,UCvdHLNxCouPth23fxUApYRg,Prime Picks USA,https://cn.noxinfluencer.com/youtube/channel/UCvdHLNxCouPth23fxUApYRg,0,badcase,无相关标签与内容，缺少家电清洁场景
9832,UCvdT8z7GCBFR09HUaCQG2jA,Little How To Girl,https://cn.noxinfluencer.com/youtube/channel/UCvdT8z7GCBFR09HUaCQG2jA,0,badcase,仅有泛化How To倾向，缺少吸尘器推广语境
9833,UCve7K6QSMHJ70CK53osV2qA,Loving Feline Nurture,https://cn.noxinfluencer.com/youtube/channel/UCve7K6QSMHJ70CK53osV2qA,0,badcase,宠物护理频道，和吸尘器推广关联不足
9834,UCvehlKDcEUyId5S_uwx6Y7g,INESSA’S FINDS,https://cn.noxinfluencer.com/youtube/channel/UCvehlKDcEUyId5S_uwx6Y7g,0,badcase,生活/旅行泛内容，清洁家电推广意图不明
9835,UCvfD2vxZtLeYfkz1rTbGbhw,Freedom Tour,https://cn.noxinfluencer.com/youtube/channel/UCvfD2vxZtLeYfkz1rTbGbhw,-4,badcase,无吸尘器相关标签或内容，RV仅弱场景，音乐偏推广不匹配
9836,UCvfqMquy2DVxASvxtVAwsCw,Judy Young,https://cn.noxinfluencer.com/youtube/channel/UCvfqMquy2DVxASvxtVAwsCw,0,badcase,无标签、相关视频或近期内容证据，无法支持吸尘器推广
9837,UCvhWxzzOBzcD2djBBhOrqmg,Peshtook,https://cn.noxinfluencer.com/youtube/channel/UCvhWxzzOBzcD2djBBhOrqmg,-5,badcase,宠物猫娱乐频道，与吸尘器产品推广场景不匹配
9838,UCvhXytiLhluHNadcrHIRh8A,Fantasy Playground,https://cn.noxinfluencer.com/youtube/channel/UCvhXytiLhluHNadcrHIRh8A,-15,badcase,儿童娱乐内容为主，与吸尘器推广场景明显不符
9839,UCvis3zhHZulK77VSxRr6d3g,Danny Faulkner,https://cn.noxinfluencer.com/youtube/channel/UCvis3zhHZulK77VSxRr6d3g,0,badcase,无标签、无相关视频、无近期内容，缺少吸尘器推广相关证据
9840,UCviyWX5gLQcUvE2fy7GlyOg,Joynob Akter,https://cn.noxinfluencer.com/youtube/channel/UCviyWX5gLQcUvE2fy7GlyOg,0,badcase,无标签、标题或近期内容证据支持吸尘器推广相关性
9841,UCvjCnBETyqKw-RePgLznxTg,All Product Store,https://cn.noxinfluencer.com/youtube/channel/UCvjCnBETyqKw-RePgLznxTg,0,badcase,无标签无内容证据，缺少吸尘器推广相关性
9842,UCvjeWTe-kOoPPv_is3IXbOg,Life and Lifestyle,https://cn.noxinfluencer.com/youtube/channel/UCvjeWTe-kOoPPv_is3IXbOg,0,badcase,高尔夫和美食生活为主，与吸尘器推广无关
9843,UCvkl2wJetZ5J0e5ABzxtwnQ,Qithara Media,https://cn.noxinfluencer.com/youtube/channel/UCvkl2wJetZ5J0e5ABzxtwnQ,0,badcase,空标签空标题，缺少任何吸尘器相关证据
9844,UCvlmHF_K6UpaoqTnTBonRsQ,SimplyPops,https://cn.noxinfluencer.com/youtube/channel/UCvlmHF_K6UpaoqTnTBonRsQ,1,badcase,消费电子有弱相关，但频道偏手机和游戏，缺少家电意图
9845,UCvm-kepsC2yCRZoGgG1lQHg,DreThePlug,https://cn.noxinfluencer.com/youtube/channel/UCvm-kepsC2yCRZoGgG1lQHg,0,badcase,科技求职话题为主，与吸尘器推广无关
9846,UCvm2iAAC2FqaPNO5jIYwVrg,lovelygrtt,https://cn.noxinfluencer.com/youtube/channel/UCvm2iAAC2FqaPNO5jIYwVrg,-3,badcase,仅有家居/DIY弱相关，主标签偏食品，缺少吸尘器推广意图
9847,UCvmCs-4FHX1I0sFL6klze3w,WebCosplay,https://cn.noxinfluencer.com/youtube/channel/UCvmCs-4FHX1I0sFL6klze3w,0,badcase,服饰娱乐向，和家电推广相关性弱
9848,UCvoU00uxgrKFx9HiLxcS18Q,Heartz Bangla Ltd.,https://cn.noxinfluencer.com/youtube/channel/UCvoU00uxgrKFx9HiLxcS18Q,0,badcase,无标签无内容，无法判断为吸尘器推广场
9849,UCvoZrC6CkchDbUvSuN9MZCQ,Mike.,https://cn.noxinfluencer.com/youtube/channel/UCvoZrC6CkchDbUvSuN9MZCQ,0,badcase,健康vlog为主，缺少家电购买或评测意图
9851,UCvoyKVXveeAxj7RqiuNur1g,MauroIacobelli,https://cn.noxinfluencer.com/youtube/channel/UCvoyKVXveeAxj7RqiuNur1g,-15,badcase,娱乐动画类频道，缺少清洁家电或购买意图，明显不适合推广吸尘器
9852,UCvp8IRuH2sQmCd6HJpIMZPA,Glow Gear,https://cn.noxinfluencer.com/youtube/channel/UCvp8IRuH2sQmCd6HJpIMZPA,0,badcase,无标签、无相关视频证据，和吸尘器推广无明显关联
9853,UCvpBLd8T1cvgJFVr2knAF8w,NJ Digital Tv,https://cn.noxinfluencer.com/youtube/channel/UCvpBLd8T1cvgJFVr2knAF8w,-15,badcase,娱乐综艺频道，与吸尘器推广场景明显不符
9854,UCvpqPtvhroUZaH2c3ngRhIw,Future Boost,https://cn.noxinfluencer.com/youtube/channel/UCvpqPtvhroUZaH2c3ngRhIw,0,badcase,无标签、无相关视频，缺少真正在卖吸尘器的创作者信号
9855,UCvpu7z7VLDScOU5ELDxxmHw,Christina Gowda,https://cn.noxinfluencer.com/youtube/channel/UCvpu7z7VLDScOU5ELDxxmHw,0,badcase,无相关标签或内容，缺少吸尘器推广语境
9856,UCvqoLSHpqxDPoGOl5aZXQZg,The Woozy Reviewer,https://cn.noxinfluencer.com/youtube/channel/UCvqoLSHpqxDPoGOl5aZXQZg,0,badcase,无标签、无内容信号，和 vacuum cleaner 促销相关性不足
9857,UCvrgxVrBYILROGJ_OY9iVDQ,Soothing White Noise,https://cn.noxinfluencer.com/youtube/channel/UCvrgxVrBYILROGJ_OY9iVDQ,5,badcase,直击词命中，但白噪音助眠频道与产品推广格式强错配
9858,UCvrsw5V61H8NZ9ZOIYo1tog,RvDiagnostics,https://cn.noxinfluencer.com/youtube/channel/UCvrsw5V61H8NZ9ZOIYo1tog,0,badcase,RV 诊断/户外向，缺少清洁器购买或使用意图
9859,UCvsAaDUbuuAhlfL9AM_eg6g,Fascino Facts Hub 2.0,https://cn.noxinfluencer.com/youtube/channel/UCvsAaDUbuuAhlfL9AM_eg6g,0,badcase,无可用标签与内容，无法支撑 vacuum cleaner 推广
9860,UCvsOipnnrf-m_M7jG4OjNXg,Shortzzz Ultra,https://cn.noxinfluencer.com/youtube/channel/UCvsOipnnrf-m_M7jG4OjNXg,-7,badcase,泛娱乐幽默频道，仅弱DIY场景，无吸尘器产品推广证据
9861,UCvsQSa4n_tDw7C9T9xJcLXQ,Jam  Productions,https://cn.noxinfluencer.com/youtube/channel/UCvsQSa4n_tDw7C9T9xJcLXQ,-1,badcase,仅有泛科技弱相关，无吸尘器评测/清洁家电推广证据
9862,UCvsnVVSWmEmK1dVX97T0ANQ,Best Seller Product,https://cn.noxinfluencer.com/youtube/channel/UCvsnVVSWmEmK1dVX97T0ANQ,0,badcase,无吸尘器相关标签或内容证据，仅泛产品频道名不足以召回
9863,UCvtgl8OBZ73DClqwlPAEkqQ,DiyRick66,https://cn.noxinfluencer.com/youtube/channel/UCvtgl8OBZ73DClqwlPAEkqQ,0,badcase,无吸尘器相关标签或内容，偏宠物/生活类，推广关联弱
9866,UCvuvpOzVV-mTUd9exZNi8jQ,Richard Arent,https://cn.noxinfluencer.com/youtube/channel/UCvuvpOzVV-mTUd9exZNi8jQ,-15,badcase,娱乐宠物搞笑内容为主，与家用吸尘器推广不符
9867,UCvuy5g9SleowiPPNz5FX5eQ,MamasUnboxing&Review,https://cn.noxinfluencer.com/youtube/channel/UCvuy5g9SleowiPPNz5FX5eQ,0,badcase,无标签、无相关视频和近期内容，缺少吸尘器推广相关证据
9868,UCvvttnNdZxApnyoIKVmJ8Sg,Caught on Cam: Animal Chaos,https://cn.noxinfluencer.com/youtube/channel/UCvvttnNdZxApnyoIKVmJ8Sg,-10,badcase,动物娱乐向频道，缺少家电测评或购买语境
9871,UCvwzeJp-OrbhDmqbSeSDzhQ,Guitarist Jamie Glaser,https://cn.noxinfluencer.com/youtube/channel/UCvwzeJp-OrbhDmqbSeSDzhQ,0,badcase,音乐娱乐频道，与吸尘器推广无关
9872,UCvxBNYc25uVjdxcK8pJnlXg,Edita Hovsepyan,https://cn.noxinfluencer.com/youtube/channel/UCvxBNYc25uVjdxcK8pJnlXg,0,badcase,无标签无内容信号，无法支持吸尘器推广
9873,UCvyohkYIS5Ib9CfRbM810sQ,Konia Jackson,https://cn.noxinfluencer.com/youtube/channel/UCvyohkYIS5Ib9CfRbM810sQ,0,badcase,无标签无内容信号，无法支持吸尘器推广
9874,UCw0Ozw_i3dtvnC7mh5Ej3Gg,DIY Tech,https://cn.noxinfluencer.com/youtube/channel/UCw0Ozw_i3dtvnC7mh5Ej3Gg,0,badcase,仅见DIY名称，缺少清洁家电相关证据
9875,UCw0WSCXgN_uwoTZnpsNSJkg,Wishes,https://cn.noxinfluencer.com/youtube/channel/UCw0WSCXgN_uwoTZnpsNSJkg,0,badcase,无标签无内容信号，无法支持吸尘器推广
9876,UCw0YMe-ZEEm33KqDdbPlFag,The TV Madman,https://cn.noxinfluencer.com/youtube/channel/UCw0YMe-ZEEm33KqDdbPlFag,-5,badcase,历史影视向，含娱乐标签，和吸尘器推广场景不匹配
9877,UCw2ZGP1qE9lRwWwhnMopCZA,ReactivVibeAI,https://cn.noxinfluencer.com/youtube/channel/UCw2ZGP1qE9lRwWwhnMopCZA,-5,badcase,娱乐AI剪辑向，偏内容制作，不适合吸尘器推广
9878,UCw2mN9x1lJAFNoLhAwaJyAQ,The Deal Finder,https://cn.noxinfluencer.com/youtube/channel/UCw2mN9x1lJAFNoLhAwaJyAQ,0,badcase,无标签、相关视频或近期内容证据支持吸尘器推广
9879,UCw33bzC3l38jVLveYeEctFw,Infinite_Facts,https://cn.noxinfluencer.com/youtube/channel/UCw33bzC3l38jVLveYeEctFw,0,badcase,无标签、无相关视频、无近期内容证据，无法支持吸尘器推广
9880,UCw3YtNlVywz7vahehCEhT2w,The Smart Product,https://cn.noxinfluencer.com/youtube/channel/UCw3YtNlVywz7vahehCEhT2w,0,badcase,无标签和内容证据，无法支持吸尘器推广
9881,UCw3f9_D7xEI7jlr_6yTWu6Q,fuix,https://cn.noxinfluencer.com/youtube/channel/UCw3f9_D7xEI7jlr_6yTWu6Q,0,badcase,无相关标签和内容信号
9882,UCw4HppiL54_UviausvNnIyg,Shiva Connects,https://cn.noxinfluencer.com/youtube/channel/UCw4HppiL54_UviausvNnIyg,0,badcase,无相关标签和内容信号
9883,UCw4S6rtmtrgAh6ujjfCw21Q,Pink Fairy,https://cn.noxinfluencer.com/youtube/channel/UCw4S6rtmtrgAh6ujjfCw21Q,0,badcase,美食家庭向，缺少清洁电器购买或测评语义
9884,UCw5VDXH8up3pKUppIvcstNQ,"SLICK SLIME SAM - DIY, Comedy, Science",https://cn.noxinfluencer.com/youtube/channel/UCw5VDXH8up3pKUppIvcstNQ,0,badcase,儿童手工娱乐向，与吸尘器促销场景不符
9886,UCw6JmMlPAWi7LvAty3CgekA,AbsisFun,https://cn.noxinfluencer.com/youtube/channel/UCw6JmMlPAWi7LvAty3CgekA,0,badcase,无家电/测评线索，难支撑吸尘器推广
9888,UCw7lII9eJ0NK3ftNEstVsMQ,OgHunt,https://cn.noxinfluencer.com/youtube/channel/UCw7lII9eJ0NK3ftNEstVsMQ,0,badcase,无明确产品评测或家电购买意图
9889,UCw8sE1kXtLbGj1OtiFiEBpw,Joke Doodle,https://cn.noxinfluencer.com/youtube/channel/UCw8sE1kXtLbGj1OtiFiEBpw,0,badcase,偏搞笑涂鸦内容，与吸尘器推广不符
9891,UCw9PTeIjEHoAkCYE4InoM1A,Hoa Lưu,https://cn.noxinfluencer.com/youtube/channel/UCw9PTeIjEHoAkCYE4InoM1A,0,badcase,无标签、无相关视频或近期内容证据，不适合召回
9892,UCwACkX9cFJbYKFR5GQmbpFQ,2407,https://cn.noxinfluencer.com/youtube/channel/UCwACkX9cFJbYKFR5GQmbpFQ,-10,badcase,宠物娱乐号，和家用吸尘器推广场景不匹配
9893,UCwAEwjCa56K_2ChIpmikfnQ,Kobe D' Golden,https://cn.noxinfluencer.com/youtube/channel/UCwAEwjCa56K_2ChIpmikfnQ,-15,badcase,狗狗宠物号，主要受众不适合家用吸尘器推广
9894,UCwANRzd65T2c_mlTsbrLPXA,SoSquareImCubed,https://cn.noxinfluencer.com/youtube/channel/UCwANRzd65T2c_mlTsbrLPXA,0,badcase,无标签和内容证据，无法支持吸尘器产品推广召回
9895,UCwB0SDp9I_q4ivyXfh7I2gQ,Sophia's Cleaning Service,https://cn.noxinfluencer.com/youtube/channel/UCwB0SDp9I_q4ivyXfh7I2gQ,0,badcase,无标签、相关视频和近期内容证据，无法判断适合吸尘器推广
9896,UCwC-DciMGGk9AgpJ3hpreHw,Talking Tom & Friends TV Mini,https://cn.noxinfluencer.com/youtube/channel/UCwC-DciMGGk9AgpJ3hpreHw,-15,badcase,儿童动画娱乐频道，与吸尘器推广场景明显不符
9897,UCwC1lYZA90uJxZWyu4vJIiw,eXposed,https://cn.noxinfluencer.com/youtube/channel/UCwC1lYZA90uJxZWyu4vJIiw,0,badcase,无标签、标题或近期内容证据支持吸尘器推广相关性
9898,UCwCOltgQaVPnf4aOG565NvQ,Haider,https://cn.noxinfluencer.com/youtube/channel/UCwCOltgQaVPnf4aOG565NvQ,-15,badcase,故事短视频+宠物娱乐，和吸尘器推广不匹配
9899,UCwCQ9WphcKif-VEEhKiT2Qg,Ballin' Under Budget,https://cn.noxinfluencer.com/youtube/channel/UCwCQ9WphcKif-VEEhKiT2Qg,0,badcase,无标签、相关视频或近期内容证据支持吸尘器推广
9901,UCwEVoemDh4HWN3Sie-Sl0Tw,Ma Chao,https://cn.noxinfluencer.com/youtube/channel/UCwEVoemDh4HWN3Sie-Sl0Tw,0,badcase,无相关标签和视频，缺乏推广相关性
9902,UCwEl3K-GvJbQxMrZ0iHeN1g,Imagine That,https://cn.noxinfluencer.com/youtube/channel/UCwEl3K-GvJbQxMrZ0iHeN1g,0,badcase,无相关标签和视频，缺乏推广相关性
9903,UCwHs5JMybN9zOLgsvuSE2JA,Sunglasses Cat,https://cn.noxinfluencer.com/youtube/channel/UCwHs5JMybN9zOLgsvuSE2JA,0,badcase,无相关标签和视频，缺乏推广相关性
9905,UCwIWAbIeu0xI0ReKWOcw3eg,Unspeakable,https://cn.noxinfluencer.com/youtube/channel/UCwIWAbIeu0xI0ReKWOcw3eg,-25,badcase,娱乐整活频道，和吸尘器推广格式明显不符
9906,UCwIjjSCnrJv9hLOoNTWdjwA,Prime Wise Shopper Hub,https://cn.noxinfluencer.com/youtube/channel/UCwIjjSCnrJv9hLOoNTWdjwA,0,badcase,无标签和视频证据，缺少清洁电器推广相关性
9907,UCwJ0MSnM3_3OGuekYGI6bzw,Homey Vibe,https://cn.noxinfluencer.com/youtube/channel/UCwJ0MSnM3_3OGuekYGI6bzw,1,badcase,内容偏美妆护肤，只有泛化的review弱相关，不适合推广吸尘器
9908,UCwJJ7VNilW8YXbsJnWNEzyw,Inside the Hem,https://cn.noxinfluencer.com/youtube/channel/UCwJJ7VNilW8YXbsJnWNEzyw,0,badcase,缝纫频道与吸尘器推广缺少产品或购买场景相关性
9909,UCwK1xB_TKCFkbA6a9unT5Tg,WJ Handy Dad,https://cn.noxinfluencer.com/youtube/channel/UCwK1xB_TKCFkbA6a9unT5Tg,-9,badcase,汽车维修频道，和家用吸尘器推广场景明显不符
9910,UCwKcXWeMkgl5CR5b-FRwG2Q,s34nVideos,https://cn.noxinfluencer.com/youtube/channel/UCwKcXWeMkgl5CR5b-FRwG2Q,-15,badcase,频道以游戏/娱乐为主，与吸尘器推广场景明显不符
9911,UCwKg_INh74LAXB-T-8ptZtA,info Tech,https://cn.noxinfluencer.com/youtube/channel/UCwKg_INh74LAXB-T-8ptZtA,0,badcase,无标签、标题或近期内容证据支持吸尘器推广
9912,UCwLONOeDWiux0vS1fwyHF0A,HAHA HUT,https://cn.noxinfluencer.com/youtube/channel/UCwLONOeDWiux0vS1fwyHF0A,0,badcase,无标签、无相关视频或近期内容，缺少吸尘器推广相关性
9913,UCwLbhNv8er3EShcDKol6H9A,Arva Roller,https://cn.noxinfluencer.com/youtube/channel/UCwLbhNv8er3EShcDKol6H9A,0,badcase,无标签无相关内容，缺少吸尘器推广相关信号
9914,UCwLi1unPbXUvnzEXbtdh8uw,tallboyyyy,https://cn.noxinfluencer.com/youtube/channel/UCwLi1unPbXUvnzEXbtdh8uw,2,badcase,仅泛科技/消费电子标签，缺少吸尘器购买或测评意图
9915,UCwLv5oBxDb5TjS_vWCT7ZzA,3lectronical Gaming And Tech,https://cn.noxinfluencer.com/youtube/channel/UCwLv5oBxDb5TjS_vWCT7ZzA,0,badcase,无相关标签和视频信号，缺少清洁家电推广相关性
9916,UCwM9jJwTmDeEKEwF7Rf6WLg,AP Product Finds,https://cn.noxinfluencer.com/youtube/channel/UCwM9jJwTmDeEKEwF7Rf6WLg,0,badcase,无标签无内容信号，缺少吸尘器推广相关性
9917,UCwMT8b7FJZ3zoJ6VOHKZQSw,Alex Vоr**mov,https://cn.noxinfluencer.com/youtube/channel/UCwMT8b7FJZ3zoJ6VOHKZQSw,-15,badcase,频道以音乐为主，与吸尘器推广场景明显不匹配
9918,UCwMjTHdIZX62rfgiQqEWQPA,Abir adventures,https://cn.noxinfluencer.com/youtube/channel/UCwMjTHdIZX62rfgiQqEWQPA,0,badcase,频道偏娱乐生活，缺少清洁电器或购买意图信号
9919,UCwMnc_ITsWGkq1h_eLq2EsA,VacuMaid,https://cn.noxinfluencer.com/youtube/channel/UCwMnc_ITsWGkq1h_eLq2EsA,0,badcase,无标签和内容证据，仅频道名有清洁联想，推广相关性不足
9920,UCwMz5N5HM7hf_wVTD_PO2oA,Psychic Reverend Donna Seraphina,https://cn.noxinfluencer.com/youtube/channel/UCwMz5N5HM7hf_wVTD_PO2oA,-15,badcase,真罪案/通灵娱乐频道，与吸尘器推广场景无关
9921,UCwNMCYEbp1h9RwCE4yPq4fQ,Paul King,https://cn.noxinfluencer.com/youtube/channel/UCwNMCYEbp1h9RwCE4yPq4fQ,2,badcase,家装相关但无清洁器材意图，缺少购买/测评场景
9923,UCwOCcE4enBgo4DenWHv0JYA,Shane Symonds,https://cn.noxinfluencer.com/youtube/channel/UCwOCcE4enBgo4DenWHv0JYA,2,badcase,科技数码频道，缺少吸尘器或家电测评/购买意图
9924,UCwPUK77iIMU_vtrCU17-43w,Top 5 Reviews,https://cn.noxinfluencer.com/youtube/channel/UCwPUK77iIMU_vtrCU17-43w,0,badcase,无标签、无相关内容，缺少吸尘器推广相关性
9927,UCwPmA0uFrFqseKvaHdA0nNQ,CurrentProductReviews,https://cn.noxinfluencer.com/youtube/channel/UCwPmA0uFrFqseKvaHdA0nNQ,0,badcase,无标签和视频证据，无法判断与吸尘器推广相关
9928,UCwPnPBKOj1_XYjhDMWtxeDA,Review Academy,https://cn.noxinfluencer.com/youtube/channel/UCwPnPBKOj1_XYjhDMWtxeDA,0,badcase,仅有泛化名称，缺少标签与内容证据
9929,UCwPxJirAjroVt9ozVVH-cFg,Top In Tech,https://cn.noxinfluencer.com/youtube/channel/UCwPxJirAjroVt9ozVVH-cFg,0,badcase,无标签和视频证据，无法判断与吸尘器推广相关
9930,UCwQ8VO5dHvF5FYnyCctMv3A,DarshD Entertainment,https://cn.noxinfluencer.com/youtube/channel/UCwQ8VO5dHvF5FYnyCctMv3A,-15,badcase,游戏娱乐频道，属于明显不适合的内容域
9932,UCwRvzizKyRlR5BpTUWx1Qog,TSA Marketing,https://cn.noxinfluencer.com/youtube/channel/UCwRvzizKyRlR5BpTUWx1Qog,0,badcase,无标签和视频证据，无法判断适配度
9933,UCwS5LTitr94UAEovZJg4fEQ,Top Product Reviews,https://cn.noxinfluencer.com/youtube/channel/UCwS5LTitr94UAEovZJg4fEQ,0,badcase,无标签、标题或近期内容证据支持吸尘器推广相关性
9934,UCwT3raGowPcLeZPtssyjb_Q,falletron,https://cn.noxinfluencer.com/youtube/channel/UCwT3raGowPcLeZPtssyjb_Q,0,badcase,心理健康/自我照护为主，与吸尘器推广无关
9935,UCwT4KSSFv1tWQQdzTwlFh2w,Grym's Archive,https://cn.noxinfluencer.com/youtube/channel/UCwT4KSSFv1tWQQdzTwlFh2w,-15,badcase,娱乐影视音乐为主，明显不适合产品推广
9936,UCwT_YIhuLNZ3riMnTM8GWxw,Minnesota Momma,https://cn.noxinfluencer.com/youtube/channel/UCwT_YIhuLNZ3riMnTM8GWxw,0,badcase,无标签和近期内容证据，缺乏吸尘器推广相关性
9937,UCwTk5y2BRuUyzQtyz6EA3nQ,AT Reviews,https://cn.noxinfluencer.com/youtube/channel/UCwTk5y2BRuUyzQtyz6EA3nQ,0,badcase,无标签、无视频相关证据，缺少吸尘器推广匹配信号
9938,UCwUA3jEGZQl26D_IL6rTvuQ,Gadgets Tab,https://cn.noxinfluencer.com/youtube/channel/UCwUA3jEGZQl26D_IL6rTvuQ,0,badcase,无标签和内容信号，无法支撑吸尘器推广相关性
9939,UCwUXuPBIu4lvWAEKpbR1iLA,𝐂𝐚𝐭𝐃𝐨𝐠 𝐔𝐧𝐢𝐯𝐞𝐫𝐬𝐞,https://cn.noxinfluencer.com/youtube/channel/UCwUXuPBIu4lvWAEKpbR1iLA,0,badcase,无标签和内容信号；频道偏猫狗主题，不适合推广吸尘器
9940,UCwUh0h274gpxZ3crThQQpLA,Twelve TV,https://cn.noxinfluencer.com/youtube/channel/UCwUh0h274gpxZ3crThQQpLA,-25,badcase,动画娱乐频道，与吸尘器推广场景明显不匹配
9941,UCwVHHURUwBTOt8AOyVCrF-Q,singh_family_Usa,https://cn.noxinfluencer.com/youtube/channel/UCwVHHURUwBTOt8AOyVCrF-Q,0,badcase,宗教音乐向，缺少吸尘器购买或测评信号
9942,UCwVMqtRvkoBzyGjUVvyzHMg,APShorts,https://cn.noxinfluencer.com/youtube/channel/UCwVMqtRvkoBzyGjUVvyzHMg,0,badcase,无标签无内容，缺少吸尘器推广线索
9943,UCwVQZmkLsh89CXdVSP17tWw,HappyParoot,https://cn.noxinfluencer.com/youtube/channel/UCwVQZmkLsh89CXdVSP17tWw,0,badcase,无标签无内容，缺少吸尘器推广线索
9944,UCwW2O2qDy7L94XBZHcdDxPA,Shana J S,https://cn.noxinfluencer.com/youtube/channel/UCwW2O2qDy7L94XBZHcdDxPA,1,badcase,仅有泛生活方式弱相关，无清洁家电评测或购买意图
9945,UCwWJWQ7aj0_d2rBvF5fyJ_Q,Shop Wise Picks,https://cn.noxinfluencer.com/youtube/channel/UCwWJWQ7aj0_d2rBvF5fyJ_Q,0,badcase,缺少标签和内容，无法确认吸尘器推广相关性
9946,UCwWjpa8MtdLEGALsMlYdLew,Laureana Soares,https://cn.noxinfluencer.com/youtube/channel/UCwWjpa8MtdLEGALsMlYdLew,0,badcase,无相关标签或内容，和吸尘器推广不匹配
9947,UCwWnMcPoBohPkYQ0HVV2cew,The Tech Spot,https://cn.noxinfluencer.com/youtube/channel/UCwWnMcPoBohPkYQ0HVV2cew,1,badcase,仅泛消费电子弱相关，频道偏手机电脑，缺少吸尘器推广语境
9948,UCwY5eMw8iBcpJ_LA1wbdvdw,The Pet Reality,https://cn.noxinfluencer.com/youtube/channel/UCwY5eMw8iBcpJ_LA1wbdvdw,0,badcase,无主题标签，宠物内容方向与吸尘器不符
9949,UCwYPHr4MC0cEWHcGH7rCaMQ,Meg n' Dave,https://cn.noxinfluencer.com/youtube/channel/UCwYPHr4MC0cEWHcGH7rCaMQ,0,badcase,家庭生活向，缺少家电清洁类购买语境
9950,UCwYbaZbrTe0UJozQzrO3bbg,Evolution Power Tools USA,https://cn.noxinfluencer.com/youtube/channel/UCwYbaZbrTe0UJozQzrO3bbg,-5,badcase,频道主打电动切割工具，非吸尘器清洁家电推广场景
9951,UCwZHsOTRY_kDzf38xKApbxw,LADIES CORNER,https://cn.noxinfluencer.com/youtube/channel/UCwZHsOTRY_kDzf38xKApbxw,0,badcase,美妆/时尚频道，与吸尘器推广无直接相关
9952,UCwZK6775Ep3mieZhxQa2m0A,Good Gadget,https://cn.noxinfluencer.com/youtube/channel/UCwZK6775Ep3mieZhxQa2m0A,0,badcase,无标签无内容证据，无法判断为相关创作者
9953,UCwaGKyDj76cxanSlX84p8Yw,Best Quality,https://cn.noxinfluencer.com/youtube/channel/UCwaGKyDj76cxanSlX84p8Yw,0,badcase,无标签无视频线索，与吸尘器推广不相关
9954,UCwasJAB8-gQnxQ-KZYiS64A,NDQ 🦋,https://cn.noxinfluencer.com/youtube/channel/UCwasJAB8-gQnxQ-KZYiS64A,0,badcase,节日/生活方式泛内容，缺少家电购买或测评意图
9955,UCwbpH-vVsi2PXYcokw4jOGQ,RyelJames,https://cn.noxinfluencer.com/youtube/channel/UCwbpH-vVsi2PXYcokw4jOGQ,-15,badcase,游戏频道与吸尘器促销场景明显不匹配
9956,UCwbwXJk-BPA-052jig9gmpw,Jake Thompson,https://cn.noxinfluencer.com/youtube/channel/UCwbwXJk-BPA-052jig9gmpw,-15,badcase,ASMR偏氛围手作内容，不适合吸尘器推广
9957,UCwcJg1p7opXij2mulJdcbew,Bibi's Heartbreak Club,https://cn.noxinfluencer.com/youtube/channel/UCwcJg1p7opXij2mulJdcbew,0,badcase,无标签、无相关视频或近期内容，缺少吸尘器推广相关证据
9960,UCweEJNgnfjQoKD0FZAGoyWA,Aquarium Tools,https://cn.noxinfluencer.com/youtube/channel/UCweEJNgnfjQoKD0FZAGoyWA,-15,badcase,吃播娱乐频道，主题与吸尘器推广明显不匹配
9963,UCwf9TcLyS5KDoLRLjke41Hg,Molly Burke,https://cn.noxinfluencer.com/youtube/channel/UCwf9TcLyS5KDoLRLjke41Hg,0,badcase,内容偏励志美妆，与吸尘器推广无明显相关
9964,UCwfBtug_t3HHRg3-40xWilA,Qui & Ken,https://cn.noxinfluencer.com/youtube/channel/UCwfBtug_t3HHRg3-40xWilA,-5,badcase,娱乐短视频为主，和家电推广匹配度低
9965,UCwfebxEgMR3GPHATzROar4g,davedigital,https://cn.noxinfluencer.com/youtube/channel/UCwfebxEgMR3GPHATzROar4g,4,badcase,营销SEO向偏泛，缺少吸尘器相关受众
9966,UCwg4F1sN-qaA2CrxRhYbbJg,Jared Desrosiers,https://cn.noxinfluencer.com/youtube/channel/UCwg4F1sN-qaA2CrxRhYbbJg,0,badcase,标签仅为food/lifestyle，与吸尘器推广无明确相关性
9967,UCwgA9c7WPJwgorRNBbtKeTA,Side Dish,https://cn.noxinfluencer.com/youtube/channel/UCwgA9c7WPJwgorRNBbtKeTA,-15,badcase,娱乐访谈频道，和吸尘器产品推广场景明显不符
9968,UCwgEdGAcDtSi1hVqnJt7Q8A,Andy Graves (Countertop Specialist),https://cn.noxinfluencer.com/youtube/channel/UCwgEdGAcDtSi1hVqnJt7Q8A,1,badcase,仅有厨房场景弱相关，频道主打台面加工，缺少吸尘器推广语境
9969,UCwgH7-tuxSSwvuaMH47rP4A,Product Tube,https://cn.noxinfluencer.com/youtube/channel/UCwgH7-tuxSSwvuaMH47rP4A,0,badcase,无标签无内容证据，缺乏真空吸尘器推广相关性
9970,UCwgbxRvpFn6rRGHacHcjhag,Pupster Passion USA,https://cn.noxinfluencer.com/youtube/channel/UCwgbxRvpFn6rRGHacHcjhag,0,badcase,频道名偏宠物向，缺少吸尘器相关内容，推广相关性弱
9971,UCwhSsQDzvobO3JRopedFfyA,Deals90,https://cn.noxinfluencer.com/youtube/channel/UCwhSsQDzvobO3JRopedFfyA,0,badcase,无相关标签和内容，无法支撑吸尘器推广
9973,UCwi5n34OiTSRGHe0nnsQ14Q,JONY REVIEWS,https://cn.noxinfluencer.com/youtube/channel/UCwi5n34OiTSRGHe0nnsQ14Q,0,badcase,仅有名称“REVIEWS”，但无标签/内容证据，相关性不足
9974,UCwjmH8vk3jujhi2NFp6W3rA,PIPE HOLIC,https://cn.noxinfluencer.com/youtube/channel/UCwjmH8vk3jujhi2NFp6W3rA,0,badcase,无相关标签和内容，无法支撑吸尘器推广
9975,UCwk0CbemjkVqzT2P-I8Ad9g,Tokki World,https://cn.noxinfluencer.com/youtube/channel/UCwk0CbemjkVqzT2P-I8Ad9g,-15,badcase,儿童卡通娱乐频道，和吸尘器推广场景明显不符
9976,UCwkJwQBMoOnSoE-6G1xLnIw,technology Life,https://cn.noxinfluencer.com/youtube/channel/UCwkJwQBMoOnSoE-6G1xLnIw,0,badcase,无标签和内容证据，难判断为吸尘器推广相关频道
9977,UCwl5Xg0amvYxZ0do0fc496A,Islamic Vibes,https://cn.noxinfluencer.com/youtube/channel/UCwl5Xg0amvYxZ0do0fc496A,0,badcase,无标签和内容信号，缺乏吸尘器推广相关性
9978,UCwlJ2NJqX-_WG8rg6EjGSgA,Junkyard - Origin of Creativity,https://cn.noxinfluencer.com/youtube/channel/UCwlJ2NJqX-_WG8rg6EjGSgA,1,badcase,DIY手作仅弱场景相关，缺少吸尘器测评或购买意图
9979,UCwlugykBzH6_9BXOz4K4dFA,DA Squad Official,https://cn.noxinfluencer.com/youtube/channel/UCwlugykBzH6_9BXOz4K4dFA,0,badcase,无标签、无相关视频，缺乏吸尘器推广相关性
9980,UCwmUi0f6Y_um_f2wXsz0LsQ,HIGH SPEED MINER,https://cn.noxinfluencer.com/youtube/channel/UCwmUi0f6Y_um_f2wXsz0LsQ,2,badcase,加密矿机频道，和吸尘器推广无关，仅有泛科技弱信号
9981,UCwnbOZHvTcR3M6lCgNGb5bg,Zero to Zenith,https://cn.noxinfluencer.com/youtube/channel/UCwnbOZHvTcR3M6lCgNGb5bg,0,badcase,无标签无内容，和吸尘器推广无关
9982,UCwoj1jm-r7-zMz55lw3AzcQ,JhandiChourNorth,https://cn.noxinfluencer.com/youtube/channel/UCwoj1jm-r7-zMz55lw3AzcQ,0,badcase,教育答题频道，和吸尘器推广无关
9984,UCwpJqFLCcQjHUpdEn2IwzmQ,Marko Mitrovic,https://cn.noxinfluencer.com/youtube/channel/UCwpJqFLCcQjHUpdEn2IwzmQ,0,badcase,恋爱娱乐向，和吸尘器投放无关
9985,UCwpROJmdmUmMj-7sSHl4s5Q,Cookwith5kids,https://cn.noxinfluencer.com/youtube/channel/UCwpROJmdmUmMj-7sSHl4s5Q,0,badcase,家庭烹饪号但缺少家电/清洁相关证据
9986,UCwpT8ccsebFR8MoKgoFzDJA,Animal CCTV Moments,https://cn.noxinfluencer.com/youtube/channel/UCwpT8ccsebFR8MoKgoFzDJA,0,badcase,动物监控内容，和吸尘器促销没有明确关联
9987,UCwpTq7dOfH5Qg3aew-RCpew,Hydro Tek Systems Inc.,https://cn.noxinfluencer.com/youtube/channel/UCwpTq7dOfH5Qg3aew-RCpew,0,badcase,无标签无内容证据，无法判断与吸尘器相关
9988,UCwpdt4jU_hSdW9PO8XgRjOw,Station Of Laughter,https://cn.noxinfluencer.com/youtube/channel/UCwpdt4jU_hSdW9PO8XgRjOw,-15,badcase,婴儿搞笑娱乐频道，和吸尘器促销目标明显不符
9990,UCwqmgG_yaT-EjnKy3l5Yuzw,M-TRAN,https://cn.noxinfluencer.com/youtube/channel/UCwqmgG_yaT-EjnKy3l5Yuzw,0,badcase,无内容与标签证据，难以支持吸尘器推广
9991,UCwqpRNXyEpM1iGnPecAzHBQ,Best Five For You,https://cn.noxinfluencer.com/youtube/channel/UCwqpRNXyEpM1iGnPecAzHBQ,0,badcase,无标签、无相关视频，缺少吸尘器推广所需证据
9992,UCwr8DRICGuYMLRXJ8iL5mLQ,👀 Ang Finds 👀,https://cn.noxinfluencer.com/youtube/channel/UCwr8DRICGuYMLRXJ8iL5mLQ,0,badcase,无标签、无相关视频，缺少吸尘器推广所需证据
9993,UCwrCHigyq1sCcq8RUpb3l3w,Ecom Explore,https://cn.noxinfluencer.com/youtube/channel/UCwrCHigyq1sCcq8RUpb3l3w,0,badcase,仅有电商探索类名称，但无标签和视频证据，相关性不足
9994,UCwrb5ZN-1zsgEKIKFPnB7_Q,OrangePumba,https://cn.noxinfluencer.com/youtube/channel/UCwrb5ZN-1zsgEKIKFPnB7_Q,-15,badcase,儿童娱乐音乐频道，主题与吸尘器投放场景明显不符
9995,UCwrufYR5O6Cmt3pylAMJAfg,AI RONIN,https://cn.noxinfluencer.com/youtube/channel/UCwrufYR5O6Cmt3pylAMJAfg,0,badcase,刀具/户外刀内容与吸尘器推广无直接关系
9996,UCwsH1GaIY3tMaHUK_4H2Wxg,Mini Mutts media🐾🐩,https://cn.noxinfluencer.com/youtube/channel/UCwsH1GaIY3tMaHUK_4H2Wxg,0,badcase,宠物向频道，缺少家用吸尘器相关证据
9997,UCwsKZbRPYU1Iu88t41JzvSw,Dominich-BUYING ON AMAZON,https://cn.noxinfluencer.com/youtube/channel/UCwsKZbRPYU1Iu88t41JzvSw,0,badcase,无标签、无相关视频与近期内容证据，无法支持吸尘器推广
9998,UCwsQbU_NdM-mgO_79ZYBlGw,suat Bit,https://cn.noxinfluencer.com/youtube/channel/UCwsQbU_NdM-mgO_79ZYBlGw,0,badcase,缺少任何清洁家电或购物相关信号
9999,UCwsdPu5eR_Q7pHFGZ2fB8XA,doritohead3784,https://cn.noxinfluencer.com/youtube/channel/UCwsdPu5eR_Q7pHFGZ2fB8XA,-15,badcase,娱乐影视音乐频道，与吸尘器推广明显不匹配
10000,UCwsdSKP5sTkzu4A-hFN6o9g,TECH TIMES Official,https://cn.noxinfluencer.com/youtube/channel/UCwsdSKP5sTkzu4A-hFN6o9g,0,badcase,无标签、无相关视频、无近期内容，缺少吸尘器推广相关证据
