rank,channel_id,channel_name,channel_url,score,suggested_label,why_short
4,UC-b79wTDquaFDMHdVlMSZ4g,Forgotten History Files,https://cn--xtb.noxinfluencer.com/youtube/channel/UC-b79wTDquaFDMHdVlMSZ4g,10,badcase,虽有咖啡机标签，但近期全是历史叙事，题材与促销场景不符
21,UCQejwlr91D4nSUEMX3Bfkfg,Versus Lab,https://cn--xtb.noxinfluencer.com/youtube/channel/UCQejwlr91D4nSUEMX3Bfkfg,-8,badcase,家电测评但近10条全是炒锅，缺少咖啡机相关购买导向
24,UCF93kQGx2jXDxcGOkRyw8Eg,Natalie Minassian,https://cn--xtb.noxinfluencer.com/youtube/channel/UCF93kQGx2jXDxcGOkRyw8Eg,-21,badcase,以ASMR和日常咖啡饮用为主，缺少咖啡机评测或导购
33,UClACkwySPPiNneu8pGT5mHA,Penglai Machine,https://cn--xtb.noxinfluencer.com/youtube/channel/UClACkwySPPiNneu8pGT5mHA,-25,badcase,工业灌装包装机频道，与咖啡机推广场景明显不符
40,UC0m33OrU-_JpvIjxyh3RtyQ,BrewTube Cafe: Coffee Creations,https://cn--xtb.noxinfluencer.com/youtube/channel/UC0m33OrU-_JpvIjxyh3RtyQ,-35,badcase,ASMR/音乐氛围号，属于典型格式不匹配
47,UCGBOUZu__ronz8MKyvjeu8g,Jasmine Dy,https://cn--xtb.noxinfluencer.com/youtube/channel/UCGBOUZu__ronz8MKyvjeu8g,-23,badcase,宠物号为主，咖啡机受众和近10条内容都不匹配
48,UCJKKIWM-xxS9JY7yCwFK-HA,SirCraze,https://cn--xtb.noxinfluencer.com/youtube/channel/UCJKKIWM-xxS9JY7yCwFK-HA,-35,badcase,ATV/骑行为主且带ASMR格式，不适合咖啡机推广
51,UC9V-LA8C7BuTr3Aag-jo1VA,Kismile Official,https://cn--xtb.noxinfluencer.com/youtube/channel/UC9V-LA8C7BuTr3Aag-jo1VA,-8,badcase,仅有 coffee 弱相关，近10条多为制冰/烧烤/空气炸锅内容
54,UC60QFXXU0r5ljxqA77grPyw,Doug Wollman,https://cn--xtb.noxinfluencer.com/youtube/channel/UC60QFXXU0r5ljxqA77grPyw,-27,badcase,ASMR/睡眠/氛围音为主，且近期多为非咖啡内容，格式强不匹配
57,UCda7mTMmOO-W6i0P9yXG2tg,CHEFMAN,https://cn--xtb.noxinfluencer.com/youtube/channel/UCda7mTMmOO-W6i0P9yXG2tg,-10,badcase,以通用厨房短视频为主，缺少咖啡机或咖啡购买意图
61,UCCZOlUdFx-GZ5pYJQmN8O9w,Enter MMC,https://cn--xtb.noxinfluencer.com/youtube/channel/UCCZOlUdFx-GZ5pYJQmN8O9w,-8,badcase,偏咖啡饮品短视频，缺少咖啡机测评/购买/设备语境
62,UC19syw_O9tICDkb8jq4iTaw,FUBO PACKAGING MACHINERY,https://cn--xtb.noxinfluencer.com/youtube/channel/UC19syw_O9tICDkb8jq4iTaw,-25,badcase,工业包装机频道，内容与咖啡机推广主题明显不匹配
67,UCoxyDS3Z5bB5fhe_Gi915Sg,EyadAnas,https://cn--xtb.noxinfluencer.com/youtube/channel/UCoxyDS3Z5bB5fhe_Gi915Sg,-20,badcase,以手机短视频为主，和咖啡机推广格式明显不符
69,UCjsmSCIXhOwFQNM0l7B1y6Q,tori frank,https://cn--xtb.noxinfluencer.com/youtube/channel/UCjsmSCIXhOwFQNM0l7B1y6Q,-34,badcase,娱乐歌词/短视频为主，且近期内容多不相关
70,UC1Dd24FDDK4nj3LDstEA1UQ,Ebony N Rogers,https://cn--xtb.noxinfluencer.com/youtube/channel/UC1Dd24FDDK4nj3LDstEA1UQ,-2,badcase,清洁生活频道，近期偏咖啡车饮品内容，缺少咖啡机评测购买意图
73,UCoYBnzipbufk1HY5zB9f93Q,Golemzy,https://cn--xtb.noxinfluencer.com/youtube/channel/UCoYBnzipbufk1HY5zB9f93Q,-10,badcase,Minecraft 娱乐内容，和咖啡机推广场景无关
74,UCRzXJIAQ4ztX_U1r-CuFRdw,Barista Waciuri,https://cn--xtb.noxinfluencer.com/youtube/channel/UCRzXJIAQ4ztX_U1r-CuFRdw,-33,badcase,娱乐短视频为主，咖啡词仅是装饰，不适合投咖啡机
75,UCGqz0GqFsmCWXS5IX-ro3Uw,The Mug Life DIY,https://cn--xtb.noxinfluencer.com/youtube/channel/UCGqz0GqFsmCWXS5IX-ro3Uw,-7,badcase,以 DIY 家居为主，咖啡机只占零散生活题材，转化弱
81,UCHjIXq0qlhFEewFEzZsuubA,Leanna,https://cn--xtb.noxinfluencer.com/youtube/channel/UCHjIXq0qlhFEewFEzZsuubA,-24,badcase,ASMR生活流为主，咖啡机推广格式严重不匹配
85,UCe1BOLqwnextHEgShSIOnWw,Landpack Packing Filling Machine,https://cn--xtb.noxinfluencer.com/youtube/channel/UCe1BOLqwnextHEgShSIOnWw,-10,badcase,工业包装灌装设备频道，与家用咖啡机受众不符
86,UC8US92dVO52rzSZZUR5PgWg,slowbeat,https://cn--xtb.noxinfluencer.com/youtube/channel/UC8US92dVO52rzSZZUR5PgWg,-18,badcase,露营+ASMR导向，咖啡多为场景内容，机器推广不匹配
89,UCaAyPfc2pBDXlz2aC7223fQ,Ellen,https://cn--xtb.noxinfluencer.com/youtube/channel/UCaAyPfc2pBDXlz2aC7223fQ,-20,badcase,工厂包装设备频道，工业机器语境与咖啡机投放不符
91,UCTv1J-FNBuuxDPiMUC9LMhg,Simply Organized,https://cn--xtb.noxinfluencer.com/youtube/channel/UCTv1J-FNBuuxDPiMUC9LMhg,-7,badcase,家居整理频道，仅有咖啡壶清洁内容，非咖啡机测评购买场景
95,UC2AUc-4_yMsFHLfPP9Ub8ZA,George Fan,https://cn--xtb.noxinfluencer.com/youtube/channel/UC2AUc-4_yMsFHLfPP9Ub8ZA,-10,badcase,通用家电评测频道，近期内容与咖啡机无关
96,UCOAOh1yMMRGFM395zjN-B9A,Loving B,https://cn--xtb.noxinfluencer.com/youtube/channel/UCOAOh1yMMRGFM395zjN-B9A,-9,badcase,仅有咖啡泛相关，近10条全是日常/饮品内容，缺少产品推广信号
99,UCau9-mxOSLEXf8ATqBlguxQ,Yantracart,https://cn--xtb.noxinfluencer.com/youtube/channel/UCau9-mxOSLEXf8ATqBlguxQ,-7,badcase,机械/农机混杂频道，仅偶发咖啡售卖机，缺少咖啡设备推广语境
100,UCK7nzrDiR8aNLXavBJ7l0Zw,Nicole Faulhaber,https://cn--xtb.noxinfluencer.com/youtube/channel/UCK7nzrDiR8aNLXavBJ7l0Zw,-6,badcase,家居/孕妈生活为主，近10条多为孕产与日常，咖啡机相关性弱
101,UCK7nzrDiR8aNLXavBJ7l0Zw,Nicole Faulhaber,https://cn--xtb.noxinfluencer.com/youtube/channel/UCK7nzrDiR8aNLXavBJ7l0Zw,-7,badcase,仅有Coffee弱相关，近10条多为孕产/生活内容，不适合咖啡机推广
105,UCCLSGyWnqPg6Vt-ZcfOM6AQ,Sky McKee,https://cn--xtb.noxinfluencer.com/youtube/channel/UCCLSGyWnqPg6Vt-ZcfOM6AQ,-5,badcase,偏咖啡饮品/食谱与家庭娱乐，无咖啡机测评购买意图
106,UCOGhM1WxFtrRi7u7T77s_jw,JohnXanderTech,https://cn--xtb.noxinfluencer.com/youtube/channel/UCOGhM1WxFtrRi7u7T77s_jw,-3,badcase,科技杂类，咖啡机相关仅零星，近10条大多不匹配
108,UCxfAWtSpeVhsYYY9r6N7d6A,JayArr Coffee,https://cn--xtb.noxinfluencer.com/youtube/channel/UCxfAWtSpeVhsYYY9r6N7d6A,-5,badcase,咖啡受众有重叠，但缺少咖啡机评测/购买导向
109,UCT0MMCuEztETmoBAlHGCtpA,PUR,https://cn--xtb.noxinfluencer.com/youtube/channel/UCT0MMCuEztETmoBAlHGCtpA,-10,badcase,净水器频道，与咖啡机推广几乎无关，近期也全是滤水
110,UCLT1loJdpPfs2K6zY2t9h9w,The Brown Barista,https://cn--xtb.noxinfluencer.com/youtube/channel/UCLT1loJdpPfs2K6zY2t9h9w,-10,badcase,咖啡垂类但偏ASMR/生活方式，缺少咖啡机直推与购买导向
113,UCdIfNYfLmLjJgWVCSGzw1Kw,Maria Legarda,https://cn--xtb.noxinfluencer.com/youtube/channel/UCdIfNYfLmLjJgWVCSGzw1Kw,-10,badcase,以美食/娱乐/生活方式为主，最近内容几乎无咖啡机或设备推广语境
116,UChc-PkaFAorA1SIuNQVATlA,트롯 시네마,https://cn--xtb.noxinfluencer.com/youtube/channel/UChc-PkaFAorA1SIuNQVATlA,-10,badcase,以咖啡科普和杂谈为主，缺少咖啡机产品推广场景
118,UC_tH0w071zxKAwnz0WZvEgQ,Shuliy Packing Machinery,https://cn--xtb.noxinfluencer.com/youtube/channel/UC_tH0w071zxKAwnz0WZvEgQ,-10,badcase,包装机械频道，与咖啡机品类不相关，近期内容全不匹配
119,UCmIcauRkmDYMzO4nGPJKsLA,Dahiana DeSimone,https://cn--xtb.noxinfluencer.com/youtube/channel/UCmIcauRkmDYMzO4nGPJKsLA,-10,badcase,生活 vlog 频道，仅一条咖啡机日常提及，无评测购买或设备推广语境
123,UCXuXjI0bZsKbVWo3uNqisXQ,Machine Art,https://cn--xtb.noxinfluencer.com/youtube/channel/UCXuXjI0bZsKbVWo3uNqisXQ,-10,badcase,工业机械号，近10条全非咖啡机相关
126,UCEr6wgcy7Gto8cCQhcWE7Lg,Auto View,https://cn--xtb.noxinfluencer.com/youtube/channel/UCEr6wgcy7Gto8cCQhcWE7Lg,-25,badcase,工业制砖机频道，和咖啡机推广人群明显不符
128,UCjQIxohVMvmBZuKdlbBIn9A,Glatheus,https://cn--xtb.noxinfluencer.com/youtube/channel/UCjQIxohVMvmBZuKdlbBIn9A,-25,badcase,ASMR/饮品氛围号，缺少咖啡机评测或购买语境
130,UCDYFYolZUJyXFUGGrOKe_nw,CHEF ARSENE,https://cn--xtb.noxinfluencer.com/youtube/channel/UCDYFYolZUJyXFUGGrOKe_nw,-10,badcase,主要是果昔/排毒/饮食内容，咖啡机相关性很弱
131,UCpLg7kiaoPMxjunknw3pcfw,ALEMINSAN MAKINA CONSULTING COMPANY LIMITED,https://cn--xtb.noxinfluencer.com/youtube/channel/UCpLg7kiaoPMxjunknw3pcfw,-10,badcase,工业机械频道，近10条多为生产线内容，与咖啡机促销不符
133,UCFcy7lNTEIT0qTRA_kwot8w,JessNicole🤎,https://cn--xtb.noxinfluencer.com/youtube/channel/UCFcy7lNTEIT0qTRA_kwot8w,-20,badcase,ASMR饮品内容为主，偏娱乐和配方，不适合咖啡机推广
134,UCBBhgKm7HPwp8uUQgjwwIJQ,Azone Machine,https://cn--xtb.noxinfluencer.com/youtube/channel/UCBBhgKm7HPwp8uUQgjwwIJQ,-10,badcase,纯机械类频道，近10条均为工厂设备，和咖啡机受众不符
140,UCjKmtHecsIft3ezqBnMmruw,Papa Machine,https://cn--xtb.noxinfluencer.com/youtube/channel/UCjKmtHecsIft3ezqBnMmruw,-10,badcase,工业食品机械频道，和家用咖啡机受众不匹配
143,UCYqtWO0ck5GgFPbYxO9jIMA,Business China Connect,https://cn--xtb.noxinfluencer.com/youtube/channel/UCYqtWO0ck5GgFPbYxO9jIMA,-25,badcase,工厂/商业设备频道，和咖啡机消费端推广目标不匹配
145,UCuAMMW3JY9nbZz7GejKbILg,Bafu Spanish,https://cn--xtb.noxinfluencer.com/youtube/channel/UCuAMMW3JY9nbZz7GejKbILg,-25,badcase,包装机/糖果机频道，主内容与咖啡机投放场景明显不符
146,UCk5O9UJMRo4CkvJCcyXfShQ,Single Pass UV Printer,https://cn--xtb.noxinfluencer.com/youtube/channel/UCk5O9UJMRo4CkvJCcyXfShQ,-17,badcase,工业打印频道，和咖啡机推广主题明显不相关
148,UCJVuDiooNKgSjHk65vvg1cA,Ruby Mae Davenport,https://cn--xtb.noxinfluencer.com/youtube/channel/UCJVuDiooNKgSjHk65vvg1cA,-25,badcase,咖啡馆氛围/爵士背景音频道，属于明显格式不匹配
150,UCjYXVc9TK5pxqhkRs2PF2Mw,NusratJahanDiana,https://cn--xtb.noxinfluencer.com/youtube/channel/UCjYXVc9TK5pxqhkRs2PF2Mw,-9,badcase,咖啡内容偏饮品食谱，频道含音乐娱乐信号，无咖啡机评测/购买意图
152,UCjYXVc9TK5pxqhkRs2PF2Mw,NusratJahanDiana,https://cn--xtb.noxinfluencer.com/youtube/channel/UCjYXVc9TK5pxqhkRs2PF2Mw,-19,badcase,短视频娱乐做菜型，咖啡词多但无咖啡机导购/评测
154,UCVC5v_zLMy-A6iHVdTCmGBg,Tuấn Channel,https://cn--xtb.noxinfluencer.com/youtube/channel/UCVC5v_zLMy-A6iHVdTCmGBg,-21,badcase,浪漫短剧/叙事型内容，咖啡机推广场景不匹配
156,UCxOcmTYH2c1xWEI9b4vIvvw,Crayxer Nevel,https://cn--xtb.noxinfluencer.com/youtube/channel/UCxOcmTYH2c1xWEI9b4vIvvw,-23,badcase,音乐娱乐频道，咖啡仅偶发提及，和咖啡机推广场景不匹配
158,UC0nd1Zgvh-T-u01e0VchNCg,James Gipe Gipe!!!,https://cn--xtb.noxinfluencer.com/youtube/channel/UC0nd1Zgvh-T-u01e0VchNCg,-23,badcase,宠物反应内容为主，咖啡仅零星出现，不适合咖啡机投放
159,UCZ6x0H_GowmRS9HNAD5UDIw,BashLife,https://cn--xtb.noxinfluencer.com/youtube/channel/UCZ6x0H_GowmRS9HNAD5UDIw,-8,badcase,生活杂谈车旅为主，咖啡内容极少，和咖啡机投放相关性弱
161,UCwu1emfbxQX5mM4uueSW-hQ,Senary Lin,https://cn--xtb.noxinfluencer.com/youtube/channel/UCwu1emfbxQX5mM4uueSW-hQ,-25,badcase,工业包装/烟草频道，受众和咖啡机消费场景不匹配，近期也无相关内容
162,UCckw0HfiW9T_DWNG8aMMTmg,Machine Daily,https://cn--xtb.noxinfluencer.com/youtube/channel/UCckw0HfiW9T_DWNG8aMMTmg,-10,badcase,泛机器短视频，内容偏工厂/食品产线，和咖啡机推广关联弱且近期全不匹配
163,UCMpyMGLU54zULq09qpPQyKQ,Bubble Babez Bath Co,https://cn--xtb.noxinfluencer.com/youtube/channel/UCMpyMGLU54zULq09qpPQyKQ,-22,badcase,ASMR+手作/沐浴产品频道，属于物理产品推广格式错配，近期也无咖啡机
165,UC_cI3Js_7_iKBgdS0PTiPqQ,LC Printing Machine Factory Limited,https://cn--xtb.noxinfluencer.com/youtube/channel/UC_cI3Js_7_iKBgdS0PTiPqQ,-25,badcase,印刷机械频道与咖啡机推广完全不在同一产品域
168,UCDNCLa0ZpQtwxjpAU7H3j5g,Penglai Pack,https://cn--xtb.noxinfluencer.com/youtube/channel/UCDNCLa0ZpQtwxjpAU7H3j5g,-30,badcase,工业包装设备频道，主体与家用咖啡机推广场景不匹配。
169,UCHlP-un62ExatfZlxtXR9tA,Sprice Machines,https://cn--xtb.noxinfluencer.com/youtube/channel/UCHlP-un62ExatfZlxtXR9tA,-28,badcase,链式反应/玩具机器娱乐为主，和咖啡机商品推广相关性低。
171,UCY33Mb4fl6hGE8iI5SDH1FQ,Dema machine_Belin,https://cn--xtb.noxinfluencer.com/youtube/channel/UCY33Mb4fl6hGE8iI5SDH1FQ,0,badcase,工业印刷/涂覆设备频道，与咖啡机推广场景不符
172,UCfpaOILLgZU3mK7EoVMRPbg,Taisan machinery -Jasmine,https://cn--xtb.noxinfluencer.com/youtube/channel/UCfpaOILLgZU3mK7EoVMRPbg,0,badcase,木工/涂装产线频道，和咖啡机推广无关
173,UCNXiRWMUpxAysZG-_Te3zHQ,PENGLAI Machines Limited,https://cn--xtb.noxinfluencer.com/youtube/channel/UCNXiRWMUpxAysZG-_Te3zHQ,0,badcase,包装灌装设备为主，咖啡豆也非咖啡机推广
174,UCjPEsmTmhtT1aJKZ-5znwOg,Basemeant WRX,https://cn--xtb.noxinfluencer.com/youtube/channel/UCjPEsmTmhtT1aJKZ-5znwOg,0,badcase,DIY木工家装频道，不是咖啡机选购/评测受众
176,UCx_uoGjMfQ81e6AqX9CicZg,Aide vlogs,https://cn--xtb.noxinfluencer.com/youtube/channel/UCx_uoGjMfQ81e6AqX9CicZg,-6,badcase,仅泛厨房烘焙相关，近期无咖啡机评测或购买意图内容
177,UCBwp2KXFlbUzTdbTYKeSPcA,amber zhao,https://cn--xtb.noxinfluencer.com/youtube/channel/UCBwp2KXFlbUzTdbTYKeSPcA,-10,badcase,工业灌装贴标设备号，与咖啡机推广场景不符
178,UCbAZ-S_8TkqoxqkXlSxnppA,DC Game,https://cn--xtb.noxinfluencer.com/youtube/channel/UCbAZ-S_8TkqoxqkXlSxnppA,-34,badcase,氛围音乐/咖啡馆声景号，属于强格式不匹配
182,UCV18GT81oww3kiymsouOrDg,Smart-Packer No.1 Packaging Machines Factory,https://cn--xtb.noxinfluencer.com/youtube/channel/UCV18GT81oww3kiymsouOrDg,-9,badcase,工业包装机械频道，和家用咖啡机推广目标明显不一致
183,UCjKCyw6_SmxBFrhfUvEXJkA,Relax and Play,https://cn--xtb.noxinfluencer.com/youtube/channel/UCjKCyw6_SmxBFrhfUvEXJkA,-25,badcase,咖啡BGM/ASMR/娱乐为主，属于典型音频氛围型不匹配
185,UCQ72hR86RHBS9tOWc4E-5jg,Packaging Machinery,https://cn--xtb.noxinfluencer.com/youtube/channel/UCQ72hR86RHBS9tOWc4E-5jg,-10,badcase,包装机械频道，近期内容也都是包装/灌装设备，不适合推咖啡机
186,UCq6YWANh6zotK0HUbMoPLLA,World Of TilesHop,https://cn--xtb.noxinfluencer.com/youtube/channel/UCq6YWANh6zotK0HUbMoPLLA,-25,badcase,娱乐梗视频，和咖啡机推广场景无关
188,UC1CD3f0PrH2iYN65ZqN-CwA,FA Printing Machine Manufacturer Limited,https://cn--xtb.noxinfluencer.com/youtube/channel/UC1CD3f0PrH2iYN65ZqN-CwA,-25,badcase,工业印刷机频道，受众与咖啡机不匹配
189,UC54aDvjCMRhBW7W9T1NQBBQ,P&S Detail Products Official,https://cn--xtb.noxinfluencer.com/youtube/channel/UC54aDvjCMRhBW7W9T1NQBBQ,-25,badcase,汽车美容赛道，和咖啡机购买场景不相关
192,UCNyHFlWUJPzE4c5Am_7DVnw,Kruno Eti,https://cn--xtb.noxinfluencer.com/youtube/channel/UCNyHFlWUJPzE4c5Am_7DVnw,-10,badcase,内容偏被动收入和泛产品评测，和咖啡机推广关联很弱
193,UCsFqS-2ZxZIB4IXraTBbgig,ZuRa,https://cn--xtb.noxinfluencer.com/youtube/channel/UCsFqS-2ZxZIB4IXraTBbgig,-35,badcase,ASMR/满意视频娱乐向，几乎无咖啡机受众，近期也多为无关内容
195,UCI6dFUI7S8dDQRKEMuwSeCQ,McQueen Big & Small,https://cn--xtb.noxinfluencer.com/youtube/channel/UCI6dFUI7S8dDQRKEMuwSeCQ,-6,badcase,标签与咖啡机无关，近期多为游戏/汽车内容，缺少产品推广相关性
196,UCb-eI2DYbZ_A7cJ1_uebORg,SkillSpark,https://cn--xtb.noxinfluencer.com/youtube/channel/UCb-eI2DYbZ_A7cJ1_uebORg,-9,badcase,DIY/工具/机械向，只有泛化machine，缺少咖啡机购买与评测意图
197,UCv1uQ-gKxQHKMVwY7lHpgVg,Parla,https://cn--xtb.noxinfluencer.com/youtube/channel/UCv1uQ-gKxQHKMVwY7lHpgVg,-22,badcase,咖啡甜品与ASMR为主，偏内容消费，不是咖啡机种草/评测频道
198,UC9nG0Nz6I0FGJ-ghTWdjlEQ,AZIKX,https://cn--xtb.noxinfluencer.com/youtube/channel/UC9nG0Nz6I0FGJ-ghTWdjlEQ,-25,badcase,咖啡BGM/翻唱号，属于音频氛围内容，和咖啡机推广错位
199,UCKpVJqQ23a5feiY-VFOwsqg,BNG Funny Driver,https://cn--xtb.noxinfluencer.com/youtube/channel/UCKpVJqQ23a5feiY-VFOwsqg,-25,badcase,咖啡氛围音乐号，强格式错配，非咖啡机推广场景
200,UCQiKHRVlA9_PQwdkaZ0hD-Q,BRIKLE - Lego Instructions,https://cn--xtb.noxinfluencer.com/youtube/channel/UCQiKHRVlA9_PQwdkaZ0hD-Q,-25,badcase,LEGO玩具教程频道，主题与受众都不适合咖啡机投放
201,UCZ20mXz42DyT_oAhUBUxqQg,Bhupendra Edit,https://cn--xtb.noxinfluencer.com/youtube/channel/UCZ20mXz42DyT_oAhUBUxqQg,-1,badcase,仅有咖啡泛相关，近期内容偏娱乐剪辑，和咖啡机推广不匹配
202,UC-ccl2yHayFmNUVYo9Vukcw,CNBOBOMACHINE,https://cn--xtb.noxinfluencer.com/youtube/channel/UC-ccl2yHayFmNUVYo9Vukcw,-10,badcase,工业机械频道，近期全是加工设备内容，不适合咖啡机推广
203,UCK0ayGQq8X-zkicaYvi9o1w,PANDA 3D PRINTING VENDING MACHINE,https://cn--xtb.noxinfluencer.com/youtube/channel/UCK0ayGQq8X-zkicaYvi9o1w,-10,badcase,内容核心是糖果打印和 vending 玩法，和咖啡机目标受众差很远
204,UCAyit70_Jx8TDC1rLPNgEyA,Paper Packaging Box Making Machinery,https://cn--xtb.noxinfluencer.com/youtube/channel/UCAyit70_Jx8TDC1rLPNgEyA,-10,badcase,纸箱和包装机械频道，与咖啡机产品推广几乎无关
206,UC9QNF6GZBs8haRZX82Tdvhw,Origami Art Creation,https://cn--xtb.noxinfluencer.com/youtube/channel/UC9QNF6GZBs8haRZX82Tdvhw,0,badcase,折纸手作频道，缺少咖啡机/家电购买语境
208,UCH_sgaLKk9bRBMDpbbJBztQ,Champion Machinery,https://cn--xtb.noxinfluencer.com/youtube/channel/UCH_sgaLKk9bRBMDpbbJBztQ,-20,badcase,工业纸袋机频道，和咖啡机推广目标不符
209,UCSlYH3hza1jPTojN5jdameg,TechsPassion,https://cn--xtb.noxinfluencer.com/youtube/channel/UCSlYH3hza1jPTojN5jdameg,-3,badcase,科技DIY受众可触达家电，但近期内容与咖啡机不够贴近
211,UCVmN4bpV_LtsfUxheaPWbyg,HONGKONG SINBON  INDUSTRIAL LIMITED,https://cn--xtb.noxinfluencer.com/youtube/channel/UCVmN4bpV_LtsfUxheaPWbyg,-25,badcase,工业灌装封口设备频道，受众和咖啡机购买场景不一致
213,UCZmdG_nIszOlazmmXLEi3OQ,Vicanpack,https://cn--xtb.noxinfluencer.com/youtube/channel/UCZmdG_nIszOlazmmXLEi3OQ,-20,badcase,包装产线频道，近期全是装箱/码垛/封箱内容，与咖啡机无关
214,UCq460_TnRGiVqpoqkFwaPEQ,BeamNG Bruh,https://cn--xtb.noxinfluencer.com/youtube/channel/UCq460_TnRGiVqpoqkFwaPEQ,-25,badcase,游戏频道为主，少量咖啡氛围视频也属背景娱乐，不利咖啡机推广
215,UCysDbv-LR8DHqs6P1VUqRWA,Sprunki Land,https://cn--xtb.noxinfluencer.com/youtube/channel/UCysDbv-LR8DHqs6P1VUqRWA,-25,badcase,脑腐动画娱乐频道，主体内容与咖啡机推广完全不匹配
216,UCVkNBKOiKpykAZF3Fu71ODA,Cozy Lofi Radio,https://cn--xtb.noxinfluencer.com/youtube/channel/UCVkNBKOiKpykAZF3Fu71ODA,-25,badcase,氛围音乐/睡眠向，咖啡机推广场景不匹配
217,UCL3OaHD4I4ZSkXi23uFEOGg,BEAMNG CARS,https://cn--xtb.noxinfluencer.com/youtube/channel/UCL3OaHD4I4ZSkXi23uFEOGg,-20,badcase,游戏娱乐频道，和咖啡机推广场景不匹配
218,UCTSU4qWr-1NePOm46KJzJjg,Điện tử cho mọi người (Điện tử cho mọi người),https://cn--xtb.noxinfluencer.com/youtube/channel/UCTSU4qWr-1NePOm46KJzJjg,-4,badcase,电子DIY/维修内容为主，缺少咖啡机评测购买意图
219,UCmefVEskU8lrtQV5t2bwe7w,Easy Tricks & Hacks,https://cn--xtb.noxinfluencer.com/youtube/channel/UCmefVEskU8lrtQV5t2bwe7w,-11,badcase,咖啡饮品/食谱短视频频道，缺少咖啡机评测或购买意图
221,UCwI9GdUntT8ravugu-SwX8g,day2day,https://cn--xtb.noxinfluencer.com/youtube/channel/UCwI9GdUntT8ravugu-SwX8g,-2,badcase,仅有泛咖啡/电子弱关联，近期多为旅游、吸尘器、耳机等不匹配
223,UCkAv5Q-edWyJBMAtwSi53og,LEGO Life Machines,https://cn--xtb.noxinfluencer.com/youtube/channel/UCkAv5Q-edWyJBMAtwSi53og,-32,badcase,动画娱乐型机器搭建频道，和咖啡机推广格式明显不匹配
224,UClHf9j7MROnx1nn-XE_yh5A,Ms.Inventor 101,https://cn--xtb.noxinfluencer.com/youtube/channel/UClHf9j7MROnx1nn-XE_yh5A,-8,badcase,DIY实验内容偏工程项目，不具备咖啡机推广的购买/评测语境
226,UCyb1dpiQizE8oFfOjQRfhuw,PIXEL BeamNG,https://cn--xtb.noxinfluencer.com/youtube/channel/UCyb1dpiQizE8oFfOjQRfhuw,-25,badcase,游戏频道为主，近期内容几乎全是BeamNG，咖啡机推广不匹配
227,UCt97g0-VzAcf3PGhRwvxuiA,"Shenzhen Dstar Machine Co.,ltd",https://cn--xtb.noxinfluencer.com/youtube/channel/UCt97g0-VzAcf3PGhRwvxuiA,-25,badcase,工业印刷机频道，受众与咖啡机家用/商用推广场景不符
231,UCbo5ghp4atEFl1sNTOJPTHQ,Hobby Built,https://cn--xtb.noxinfluencer.com/youtube/channel/UCbo5ghp4atEFl1sNTOJPTHQ,-7,badcase,DIY科技频道，仅弱场景重合，近期无咖啡机评测或购买内容
232,UCcEpjlqqgd2Re-4OTX2eykw,720 Vending,https://cn--xtb.noxinfluencer.com/youtube/channel/UCcEpjlqqgd2Re-4OTX2eykw,-23,badcase,主做售货机/抓娃娃机经营维修，非咖啡机评测或购买场景
234,UCyrJVyukve1d7aNqolVZO1g,Movie Funny,https://cn--xtb.noxinfluencer.com/youtube/channel/UCyrJVyukve1d7aNqolVZO1g,-25,badcase,搞笑娱乐频道，主内容域与咖啡机推广明显不符
235,UCZaZ6bNMOmjP6xUh-a2fM2g,Trey,https://cn--xtb.noxinfluencer.com/youtube/channel/UCZaZ6bNMOmjP6xUh-a2fM2g,-10,badcase,体育娱乐频道，咖啡只出现在饮品标题里，不是机器推广场景
236,UCs-Z-nopUbhe9LaGRJcVwyw,SIPUXIN TECHNOLOGY,https://cn--xtb.noxinfluencer.com/youtube/channel/UCs-Z-nopUbhe9LaGRJcVwyw,-25,badcase,工业灌装/封口/化妆品设备，与咖啡机推广受众不符
237,UCtwRB64-aeSu5mmFYAWdQxQ,Pad printer hot stamping machine screen machines,https://cn--xtb.noxinfluencer.com/youtube/channel/UCtwRB64-aeSu5mmFYAWdQxQ,-25,badcase,丝印/热转印设备频道，和咖啡机推广场景明显不符
238,UCPOrLvlW1NGake9mdO2SWiQ,Coffee Showcase,https://cn--xtb.noxinfluencer.com/youtube/channel/UCPOrLvlW1NGake9mdO2SWiQ,-9,badcase,内容偏精品咖啡、展会和豆品展示，缺少咖啡机评测或购买意图
243,UCC-3cubP7yg6puXb4twsKDw,XUANHAI-MACHINE,https://cn--xtb.noxinfluencer.com/youtube/channel/UCC-3cubP7yg6puXb4twsKDw,-8,badcase,工业包装机械频道，和家用咖啡机受众不匹配
244,UCo4XjYB_mRONyQKah8jbjVw,Tracy,https://cn--xtb.noxinfluencer.com/youtube/channel/UCo4XjYB_mRONyQKah8jbjVw,-9,badcase,灌装封装机械频道，和咖啡机推广受众不匹配
245,UC8xabFGv5MIDY1TZYOMIzVQ,groovroom,https://cn--xtb.noxinfluencer.com/youtube/channel/UC8xabFGv5MIDY1TZYOMIzVQ,-25,badcase,纯氛围/POV频道，咖啡只出现在场景文案，格式强错位
246,UCtHPYmKePr5uFf93Nlm1NzQ,Nova Vending | Smart Vending Machine Innovations,https://cn--xtb.noxinfluencer.com/youtube/channel/UCtHPYmKePr5uFf93Nlm1NzQ,-7,badcase,做自动售货机创新，和咖啡机仅弱相关，近期内容也不对口
247,UCtwEOH4s4lAih0lxQ7DzwJw,Courtney,https://cn--xtb.noxinfluencer.com/youtube/channel/UCtwEOH4s4lAih0lxQ7DzwJw,-10,badcase,纯娱乐短视频，和咖啡机推广无关
248,UCL48WqQzeH2gVdmxT5UXH8A,Printer Siem Reap (JCE),https://cn--xtb.noxinfluencer.com/youtube/channel/UCL48WqQzeH2gVdmxT5UXH8A,-10,badcase,打印机维修频道，和咖啡机推广不匹配
249,UCcYxntpysVXHE4hCtZctWhA,ythom Khám Phá Tây Nguyên,https://cn--xtb.noxinfluencer.com/youtube/channel/UCcYxntpysVXHE4hCtZctWhA,-7,badcase,偏旅游农业生活内容，虽有咖啡但不是咖啡机场景
252,UC8xabFGv5MIDY1TZYOMIzVQ,groovroom,https://cn--xtb.noxinfluencer.com/youtube/channel/UC8xabFGv5MIDY1TZYOMIzVQ,-22,badcase,咖啡氛围音乐号，属于ASMR式格式错配，不适合推产品
255,UCtwEOH4s4lAih0lxQ7DzwJw,Courtney,https://cn--xtb.noxinfluencer.com/youtube/channel/UCtwEOH4s4lAih0lxQ7DzwJw,-10,badcase,泛娱乐口播频道，近10条内容与咖啡机推广无关
256,UCLsnEeB43zh--skL-DndhCA,Piano Jazz Cafe,https://cn--xtb.noxinfluencer.com/youtube/channel/UCLsnEeB43zh--skL-DndhCA,-10,badcase,咖啡只是氛围词，频道主轴是爵士音乐/咖啡馆背景音乐，不适合咖啡机推广
257,UCL48WqQzeH2gVdmxT5UXH8A,Printer Siem Reap (JCE),https://cn--xtb.noxinfluencer.com/youtube/channel/UCL48WqQzeH2gVdmxT5UXH8A,-24,badcase,核心是打印机维修，和咖啡机无关，属于明显错配
258,UCcYxntpysVXHE4hCtZctWhA,ythom Khám Phá Tây Nguyên,https://cn--xtb.noxinfluencer.com/youtube/channel/UCcYxntpysVXHE4hCtZctWhA,-22,badcase,农业/本地生活频道，咖啡种植相关但无咖啡机测评或购买意图
259,UCw3npP5anRmR07OZSkv_KNQ,Jetboil,https://cn--xtb.noxinfluencer.com/youtube/channel/UCw3npP5anRmR07OZSkv_KNQ,-2,badcase,户外炉具品牌，虽有咖啡压滤内容但非咖啡机评测/购买场景
260,UCPm4aiha6-9EGd48ci5wXDw,NEW INVENTIONS,https://cn--xtb.noxinfluencer.com/youtube/channel/UCPm4aiha6-9EGd48ci5wXDw,-23,badcase,ASMR和机器展示是错配，缺少咖啡机测评或购买语境
261,UCPYFNcnMwIhmJguvSh08mXQ,Cozy Café Jazz,https://cn--xtb.noxinfluencer.com/youtube/channel/UCPYFNcnMwIhmJguvSh08mXQ,-25,badcase,咖啡氛围音乐频道，偏音频娱乐，和咖啡机推广严重不符
262,UCg4ihW39faQuz3H_bMzQz0w,Multi Track Packing Machine for Sachet & Stick,https://cn--xtb.noxinfluencer.com/youtube/channel/UCg4ihW39faQuz3H_bMzQz0w,-15,badcase,包装机工业频道，和咖啡机无直接购买或使用相关
263,UCB4YHrReqvAKaunTdxJEBgA,Rijik,https://cn--xtb.noxinfluencer.com/youtube/channel/UCB4YHrReqvAKaunTdxJEBgA,-15,badcase,宗教与农业杂内容，最近多为收割机，和咖啡机推广不符
265,UC0bXm7SnF_ssc47s6Ab8Yhg,Jack Du,https://cn--xtb.noxinfluencer.com/youtube/channel/UC0bXm7SnF_ssc47s6Ab8Yhg,-15,badcase,包装制造与灌装设备频道，和家用咖啡机推广不匹配
267,UCaGZVTIYpYMByzBwA4aBb1Q,Y-FANG SEALING MACHINE,https://cn--xtb.noxinfluencer.com/youtube/channel/UCaGZVTIYpYMByzBwA4aBb1Q,-20,badcase,工业封口机工厂频道，与咖啡机消费推广场景不匹配。
268,UCLPsh27CO_zAbqHgU8SilIg,Jazz Morning Vibes,https://cn--xtb.noxinfluencer.com/youtube/channel/UCLPsh27CO_zAbqHgU8SilIg,-25,badcase,音乐/咖啡馆氛围型频道，属于典型音频氛围错配。
269,UCJgf1uuT9fovh7C93JJLdPw,Design Ideas,https://cn--xtb.noxinfluencer.com/youtube/channel/UCJgf1uuT9fovh7C93JJLdPw,-10,badcase,咖啡店/餐饮设计偏场景，不是咖啡机推广受众。
270,UCDGcbJLFYWjNbzdFRAqWwbw,KYD Automatic Mask Machine Factory,https://cn--xtb.noxinfluencer.com/youtube/channel/UCDGcbJLFYWjNbzdFRAqWwbw,-20,badcase,口罩机工厂频道，行业和受众都与咖啡机无关。
272,UCl57Gyxr2KfzkK0t3dbBnnA,AtlasLevy Sewing Machine Company,https://cn--xtb.noxinfluencer.com/youtube/channel/UCl57Gyxr2KfzkK0t3dbBnnA,-8,badcase,内容集中在缝纫机，和咖啡机推广不匹配
274,UCrLtaCrU1RSO5ivzp9LUc_w,Brandon | Building PlatePost,https://cn--xtb.noxinfluencer.com/youtube/channel/UCrLtaCrU1RSO5ivzp9LUc_w,-6,badcase,生活vlog为主，仅有咖啡馆场景，缺少家电评测意图
276,UCy5p81FdkByBcsH4BdDgDRw,Docu-Sodes | Dark History & Crime,https://cn--xtb.noxinfluencer.com/youtube/channel/UCy5p81FdkByBcsH4BdDgDRw,-25,badcase,频道主域为金融股票，近期无咖啡机评测/购买/使用意图
277,UChlid8Z60I1VzCZ6M0R4xeA,La Rose Chantée,https://cn--xtb.noxinfluencer.com/youtube/channel/UChlid8Z60I1VzCZ6M0R4xeA,-25,badcase,咖啡词仅出现在氛围音乐内容，缺少咖啡机推广相关性
278,UCQayACcGlT-lbO2XVdpJmTw,Jazz Radio Channel,https://cn--xtb.noxinfluencer.com/youtube/channel/UCQayACcGlT-lbO2XVdpJmTw,-25,badcase,咖啡爵士氛围频道，偏听觉场景，不适合咖啡机推广
280,UC4bELHz0YfXiWaMc39gmHqw,Jason Tong,https://cn--xtb.noxinfluencer.com/youtube/channel/UC4bELHz0YfXiWaMc39gmHqw,-25,badcase,工业包装设备频道，和家用咖啡机受众明显不匹配
283,UCJO52h6zrGVlkVWFLQz3dng,Association for Advancing Automation (A3),https://cn--xtb.noxinfluencer.com/youtube/channel/UCJO52h6zrGVlkVWFLQz3dng,-10,badcase,自动化/机器人频道，和咖啡机推广基本无关
286,UCvRFyrlH65q4XenNOITKiIQ,Maomao Lee,https://cn--xtb.noxinfluencer.com/youtube/channel/UCvRFyrlH65q4XenNOITKiIQ,-25,badcase,食品加工机械频道，工业制造场景与咖啡机推广不符
288,UC_wCAE8VEvGXTiKNPpUZ4LQ,Ashley N Cameron,https://cn--xtb.noxinfluencer.com/youtube/channel/UC_wCAE8VEvGXTiKNPpUZ4LQ,-9,badcase,以设计教程为主，仅有单条咖啡机相关内容，整体不适合推广
289,UCNVK8wg_eE_4C6jZ4tg-xOw,Ambient Jazz Cafe,https://cn--xtb.noxinfluencer.com/youtube/channel/UCNVK8wg_eE_4C6jZ4tg-xOw,-25,badcase,咖啡馆氛围音乐频道，纯音频场景与咖啡机推广严重不匹配
290,UCw4y8FX8KNhY82kR3qGk-yA,"ESUN INTERNATIONAL CO.,LTD.",https://cn--xtb.noxinfluencer.com/youtube/channel/UCw4y8FX8KNhY82kR3qGk-yA,-10,badcase,工业设备制造频道，和咖啡机消费推广受众不一致
291,UCbEkHsv6qSFxD809k1nnO7w,Lucy China OV Laser (WhatsApp 0086 13307107827),https://cn--xtb.noxinfluencer.com/youtube/channel/UCbEkHsv6qSFxD809k1nnO7w,-10,badcase,珠宝激光频道，和咖啡机无关，近期内容全不匹配
292,UCWI6JqzU7Gg02gReliJnN0Q,Cappuccino JazZ Mood,https://cn--xtb.noxinfluencer.com/youtube/channel/UCWI6JqzU7Gg02gReliJnN0Q,-25,badcase,咖啡爵士/氛围音乐频道，属于典型形式错配
293,UCSE4g6l8txCY6lJvxEiEAJg,Li_BeamNG,https://cn--xtb.noxinfluencer.com/youtube/channel/UCSE4g6l8txCY6lJvxEiEAJg,-3,badcase,游戏频道为主，夹杂咖啡氛围标题但无咖啡机推广语境
295,UCl8W_vTU40UoiaujyHMrkMg,Soulful Eats with Lisa J,https://cn--xtb.noxinfluencer.com/youtube/channel/UCl8W_vTU40UoiaujyHMrkMg,-20,badcase,食物短视频为主，咖啡/ASMR场景多但缺少咖啡机测评种草
296,UCDwHD84RRLqtau1JpSrxZ3w,Ruike Machinery,https://cn--xtb.noxinfluencer.com/youtube/channel/UCDwHD84RRLqtau1JpSrxZ3w,-25,badcase,工业包装机频道，和咖啡机推广场景不符
298,UCBlplRMO5G8WobBxRpBNS8Q,Heat Exchange,https://cn--xtb.noxinfluencer.com/youtube/channel/UCBlplRMO5G8WobBxRpBNS8Q,-25,badcase,暖通制冷工业频道，和咖啡机消费推广不匹配
299,UCm_WkfEIbPKjqMDINsBu3Qw,BeamNG CHiKI,https://cn--xtb.noxinfluencer.com/youtube/channel/UCm_WkfEIbPKjqMDINsBu3Qw,-25,badcase,咖啡馆氛围音乐号，属于音频场景而非咖啡机投放
300,UCsOAPNx0kW-2gyNZ9sQMKQA,Winni Liu,https://cn--xtb.noxinfluencer.com/youtube/channel/UCsOAPNx0kW-2gyNZ9sQMKQA,-25,badcase,包装机厂家号，主题与咖啡机推广无关
301,UCi7h1nQgfepdVvssq0_xuIQ,Creative Discovery,https://cn--xtb.noxinfluencer.com/youtube/channel/UCi7h1nQgfepdVvssq0_xuIQ,-8,badcase,偏智能家居/科技泛题，和咖啡机仅弱场景相关，近期也无机器内容
302,UCy65f2OS9m2VBUgIBruid_A,廣東朋來智能裝備有限公司,https://cn--xtb.noxinfluencer.com/youtube/channel/UCy65f2OS9m2VBUgIBruid_A,-25,badcase,包装机/封口机为工业包装赛道，与咖啡机促销目标明显不符
304,UCt7OSIOnO72kZRVtwhGnAaA,Hometech's Fam,https://cn--xtb.noxinfluencer.com/youtube/channel/UCt7OSIOnO72kZRVtwhGnAaA,-8,badcase,近10条全是毯子推广，频道与咖啡机购买场景关联弱
305,UCsuWJA6LtD87UX5LmhqTgHg,Born from the village.,https://cn--xtb.noxinfluencer.com/youtube/channel/UCsuWJA6LtD87UX5LmhqTgHg,-20,badcase,野鸡/捕猎为主，受众与咖啡机推广场景不匹配
306,UCSG5w7N98C6Ykk3hV0kYsgA,Cozy Starbucks Cafe,https://cn--xtb.noxinfluencer.com/youtube/channel/UCSG5w7N98C6Ykk3hV0kYsgA,-25,badcase,频道主轴是咖啡店氛围音乐，缺少咖啡机评测/购买场景，近10条也全不匹配
309,UCBDiMOJbzvYGCxPJrhAVYbQ,MARNIG BNG,https://cn--xtb.noxinfluencer.com/youtube/channel/UCBDiMOJbzvYGCxPJrhAVYbQ,-25,badcase,咖啡店氛围/背景音乐频道，缺少咖啡机购买或评测意图
310,UCOI7Eg97ByePaf5U22fq6cA,NIIMBOT,https://cn--xtb.noxinfluencer.com/youtube/channel/UCOI7Eg97ByePaf5U22fq6cA,-3,badcase,偏产品评测但集中在标签打印机，和咖啡机品类不相关
311,UCPE9a0nqTVZRcEEn3s0LW5g,Ethan | SX's Workspace,https://cn--xtb.noxinfluencer.com/youtube/channel/UCPE9a0nqTVZRcEEn3s0LW5g,-6,badcase,标签仅办公/桌搭，近10条多为办公内容，咖啡机相关性偏弱
313,UCh6edSCdr2RP0bqCDWgDOvA,Angel-Thermoforming Machine ( Yiyou&Hongyouxing),https://cn--xtb.noxinfluencer.com/youtube/channel/UCh6edSCdr2RP0bqCDWgDOvA,-9,badcase,工业热成型设备号，和咖啡机推广受众不符，近10条全不匹配
314,UCXGiNCG0BuAf4KF8tKrRhdw,Kimera Koffee,https://cn--xtb.noxinfluencer.com/youtube/channel/UCXGiNCG0BuAf4KF8tKrRhdw,-8,badcase,咖啡受众为主，但近期多为娱乐/人生短视频，缺少咖啡机导购评测
316,UC2axCd-LbDKTFRYeBSxmUOQ,Tune & Latte,https://cn--xtb.noxinfluencer.com/youtube/channel/UC2axCd-LbDKTFRYeBSxmUOQ,-22,badcase,咖啡冥想音乐号，标题全是咖啡厅/放松BGM，非咖啡机推广场景
317,UC1mtUtLdJERIZsJx4KyY-Jw,BeamNG crypto TV,https://cn--xtb.noxinfluencer.com/youtube/channel/UC1mtUtLdJERIZsJx4KyY-Jw,-22,badcase,游戏+壁炉氛围内容，最近夹杂咖啡BGM但无产品推广意图
318,UCxsdgWbWJmmqtNq9dzK2JAA,Jazz For Soul,https://cn--xtb.noxinfluencer.com/youtube/channel/UCxsdgWbWJmmqtNq9dzK2JAA,-22,badcase,纯爵士咖啡BGM号，内容是听感氛围，不是咖啡机评测/导购
319,UCXkcYZvvP-9qQJ2pcnxn10g,changheng machine,https://cn--xtb.noxinfluencer.com/youtube/channel/UCXkcYZvvP-9qQJ2pcnxn10g,-9,badcase,工业制造机械号，只有泛化machine词，和咖啡机推广弱相关
320,UCPLaUc0kM_whzp0aYA3sEWg,YOYI Design,https://cn--xtb.noxinfluencer.com/youtube/channel/UCPLaUc0kM_whzp0aYA3sEWg,-10,badcase,3D打印玩具/DIY号，主题与咖啡机完全不搭
321,UC0NI3vyd7UKcAcsAWMGITXg,Relaxing Jazz Melody,https://cn--xtb.noxinfluencer.com/youtube/channel/UC0NI3vyd7UKcAcsAWMGITXg,-22,badcase,咖啡馆氛围音乐频道，非咖啡机导购/评测场景
322,UCicJOHKaXQ-s4h5_i0VnUAw,Living the Planted Life,https://cn--xtb.noxinfluencer.com/youtube/channel/UCicJOHKaXQ-s4h5_i0VnUAw,-10,badcase,陶艺创作频道，与咖啡机推广几乎无关
324,UCpN5BiX8T1U4b7s_eZZkedw,Lại Văn Nam,https://cn--xtb.noxinfluencer.com/youtube/channel/UCpN5BiX8T1U4b7s_eZZkedw,-21,badcase,咖啡爵士放松音乐，属于氛围内容而非咖啡机推广
325,UCG9tCM5ZdffZ5x-Jr0fPHQw,HealingsMe,https://cn--xtb.noxinfluencer.com/youtube/channel/UCG9tCM5ZdffZ5x-Jr0fPHQw,-20,badcase,Lofi咖啡氛围音乐号，偏听感内容，不适合卖咖啡机
326,UCaQP9QraQ79ii3RKyVHI6Qg,Optimal After 50 Wellness Hacks Product Reviews,https://cn--xtb.noxinfluencer.com/youtube/channel/UCaQP9QraQ79ii3RKyVHI6Qg,-4,badcase,仅有咖啡弱相关，频道偏健康/eBay/空气炸锅，缺少咖啡机推广意图
327,UCTUpBJ3C4xFpuqJfQ3Y-xDQ,TTH - Machine,https://cn--xtb.noxinfluencer.com/youtube/channel/UCTUpBJ3C4xFpuqJfQ3Y-xDQ,-8,badcase,工业机器/机械展示为主，和咖啡机消费推广场景明显不符
328,UC4dQXC-TcQWIRKdaaN9rzRA,Online Machine Technology (OMT),https://cn--xtb.noxinfluencer.com/youtube/channel/UC4dQXC-TcQWIRKdaaN9rzRA,-10,badcase,裁缝/服装机械为主，和咖啡机推广场景不匹配
330,UCuBvI7FtVyWDbOm-6rFq8Vw,RIFU Machine,https://cn--xtb.noxinfluencer.com/youtube/channel/UCuBvI7FtVyWDbOm-6rFq8Vw,-25,badcase,灌装/包装产线的工业机频道，和咖啡机推广错位
332,UCvCHwDBbJvEARLpLHHJboTw,Stella Luna Shine,https://cn--xtb.noxinfluencer.com/youtube/channel/UCvCHwDBbJvEARLpLHHJboTw,-25,badcase,ASMR/生活方式为主，偏氛围内容，不适合咖啡机推广
334,UCmUVRsHlLAce1YXpUI6Q8pQ,HYPE BNG Games,https://cn--xtb.noxinfluencer.com/youtube/channel/UCmUVRsHlLAce1YXpUI6Q8pQ,-25,badcase,BGM/宗教直播为主，属音频氛围型频道，和咖啡机推广错位
337,UC5Q3YEm_SvN4sKP1kNO9Xcg,CXM-Valerie,https://cn--xtb.noxinfluencer.com/youtube/channel/UC5Q3YEm_SvN4sKP1kNO9Xcg,0,badcase,无标签无内容，缺乏任何相关线索
338,UCCoR1uMn6lztRmoc7EmUFiQ,WEIMI Smart Vending Micron Smart Vending,https://cn--xtb.noxinfluencer.com/youtube/channel/UCCoR1uMn6lztRmoc7EmUFiQ,-7,badcase,自助售卖机与设备业务仅间接相关，近期也无咖啡机内容
339,UCb5XsrTYLFF96Xg0kiLU7Vg,Made Vision,https://cn--xtb.noxinfluencer.com/youtube/channel/UCb5XsrTYLFF96Xg0kiLU7Vg,-8,badcase,偏工厂制造流程，和咖啡机推广只有弱关联
340,UCKj2AtZbgjOtk1N_NIt7RGA,Everyday Jazz Music,https://cn--xtb.noxinfluencer.com/youtube/channel/UCKj2AtZbgjOtk1N_NIt7RGA,-25,badcase,咖啡氛围音乐频道，纯音频格式与咖啡机推广明显错位
342,UCTyEJtnshKlOjxP8KNywRng,Cozy Cup Melodies,https://cn--xtb.noxinfluencer.com/youtube/channel/UCTyEJtnshKlOjxP8KNywRng,-35,badcase,咖啡馆音乐/氛围号，强格式错配，不适合卖咖啡机
343,UCbflKz1brFnFKJeQtPvciSw,Quantum Sox 77,https://cn--xtb.noxinfluencer.com/youtube/channel/UCbflKz1brFnFKJeQtPvciSw,-10,badcase,标签与近期内容都很散，缺少咖啡机或家电推广语境
344,UCTjIqcSXH1kbRzil0yxO86g,Brittany Janey Dove,https://cn--xtb.noxinfluencer.com/youtube/channel/UCTjIqcSXH1kbRzil0yxO86g,-25,badcase,ASMR/自我护理为主，近期多生活杂拍，不适合家电推广
346,UCp9hr63bvn94zVP-KQb_oOQ,Gregory Prescott,https://cn--xtb.noxinfluencer.com/youtube/channel/UCp9hr63bvn94zVP-KQb_oOQ,-10,badcase,近期全是滚刷清洁和安装内容，与咖啡机推广无关
347,UCCjNVAhOYYSaxmNWduVb4LA,Crossway Industry (CrossWay Industry),https://cn--xtb.noxinfluencer.com/youtube/channel/UCCjNVAhOYYSaxmNWduVb4LA,-10,badcase,打印切割设备频道，近期内容与咖啡机推广完全不搭
349,UCNZG89YeTK0w52AcOsrPnjw,The Big Boss,https://cn--xtb.noxinfluencer.com/youtube/channel/UCNZG89YeTK0w52AcOsrPnjw,-9,badcase,有 food 弱相关，但近期全是其他机器和娱乐内容
350,UCmUU_nBSohbkmvJYq6nxq8A,Amplified Acoustics,https://cn--xtb.noxinfluencer.com/youtube/channel/UCmUU_nBSohbkmvJYq6nxq8A,-10,badcase,音频器材频道，近期多为播放器和音响，咖啡机相关性弱
352,UCEJxPDSo2Dr7kWoHRU6U0UA,Lofi Coffee Tokyo,https://cn--xtb.noxinfluencer.com/youtube/channel/UCEJxPDSo2Dr7kWoHRU6U0UA,-24,badcase,Lo-fi咖啡馆音乐频道，氛围型内容与咖啡机推广严重不符
353,UCNZKrkFfGXFJvO0h030ePHQ,Serhii Rudenok,https://cn--xtb.noxinfluencer.com/youtube/channel/UCNZKrkFfGXFJvO0h030ePHQ,-9,badcase,无频道标签，近10条仅1条咖啡机测试，其余多为个人杂项内容
354,UCkvam6psm32c-5hNnE7F1cQ,Ale & Wendy,https://cn--xtb.noxinfluencer.com/youtube/channel/UCkvam6psm32c-5hNnE7F1cQ,-10,badcase,自助贩卖机业务号，近期内容与咖啡机推广无明显交集
355,UCZrt_N0kp1BEqdcYl_vdCqw,MR. NOBODY,https://cn--xtb.noxinfluencer.com/youtube/channel/UCZrt_N0kp1BEqdcYl_vdCqw,-25,badcase,ASMR与游戏杂谈为主，咖啡词汇只是泛化场景，不适合卖咖啡机
356,UCeT_1Sz_QZvff6kWj9dsWcg,CAD,https://cn--xtb.noxinfluencer.com/youtube/channel/UCeT_1Sz_QZvff6kWj9dsWcg,-5,badcase,偏咖啡饮品/日常短视频，缺少咖啡机评测或购买意图
357,UCxMCUNT26vefUOzVAoqzn5Q,Orchid Tobacco Dubai,https://cn--xtb.noxinfluencer.com/youtube/channel/UCxMCUNT26vefUOzVAoqzn5Q,-25,badcase,工业卷烟机频道，和咖啡机品类完全不相干
359,UCr0BT3wJFyNCCd6wLSx8X7Q,Candy Princess,https://cn--xtb.noxinfluencer.com/youtube/channel/UCr0BT3wJFyNCCd6wLSx8X7Q,-15,badcase,以娱乐玩具和惊喜开箱为主，和咖啡机推广明显不符
361,UCODa2cZA0ncgeYnYidf6Q5A,EASYGLAZE Lil' Orbits Expert,https://cn--xtb.noxinfluencer.com/youtube/channel/UCODa2cZA0ncgeYnYidf6Q5A,-10,badcase,专注甜甜圈机教程，品类过窄且与咖啡机不相关
363,UCcqfTu94Dp-xmNKdXmqiZVg,Golden Era Phonograph,https://cn--xtb.noxinfluencer.com/youtube/channel/UCcqfTu94Dp-xmNKdXmqiZVg,-25,badcase,咖啡爵士/轻松背景音乐为主，属于强格式错位，近期也几乎全是氛围内容
365,UCg9rFUt8zEY3qE5a6QT2lPw,Alexander Dyer,https://cn--xtb.noxinfluencer.com/youtube/channel/UCg9rFUt8zEY3qE5a6QT2lPw,-9,badcase,虽有 machine 泛词和演示内容，但核心是缝纫机，和咖啡机受众不匹配
366,UCfegl3OG7LXlQS7-YL5Tvmg,Julk Zhang,https://cn--xtb.noxinfluencer.com/youtube/channel/UCfegl3OG7LXlQS7-YL5Tvmg,-25,badcase,工业包装/食品加工内容为主，偏工厂设备，不适合咖啡机推广
367,UC59DeOct9HuEkHhcFJukojw,Packaging Machine Double Machinery,https://cn--xtb.noxinfluencer.com/youtube/channel/UC59DeOct9HuEkHhcFJukojw,-25,badcase,包装机与五金耗材导向明确，和家用咖啡机投放场景完全不一致
368,UCP5zS-NECRBdyFLOci2ZcMA,Balkan DIY,https://cn--xtb.noxinfluencer.com/youtube/channel/UCP5zS-NECRBdyFLOci2ZcMA,-5,badcase,DIY通用频道，和咖啡机促销仅有很弱的泛类目重叠，近期内容也都不匹配
369,UCAMTF5RLNwFu8PTRp_rP7ig,TwiztedImages,https://cn--xtb.noxinfluencer.com/youtube/channel/UCAMTF5RLNwFu8PTRp_rP7ig,-25,badcase,音乐娱乐频道，不适合咖啡机这类硬件/电器促销
370,UC56Ag_csE6l6oibmwqM_7vg,GO TO VN,https://cn--xtb.noxinfluencer.com/youtube/channel/UC56Ag_csE6l6oibmwqM_7vg,-35,badcase,以咖啡BGM/游戏为主，属于音频氛围型内容，与咖啡机促销强不匹配
372,UC_FOsrMkHS71T1WLPdVHmCg,NovaBot 2,https://cn--xtb.noxinfluencer.com/youtube/channel/UC_FOsrMkHS71T1WLPdVHmCg,-5,badcase,近5条集中在吸乳器/育儿教程，和咖啡机促销无明显受众重叠
373,UC7Raf7e3CAbURri5KRCCBKA,Velvet Jazz Bossa,https://cn--xtb.noxinfluencer.com/youtube/channel/UC7Raf7e3CAbURri5KRCCBKA,-24,badcase,放松音乐咖啡馆氛围号，非咖啡机推广场景
375,UCjsFT-AcPA2RuyrlvEcNv1A,Coffee Relaxing Jazz Melody,https://cn--xtb.noxinfluencer.com/youtube/channel/UCjsFT-AcPA2RuyrlvEcNv1A,-25,badcase,纯音乐/雨声频道，和咖啡机推广不匹配
377,UCfqDZNxvW-DLErrIpxJwdUw,Just Print,https://cn--xtb.noxinfluencer.com/youtube/channel/UCfqDZNxvW-DLErrIpxJwdUw,-20,badcase,3D打印垂直频道，和咖啡机推广无关
379,UCUvFeAepzn8mFiJtkMpQ2IQ,Huntrix Kpop,https://cn--xtb.noxinfluencer.com/youtube/channel/UCUvFeAepzn8mFiJtkMpQ2IQ,-25,badcase,音乐/咖啡馆氛围频道，偏听觉内容而非咖啡机种草，格式强不匹配
380,UC8H82LyRb6KdLdbc049ev2A,Trade Skillers Anonymous,https://cn--xtb.noxinfluencer.com/youtube/channel/UC8H82LyRb6KdLdbc049ev2A,-5,badcase,木工/CNC圈层，和咖啡机消费场景仅弱重叠，近期内容也不贴合
381,UC_1wUg3N8XGbtD8Sy_nwrtQ,Meet ANGIE,https://cn--xtb.noxinfluencer.com/youtube/channel/UC_1wUg3N8XGbtD8Sy_nwrtQ,-6,badcase,偏美妆生活日常，仅弱晨间场景，缺少咖啡机评测/购买意图
382,UCl9lwzqv1FxYNSC1g8VNL1Q,Molds Unlimited Inc.,https://cn--xtb.noxinfluencer.com/youtube/channel/UCl9lwzqv1FxYNSC1g8VNL1Q,-25,badcase,工业注塑模具频道，与咖啡机推广目标明显不符，近10条也全不匹配
383,UC39v0RhBIEby79MMcKUlfkg,Herrschners,https://cn--xtb.noxinfluencer.com/youtube/channel/UC39v0RhBIEby79MMcKUlfkg,-10,badcase,手工模型频道，近期内容与咖啡机推广无关
384,UCoFF1n89vVu7YorSV3uj_bg,Fire Dept. Coffee,https://cn--xtb.noxinfluencer.com/youtube/channel/UCoFF1n89vVu7YorSV3uj_bg,-19,badcase,咖啡品牌娱乐/消防员内容，缺少咖啡机测评购买场景
386,UCdVe97B8AQW5z4m7eIkNpWg,Rocco's Stuff,https://cn--xtb.noxinfluencer.com/youtube/channel/UCdVe97B8AQW5z4m7eIkNpWg,-10,badcase,机械DIY但非咖啡机场景，推广相关性弱
387,UCUVWAGGnvkMs4mJM8Su2NUQ,Sabrina JWELL,https://cn--xtb.noxinfluencer.com/youtube/channel/UCUVWAGGnvkMs4mJM8Su2NUQ,-35,badcase,工业挤出设备频道，与咖啡机消费场景不符
388,UCzVGy_PAsdtU27qGGCY5wCg,Ken's Sewing Center,https://cn--xtb.noxinfluencer.com/youtube/channel/UCzVGy_PAsdtU27qGGCY5wCg,-10,badcase,全是缝纫机内容，和咖啡机无关，最近10条也都不匹配
389,UCWLoX7d02MT_65tt2B1Oszg,Beauty Morning Jazz,https://cn--xtb.noxinfluencer.com/youtube/channel/UCWLoX7d02MT_65tt2B1Oszg,-24,badcase,仅有Cafe泛相关，且是纯爵士氛围音乐，卖咖啡机格式不合适
390,UCBWwvOAOLiIRmQPOjSeKKAA,Ideas Number One,https://cn--xtb.noxinfluencer.com/youtube/channel/UCBWwvOAOLiIRmQPOjSeKKAA,-9,badcase,DIY实验号只有home泛场景，内容偏技巧杂项，咖啡机相关度弱
391,UCtwV4KQk9UwKoq9JppUORrw,Lhanli Perez,https://cn--xtb.noxinfluencer.com/youtube/channel/UCtwV4KQk9UwKoq9JppUORrw,-9,badcase,有饮品和生意场景，但主线是boba与momlife，咖啡机相关度弱
392,UCkZe3ktr3ux6Tg7ZTNYiLfg,Mechanical CAD Guide,https://cn--xtb.noxinfluencer.com/youtube/channel/UCkZe3ktr3ux6Tg7ZTNYiLfg,-10,badcase,机械工程内容与家用咖啡机推广场景不一致，最近也无咖啡机内容
393,UCyMvXGfHMZS0K2XpWjk1izQ,Evans Wen(screenprinting machine),https://cn--xtb.noxinfluencer.com/youtube/channel/UCyMvXGfHMZS0K2XpWjk1izQ,-24,badcase,工业印刷和贴标设备频道，非咖啡机评测或消费推广场景
394,UC9PbL4mTR48sTvfAjL-tkHA,Coffee Lofi Vibes,https://cn--xtb.noxinfluencer.com/youtube/channel/UC9PbL4mTR48sTvfAjL-tkHA,-35,badcase,音乐助眠/咖啡馆氛围频道，和咖啡机带货格式强冲突
395,UC28pLRWhwtbDvoHbzPNPmcQ,Romiter Machinery,https://cn--xtb.noxinfluencer.com/youtube/channel/UC28pLRWhwtbDvoHbzPNPmcQ,-18,badcase,工业机械频道，无咖啡机评测购买语境，近10条均不匹配
396,UC_7NeepWShnSG_z4TFCUSDg,Infohub,https://cn--xtb.noxinfluencer.com/youtube/channel/UC_7NeepWShnSG_z4TFCUSDg,-15,badcase,机器编译/ASMR频道，偏围观工业过程，不适合咖啡机推广
397,UCGuO53M75d5N08ZlHDEgR5w,Guru Recipes,https://cn--xtb.noxinfluencer.com/youtube/channel/UCGuO53M75d5N08ZlHDEgR5w,-4,badcase,厨房食谱频道，仅弱场景相关，近期无咖啡机评测或购买意图内容
398,UCunY7HOeYUYMNWtWXwMslfQ,PresleeVlogs,https://cn--xtb.noxinfluencer.com/youtube/channel/UCunY7HOeYUYMNWtWXwMslfQ,-10,badcase,家庭生活Vlog为主，仅咖啡饮品场景，无咖啡机测评购买意图
399,UCeP1MABuqrn98hHjDoo3V-g,Coffee Time - Jazz Music,https://cn--xtb.noxinfluencer.com/youtube/channel/UCeP1MABuqrn98hHjDoo3V-g,-25,badcase,咖啡氛围音乐号，音频场景与咖啡机推广错配
400,UCPqww19eXiwIEkcOsQUqnIw,The moment of treasure,https://cn--xtb.noxinfluencer.com/youtube/channel/UCPqww19eXiwIEkcOsQUqnIw,-7,badcase,缝纫机维修教程，只有泛how-to属性，与咖啡机品类不相关
401,UCzVGy_PAsdtU27qGGCY5wCg,Ken's Sewing Center,https://cn--xtb.noxinfluencer.com/youtube/channel/UCzVGy_PAsdtU27qGGCY5wCg,-25,badcase,全是缝纫机销售/教程，品类完全错位
402,UCWLoX7d02MT_65tt2B1Oszg,Beauty Morning Jazz,https://cn--xtb.noxinfluencer.com/youtube/channel/UCWLoX7d02MT_65tt2B1Oszg,-25,badcase,咖啡氛围音乐号，ASMR/ambient与咖啡机推广错配
404,UCkZe3ktr3ux6Tg7ZTNYiLfg,Mechanical CAD Guide,https://cn--xtb.noxinfluencer.com/youtube/channel/UCkZe3ktr3ux6Tg7ZTNYiLfg,-9,badcase,机械工程号，只有泛化 machine 词，非咖啡机推广场景
406,UCyMvXGfHMZS0K2XpWjk1izQ,Evans Wen(screenprinting machine),https://cn--xtb.noxinfluencer.com/youtube/channel/UCyMvXGfHMZS0K2XpWjk1izQ,-9,badcase,工业印刷设备内容，偏工厂机械，不适合咖啡机消费推广
407,UC9PbL4mTR48sTvfAjL-tkHA,Coffee Lofi Vibes,https://cn--xtb.noxinfluencer.com/youtube/channel/UC9PbL4mTR48sTvfAjL-tkHA,-35,badcase,咖啡氛围音乐频道，音频/陪伴格式与产品推广强错配
408,UC28pLRWhwtbDvoHbzPNPmcQ,Romiter Machinery,https://cn--xtb.noxinfluencer.com/youtube/channel/UC28pLRWhwtbDvoHbzPNPmcQ,-9,badcase,工业食品机械频道，最近10条几乎全是加工/装配，与咖啡机促销不符
409,UC_7NeepWShnSG_z4TFCUSDg,Infohub,https://cn--xtb.noxinfluencer.com/youtube/channel/UC_7NeepWShnSG_z4TFCUSDg,-10,badcase,泛工厂机械短视频，最近10条全是重型机器合集，缺少咖啡机语境
410,UCD6A5_a93fepkVHut8kfXuQ,Doublemachinery-Packing Machine,https://cn--xtb.noxinfluencer.com/youtube/channel/UCD6A5_a93fepkVHut8kfXuQ,-3,badcase,包装机频道偏工业封装/计数，最近3条都不涉及咖啡机购买或评测
411,UCGuO53M75d5N08ZlHDEgR5w,Guru Recipes,https://cn--xtb.noxinfluencer.com/youtube/channel/UCGuO53M75d5N08ZlHDEgR5w,-8,badcase,做菜频道虽有厨房场景，但最近10条全是食谱，没有咖啡机产品语境
412,UCunY7HOeYUYMNWtWXwMslfQ,PresleeVlogs,https://cn--xtb.noxinfluencer.com/youtube/channel/UCunY7HOeYUYMNWtWXwMslfQ,-10,badcase,生活vlog有咖啡话题，但不是咖啡机；最近内容也多为日常和咖啡店
413,UCeP1MABuqrn98hHjDoo3V-g,Coffee Time - Jazz Music,https://cn--xtb.noxinfluencer.com/youtube/channel/UCeP1MABuqrn98hHjDoo3V-g,-22,badcase,咖啡氛围音乐频道，偏听感内容，非咖啡机评测或导购场景
414,UCPqww19eXiwIEkcOsQUqnIw,The moment of treasure,https://cn--xtb.noxinfluencer.com/youtube/channel/UCPqww19eXiwIEkcOsQUqnIw,-10,badcase,缝纫机教程频道，主题与咖啡机无关，近期内容高度错配
415,UCErD9FTLOa0NwjXBJp0-PSg,Chez Debz,https://cn--xtb.noxinfluencer.com/youtube/channel/UCErD9FTLOa0NwjXBJp0-PSg,-4,badcase,咖啡品牌/旅行生活内容相关，但无咖啡机评测购买意图
416,UCH-fsxo1ApHD63gJvfsHDjA,megan johnson,https://cn--xtb.noxinfluencer.com/youtube/channel/UCH-fsxo1ApHD63gJvfsHDjA,-9,badcase,生活/校园vlog频道，咖啡内容为饮品尝试，缺少咖啡机推广意图
417,UCkH4g7NHFxclawVkJ9Vz0bw,Starbuckswithqvise,https://cn--xtb.noxinfluencer.com/youtube/channel/UCkH4g7NHFxclawVkJ9Vz0bw,-4,badcase,咖啡饮品/星巴克内容，缺少咖啡机评测购买或设备使用意图
419,UCztqMZnc-8McUX7D48AEDVg,Build Grow Play,https://cn--xtb.noxinfluencer.com/youtube/channel/UCztqMZnc-8McUX7D48AEDVg,-9,badcase,以汽车/DIY为主，缺少咖啡机测评或购买意图，近期内容也不匹配
420,UC2vfUB3hzQWRVTpRMEgUK0Q,iScaper1,https://cn--xtb.noxinfluencer.com/youtube/channel/UC2vfUB3hzQWRVTpRMEgUK0Q,-5,badcase,DIY教程型频道，仅1条咖啡机视频，近10条大多不相关
422,UCRwomhMm4D5qyBG8ePM5Imw,Rainy Jazz Cafe Lofi,https://cn--xtb.noxinfluencer.com/youtube/channel/UCRwomhMm4D5qyBG8ePM5Imw,-15,badcase,咖啡氛围/爵士lofi为主，缺少咖啡机评测购买意图
423,UCu0HlsVdVv15wEGxq6ElAaQ,COASO INC.,https://cn--xtb.noxinfluencer.com/youtube/channel/UCu0HlsVdVv15wEGxq6ElAaQ,-10,badcase,工业印刷/贴标频道，与咖啡机推广无关，近期内容全不匹配
426,UCb8gc03xqIxbW-6ZgZh4euw,Shanghai CHENGXIANG Machinery,https://cn--xtb.noxinfluencer.com/youtube/channel/UCb8gc03xqIxbW-6ZgZh4euw,-10,badcase,无标签无内容，无法判断为咖啡机推广相关
427,UCKYkBsx-8Ib_3nqBMErgr7A,Craft Show,https://cn--xtb.noxinfluencer.com/youtube/channel/UCKYkBsx-8Ib_3nqBMErgr7A,-10,badcase,工具施工频道，近期全是施工/加工过程，不适合咖啡机推广
428,UCos4Gcw72bx9vtO9MzX_SAA,twin album,https://cn--xtb.noxinfluencer.com/youtube/channel/UCos4Gcw72bx9vtO9MzX_SAA,-15,badcase,咖啡/吧台相关，但ASMR饮品内容偏场景向，机型推广不匹配
432,UCdfK5w8cpqq9yQlIMsKvrUQ,Sam Patterson,https://cn--xtb.noxinfluencer.com/youtube/channel/UCdfK5w8cpqq9yQlIMsKvrUQ,-10,badcase,娱乐vlog为主，缺少家电或咖啡机相关信号
433,UCMG_c3Sn3FVLVmNv_dMT5WQ,Bangla Traders and Engineering,https://cn--xtb.noxinfluencer.com/youtube/channel/UCMG_c3Sn3FVLVmNv_dMT5WQ,-10,badcase,农机/工程设备号，与家用咖啡机推广受众不符
434,UCoN1rKTuTQvMzoMcsL6hSzg,Yussy Tiles Hop,https://cn--xtb.noxinfluencer.com/youtube/channel/UCoN1rKTuTQvMzoMcsL6hSzg,-25,badcase,纯音乐/放松氛围号，属于音频型内容，不适合咖啡机导购
435,UCyUTC3jCAaLd639lo9n9Bqw,Cafe Cozy Jazz,https://cn--xtb.noxinfluencer.com/youtube/channel/UCyUTC3jCAaLd639lo9n9Bqw,-22,badcase,咖啡馆BGM号有场景相关，但以音乐氛围为主，非测评导购
436,UCFXJFv-gho3BnZ3orYoKIqA,Welzy Tiles Hop,https://cn--xtb.noxinfluencer.com/youtube/channel/UCFXJFv-gho3BnZ3orYoKIqA,-25,badcase,Tiles Hop/游戏娱乐号，和咖啡机导购场景明显不符
437,UCMHpQqxwRAls7Easfvfv68Q,Rebecca Dennis,https://cn--xtb.noxinfluencer.com/youtube/channel/UCMHpQqxwRAls7Easfvfv68Q,-35,badcase,美妆穿搭ASMR为主，无咖啡机评测或购买意图，近期内容不匹配
439,UCglHNe1Qps5YPTm7I3JtWeQ,Alexander Zapata,https://cn--xtb.noxinfluencer.com/youtube/channel/UCglHNe1Qps5YPTm7I3JtWeQ,-22,badcase,ASMR咖啡饮品内容，缺少咖啡机评测/导购，且格式不适合投放
440,UCR8O7o_VwiY0LnegZYRbgFw,The Crawlspace Craftsman,https://cn--xtb.noxinfluencer.com/youtube/channel/UCR8O7o_VwiY0LnegZYRbgFw,-3,badcase,工具/CNC测评频道，仅少量食品设备内容，缺少咖啡机购买或测评语境
441,UCEDf9wKGiPy5ql4cKpAg82g,Calm Vibes Jazz Studio,https://cn--xtb.noxinfluencer.com/youtube/channel/UCEDf9wKGiPy5ql4cKpAg82g,-25,badcase,咖啡厅氛围音乐频道，属于音频氛围内容，和咖啡机推广不匹配
442,UC98xeSmUZTrI5NpIw0rIPTg,Vapid Cass,https://cn--xtb.noxinfluencer.com/youtube/channel/UC98xeSmUZTrI5NpIw0rIPTg,-23,badcase,宠物娱乐频道，主域不适合咖啡机推广，近期内容也基本无关
443,UCXq1nMV3tjU6863xutTGemA,Tiles Hop Rikzy,https://cn--xtb.noxinfluencer.com/youtube/channel/UCXq1nMV3tjU6863xutTGemA,-20,badcase,以咖啡馆氛围音乐为主，缺少咖啡机评测/购买/使用内容
444,UC-5brX1L_ZRNk5IKAtnuzXA,Zicat Tiles Hop,https://cn--xtb.noxinfluencer.com/youtube/channel/UC-5brX1L_ZRNk5IKAtnuzXA,-20,badcase,宗教直播为主，咖啡相关仅是氛围词，不适合咖啡机推广
445,UC1GUOSCTrojoNURpa2vhIrw,BeamNG filter,https://cn--xtb.noxinfluencer.com/youtube/channel/UC1GUOSCTrojoNURpa2vhIrw,-22,badcase,赛车模拟游戏频道，咖啡机主题和受众都不匹配
446,UCYSAzxdiQxihTodSyfa7MPw,SKY PUZZLE,https://cn--xtb.noxinfluencer.com/youtube/channel/UCYSAzxdiQxihTodSyfa7MPw,-20,badcase,儿童猜图内容，和咖啡机购买人群关联弱
447,UChN-DolDEBLqxSeFqVbgj7Q,Tiles Hop Bezzubik,https://cn--xtb.noxinfluencer.com/youtube/channel/UChN-DolDEBLqxSeFqVbgj7Q,-25,badcase,宗教直播频道，和咖啡机产品推广场景明显不符
449,UCciz-iIa6yT-JGBlN7q_h6A,Named Chillhopmusic,https://cn--xtb.noxinfluencer.com/youtube/channel/UCciz-iIa6yT-JGBlN7q_h6A,-22,badcase,频道是咖啡氛围歌单，属于音频娱乐格式，不适合咖啡机推广
450,UCdMbj9TjYoW7sFNg9Yq_vGg,Black Coffee Jazz,https://cn--xtb.noxinfluencer.com/youtube/channel/UCdMbj9TjYoW7sFNg9Yq_vGg,-2,badcase,虽有coffee标签，但主轴是爵士氛围音乐，近期全是睡眠/工作BGM
452,UCGyXEUF83AYQGvebsTTlKqw,Max Legion,https://cn--xtb.noxinfluencer.com/youtube/channel/UCGyXEUF83AYQGvebsTTlKqw,-10,badcase,频道主要是新闻/军情和3D打印，近期内容也都不相关，和咖啡机推广无关
455,UCHxgHaPEoyW5sLCFazMCkNg,WhatFoodDoes,https://cn--xtb.noxinfluencer.com/youtube/channel/UCHxgHaPEoyW5sLCFazMCkNg,-10,badcase,内容是咖啡健康科普，不是咖啡机购买或评测场景
456,UChh44o6Ndt3P4Atpuq4VUsA,ZONESUN,https://cn--xtb.noxinfluencer.com/youtube/channel/UChh44o6Ndt3P4Atpuq4VUsA,-25,badcase,工业包装/灌装设备频道，与咖啡机促销受众不匹配
457,UCju2N80tP-9o7uvyX_nkoxg,Lewin Oil Presser Manufacturer,https://cn--xtb.noxinfluencer.com/youtube/channel/UCju2N80tP-9o7uvyX_nkoxg,-10,badcase,油压榨设备工厂内容，和咖啡机推广场景不匹配
458,UCsjtPMujFux2jxLCkdP1_ZQ,Suhendi BM,https://cn--xtb.noxinfluencer.com/youtube/channel/UCsjtPMujFux2jxLCkdP1_ZQ,-9,badcase,偏DIY/工程内容，缺少咖啡机购买或评测语境，近期内容也明显不匹配
459,UC1L111Bt8A3doTHopWg8duQ,Caroline Lee,https://cn--xtb.noxinfluencer.com/youtube/channel/UC1L111Bt8A3doTHopWg8duQ,-7,badcase,美妆穿搭为主，仅少量咖啡生活内容，缺少咖啡机评测或购买意图
460,UCvMObjdQSD2ySCOGcsN-FaA,Eat With Giorgio,https://cn--xtb.noxinfluencer.com/youtube/channel/UCvMObjdQSD2ySCOGcsN-FaA,-7,badcase,以美食菜谱为主，缺少咖啡机评测/购买/使用场景，近10期几乎不匹配
461,UCvINUyTLU3LA0s9DOKJ7lHA,Thanos Paws,https://cn--xtb.noxinfluencer.com/youtube/channel/UCvINUyTLU3LA0s9DOKJ7lHA,-19,badcase,猫宠娱乐频道，近10条仅1条咖啡机内容，整体不适合咖啡机推广
463,UCMyrkS4bhbXnpStoWTiizFw,meLEGO Brick,https://cn--xtb.noxinfluencer.com/youtube/channel/UCMyrkS4bhbXnpStoWTiizFw,-25,badcase,LEGO玩具动画频道，娱乐属性强，与咖啡机推广不匹配
464,UCvmHObobcV1Jn5Hy2cqZibw,Brielle Jenness,https://cn--xtb.noxinfluencer.com/youtube/channel/UCvmHObobcV1Jn5Hy2cqZibw,-13,badcase,主域是读书娱乐，咖啡内容偏小生意/饮品场景，无咖啡机推广意图
465,UCaKv3AsORgMhFtVguIwfqBw,Soothing Jazz Music,https://cn--xtb.noxinfluencer.com/youtube/channel/UCaKv3AsORgMhFtVguIwfqBw,-35,badcase,纯音乐/冥想助眠频道，音频场景为主，不适合咖啡机推广
466,UCsrckTlDprZaMdSPymu6Qgw,I’m Sooo Martha,https://cn--xtb.noxinfluencer.com/youtube/channel/UCsrckTlDprZaMdSPymu6Qgw,-8,badcase,日常vlog为主，生活化但缺少咖啡机/家电购买语境
468,UCRzMlzRBUrcrHtwlr4J8tew,Tiania Haneline,https://cn--xtb.noxinfluencer.com/youtube/channel/UCRzMlzRBUrcrHtwlr4J8tew,-10,badcase,家庭母婴日常内容，和咖啡机推广场景不匹配
469,UCd863R23Rqi-uh7axB2B8XA,Emma Jane,https://cn--xtb.noxinfluencer.com/youtube/channel/UCd863R23Rqi-uh7axB2B8XA,-10,badcase,美妆生活vlog，只有泛咖啡氛围，没有测评购买语境
470,UCy5OAqaav5nT9bDCoelJxYw,PEKOKO TECHNOLOGY,https://cn--xtb.noxinfluencer.com/youtube/channel/UCy5OAqaav5nT9bDCoelJxYw,-25,badcase,工业打标设备频道，受众与咖啡机消费人群完全不符
472,UCktSCPvWdALpfuWs6yBGfEQ,INEO Kitchen,https://cn--xtb.noxinfluencer.com/youtube/channel/UCktSCPvWdALpfuWs6yBGfEQ,-10,badcase,商业厨房设备频道，和咖啡机消费推广关联弱
473,UC9bmqm6Pm38hEXTaCa_136Q,Nanjing Speedy Laser,https://cn--xtb.noxinfluencer.com/youtube/channel/UC9bmqm6Pm38hEXTaCa_136Q,-25,badcase,工业激光设备受众与咖啡机购买场景完全不匹配
474,UC6-DAZcn5ouL21901I9Kv6Q,FitVids,https://cn--xtb.noxinfluencer.com/youtube/channel/UC6-DAZcn5ouL21901I9Kv6Q,-10,badcase,泛娱乐短视频频道，缺少咖啡机购买或使用语境
476,UCNwBSVzAmfDaH2G04bA0jJQ,Linguoer—mechanic,https://cn--xtb.noxinfluencer.com/youtube/channel/UCNwBSVzAmfDaH2G04bA0jJQ,-25,badcase,机械修复ASMR为主，强格式错配，不适合咖啡机推广
477,UCF-0SJiDiqJoLFVRxikidOQ,Rebecca Roams Realms (Rebecca The Explorer),https://cn--xtb.noxinfluencer.com/youtube/channel/UCF-0SJiDiqJoLFVRxikidOQ,-10,badcase,资讯/生活更新为主，咖啡只是口播主题，不是机器场景
478,UCv2rFU07CJb_a-FxKPPzYcA,V. Idea,https://cn--xtb.noxinfluencer.com/youtube/channel/UCv2rFU07CJb_a-FxKPPzYcA,-7,badcase,DIY教程频道，和咖啡机推广缺少购买/测评语境
479,UCXp3XVNRvgQxb-HYlIaMSOA,CapsulCN,https://cn--xtb.noxinfluencer.com/youtube/channel/UCXp3XVNRvgQxb-HYlIaMSOA,-8,badcase,工业制药设备号，和家用咖啡机受众不匹配
481,UCDz8m7fzzLbiknOUGauf_kQ,Gabriella Ellis,https://cn--xtb.noxinfluencer.com/youtube/channel/UCDz8m7fzzLbiknOUGauf_kQ,-6,badcase,生活方式咖啡内容偏咖啡店，不是咖啡机种草/测评
482,UCpsI8W_YguTy73fcDzZFN4Q,Inside NextGen,https://cn--xtb.noxinfluencer.com/youtube/channel/UCpsI8W_YguTy73fcDzZFN4Q,-10,badcase,工厂纪录片频道，主题是制造流程，不适合咖啡机带货
483,UCa9Yg_uYWLqu7qr3edmpoAQ,Coffee Relaxing Jazz,https://cn--xtb.noxinfluencer.com/youtube/channel/UCa9Yg_uYWLqu7qr3edmpoAQ,-25,badcase,咖啡馆音乐/背景乐，强音频场景错配，近10条全不利于咖啡机推广
484,UCm8eAo9HeLXwVI890LkKpmQ,Affordable Airguns Reviews,https://cn--xtb.noxinfluencer.com/youtube/channel/UCm8eAo9HeLXwVI890LkKpmQ,-25,badcase,猎枪/气枪评测，受众与咖啡机完全不搭，近10条也基本不相关
485,UCMAtbKPwxqBH4E-EIpXYiZg,Motivation Level One Billion,https://cn--xtb.noxinfluencer.com/youtube/channel/UCMAtbKPwxqBH4E-EIpXYiZg,-10,badcase,励志/财富频道，缺少产品推广语境，最近内容也多为无关话题
487,UC0WYZNsYr4U5wTOo21mf3Qw,Light Jazz Music,https://cn--xtb.noxinfluencer.com/youtube/channel/UC0WYZNsYr4U5wTOo21mf3Qw,-25,badcase,纯音乐/咖啡馆氛围频道，属于音频场景错配，不适合咖啡机推广
488,UC3NFJgP8LRkCu0-7Q8HMsfA,Dmitrii Davidenko,https://cn--xtb.noxinfluencer.com/youtube/channel/UC3NFJgP8LRkCu0-7Q8HMsfA,-7,badcase,泛产品创意号，近10条几乎无咖啡机/评测/购买意图内容
489,UCNDYh-WZ5bWzsMslYwIS8Mg,Auplexheatpress,https://cn--xtb.noxinfluencer.com/youtube/channel/UCNDYh-WZ5bWzsMslYwIS8Mg,-25,badcase,热压打印工业号，主内容与咖啡机消费场景明显不匹配
490,UChsMBfS-aTpGV49ewJ0stkg,ASPE Printing Technologies,https://cn--xtb.noxinfluencer.com/youtube/channel/UChsMBfS-aTpGV49ewJ0stkg,-25,badcase,丝印设备工业号，受众与咖啡机购买推广不匹配
491,UC9WO8qDwWzOVN-WuONKOzyA,Stiebel Eltron USA,https://cn--xtb.noxinfluencer.com/youtube/channel/UC9WO8qDwWzOVN-WuONKOzyA,-8,badcase,主域是热水器品牌内容，非咖啡机测评或购买场景
492,UCOEpBpoQNK45-6hXQGqZFCg,DIY bama,https://cn--xtb.noxinfluencer.com/youtube/channel/UCOEpBpoQNK45-6hXQGqZFCg,-5,badcase,频道偏激光雕刻和3D打印评测，近期内容与咖啡机推广不匹配
493,UCwj0BB4F83ZjuqYzQtMYQKw,LTPKMACHINERY,https://cn--xtb.noxinfluencer.com/youtube/channel/UCwj0BB4F83ZjuqYzQtMYQKw,-10,badcase,工业包装机械内容，近10条无咖啡机相关
494,UCrjPPSnnPsdEvq6bDmmpFPQ,Tech Wire Daily,https://cn--xtb.noxinfluencer.com/youtube/channel/UCrjPPSnnPsdEvq6bDmmpFPQ,-10,badcase,泛病毒短视频和产品展示，咖啡机相关弱
495,UC2zr3lA-Z9PxW-EneHGSCbA,Spotify BGM,https://cn--xtb.noxinfluencer.com/youtube/channel/UC2zr3lA-Z9PxW-EneHGSCbA,-25,badcase,睡眠/氛围音乐频道，和实体咖啡机推广格式不匹配
497,UC6UrhC7nONxAI_hAWDyEAaQ,Midnight Heartbeats,https://cn--xtb.noxinfluencer.com/youtube/channel/UC6UrhC7nONxAI_hAWDyEAaQ,-25,badcase,纯音乐氛围频道，和咖啡机推广不适配
499,UCbwVIebc0Idy-RRTgL7RLSg,Bones Coffee Company,https://cn--xtb.noxinfluencer.com/youtube/channel/UCbwVIebc0Idy-RRTgL7RLSg,-4,badcase,有咖啡受众，但无咖啡机购买/评测意图，近期内容也偏杂
500,UCaSt25be5inlieEWC9WDVYg,Asian Machinery U.S.A. - Desde 1997,https://cn--xtb.noxinfluencer.com/youtube/channel/UCaSt25be5inlieEWC9WDVYg,-23,badcase,工业塑机频道，最近内容全是挤出/吹塑/包装机械，与咖啡机受众不符
4751,UCJR0L8grt406OVTGIefphgQ,Molybdenum,https://cn--xtb.noxinfluencer.com/youtube/channel/UCJR0L8grt406OVTGIefphgQ,-10,badcase,化学实验频道，与咖啡机推广无关，近期内容全部不匹配
4752,UCWjFwqJwsoScno3r4Rgz3WA,By Scarlett D,https://cn--xtb.noxinfluencer.com/youtube/channel/UCWjFwqJwsoScno3r4Rgz3WA,-20,badcase,ASMR娱乐向，近10条全是解压玩具内容，与咖啡机推广格式严重不匹配
4753,UC63oeFeuRva3QPwhx9tN_mQ,Homey Ambience,https://cn--xtb.noxinfluencer.com/youtube/channel/UC63oeFeuRva3QPwhx9tN_mQ,-25,badcase,音乐/氛围频道，咖啡机是明显格式错配，近10条也都非测评购机内容
4754,UCr153QUvBREd2CRtY9qsXBA,Construction Skills,https://cn--xtb.noxinfluencer.com/youtube/channel/UCr153QUvBREd2CRtY9qsXBA,-8,badcase,施工DIY频道，只有弱泛化标签，最近内容偏浴室建造，和咖啡机无关
4755,UCO0exWBo6-to5T1h57Gk8eg,South Coast Fabrication And Outdoors,https://cn--xtb.noxinfluencer.com/youtube/channel/UCO0exWBo6-to5T1h57Gk8eg,-8,badcase,户外园艺频道，近期都在割草和维护，咖啡机推广场景不成立
4756,UCE8TKEWr07Wu09P4UFpGcoQ,Dremel,https://cn--xtb.noxinfluencer.com/youtube/channel/UCE8TKEWr07Wu09P4UFpGcoQ,-7,badcase,工具频道以电动工具为主，近10条都非咖啡机测评或购买内容
4757,UCxnuij8-sDJksfjzZ-_wctw,*Mystical Ambience*,https://cn--xtb.noxinfluencer.com/youtube/channel/UCxnuij8-sDJksfjzZ-_wctw,-40,badcase,ASMR/氛围音乐频道，无咖啡机评测或购买意图，近期全为氛围内容
4759,UCNavkeqtiqDAhq7X2aoz-Kw,SonicShadow3459,https://cn--xtb.noxinfluencer.com/youtube/channel/UCNavkeqtiqDAhq7X2aoz-Kw,-8,badcase,饮料试喝与娱乐内容为主，缺少咖啡机评测或购买意图
4760,UC3OoWmBgwJds4K_62M8Xfgw,featuringelijah,https://cn--xtb.noxinfluencer.com/youtube/channel/UC3OoWmBgwJds4K_62M8Xfgw,-10,badcase,音乐制作频道，内容域与咖啡机带货不相关
4762,UCsF0rshpHTHBAE5uaef6iVA,SECOR CINEMA,https://cn--xtb.noxinfluencer.com/youtube/channel/UCsF0rshpHTHBAE5uaef6iVA,-25,badcase,影视短剧/娱乐频道，属于明显不适合的带货场景
4763,UCQKf4UrZby7P2TfcAqPDGdQ,MiniSax,https://cn--xtb.noxinfluencer.com/youtube/channel/UCQKf4UrZby7P2TfcAqPDGdQ,-10,badcase,器乐表演频道，近10条均为萨克斯内容，与咖啡机推广无关
4764,UCFVnX5a0OVNEdaC0ON63b_Q,Creative Geekery,https://cn--xtb.noxinfluencer.com/youtube/channel/UCFVnX5a0OVNEdaC0ON63b_Q,-17,badcase,主内容是影视道具/娱乐手作，近期10条全不相关，咖啡机推广不匹配
4765,UCJxupK4p71bS2S3swu3iQMQ,ArcPulse DIY,https://cn--xtb.noxinfluencer.com/youtube/channel/UCJxupK4p71bS2S3swu3iQMQ,-8,badcase,纯DIY电子频道，近10条都无咖啡机/家电推广语境
4766,UCZCt_I3JkthPMGxYIA0uwQg,Zappos.com,https://cn--xtb.noxinfluencer.com/youtube/channel/UCZCt_I3JkthPMGxYIA0uwQg,-9,badcase,以时尚鞋类生活方式为主，与咖啡机推广缺少购买/测评相关性
4767,UC8skhtyd-q2odbY8W9DNxcg,Tristan Pope (Crafting Worlds),https://cn--xtb.noxinfluencer.com/youtube/channel/UC8skhtyd-q2odbY8W9DNxcg,-10,badcase,以键盘/鼠标评测为主，和咖啡机推广无关，近期内容也全不匹配
4768,UCwh6Gesi5izSSG5Y0kzZ5gw,Product Reviewer,https://cn--xtb.noxinfluencer.com/youtube/channel/UCwh6Gesi5izSSG5Y0kzZ5gw,-4,badcase,有产品评测属性，但近期多为杂项与白噪音，咖啡机推广不稳定
4770,UCEz5OA_YIuNHEY62ThY9AuQ,Inner Flow Music,https://cn--xtb.noxinfluencer.com/youtube/channel/UCEz5OA_YIuNHEY62ThY9AuQ,-25,badcase,纯Lofi/氛围音乐频道，和咖啡机推广强不匹配
4771,UCC8mLMgQKWLfevd7N368s4w,Modern Heart and Vascular Institute,https://cn--xtb.noxinfluencer.com/youtube/channel/UCC8mLMgQKWLfevd7N368s4w,-10,badcase,心血管健康科普频道，与咖啡机推广基本无关
4772,UCJG_DMCLwo6E4gB6T_6zwTw,gossipfunda,https://cn--xtb.noxinfluencer.com/youtube/channel/UCJG_DMCLwo6E4gB6T_6zwTw,-10,badcase,科技/游戏/故障修复为主，和咖啡机受众不一致
4773,UCwVgS0T1YwBkIvKiYf2M1eg,AAPrintSupplyCo,https://cn--xtb.noxinfluencer.com/youtube/channel/UCwVgS0T1YwBkIvKiYf2M1eg,-10,badcase,打印耗材与咖啡机无关，近期内容全是印刷/激光主题
4774,UCF3rEszvE9AGlS0Mm6VwSNg,Dominic,https://cn--xtb.noxinfluencer.com/youtube/channel/UCF3rEszvE9AGlS0Mm6VwSNg,-10,badcase,游戏/摄影个人频道，和咖啡机推广缺乏场景匹配
4775,UCm2oXU_nAcLt7jfDExN_x8w,Unifying Lens,https://cn--xtb.noxinfluencer.com/youtube/channel/UCm2oXU_nAcLt7jfDExN_x8w,-10,badcase,深度新闻解说向，近期内容与家电推广无明显关联
4776,UCVPkjW_awPIHoBLzbF_0Psg,Guitar Cafe,https://cn--xtb.noxinfluencer.com/youtube/channel/UCVPkjW_awPIHoBLzbF_0Psg,-25,badcase,咖啡馆背景音乐频道，偏听觉氛围内容，不适合咖啡机推广
4777,UCt1ALOshjxDhoWL8b71_u-g,Gourmet Vegetarian Kitchen,https://cn--xtb.noxinfluencer.com/youtube/channel/UCt1ALOshjxDhoWL8b71_u-g,-7,badcase,素食烹饪频道仅有厨房场景弱相关，缺少咖啡机内容
4780,UCEo1yRc61xUfDZc2sZ8xXlA,Deano OutDoors,https://cn--xtb.noxinfluencer.com/youtube/channel/UCEo1yRc61xUfDZc2sZ8xXlA,-3,badcase,户外/车辆/营地内容为主，咖啡机推广关联弱
4781,UCUHRRDbX1huSOg3rUaff-eA,ViiLuxx Allison,https://cn--xtb.noxinfluencer.com/youtube/channel/UCUHRRDbX1huSOg3rUaff-eA,-10,badcase,美妆美发号，近期内容与咖啡机投放完全不匹配
4782,UC1TgP91memZiZaRn8wiXXwQ,SavvyExplorer,https://cn--xtb.noxinfluencer.com/youtube/channel/UC1TgP91memZiZaRn8wiXXwQ,-7,badcase,仅泛家居/数码弱相关，近期无咖啡机或咖啡设备内容
4784,UC2kZrwhk_-S6VjOpa1vtc0A,Bert's Custom Cuts,https://cn--xtb.noxinfluencer.com/youtube/channel/UC2kZrwhk_-S6VjOpa1vtc0A,-15,badcase,木材/伐木受众，与咖啡机投放明显不匹配
4787,UCuSw_AwH3L9H1aB07OHD35w,Stahls' TV™,https://cn--xtb.noxinfluencer.com/youtube/channel/UCuSw_AwH3L9H1aB07OHD35w,-10,badcase,内容集中在热压机和服装定制，咖啡机受众不符
4788,UCIlZpMGnNCaD12L8sJLTMcw,Jade Carroll,https://cn--xtb.noxinfluencer.com/youtube/channel/UCIlZpMGnNCaD12L8sJLTMcw,-7,badcase,以大学开箱购物为主，和咖啡机推广仅弱相关，近期内容也不匹配
4789,UC_GMWCSfWLs3pAUFAqbRtQg,Madi Beumee,https://cn--xtb.noxinfluencer.com/youtube/channel/UC_GMWCSfWLs3pAUFAqbRtQg,-10,badcase,生活vlog为主，缺乏咖啡机购买或测评信号，近10条基本不匹配
4790,UCY6hftKZiVjHkyepK8MXYaQ,Totally Hacks,https://cn--xtb.noxinfluencer.com/youtube/channel/UCY6hftKZiVjHkyepK8MXYaQ,-10,badcase,DIY技巧频道，内容偏电池/能源妙招，与咖啡机推广不匹配
4791,UCj12DgmEFLK5rgo4yk7r6FQ,Making Stuff And Breaking Stuff,https://cn--xtb.noxinfluencer.com/youtube/channel/UCj12DgmEFLK5rgo4yk7r6FQ,-8,badcase,工具测评频道但无咖啡机内容，近期宠物/枪械/杂项不匹配
4792,UC6i6Q4OXWlMRZIoDEVtLesA,Kandy,https://cn--xtb.noxinfluencer.com/youtube/channel/UC6i6Q4OXWlMRZIoDEVtLesA,-10,badcase,音乐说唱频道，与咖啡机推广无明显相关，近期内容也基本不匹配
4793,UCT6e73e0M6_YoGD_p77z_zQ,BRO COOLING,https://cn--xtb.noxinfluencer.com/youtube/channel/UCT6e73e0M6_YoGD_p77z_zQ,-9,badcase,PC装机频道，只有泛电子标签，近10条都与咖啡机无关
4794,UC6zhZ_b0U1vvTyv_ZzrT9lA,Guuleed Casaan,https://cn--xtb.noxinfluencer.com/youtube/channel/UC6zhZ_b0U1vvTyv_ZzrT9lA,-10,badcase,励志/故事类内容，和咖啡机推广无关，近10条全不匹配
4795,UCdYhOtl0sE_YUdjs-Oru8vw,Home Gym Hacks and Reviews,https://cn--xtb.noxinfluencer.com/youtube/channel/UCdYhOtl0sE_YUdjs-Oru8vw,-10,badcase,健身器材评测频道，品类完全不对口，近10条都不相关
4796,UC42CrzV0lYo_X0z0TTibMVA,Chelsea Devinn,https://cn--xtb.noxinfluencer.com/youtube/channel/UC42CrzV0lYo_X0z0TTibMVA,-8,badcase,杯具/生活方式频道，偏饮具而非咖啡机，近期内容也不匹配
4797,UCTwhEYa162t-5Ibm3C4suog,Alilo - Edutainment for Children,https://cn--xtb.noxinfluencer.com/youtube/channel/UCTwhEYa162t-5Ibm3C4suog,-25,badcase,儿童玩具频道，受众与咖啡机推广明显错位，近10条都不相关
4798,UCJ8nT06ID_Mu7IG0OogZzeA,Şuayip Alur,https://cn--xtb.noxinfluencer.com/youtube/channel/UCJ8nT06ID_Mu7IG0OogZzeA,-9,badcase,农机/车辆内容为主，和咖啡机推广场景不符
4799,UCmqeUCYjP9Ah29_32g6j6UQ,Nelly🩷,https://cn--xtb.noxinfluencer.com/youtube/channel/UCmqeUCYjP9Ah29_32g6j6UQ,-14,badcase,娱乐内容占主导，只有少量咖啡相关泛场景
4801,UC7rPd0v0ARDLSpvMFHULKyQ,MrRedd,https://cn--xtb.noxinfluencer.com/youtube/channel/UC7rPd0v0ARDLSpvMFHULKyQ,-25,badcase,MC游戏频道，受众和咖啡机完全错位
4802,UCPRKwvngnuOBUkvXn-FZvUQ,nikkolaus,https://cn--xtb.noxinfluencer.com/youtube/channel/UCPRKwvngnuOBUkvXn-FZvUQ,-25,badcase,3D打印加ASMR，格式和咖啡机促销明显不匹配
4803,UCxMH5e2wcbTKilP3FEJ4ECA,Gwen Peterson,https://cn--xtb.noxinfluencer.com/youtube/channel/UCxMH5e2wcbTKilP3FEJ4ECA,-10,badcase,减重美妆号，近期内容与咖啡机无关，缺少家电推广场景
4804,UClLbv9068KIgt2bDvNa64CQ,Lets Get Food Fit,https://cn--xtb.noxinfluencer.com/youtube/channel/UClLbv9068KIgt2bDvNa64CQ,-21,badcase,食饮+ASMR，缺少咖啡机测评/购买语境，偏饮品内容
4806,UCW7vcl1TX-_rpAO9zuTxn5A,MarvelousJarvis,https://cn--xtb.noxinfluencer.com/youtube/channel/UCW7vcl1TX-_rpAO9zuTxn5A,-20,badcase,娱乐整活号，叙事/搞笑内容与咖啡机推广明显不匹配
4807,UCYSsyF_bcsXoXoKYY0LkPMg,BlastOne International,https://cn--xtb.noxinfluencer.com/youtube/channel/UCYSsyF_bcsXoXoKYY0LkPMg,-15,badcase,工业爆破设备号，和家用咖啡机受众错位
4808,UCH4zVws67lz6IkxUKplugYw,UFOprinter.com,https://cn--xtb.noxinfluencer.com/youtube/channel/UCH4zVws67lz6IkxUKplugYw,-25,badcase,全是打印机内容，与咖啡机投放人群不相关
4809,UCaKTdfocE8oPaan2EhGbTfQ,LACOKA CLUB,https://cn--xtb.noxinfluencer.com/youtube/channel/UCaKTdfocE8oPaan2EhGbTfQ,-25,badcase,纯音乐娱乐频道，和咖啡机促销完全不匹配
4810,UCBUh6lHaiDN1BHWi0exCXhg,Kochi Asmr,https://cn--xtb.noxinfluencer.com/youtube/channel/UCBUh6lHaiDN1BHWi0exCXhg,-19,badcase,饮品ASMR频道，偏感官娱乐，不是咖啡机场景
4811,UCTFG_PeBqjz1zG1apCH8tVw,SandZ Academy,https://cn--xtb.noxinfluencer.com/youtube/channel/UCTFG_PeBqjz1zG1apCH8tVw,-10,badcase,儿童正向激励内容，和咖啡机投放场景不相关
4812,UCk9ZmwHOlO4qvtJgoeCbYGw,CEAS,https://cn--xtb.noxinfluencer.com/youtube/channel/UCk9ZmwHOlO4qvtJgoeCbYGw,-25,badcase,汽车诊断工具频道，和咖啡机受众/场景不匹配
4813,UCigMTGCn5wuIqVs0tl4jYdw,Magnetic IDEX 3D Printer,https://cn--xtb.noxinfluencer.com/youtube/channel/UCigMTGCn5wuIqVs0tl4jYdw,-10,badcase,3D打印技术频道，与咖啡机推广无关，最近10条全是打印机内容
4814,UC3AOYfv07ELt5iaMlTdxwkw,YiYue Cleaning Equipment,https://cn--xtb.noxinfluencer.com/youtube/channel/UC3AOYfv07ELt5iaMlTdxwkw,-25,badcase,工业除尘/B2B工厂频道，和咖啡机消费场景明显不符
4816,UCAldB-RCFiT-_tgpoLgyQBg,Ehjager Craft,https://cn--xtb.noxinfluencer.com/youtube/channel/UCAldB-RCFiT-_tgpoLgyQBg,-25,badcase,纸艺贴纸/脑洞娱乐向，内容形态和家电推广明显不匹配
4817,UCw8MvzJq7zyHEbTVXlo_dQA,Mr Skellex,https://cn--xtb.noxinfluencer.com/youtube/channel/UCw8MvzJq7zyHEbTVXlo_dQA,-10,badcase,无标签，最近内容是历史问答叙事，缺少产品推广相关信号
4818,UC9mrDyAw2EvsnFozzrxLrmQ,Joe's Classic Video Games,https://cn--xtb.noxinfluencer.com/youtube/channel/UC9mrDyAw2EvsnFozzrxLrmQ,-9,badcase,街机/弹珠台维修内容，和咖啡机推广无关
4819,UCn1BiRMQVYf0d1zLAdiO4BA,Body-Solid,https://cn--xtb.noxinfluencer.com/youtube/channel/UCn1BiRMQVYf0d1zLAdiO4BA,-10,badcase,健身器械频道，缺少厨房家电或咖啡设备受众
4820,UCobsryUu9qPVMA2SZD5T2NA,Bear Farm 4.0,https://cn--xtb.noxinfluencer.com/youtube/channel/UCobsryUu9qPVMA2SZD5T2NA,-25,badcase,动物动画儿童内容，和咖啡机推广明显不符
4822,UCnsLWp0FjAvUxQO4xUL1vzw,Adventures with Trina,https://cn--xtb.noxinfluencer.com/youtube/channel/UCnsLWp0FjAvUxQO4xUL1vzw,-9,badcase,车库/工具内容为主，和咖啡机类目关联弱
4823,UCbsyuuvG6MjpH_kkDNeJ1Ug,Midnight Lofi Streets,https://cn--xtb.noxinfluencer.com/youtube/channel/UCbsyuuvG6MjpH_kkDNeJ1Ug,-25,badcase,睡眠音乐频道，和咖啡机推广格式明显不匹配
4825,UCeGmk8jfHPsdN2VkJaQPHOQ,Rank Plug,https://cn--xtb.noxinfluencer.com/youtube/channel/UCeGmk8jfHPsdN2VkJaQPHOQ,-25,badcase,纯娱乐排行短视频，和咖啡机推广不匹配
4826,UCISm6OpzN60aaFnDwKyQXUA,James Albin,https://cn--xtb.noxinfluencer.com/youtube/channel/UCISm6OpzN60aaFnDwKyQXUA,-19,badcase,ASMR电路内容偏声音形式，缺少咖啡机购买评测
4827,UCjyb0373GQm68uvYqYF4f6g,Makify1,https://cn--xtb.noxinfluencer.com/youtube/channel/UCjyb0373GQm68uvYqYF4f6g,-7,badcase,DIY教程可泛用，但近10条与咖啡机推广关联弱
4828,UCzjiE8opj7d1uHTLr-3vj1A,Fab Academy,https://cn--xtb.noxinfluencer.com/youtube/channel/UCzjiE8opj7d1uHTLr-3vj1A,-10,badcase,制造教育频道，近期全是Fab Academy/机器设计内容，无咖啡机推广场景
4829,UC0vTNLOhX40zpKve_fRCmSw,Baby Bunny - Nursery Rhymes,https://cn--xtb.noxinfluencer.com/youtube/channel/UC0vTNLOhX40zpKve_fRCmSw,-25,badcase,儿童儿歌频道，受众和咖啡机完全不匹配，近期内容也无相关性
4830,UCOHOYjNtE44VgimvaCEfRyg,ʙᴜʙʙʟᴇ ʙᴇʀʀʏ 멜로디 🫧,https://cn--xtb.noxinfluencer.com/youtube/channel/UCOHOYjNtE44VgimvaCEfRyg,-20,badcase,纯音乐歌单频道，属于音频内容场景，与咖啡机促销形式错位
4831,UCHR-NrK-FjOKP0uTEnPetzQ,The Crafty Puerto Rican,https://cn--xtb.noxinfluencer.com/youtube/channel/UCHR-NrK-FjOKP0uTEnPetzQ,-10,badcase,缝纫刺绣教程频道，虽有机器内容但与咖啡机产品场景不匹配
4832,UCkeWfQvi4J-mlW7kq3iBg1w,Woosio,https://cn--xtb.noxinfluencer.com/youtube/channel/UCkeWfQvi4J-mlW7kq3iBg1w,-20,badcase,ASMR木工频道，强音频导向且非家电评测，咖啡机推广不合适
4833,UCDvi2K4nj1F2ZiJdxhHM4Fw,Rania Ismail,https://cn--xtb.noxinfluencer.com/youtube/channel/UCDvi2K4nj1F2ZiJdxhHM4Fw,-8,badcase,美食生活频道，无咖啡机评测/购买/设备使用语境，近期多不匹配
4834,UCsK_11YdqxuJ1QpY4QML8PA,InstaMom,https://cn--xtb.noxinfluencer.com/youtube/channel/UCsK_11YdqxuJ1QpY4QML8PA,-8,badcase,偏食谱和Instant Pot内容，无咖啡机评测或购买意图
4835,UCnosl_ZbT4Ioltce_xHXbvw,AS Business,https://cn--xtb.noxinfluencer.com/youtube/channel/UCnosl_ZbT4Ioltce_xHXbvw,-10,badcase,建筑/航海/农业/管道等主题与咖啡机推广几乎无关
4836,UCrn8x3zMNSkZ5GzQYKBW6Hg,delicious D'LITES,https://cn--xtb.noxinfluencer.com/youtube/channel/UCrn8x3zMNSkZ5GzQYKBW6Hg,-17,badcase,做菜频道为主，且带ASMR倾向，不适合咖啡机推广
4837,UCriAcRzynCfQDVkFt6UyEAQ,Cecilys Natural,https://cn--xtb.noxinfluencer.com/youtube/channel/UCriAcRzynCfQDVkFt6UyEAQ,-19,badcase,健康饮品内容与咖啡机仅有泛场景重叠，最近内容多为无关饮品
4840,UC9Ok7qdmzAn4Roasf04tg9A,Western Equipment,https://cn--xtb.noxinfluencer.com/youtube/channel/UC9Ok7qdmzAn4Roasf04tg9A,-20,badcase,农机维修频道，和咖啡机购买/推广场景差异很大
4841,UCfj_DtCnPpsXSDnuljjsJDg,papernroses,https://cn--xtb.noxinfluencer.com/youtube/channel/UCfj_DtCnPpsXSDnuljjsJDg,-10,badcase,数码/平板内容为主，缺少家电或咖啡场景信号
4842,UCtdlw5MrCrSIf-cDy6MOd_g,Mercanthony,https://cn--xtb.noxinfluencer.com/youtube/channel/UCtdlw5MrCrSIf-cDy6MOd_g,-25,badcase,娱乐游戏短视频为主，和咖啡机推广的购买场景不匹配
4843,UC896DJAHtIO6Tmhy7NGDcQA,Sloth Construction,https://cn--xtb.noxinfluencer.com/youtube/channel/UC896DJAHtIO6Tmhy7NGDcQA,-6,badcase,家装施工频道，仅有家居弱相关，和咖啡机推广场景不匹配
4844,UCA2BBDmhAsEIDR0P5x2dYfA,Tiny Kitchen,https://cn--xtb.noxinfluencer.com/youtube/channel/UCA2BBDmhAsEIDR0P5x2dYfA,-8,badcase,迷你料理娱乐号，厨房场景弱相关但不适合咖啡机推广
4846,UC5ZOhqHk_nB7OEE_dAkxP6A,Amazing HOT,https://cn--xtb.noxinfluencer.com/youtube/channel/UC5ZOhqHk_nB7OEE_dAkxP6A,-22,badcase,以爽感合集为主，偏娱乐消费而非商品推广场景
4847,UC5XlAxvZxXuUBy1_kXWU70g,jacuzziofficial,https://cn--xtb.noxinfluencer.com/youtube/channel/UC5XlAxvZxXuUBy1_kXWU70g,-8,badcase,热水浴缸品牌号，题材与咖啡机类目无关
4848,UCTtli6qMEb1-1XsczX8tJJQ,Road Trip 2027,https://cn--xtb.noxinfluencer.com/youtube/channel/UCTtli6qMEb1-1XsczX8tJJQ,-25,badcase,频道以音乐/汽车/娱乐为主，与咖啡机推广目标不符
4849,UCO2BSQNLVqCbVoYb9CpWyyA,Jazz Funk Smooth,https://cn--xtb.noxinfluencer.com/youtube/channel/UCO2BSQNLVqCbVoYb9CpWyyA,-30,badcase,音乐娱乐频道，最新内容均为爵士氛围曲，和咖啡机推广不符
4850,UCMES5Vf0iw7omia2GqpqHXw,Craft Swype POP Arabic,https://cn--xtb.noxinfluencer.com/youtube/channel/UCMES5Vf0iw7omia2GqpqHXw,-22,badcase,短剧娱乐和DIY为主，缺少咖啡机购买推广相关信号
4851,UC2GGFaQMNvz0wVbFH666T_Q,Yoolax Official Channel,https://cn--xtb.noxinfluencer.com/youtube/channel/UC2GGFaQMNvz0wVbFH666T_Q,0,badcase,频道聚焦智能窗帘安装与家居遮光，与咖啡机推广无关
4852,UC0LvAJV3LD64fFj7bH2XejQ,StarWater Energy,https://cn--xtb.noxinfluencer.com/youtube/channel/UC0LvAJV3LD64fFj7bH2XejQ,-22,badcase,以短内容/玄学新闻为主，近10条无咖啡机购买或评测场景
4853,UCtpdUcJ3jBHxbkgUzRHuReg,How To with Doc,https://cn--xtb.noxinfluencer.com/youtube/channel/UCtpdUcJ3jBHxbkgUzRHuReg,-18,badcase,频道以草坪护理和户外DIY为主，近期内容与咖啡机推广不匹配
4854,UCY4LbXMycLAgpuSlvonphjQ,Eternal Echoes,https://cn--xtb.noxinfluencer.com/youtube/channel/UCY4LbXMycLAgpuSlvonphjQ,-35,badcase,游戏/娱乐频道，内容和受众都不适合咖啡机推广
4855,UCYlLHxZs2uyK9-v__BTwJVg,Brando Monetti,https://cn--xtb.noxinfluencer.com/youtube/channel/UCYlLHxZs2uyK9-v__BTwJVg,-25,badcase,频道主打电商广告培训，非咖啡机评测或购买场景
4856,UCpjJZ-nFxO9V_Uv9is1HMDw,Lex Roman,https://cn--xtb.noxinfluencer.com/youtube/channel/UCpjJZ-nFxO9V_Uv9is1HMDw,-9,badcase,旅行/博客/生产力内容，和咖啡机推广只有很弱的场景交集
4857,UCqDUEbmrncB2pgDslAWNjVA,Rock Favorite,https://cn--xtb.noxinfluencer.com/youtube/channel/UCqDUEbmrncB2pgDslAWNjVA,-40,badcase,咖啡爵士是音乐频道，属于强格式错配，不适合卖咖啡机
4858,UC2DMdS4GCV8RkOd2o4NAtdg,Now That Is Dope,https://cn--xtb.noxinfluencer.com/youtube/channel/UC2DMdS4GCV8RkOd2o4NAtdg,-10,badcase,科技测评为主，近期内容与咖啡机无关，缺少购买语境
4859,UCR5c2ZGLZY2FFbxZuSxzzJg,AutomationDirect.com,https://cn--xtb.noxinfluencer.com/youtube/channel/UCR5c2ZGLZY2FFbxZuSxzzJg,-10,badcase,工业自动化频道，近期内容全是伺服/PLC，与咖啡机促销不相关
4860,UCu-puxYuiVwEg9Np56PFAIg,Pop Culture Living Room,https://cn--xtb.noxinfluencer.com/youtube/channel/UCu-puxYuiVwEg9Np56PFAIg,-20,badcase,玩具娱乐收藏向频道，近期全是展示内容，不适合咖啡机推广
4861,UCE1UlbBEVzHexUA9mYB7fCg,brooke darwin,https://cn--xtb.noxinfluencer.com/youtube/channel/UCE1UlbBEVzHexUA9mYB7fCg,-3,badcase,生活手作烘焙频道，仅弱场景重合，无咖啡机评测或购买意图
4862,UCKpVMjRE0m60lKCBWhIlo0A,Ham Radio 2.0,https://cn--xtb.noxinfluencer.com/youtube/channel/UCKpVMjRE0m60lKCBWhIlo0A,-10,badcase,近期内容全为业余无线电，和咖啡机推广无关
4863,UC6OX8i1muE5TzMv_LhZD3PA,Automation Ladies,https://cn--xtb.noxinfluencer.com/youtube/channel/UC6OX8i1muE5TzMv_LhZD3PA,-10,badcase,内容偏自动化/工程，和咖啡机推广无关
4864,UC87RvOaZfdXAEm3PUgt9Qzw,DecoNetwork TV,https://cn--xtb.noxinfluencer.com/youtube/channel/UC87RvOaZfdXAEm3PUgt9Qzw,-10,badcase,印刷/定制行业频道，与咖啡机带货不相关
4865,UCo-TJ1S14SiWwmwcjaL0-rQ,Over On The Wild Side,https://cn--xtb.noxinfluencer.com/youtube/channel/UCo-TJ1S14SiWwmwcjaL0-rQ,-10,badcase,野外生存内容为主，非咖啡机购买/测评场景
4866,UCsaKBO6Nctth7jP9TfsMucw,The AIR space,https://cn--xtb.noxinfluencer.com/youtube/channel/UCsaKBO6Nctth7jP9TfsMucw,-10,badcase,以喷笔教程和评测为主，不适合咖啡机推广
4867,UCkuc2Q_86-0yKUM9YRGN0WQ,Bryan's Hobbies,https://cn--xtb.noxinfluencer.com/youtube/channel/UCkuc2Q_86-0yKUM9YRGN0WQ,-10,badcase,模型手作频道与咖啡机产品推广无明显关联
4868,UChBcAHNRtI8DCmiXeWrgJKw,CrypticGearHQ,https://cn--xtb.noxinfluencer.com/youtube/channel/UChBcAHNRtI8DCmiXeWrgJKw,-2,badcase,无咖啡机相关标签，近期视频也偏工具杂项
4869,UCBNAZeQsGbFm2joS9c7JKgA,Fragout Design Studios,https://cn--xtb.noxinfluencer.com/youtube/channel/UCBNAZeQsGbFm2joS9c7JKgA,-10,badcase,艺术雕刻+枪械工作室，和咖啡机推广场景不符
4870,UCtYDJpk0ifmByat4fbQviDQ,Food to Live,https://cn--xtb.noxinfluencer.com/youtube/channel/UCtYDJpk0ifmByat4fbQviDQ,-7,badcase,食品食谱频道，仅弱场景相关，近期内容多非咖啡机推广语境
4871,UCvyy3XaiapmlGq4aaABwX4g,123 GO! YowzaSchool,https://cn--xtb.noxinfluencer.com/youtube/channel/UCvyy3XaiapmlGq4aaABwX4g,-20,badcase,挑战/魔术/娱乐短视频向，和咖啡机促销场景明显不匹配
4872,UCFEGPNpt-9sX6_vmPF3uriw,Mab Tech (ማብ ቴክ),https://cn--xtb.noxinfluencer.com/youtube/channel/UCFEGPNpt-9sX6_vmPF3uriw,-10,badcase,AI自动化频道，和咖啡机推广基本无关
4873,UC7hWEFDOuVk8f8WXXnmWV2A,Benteh STEAM Academy,https://cn--xtb.noxinfluencer.com/youtube/channel/UC7hWEFDOuVk8f8WXXnmWV2A,-10,badcase,STEAM教学内容，近10条均与咖啡机无关
4874,UCWBSji_dg5uJUfI25UEQIKw,Indigo Nashea,https://cn--xtb.noxinfluencer.com/youtube/channel/UCWBSji_dg5uJUfI25UEQIKw,-10,badcase,母婴生活号，内容与咖啡机推广无关
4875,UChdG9hezd9PCPjHPsiwvVFA,Robox Vapes,https://cn--xtb.noxinfluencer.com/youtube/channel/UChdG9hezd9PCPjHPsiwvVFA,-20,badcase,电子烟评测频道，受众与咖啡机明显错位
4876,UCBfNEzurltlIeFFCbUgHQyg,GLiNet,https://cn--xtb.noxinfluencer.com/youtube/channel/UCBfNEzurltlIeFFCbUgHQyg,-10,badcase,路由器科技号，和咖啡机无明确场景重叠
4877,UCN-VoY1O1RfsvujQRuk051A,Munchies By Mallory,https://cn--xtb.noxinfluencer.com/youtube/channel/UCN-VoY1O1RfsvujQRuk051A,-9,badcase,烘焙号仅有泛咖啡词，近10条无咖啡机内容
4878,UCM5-dQa3ndW9PfFKgniTA8w,BEANIE BOO PLANET,https://cn--xtb.noxinfluencer.com/youtube/channel/UCM5-dQa3ndW9PfFKgniTA8w,-25,badcase,玩偶/娱乐/furry频道，和咖啡机投放场景完全不符
4879,UCKDlRHqgdPjOjQq2HFW7VhA,MRN Bricks,https://cn--xtb.noxinfluencer.com/youtube/channel/UCKDlRHqgdPjOjQq2HFW7VhA,-19,badcase,频道主打弹珠机维修修复，与咖啡机推广场景不匹配
4880,UCjmFH45dXxLhrWCRm4pSSAA,Queen Bee Mixology,https://cn--xtb.noxinfluencer.com/youtube/channel/UCjmFH45dXxLhrWCRm4pSSAA,-10,badcase,鸡尾酒饮品频道，无咖啡机评测购买或使用场景
4881,UC9J3Tcnw4RvgEf_Ras_sFcQ,Neal Ochoa,https://cn--xtb.noxinfluencer.com/youtube/channel/UC9J3Tcnw4RvgEf_Ras_sFcQ,-10,badcase,标签偏科技开箱但近期全为航班视频，缺少咖啡机推广相关性
4883,UCzP8F0N907qnB1RnEJGMUpw,Sweeper3D,https://cn--xtb.noxinfluencer.com/youtube/channel/UCzP8F0N907qnB1RnEJGMUpw,-10,badcase,近10条全是Blender 3D动画内容，与咖啡机推广完全无关
4885,UCr5ItYAQKc4bCznr1r96pvg,TYTAX,https://cn--xtb.noxinfluencer.com/youtube/channel/UCr5ItYAQKc4bCznr1r96pvg,-10,badcase,近10条全是健身训练，频道受众与咖啡机推广不匹配
4886,UC8KAeqxB_-wSAZ5NaCcPMwQ,Lovely At Home,https://cn--xtb.noxinfluencer.com/youtube/channel/UC8KAeqxB_-wSAZ5NaCcPMwQ,-7,badcase,家居装饰/生活方式频道，仅弱场景重合，无咖啡机推广意图
4888,UC2l-nRhOqVXmg9fYXvC6Qgg,TechPro CNC,https://cn--xtb.noxinfluencer.com/youtube/channel/UC2l-nRhOqVXmg9fYXvC6Qgg,-20,badcase,工业CNC/激光加工频道，与咖啡机消费推广场景不匹配
4889,UCf4I4xJwON3MEamyyWvL8iQ,Syed Ryan Ahmed,https://cn--xtb.noxinfluencer.com/youtube/channel/UCf4I4xJwON3MEamyyWvL8iQ,-20,badcase,以游戏和AI内容为主，近期全是工具开发，非咖啡机受众
4890,UC8-kH0ItMZ2UGX9K1ojgxJw,Drift Kings USA,https://cn--xtb.noxinfluencer.com/youtube/channel/UC8-kH0ItMZ2UGX9K1ojgxJw,-25,badcase,游戏短视频频道，娱乐属性强，和咖啡机推广几乎无关
4891,UCsvxGuq6Dg-iI7VqCe8vmoQ,"Taco, Inc.",https://cn--xtb.noxinfluencer.com/youtube/channel/UCsvxGuq6Dg-iI7VqCe8vmoQ,-15,badcase,HVAC水力系统专业频道，B2B属性强，与咖啡机受众偏离
4892,UCyhijLi05M8lsKxYZXxQvcQ,SHIKO,https://cn--xtb.noxinfluencer.com/youtube/channel/UCyhijLi05M8lsKxYZXxQvcQ,-13,badcase,音乐type beat频道，内容偏创作娱乐，不适合咖啡机推广
4893,UCnmtaqbQMJylqPdNDwJjIzA,Ezlo Innovation,https://cn--xtb.noxinfluencer.com/youtube/channel/UCnmtaqbQMJylqPdNDwJjIzA,-5,badcase,智能家居泛相关，但近10条全是安防/恒温器，不适合咖啡机推广
4895,UCULhKAGkDyywblulA9cJb9g,Modern Combat Sports,https://cn--xtb.noxinfluencer.com/youtube/channel/UCULhKAGkDyywblulA9cJb9g,-15,badcase,主做paintball/airsoft战术内容，与咖啡机推广受众完全不匹配
4896,UCkC-6AMr7fsbvL4_gB3BkgA,NiNa Restore,https://cn--xtb.noxinfluencer.com/youtube/channel/UCkC-6AMr7fsbvL4_gB3BkgA,-5,badcase,修复频道偏笔记本，只有泛修复/教程相关，和咖啡机无关
4897,UChL9mMP_cMI5YxpjATFovug,Katie Mai,https://cn--xtb.noxinfluencer.com/youtube/channel/UChL9mMP_cMI5YxpjATFovug,-10,badcase,艺术vlog频道，受众和咖啡机推广场景都不匹配
4898,UCbvGz2iVy-V9ZHLLRh2vFWg,Jester Tester,https://cn--xtb.noxinfluencer.com/youtube/channel/UCbvGz2iVy-V9ZHLLRh2vFWg,-10,badcase,主内容是街机/游戏评测，近10条都不匹配咖啡机推广
4899,UCS4JvpF1nMWVac0-TG5RRnw,Ivaska Spieker,https://cn--xtb.noxinfluencer.com/youtube/channel/UCS4JvpF1nMWVac0-TG5RRnw,-25,badcase,频道以娱乐整蛊为主，近10条均无咖啡机相关内容，适合度低
4900,UC6Hir94YloZePcz98996LiA,Noony Shortz,https://cn--xtb.noxinfluencer.com/youtube/channel/UC6Hir94YloZePcz98996LiA,-10,badcase,近期10条内容均与咖啡机推广无关，且无任何相关标签
4901,UCMES5Vf0iw7omia2GqpqHXw,Craft Swype POP Arabic,https://cn--xtb.noxinfluencer.com/youtube/channel/UCMES5Vf0iw7omia2GqpqHXw,-25,badcase,以短剧情/娱乐为主，与咖啡机推广场景明显不符
4902,UCqDEwoclB5Btepxr6O9EkAQ,Qlik,https://cn--xtb.noxinfluencer.com/youtube/channel/UCqDEwoclB5Btepxr6O9EkAQ,-10,badcase,频道内容集中在数据分析/BI，与咖啡机推广无关，近期内容也全部不匹配
4903,UC2Zo7gdSwWbUgEZpAfryb1w,A0rta,https://cn--xtb.noxinfluencer.com/youtube/channel/UC2Zo7gdSwWbUgEZpAfryb1w,-35,badcase,音乐type beat频道，和咖啡机推广场景与受众都不符
4904,UCkPB_jvh4z8_5Qng0FBaA5g,HGTECH,https://cn--xtb.noxinfluencer.com/youtube/channel/UCkPB_jvh4z8_5Qng0FBaA5g,-15,badcase,工业激光制造号，和家用咖啡机推广相关性很低
4905,UCyXTXRzjyfQDileWo5C8DtQ,You Are Loved By Nisha B.,https://cn--xtb.noxinfluencer.com/youtube/channel/UCyXTXRzjyfQDileWo5C8DtQ,-9,badcase,仅有食物弱相关，近期内容多为美发/餐食短视频，无咖啡机推广语境
4906,UCb3js-Y4zfB7eM5XFb70ddg,Oxipital AI,https://cn--xtb.noxinfluencer.com/youtube/channel/UCb3js-Y4zfB7eM5XFb70ddg,-25,badcase,工业视觉AI/机器人检测号，缺少咖啡机购买或评测语境
4907,UCjBG4zPMX39LUdArnxHbtFg,Adventure Tech,https://cn--xtb.noxinfluencer.com/youtube/channel/UCjBG4zPMX39LUdArnxHbtFg,-25,badcase,顶层标签偏鲨鱼娱乐，近10条也无咖啡机相关，整体不适合推广
4908,UCNqMrzZG0wUBwrNepdprwVQ,Jana ♥ Hi-Fi,https://cn--xtb.noxinfluencer.com/youtube/channel/UCNqMrzZG0wUBwrNepdprwVQ,-8,badcase,高端音频频道，咖啡机无直接相关，近10条均为音响内容
4909,UCNkJsuH1R0SXjA8sc7U1Chw,The Bee Man,https://cn--xtb.noxinfluencer.com/youtube/channel/UCNkJsuH1R0SXjA8sc7U1Chw,-25,badcase,蜜蜂/黄蜂处理频道，与咖啡机推广无关，近期内容全不匹配
4910,UCINjWArRahF-MuiwWj2c0lA,VX-POWER,https://cn--xtb.noxinfluencer.com/youtube/channel/UCINjWArRahF-MuiwWj2c0lA,-10,badcase,健身按摩器推广频道，和咖啡机品类不相干，近期也都在推自家产品
4911,UCIwPxUr5IapGYZ0UFT-ns1w,TheCustomBoxes,https://cn--xtb.noxinfluencer.com/youtube/channel/UCIwPxUr5IapGYZ0UFT-ns1w,-10,badcase,B2B包装定制频道，不适合推广咖啡机，近期内容也都在讲包装
4912,UC0dObItqpaLv7CivLrKWjVA,Fireplace Ambience 4K,https://cn--xtb.noxinfluencer.com/youtube/channel/UC0dObItqpaLv7CivLrKWjVA,-35,badcase,纯氛围/白噪音频道，与咖啡机属于强格式不匹配
4913,UCklcs7H4v0FJrKLLrPZ0CyQ,Pure Romance,https://cn--xtb.noxinfluencer.com/youtube/channel/UCklcs7H4v0FJrKLLrPZ0CyQ,0,badcase,成人用品直播和咖啡机受众不符，近期内容也全不相关
4914,UCpRLG5tsoHsO48Cq39A_oIg,Kênh Sáng Tạo,https://cn--xtb.noxinfluencer.com/youtube/channel/UCpRLG5tsoHsO48Cq39A_oIg,-9,badcase,鸟宠DIY频道，只有泛化review，和咖啡机关联弱
4915,UCV_vLMqU1CA8IPQZRAE5Beg,Bearbait01,https://cn--xtb.noxinfluencer.com/youtube/channel/UCV_vLMqU1CA8IPQZRAE5Beg,-10,badcase,越野车/电锯内容，和咖啡机推广无关
4916,UCvGuAtD714jRysfZkae1xjA,Meelko,https://cn--xtb.noxinfluencer.com/youtube/channel/UCvGuAtD714jRysfZkae1xjA,-7,badcase,饲料颗粒机频道，泛科技标签多但咖啡机关联弱
4917,UCGTBKYE7n5Z8vRFym_wDvuw,LexoMC,https://cn--xtb.noxinfluencer.com/youtube/channel/UCGTBKYE7n5Z8vRFym_wDvuw,-10,badcase,纯Minecraft娱乐短视频，和咖啡机推广不相关
4918,UCRddnOfAkv3aYm3B-TDadsg,Geekazine,https://cn--xtb.noxinfluencer.com/youtube/channel/UCRddnOfAkv3aYm3B-TDadsg,-8,badcase,科技评测泛相关，但近期集中影视音频设备，缺少咖啡机购买评测信号
4919,UCNbhQxTNRgd0mfSImcaB_lg,IMAT,https://cn--xtb.noxinfluencer.com/youtube/channel/UCNbhQxTNRgd0mfSImcaB_lg,-9,badcase,PLC/自动化教程号，和咖啡机购买场景不匹配
4920,UCMcT1nnvvf68nUscUljDMQA,John Kurashi,https://cn--xtb.noxinfluencer.com/youtube/channel/UCMcT1nnvvf68nUscUljDMQA,-10,badcase,护发养发频道，咖啡相关标题也只是生发话题
4921,UC59D6jB8i40glL7ovv-zgJg,Knack Training,https://cn--xtb.noxinfluencer.com/youtube/channel/UC59D6jB8i40glL7ovv-zgJg,-9,badcase,办公软件教程号，缺少家电推广场景
4922,UCUw-0LfucF8JwpBQxAh_8vQ,Noah Savage,https://cn--xtb.noxinfluencer.com/youtube/channel/UCUw-0LfucF8JwpBQxAh_8vQ,-35,badcase,娱乐播客/喜剧频道，内容格式与产品推广强冲突
4923,UCOVv6Z0u1aHEgdYvGICRvhw,ScratchSquad,https://cn--xtb.noxinfluencer.com/youtube/channel/UCOVv6Z0u1aHEgdYvGICRvhw,-10,badcase,无咖啡机相关标签或内容，近期以泛DIY/工程视频为主，不适合推广咖啡机
4924,UCNqPg691qwUVQslcnCcWbWA,Lawn & Order Texas Edition,https://cn--xtb.noxinfluencer.com/youtube/channel/UCNqPg691qwUVQslcnCcWbWA,-10,badcase,频道以草坪护理和割草机评测为主，与咖啡机推广无关
4925,UCI8yrd3Ugj1Km0s0FGBT8AA,J.Racenstein Co,https://cn--xtb.noxinfluencer.com/youtube/channel/UCI8yrd3Ugj1Km0s0FGBT8AA,-10,badcase,清洁工具频道，近期内容全是清洗设备，与咖啡机推广无关
4926,UCtTKPacKv--bF8-AlBLld2w,PrettyCashTV,https://cn--xtb.noxinfluencer.com/youtube/channel/UCtTKPacKv--bF8-AlBLld2w,-9,badcase,生活方式频道，近10条几乎全不涉及咖啡机，缺少购买或测评意图
4927,UCgTKp-FzyaK71IqR4l1rNNA,Drinks Made Easy,https://cn--xtb.noxinfluencer.com/youtube/channel/UCgTKp-FzyaK71IqR4l1rNNA,-8,badcase,以鸡尾酒配方为主，缺少咖啡机评测/购买/使用场景，近期内容也不匹配
4928,UCjJlXCvnQ2uMGPyzRYOyZzQ,IKROMBEK  UZ,https://cn--xtb.noxinfluencer.com/youtube/channel/UCjJlXCvnQ2uMGPyzRYOyZzQ,-10,badcase,标签多为生活娱乐，与咖啡机无关，近10条均不匹配。
4929,UCCQsxghGcSyzpDqAP3c50ig,HP Graphic Arts,https://cn--xtb.noxinfluencer.com/youtube/channel/UCCQsxghGcSyzpDqAP3c50ig,-10,badcase,偏B2B印刷设备内容，与家用咖啡机推广场景不符，近10条无匹配。
4930,UCLWUArPJgR52ftFLjdj-j2w,D’Angelo Fisher,https://cn--xtb.noxinfluencer.com/youtube/channel/UCLWUArPJgR52ftFLjdj-j2w,-19,badcase,游戏/手机科技频道，无咖啡机或咖啡设备推广语境
4932,UCO9-djp69ggWOirB3jhjjpw,Rosy,https://cn--xtb.noxinfluencer.com/youtube/channel/UCO9-djp69ggWOirB3jhjjpw,-30,badcase,娱乐短视频为主，题材与家用咖啡机推广明显不符。
4933,UCG36xpCrDW_hnTu0f9e0OPg,oliviamade,https://cn--xtb.noxinfluencer.com/youtube/channel/UCG36xpCrDW_hnTu0f9e0OPg,-10,badcase,手工缝纫频道，与咖啡机推广场景不匹配
4934,UCcQab3vkpfI7s4u7gubuiqA,Whyte Foxx Media,https://cn--xtb.noxinfluencer.com/youtube/channel/UCcQab3vkpfI7s4u7gubuiqA,-7,badcase,仅有食品/商业弱相关，近期内容偏娱乐和果汁，缺少咖啡机推广语境
4935,UC45T0I4p7A3dI0XvhivafZQ,Luma,https://cn--xtb.noxinfluencer.com/youtube/channel/UC45T0I4p7A3dI0XvhivafZQ,-7,badcase,AI视频制作频道，缺少咖啡机评测或购买意图内容
4936,UCYxQqWNVTM0GbQ6r3rn78lg,Expertise Items,https://cn--xtb.noxinfluencer.com/youtube/channel/UCYxQqWNVTM0GbQ6r3rn78lg,-10,badcase,农业工具内容，和家用咖啡机受众不一致
4937,UCIe3uHbQU-vaLn2gsuEmH-w,Mironshokh Nurullayev,https://cn--xtb.noxinfluencer.com/youtube/channel/UCIe3uHbQU-vaLn2gsuEmH-w,-9,badcase,健康饮食垂类，缺少咖啡机购买或使用语境
4938,UCKcsXrVrZIR5deyjneldmcg,𝕐𝔸𝕋 ℙℂ 𝕆𝕗𝕗𝕚𝕔𝕚𝕒𝕝,https://cn--xtb.noxinfluencer.com/youtube/channel/UCKcsXrVrZIR5deyjneldmcg,-10,badcase,频道以 remix 和 MacBook 排错为主，近10条全无咖啡机相关
4939,UCBGbrL7Ynr9ZEacg1x9KWfQ,BaBy Naa,https://cn--xtb.noxinfluencer.com/youtube/channel/UCBGbrL7Ynr9ZEacg1x9KWfQ,-25,badcase,ASMR 声效/放松向，属于咖啡机的强格式不匹配
4940,UCEZH226d0H5UNMlGo8ozWvA,Bakoh Channel,https://cn--xtb.noxinfluencer.com/youtube/channel/UCEZH226d0H5UNMlGo8ozWvA,-20,badcase,动漫娱乐为主，夹杂少量商品卖货，和咖啡机受众不匹配
4941,UClbvHxGrjMU3M39PwzRXuKw,Braden,https://cn--xtb.noxinfluencer.com/youtube/channel/UClbvHxGrjMU3M39PwzRXuKw,-9,badcase,3D 打印/游戏创作向，近10条全是创作内容，和咖啡机无关
4942,UC3dc-rblU34e6AhSWHInPMg,Milwaukee Tool,https://cn--xtb.noxinfluencer.com/youtube/channel/UC3dc-rblU34e6AhSWHInPMg,-9,badcase,工具测评频道，内容聚焦 Milwaukee 工具，非咖啡机场景
4943,UCnDFZnz7b5E3bz82IhE2jvQ,Deeply Lofi Chill,https://cn--xtb.noxinfluencer.com/youtube/channel/UCnDFZnz7b5E3bz82IhE2jvQ,-25,badcase,Lofi/氛围音乐型频道，偏放松听感，不适合咖啡机这类实体商品推广
4944,UCRBCKdTHWMEfWf8ZmHv5rYQ,Sunnyslopes,https://cn--xtb.noxinfluencer.com/youtube/channel/UCRBCKdTHWMEfWf8ZmHv5rYQ,-10,badcase,旅行自然生活混合内容，近期无咖啡机评测、选购或使用场景
4945,UCSA1vlO_zk7LFXFdtLe5G5g,Powder River,https://cn--xtb.noxinfluencer.com/youtube/channel/UCSA1vlO_zk7LFXFdtLe5G5g,-25,badcase,牛牧场设备频道，受众与咖啡机消费推广场景明显不符
4946,UCceCsMCnWcyOF1_1cQ0POxg,MarkJonesRanger,https://cn--xtb.noxinfluencer.com/youtube/channel/UCceCsMCnWcyOF1_1cQ0POxg,-10,badcase,木工/CNC/DIY 为主，近期也无咖啡机相关评测或购买信号
4947,UCVbBRyb-MkXhoCyHXBgU2wg,peslaserwelding,https://cn--xtb.noxinfluencer.com/youtube/channel/UCVbBRyb-MkXhoCyHXBgU2wg,-25,badcase,工业激光焊接频道，内容与咖啡机消费推广场景不匹配
4948,UCzT_Rj36cZjqkxJKz4iONtQ,Cover6 Solutions,https://cn--xtb.noxinfluencer.com/youtube/channel/UCzT_Rj36cZjqkxJKz4iONtQ,-10,badcase,网络安全频道，近期内容全是证书/防护，不适合咖啡机推广
4949,UCgScfeqeoY9q6D8qPTORu6A,Titi summer vlog,https://cn--xtb.noxinfluencer.com/youtube/channel/UCgScfeqeoY9q6D8qPTORu6A,-4,badcase,偏美食美发生活内容，无咖啡机评测或购买意图
4950,UCjWB4bLq_o46KjKweu31AJw,dripmode,https://cn--xtb.noxinfluencer.com/youtube/channel/UCjWB4bLq_o46KjKweu31AJw,-10,badcase,手办/场景制作频道，和咖啡机促销无关
4951,UCkPB_jvh4z8_5Qng0FBaA5g,HGTECH,https://cn--xtb.noxinfluencer.com/youtube/channel/UCkPB_jvh4z8_5Qng0FBaA5g,-10,badcase,工业激光设备频道，受众是制造业，不适合咖啡机推广
4952,UC4fq5ETa0dGw4IszOtr4NIA,Sarah Beth Luciano,https://cn--xtb.noxinfluencer.com/youtube/channel/UC4fq5ETa0dGw4IszOtr4NIA,-25,badcase,喜剧短视频频道，娱乐属性强，和家电促销严重错位
4953,UCyXTXRzjyfQDileWo5C8DtQ,You Are Loved By Nisha B.,https://cn--xtb.noxinfluencer.com/youtube/channel/UCyXTXRzjyfQDileWo5C8DtQ,-24,badcase,频道以美发和泛食物内容为主，缺少咖啡机评测或购买意图
4954,UCb3js-Y4zfB7eM5XFb70ddg,Oxipital AI,https://cn--xtb.noxinfluencer.com/youtube/channel/UCb3js-Y4zfB7eM5XFb70ddg,-10,badcase,工业视觉/机器人频道，和家用咖啡机推广场景不符
4955,UCjBG4zPMX39LUdArnxHbtFg,Adventure Tech,https://cn--xtb.noxinfluencer.com/youtube/channel/UCjBG4zPMX39LUdArnxHbtFg,-25,badcase,无咖啡机相关信号，频道标签偏鲨鱼娱乐，近期多为能源设备评测
4956,UCgnK_D1TPTfCxnl-cKGD2Tg,Always in Stitches,https://cn--xtb.noxinfluencer.com/youtube/channel/UCgnK_D1TPTfCxnl-cKGD2Tg,-10,badcase,缝纫手作频道，缺少厨房家电或咖啡设备受众
4957,UC6A1gP4IIjfspVPDTlDQC6w,Tatianna Amani,https://cn--xtb.noxinfluencer.com/youtube/channel/UC6A1gP4IIjfspVPDTlDQC6w,-10,badcase,美妆发型生活 vlog 频道，无咖啡机评测或购买意图内容
4958,UCG7tUxHyLQJKzoFPwNZlO3A,Mamas Top Ten Favorites,https://cn--xtb.noxinfluencer.com/youtube/channel/UCG7tUxHyLQJKzoFPwNZlO3A,-9,badcase,生活清单频道，无咖啡机与购买信号
4959,UCamiTi_dxGU7Bo6YM0P5Prw,The Proton Pack Is Not A Toy,https://cn--xtb.noxinfluencer.com/youtube/channel/UCamiTi_dxGU7Bo6YM0P5Prw,-20,badcase,鬼怪手办圈层，测评格式不匹配咖啡机推广
4960,UCNkJsuH1R0SXjA8sc7U1Chw,The Bee Man,https://cn--xtb.noxinfluencer.com/youtube/channel/UCNkJsuH1R0SXjA8sc7U1Chw,-25,badcase,野外除蜂内容，与咖啡机受众完全不相关
4961,UCIwPxUr5IapGYZ0UFT-ns1w,TheCustomBoxes,https://cn--xtb.noxinfluencer.com/youtube/channel/UCIwPxUr5IapGYZ0UFT-ns1w,-25,badcase,B2B包装设计频道，非咖啡机消费受众
4962,UC0dObItqpaLv7CivLrKWjVA,Fireplace Ambience 4K,https://cn--xtb.noxinfluencer.com/youtube/channel/UC0dObItqpaLv7CivLrKWjVA,-25,badcase,纯氛围睡眠音频，典型产品推广不适配
4963,UCklcs7H4v0FJrKLLrPZ0CyQ,Pure Romance,https://cn--xtb.noxinfluencer.com/youtube/channel/UCklcs7H4v0FJrKLLrPZ0CyQ,-20,badcase,成人玩具频道，和咖啡机受众/品类明显不符
4964,UCx1YWGRba9_26LR2hwgmZHw,Uponor North America,https://cn--xtb.noxinfluencer.com/youtube/channel/UCx1YWGRba9_26LR2hwgmZHw,-10,badcase,管道/建筑安装频道，与咖啡机推广场景不匹配
4965,UCepecuejtz08zIcjYAXSdLw,theC47,https://cn--xtb.noxinfluencer.com/youtube/channel/UCepecuejtz08zIcjYAXSdLw,-15,badcase,视频制作器材频道，非咖啡机购买人群
4967,UCpRLG5tsoHsO48Cq39A_oIg,Kênh Sáng Tạo,https://cn--xtb.noxinfluencer.com/youtube/channel/UCpRLG5tsoHsO48Cq39A_oIg,-25,badcase,鸟鱼宠物内容为主，和人用咖啡机完全不符
4968,UCV_vLMqU1CA8IPQZRAE5Beg,Bearbait01,https://cn--xtb.noxinfluencer.com/youtube/channel/UCV_vLMqU1CA8IPQZRAE5Beg,-10,badcase,汽车改装/链锯内容，近10条全偏题，和咖啡机推广无关
4969,UCvGuAtD714jRysfZkae1xjA,Meelko,https://cn--xtb.noxinfluencer.com/youtube/channel/UCvGuAtD714jRysfZkae1xjA,-7,badcase,工业造粒机与宠物饲料号，偏B端设备，不适合咖啡机种草
4970,UCGTBKYE7n5Z8vRFym_wDvuw,LexoMC,https://cn--xtb.noxinfluencer.com/youtube/channel/UCGTBKYE7n5Z8vRFym_wDvuw,-10,badcase,Minecraft娱乐号，最近全是游戏短片，和咖啡机无关
4971,UCrsafFp0zsaknZWVvM8CQxw,TorkStrap,https://cn--xtb.noxinfluencer.com/youtube/channel/UCrsafFp0zsaknZWVvM8CQxw,-25,badcase,绑带/货运工具频道，与咖啡机推广场景不匹配
4972,UCPo7CKRiDGn4h-H0RK5JdfA,TheSoul Music,https://cn--xtb.noxinfluencer.com/youtube/channel/UCPo7CKRiDGn4h-H0RK5JdfA,-25,badcase,纯喜剧娱乐号，内容格式不适合家电种草，明显不匹配
4973,UCNbhQxTNRgd0mfSImcaB_lg,IMAT,https://cn--xtb.noxinfluencer.com/youtube/channel/UCNbhQxTNRgd0mfSImcaB_lg,-10,badcase,PLC/软件教学频道，近期视频全不相关，缺少咖啡机推广场景
4974,UCrHATgLwnb4SnJrbYMguSWw,Tin Toys ASMR,https://cn--xtb.noxinfluencer.com/youtube/channel/UCrHATgLwnb4SnJrbYMguSWw,-35,badcase,玩具ASMR拆箱频道，主题与咖啡机推广强不匹配，近10条全不相关
4975,UCCGUYCbUe-0JsAnXsgdpmkQ,Thrill and Wonder,https://cn--xtb.noxinfluencer.com/youtube/channel/UCCGUYCbUe-0JsAnXsgdpmkQ,-25,badcase,娱乐短视频频道，近10条均无咖啡机相关购买或评测信号
4976,UCEKwkR9xuKx2qmPC7JeDidw,Zenarios,https://cn--xtb.noxinfluencer.com/youtube/channel/UCEKwkR9xuKx2qmPC7JeDidw,-25,badcase,以娱乐/感官场景为主，近期内容全不相关，不适合咖啡机推广
4977,UCOVv6Z0u1aHEgdYvGICRvhw,ScratchSquad,https://cn--xtb.noxinfluencer.com/youtube/channel/UCOVv6Z0u1aHEgdYvGICRvhw,-20,badcase,近期内容与咖啡机推广无关，偏杂项/娱乐向，缺少评测购买信号
4978,UCNqPg691qwUVQslcnCcWbWA,Lawn & Order Texas Edition,https://cn--xtb.noxinfluencer.com/youtube/channel/UCNqPg691qwUVQslcnCcWbWA,-10,badcase,草坪割草机频道，和咖啡机推广无关
4979,UC9uqERV0BOFuwZgZGGWvMnA,Lion_TypeBeat,https://cn--xtb.noxinfluencer.com/youtube/channel/UC9uqERV0BOFuwZgZGGWvMnA,-20,badcase,娱乐梗视频频道，和咖啡机推广不匹配
4980,UCI8yrd3Ugj1Km0s0FGBT8AA,J.Racenstein Co,https://cn--xtb.noxinfluencer.com/youtube/channel/UCI8yrd3Ugj1Km0s0FGBT8AA,-8,badcase,清洁设备频道，只有很弱的家居泛相关
4981,UCtTKPacKv--bF8-AlBLld2w,PrettyCashTV,https://cn--xtb.noxinfluencer.com/youtube/channel/UCtTKPacKv--bF8-AlBLld2w,-6,badcase,生活旅行美食泛内容，无咖啡机评测或购买意图，近期多不匹配
4982,UCgTKp-FzyaK71IqR4l1rNNA,Drinks Made Easy,https://cn--xtb.noxinfluencer.com/youtube/channel/UCgTKp-FzyaK71IqR4l1rNNA,-8,badcase,鸡尾酒制作频道，缺少咖啡机评测/购买/设备使用内容
4983,UCCQsxghGcSyzpDqAP3c50ig,HP Graphic Arts,https://cn--xtb.noxinfluencer.com/youtube/channel/UCCQsxghGcSyzpDqAP3c50ig,-10,badcase,打印设备频道，和咖啡机无关，近10条内容全不匹配
4984,UCO9-djp69ggWOirB3jhjjpw,Rosy,https://cn--xtb.noxinfluencer.com/youtube/channel/UCO9-djp69ggWOirB3jhjjpw,-25,badcase,娱乐短视频频道，内容偏恶搞和婴儿哭闹，不适合咖啡机推广
4985,UCG36xpCrDW_hnTu0f9e0OPg,oliviamade,https://cn--xtb.noxinfluencer.com/youtube/channel/UCG36xpCrDW_hnTu0f9e0OPg,-9,badcase,缝纫手作频道，只有DIY泛相关，近10条都不匹配
4986,UCK2CF04acK6T99agIQUyZog,Prod by Snoofy,https://cn--xtb.noxinfluencer.com/youtube/channel/UCK2CF04acK6T99agIQUyZog,-10,badcase,音乐制作为主，和咖啡机推广无关，近10条内容全不匹配
4987,UCIe3uHbQU-vaLn2gsuEmH-w,Mironshokh Nurullayev,https://cn--xtb.noxinfluencer.com/youtube/channel/UCIe3uHbQU-vaLn2gsuEmH-w,-10,badcase,健康饮食频道，主题与咖啡机推广不相符，近10条全偏题
4988,UCBGbrL7Ynr9ZEacg1x9KWfQ,BaBy Naa,https://cn--xtb.noxinfluencer.com/youtube/channel/UCBGbrL7Ynr9ZEacg1x9KWfQ,-25,badcase,ASMR音效型频道，主打放松/满足感，和咖啡机推广格式严重错配
4989,UCVZTLC3D1ILO8q1TmRO6K4g,NIROB FACTS,https://cn--xtb.noxinfluencer.com/youtube/channel/UCVZTLC3D1ILO8q1TmRO6K4g,-3,badcase,有少量科技/器材向内容，但主体是赚钱和搞笑，咖啡机推广相关性弱
4991,UClbvHxGrjMU3M39PwzRXuKw,Braden,https://cn--xtb.noxinfluencer.com/youtube/channel/UClbvHxGrjMU3M39PwzRXuKw,-9,badcase,Maker/3D打印频道与咖啡机仅有很弱的生活方式交集，近期内容也不对题
4992,UC5WkuvyW0793sbQhenvAufA,Dream Garden | Playground Manufacturer,https://cn--xtb.noxinfluencer.com/youtube/channel/UC5WkuvyW0793sbQhenvAufA,-25,badcase,儿童游乐场制造频道，行业和受众都与咖啡机推广明显不匹配
4993,UCnDFZnz7b5E3bz82IhE2jvQ,Deeply Lofi Chill,https://cn--xtb.noxinfluencer.com/youtube/channel/UCnDFZnz7b5E3bz82IhE2jvQ,-22,badcase,纯Lofi氛围频道，且与咖啡机推广格式强烈不匹配
4994,UCS1JK0wbX7TTM8Y_E6N3pTw,Ana Cisneros,https://cn--xtb.noxinfluencer.com/youtube/channel/UCS1JK0wbX7TTM8Y_E6N3pTw,-10,badcase,频道以食谱家常菜为主，无咖啡机评测或购买意图内容
4995,UCgwYLFkbFnY76vg2kFsd0wg,Shaxboz Vlogs,https://cn--xtb.noxinfluencer.com/youtube/channel/UCgwYLFkbFnY76vg2kFsd0wg,-10,badcase,旅行Vlog为主，和咖啡机推广基本无关
4996,UCbLKicqP3EDv-F8stObCJyA,BVA REVIEWS,https://cn--xtb.noxinfluencer.com/youtube/channel/UCbLKicqP3EDv-F8stObCJyA,-27,badcase,Vape+ASMR频道，品类与咖啡机推广明显不符
4997,UCRBCKdTHWMEfWf8ZmHv5rYQ,Sunnyslopes,https://cn--xtb.noxinfluencer.com/youtube/channel/UCRBCKdTHWMEfWf8ZmHv5rYQ,-10,badcase,旅行自然频道，近期内容整体与咖啡机无关
4998,UCv6bA2FHQhi4yzSnDo1TXAg,Anker SOLIX,https://cn--xtb.noxinfluencer.com/youtube/channel/UCv6bA2FHQhi4yzSnDo1TXAg,-10,badcase,太阳能/露营频道，和咖啡机投放场景不匹配，近期内容也无关
4999,UCp_UzhNQJshRMCECdmaDiCw,Must Or Bust,https://cn--xtb.noxinfluencer.com/youtube/channel/UCp_UzhNQJshRMCECdmaDiCw,-8,badcase,以食品饮品测评为主，非咖啡机购买/测试/设备内容
5000,UCOku8gwyNg-nd5YItls2e6Q,60 Second Comedy,https://cn--xtb.noxinfluencer.com/youtube/channel/UCOku8gwyNg-nd5YItls2e6Q,-20,badcase,纯短内容娱乐/满足感视频，没有产品评测或购买语境，不适合咖啡机投放
5001,UCcLEWUVAz-aqe3JGh5cqk0g,"Bulldog Services, LLC",https://cn--xtb.noxinfluencer.com/youtube/channel/UCcLEWUVAz-aqe3JGh5cqk0g,-10,badcase,工程吊装服务频道，受众和咖啡机投放场景不搭，近期内容也不相关
5002,UCX1o46WCAXbWHtJ3VuNmE3A,The Dreamhouse Project,https://cn--xtb.noxinfluencer.com/youtube/channel/UCX1o46WCAXbWHtJ3VuNmE3A,-25,badcase,氛围感/梦幻场景内容为主，属于格式错配，典型咖啡机投放 badcase
5003,UC92g7L8zV0_o1eQo9ezYDKA,Taylor Lynn Crochet,https://cn--xtb.noxinfluencer.com/youtube/channel/UC92g7L8zV0_o1eQo9ezYDKA,-10,badcase,手工/激光切割频道，近期全是手工教程，和咖啡机投放不符
5004,UClcrW6wYiMxEHXXf3JJry9Q,Sandjest Gifts,https://cn--xtb.noxinfluencer.com/youtube/channel/UClcrW6wYiMxEHXXf3JJry9Q,-25,badcase,礼物/ASMR频道，近期都是水杯和开箱内容，缺少咖啡机评测或购买意图
5005,UChz5-7yNG4YtPWS5ktYkEsQ,Smitha Katti,https://cn--xtb.noxinfluencer.com/youtube/channel/UChz5-7yNG4YtPWS5ktYkEsQ,-10,badcase,纯手工编织/绘画频道，最近内容与咖啡机完全无关
5006,UCTqc4CVRJbweScDRAieTvSg,Zendure,https://cn--xtb.noxinfluencer.com/youtube/channel/UCTqc4CVRJbweScDRAieTvSg,-10,badcase,储能/太阳能频道，近期都是装机发布，不是咖啡机受众
5007,UC6muttgpTEfnQmlN6MPunDw,Bassguitarist1985,https://cn--xtb.noxinfluencer.com/youtube/channel/UC6muttgpTEfnQmlN6MPunDw,-15,badcase,贝斯音乐频道，内容与咖啡机推广场景不匹配
5008,UCQmfyk54qcTl-K-uwLUqIBQ,Yafipi Nadizo,https://cn--xtb.noxinfluencer.com/youtube/channel/UCQmfyk54qcTl-K-uwLUqIBQ,-9,badcase,家居DIY工具向，和咖啡机推广只有很弱的家居场景重叠
5009,UCOtx1jpeog2uQmQ-h9vKhJw,PigLovesMouse,https://cn--xtb.noxinfluencer.com/youtube/channel/UCOtx1jpeog2uQmQ-h9vKhJw,-9,badcase,以手工玩偶为主，和咖啡机受众与内容场景都不匹配
5010,UCa1fur6jXdmR_xPzJDzv_fA,Scantron5k,https://cn--xtb.noxinfluencer.com/youtube/channel/UCa1fur6jXdmR_xPzJDzv_fA,-5,badcase,有产品评测意图，但主体是游戏和娱乐内容，近期也不支持咖啡机推广
5013,UC0LvAJV3LD64fFj7bH2XejQ,StarWater Energy,https://cn--xtb.noxinfluencer.com/youtube/channel/UC0LvAJV3LD64fFj7bH2XejQ,-10,badcase,灵性/新闻杂谈频道，近期内容与咖啡机购买推广几乎无关
5014,UCtpdUcJ3jBHxbkgUzRHuReg,How To with Doc,https://cn--xtb.noxinfluencer.com/youtube/channel/UCtpdUcJ3jBHxbkgUzRHuReg,-8,badcase,割草园艺频道，只有泛生活标签，近期内容与咖啡机不匹配
5015,UCY4LbXMycLAgpuSlvonphjQ,Eternal Echoes,https://cn--xtb.noxinfluencer.com/youtube/channel/UCY4LbXMycLAgpuSlvonphjQ,-21,badcase,放松音乐与食品内容为主，咖啡多是氛围词，不适合咖啡机推广
5016,UCO7N0hWNZuqFHL-a2dIUqcg,Gadget Garage,https://cn--xtb.noxinfluencer.com/youtube/channel/UCO7N0hWNZuqFHL-a2dIUqcg,-4,badcase,无咖啡机相关证据，近期偏泛数码/清洁ASMR短视频
5018,UCOokGjse9X2QQITiNHmDwig,Wild Processes,https://cn--xtb.noxinfluencer.com/youtube/channel/UCOokGjse9X2QQITiNHmDwig,-35,badcase,工业木材加工ASMR频道，与咖啡机推广场景不符，近10条全不相关
5019,UCFCTj3PvjUa64sObmq19hbQ,It's icy Customs,https://cn--xtb.noxinfluencer.com/youtube/channel/UCFCTj3PvjUa64sObmq19hbQ,-25,badcase,车/游戏为主，和咖啡机推广无关，近10条也全是汽车内容
5020,UCu-puxYuiVwEg9Np56PFAIg,Pop Culture Living Room,https://cn--xtb.noxinfluencer.com/youtube/channel/UCu-puxYuiVwEg9Np56PFAIg,-25,badcase,频道以玩具/娱乐为主，与咖啡机推广场景明显不符
5021,UCWZ49MtAFPqPsYq1Lct32pQ,Cozy Jazz Seasons,https://cn--xtb.noxinfluencer.com/youtube/channel/UCWZ49MtAFPqPsYq1Lct32pQ,-25,badcase,音乐氛围频道，缺少评测/购买/使用内容，和咖啡机推广不匹配
5022,UCKpVMjRE0m60lKCBWhIlo0A,Ham Radio 2.0,https://cn--xtb.noxinfluencer.com/youtube/channel/UCKpVMjRE0m60lKCBWhIlo0A,-25,badcase,无线电频道，近期内容全是业余电台，与咖啡机推广完全不相关
5023,UC6OX8i1muE5TzMv_LhZD3PA,Automation Ladies,https://cn--xtb.noxinfluencer.com/youtube/channel/UC6OX8i1muE5TzMv_LhZD3PA,-10,badcase,偏自动化/机器人内容，和咖啡机推广无关
5024,UCnujCLJOt4r9B69VBU4DyDQ,Anna | Honey Whipped Feta,https://cn--xtb.noxinfluencer.com/youtube/channel/UCnujCLJOt4r9B69VBU4DyDQ,-10,badcase,时尚美妆生活号，受众与咖啡机购买无关
5025,UC87RvOaZfdXAEm3PUgt9Qzw,DecoNetwork TV,https://cn--xtb.noxinfluencer.com/youtube/channel/UC87RvOaZfdXAEm3PUgt9Qzw,-10,badcase,印刷设备/定制行业号，和咖啡机类目不匹配
5026,UCo-TJ1S14SiWwmwcjaL0-rQ,Over On The Wild Side,https://cn--xtb.noxinfluencer.com/youtube/channel/UCo-TJ1S14SiWwmwcjaL0-rQ,-10,badcase,户外求生号，仅有泛场景，缺少咖啡机推广意图
5027,UCNXKOn8IL3XgK3T1_cPATew,Hans Moore,https://cn--xtb.noxinfluencer.com/youtube/channel/UCNXKOn8IL3XgK3T1_cPATew,-10,badcase,美妆为主且内容杂项，和咖啡机推广相关性弱
5028,UCYWeV_c4OkNwUAlRt_lc5lg,F409J,https://cn--xtb.noxinfluencer.com/youtube/channel/UCYWeV_c4OkNwUAlRt_lc5lg,-8,badcase,农耕内容为主，近期全是农业场景，与咖啡机推广不匹配
5029,UCsaKBO6Nctth7jP9TfsMucw,The AIR space,https://cn--xtb.noxinfluencer.com/youtube/channel/UCsaKBO6Nctth7jP9TfsMucw,-9,badcase,喷笔评测与教学频道，近期全是喷笔工具内容，和咖啡机无关
5030,UCp36qSh-cGCwe1SP-skXcbA,Jason Sipe,https://cn--xtb.noxinfluencer.com/youtube/channel/UCp36qSh-cGCwe1SP-skXcbA,-9,badcase,DIY家装向频道，近期多为工具和修复内容，咖啡机相关性弱
5031,UCXP_v9mfY4WC1WiLZ12eJjQ,Fibre Glast,https://cn--xtb.noxinfluencer.com/youtube/channel/UCXP_v9mfY4WC1WiLZ12eJjQ,-10,badcase,碳纤维/树脂工业内容，和咖啡机消费推广场景不匹配
5032,UChBcAHNRtI8DCmiXeWrgJKw,CrypticGearHQ,https://cn--xtb.noxinfluencer.com/youtube/channel/UChBcAHNRtI8DCmiXeWrgJKw,-2,badcase,无明确标签，近期仅是开发板和线缆整理，缺少咖啡机受众
5033,UCBNAZeQsGbFm2joS9c7JKgA,Fragout Design Studios,https://cn--xtb.noxinfluencer.com/youtube/channel/UCBNAZeQsGbFm2joS9c7JKgA,-10,badcase,工坊/枪械定制内容，和咖啡机受众不匹配
5034,UCvyy3XaiapmlGq4aaABwX4g,123 GO! YowzaSchool,https://cn--xtb.noxinfluencer.com/youtube/channel/UCvyy3XaiapmlGq4aaABwX4g,-7,badcase,娱乐挑战为主，gadgets/教程仅弱相关
5035,UCFEGPNpt-9sX6_vmPF3uriw,Mab Tech (ማብ ቴክ),https://cn--xtb.noxinfluencer.com/youtube/channel/UCFEGPNpt-9sX6_vmPF3uriw,-10,badcase,AI自动化频道，无咖啡机推广语境
5036,UCnOzTT3SMMQ4F1kKToHWk_A,UBUTARE MEDIA,https://cn--xtb.noxinfluencer.com/youtube/channel/UCnOzTT3SMMQ4F1kKToHWk_A,-20,badcase,娱乐音乐为主，虽有评测标签但整体不适配
5037,UCWBSji_dg5uJUfI25UEQIKw,Indigo Nashea,https://cn--xtb.noxinfluencer.com/youtube/channel/UCWBSji_dg5uJUfI25UEQIKw,-10,badcase,无咖啡机或设备评测相关信号，近期内容多为生活亲子
5038,UChdG9hezd9PCPjHPsiwvVFA,Robox Vapes,https://cn--xtb.noxinfluencer.com/youtube/channel/UChdG9hezd9PCPjHPsiwvVFA,-20,badcase,频道主轴是vape评测，与咖啡机推广人群和品类均不匹配
5039,UCBfNEzurltlIeFFCbUgHQyg,GLiNet,https://cn--xtb.noxinfluencer.com/youtube/channel/UCBfNEzurltlIeFFCbUgHQyg,-10,badcase,频道内容是路由器/远程控制科技，和咖啡机推广无关
5040,UCBCFnKE81bVAguZPx5QlTkg,Poppy Lofi,https://cn--xtb.noxinfluencer.com/youtube/channel/UCBCFnKE81bVAguZPx5QlTkg,-25,badcase,lofi音乐/氛围频道，偏娱乐且与咖啡机推广格式不匹配
5041,UCN-VoY1O1RfsvujQRuk051A,Munchies By Mallory,https://cn--xtb.noxinfluencer.com/youtube/channel/UCN-VoY1O1RfsvujQRuk051A,-9,badcase,仅有coffee泛相关，近10条全是烘焙内容，不适合推咖啡机
5042,UCM5-dQa3ndW9PfFKgniTA8w,BEANIE BOO PLANET,https://cn--xtb.noxinfluencer.com/youtube/channel/UCM5-dQa3ndW9PfFKgniTA8w,-25,badcase,频道以玩具/娱乐/毛绒内容为主，与咖啡机推广无关
5043,UCKDlRHqgdPjOjQq2HFW7VhA,MRN Bricks,https://cn--xtb.noxinfluencer.com/youtube/channel/UCKDlRHqgdPjOjQq2HFW7VhA,-15,badcase,全是弹珠台修复和收藏，近期内容与咖啡机完全不相干
5044,UCjmFH45dXxLhrWCRm4pSSAA,Queen Bee Mixology,https://cn--xtb.noxinfluencer.com/youtube/channel/UCjmFH45dXxLhrWCRm4pSSAA,-7,badcase,调酒配方频道，近期都是鸡尾酒，缺少咖啡机与购买意图
5045,UCrK7m233pndKrkTYLh6TOag,Stephanie Vargas,https://cn--xtb.noxinfluencer.com/youtube/channel/UCrK7m233pndKrkTYLh6TOag,-13,badcase,有厨房小家电标签，但ASMR导向明显，近期多为生活/宠物内容
5046,UC9J3Tcnw4RvgEf_Ras_sFcQ,Neal Ochoa,https://cn--xtb.noxinfluencer.com/youtube/channel/UC9J3Tcnw4RvgEf_Ras_sFcQ,0,badcase,测评开箱标签较强，但近期全是航班视频，和咖啡机推广不符
5048,UCzP8F0N907qnB1RnEJGMUpw,Sweeper3D,https://cn--xtb.noxinfluencer.com/youtube/channel/UCzP8F0N907qnB1RnEJGMUpw,-10,badcase,3D动画/建模频道，近期也都在发Blender内容，和咖啡机推广无关
5049,UCbIlbiUgMBhauQSjXqfCjDA,BullyRunCoffee,https://cn--xtb.noxinfluencer.com/youtube/channel/UCbIlbiUgMBhauQSjXqfCjDA,-9,badcase,珠宝直播为主，只是泛化 coffee 词，不适合咖啡机推广
5051,UCMPQnaLWNgXgC-8VxEwgALQ,Top gaming,https://cn--xtb.noxinfluencer.com/youtube/channel/UCMPQnaLWNgXgC-8VxEwgALQ,-15,badcase,梗图/翻唱/娱乐内容为主，和咖啡机推广场景不符
5052,UCV0NTl_RTTEz5acb3YUvWNw,The Improvement Channel,https://cn--xtb.noxinfluencer.com/youtube/channel/UCV0NTl_RTTEz5acb3YUvWNw,-10,badcase,以焊接/车库DIY为主，近10条内容均与咖啡机无关
5053,UCUlqE7lrLbVDxhB4vdknQCA,Lý thị nguyệt,https://cn--xtb.noxinfluencer.com/youtube/channel/UCUlqE7lrLbVDxhB4vdknQCA,-24,badcase,主内容为柴油发动机/车辆修理，非咖啡设备推广场景
5054,UCH4obsgMhlrA_S4O8rQ0bRg,Rich's Mowers N Blowers,https://cn--xtb.noxinfluencer.com/youtube/channel/UCH4obsgMhlrA_S4O8rQ0bRg,-25,badcase,频道主打割草机/小型发动机维修，近期内容与咖啡机推广不符
5055,UCU-o1o0Dvwgsvj3XIv32ShQ,CUMBIAS CUSTOMS,https://cn--xtb.noxinfluencer.com/youtube/channel/UCU-o1o0Dvwgsvj3XIv32ShQ,-25,badcase,汽车教程频道，受众与咖啡机推广无关，近期内容均为车辆安装/维修
5056,UC9tmeArxrInhawlWDI8IUQg,Logo Blocks 2,https://cn--xtb.noxinfluencer.com/youtube/channel/UC9tmeArxrInhawlWDI8IUQg,-25,badcase,游戏/音乐放松内容为主，属于音频娱乐型频道，不适合咖啡机物理产品推广
5057,UC3ClJJ5QYm1NZMtHkFc4JHg,Timothy Birmingham,https://cn--xtb.noxinfluencer.com/youtube/channel/UC3ClJJ5QYm1NZMtHkFc4JHg,-9,badcase,仅有慢炖锅等弱厨房信号，近10条内容与咖啡机推广基本不匹配
5059,UCJgcN2w_X8AxuiOLghiJ2fw,Karissa At Home,https://cn--xtb.noxinfluencer.com/youtube/channel/UCJgcN2w_X8AxuiOLghiJ2fw,-8,badcase,家居/厨房场景有一点关联，但近期内容偏清洁改造，缺少咖啡机购买意图
5060,UC7oJlhlLtRrSuQ7aq5MrddQ,store playlist,https://cn--xtb.noxinfluencer.com/youtube/channel/UC7oJlhlLtRrSuQ7aq5MrddQ,-25,badcase,店铺背景音乐/咖啡馆氛围频道，音频场景与咖啡机推广明显不匹配
5061,UCrmtQLeilU_hS9sfAqUdVrA,Thrifty Garage,https://cn--xtb.noxinfluencer.com/youtube/channel/UCrmtQLeilU_hS9sfAqUdVrA,-15,badcase,车辆/重型设备维修频道，内容域与咖啡机推广不相干
5062,UCPM2cY0n3mrdgcDBdtaqW8w,Nafa Vibies,https://cn--xtb.noxinfluencer.com/youtube/channel/UCPM2cY0n3mrdgcDBdtaqW8w,-22,badcase,以咖啡馆氛围音乐为主，非咖啡机评测/购买导向，格式明显不匹配
5064,UChuAO88_o8E8C-VSGvqTWxg,Roaster Coasters,https://cn--xtb.noxinfluencer.com/youtube/channel/UChuAO88_o8E8C-VSGvqTWxg,-9,badcase,激光定制/DIY频道，和咖啡机无明显关联，近10条均不匹配
5065,UCl8hvV18M0GunIt3iCibxcw,Dyeislife,https://cn--xtb.noxinfluencer.com/youtube/channel/UCl8hvV18M0GunIt3iCibxcw,-20,badcase,体育/娱乐向内容，和咖啡机推广目标不相关，近期也不匹配
5066,UCMxbY7hzDNQS_qCuI13Didw,The Maker Mind,https://cn--xtb.noxinfluencer.com/youtube/channel/UCMxbY7hzDNQS_qCuI13Didw,-9,badcase,偏手工DIY和小风扇维修，只有泛DIY信号，咖啡机关联弱
5067,UCim9LMjdhWVwA-sNbgCq-Xw,Baron Leather Craft,https://cn--xtb.noxinfluencer.com/youtube/channel/UCim9LMjdhWVwA-sNbgCq-Xw,-10,badcase,皮具/激光雕刻频道，近期内容与咖啡机推广无关
5068,UC7bUp-Q6fAx3U0IBMY0HNpg,CalmAmbience,https://cn--xtb.noxinfluencer.com/youtube/channel/UC7bUp-Q6fAx3U0IBMY0HNpg,-30,badcase,ASMR/氛围音频道，近10条全不相关，不适合咖啡机推广
5069,UCJv8r9zQK4NtPRjjRHW2ePA,MONICA PYH,https://cn--xtb.noxinfluencer.com/youtube/channel/UCJv8r9zQK4NtPRjjRHW2ePA,-25,badcase,舞蹈娱乐频道，近期内容与咖啡机推广场景明显不符
5071,UCvfHfmi3EI78ux9OCYkBNzQ,Pushin Cat Lofi,https://cn--xtb.noxinfluencer.com/youtube/channel/UCvfHfmi3EI78ux9OCYkBNzQ,-22,badcase,Lofi氛围频道，偏音乐放松而非咖啡机评测/购买推广
5072,UCiZVpACGUrKsJn1aRFPQHUw,KDMV,https://cn--xtb.noxinfluencer.com/youtube/channel/UCiZVpACGUrKsJn1aRFPQHUw,-22,badcase,娱乐影视频道，近期内容几乎无咖啡机购买或评测意图
5073,UCzDM_wdxaKHBzVHSZsSC6NQ,Orientflex Rubber Hose,https://cn--xtb.noxinfluencer.com/youtube/channel/UCzDM_wdxaKHBzVHSZsSC6NQ,-9,badcase,工业软管/清洁工具方向，缺少咖啡机购买或评测语境
5074,UCN3aG19MLmOFxPBgprrNVGA,SUPER TECH,https://cn--xtb.noxinfluencer.com/youtube/channel/UCN3aG19MLmOFxPBgprrNVGA,-9,badcase,工程机械内容偏重型设备，与咖啡机种草不匹配
5075,UCMZ3hss66FO9h9WW3_DYB7A,HOUSE OF JACK,https://cn--xtb.noxinfluencer.com/youtube/channel/UCMZ3hss66FO9h9WW3_DYB7A,-35,badcase,音乐娱乐频道，存在明显内容形式不匹配
5076,UC-QP8IFj86-AN72gsGYEgpQ,UK Lav Kush,https://cn--xtb.noxinfluencer.com/youtube/channel/UC-QP8IFj86-AN72gsGYEgpQ,-10,badcase,内容以儿童短剧/娱乐为主，和咖啡机推广不相关
5078,UCUKt7WllaR98NRMKNMMg68A,Douglas Lawn Care,https://cn--xtb.noxinfluencer.com/youtube/channel/UCUKt7WllaR98NRMKNMMg68A,-25,badcase,园艺割草频道，受众与咖啡机促销完全不匹配，近10条也无相关内容
5079,UC2-lGic-8x3vip6DkYD5vtw,newyorkplease,https://cn--xtb.noxinfluencer.com/youtube/channel/UC2-lGic-8x3vip6DkYD5vtw,-10,badcase,生活方式/纽约探店为主，近10条无咖啡机购买或测评语境
5080,UCLs6RRe7hOwWsvulrGtib8Q,Keeping It Riel with Marilyn & Steve,https://cn--xtb.noxinfluencer.com/youtube/channel/UCLs6RRe7hOwWsvulrGtib8Q,-8,badcase,以田园生活为主，近10条几乎无咖啡机相关购买或测评场景
5082,UCbV7VhHFwN0z44PlLsIp9dw,Botflix AI TV For Robots,https://cn--xtb.noxinfluencer.com/youtube/channel/UCbV7VhHFwN0z44PlLsIp9dw,-22,badcase,AI机器人音乐/放松内容，缺少咖啡机评测购买语境，且形式不匹配
5083,UC2irM03cLkBdoF_5JkQOg1w,HaeJa Sound Track Universe,https://cn--xtb.noxinfluencer.com/youtube/channel/UC2irM03cLkBdoF_5JkQOg1w,-25,badcase,纯音轨/配乐频道，内容全是音频作品，和咖啡机推广格式严重不符
5084,UCVOATSdDjfXxtYUewQvYw6w,lirun,https://cn--xtb.noxinfluencer.com/youtube/channel/UCVOATSdDjfXxtYUewQvYw6w,-23,badcase,ASMR和动物/工程内容为主，和咖啡机卖点及受众都不匹配
5085,UCIERN7nAl1kM8ds7KJLpY3g,AserGaming,https://cn--xtb.noxinfluencer.com/youtube/channel/UCIERN7nAl1kM8ds7KJLpY3g,-25,badcase,游戏直播频道，受众和咖啡机完全不搭，近期内容也全是游戏话题
5086,UClqCd-cQdlvUwqKfNzcuT5Q,Nikki Made Me Buy It,https://cn--xtb.noxinfluencer.com/youtube/channel/UClqCd-cQdlvUwqKfNzcuT5Q,-23,badcase,车载、UTV、宠物取暖与工具内容为主，不适合咖啡机推广
5087,UC6Fj25fhEZDsFVLJquAy8Jw,Joseph Willis,https://cn--xtb.noxinfluencer.com/youtube/channel/UC6Fj25fhEZDsFVLJquAy8Jw,-13,badcase,3D打印/工程频道，和咖啡机无直接相关，近期也都是技术制作内容
5088,UCsYJzty_kwI2lsyT2meU3sQ,MedByGo,https://cn--xtb.noxinfluencer.com/youtube/channel/UCsYJzty_kwI2lsyT2meU3sQ,-25,badcase,娱乐剧情频道，近期内容与咖啡机推广几乎无关
5089,UCUJ3BZfC-EUPvOPJvDFm7SA,Tillman Family Farm,https://cn--xtb.noxinfluencer.com/youtube/channel/UCUJ3BZfC-EUPvOPJvDFm7SA,-9,badcase,农场/养殖内容，只有泛化home标签，近期视频全不涉及咖啡机。
5090,UCHenbTDcJnmr95Fdo_tExmQ,Ali ŞAHİN,https://cn--xtb.noxinfluencer.com/youtube/channel/UCHenbTDcJnmr95Fdo_tExmQ,-8,badcase,泛科技/生活频道，近10条与咖啡机无关，缺少产品推广语境
5091,UCCBI69CQjUZccACZU7q5rVw,GroundHog Equipment,https://cn--xtb.noxinfluencer.com/youtube/channel/UCCBI69CQjUZccACZU7q5rVw,-25,badcase,主营重型工程机械，和咖啡机促销场景不相关，近10条也全部不匹配
5092,UCBH_-KW1IFsFZ8ZebaRQSIQ,Hydro Flask,https://cn--xtb.noxinfluencer.com/youtube/channel/UCBH_-KW1IFsFZ8ZebaRQSIQ,-10,badcase,频道主打保冷箱和户外装备，和咖啡机品类不相关，近期内容也完全偏题
5093,UCaxd-uKWGc-4jif7_3rAqVA,Cam Short,https://cn--xtb.noxinfluencer.com/youtube/channel/UCaxd-uKWGc-4jif7_3rAqVA,-19,badcase,ASMR/实验/体育内容为主，和咖啡机促销场景不匹配
5095,UCHUt8d3ztzJA6N4gyQa3yFw,Jeon Chill,https://cn--xtb.noxinfluencer.com/youtube/channel/UCHUt8d3ztzJA6N4gyQa3yFw,-8,badcase,食谱标签在，但近期全是氛围诗意内容，转化不稳
5096,UCemOLhdZxIG2rOazpBD2JKg,Ravex,https://cn--xtb.noxinfluencer.com/youtube/channel/UCemOLhdZxIG2rOazpBD2JKg,-25,badcase,游戏+故事向，和咖啡机推广场景明显不搭
5097,UCkySD00cmDWYHXA31hqRYRw,Gennady Korotkevich,https://cn--xtb.noxinfluencer.com/youtube/channel/UCkySD00cmDWYHXA31hqRYRw,-10,badcase,编程竞赛直播，受众和咖啡机购买场景不相关
5098,UCeflUsWcORR8Tgv4ffbAbZw,The ChefSmartyPants Academy,https://cn--xtb.noxinfluencer.com/youtube/channel/UCeflUsWcORR8Tgv4ffbAbZw,-7,badcase,仅泛美食烹饪场景，缺少咖啡机评测购买内容，近期均不匹配
5099,UCovC8Wbao98BMUOWfNRb7Wg,EXAIR,https://cn--xtb.noxinfluencer.com/youtube/channel/UCovC8Wbao98BMUOWfNRb7Wg,-10,badcase,工业压缩空气与咖啡机推广无关，最近内容也全是工业技术
5100,UCIV8LSifZlS7rHQrouLkf_w,Dbonds Production,https://cn--xtb.noxinfluencer.com/youtube/channel/UCIV8LSifZlS7rHQrouLkf_w,-25,badcase,枪械短视频与咖啡机推广方向明显冲突，且近期内容高度不匹配
5101,UCgsw5PaTUfwXrd9m3Jv0MPA,Shop Foreman Garage,https://cn--xtb.noxinfluencer.com/youtube/channel/UCgsw5PaTUfwXrd9m3Jv0MPA,-10,badcase,汽车维修频道与咖啡机购买推广缺少直接关联，近期内容也不支持
5102,UCFnrCtLilaDoHDWiuk8dAsA,SkipOnKick,https://cn--xtb.noxinfluencer.com/youtube/channel/UCFnrCtLilaDoHDWiuk8dAsA,-25,badcase,故事和短视频娱乐为主，属于与咖啡机推广不适配的内容形态
5103,UCKVPU36DD5w0BORxuCwXwvg,HK STUDIO,https://cn--xtb.noxinfluencer.com/youtube/channel/UCKVPU36DD5w0BORxuCwXwvg,-10,badcase,水族DIY垂类，和咖啡机推广几乎无关
5105,UCoGdiz9-lsuh7xZmsMvBNkw,FreeFree,https://cn--xtb.noxinfluencer.com/youtube/channel/UCoGdiz9-lsuh7xZmsMvBNkw,-25,badcase,摩托车垂类，受众与咖啡机完全不匹配
5107,UC_h4QWshVnlLMcAOyCrG9GA,Lanka Biz,https://cn--xtb.noxinfluencer.com/youtube/channel/UC_h4QWshVnlLMcAOyCrG9GA,-8,badcase,仅有泛家居弱相关，近期多为本地商铺路演，缺少咖啡机购买/评测语境
5108,UC660c6MjupebMDNXkMS9bWA,Charley’s Garage,https://cn--xtb.noxinfluencer.com/youtube/channel/UC660c6MjupebMDNXkMS9bWA,-25,badcase,汽车维修频道，与咖啡机品类和受众不匹配
5110,UCw6c4rbdsNg_dASHWHxHHEg,Tronsmart,https://cn--xtb.noxinfluencer.com/youtube/channel/UCw6c4rbdsNg_dASHWHxHHEg,-18,badcase,音频耳机频道，和咖啡机品类及受众明显不匹配
5111,UCkoYXnhsEbfvlreCoRf49mQ,David Guyton,https://cn--xtb.noxinfluencer.com/youtube/channel/UCkoYXnhsEbfvlreCoRf49mQ,-18,badcase,焊接制造类频道，与咖啡机购买场景不符
5112,UCKMT_9xCFNVjNhaSTBy8XuQ,DEVELON North America,https://cn--xtb.noxinfluencer.com/youtube/channel/UCKMT_9xCFNVjNhaSTBy8XuQ,-25,badcase,重工机械频道，和咖啡机完全不在一个消费场景
5113,UCMPLX9iMq8J-a7aBgiwLYpQ,Jill 4 Today,https://cn--xtb.noxinfluencer.com/youtube/channel/UCMPLX9iMq8J-a7aBgiwLYpQ,-10,badcase,烘焙食谱频道，无咖啡机评测、选购或设备使用语境
5114,UCIn-P2zWRvz1VCyeuky6I_Q,Pak Mechanical Projects,https://cn--xtb.noxinfluencer.com/youtube/channel/UCIn-P2zWRvz1VCyeuky6I_Q,-10,badcase,工业机械维修/制造频道，近10条均与咖啡机无关，推广不匹配
5115,UC71OnjQH-ihd1vu_Nnyy2LA,Game Games,https://cn--xtb.noxinfluencer.com/youtube/channel/UC71OnjQH-ihd1vu_Nnyy2LA,-22,badcase,游戏动画频道，近10条全不相关，且无咖啡机推广意图
5116,UCrRXswz48QoupvEf6KEKJkA,alohagems Art and Craft,https://cn--xtb.noxinfluencer.com/youtube/channel/UCrRXswz48QoupvEf6KEKJkA,-22,badcase,工艺/派对装饰频道，且带ASMR格式，不适合咖啡机推广
5117,UCwsCQSLycAkDTBeMuH6-qaA,Heyitsshark,https://cn--xtb.noxinfluencer.com/youtube/channel/UCwsCQSLycAkDTBeMuH6-qaA,-10,badcase,频道为音乐制作/beat内容，与咖啡机推广无关
5119,UCyLc06EQy1zkKUUSoe2_vUg,Mikolo Fitness,https://cn--xtb.noxinfluencer.com/youtube/channel/UCyLc06EQy1zkKUUSoe2_vUg,-10,badcase,健身/器械频道，内容集中训练与家用健身器材，和咖啡机转化不匹配
5120,UC4TN32D97ggriwNl9FKrpiQ,Cosmox Printer & Solution.,https://cn--xtb.noxinfluencer.com/youtube/channel/UC4TN32D97ggriwNl9FKrpiQ,-10,badcase,工业打印频道，核心是DTF/UV打印设备，和咖啡机推广场景偏离
5121,UC5QIJj0TtUXbfZyLtETb-eA,Chaos & Calm with Ashley,https://cn--xtb.noxinfluencer.com/youtube/channel/UC5QIJj0TtUXbfZyLtETb-eA,-9,badcase,仅有食品弱相关，近期多为亲子娱乐，缺少咖啡机推广语境
5123,UCb3YzDwOXefb09Ii19naJQA,3Doodler,https://cn--xtb.noxinfluencer.com/youtube/channel/UCb3YzDwOXefb09Ii19naJQA,-10,badcase,3D笔教程频道，缺少咖啡机与厨房家电语境，近10条也不匹配
5125,UCFtkEfwyyzEdao6dEbi3E4A,Dematic,https://cn--xtb.noxinfluencer.com/youtube/channel/UCFtkEfwyyzEdao6dEbi3E4A,-25,badcase,供应链工业内容，与咖啡机消费场景明显不符
5126,UCl-cPdaAzKgLpqYFFQ7dW2w,BickyX Tools,https://cn--xtb.noxinfluencer.com/youtube/channel/UCl-cPdaAzKgLpqYFFQ7dW2w,-10,badcase,以迷你工具爽感短视频为主，缺少家电购买或测评语境
5127,UCHNdoB7VJyzJBWeinex_bbQ,Cityscape Brewing,https://cn--xtb.noxinfluencer.com/youtube/channel/UCHNdoB7VJyzJBWeinex_bbQ,-25,badcase,频道核心是啤酒酿造，不适合推广咖啡机
5128,UCk2cHd0zXjnlRBfSgIOaxrA,Ivan × Stephen 房產局,https://cn--xtb.noxinfluencer.com/youtube/channel/UCk2cHd0zXjnlRBfSgIOaxrA,-10,badcase,房产投资/AI内容，与咖啡机购买推广无关，近10条全不匹配
5129,UCUU2rd4hA8z38ZS9wczdQag,Hayward Pool Products,https://cn--xtb.noxinfluencer.com/youtube/channel/UCUU2rd4hA8z38ZS9wczdQag,-25,badcase,泳池设备安装维修频道，属于明显品类错配，不适合咖啡机推广
5130,UC56Wjael1UPrFyGQKP5k_LA,Annie | Mom's First Steps,https://cn--xtb.noxinfluencer.com/youtube/channel/UC56Wjael1UPrFyGQKP5k_LA,-7,badcase,母婴育儿向但缺少咖啡机使用或测评场景，近10条均不匹配
5131,UCm0SpJ6BLLBJ9mVYMP5MXeA,Anu Harchu,https://cn--xtb.noxinfluencer.com/youtube/channel/UCm0SpJ6BLLBJ9mVYMP5MXeA,-10,badcase,生活方式/记账 vlog，只有泛生活标签，缺少咖啡机推广意图
5132,UCwzFVxsWfeVyTP7928x57qw,CMS,https://cn--xtb.noxinfluencer.com/youtube/channel/UCwzFVxsWfeVyTP7928x57qw,-9,badcase,RV/露营内容仅有泛生活场景，和咖啡机无直接购买意图
5133,UCSiEyi5JC3J8isaqWZNxK-w,"Concession Nation, Inc.",https://cn--xtb.noxinfluencer.com/youtube/channel/UCSiEyi5JC3J8isaqWZNxK-w,-4,badcase,主营餐车/拖车建造销售，非咖啡机评测或购买场景
5134,UCSGNCYGZ0FDurLUg5yYkdHw,Ice Fire Appliances,https://cn--xtb.noxinfluencer.com/youtube/channel/UCSGNCYGZ0FDurLUg5yYkdHw,-10,badcase,导风冷却器安装内容占主导，和咖啡机投放受众不一致
5135,UCLfiLhABHJ5yP2HXxFt9y5g,@REIKAGhibli,https://cn--xtb.noxinfluencer.com/youtube/channel/UCLfiLhABHJ5yP2HXxFt9y5g,-25,badcase,ASMR/吃播/动画叙事为主，属于物理产品投放的强格式错配
5136,UC3GTYMoVZvr8ghPLIpAsq4w,S.E.R. Safety,https://cn--xtb.noxinfluencer.com/youtube/channel/UC3GTYMoVZvr8ghPLIpAsq4w,-25,badcase,告警音效和系统测试为主，偏音频展示，不适合咖啡机推广
5137,UCtMF1u1XaHvDbZIifNsOpoQ,Brandon's Garage,https://cn--xtb.noxinfluencer.com/youtube/channel/UCtMF1u1XaHvDbZIifNsOpoQ,-20,badcase,车辆维修DIY为主，受众偏车库工具，不是咖啡机购买场景
5138,UCHUivenqHUQTDUULmWQvESw,JON'S DIY,https://cn--xtb.noxinfluencer.com/youtube/channel/UCHUivenqHUQTDUULmWQvESw,-8,badcase,DIY木作频道，近期全是无关项目，缺少咖啡机及家电推广信号
5139,UCBgtkOjqlGXBLHgfhe3D1fw,Miss Daphne Hustles,https://cn--xtb.noxinfluencer.com/youtube/channel/UCBgtkOjqlGXBLHgfhe3D1fw,-10,badcase,电商卖货/套利内容，受众偏卖家，不是咖啡机消费推广场景
5140,UCBhy54_Irnl_6dyVIPhnQ0A,Sharek Gadd,https://cn--xtb.noxinfluencer.com/youtube/channel/UCBhy54_Irnl_6dyVIPhnQ0A,-7,badcase,离咖啡机评测/购买场景远，偏木工离网生活内容
5141,UCDQdYy2_KZLdsYs3X-NPrVQ,Aqualora,https://cn--xtb.noxinfluencer.com/youtube/channel/UCDQdYy2_KZLdsYs3X-NPrVQ,-35,badcase,ASMR舒缓频道，内容形态与家电推广强错配，明显不适合
5142,UCBLM-kd-pF3-blnXWVPFyAg,"SPX FLOW, Inc.",https://cn--xtb.noxinfluencer.com/youtube/channel/UCBLM-kd-pF3-blnXWVPFyAg,-8,badcase,工业设备与流程内容，面向B2B，不适合咖啡机消费品推广
5143,UCOfUspf-VyVQF51KxBIN7ow,newjackcidney,https://cn--xtb.noxinfluencer.com/youtube/channel/UCOfUspf-VyVQF51KxBIN7ow,-6,badcase,美容发型为主，仅少量厨房开箱，和咖啡机推广关联弱
5144,UCOx-jTDD0c_1LUErZXpETDA,CUAUTI SCANERS,https://cn--xtb.noxinfluencer.com/youtube/channel/UCOx-jTDD0c_1LUErZXpETDA,-15,badcase,汽车诊断频道，受众与咖啡机完全不符
5146,UCN6doLPCvccCoCk2RrsS8Kg,Solventless BakenVape,https://cn--xtb.noxinfluencer.com/youtube/channel/UCN6doLPCvccCoCk2RrsS8Kg,-20,badcase,大麻短视频频道，题材和受众都不适合咖啡机
5147,UCOUUSST-UIJtsgLSsErvXZg,Rifat vlogs,https://cn--xtb.noxinfluencer.com/youtube/channel/UCOUUSST-UIJtsgLSsErvXZg,-9,badcase,水处理/卖水设备内容为主，和咖啡机关联很弱
5148,UCIcxzhnL-3rPN8RFwzlhoRw,Yoyo Tech,https://cn--xtb.noxinfluencer.com/youtube/channel/UCIcxzhnL-3rPN8RFwzlhoRw,-7,badcase,科技评测泛相关，但近期全是打印机修理，和咖啡机不匹配
5149,UCeui-fMoC9a7gFdTJ8mQi0w,Emma & Friends,https://cn--xtb.noxinfluencer.com/youtube/channel/UCeui-fMoC9a7gFdTJ8mQi0w,-25,badcase,故事与氛围听书频道，偏娱乐，不适合咖啡机推广
5150,UCcD8xBMFr0ze-hzKvnawOpw,CHEWY CREW,https://cn--xtb.noxinfluencer.com/youtube/channel/UCcD8xBMFr0ze-hzKvnawOpw,-25,badcase,ASMR吃播脑洞娱乐为主，属明显格式不匹配
5151,UCHUivenqHUQTDUULmWQvESw,JON'S DIY,https://cn--xtb.noxinfluencer.com/youtube/channel/UCHUivenqHUQTDUULmWQvESw,-8,badcase,DIY泛内容，近期均非咖啡机或咖啡设备推广场景
5152,UCBgtkOjqlGXBLHgfhe3D1fw,Miss Daphne Hustles,https://cn--xtb.noxinfluencer.com/youtube/channel/UCBgtkOjqlGXBLHgfhe3D1fw,-10,badcase,电商搬运卖货为主，缺少咖啡机使用或评测场景
5153,UCBhy54_Irnl_6dyVIPhnQ0A,Sharek Gadd,https://cn--xtb.noxinfluencer.com/youtube/channel/UCBhy54_Irnl_6dyVIPhnQ0A,-8,badcase,主题偏离咖啡机推广，近10条内容多为木工/户外/杂项，缺少购买或评测意图
5154,UCDQdYy2_KZLdsYs3X-NPrVQ,Aqualora,https://cn--xtb.noxinfluencer.com/youtube/channel/UCDQdYy2_KZLdsYs3X-NPrVQ,-25,badcase,ASMR舒缓体验频道，近期全是床/楼梯内容，与咖啡机投放明显不符
5155,UCBLM-kd-pF3-blnXWVPFyAg,"SPX FLOW, Inc.",https://cn--xtb.noxinfluencer.com/youtube/channel/UCBLM-kd-pF3-blnXWVPFyAg,-10,badcase,工业泵/食品加工频道，与咖啡机推广场景明显不符
5156,UCOfUspf-VyVQF51KxBIN7ow,newjackcidney,https://cn--xtb.noxinfluencer.com/youtube/channel/UCOfUspf-VyVQF51KxBIN7ow,-7,badcase,美妆发型号为主，近10条多为头发/穿搭内容，咖啡机推广相关性弱
5157,UCOx-jTDD0c_1LUErZXpETDA,CUAUTI SCANERS,https://cn--xtb.noxinfluencer.com/youtube/channel/UCOx-jTDD0c_1LUErZXpETDA,-10,badcase,汽车诊断频道，与咖啡机推广主题和受众都不相关，近10条也全不匹配
5160,UCN6doLPCvccCoCk2RrsS8Kg,Solventless BakenVape,https://cn--xtb.noxinfluencer.com/youtube/channel/UCN6doLPCvccCoCk2RrsS8Kg,-25,badcase,大麻/抽烟内容与咖啡机投放人群明显不相干
5161,UCOUUSST-UIJtsgLSsErvXZg,Rifat vlogs,https://cn--xtb.noxinfluencer.com/youtube/channel/UCOUUSST-UIJtsgLSsErvXZg,-20,badcase,水处理和饮水业务为主，和咖啡机消费场景不匹配
5162,UCeui-fMoC9a7gFdTJ8mQi0w,Emma & Friends,https://cn--xtb.noxinfluencer.com/youtube/channel/UCeui-fMoC9a7gFdTJ8mQi0w,-22,badcase,故事和氛围向内容，属于典型产品推广格式错配
5163,UCcD8xBMFr0ze-hzKvnawOpw,CHEWY CREW,https://cn--xtb.noxinfluencer.com/youtube/channel/UCcD8xBMFr0ze-hzKvnawOpw,-25,badcase,ASMR/吃播娱乐向，近期全是脑洞挑战，与咖啡机推广场景不符
5164,UCLVtLSTxwLPs74x1cUoAHzA,Endurance robots channel,https://cn--xtb.noxinfluencer.com/youtube/channel/UCLVtLSTxwLPs74x1cUoAHzA,-10,badcase,激光制造/DIY为主，和咖啡机产品及消费场景无直接关联
5165,UCCNZ7gWLNyaLh3_xS2kqdgQ,Find What's Lost,https://cn--xtb.noxinfluencer.com/youtube/channel/UCCNZ7gWLNyaLh3_xS2kqdgQ,-20,badcase,纯Lofi氛围频道，属于音频娱乐，不适合咖啡机推广
5166,UCgnNuv0GhwPY3uGUo1Ma2aw,Master Process,https://cn--xtb.noxinfluencer.com/youtube/channel/UCgnNuv0GhwPY3uGUo1Ma2aw,-10,badcase,制造工艺频道，偏工业生产展示，缺少咖啡机消费或评测语境
5167,UCC-uH-5VdvckobcVTeXTHvg,ByNarita,https://cn--xtb.noxinfluencer.com/youtube/channel/UCC-uH-5VdvckobcVTeXTHvg,-19,badcase,美妆音乐生活方式为主，缺少咖啡机评测/购买意图，近期内容不匹配
5168,UCEAF_mlKdHpp8EgEVV3HgYg,Lo-fi Groove District,https://cn--xtb.noxinfluencer.com/youtube/channel/UCEAF_mlKdHpp8EgEVV3HgYg,-25,badcase,纯音乐/学习歌单频道，与咖啡机推广场景严重不匹配
5169,UCmWusE0uOgcXbAJ9GadImXA,Cozy Garden Stories,https://cn--xtb.noxinfluencer.com/youtube/channel/UCmWusE0uOgcXbAJ9GadImXA,-25,badcase,童话音乐/放松向内容，缺少咖啡机推广所需的产品场景
5170,UCVoOQ_mRYB3Y65EVftTEfoA,Sart Smith,https://cn--xtb.noxinfluencer.com/youtube/channel/UCVoOQ_mRYB3Y65EVftTEfoA,-20,badcase,刀具锻造/ASMR频道，和咖啡机购买推广几乎无关
5171,UCmYNJEx0-Uld3ptyQg-p7Rw,SibLife Diaries,https://cn--xtb.noxinfluencer.com/youtube/channel/UCmYNJEx0-Uld3ptyQg-p7Rw,-25,badcase,娱乐+助眠氛围音为主，属于明显格式不匹配
5172,UCM-Y3CZ0u26o359cLIAwqCw,Nerd Pokko,https://cn--xtb.noxinfluencer.com/youtube/channel/UCM-Y3CZ0u26o359cLIAwqCw,-15,badcase,手工/3D打印/Vtuber内容，缺少咖啡机产品推广相关性
5173,UCLuDKTNDFfat7iO7KGE7fQA,RWGresearch,https://cn--xtb.noxinfluencer.com/youtube/channel/UCLuDKTNDFfat7iO7KGE7fQA,-9,badcase,车改/电池内容，和咖啡机家电推广不相关
5175,UC3I-AsT3pl8rx56iAo3IehQ,Mechanical Queen,https://cn--xtb.noxinfluencer.com/youtube/channel/UC3I-AsT3pl8rx56iAo3IehQ,-10,badcase,汽修修复娱乐向，缺少家电受众
5176,UCXJULJ7U6h8Sctm6xVm2Sag,Delicious car products,https://cn--xtb.noxinfluencer.com/youtube/channel/UCXJULJ7U6h8Sctm6xVm2Sag,-25,badcase,汽车配件频道，和咖啡机品类错位
5177,UCCA-p9rvlNtZgP9X9VkQXMw,爱折腾的老高,https://cn--xtb.noxinfluencer.com/youtube/channel/UCCA-p9rvlNtZgP9X9VkQXMw,-10,badcase,数码硬件测评频道，和咖啡机关联弱
5178,UCa0WecFjTdTmZrXE-ing4ow,Lock & Key,https://cn--xtb.noxinfluencer.com/youtube/channel/UCa0WecFjTdTmZrXE-ing4ow,-20,badcase,锁具木作频道，内容偏机关/ASMR，和咖啡机推广无关
5179,UCjYMI6H187cESIbum1RSBEg,Khoa Phan,https://cn--xtb.noxinfluencer.com/youtube/channel/UCjYMI6H187cESIbum1RSBEg,-9,badcase,科技杂项频道，近期多为矿机和虫具DIY，与咖啡机不匹配
5180,UC-gboXGWZ1WaKrBOTYudjEA,Cold forging,https://cn--xtb.noxinfluencer.com/youtube/channel/UC-gboXGWZ1WaKrBOTYudjEA,-8,badcase,冷锻/焊接手作，偏金工工具教程，缺少家电种草语境
5181,UCIokCDPjyLnIOJX4YueimrA,Rust Cars Reborn,https://cn--xtb.noxinfluencer.com/youtube/channel/UCIokCDPjyLnIOJX4YueimrA,-10,badcase,汽车切割娱乐号，近期全是迷你链锯切割，无法带货咖啡机
5182,UC4hU4w6rt5FKR_0StclpXfQ,Trees Are Fun,https://cn--xtb.noxinfluencer.com/youtube/channel/UC4hU4w6rt5FKR_0StclpXfQ,-10,badcase,伐木树木护理频道，核心是chainsaw作业，不适合咖啡机推广
5183,UCBBlZv5unueWVgtO8W59oXw,Ashlynn Knisley,https://cn--xtb.noxinfluencer.com/youtube/channel/UCBBlZv5unueWVgtO8W59oXw,-9,badcase,生活母婴号仅有食物弱相关，近10期内容全不搭咖啡机
5184,UCnjf_GKuPk1C1GnggupHb0A,TheMilaro,https://cn--xtb.noxinfluencer.com/youtube/channel/UCnjf_GKuPk1C1GnggupHb0A,-6,badcase,频道偏扫地机器人/时尚街拍，无咖啡机评测或购买意图
5185,UCnZEJEzLCMTtDC2QClxLg0Q,Keeping Up With The Joneses,https://cn--xtb.noxinfluencer.com/youtube/channel/UCnZEJEzLCMTtDC2QClxLg0Q,-25,badcase,频道主轴为车/电单车与户外生活，近期无咖啡机或家电购买意图
5186,UCF-EwGKG4FkAaK4F3plYlHg,Enjoy Camp,https://cn--xtb.noxinfluencer.com/youtube/channel/UCF-EwGKG4FkAaK4F3plYlHg,-25,badcase,ASMR露营频道，属于强格式错配，几乎不适合咖啡机推广
5187,UCroD4_nDnt5g7btVGivuUMg,New Tech Industries,https://cn--xtb.noxinfluencer.com/youtube/channel/UCroD4_nDnt5g7btVGivuUMg,-25,badcase,工业网络设备号，与咖啡机推广人群和主题都不匹配
5189,UC1Yw3q29nGYeofq2iwPkIBA,CuteCatMira,https://cn--xtb.noxinfluencer.com/youtube/channel/UC1Yw3q29nGYeofq2iwPkIBA,-25,badcase,猫宠娱乐频道，和咖啡机推广目标不匹配
5190,UCbo1AypHGWcP-rjc2jgj1HA,APPARATUS EFFECTS,https://cn--xtb.noxinfluencer.com/youtube/channel/UCbo1AypHGWcP-rjc2jgj1HA,-25,badcase,影视音乐氛围内容，属于推广格式错配
5191,UCYR6JRKjj9fPE73YzovvbkQ,Xiao,https://cn--xtb.noxinfluencer.com/youtube/channel/UCYR6JRKjj9fPE73YzovvbkQ,-20,badcase,工业满足型内容，缺少咖啡机购买语境
5192,UCLXcc4od8_AK-K48NbxVzlQ,Vaquero De Nueva York,https://cn--xtb.noxinfluencer.com/youtube/channel/UCLXcc4od8_AK-K48NbxVzlQ,-9,badcase,仅有泛生活标签，和咖啡机推广相关性弱
5193,UCPMKk06k0Y7l3Ut5cNtHl3g,REBUILDING JIM,https://cn--xtb.noxinfluencer.com/youtube/channel/UCPMKk06k0Y7l3Ut5cNtHl3g,-10,badcase,近期内容多为DIY和个人生活，和咖啡机推广无关
5194,UC2U7yPyr2waQVQ_kVHyT41w,You Tith Academy,https://cn--xtb.noxinfluencer.com/youtube/channel/UC2U7yPyr2waQVQ_kVHyT41w,-10,badcase,软件教学频道，和咖啡机无关，近期也无相关内容
5195,UCYRLA9QNEyfFhEsQTni2wog,Autobike Insight,https://cn--xtb.noxinfluencer.com/youtube/channel/UCYRLA9QNEyfFhEsQTni2wog,-25,badcase,摩托车频道，属于人群和内容域明显不适配
5198,UCkN9n0Wz5b7jdksxom5V1ow,Baseus,https://cn--xtb.noxinfluencer.com/youtube/channel/UCkN9n0Wz5b7jdksxom5V1ow,-10,badcase,消费电子配件品牌频道，缺少咖啡机评测或购买意图内容
5199,UCgTRtw7iI4q-pjczUAS1BfQ,Jennifer Ryans,https://cn--xtb.noxinfluencer.com/youtube/channel/UCgTRtw7iI4q-pjczUAS1BfQ,-10,badcase,母婴生活/迪士尼饮食频道，无咖啡机评测或购买意图
5200,UC9S8C6_yykuBxmR6epPwN2w,Luméa,https://cn--xtb.noxinfluencer.com/youtube/channel/UC9S8C6_yykuBxmR6epPwN2w,-25,badcase,纯音乐/放松向频道，属于强格式不匹配，不适合咖啡机推广
5201,UCY0AoKzScIPzMMvnmaKJUOA,Magic GUESS DRAWING,https://cn--xtb.noxinfluencer.com/youtube/channel/UCY0AoKzScIPzMMvnmaKJUOA,-22,badcase,ASMR/挑战类娱乐内容为主，和咖啡机推广格式不匹配
5202,UCiR5nbz4ua43gIIdnU3_vPA,Zen1nboo,https://cn--xtb.noxinfluencer.com/youtube/channel/UCiR5nbz4ua43gIIdnU3_vPA,-20,badcase,娱乐/怪谈式内容为主，缺少咖啡机相关购买或评测语境
5203,UCYNe5-HW4SQRILANqH1M5Iw,OxiClean,https://cn--xtb.noxinfluencer.com/youtube/channel/UCYNe5-HW4SQRILANqH1M5Iw,-8,badcase,家清品牌，近期全是自家清洁促销，和咖啡机赛道不对口
5204,UCmjXaBDfCZHOJq5GqsikVSw,pamela,https://cn--xtb.noxinfluencer.com/youtube/channel/UCmjXaBDfCZHOJq5GqsikVSw,-8,badcase,个人短视频生活流，缺少家电/购买导向，和咖啡机关联弱
5206,UCmPc7lvTIm-J9GmvQku5wAw,HomePro Hero,https://cn--xtb.noxinfluencer.com/youtube/channel/UCmPc7lvTIm-J9GmvQku5wAw,-7,badcase,偏DIY装修施工，只有家庭场景，没有咖啡机购买意图
5207,UCHg9u1IZrxZ88-phqw0go9g,Holo Designers,https://cn--xtb.noxinfluencer.com/youtube/channel/UCHg9u1IZrxZ88-phqw0go9g,-7,badcase,家居设计装饰内容，偏审美展示，不是咖啡机推广人群
5208,UCJKxUMA7emZcyFp6KVsnnLg,theanswerladyknits,https://cn--xtb.noxinfluencer.com/youtube/channel/UCJKxUMA7emZcyFp6KVsnnLg,-10,badcase,纯编织频道，近期全是针织内容，与咖啡机推广无关
5209,UCjfNhxm6UXizWBijG0Gq3ew,BeauCh,https://cn--xtb.noxinfluencer.com/youtube/channel/UCjfNhxm6UXizWBijG0Gq3ew,-10,badcase,法律与户外杂题频道，缺少咖啡机受众与购买场景
5210,UCXZhV-jTwLWuiqE4CYjoONg,MHP Arms,https://cn--xtb.noxinfluencer.com/youtube/channel/UCXZhV-jTwLWuiqE4CYjoONg,-20,badcase,枪械演示频道，题材和咖啡机推广受众明显不相干
5212,UCVZP1AAdyft4xU7_WuojIjg,How It’s Built,https://cn--xtb.noxinfluencer.com/youtube/channel/UCVZP1AAdyft4xU7_WuojIjg,-10,badcase,工厂制造过程频道，偏生产科普，不是咖啡机消费场景
5213,UCLFHTLFNCSZowCvMcCYGyCQ,The Intergalactic Beets Project,https://cn--xtb.noxinfluencer.com/youtube/channel/UCLFHTLFNCSZowCvMcCYGyCQ,-10,badcase,纯音乐频道，最近内容全不相关
5214,UCMLbsLIDPbW6qszwvbfCVZw,Breastfeeding Tutorial,https://cn--xtb.noxinfluencer.com/youtube/channel/UCMLbsLIDPbW6qszwvbfCVZw,-10,badcase,母婴哺乳内容，与咖啡机推广无关
5215,UCnjSUlRZsaRK4IRHbSEsNww,Stephen Saye Dolo,https://cn--xtb.noxinfluencer.com/youtube/channel/UCnjSUlRZsaRK4IRHbSEsNww,-11,badcase,频道偏音乐旅行生活，虽有产品评测标签但无咖啡机内容支撑
5216,UCLxQEdhipGYYCKq-JRgmQ8Q,Brewstew En Español,https://cn--xtb.noxinfluencer.com/youtube/channel/UCLxQEdhipGYYCKq-JRgmQ8Q,-25,badcase,娱乐动画频道，和咖啡机推广明显不符
5217,UCXenZ7oGEKBfqxg_iNuG9Cw,Sarah Redjil 06 - سارة رجيل,https://cn--xtb.noxinfluencer.com/youtube/channel/UCXenZ7oGEKBfqxg_iNuG9Cw,-25,badcase,近期是放松ASMR格式，不适合卖咖啡机
5218,UCp2M6TOZZkuceMhdvBKZxAQ,SuperPiping,https://cn--xtb.noxinfluencer.com/youtube/channel/UCp2M6TOZZkuceMhdvBKZxAQ,-9,badcase,以太阳能清洁机器人为主，和咖啡机推广基本无关
5219,UC2Q4nURHnTi3yRFE7K3g47Q,Eaglestone Toy,https://cn--xtb.noxinfluencer.com/youtube/channel/UC2Q4nURHnTi3yRFE7K3g47Q,-10,badcase,内容为儿童玩具和户外工具，近10条无咖啡机相关促销场景
5220,UCIqJErhN98386ivdrXQW1Fw,MSRGear,https://cn--xtb.noxinfluencer.com/youtube/channel/UCIqJErhN98386ivdrXQW1Fw,0,badcase,户外装备维修/净水/帐篷频道，与咖啡机推广无直接相关
5221,UCDtnOp7jxs-OxlHrYw6QTAg,IrixGuy's Adventure Channel,https://cn--xtb.noxinfluencer.com/youtube/channel/UCDtnOp7jxs-OxlHrYw6QTAg,0,badcase,仅有泛产品评测标签，近期多为手表/烤架内容，缺少咖啡机相关性
5222,UC9fddmafmVpMcjoh2yYyMaw,Landshark Garage,https://cn--xtb.noxinfluencer.com/youtube/channel/UC9fddmafmVpMcjoh2yYyMaw,-10,badcase,汽车修复/工具频道，和咖啡机推广无直接关联，近10条也都不匹配
5223,UCpuWxGzC9XUh5MdJZZ9wahg,Process Atlas,https://cn--xtb.noxinfluencer.com/youtube/channel/UCpuWxGzC9XUh5MdJZZ9wahg,-8,badcase,工厂流程与咖啡机推广弱相关，近期内容也全是工厂/食品流程
5224,UCJnOnPm4w0WoI0-r1moFC6g,Mighty House,https://cn--xtb.noxinfluencer.com/youtube/channel/UCJnOnPm4w0WoI0-r1moFC6g,-8,badcase,家居DIY泛相关，但无咖啡机内容，近期主题均不匹配
5225,UCskDPVQlacVUrSDdrOFwGmA,Ian Ewing,https://cn--xtb.noxinfluencer.com/youtube/channel/UCskDPVQlacVUrSDdrOFwGmA,-25,badcase,纯音乐/lofi娱乐号，属于明显格式不匹配
5227,UCYODdNK7cyDEKF4yWbMEtrA,Jaiho Yook,https://cn--xtb.noxinfluencer.com/youtube/channel/UCYODdNK7cyDEKF4yWbMEtrA,-25,badcase,影视娱乐号且近期是ASMR工厂内容，和咖啡机推广不匹配
5228,UCHZPF9mJU06EAvMPc1cIxog,handmade .thuyxuan,https://cn--xtb.noxinfluencer.com/youtube/channel/UCHZPF9mJU06EAvMPc1cIxog,-8,badcase,以手作/宠物为主，缺少咖啡机评测或购买语境
5229,UCXs0rIMmJ4Ol-rYAfI3U4_A,Life’s A Burch,https://cn--xtb.noxinfluencer.com/youtube/channel/UCXs0rIMmJ4Ol-rYAfI3U4_A,-7,badcase,家庭vlog为主，偏育儿日常，缺少咖啡机选购内容
5230,UCeImxGuqQATmTCdr_NwACJA,木木'Robot and Technology,https://cn--xtb.noxinfluencer.com/youtube/channel/UCeImxGuqQATmTCdr_NwACJA,-10,badcase,机器人直播内容，缺少家电评测和购买意图，促销不匹配
5232,UCiLjYHdsNdZSPPC1sRR8yWA,Happi Baby - Cuộc Sống Mỹ,https://cn--xtb.noxinfluencer.com/youtube/channel/UCiLjYHdsNdZSPPC1sRR8yWA,-6,badcase,亲子生活号，虽有家庭场景但无咖啡机评测或选购内容
5233,UCJCyCWTCvUsqGmdBAjXdjZg,Coin Ring Maker,https://cn--xtb.noxinfluencer.com/youtube/channel/UCJCyCWTCvUsqGmdBAjXdjZg,-10,badcase,内容是硬币戒指DIY，与咖啡机无关，近期也无相关内容
5234,UCMP6QqFcArStrs6g3GNc5pg,Mike Knox-Comedy,https://cn--xtb.noxinfluencer.com/youtube/channel/UCMP6QqFcArStrs6g3GNc5pg,-25,badcase,喜剧娱乐频道，格式与咖啡机推广明显错位
5235,UCpCNk95-EqarZXH3TZeQGQg,usta Dostonbek,https://cn--xtb.noxinfluencer.com/youtube/channel/UCpCNk95-EqarZXH3TZeQGQg,-10,badcase,近期是暖炉/家用设备内容，和咖啡机无直接关联
5236,UC2XKdYvoVquZ10O5mJqin-w,BBIER®Lighting,https://cn--xtb.noxinfluencer.com/youtube/channel/UC2XKdYvoVquZ10O5mJqin-w,-10,badcase,主做照明灯具，和咖啡机推广无关
5237,UCHSZTxcOZxu4C7A9d3fOcjA,Matfer Bourgeat USA,https://cn--xtb.noxinfluencer.com/youtube/channel/UCHSZTxcOZxu4C7A9d3fOcjA,-10,badcase,厨具品牌频道但无咖啡机/设备评测购买意图，近期内容不匹配
5238,UCUqEnCtf5KO1aWXwzXfxVYg,Diner Alo Onneson,https://cn--xtb.noxinfluencer.com/youtube/channel/UCUqEnCtf5KO1aWXwzXfxVYg,-20,badcase,宗教讲道为主，几乎无咖啡机推广场景，近期内容也不匹配
5239,UCD4p-yiTulnd3y8ybF1ELhA,Ed's Attention To Detail,https://cn--xtb.noxinfluencer.com/youtube/channel/UCD4p-yiTulnd3y8ybF1ELhA,-8,badcase,家居DIY频道，只有泛家居弱相关，缺少咖啡机购买或测评意图
5240,UClQFMggdUw4-xskdgM526YA,ilycrzyg1rl,https://cn--xtb.noxinfluencer.com/youtube/channel/UClQFMggdUw4-xskdgM526YA,-8,badcase,生活方式vlog，偏日常记录，缺少家电购买和使用场景
5243,UCCu1pjwq60bZHqOsXmLqsdQ,Samdahl & Son's Forge,https://cn--xtb.noxinfluencer.com/youtube/channel/UCCu1pjwq60bZHqOsXmLqsdQ,-10,badcase,锻造修复内容，和咖啡机推广无关
5244,UCjO7CzXKwQpxVJNeG3h27Vg,Soft Home Life,https://cn--xtb.noxinfluencer.com/youtube/channel/UCjO7CzXKwQpxVJNeG3h27Vg,-25,badcase,ASMR/居家氛围型内容，不适合咖啡机推广
5245,UClFLb74cVHuX5FsTGvbnPHQ,mreinsmith,https://cn--xtb.noxinfluencer.com/youtube/channel/UClFLb74cVHuX5FsTGvbnPHQ,-10,badcase,近期全是汽车/维修内容，和咖啡机不匹配
5246,UCFkwY18bzKsm8p6p_Ufr1Hw,Errica K.,https://cn--xtb.noxinfluencer.com/youtube/channel/UCFkwY18bzKsm8p6p_Ufr1Hw,-10,badcase,无咖啡机或咖啡设备内容，近期多为生活、定制杯和购物短内容
5248,UC2bDxqW-gKpt5n0JMtY1ceA,Jacob Tran,https://cn--xtb.noxinfluencer.com/youtube/channel/UC2bDxqW-gKpt5n0JMtY1ceA,-25,badcase,音乐/混音为主，偏咖啡馆氛围，和咖啡机推广不匹配
5249,UCDhpj2eW7_8Y72jMSDaYadw,It’s posh,https://cn--xtb.noxinfluencer.com/youtube/channel/UCDhpj2eW7_8Y72jMSDaYadw,-10,badcase,美食健康生活方式频道，无咖啡机评测或购买意图内容
5250,UCc6AvmoIg4VSgSnMBK5fFHA,Leader Display,https://cn--xtb.noxinfluencer.com/youtube/channel/UCc6AvmoIg4VSgSnMBK5fFHA,-10,badcase,做展示架与咖啡机受众不对口，近期也都在讲展示
9501,UCcpSNyi-triEpq1OIUwWxHg,Willinrow Arts,https://cn--xtb.noxinfluencer.com/youtube/channel/UCcpSNyi-triEpq1OIUwWxHg,-10,badcase,微缩手作频道，和咖啡机推广无关
9502,UCMudN6-gGoucbgFtV30iD7g,Daily Interactive Warm Up,https://cn--xtb.noxinfluencer.com/youtube/channel/UCMudN6-gGoucbgFtV30iD7g,-25,badcase,健康暖身与氛围内容为主，属于强格式不匹配
9503,UC-3n9bYPulSMoK3GvoxyJpA,Nuux Kadiye,https://cn--xtb.noxinfluencer.com/youtube/channel/UC-3n9bYPulSMoK3GvoxyJpA,-10,badcase,娱乐混剪为主，近10条内容与咖啡机推广无关
9504,UChdzbErDQ4WZroLaxXX20eA,RM info TV,https://cn--xtb.noxinfluencer.com/youtube/channel/UChdzbErDQ4WZroLaxXX20eA,-10,badcase,考试/资讯号，近期全是Xfinity修复内容，和咖啡机无关
9505,UChG9bWNOEkh5M38AnFDbLYA,Sean Jackson,https://cn--xtb.noxinfluencer.com/youtube/channel/UChG9bWNOEkh5M38AnFDbLYA,-25,badcase,机车修复垂直度高，最近10条都不是咖啡机推广场景
9506,UCiEVVnCtpC7xf2YwlbwPJIA,BETA TECHNOLOGIES,https://cn--xtb.noxinfluencer.com/youtube/channel/UCiEVVnCtpC7xf2YwlbwPJIA,-25,badcase,航空/eVTOL垂直，最近内容全是飞行与公司资讯
9507,UCOtbE3U2Jdaq-4KQzglrA7A,Tatito ́s Bebés,https://cn--xtb.noxinfluencer.com/youtube/channel/UCOtbE3U2Jdaq-4KQzglrA7A,-10,badcase,母婴护理频道，近10条全是育儿内容，和咖啡机不搭
9508,UCOYko5i4zMPwmS-68hnhIOw,Matteo Bertoli,https://cn--xtb.noxinfluencer.com/youtube/channel/UCOYko5i4zMPwmS-68hnhIOw,-10,badcase,影视创作频道，和咖啡机推广几乎无关，近10条也不匹配
9509,UCyGXBbVIoje_qe0E3CmgXmQ,DELICIOUS ALICE,https://cn--xtb.noxinfluencer.com/youtube/channel/UCyGXBbVIoje_qe0E3CmgXmQ,-25,badcase,游戏动画娱乐号，题材与咖啡机推广明显错位
9510,UCYTwlIz2HKJ7VrlB07Lbgkw,Ice Cream NZ,https://cn--xtb.noxinfluencer.com/youtube/channel/UCYTwlIz2HKJ7VrlB07Lbgkw,-9,badcase,甜品/冰淇淋号，仅有厨房泛关联，缺少咖啡机推广场景
9511,UC1n9mYHoX6vxw50yPIno_xA,Henry’s History for Sleep,https://cn--xtb.noxinfluencer.com/youtube/channel/UC1n9mYHoX6vxw50yPIno_xA,-25,badcase,历史助眠内容，属于强格式错位，不适合咖啡机推广
9512,UCVt46-1QY_IMC7fOs6K3eSA,Convenient tip_Admin,https://cn--xtb.noxinfluencer.com/youtube/channel/UCVt46-1QY_IMC7fOs6K3eSA,-7,badcase,家居做饭技巧号有厨房弱相关，但缺少咖啡机产品意图
9513,UCODabtKtk2ZY_OBx6w6uORQ,Specialized University,https://cn--xtb.noxinfluencer.com/youtube/channel/UCODabtKtk2ZY_OBx6w6uORQ,-25,badcase,骑行车类频道，与咖啡机推广无关，近10条全不匹配。
9514,UCuhdqQsQzCP72tesTlnDdMg,Man Made of Nature,https://cn--xtb.noxinfluencer.com/youtube/channel/UCuhdqQsQzCP72tesTlnDdMg,-9,badcase,农业/食物仅弱相关，近10条内容仍与咖啡机不符。
9515,UCFE-BX5NT6LyYTzf9g4tAuw,Cimots,https://cn--xtb.noxinfluencer.com/youtube/channel/UCFE-BX5NT6LyYTzf9g4tAuw,-25,badcase,游戏脑洞短视频，属于明显娱乐错位，不适合推咖啡机。
9516,UCfojtkLkHyvgj2ey8EenfAw,Hult Center,https://cn--xtb.noxinfluencer.com/youtube/channel/UCfojtkLkHyvgj2ey8EenfAw,-24,badcase,演出娱乐频道为主，只有生活方式弱信号，整体不适配。
9517,UCHYTOnxvMhgQLU483YWte2w,Adventure Archaeology,https://cn--xtb.noxinfluencer.com/youtube/channel/UCHYTOnxvMhgQLU483YWte2w,-10,badcase,考古寻宝题材与咖啡机无关，近10条内容均不匹配。
9518,UCDmxnPem-pPfJQATIkfgY2Q,Keith Fenner,https://cn--xtb.noxinfluencer.com/youtube/channel/UCDmxnPem-pPfJQATIkfgY2Q,-10,badcase,工业机加工频道，与咖啡机推广受众不符
9519,UCD1m8guY03QCqPWHGnNgI_Q,DC Morex,https://cn--xtb.noxinfluencer.com/youtube/channel/UCD1m8guY03QCqPWHGnNgI_Q,-25,badcase,游戏内容与咖啡机推广完全不相干
9520,UCQM0EYOuCoKNuv5PdP3K-Qg,This Is Why with Dr. Busti,https://cn--xtb.noxinfluencer.com/youtube/channel/UCQM0EYOuCoKNuv5PdP3K-Qg,-10,badcase,医学教育频道，缺少咖啡机购买或使用语境
9521,UCbpJkdhqoRZPsN8qgmibeIQ,Zazakovich,https://cn--xtb.noxinfluencer.com/youtube/channel/UCbpJkdhqoRZPsN8qgmibeIQ,-9,badcase,披萨外卖厨房POV内容，无咖啡机评测或购买意图
9522,UCRtXaxLot3cP7clMGERrIKQ,CrueltyFreeVeganBeauty,https://cn--xtb.noxinfluencer.com/youtube/channel/UCRtXaxLot3cP7clMGERrIKQ,-8,badcase,有评测与销售语境，但美妆受众与咖啡机不匹配
9523,UC56tHcbUGs-cPiFYMguPYjQ,Matthew's Adventures,https://cn--xtb.noxinfluencer.com/youtube/channel/UC56tHcbUGs-cPiFYMguPYjQ,-10,badcase,无咖啡机相关标签，近10条全是钓鱼/送货/刀具内容
9524,UC9fy1EjIChIC51Oa7OhbgJQ,Mechanical Projects,https://cn--xtb.noxinfluencer.com/youtube/channel/UC9fy1EjIChIC51Oa7OhbgJQ,-10,badcase,工业维修/重型机械频道，与家用咖啡机推广场景不符
9525,UC2p4hfcNwVemf_Kh4pZmU7g,AZD Animation,https://cn--xtb.noxinfluencer.com/youtube/channel/UC2p4hfcNwVemf_Kh4pZmU7g,-25,badcase,ASMR吃播动画，属于强格式错配，不适合咖啡机推广
9526,UCXZsHSlMaTCcJNG85bIucSw,Mighty Dozer,https://cn--xtb.noxinfluencer.com/youtube/channel/UCXZsHSlMaTCcJNG85bIucSw,-10,badcase,推土机/土方工程内容，和咖啡机产品推广无关
9527,UCXPNMSAVjI50Xb2Ye7CsuDA,Hải Phố Núi,https://cn--xtb.noxinfluencer.com/youtube/channel/UCXPNMSAVjI50Xb2Ye7CsuDA,-10,badcase,美食生活号，缺少咖啡机的使用/测评/购买语境
9528,UCTGIDU46TcFM738Fjxc6EuA,Easy Pack Adhesive Bopp Packing Tape Manufacturer,https://cn--xtb.noxinfluencer.com/youtube/channel/UCTGIDU46TcFM738Fjxc6EuA,-10,badcase,包装胶带厂，内容全是包装耗材，和咖啡机无关
9529,UC4ZtdDtfQ0530M2MBXg3j6g,KTM (Machining &Tooling Solutions Provider),https://cn--xtb.noxinfluencer.com/youtube/channel/UC4ZtdDtfQ0530M2MBXg3j6g,-25,badcase,机加工/模具内容，偏工业制造，不适合推广咖啡机
9530,UClNs7bTBEMHuK_l_tri8dAA,Texas Beard Adventures,https://cn--xtb.noxinfluencer.com/youtube/channel/UClNs7bTBEMHuK_l_tri8dAA,-10,badcase,户外钓猎/娱乐内容，和咖啡机购买推广场景不匹配
9531,UC329SixHMF2rVS3MrUZtYPQ,SparClean Home and Yard,https://cn--xtb.noxinfluencer.com/youtube/channel/UC329SixHMF2rVS3MrUZtYPQ,-7,badcase,家居清洁有弱场景，但近期全是庭院整治，咖啡机相关性低
9532,UClTb2il2vmLWHBih5DCKlGA,En Tu Area,https://cn--xtb.noxinfluencer.com/youtube/channel/UClTb2il2vmLWHBih5DCKlGA,-25,badcase,音乐说唱频道，属于娱乐内容，不适合咖啡机推广
9533,UC31aM5h-8NYtJYWAhKSmxnQ,Joanna Borne,https://cn--xtb.noxinfluencer.com/youtube/channel/UC31aM5h-8NYtJYWAhKSmxnQ,-10,badcase,音乐歌手号，缺少咖啡机测评/购买语境，近10条全不相关
9534,UCUNb6ygDVKmeXQcj8nlaLPg,Miami Tip,https://cn--xtb.noxinfluencer.com/youtube/channel/UCUNb6ygDVKmeXQcj8nlaLPg,-10,badcase,说唱娱乐与情感内容为主，缺少咖啡机使用或购买信号
9535,UC0kPpCIJNvpfuJK3CNeRD0w,The Balcony | by SARARA,https://cn--xtb.noxinfluencer.com/youtube/channel/UC0kPpCIJNvpfuJK3CNeRD0w,-20,badcase,剧情短内容偏娱乐叙事，和咖啡机推广场景明显不符
9536,UC3Y2VzSmWuZ-t5YnBpbkXFQ,Shishi paper diy,https://cn--xtb.noxinfluencer.com/youtube/channel/UC3Y2VzSmWuZ-t5YnBpbkXFQ,-25,badcase,ASMR纸艺盲袋为主，强格式错配，和咖啡机推广无关
9537,UCCv8PJrQVgN1q2s5PPwBgHw,Rochiel Israel,https://cn--xtb.noxinfluencer.com/youtube/channel/UCCv8PJrQVgN1q2s5PPwBgHw,-10,badcase,生活记录偏日常，但无咖啡机或家电购买语境，近期全不相关
9538,UCv_JBdUN9KZ7yNPNMcT4ztw,du fan,https://cn--xtb.noxinfluencer.com/youtube/channel/UCv_JBdUN9KZ7yNPNMcT4ztw,-10,badcase,风扇DIY频道，近10条全是风扇测试，与咖啡机推广无关
9539,UCT8UHzRunoEwJGbiGIyMSvg,Lifestyle | Motherhood | Lifehacks,https://cn--xtb.noxinfluencer.com/youtube/channel/UCT8UHzRunoEwJGbiGIyMSvg,-10,badcase,母婴生活妙招频道，近期内容集中在育儿，与咖啡机无关
9540,UCBCSK3slBXbJfcyzXSaJP2A,Sensual Music Club,https://cn--xtb.noxinfluencer.com/youtube/channel/UCBCSK3slBXbJfcyzXSaJP2A,-25,badcase,音乐娱乐频道，偏氛围音乐，属于咖啡机推广强不匹配
9541,UCO8z1AQLFdUCnjd5p5w2TLQ,Jordan Hughes,https://cn--xtb.noxinfluencer.com/youtube/channel/UCO8z1AQLFdUCnjd5p5w2TLQ,-9,badcase,酒吧调酒频道，只有泛食品场景弱相关，近期内容全是鸡尾酒
9542,UC8JeR5SrlziYUy9N1pu5b-g,American Ranch Company,https://cn--xtb.noxinfluencer.com/youtube/channel/UC8JeR5SrlziYUy9N1pu5b-g,-9,badcase,牧场/马匹频道，只有泛生活标签弱相关，最近内容均不匹配
9544,UCNqJXFrkw8FOE23OQTRpJFg,Ice Bear ASMR,https://cn--xtb.noxinfluencer.com/youtube/channel/UCNqJXFrkw8FOE23OQTRpJFg,-25,badcase,ASMR/声音向内容，属于强格式错配，不适合咖啡机推广
9545,UCNvN2yUgF3SYJ2dfzd4HUqg,Rule the Galaxy,https://cn--xtb.noxinfluencer.com/youtube/channel/UCNvN2yUgF3SYJ2dfzd4HUqg,-25,badcase,星战播客/娱乐向频道，与咖啡机产品推广场景明显不符
9546,UCCOQ5ZWM_qVlMei2B3whyqA,Michael in the Backyard,https://cn--xtb.noxinfluencer.com/youtube/channel/UCCOQ5ZWM_qVlMei2B3whyqA,-12,badcase,频道偏维修、3D打印和电动车，缺少咖啡机评测或购买意图
9547,UClZNLkTl8FQmWK7QOoaxMhw,Mikayla Cha’Wray,https://cn--xtb.noxinfluencer.com/youtube/channel/UClZNLkTl8FQmWK7QOoaxMhw,-9,badcase,仅有晨间场景弱相关，近期内容为校园美妆Vlog，缺少咖啡机推广意图
9548,UCAFx2P2OC3A_WdrdArmUNpg,Fancy's Art,https://cn--xtb.noxinfluencer.com/youtube/channel/UCAFx2P2OC3A_WdrdArmUNpg,-10,badcase,艺术绘画频道，与咖啡机推广无关，近期内容全是绘画教程。
9549,UCnFS5d8PghMriOBI8AjySBQ,Basic Sound Effects,https://cn--xtb.noxinfluencer.com/youtube/channel/UCnFS5d8PghMriOBI8AjySBQ,-25,badcase,ASMR音效型频道，属于明显形式错配，近期全是脚步和掉落音效。
9550,UCPyHstwfusy2WMEuXr7OTiw,Victory Toyota of St. Louis,https://cn--xtb.noxinfluencer.com/youtube/channel/UCPyHstwfusy2WMEuXr7OTiw,-25,badcase,汽车经销商频道，受众与咖啡机完全不匹配，近期均为车辆上架。
9551,UC6Ox891J7-eXaSJKNE1YAjw,Editing Plus,https://cn--xtb.noxinfluencer.com/youtube/channel/UC6Ox891J7-eXaSJKNE1YAjw,-10,badcase,泛知识Top10频道，只有榜单风格，没有咖啡机或家电购买语境。
9552,UCiiS_BEwVqX995132lWOStQ,Precision tig welding & fabrication,https://cn--xtb.noxinfluencer.com/youtube/channel/UCiiS_BEwVqX995132lWOStQ,-10,badcase,焊接维修频道，内容偏金工改装，与咖啡机推广缺乏直接受众。
9553,UCk9q_9XUjWwPvkU73H4VtDg,Magic Pretzel,https://cn--xtb.noxinfluencer.com/youtube/channel/UCk9q_9XUjWwPvkU73H4VtDg,-7,badcase,烘焙甜点频道，只有弱厨房场景，缺少咖啡机购买/评测意图
9554,UCyxTuHlBwSqFVCeqy4AZ3CA,Michael Ceras GF,https://cn--xtb.noxinfluencer.com/youtube/channel/UCyxTuHlBwSqFVCeqy4AZ3CA,-7,badcase,仅泛厨房/烹饪弱相关，近期内容无咖啡机或器具推广意图
9555,UCQTjnoqZwsSjZMj1fgva6lA,Shade House,https://cn--xtb.noxinfluencer.com/youtube/channel/UCQTjnoqZwsSjZMj1fgva6lA,-25,badcase,深夜音乐氛围频道，属于音频娱乐型内容，与咖啡机推广形式不匹配
9556,UCwiCqNMD-bw0lDVBS6XYgiQ,OffCamber Autosport Shop,https://cn--xtb.noxinfluencer.com/youtube/channel/UCwiCqNMD-bw0lDVBS6XYgiQ,-25,badcase,汽车改装频道，主题与咖啡机无关，最近内容全是车辆升级
9557,UCTuO_-ZAE8_lgFKoy04aQVw,Tony Kanaan,https://cn--xtb.noxinfluencer.com/youtube/channel/UCTuO_-ZAE8_lgFKoy04aQVw,-25,badcase,赛车/游戏频道，受众与咖啡机推广场景不符
9558,UCdI6MyimLggZ2WUuKa2XsMw,Cookology,https://cn--xtb.noxinfluencer.com/youtube/channel/UCdI6MyimLggZ2WUuKa2XsMw,-5,badcase,烹饪食谱频道，无咖啡机评测或购买意图，近期内容多不匹配
9559,UCCj_wq6TEkIheu1fztFKeqA,Regenerative Farmers of America,https://cn--xtb.noxinfluencer.com/youtube/channel/UCCj_wq6TEkIheu1fztFKeqA,-9,badcase,农场农业受众与咖啡机购买场景弱相关，整体仍偏不匹配
9560,UClhH7IaSdivF8D-fAmWFoIw,OXYGEN TV,https://cn--xtb.noxinfluencer.com/youtube/channel/UClhH7IaSdivF8D-fAmWFoIw,-25,badcase,影视娱乐频道，内容形态与咖啡机推广完全错位
9561,UCU2jKxW4Vs3N7nctpqXmGQw,Craftsyimpressions,https://cn--xtb.noxinfluencer.com/youtube/channel/UCU2jKxW4Vs3N7nctpqXmGQw,-25,badcase,美甲美妆频道与咖啡机品类基本无关
9562,UC4PZq6zBi9BO8ZnG0Z686NA,Sheet Music Direct,https://cn--xtb.noxinfluencer.com/youtube/channel/UC4PZq6zBi9BO8ZnG0Z686NA,-25,badcase,乐谱音乐频道，受众和咖啡机购买场景不匹配
9563,UCHhpxlehMzOSOTXecCE5YOg,Songeez,https://cn--xtb.noxinfluencer.com/youtube/channel/UCHhpxlehMzOSOTXecCE5YOg,-25,badcase,音乐娱乐频道，内容与咖啡机推广意图明显不符
9564,UCOqfyRssPRoK_EtCgUAi23w,Homeless Boy,https://cn--xtb.noxinfluencer.com/youtube/channel/UCOqfyRssPRoK_EtCgUAi23w,-6,badcase,家居生活但以建房/生存为主，咖啡机相关度弱
9566,UCN9J8mRAVapUaLtYGVK5SAA,Disco Bob Entertainment & More,https://cn--xtb.noxinfluencer.com/youtube/channel/UCN9J8mRAVapUaLtYGVK5SAA,-25,badcase,以滑轮舞和娱乐为主，和咖啡机促销场景不匹配
9567,UC4Cvo_v0g1OGkYA5gY_nk5w,Advantech AIoT Connect,https://cn--xtb.noxinfluencer.com/youtube/channel/UC4Cvo_v0g1OGkYA5gY_nk5w,-25,badcase,工业AIoT频道，受众与咖啡机消费推广完全错位
9568,UC1n43SH1UOlxU8ikYFaflMg,龙弟很忙Brother Long Cooking,https://cn--xtb.noxinfluencer.com/youtube/channel/UC1n43SH1UOlxU8ikYFaflMg,-6,badcase,仅泛美食弱相关，近期全为乡村采摘烹饪，无咖啡机推广意图
9569,UCtGPOTreyu4yA_-JKlu4MPQ,Badd Rap Vlogz,https://cn--xtb.noxinfluencer.com/youtube/channel/UCtGPOTreyu4yA_-JKlu4MPQ,-20,badcase,宠物狗娱乐内容与人用咖啡机受众不符，近10条无产品信号
9570,UC_All_c43IhdCWpU3Lh8PZQ,Joytime Collective,https://cn--xtb.noxinfluencer.com/youtube/channel/UC_All_c43IhdCWpU3Lh8PZQ,-25,badcase,纯音乐/EDM娱乐频道，和咖啡机推广场景明显不匹配
9571,UCLzZkl30hxL86l_9TyjEx_w,Miss Mel Fit,https://cn--xtb.noxinfluencer.com/youtube/channel/UCLzZkl30hxL86l_9TyjEx_w,0,badcase,美食健身生活类，无咖啡机评测、购买或设备内容
9572,UClx1NZAfo_gfI5WIPw7av-g,Jerejoe,https://cn--xtb.noxinfluencer.com/youtube/channel/UClx1NZAfo_gfI5WIPw7av-g,-25,badcase,游戏恐怖内容与咖啡机推广无关，受众和场景都不匹配
9573,UCAmnHyEdCH2_3Al08Ke4blA,The Sleep Journey,https://cn--xtb.noxinfluencer.com/youtube/channel/UCAmnHyEdCH2_3Al08Ke4blA,-25,badcase,睡眠故事/纪录片频道，与咖啡机推广场景明显不符
9574,UC_8JJZWR5oFyGXyPmS_eh8g,PEACE & NATURE,https://cn--xtb.noxinfluencer.com/youtube/channel/UC_8JJZWR5oFyGXyPmS_eh8g,-10,badcase,以汽车/家居维修为主，缺少咖啡机相关购买或测评信号
9575,UCvwkhwbzXsHMZLCKyO2LcYw,collide.,https://cn--xtb.noxinfluencer.com/youtube/channel/UCvwkhwbzXsHMZLCKyO2LcYw,-10,badcase,油气播客与咖啡机推广关联弱，近期内容也无购买测评信号
9576,UCP9Y9gjyST6zxxjQoUkG7iA,Tranquility Jazz Atmosphere,https://cn--xtb.noxinfluencer.com/youtube/channel/UCP9Y9gjyST6zxxjQoUkG7iA,-25,badcase,纯音乐/氛围音频道，属于咖啡机推广的强格式不匹配
9577,UC6HhF-dMOqwA8m_ZspeA9kQ,Arianna Elizabeth,https://cn--xtb.noxinfluencer.com/youtube/channel/UC6HhF-dMOqwA8m_ZspeA9kQ,-10,badcase,瑜伽健身内容，和咖啡机的购买/测评/安装场景不相关
9578,UCvL0RsEYFEaqE1_IpHooO_A,Laser Lady,https://cn--xtb.noxinfluencer.com/youtube/channel/UCvL0RsEYFEaqE1_IpHooO_A,-9,badcase,激光工艺为主，和咖啡机无关，近期内容也全是激光项目。
9579,UCd7bGtxn-IFaLL0NNfmVUrw,Horizon Trailers LLC,https://cn--xtb.noxinfluencer.com/youtube/channel/UCd7bGtxn-IFaLL0NNfmVUrw,-25,badcase,拖车销售频道，受众与咖啡机完全不匹配。
9580,UCBX9uXWJ7dy_RSIziM6Cquw,𝓦𝓱𝓲𝓽𝓷𝓮𝔂,https://cn--xtb.noxinfluencer.com/youtube/channel/UCBX9uXWJ7dy_RSIziM6Cquw,-25,badcase,娱乐舞蹈短视频为主，属于明显格式与主题错配。
9581,UCBoi3oTc3Ss359di7gEuGfQ,Dori Turner Interiors,https://cn--xtb.noxinfluencer.com/youtube/channel/UCBoi3oTc3Ss359di7gEuGfQ,-7,badcase,家居装饰弱相关，近期内容几乎无咖啡机评测或购买意图
9583,UCmzI-WUSwtHtm9tB-htFYiw,TMMB's,https://cn--xtb.noxinfluencer.com/youtube/channel/UCmzI-WUSwtHtm9tB-htFYiw,-25,badcase,ASMR打包格式与咖啡机推广强冲突，近10条无相关
9584,UCgEn4Yf1YflJps30aGwdaSw,Mega Saw,https://cn--xtb.noxinfluencer.com/youtube/channel/UCgEn4Yf1YflJps30aGwdaSw,-9,badcase,树木切割/林业内容，和咖啡机无关，近10条全不匹配
9585,UCKLrHb4DVOU6LP-gRuTxuoQ,Earth Works Jax,https://cn--xtb.noxinfluencer.com/youtube/channel/UCKLrHb4DVOU6LP-gRuTxuoQ,-10,badcase,园林景观内容，不具咖啡机推广场景，近期也无相关
9586,UCx7kQtF3U6ZzQ82Fi9UqjYg,John's Railroad,https://cn--xtb.noxinfluencer.com/youtube/channel/UCx7kQtF3U6ZzQ82Fi9UqjYg,-8,badcase,模型火车频道，和咖啡机推广无关，近10条都不匹配
9588,UCP15ui7R8clKcMIP1E0W1pw,UNH Extension,https://cn--xtb.noxinfluencer.com/youtube/channel/UCP15ui7R8clKcMIP1E0W1pw,-20,badcase,农业温室教学内容，咖啡机推广场景明显不匹配
9589,UC5yXn3qF-8TOFWf7rqIqnlA,ChaskaSafari Official,https://cn--xtb.noxinfluencer.com/youtube/channel/UC5yXn3qF-8TOFWf7rqIqnlA,-9,badcase,印度街头美食/生活短视频频道，无咖啡机测评或购买意图
9590,UCjvjGU5_3Kv5Z0jK2taA6PQ,Oil Gas World,https://cn--xtb.noxinfluencer.com/youtube/channel/UCjvjGU5_3Kv5Z0jK2taA6PQ,-20,badcase,油气工业设备内容，和咖啡机推广基本无关
9593,UCtHt4NKKqqrlqcuvgvP5GhQ,Theavyka Eng,https://cn--xtb.noxinfluencer.com/youtube/channel/UCtHt4NKKqqrlqcuvgvP5GhQ,-13,badcase,鸟鸣/生活/娱乐为主，近10条无咖啡机购买、测评或使用场景
9594,UC_J19cugXBjaJHC14O26krQ,ETHEREAL YT,https://cn--xtb.noxinfluencer.com/youtube/channel/UC_J19cugXBjaJHC14O26krQ,-25,badcase,拼图+ASMR解压内容，和咖啡机推广的购买/测评场景不匹配
9595,UCdpYOBBn_SamhukKXsnS7pQ,Rhino Metals,https://cn--xtb.noxinfluencer.com/youtube/channel/UCdpYOBBn_SamhukKXsnS7pQ,-25,badcase,枪柜安防品牌频道，类目与咖啡机完全不相关
9596,UCzsHYjHL1dZ4_3-DxgrOQOw,Agriculture Insight,https://cn--xtb.noxinfluencer.com/youtube/channel/UCzsHYjHL1dZ4_3-DxgrOQOw,-10,badcase,农业纪录片频道，近期内容与咖啡机促销场景完全不符
9597,UCQvGFe1iDtRc8Dt0y0e9XDw,Moonlight Melodies,https://cn--xtb.noxinfluencer.com/youtube/channel/UCQvGFe1iDtRc8Dt0y0e9XDw,-25,badcase,咖啡馆爵士/睡眠放松频道，属于氛围音频，不适合推咖啡机
9598,UC0cFuUpPx8l5srbVJBq1cOg,S. T. S. (Something To Say),https://cn--xtb.noxinfluencer.com/youtube/channel/UC0cFuUpPx8l5srbVJBq1cOg,-10,badcase,园艺/音乐频道，最近10条全不涉及咖啡机推广场景
9599,UCrEcXzZy-ECTdAxoPgOssZA,Commando Designs,https://cn--xtb.noxinfluencer.com/youtube/channel/UCrEcXzZy-ECTdAxoPgOssZA,-10,badcase,3D打印与喷漆DIY频道，无咖啡机评测或购买意图内容
9600,UCVcb-_wvDlkRav3uIPtHWdA,Pajen Craft,https://cn--xtb.noxinfluencer.com/youtube/channel/UCVcb-_wvDlkRav3uIPtHWdA,-10,badcase,自制弹弓和狩猎内容，和咖啡机推广场景不符
9601,UCu2iftbM_L8z90D1Q0bd42A,Lock Props,https://cn--xtb.noxinfluencer.com/youtube/channel/UCu2iftbM_L8z90D1Q0bd42A,-20,badcase,cosplay/娱乐频道，属于明显错位的咖啡机推广人群
9602,UCdq5e_UUawfQbdfeYkRnBqg,Sejehia,https://cn--xtb.noxinfluencer.com/youtube/channel/UCdq5e_UUawfQbdfeYkRnBqg,-10,badcase,娱乐短视频号，内容过于泛娱乐，不适合咖啡机推广
9603,UCIksQrzZU5u8H9mP1I5icYg,Breeo,https://cn--xtb.noxinfluencer.com/youtube/channel/UCIksQrzZU5u8H9mP1I5icYg,-10,badcase,火堆烧烤频道，和咖啡机无关，近10期全是户外烹饪内容
9604,UC972ZwV3aJiPZGe7PGlb7_g,Sounds About Angela,https://cn--xtb.noxinfluencer.com/youtube/channel/UC972ZwV3aJiPZGe7PGlb7_g,-10,badcase,时尚生活vlog，缺少咖啡机/家电/测评信号，近期内容不匹配
9605,UCIt142KdHUVyZzq5E9i6Avg,Cool Calm Curly,https://cn--xtb.noxinfluencer.com/youtube/channel/UCIt142KdHUVyZzq5E9i6Avg,-10,badcase,美妆护发频道，和咖啡机推广场景无关，近期也无相关内容
9606,UC_gSEzxzPy4Y7_g584cNBMA,Saifullah Faisal,https://cn--xtb.noxinfluencer.com/youtube/channel/UC_gSEzxzPy4Y7_g584cNBMA,-25,badcase,宠物+动画故事频道，和人用咖啡机强冲突，格式与主题都不适合
9607,UC27bwWo_YqTauhUwjKT6Wyw,Curtis Haaland,https://cn--xtb.noxinfluencer.com/youtube/channel/UC27bwWo_YqTauhUwjKT6Wyw,-10,badcase,刀具锻造频道，偏手工工具而非家电咖啡设备，缺少购买测评语境
9608,UCqAwB7y8szUk-0DNoY4k3Aw,Wis Nusantara Art,https://cn--xtb.noxinfluencer.com/youtube/channel/UCqAwB7y8szUk-0DNoY4k3Aw,-25,badcase,动漫绘画娱乐频道，与咖啡机推广场景明显不符
9609,UCtyJSDdiZTHV2RqmWQ0R2gA,Mobile Home Gourmet,https://cn--xtb.noxinfluencer.com/youtube/channel/UCtyJSDdiZTHV2RqmWQ0R2gA,-8,badcase,仅泛食品生活方式相关，近期全是 smoothie/炒菜，无咖啡机推广语境
9610,UCDNEN2B6trk1aF1Jajr64aw,aosu Life official,https://cn--xtb.noxinfluencer.com/youtube/channel/UCDNEN2B6trk1aF1Jajr64aw,-18,badcase,安防摄像头官方频道，近期内容全为摄像头，咖啡机推广不适配
9611,UC0k2ZLykBD2S75yA3dBSDUQ,Titan Luxury Works,https://cn--xtb.noxinfluencer.com/youtube/channel/UC0k2ZLykBD2S75yA3dBSDUQ,-25,badcase,时尚娱乐频道与咖啡机推广不符，近期内容也无关
9612,UCzCYqDvNSl8fph0jTwMSuCQ,2 Idiots Talking About Music,https://cn--xtb.noxinfluencer.com/youtube/channel/UCzCYqDvNSl8fph0jTwMSuCQ,-25,badcase,音乐reaction频道与咖啡机推广无关，近10条均不匹配
9613,UCM6e630B_7TLMdrTaN1SR_A,KCs Paint Shop,https://cn--xtb.noxinfluencer.com/youtube/channel/UCM6e630B_7TLMdrTaN1SR_A,-25,badcase,汽车改装喷漆频道，近期全是车内容，和咖啡机推广完全不相关
9614,UCdVmhi82J90e52Oi-b82HNw,Triple M Tech,https://cn--xtb.noxinfluencer.com/youtube/channel/UCdVmhi82J90e52Oi-b82HNw,-10,badcase,频道偏电子/游戏/电视盒测评，无咖啡机相关内容
9615,UCtaqZzo6YPTGPQk2voRGiww,Duy Bin ô tô Phú Thọ,https://cn--xtb.noxinfluencer.com/youtube/channel/UCtaqZzo6YPTGPQk2voRGiww,-25,badcase,二手车销售频道，受众和咖啡机完全不在一个消费场景
9617,UCN5UmR6RuEWNaNTP50HDzAw,The Hearing Club,https://cn--xtb.noxinfluencer.com/youtube/channel/UCN5UmR6RuEWNaNTP50HDzAw,-5,badcase,产品评测导向有一点推广性，但听力器械垂类与咖啡机差太远
9618,UCiQTeFx41TmaM4N3BzmxJDg,Ryan Brailsford,https://cn--xtb.noxinfluencer.com/youtube/channel/UCiQTeFx41TmaM4N3BzmxJDg,-10,badcase,旅游内容为主，近期视频与咖啡机无关
9619,UCsNXhmta00fBI-Foo2tb7Wg,TreadmillReviewGuru,https://cn--xtb.noxinfluencer.com/youtube/channel/UCsNXhmta00fBI-Foo2tb7Wg,-25,badcase,健身器材评测垂直，和咖啡机人群不匹配
9620,UCmNTSHQhI4xQRqHFvrHQiNg,GerDentUSA,https://cn--xtb.noxinfluencer.com/youtube/channel/UCmNTSHQhI4xQRqHFvrHQiNg,-25,badcase,牙科器械垂直，明显不适合投咖啡机
9622,UCuEzMjakURKafZ7EJLoXhPw,The Healthy Home Economist®,https://cn--xtb.noxinfluencer.com/youtube/channel/UCuEzMjakURKafZ7EJLoXhPw,-8,badcase,内容偏健康饮食与蜜蜂，不具咖啡机推广场景
9623,UC-UjAenjhLDjfujBl4LUwSA,Great Skills,https://cn--xtb.noxinfluencer.com/youtube/channel/UC-UjAenjhLDjfujBl4LUwSA,-9,badcase,机械维修/农机内容与咖啡机推广关联弱，近期无家电导购信号
9624,UCPKGvfCrESx3nbmTMGP7PTQ,Eddie333,https://cn--xtb.noxinfluencer.com/youtube/channel/UCPKGvfCrESx3nbmTMGP7PTQ,-25,badcase,娱乐挑战频道与咖啡机推广明显错位，属于强不适配受众
9625,UCVeCsS00EYb42MCg1nUIlNw,Logger Wade,https://cn--xtb.noxinfluencer.com/youtube/channel/UCVeCsS00EYb42MCg1nUIlNw,-10,badcase,伐木工程内容与咖啡机人群不匹配，缺少咖啡或家电场景
9626,UCrg0gFtWK9g900Ys9uh0XiQ,SIRAN Hakobyan  Foodblog,https://cn--xtb.noxinfluencer.com/youtube/channel/UCrg0gFtWK9g900Ys9uh0XiQ,-7,badcase,仅有食品/厨房弱场景，近期全为烘焙甜点，无咖啡机推广证据
9627,UC-jihsDoX36ktUMdl60r-5Q,CAFE TIBURON,https://cn--xtb.noxinfluencer.com/youtube/channel/UC-jihsDoX36ktUMdl60r-5Q,-25,badcase,音乐反应类频道与咖啡机推广错位，娱乐属性过强
9628,UCcvTebRbuFCvum1yS7OWNAg,Erika Nolan - The Holistic Homestead,https://cn--xtb.noxinfluencer.com/youtube/channel/UCcvTebRbuFCvum1yS7OWNAg,-8,badcase,园艺家居内容为主，缺少咖啡机评测或购买语境
9629,UCa0Y9r5rENIseGLiMFEU7SQ,Subhan Speaks,https://cn--xtb.noxinfluencer.com/youtube/channel/UCa0Y9r5rENIseGLiMFEU7SQ,-22,badcase,近10条全是ASMR滚珠赛道内容，咖啡机推广场景不符
9630,UC4WXy0QKgw81bETYml9JLjA,Our Plant Based Bunch,https://cn--xtb.noxinfluencer.com/youtube/channel/UC4WXy0QKgw81bETYml9JLjA,-9,badcase,饮食日常为主，只有弱场景重叠，缺少咖啡机语境
9631,UCW1uZTMISjRsrQNwPp6qufw,Craig of the Creek,https://cn--xtb.noxinfluencer.com/youtube/channel/UCW1uZTMISjRsrQNwPp6qufw,-25,badcase,动画剧情向频道，明显不适合咖啡机推广
9632,UCbIpCfYC70UxEQv6pHHfXGg,Sam Reaction,https://cn--xtb.noxinfluencer.com/youtube/channel/UCbIpCfYC70UxEQv6pHHfXGg,-9,badcase,施工工具内容为主，和咖啡机购买语境不匹配
9633,UCBpyaZCbHnBv6nVzKuHaj2w,Scary Domain,https://cn--xtb.noxinfluencer.com/youtube/channel/UCBpyaZCbHnBv6nVzKuHaj2w,-25,badcase,频道以真罪案/悬疑娱乐为主，与咖啡机推广场景明显不符
9634,UCnvKAQ0vmPjXRKy5FIkbFHQ,Cedar Lee,https://cn--xtb.noxinfluencer.com/youtube/channel/UCnvKAQ0vmPjXRKy5FIkbFHQ,-10,badcase,频道为绘画艺术内容，与咖啡机推广无关，近10条全部不匹配
9635,UCcKbcTNOr-wl_k4IeRIeqbg,GrowOrganic Peaceful Valley,https://cn--xtb.noxinfluencer.com/youtube/channel/UCcKbcTNOr-wl_k4IeRIeqbg,-10,badcase,内容均为园艺农业，近期无咖啡机相关信号，推广不匹配
9636,UCEIPGYDa2YwKNJHCa-lH3sQ,Prestel Jake,https://cn--xtb.noxinfluencer.com/youtube/channel/UCEIPGYDa2YwKNJHCa-lH3sQ,-8,badcase,偏科技生活泛内容，近10条均与咖啡机推广不相关
9637,UCAj7O3LCDbkIR54hAn6Zz7A,CheapRVliving,https://cn--xtb.noxinfluencer.com/youtube/channel/UCAj7O3LCDbkIR54hAn6Zz7A,-10,badcase,频道主打房车/露营生活，近期内容与咖啡机无关，缺少产品推广语境
9638,UCOKdCZ4O3iFPBYCaJYAaUfA,Emerging Franchise Brands,https://cn--xtb.noxinfluencer.com/youtube/channel/UCOKdCZ4O3iFPBYCaJYAaUfA,-10,badcase,商业特许经营频道，缺少咖啡机购买/评测语境，近期内容也不匹配
9639,UCbmy5Vnmp_2uYZ9DoBzHqWg,Yaz Pach,https://cn--xtb.noxinfluencer.com/youtube/channel/UCbmy5Vnmp_2uYZ9DoBzHqWg,-1,badcase,信息过少且仅有泛短视频内容，无法建立咖啡机推广相关性
9640,UCrUIYHUZkBhHgE6C_FtxW2w,Kate at Home,https://cn--xtb.noxinfluencer.com/youtube/channel/UCrUIYHUZkBhHgE6C_FtxW2w,-9,badcase,家居装饰场景仅有弱重叠，近期内容主要是装饰分享，不适合咖啡机推广
9641,UCwh09_xoVGdcNhQxisB07Zw,Robo Eagle eye,https://cn--xtb.noxinfluencer.com/youtube/channel/UCwh09_xoVGdcNhQxisB07Zw,-10,badcase,机器人/AI频道与咖啡机推广无关，近期内容全部不匹配
9642,UCS9n2E14Jn_49QKm5CH2n6g,Dusky Beats,https://cn--xtb.noxinfluencer.com/youtube/channel/UCS9n2E14Jn_49QKm5CH2n6g,-25,badcase,放松音乐/咖啡馆氛围型频道属于音频场景，不适合咖啡机推广
9643,UCVIHVJ5vvZejktahhSQxVYg,Vicki Marie Living Life,https://cn--xtb.noxinfluencer.com/youtube/channel/UCVIHVJ5vvZejktahhSQxVYg,-8,badcase,生活vlog为主，缺少咖啡机购买/测评信号
9644,UCm8Qp6ySNp6u7TvWu6-zT_A,BON POV,https://cn--xtb.noxinfluencer.com/youtube/channel/UCm8Qp6ySNp6u7TvWu6-zT_A,-22,badcase,短视频剧情/ASMR为主，近10条无咖啡机购买或测评语境
9645,UCQJ6TLmSI26TD4FSqavgZ6A,"Dad, the engineer",https://cn--xtb.noxinfluencer.com/youtube/channel/UCQJ6TLmSI26TD4FSqavgZ6A,-8,badcase,科技/隐私向频道，缺少咖啡机购买或评测意图，近10条也完全不相关
9646,UCjgP3sXb6i8qIfEtj8ht5GQ,KYLAHJO,https://cn--xtb.noxinfluencer.com/youtube/channel/UCjgP3sXb6i8qIfEtj8ht5GQ,-9,badcase,仅泛生活/vlog，近期内容无咖啡机购买或评测语境
9647,UCLlSv3n_NhLeUQ8POrcvyzg,Nico Jeannen,https://cn--xtb.noxinfluencer.com/youtube/channel/UCLlSv3n_NhLeUQ8POrcvyzg,-10,badcase,创业/SaaS内容，与咖啡机推广无关，近10条均不匹配
9648,UChu_jByTtEY2gTKaI1WgkGQ,MimiMikey,https://cn--xtb.noxinfluencer.com/youtube/channel/UChu_jByTtEY2gTKaI1WgkGQ,-15,badcase,Minecraft剧情动画频道，和咖啡机促销人群不相干
9649,UCElJPmdMUPM3Uc5P8F6sPDg,Stvnna Man,https://cn--xtb.noxinfluencer.com/youtube/channel/UCElJPmdMUPM3Uc5P8F6sPDg,-10,badcase,娱乐生活方式频道，缺少咖啡机购买/测评语境
9650,UC0LxaIFfPb-0lEKL8leeMPQ,SUK TV,https://cn--xtb.noxinfluencer.com/youtube/channel/UC0LxaIFfPb-0lEKL8leeMPQ,-8,badcase,有评测形式，但近期内容偏相机/木作，非咖啡机
9652,UCtHt4NKKqqrlqcuvgvP5GhQ,Theavyka Eng,https://cn--xtb.noxinfluencer.com/youtube/channel/UCtHt4NKKqqrlqcuvgvP5GhQ,-10,badcase,自然生活类标签，近10条多为食物、育儿和娱乐内容，缺少咖啡机推广意图
9653,UC_J19cugXBjaJHC14O26krQ,ETHEREAL YT,https://cn--xtb.noxinfluencer.com/youtube/channel/UC_J19cugXBjaJHC14O26krQ,-10,badcase,标签与内容均不相关，近10条全为拼图/ASMR类娱乐内容。
9654,UCdpYOBBn_SamhukKXsnS7pQ,Rhino Metals,https://cn--xtb.noxinfluencer.com/youtube/channel/UCdpYOBBn_SamhukKXsnS7pQ,-20,badcase,军械保险箱类频道，与咖啡机推广目标明显不符。
9655,UCXr5lZ2iAy4gYykbcg5q_5Q,Clay House,https://cn--xtb.noxinfluencer.com/youtube/channel/UCXr5lZ2iAy4gYykbcg5q_5Q,-10,badcase,手工迷你屋频道，近10条均为DIY住宅制作，缺少咖啡机受众。
9656,UCzsHYjHL1dZ4_3-DxgrOQOw,Agriculture Insight,https://cn--xtb.noxinfluencer.com/youtube/channel/UCzsHYjHL1dZ4_3-DxgrOQOw,-25,badcase,农业纪录片频道，前5标签全是农耕/收割，和咖啡机推广场景明显不符
9657,UCQvGFe1iDtRc8Dt0y0e9XDw,Moonlight Melodies,https://cn--xtb.noxinfluencer.com/youtube/channel/UCQvGFe1iDtRc8Dt0y0e9XDw,-25,badcase,纯咖啡馆爵士/氛围音乐号，属于明显形式错配，不适合咖啡机推广。
9658,UC0cFuUpPx8l5srbVJBq1cOg,S. T. S. (Something To Say),https://cn--xtb.noxinfluencer.com/youtube/channel/UC0cFuUpPx8l5srbVJBq1cOg,-10,badcase,园艺/绿植频道与咖啡机推广无关，近期内容也全部不匹配
9659,UCrEcXzZy-ECTdAxoPgOssZA,Commando Designs,https://cn--xtb.noxinfluencer.com/youtube/channel/UCrEcXzZy-ECTdAxoPgOssZA,-9,badcase,3D打印/喷漆频道，只有泛科技弱相关，近10条内容全不匹配咖啡机
9660,UCVcb-_wvDlkRav3uIPtHWdA,Pajen Craft,https://cn--xtb.noxinfluencer.com/youtube/channel/UCVcb-_wvDlkRav3uIPtHWdA,-10,badcase,近期内容全是弹弓DIY，与咖啡机推广完全不相关
9661,UCkIcQV1nCb4HCkTdmrD2-PA,Saxophone Melody,https://cn--xtb.noxinfluencer.com/youtube/channel/UCkIcQV1nCb4HCkTdmrD2-PA,-25,badcase,音乐放松频道，非咖啡机推广场景，近期内容也全部偏乐器音乐
9662,UCFYwBKdgJDGStiHZcJkNb9w,Doctor Harry,https://cn--xtb.noxinfluencer.com/youtube/channel/UCFYwBKdgJDGStiHZcJkNb9w,-19,badcase,旅行娱乐型频道，缺少咖啡机评测/购买内容，近期内容全不匹配
9663,UCZOPMqpMIcEloSwqleQcfeA,Hydrogen for Health,https://cn--xtb.noxinfluencer.com/youtube/channel/UCZOPMqpMIcEloSwqleQcfeA,-10,badcase,内容聚焦氢疗产品，和咖啡机推广主题不相关
9664,UCbSq1vHVHQbAOP6WL2oWwqg,Luis Gasca,https://cn--xtb.noxinfluencer.com/youtube/channel/UCbSq1vHVHQbAOP6WL2oWwqg,-10,badcase,农业采收内容，缺少咖啡机或家电推广相关信号
9665,UCMGl5I9hfOtzf4D3SfgmErQ,Mechanical Trick Master,https://cn--xtb.noxinfluencer.com/youtube/channel/UCMGl5I9hfOtzf4D3SfgmErQ,-10,badcase,以焊接DIY工具为主，和咖啡机推广仅弱表面关联
9666,UCGp6XOIob2AiEU6tQlMB_DA,Minutes of Zen,https://cn--xtb.noxinfluencer.com/youtube/channel/UCGp6XOIob2AiEU6tQlMB_DA,-15,badcase,禅意绘画频道，主题和咖啡机产品推广不匹配
9667,UCK2QkcE9NZJ8_OkIMHjICWw,TheTatermeister,https://cn--xtb.noxinfluencer.com/youtube/channel/UCK2QkcE9NZJ8_OkIMHjICWw,-15,badcase,娱乐游戏评测频道，非咖啡机购买或测评场景
9668,UCCO2HaEQLi1T3qfsZQwMhBg,Process Core,https://cn--xtb.noxinfluencer.com/youtube/channel/UCCO2HaEQLi1T3qfsZQwMhBg,-6,badcase,工厂流程内容偏制造科普，缺少咖啡机评测/购买场景
9669,UCaMfX5Gmyll4ceAX_NIAU3g,Cozy K,https://cn--xtb.noxinfluencer.com/youtube/channel/UCaMfX5Gmyll4ceAX_NIAU3g,-18,badcase,游戏标签与家居家电促销错配，近期虽偏生活但仍不适合
9670,UCTmeE9XITcEDqpxYLbYQgNQ,Jason Rupp,https://cn--xtb.noxinfluencer.com/youtube/channel/UCTmeE9XITcEDqpxYLbYQgNQ,-35,badcase,ASMR剃须内容为强格式错配，不适合咖啡机投放
9671,UCfcKd5Ixx1800abABlBIQBg,Agrobank,https://cn--xtb.noxinfluencer.com/youtube/channel/UCfcKd5Ixx1800abABlBIQBg,-10,badcase,农业乡村频道，与咖啡机消费场景关联弱
9673,UCIOTV3pTgCqdQA6aW3WKIxA,Deandeere 4020,https://cn--xtb.noxinfluencer.com/youtube/channel/UCIOTV3pTgCqdQA6aW3WKIxA,-8,badcase,农机/农业频道，近期内容全是耕作，与咖啡机推广基本无关
9675,UCq6OYucAi8fVBRSwjCj-gdw,Qurat Abbasi Life In USA🇺🇸,https://cn--xtb.noxinfluencer.com/youtube/channel/UCq6OYucAi8fVBRSwjCj-gdw,-5,badcase,生活/妈妈日常vlog为主，缺少咖啡机评测或购买意图
9676,UC_eaUKifvOLq3jAjmFo6vTA,Amazing ASMR 315,https://cn--xtb.noxinfluencer.com/youtube/channel/UC_eaUKifvOLq3jAjmFo6vTA,-8,badcase,内容全是零食/冰淇淋，缺少咖啡机测评或购买意图，促销适配度低
9677,UCXXzBRCBJ3AuD9KJuqHVrYw,Kenissa Ra’Chada,https://cn--xtb.noxinfluencer.com/youtube/channel/UCXXzBRCBJ3AuD9KJuqHVrYw,-10,badcase,家庭妈妈日常为主，无咖啡机推广意图，近期内容也无测评购买信号
9678,UCFf_i6-et5nnQL6AZxViPVw,Lofty Haron,https://cn--xtb.noxinfluencer.com/youtube/channel/UCFf_i6-et5nnQL6AZxViPVw,-20,badcase,音乐娱乐频道，近期内容与咖啡机推广场景不符
9679,UCWN8U6IsOgShd-1UKH4OD5A,SM2°Mahi,https://cn--xtb.noxinfluencer.com/youtube/channel/UCWN8U6IsOgShd-1UKH4OD5A,-18,badcase,娱乐短视频为主，生活/食物标签也难支撑咖啡机带货
9680,UCNV1UdWRoUvpxLof8wQ8RNA,CAH Beatbox,https://cn--xtb.noxinfluencer.com/youtube/channel/UCNV1UdWRoUvpxLof8wQ8RNA,-25,badcase,纯Beatbox音乐表演频道，不适合咖啡机推广
9681,UCaJcQrCFw5P3NME2rkf_LMA,Advice For Health,https://cn--xtb.noxinfluencer.com/youtube/channel/UCaJcQrCFw5P3NME2rkf_LMA,-25,badcase,健康/斯多葛内容为主，不适合咖啡机产品推广
9682,UCGz69JwGRptteFAaX8hSKCQ,Sanity,https://cn--xtb.noxinfluencer.com/youtube/channel/UCGz69JwGRptteFAaX8hSKCQ,-20,badcase,开发者工具频道，与咖啡机消费类推广不匹配
9683,UCGmqwiwOTN6AhsBSuTDBU0A,ARMORCASE,https://cn--xtb.noxinfluencer.com/youtube/channel/UCGmqwiwOTN6AhsBSuTDBU0A,-8,badcase,手机配件科技号，近期内容全是充电线/手机壳，与咖啡机推广不匹配
9684,UC2QNHoohjJJtEcTSVwwDIjA,TrollzSight,https://cn--xtb.noxinfluencer.com/youtube/channel/UC2QNHoohjJJtEcTSVwwDIjA,-25,badcase,诗句/quotes娱乐号，内容形态与咖啡机等实物推广完全不搭
9685,UCRIPz0EZiNCLew9ppc9AfYw,ELyor Qurbonboev,https://cn--xtb.noxinfluencer.com/youtube/channel/UCRIPz0EZiNCLew9ppc9AfYw,-7,badcase,生活/美食类泛内容，只有轻微场景重合，缺少咖啡机购买意图
9686,UCPFC_Kf9_tXxZ1YwE5mcZ0g,All Things Kerr,https://cn--xtb.noxinfluencer.com/youtube/channel/UCPFC_Kf9_tXxZ1YwE5mcZ0g,-7,badcase,生活娱乐购物频道，缺少咖啡机评测或购买意图内容
9687,UCQ3PskTrg9GuhQyup4ENbgQ,aniayachanel,https://cn--xtb.noxinfluencer.com/youtube/channel/UCQ3PskTrg9GuhQyup4ENbgQ,-10,badcase,生活方式频道，无咖啡机购买或测评信号，近10条内容均不匹配
9688,UC9noG55oaqrj9IpZRxjPLhw,Superior Industries,https://cn--xtb.noxinfluencer.com/youtube/channel/UC9noG55oaqrj9IpZRxjPLhw,-25,badcase,工业砂石设备号，和咖啡机消费场景完全不搭
9689,UCvgJNM57SMIPtb21q3VvEzg,Pixel Knight Vibes,https://cn--xtb.noxinfluencer.com/youtube/channel/UCvgJNM57SMIPtb21q3VvEzg,-35,badcase,音乐安眠向，属强格式不匹配，不适合咖啡机推广
9690,UC4O2uQUQNdo4euBy42sGjqg,Hometown Acres,https://cn--xtb.noxinfluencer.com/youtube/channel/UC4O2uQUQNdo4euBy42sGjqg,-13,badcase,频道以车辆、木柴、施工生活为主，近期内容与咖啡机推广不符
9691,UC260kFAEsACm35wtrTr78sg,FillnBricks,https://cn--xtb.noxinfluencer.com/youtube/channel/UC260kFAEsACm35wtrTr78sg,-25,badcase,ASMR搭建频道，形式与咖啡机推广明显不匹配
9692,UCO3k91ztncXEd0T0IhiEEWg,Poesia Urbana,https://cn--xtb.noxinfluencer.com/youtube/channel/UCO3k91ztncXEd0T0IhiEEWg,-35,badcase,拉丁音乐娱乐号，和咖啡机推广场景不符
9693,UCxu3_nVn6y-fRCh_Phc3fSg,Hululugululu,https://cn--xtb.noxinfluencer.com/youtube/channel/UCxu3_nVn6y-fRCh_Phc3fSg,-2,badcase,无相关标签，近期内容偏视觉艺术，与咖啡机推广无关
9694,UC15TXm_tblfrIQ3648kB3KQ,Dark Pulse Official,https://cn--xtb.noxinfluencer.com/youtube/channel/UC15TXm_tblfrIQ3648kB3KQ,-25,badcase,纯音乐/俱乐部内容，与咖啡机推广场景和受众明显不匹配
9695,UCjJp8bxXPqYopx-PUOSsQGg,Kuhn North America,https://cn--xtb.noxinfluencer.com/youtube/channel/UCjJp8bxXPqYopx-PUOSsQGg,-25,badcase,农机/农业受众与咖啡机推广目标不符，近期内容也全是设备内容
9696,UCWi-JzpRIk9Nh-Xg0rlvfxg,Sleepy Sara ASMR,https://cn--xtb.noxinfluencer.com/youtube/channel/UCWi-JzpRIk9Nh-Xg0rlvfxg,-25,badcase,ASMR睡眠型频道是物理产品推广的强格式错配，近期也多为无关测评
9697,UCV-SdjG51i0cqRQIlcZ2lkA,Basma Sooltan,https://cn--xtb.noxinfluencer.com/youtube/channel/UCV-SdjG51i0cqRQIlcZ2lkA,-10,badcase,缝纫DIY频道缺少咖啡机使用、评测或购买场景，近期也无相关性
9698,UCskMA0W6Ns4PNFWk-DOb50A,Emery 48,https://cn--xtb.noxinfluencer.com/youtube/channel/UCskMA0W6Ns4PNFWk-DOb50A,-25,badcase,频道以影视/游戏/体育反应为主，近10条几乎无咖啡机测评或购买意图
9699,UCoJhoKoocIW6FRhZEVJFJwA,Caroline de Posada,https://cn--xtb.noxinfluencer.com/youtube/channel/UCoJhoKoocIW6FRhZEVJFJwA,-10,badcase,无咖啡机相关标签，近10条均为播客/励志/人生内容，匹配度极低
9700,UCyaPfzu5hmvB41zVp7aaXFw,George Winston,https://cn--xtb.noxinfluencer.com/youtube/channel/UCyaPfzu5hmvB41zVp7aaXFw,-20,badcase,音乐演奏频道，近期内容全不相关，缺少咖啡机推广语境
9701,UCPXX7iH2rsq5jaSVpwymCAA,CosplayCostumeMaker,https://cn--xtb.noxinfluencer.com/youtube/channel/UCPXX7iH2rsq5jaSVpwymCAA,-15,badcase,频道为cosplay娱乐内容，近期也无咖啡机相关信号，明显不适合推广
9702,UCZB0F9hYGJU1NX65XcFinSA,Brisva 🎨,https://cn--xtb.noxinfluencer.com/youtube/channel/UCZB0F9hYGJU1NX65XcFinSA,-10,badcase,绘画手工类频道，与咖啡机推广无关，近10条内容全部不匹配
9703,UC95wGcV_4NOJP0NydNF3lVw,Valeria Loren,https://cn--xtb.noxinfluencer.com/youtube/channel/UC95wGcV_4NOJP0NydNF3lVw,-10,badcase,时尚美妆生活向，近期也偏孕期/穿搭，与咖啡机推广无关
9704,UCCQZvx9Ia8P0ivu76u5MVHw,KraveBeauty,https://cn--xtb.noxinfluencer.com/youtube/channel/UCCQZvx9Ia8P0ivu76u5MVHw,-10,badcase,美妆护肤号，内容集中在护肤/卸妆/旅行套装，与咖啡机不匹配
9705,UCNWdRKVgXpGV0I-jT4uOAcQ,Silentcycle,https://cn--xtb.noxinfluencer.com/youtube/channel/UCNWdRKVgXpGV0I-jT4uOAcQ,-10,badcase,骑行短视频号，内容是自行车/故事短片，不适合咖啡机推广
9706,UCD9jg1vOZ2wPmeU33VHGs0g,Troscriptions,https://cn--xtb.noxinfluencer.com/youtube/channel/UCD9jg1vOZ2wPmeU33VHGs0g,-10,badcase,健康补剂与生物黑客内容，偏脑功能/剂量讨论，与咖啡机弱相关
9707,UCcpSNyi-triEpq1OIUwWxHg,Willinrow Arts,https://cn--xtb.noxinfluencer.com/youtube/channel/UCcpSNyi-triEpq1OIUwWxHg,-10,badcase,手工微缩与DIY内容，题材偏艺术创作，不适合咖啡机推广
9708,UCMudN6-gGoucbgFtV30iD7g,Daily Interactive Warm Up,https://cn--xtb.noxinfluencer.com/youtube/channel/UCMudN6-gGoucbgFtV30iD7g,-10,badcase,健康/杂谈为主，近期内容偏泛娱乐且无咖啡机垂类
9709,UC-3n9bYPulSMoK3GvoxyJpA,Nuux Kadiye,https://cn--xtb.noxinfluencer.com/youtube/channel/UC-3n9bYPulSMoK3GvoxyJpA,-10,badcase,社媒娱乐混合频道，与咖啡机推广关联很弱
9710,UChdzbErDQ4WZroLaxXX20eA,RM info TV,https://cn--xtb.noxinfluencer.com/youtube/channel/UChdzbErDQ4WZroLaxXX20eA,-25,badcase,频道主打考试/电信故障教程，与咖啡机推广无关
9711,UCaeuDPTThxfwFe80L7OPB0Q,Mon 3,https://cn--xtb.noxinfluencer.com/youtube/channel/UCaeuDPTThxfwFe80L7OPB0Q,-25,badcase,ASMR/解压型内容与咖啡机投放格式明显不匹配
9712,UC7pYAda3YbogCXgV7oZ36fQ,puncix,https://cn--xtb.noxinfluencer.com/youtube/channel/UC7pYAda3YbogCXgV7oZ36fQ,-25,badcase,纯游戏频道，和咖啡机推广场景基本不相关
9713,UCplGn5U691CEdTbOFmnQhtQ,Proficient Prepper,https://cn--xtb.noxinfluencer.com/youtube/channel/UCplGn5U691CEdTbOFmnQhtQ,-10,badcase,频道聚焦太阳能、电池和应急电源，缺少咖啡机推广相关性
9714,UChG9bWNOEkh5M38AnFDbLYA,Sean Jackson,https://cn--xtb.noxinfluencer.com/youtube/channel/UChG9bWNOEkh5M38AnFDbLYA,-10,badcase,摩托改装受众与咖啡机推广无明显交集
9715,UCiEVVnCtpC7xf2YwlbwPJIA,BETA TECHNOLOGIES,https://cn--xtb.noxinfluencer.com/youtube/channel/UCiEVVnCtpC7xf2YwlbwPJIA,-10,badcase,电动航空频道与咖啡机完全不相关
9716,UCOtbE3U2Jdaq-4KQzglrA7A,Tatito ́s Bebés,https://cn--xtb.noxinfluencer.com/youtube/channel/UCOtbE3U2Jdaq-4KQzglrA7A,-10,badcase,母婴护理频道偏婴儿场景，不适合咖啡机推广
9717,UCOYko5i4zMPwmS-68hnhIOw,Matteo Bertoli,https://cn--xtb.noxinfluencer.com/youtube/channel/UCOYko5i4zMPwmS-68hnhIOw,-10,badcase,影视制作频道与咖啡机购买场景不匹配
9718,UCyGXBbVIoje_qe0E3CmgXmQ,DELICIOUS ALICE,https://cn--xtb.noxinfluencer.com/youtube/channel/UCyGXBbVIoje_qe0E3CmgXmQ,-25,badcase,游戏角色扮演频道，近期全是动画梗图，和咖啡机推广无关
9719,UCjcAdPoxqe2ot9HhYDMKPpA,Floc Rosa,https://cn--xtb.noxinfluencer.com/youtube/channel/UCjcAdPoxqe2ot9HhYDMKPpA,-25,badcase,纯音乐type beat频道，缺少咖啡机评测或购买场景
9720,UCE0cWpq6A-JQbn341mnfcvw,FTR - Toy Collector & Gaming,https://cn--xtb.noxinfluencer.com/youtube/channel/UCE0cWpq6A-JQbn341mnfcvw,-9,badcase,玩具收藏/开箱为主，只有泛复评测信号，和咖啡机不匹配
9721,UC1n9mYHoX6vxw50yPIno_xA,Henry’s History for Sleep,https://cn--xtb.noxinfluencer.com/youtube/channel/UC1n9mYHoX6vxw50yPIno_xA,-25,badcase,睡前历史频道，属于睡眠助眠格式，和咖啡机推广强错配
9722,UCpOksnDe_2ULvYoWQvtZqpA,Ashton Hardy,https://cn--xtb.noxinfluencer.com/youtube/channel/UCpOksnDe_2ULvYoWQvtZqpA,-10,badcase,日常Vlog和聊天为主，近期内容无咖啡机相关信号
9723,UCODabtKtk2ZY_OBx6w6uORQ,Specialized University,https://cn--xtb.noxinfluencer.com/youtube/channel/UCODabtKtk2ZY_OBx6w6uORQ,-10,badcase,骑行频道与咖啡机推广无关，近10条也无购买/评测语境
9724,UClA_irnNdR5c6Oki43gArwA,Lucas Lagoons,https://cn--xtb.noxinfluencer.com/youtube/channel/UClA_irnNdR5c6Oki43gArwA,-10,badcase,泳池庭院改造频道与咖啡机投放场景不匹配
9725,UCuhdqQsQzCP72tesTlnDdMg,Man Made of Nature,https://cn--xtb.noxinfluencer.com/youtube/channel/UCuhdqQsQzCP72tesTlnDdMg,-9,badcase,仅有泛Food弱相关，缺少咖啡机购买或测评内容
9726,UCfojtkLkHyvgj2ey8EenfAw,Hult Center,https://cn--xtb.noxinfluencer.com/youtube/channel/UCfojtkLkHyvgj2ey8EenfAw,-15,badcase,娱乐演出频道，主体是活动/音乐而非家电推广
9727,UCHYTOnxvMhgQLU483YWte2w,Adventure Archaeology,https://cn--xtb.noxinfluencer.com/youtube/channel/UCHYTOnxvMhgQLU483YWte2w,-10,badcase,历史寻宝内容与咖啡机推广无关，近期也无相关信号
9728,UCmmjWftBLtif-d0hGUNc-qA,Furniture Today,https://cn--xtb.noxinfluencer.com/youtube/channel/UCmmjWftBLtif-d0hGUNc-qA,-9,badcase,仅有泛家居弱相关，近期全是家具行业新闻，与咖啡机推广不匹配
9729,UCDmxnPem-pPfJQATIkfgY2Q,Keith Fenner,https://cn--xtb.noxinfluencer.com/youtube/channel/UCDmxnPem-pPfJQATIkfgY2Q,-10,badcase,工业机加工频道，和咖啡机推广受众与场景都不匹配
9730,UCD1m8guY03QCqPWHGnNgI_Q,DC Morex,https://cn--xtb.noxinfluencer.com/youtube/channel/UCD1m8guY03QCqPWHGnNgI_Q,-25,badcase,游戏内容为主，属于明显错配，无法支撑咖啡机推广
9731,UC5oNDtl01bdQOqb4B_JYa7g,Everloving Records,https://cn--xtb.noxinfluencer.com/youtube/channel/UC5oNDtl01bdQOqb4B_JYa7g,-25,badcase,音乐娱乐频道，偏内容消费而非产品推广，且格式错配明显
9732,UCQM0EYOuCoKNuv5PdP3K-Qg,This Is Why with Dr. Busti,https://cn--xtb.noxinfluencer.com/youtube/channel/UCQM0EYOuCoKNuv5PdP3K-Qg,-10,badcase,医疗教育频道与咖啡机推广关联弱，近期内容也完全不匹配
9733,UCRtXaxLot3cP7clMGERrIKQ,CrueltyFreeVeganBeauty,https://cn--xtb.noxinfluencer.com/youtube/channel/UCRtXaxLot3cP7clMGERrIKQ,-23,badcase,美妆护肤频道，仅有泛产品评测信号，近期内容与咖啡机不匹配
9734,UC9fy1EjIChIC51Oa7OhbgJQ,Mechanical Projects,https://cn--xtb.noxinfluencer.com/youtube/channel/UC9fy1EjIChIC51Oa7OhbgJQ,-10,badcase,重型机械维修频道，近10条都与咖啡机推广无关
9735,UCKXc3yqazOm-6vOTkc4vzOw,Lofimera Chill,https://cn--xtb.noxinfluencer.com/youtube/channel/UCKXc3yqazOm-6vOTkc4vzOw,-30,badcase,音乐放松音频频道，属于物理产品的强格式错配
9737,UCXPNMSAVjI50Xb2Ye7CsuDA,Hải Phố Núi,https://cn--xtb.noxinfluencer.com/youtube/channel/UCXPNMSAVjI50Xb2Ye7CsuDA,3,badcase,仅有食物/生活方式的弱泛化关联，缺少咖啡机购买或评测意图
9738,UCTGIDU46TcFM738Fjxc6EuA,Easy Pack Adhesive Bopp Packing Tape Manufacturer,https://cn--xtb.noxinfluencer.com/youtube/channel/UCTGIDU46TcFM738Fjxc6EuA,-10,badcase,包装胶带厂，近10条全是胶带内容，与咖啡机推广无关
9739,UCCBq2nsJh0JCfumfel3scgQ,ПОД СТУК,https://cn--xtb.noxinfluencer.com/youtube/channel/UCCBq2nsJh0JCfumfel3scgQ,-10,badcase,铁路事实频道，近10条均为火车内容，与咖啡机无关
9740,UCv-bFRWJfeV3msO9S4ji32Q,A Tale of Three Cabins,https://cn--xtb.noxinfluencer.com/youtube/channel/UCv-bFRWJfeV3msO9S4ji32Q,-9,badcase,拖拉机/RV户外频道，仅有cabin场景弱相关，整体不适合
9741,UCgAunVsQr42Tg1lTd45mkaA,David West,https://cn--xtb.noxinfluencer.com/youtube/channel/UCgAunVsQr42Tg1lTd45mkaA,-10,badcase,荒野生火技巧频道，内容与咖啡机购买/评测无关
9742,UCdj07-qQe9qQJb3qm5qy29A,Redd's World,https://cn--xtb.noxinfluencer.com/youtube/channel/UCdj07-qQe9qQJb3qm5qy29A,-10,badcase,创业生活频道，近期以日常/ASMR/美食为主，缺少咖啡机意图
9743,UClNs7bTBEMHuK_l_tri8dAA,Texas Beard Adventures,https://cn--xtb.noxinfluencer.com/youtube/channel/UClNs7bTBEMHuK_l_tri8dAA,-9,badcase,泛生活/户外/DIY频道，近10条均无咖啡机语境
9744,UC329SixHMF2rVS3MrUZtYPQ,SparClean Home and Yard,https://cn--xtb.noxinfluencer.com/youtube/channel/UC329SixHMF2rVS3MrUZtYPQ,-8,badcase,频道以庭院清理改造为主，缺少咖啡机评测或购买意图内容
9745,UClTb2il2vmLWHBih5DCKlGA,En Tu Area,https://cn--xtb.noxinfluencer.com/youtube/channel/UClTb2il2vmLWHBih5DCKlGA,-25,badcase,音乐频道，主题与家电推广不匹配，近期内容全部为音乐作品
9746,UC31aM5h-8NYtJYWAhKSmxnQ,Joanna Borne,https://cn--xtb.noxinfluencer.com/youtube/channel/UC31aM5h-8NYtJYWAhKSmxnQ,-25,badcase,以音乐创作为主，娱乐属性强，和咖啡机推广场景不匹配
9747,UCUNb6ygDVKmeXQcj8nlaLPg,Miami Tip,https://cn--xtb.noxinfluencer.com/youtube/channel/UCUNb6ygDVKmeXQcj8nlaLPg,-25,badcase,娱乐/说唱内容为主，缺少家电购买或测评语境
9748,UC0kPpCIJNvpfuJK3CNeRD0w,The Balcony | by SARARA,https://cn--xtb.noxinfluencer.com/youtube/channel/UC0kPpCIJNvpfuJK3CNeRD0w,-22,badcase,剧情短片/慢生活账号，近10条无咖啡机购买或评测意图
9749,UC3Y2VzSmWuZ-t5YnBpbkXFQ,Shishi paper diy,https://cn--xtb.noxinfluencer.com/youtube/channel/UC3Y2VzSmWuZ-t5YnBpbkXFQ,-25,badcase,纸艺ASMR/盲袋频道，和咖啡机推广场景明显不符，近10条均不匹配
9750,UCv_JBdUN9KZ7yNPNMcT4ztw,du fan,https://cn--xtb.noxinfluencer.com/youtube/channel/UCv_JBdUN9KZ7yNPNMcT4ztw,-25,badcase,频道以风扇DIY/实验为主，与咖啡机推广场景不符，近10条全是风扇内容。
9751,UCK7jkYFr-03QHZXtMFE6nWw,Valor Ojeda,https://cn--xtb.noxinfluencer.com/youtube/channel/UCK7jkYFr-03QHZXtMFE6nWw,-10,badcase,以汽车销售为主，近10条内容无咖啡机相关，推广不匹配
9752,UCuD0n8lkePqDquUAwa8PaCg,Shahid Hameed,https://cn--xtb.noxinfluencer.com/youtube/channel/UCuD0n8lkePqDquUAwa8PaCg,0,badcase,生活Vlog/旅行/美食为主，无咖啡机购买或测评信号
9753,UCo74LqaKIdNmFMYhhAcYWpA,Seahouse Ambience,https://cn--xtb.noxinfluencer.com/youtube/channel/UCo74LqaKIdNmFMYhhAcYWpA,-25,badcase,ASMR睡眠氛围频道，和咖啡机商品推广格式强错配
9754,UCwD2jQppVvmjtOmu4Sr04AA,Osmiteck,https://cn--xtb.noxinfluencer.com/youtube/channel/UCwD2jQppVvmjtOmu4Sr04AA,-10,badcase,聚焦开卡、赚钱和外汇，与咖啡机推广无关
9755,UCU8lvis9-oMaUp76MRx34IQ,Vivid Customs,https://cn--xtb.noxinfluencer.com/youtube/channel/UCU8lvis9-oMaUp76MRx34IQ,-10,badcase,聚焦印刷定制T恤，与咖啡机推广无场景关联
9756,UCTjvbJ5Bb9BmCcMoM5ChfRg,Lori & Yoga,https://cn--xtb.noxinfluencer.com/youtube/channel/UCTjvbJ5Bb9BmCcMoM5ChfRg,-10,badcase,聚焦健身瑜伽和穿搭，与咖啡机推广无关
9757,UCiESxd5gAY5B0tFHjYVkNUw,BRO PH,https://cn--xtb.noxinfluencer.com/youtube/channel/UCiESxd5gAY5B0tFHjYVkNUw,-10,badcase,聚焦足球和汽车游戏，与咖啡机推广无关
9759,UCpPFGSzhL1wJ9jMrrwE289A,Davut Şahin,https://cn--xtb.noxinfluencer.com/youtube/channel/UCpPFGSzhL1wJ9jMrrwE289A,-15,badcase,纯娱乐内容，频道格式与家电带货不匹配
9760,UC3ldAyWZqlLdSh5EyxX2EbQ,My Little Journal,https://cn--xtb.noxinfluencer.com/youtube/channel/UC3ldAyWZqlLdSh5EyxX2EbQ,-10,badcase,手账手作频道，受众与咖啡机购买场景弱相关
9762,UC8Zayh21rLWIyDfSNGZ2Jyg,ALPAKA,https://cn--xtb.noxinfluencer.com/youtube/channel/UC8Zayh21rLWIyDfSNGZ2Jyg,-10,badcase,偏数码/箱包评测，和咖啡机推广没有直接受众匹配
9763,UC91sAcCJOC6OoRGdCeqwWSg,BILL HAN 14 / BILL HAN BOSTON Studio,https://cn--xtb.noxinfluencer.com/youtube/channel/UC91sAcCJOC6OoRGdCeqwWSg,-9,badcase,科技/生活vlog，和咖啡机推广关联很弱，近期内容也完全不对题
9764,UCe0fHWjFLX6DecThdT_CZyw,Sleep Doctor,https://cn--xtb.noxinfluencer.com/youtube/channel/UCe0fHWjFLX6DecThdT_CZyw,-9,badcase,睡眠健康频道，虽有泛产品评测但与咖啡机购买推广不匹配
9765,UCAoIk1reZKZRkAUG4_Tp-bA,ZIQ Wood Craft,https://cn--xtb.noxinfluencer.com/youtube/channel/UCAoIk1reZKZRkAUG4_Tp-bA,-10,badcase,木工手工频道，主题与咖啡机没有产品或场景关联
9766,UCrUxtWxAmsPRAqVloCgiTug,Heather Ann Pearl,https://cn--xtb.noxinfluencer.com/youtube/channel/UCrUxtWxAmsPRAqVloCgiTug,-9,badcase,偏健康餐食内容，只有很弱的食品场景重合，不适合咖啡机推广
9767,UCinnETygJ7qzc6GV5DvAz1A,FOAMfrat Studios,https://cn--xtb.noxinfluencer.com/youtube/channel/UCinnETygJ7qzc6GV5DvAz1A,-10,badcase,急救医学训练频道，与咖啡机产品推广场景完全不相关
9768,UCAr72HWEQU5fPkrfK9bzVpg,ꩇׁׅ݊ᨵׁׅꫀׁׅܻ,https://cn--xtb.noxinfluencer.com/youtube/channel/UCAr72HWEQU5fPkrfK9bzVpg,-25,badcase,动画/梗图娱乐频道，与咖啡机推广场景不匹配
9769,UCa9VFR_o-YLzIn1d1BoBARQ,AI Beyond Infinity,https://cn--xtb.noxinfluencer.com/youtube/channel/UCa9VFR_o-YLzIn1d1BoBARQ,-10,badcase,AI科技频道，无咖啡机评测、购买或使用语境
9770,UC63nK8UF0BTvWL6vyPlM-yA,the graceful renegade,https://cn--xtb.noxinfluencer.com/youtube/channel/UC63nK8UF0BTvWL6vyPlM-yA,-10,badcase,摩托/冒险生活频道，仅偶发提到咖啡，缺少产品语境
9771,UC634DLImQM2TRwWbmcS5WmQ,Trip Smith,https://cn--xtb.noxinfluencer.com/youtube/channel/UC634DLImQM2TRwWbmcS5WmQ,-8,badcase,有露营/户外场景关联，但缺少咖啡机使用与评测
9772,UCtJaOQgG3lz3HEJjC_-hnMw,WIR,https://cn--xtb.noxinfluencer.com/youtube/channel/UCtJaOQgG3lz3HEJjC_-hnMw,-20,badcase,交易直播频道，和咖啡机推广完全不相关
9773,UCGXiDx9xjd72S63yYkt_ylA,Yellowlab247 Outdoors,https://cn--xtb.noxinfluencer.com/youtube/channel/UCGXiDx9xjd72S63yYkt_ylA,-10,badcase,户外狩猎/农场频道，和咖啡机投放几乎无关
9774,UCmCdYNqEycfcYABgKz92HLg,Jay Sandifer | Worship Arts Studio,https://cn--xtb.noxinfluencer.com/youtube/channel/UCmCdYNqEycfcYABgKz92HLg,-10,badcase,敬拜音乐频道为音频内容，和咖啡机推广场景不匹配
9776,UCOebuRWZLO_DjudXVYTOXkA,Touring Midwest,https://cn--xtb.noxinfluencer.com/youtube/channel/UCOebuRWZLO_DjudXVYTOXkA,-25,badcase,摩托车旅行/露营频道，近期内容与咖啡机推广无关
9777,UCojVgFSvwa36Jk0_gVLeJiw,photobycereal2k,https://cn--xtb.noxinfluencer.com/youtube/channel/UCojVgFSvwa36Jk0_gVLeJiw,-10,badcase,摄影和车聚内容为主，近期也不支持咖啡机投放
9778,UCktALNJirJaA7qtEDw4-WdQ,PTS Syndicate,https://cn--xtb.noxinfluencer.com/youtube/channel/UCktALNJirJaA7qtEDw4-WdQ,-10,badcase,Airsoft战术号，近10条全是配件安装，与咖啡机推广无关
9779,UC0XIo61aEMoaTsWTsWU4msw,Tech Gamer AzX is Back 2.0,https://cn--xtb.noxinfluencer.com/youtube/channel/UC0XIo61aEMoaTsWTsWU4msw,-10,badcase,偏跨境泛商品/渔具内容，缺少咖啡机设备测评或购买意图
9780,UCQC7EY23rynFQnqFtqwk_7A,My Recipes By R,https://cn--xtb.noxinfluencer.com/youtube/channel/UCQC7EY23rynFQnqFtqwk_7A,-8,badcase,餐饮食谱号，只有弱厨房场景，近10条都在做菜
9781,UCQMqZC2PDqv-XmCd_1yhmpg,Lori Whitlock,https://cn--xtb.noxinfluencer.com/youtube/channel/UCQMqZC2PDqv-XmCd_1yhmpg,-10,badcase,手工卡纸号，主题与咖啡机无关，近10条均为手工直播
9782,UC7AkDZJegIursg80ExefjSQ,Juli Rose,https://cn--xtb.noxinfluencer.com/youtube/channel/UC7AkDZJegIursg80ExefjSQ,-10,badcase,户外车旅频道，无咖啡机购买/评测/设备内容，近作全不匹配
9785,UCeOghtL5M9jBBlwbNn1VXfA,XDollHub,https://cn--xtb.noxinfluencer.com/youtube/channel/UCeOghtL5M9jBBlwbNn1VXfA,-25,badcase,成人玩偶工厂内容，与咖啡机推广主题明显不符
9786,UCboy4gXYJoJxqvk0BotxZAQ,Eyenun Art and Craft,https://cn--xtb.noxinfluencer.com/youtube/channel/UCboy4gXYJoJxqvk0BotxZAQ,-25,badcase,假开箱/ASMR包装频道，属于强格式不匹配
9787,UClQmf_IiEk2sQAyRUsZPs9A,Jincheng Zhang Second Channel,https://cn--xtb.noxinfluencer.com/youtube/channel/UClQmf_IiEk2sQAyRUsZPs9A,-10,badcase,摄影旅行动物频道，缺少咖啡机相关推广信号
9788,UCutRTV_qH-5qeLm9BvnUP_w,Dave Sullivan,https://cn--xtb.noxinfluencer.com/youtube/channel/UCutRTV_qH-5qeLm9BvnUP_w,-10,badcase,近期全是金融汽车等无关内容，缺少咖啡机受众
9789,UC55QItnzpf3bF9rQvN0bFag,Klean Asmr,https://cn--xtb.noxinfluencer.com/youtube/channel/UC55QItnzpf3bF9rQvN0bFag,-25,badcase,ASMR清洁声效为主，属于强格式错配，不适合咖啡机推广
9790,UCIgfnA_gj5q-5AMv0VyCMYw,janna’s hobbies,https://cn--xtb.noxinfluencer.com/youtube/channel/UCIgfnA_gj5q-5AMv0VyCMYw,-24,badcase,偏二次元萌物开箱，近期无咖啡机或家电购买评测内容
9791,UCzevjJn3D6MsRZYQqf66ytg,ArtYummiz,https://cn--xtb.noxinfluencer.com/youtube/channel/UCzevjJn3D6MsRZYQqf66ytg,-8,badcase,仅茶饮健康食谱弱相关，近期内容无咖啡机评测或购买意图
9792,UC99so8pf40x3X5PQnbzR3Ug,Miniature Game Montage,https://cn--xtb.noxinfluencer.com/youtube/channel/UC99so8pf40x3X5PQnbzR3Ug,-10,badcase,桌游战报频道，与咖啡机产品场景基本不相关
9795,UCwjCDaD63qNwJ5PvNV3YN-Q,We Files,https://cn--xtb.noxinfluencer.com/youtube/channel/UCwjCDaD63qNwJ5PvNV3YN-Q,-10,badcase,旅游vlog为主，近期内容与咖啡机推广几乎无关
9796,UCm_DGonIiSrLBGLz0ProiWA,Mike's Book Reviews,https://cn--xtb.noxinfluencer.com/youtube/channel/UCm_DGonIiSrLBGLz0ProiWA,-10,badcase,书评/阅读频道，受众与咖啡机推广场景不匹配
9797,UCpuskXjrC-1pMxMYSJKVuCg,Yogisinsta,https://cn--xtb.noxinfluencer.com/youtube/channel/UCpuskXjrC-1pMxMYSJKVuCg,-25,badcase,宠物娱乐频道，前5标签多为狗相关，近10条也全是狗内容，和咖啡机推广不符
9798,UCg6YLYqggZ1_Vntgego6dow,MO'LOVE SMUSIC,https://cn--xtb.noxinfluencer.com/youtube/channel/UCg6YLYqggZ1_Vntgego6dow,-10,badcase,音乐/卡车日记频道，与咖啡机促销无关
9799,UC3RX8xVGXsTyssJpLI17Q2Q,Jakoby8190,https://cn--xtb.noxinfluencer.com/youtube/channel/UC3RX8xVGXsTyssJpLI17Q2Q,-10,badcase,航班实录内容，和咖啡机推广语境不匹配
9800,UC7NU7AO2YdWLtXpv9kRuzwQ,Stitch It International,https://cn--xtb.noxinfluencer.com/youtube/channel/UC7NU7AO2YdWLtXpv9kRuzwQ,-10,badcase,缝纫刺绣频道，和咖啡机无明显购买/使用关联
9801,UCSQ0V_Qh5VdfQioylS2QRSg,PLAXIS Geotechnical Analysis,https://cn--xtb.noxinfluencer.com/youtube/channel/UCSQ0V_Qh5VdfQioylS2QRSg,-10,badcase,岩土工程软件频道，与咖啡机促销场景完全无关
9802,UCbDBnbpKQS8PXrzE97LVJTA,YOLKYSPACE,https://cn--xtb.noxinfluencer.com/youtube/channel/UCbDBnbpKQS8PXrzE97LVJTA,-10,badcase,树脂模具手工频道，和咖啡机人群不相关
9803,UCqmYWNEkEFW4V2Gmpuyi_BA,The Neighbors,https://cn--xtb.noxinfluencer.com/youtube/channel/UCqmYWNEkEFW4V2Gmpuyi_BA,-10,badcase,频道偏家庭宠物日常与修房，近10条无咖啡机相关内容
9804,UCLRWzs3FxufOt8fj0XdhLTQ,Erin Condren,https://cn--xtb.noxinfluencer.com/youtube/channel/UCLRWzs3FxufOt8fj0XdhLTQ,-10,badcase,手账文具频道，与咖啡机推广无关，近10条内容均不匹配
9805,UC2DtavphGqAedP1_Lb0pAiQ,Ballen Buys,https://cn--xtb.noxinfluencer.com/youtube/channel/UC2DtavphGqAedP1_Lb0pAiQ,-3,badcase,以美妆穿搭和泛产品内容为主，近10条与咖啡机推广基本不相关
9806,UCa8_onsffZS8nYHRYvw5klw,ReyesCreates TV,https://cn--xtb.noxinfluencer.com/youtube/channel/UCa8_onsffZS8nYHRYvw5klw,-10,badcase,仅有泛化coffee标签，频道以vlog/娱乐为主，近10条内容与咖啡机推广不符
9807,UCcwd4WCW1iPkhNGb2-edmCQ,Phi Phai TV,https://cn--xtb.noxinfluencer.com/youtube/channel/UCcwd4WCW1iPkhNGb2-edmCQ,-25,badcase,频道主做动物救援和植物繁殖，与咖啡机推广明显不相关
9808,UCZmf7CjG0apiwBxNjIoYxDw,Akupara Games,https://cn--xtb.noxinfluencer.com/youtube/channel/UCZmf7CjG0apiwBxNjIoYxDw,-10,badcase,游戏频道，近10条全为游戏内容，与咖啡机推广无关
9809,UCuCysus-BDO1UWTga9ANz6A,Vlad And Niki Puzzle,https://cn--xtb.noxinfluencer.com/youtube/channel/UCuCysus-BDO1UWTga9ANz6A,-30,badcase,频道为脑洞娱乐内容，与咖啡机推广和购买场景无关
9810,UCG4IohPprVwm8gVqI2amBuA,yourfavjordyn,https://cn--xtb.noxinfluencer.com/youtube/channel/UCG4IohPprVwm8gVqI2amBuA,-20,badcase,以剪辑穿搭短视频为主，近10条无咖啡机相关内容
9811,UC3WTiVRhg3nAiDdrkjFtLNA,Bourbon Sasquatch,https://cn--xtb.noxinfluencer.com/youtube/channel/UC3WTiVRhg3nAiDdrkjFtLNA,-10,badcase,以威士忌/波本内容为主，近10条无咖啡机相关，推广不匹配
9812,UCiH8CchgH7xUuh6JI_pjDtQ,Soothing Music Ambience,https://cn--xtb.noxinfluencer.com/youtube/channel/UCiH8CchgH7xUuh6JI_pjDtQ,-22,badcase,内容是睡眠氛围音乐，与咖啡机推广场景和购买意图不匹配
9813,UC-Pwu0wPmTrwn5j_0cjFOQA,AlkalineWaterPlus,https://cn--xtb.noxinfluencer.com/youtube/channel/UC-Pwu0wPmTrwn5j_0cjFOQA,-10,badcase,水离子机/健康饮水频道，与咖啡机推广购买意图不符
9814,UCMWFKh1EuLoa1s-9ZHNMDAQ,PastryQueen’s Farm Adventures,https://cn--xtb.noxinfluencer.com/youtube/channel/UCMWFKh1EuLoa1s-9ZHNMDAQ,-19,badcase,频道以 quilting/缝纫内容为主，与咖啡机推广场景不符
9815,UCZl4470-G0v0DmDrx-XEZHQ,Rovtic,https://cn--xtb.noxinfluencer.com/youtube/channel/UCZl4470-G0v0DmDrx-XEZHQ,-20,badcase,以娱乐反应和流行音乐为主，几乎无家电购买或测评场景
9816,UCklwDCpbP0ogQG3oirUSj9A,BS3 Network,https://cn--xtb.noxinfluencer.com/youtube/channel/UCklwDCpbP0ogQG3oirUSj9A,-10,badcase,宗教/播客/访谈为主，最近内容也多为节目讨论，咖啡机推广场景不足
9817,UC7q-StJaH0-kmarzHNufKFw,Fright Trail,https://cn--xtb.noxinfluencer.com/youtube/channel/UC7q-StJaH0-kmarzHNufKFw,-25,badcase,恐怖景点和惊吓内容，和咖啡机投放几乎完全不相干
9818,UC-am4LI5QDFOYWkYAEVZREg,Alifa Ed-tech,https://cn--xtb.noxinfluencer.com/youtube/channel/UC-am4LI5QDFOYWkYAEVZREg,-2,badcase,教育校园号，与咖啡机推广无关，近期也偏金融话题
9819,UCi5qusLFJApbwmRFnXSVLnw,AUTO GLASS DIRECT,https://cn--xtb.noxinfluencer.com/youtube/channel/UCi5qusLFJApbwmRFnXSVLnw,-25,badcase,汽车玻璃维修频道，品类与咖啡机推广明显不相干
9820,UCNL1o2jELuiVDt6gywJvEtw,Cedarwood Valley,https://cn--xtb.noxinfluencer.com/youtube/channel/UCNL1o2jELuiVDt6gywJvEtw,-25,badcase,童话氛围音频号，和咖啡机推广场景强不匹配
9821,UCz1uLDS2Qh1RPMu7eSukmZg,stephany andrea,https://cn--xtb.noxinfluencer.com/youtube/channel/UCz1uLDS2Qh1RPMu7eSukmZg,-9,badcase,时尚美妆生活方式号，只有轻微生活场景关联
9822,UCWkN5wrWiOFZTpkwmPxdrpA,Yah's Own Records (Beats),https://cn--xtb.noxinfluencer.com/youtube/channel/UCWkN5wrWiOFZTpkwmPxdrpA,-25,badcase,音乐放松号，偏氛围内容，不适合咖啡机推广
9823,UCeCoPar-2GZZtQsTQbwSEyg,MagnetsAndMotors,https://cn--xtb.noxinfluencer.com/youtube/channel/UCeCoPar-2GZZtQsTQbwSEyg,-10,badcase,标签偏数学/财务，近期内容是换算测量，和咖啡机推广无关
9824,UCbu1ZjRyOMljjNUgclr8SKg,"ᴼᶠᶠ ᵗʰᵉ ᵂᵃˡˡ ᴾʳᵉᵖᵖᵉʳ
2",https://cn--xtb.noxinfluencer.com/youtube/channel/UCbu1ZjRyOMljjNUgclr8SKg,-10,badcase,频道以新闻、预警和宠物短视频为主，缺少咖啡机购买场景
9825,UCsQXpuDjPKwFXLhTWfPcbeA,Sync'n with Joy,https://cn--xtb.noxinfluencer.com/youtube/channel/UCsQXpuDjPKwFXLhTWfPcbeA,-10,badcase,健身与健康食谱为主，只有弱厨房场景，缺少咖啡机推广意图
9826,UC707lKi2zyGmhZJcRENDNlg,Tiff’s Touch,https://cn--xtb.noxinfluencer.com/youtube/channel/UC707lKi2zyGmhZJcRENDNlg,-25,badcase,美甲内容与咖啡机推广场景明显不符，近期也无测评或购物意图
9827,UC2ufO10EQZkFjhAjTX5rf1A,Craft + Tailored,https://cn--xtb.noxinfluencer.com/youtube/channel/UC2ufO10EQZkFjhAjTX5rf1A,-10,badcase,以手表生活方式为主，虽有咖啡馆内容，但缺少咖啡机相关意图
9828,UC_7tnuxDk-x4z_5glUGzXbw,Ethio Tech Hub,https://cn--xtb.noxinfluencer.com/youtube/channel/UC_7tnuxDk-x4z_5glUGzXbw,-10,badcase,内容偏在线赚钱/科技，与咖啡机推广语境不符
9829,UC4H05Es1ee8LNRu1tedOLIQ,Brother troll🥶☠️,https://cn--xtb.noxinfluencer.com/youtube/channel/UC4H05Es1ee8LNRu1tedOLIQ,-10,badcase,meme/记录类内容，缺少咖啡机评测或购买场景
9830,UCY2WDQFAfKRVuF7nvD4-Zow,Ingersoll Cutting Tools,https://cn--xtb.noxinfluencer.com/youtube/channel/UCY2WDQFAfKRVuF7nvD4-Zow,-10,badcase,工业切削工具演示，和咖啡机推广场景不匹配
9831,UCMUVpnzMIhW5h3sHXaQdvyQ,Phương Vy Farm,https://cn--xtb.noxinfluencer.com/youtube/channel/UCMUVpnzMIhW5h3sHXaQdvyQ,-10,badcase,农场生活/施工内容，无咖啡机产品推广语境
9832,UC23sEcfvR-imxyNBvtclD5w,Rithika,https://cn--xtb.noxinfluencer.com/youtube/channel/UC23sEcfvR-imxyNBvtclD5w,-10,badcase,美妆穿搭频道，与咖啡机产品推广关联很弱
9833,UCZTIkHLU7wIJ9qK7SaSxmQQ,KrossUSA,https://cn--xtb.noxinfluencer.com/youtube/channel/UCZTIkHLU7wIJ9qK7SaSxmQQ,-10,badcase,木材锯木厂频道，最近10条全是木材加工，不适合咖啡机推广
9834,UCCJtlFCf3un8BgfKA6Du7yA,Non Swirl Zone,https://cn--xtb.noxinfluencer.com/youtube/channel/UCCJtlFCf3un8BgfKA6Du7yA,-24,badcase,睡眠/梦境/音乐型频道，属强格式错配，不适合咖啡机
9835,UCtpG0gcHzXsfFocgr6lEa8Q,emelia ♡,https://cn--xtb.noxinfluencer.com/youtube/channel/UCtpG0gcHzXsfFocgr6lEa8Q,-10,badcase,校园妆容和GRWM为主，最近都是日常开学内容，与咖啡机无关
9836,UCg7yUxCZeQPqy6IZy4r9qKQ,HeroMachines,https://cn--xtb.noxinfluencer.com/youtube/channel/UCg7yUxCZeQPqy6IZy4r9qKQ,-10,badcase,伐木和重型机械频道，最近全是木材加工，不适合咖啡机推广
9837,UCamtfnNlqgTjglkwXKK0CaA,CRAFT TIPS,https://cn--xtb.noxinfluencer.com/youtube/channel/UCamtfnNlqgTjglkwXKK0CaA,-10,badcase,家装施工和工业流程频道，最近全是建材作业，和咖啡机不匹配
9838,UCJ2MhiXjKjIITK6WxoaWybA,ThunderMax EFI,https://cn--xtb.noxinfluencer.com/youtube/channel/UCJ2MhiXjKjIITK6WxoaWybA,-25,badcase,哈雷调校频道，最近内容全是车辆技术，和咖啡机促销明显不相关
9839,UCG2aAa7CRNfIJdAX4Fo0OrA,Spidey Games,https://cn--xtb.noxinfluencer.com/youtube/channel/UCG2aAa7CRNfIJdAX4Fo0OrA,-25,badcase,儿童游戏/梗视频号，和咖啡机推广场景不符，近10条内容均不相关
9840,UCJi60EGvDwL0LuDEE27mNaA,design near me,https://cn--xtb.noxinfluencer.com/youtube/channel/UCJi60EGvDwL0LuDEE27mNaA,2,badcase,偏家居室内设计，缺少咖啡机购买/测评/使用意图
9841,UCy-mZDLzybADDD4Rm5CkOEw,Hidden Earth,https://cn--xtb.noxinfluencer.com/youtube/channel/UCy-mZDLzybADDD4Rm5CkOEw,-10,badcase,内容与咖啡机推广无关，近10条无相关匹配
9842,UCoOQEOtbb0fmtnTuzNrgorg,Charliah,https://cn--xtb.noxinfluencer.com/youtube/channel/UCoOQEOtbb0fmtnTuzNrgorg,-20,badcase,影视/短片娱乐频道，与咖啡机推广场景不匹配
9843,UCLm2GNKhpF0II4ACarPHghg,Mallard 5 (+1) Farmhouse & Homestead,https://cn--xtb.noxinfluencer.com/youtube/channel/UCLm2GNKhpF0II4ACarPHghg,-10,badcase,农机农场频道，和咖啡机推广场景无明显相关
9844,UCcyMuaNn9iQNYTZG54TwbGg,PUZZLES WORKERS,https://cn--xtb.noxinfluencer.com/youtube/channel/UCcyMuaNn9iQNYTZG54TwbGg,-20,badcase,施工ASMR/满足感内容，和咖啡机推广格式不匹配
9845,UCKaA95seE_cHWr4B1MG62_g,Sasha Sandeles,https://cn--xtb.noxinfluencer.com/youtube/channel/UCKaA95seE_cHWr4B1MG62_g,-25,badcase,娱乐叙事型频道，主要内容不适合咖啡机推广
9846,UC95gbP1D-smZyU-TkFEYXoQ,Linda Muse (GabbyMuse),https://cn--xtb.noxinfluencer.com/youtube/channel/UC95gbP1D-smZyU-TkFEYXoQ,-8,badcase,仅有食品食谱弱相关，近期内容无咖啡机评测或购买意图
9848,UCectJXRpFcZY_ph6kVIfCgw,RJ's Knives,https://cn--xtb.noxinfluencer.com/youtube/channel/UCectJXRpFcZY_ph6kVIfCgw,-10,badcase,频道主打刀具/手电，近10条都不涉及咖啡机，投放相关性低
9849,UCsDVT9vu16RDWnIlI3SFO6w,Jake’s Armory,https://cn--xtb.noxinfluencer.com/youtube/channel/UCsDVT9vu16RDWnIlI3SFO6w,-10,badcase,内容集中在枪械/airsoft，和咖啡机促销场景不匹配
9850,UCBUHwRbpYl8YOYq7THrs-NA,SFK Channel,https://cn--xtb.noxinfluencer.com/youtube/channel/UCBUHwRbpYl8YOYq7THrs-NA,-10,badcase,重型工程机械频道，近10条内容均与咖啡机无关
9851,UCU8lvis9-oMaUp76MRx34IQ,Vivid Customs,https://cn--xtb.noxinfluencer.com/youtube/channel/UCU8lvis9-oMaUp76MRx34IQ,-10,badcase,服装印刷频道，近10条都是T恤印花，和咖啡机无关
9852,UCiESxd5gAY5B0tFHjYVkNUw,BRO PH,https://cn--xtb.noxinfluencer.com/youtube/channel/UCiESxd5gAY5B0tFHjYVkNUw,-10,badcase,足球/游戏/卡车混合频道，核心内容与咖啡机不相关
9853,UCsFsAWZhX8MDMmw-NycAfog,ASMR BOMBA Slime,https://cn--xtb.noxinfluencer.com/youtube/channel/UCsFsAWZhX8MDMmw-NycAfog,-23,badcase,ASMR碎泥为主，和咖啡机推广场景明显不符
9854,UCpPFGSzhL1wJ9jMrrwE289A,Davut Şahin,https://cn--xtb.noxinfluencer.com/youtube/channel/UCpPFGSzhL1wJ9jMrrwE289A,-15,badcase,泛娱乐频道，缺少咖啡机相关购买或评测信号
9855,UCtRitQvd-PkBGEir9zDM3zw,Bottle Playtime,https://cn--xtb.noxinfluencer.com/youtube/channel/UCtRitQvd-PkBGEir9zDM3zw,-25,badcase,游戏/卡通叙事为主，与咖啡机推广目标不匹配
9856,UCqYzbWD3-m9QnfGdiMykhmA,Get2Diggin,https://cn--xtb.noxinfluencer.com/youtube/channel/UCqYzbWD3-m9QnfGdiMykhmA,-9,badcase,偏金属探测和户外狩猎，和咖啡机人群重叠很弱
9857,UCv8NdVA9vhqr2mO-a662Ruw,Sushi By Kunihiro,https://cn--xtb.noxinfluencer.com/youtube/channel/UCv8NdVA9vhqr2mO-a662Ruw,-9,badcase,寿司日料教学频道，仅有泛食品弱相关，近期无咖啡机内容
9858,UCCo2Ghvm5L_MWdJPvprB9aA,PA Medical Kushy,https://cn--xtb.noxinfluencer.com/youtube/channel/UCCo2Ghvm5L_MWdJPvprB9aA,-25,badcase,大麻/电子烟内容，和咖啡机投放场景明显不符
9859,UC8Zayh21rLWIyDfSNGZ2Jyg,ALPAKA,https://cn--xtb.noxinfluencer.com/youtube/channel/UC8Zayh21rLWIyDfSNGZ2Jyg,-8,badcase,主域为背包EDC品牌，缺少咖啡机评测或购买意图内容
9860,UC-JnkeH0fz-a7XoFmx5ah1g,Giải Pháp Thảm Sàn Thanh Hà,https://cn--xtb.noxinfluencer.com/youtube/channel/UC-JnkeH0fz-a7XoFmx5ah1g,-25,badcase,游戏向标签明显，近期又是地毯施工，咖啡机相关性很低
9861,UC91sAcCJOC6OoRGdCeqwWSg,BILL HAN 14 / BILL HAN BOSTON Studio,https://cn--xtb.noxinfluencer.com/youtube/channel/UC91sAcCJOC6OoRGdCeqwWSg,-10,badcase,科技生活与苹果内容为主，无咖啡机评测或购买意图
9862,UCAoIk1reZKZRkAUG4_Tp-bA,ZIQ Wood Craft,https://cn--xtb.noxinfluencer.com/youtube/channel/UCAoIk1reZKZRkAUG4_Tp-bA,-10,badcase,木工制作内容为主，和咖啡机消费场景关联很弱
9863,UCrUxtWxAmsPRAqVloCgiTug,Heather Ann Pearl,https://cn--xtb.noxinfluencer.com/youtube/channel/UCrUxtWxAmsPRAqVloCgiTug,-9,badcase,美食健康内容仅与咖啡机有弱场景关联，近期10条都不聚焦产品
9864,UCwqu8TFt0o0UJYL33QUloAg,"Hi, I'm Steph",https://cn--xtb.noxinfluencer.com/youtube/channel/UCwqu8TFt0o0UJYL33QUloAg,-10,badcase,宠物露营内容缺少咖啡机购买/使用场景，近期内容也全部不匹配
9865,UCvo0PeDy9Mrd9FU6ZpWt50Q,quincy jay,https://cn--xtb.noxinfluencer.com/youtube/channel/UCvo0PeDy9Mrd9FU6ZpWt50Q,-10,badcase,生活方式/娱乐/旅行向频道，缺少咖啡机评测、购买或使用导向
9866,UCX4i1nI4M0BlLuD4jnTchUg,TOP CHANGE,https://cn--xtb.noxinfluencer.com/youtube/channel/UCX4i1nI4M0BlLuD4jnTchUg,-10,badcase,防水施工频道与咖啡机无关，近期内容均为施工防水
9867,UCQNiZTQ7y6ZG7dj8odFYW8A,MagicMoments,https://cn--xtb.noxinfluencer.com/youtube/channel/UCQNiZTQ7y6ZG7dj8odFYW8A,-20,badcase,汽车破坏娱乐频道与咖啡机推广目标明显不符，近期也全是车内容
9868,UCinnETygJ7qzc6GV5DvAz1A,FOAMfrat Studios,https://cn--xtb.noxinfluencer.com/youtube/channel/UCinnETygJ7qzc6GV5DvAz1A,-10,badcase,医疗教育频道，近10条全是病理/心电内容，和咖啡机促销无关
9869,UCYQa3l0q4PN8LYB0TrvYhKA,Almighty Cyber,https://cn--xtb.noxinfluencer.com/youtube/channel/UCYQa3l0q4PN8LYB0TrvYhKA,-22,badcase,近10条全是冥想/睡眠音乐，属于强格式错配，不适合咖啡机推广
9870,UCHRR7LRG-_9c6aGgLAL7uOA,863 Randy,https://cn--xtb.noxinfluencer.com/youtube/channel/UCHRR7LRG-_9c6aGgLAL7uOA,-20,badcase,汽车/车载音频频道，内容域和咖啡机促销不匹配
9871,UCBHPJgdncIxRcrmmbTap9bA,Kingbolen Auto Scanner Center,https://cn--xtb.noxinfluencer.com/youtube/channel/UCBHPJgdncIxRcrmmbTap9bA,-25,badcase,汽车诊断仪促销号，品类完全偏离咖啡机
9872,UC5CJ2EgxQPL1JE1flsD8F2A,Ellenmarie,https://cn--xtb.noxinfluencer.com/youtube/channel/UC5CJ2EgxQPL1JE1flsD8F2A,-10,badcase,美妆发型生活频道，缺少咖啡机或家电购买场景
9873,UCGXiDx9xjd72S63yYkt_ylA,Yellowlab247 Outdoors,https://cn--xtb.noxinfluencer.com/youtube/channel/UCGXiDx9xjd72S63yYkt_ylA,-10,badcase,农牧狩猎内容，和咖啡机推广几乎无关，近10条也都不匹配
9874,UCmCdYNqEycfcYABgKz92HLg,Jay Sandifer | Worship Arts Studio,https://cn--xtb.noxinfluencer.com/youtube/channel/UCmCdYNqEycfcYABgKz92HLg,-25,badcase,敬拜音乐频道，题材和咖啡机推广完全不相关，格式也不适合
9875,UCojVgFSvwa36Jk0_gVLeJiw,photobycereal2k,https://cn--xtb.noxinfluencer.com/youtube/channel/UCojVgFSvwa36Jk0_gVLeJiw,-10,badcase,汽车摄影/器材杂项频道，和咖啡机推广缺少可用相关性
9876,UCeRW8dx3Jf0qhJt-tccWesg,marszy 💋,https://cn--xtb.noxinfluencer.com/youtube/channel/UCeRW8dx3Jf0qhJt-tccWesg,-13,badcase,有咖啡/开箱线索，但主体是ASMR美妆生活，做咖啡机推广偏不适配
9877,UCx5OyivH2d7SQGhrI7FV-gA,Itzmedave,https://cn--xtb.noxinfluencer.com/youtube/channel/UCx5OyivH2d7SQGhrI7FV-gA,-35,badcase,频道以mukbang/ASMR吃播为主，与咖啡机推广场景明显不符
9878,UCktALNJirJaA7qtEDw4-WdQ,PTS Syndicate,https://cn--xtb.noxinfluencer.com/youtube/channel/UCktALNJirJaA7qtEDw4-WdQ,-20,badcase,军武/airsoft 频道，和咖啡机受众与场景明显不符
9879,UCKQrVizstEeLEa3cjZkK2TQ,8BITJOYSTICK,https://cn--xtb.noxinfluencer.com/youtube/channel/UCKQrVizstEeLEa3cjZkK2TQ,-10,badcase,复古游戏频道，近期全是游戏与显示器内容，咖啡机推广不匹配
9880,UCQMqZC2PDqv-XmCd_1yhmpg,Lori Whitlock,https://cn--xtb.noxinfluencer.com/youtube/channel/UCQMqZC2PDqv-XmCd_1yhmpg,-10,badcase,手工频道为主，近期内容全是手作直播，咖啡机推广不对口
9883,UCboy4gXYJoJxqvk0BotxZAQ,Eyenun Art and Craft,https://cn--xtb.noxinfluencer.com/youtube/channel/UCboy4gXYJoJxqvk0BotxZAQ,-10,badcase,手作包装短视频，非咖啡机评测/购买/安装场景
9884,UChVf6r3SC0fJE4JDczruYLw,Ayoopat510,https://cn--xtb.noxinfluencer.com/youtube/channel/UChVf6r3SC0fJE4JDczruYLw,-25,badcase,游戏直播/射击内容，和咖啡机推广完全不相干
9885,UClQmf_IiEk2sQAyRUsZPs9A,Jincheng Zhang Second Channel,https://cn--xtb.noxinfluencer.com/youtube/channel/UClQmf_IiEk2sQAyRUsZPs9A,-10,badcase,摄影旅行动物向，近10条无咖啡机内容
9886,UCutRTV_qH-5qeLm9BvnUP_w,Dave Sullivan,https://cn--xtb.noxinfluencer.com/youtube/channel/UCutRTV_qH-5qeLm9BvnUP_w,-10,badcase,财经/汽车/杂项混合，缺少咖啡机推广信号
9887,UC55QItnzpf3bF9rQvN0bFag,Klean Asmr,https://cn--xtb.noxinfluencer.com/youtube/channel/UC55QItnzpf3bF9rQvN0bFag,-25,badcase,ASMR清洁音效频道，属于咖啡机推广格式错配
9888,UCIgfnA_gj5q-5AMv0VyCMYw,janna’s hobbies,https://cn--xtb.noxinfluencer.com/youtube/channel/UCIgfnA_gj5q-5AMv0VyCMYw,-9,badcase,偏开箱泛内容，近10条几乎全不相关，咖啡机推广价值低
9889,UCbB2nQUY33wBU9-3ONk2Mpw,Chester Creek,https://cn--xtb.noxinfluencer.com/youtube/channel/UCbB2nQUY33wBU9-3ONk2Mpw,-22,badcase,ASMR+卡车/宠物内容，和咖啡机电商推广场景明显不匹配
9890,UC99so8pf40x3X5PQnbzR3Ug,Miniature Game Montage,https://cn--xtb.noxinfluencer.com/youtube/channel/UC99so8pf40x3X5PQnbzR3Ug,-9,badcase,桌游战报频道偏游戏娱乐，缺少家电/消费品推广语境
9891,UCOmKMcbPg9R63iUoue32Jgg,Cesar 8259,https://cn--xtb.noxinfluencer.com/youtube/channel/UCOmKMcbPg9R63iUoue32Jgg,-10,badcase,纯游戏频道，和咖啡机产品推广几乎无关
9893,UCZRLVZGCUZWYUEj2XQlFPyQ,University of Rochester,https://cn--xtb.noxinfluencer.com/youtube/channel/UCZRLVZGCUZWYUEj2XQlFPyQ,-25,badcase,高校机构号，非咖啡机促销场景，受众与品类不匹配
9895,UCKkFXyVezQOf_Qo2c2jTmvQ,Detail Film,https://cn--xtb.noxinfluencer.com/youtube/channel/UCKkFXyVezQOf_Qo2c2jTmvQ,-25,badcase,超级英雄影视娱乐号，与咖啡机推广受众和场景都不符
9896,UC9C9mGazv3derTuuFAyJp-Q,myraaa,https://cn--xtb.noxinfluencer.com/youtube/channel/UC9C9mGazv3derTuuFAyJp-Q,-4,badcase,生活 vlog 和汽车内容为主，无咖啡机测评或购买意图
9897,UCNh49U-22mx1MElHbdz7WHA,BOTGRINDER,https://cn--xtb.noxinfluencer.com/youtube/channel/UCNh49U-22mx1MElHbdz7WHA,-25,badcase,FPV无人机直播号，主题和受众都不适合咖啡机推广
9898,UCxLtlkUb0Lanig4YyDcP2fQ,Zebra Technologies,https://cn--xtb.noxinfluencer.com/youtube/channel/UCxLtlkUb0Lanig4YyDcP2fQ,-10,badcase,企业打印/移动设备频道，近期全是手持终端和打印机内容，与咖啡机无关
9899,UCbfQDbdERVHxLMI6kxUG-zg,Homemade Beauty,https://cn--xtb.noxinfluencer.com/youtube/channel/UCbfQDbdERVHxLMI6kxUG-zg,-20,badcase,美妆+ASMR+食疗频道，只有泛食品/健康，且内容格式不适合咖啡机推广
9900,UCpuskXjrC-1pMxMYSJKVuCg,Yogisinsta,https://cn--xtb.noxinfluencer.com/youtube/channel/UCpuskXjrC-1pMxMYSJKVuCg,-25,badcase,纯狗宠物娱乐号，面向宠物内容，和人用咖啡机受众完全不匹配
9901,UCRm47jPU-6Ls4JfnvMmO56A,Modern Kinetic Research,https://cn--xtb.noxinfluencer.com/youtube/channel/UCRm47jPU-6Ls4JfnvMmO56A,-25,badcase,枪械/射击内容为主，和咖啡机促销受众完全不相干
9902,UC9qmyV_DDYyyngrhKwuG_2w,J&S,https://cn--xtb.noxinfluencer.com/youtube/channel/UC9qmyV_DDYyyngrhKwuG_2w,-7,badcase,直播杂谈/音乐频道，几乎没有家电或购买导向信号
9903,UCgUsMN5zOxCIU1L6MFNnh6w,The Elliott Homestead,https://cn--xtb.noxinfluencer.com/youtube/channel/UCgUsMN5zOxCIU1L6MFNnh6w,-3,badcase,厨房/家庭弱相关，但内容偏农场生活烹饪，无咖啡机推广意图
9904,UCXs8wutO6Vd-i32EqurfQBg,Smart Money Moves,https://cn--xtb.noxinfluencer.com/youtube/channel/UCXs8wutO6Vd-i32EqurfQBg,-10,badcase,金融故事频道，近期内容与咖啡机产品推广几乎无关。
9905,UCOYcwz12wYOcH40iudQgjlw,Flyin' Ryan Performance,https://cn--xtb.noxinfluencer.com/youtube/channel/UCOYcwz12wYOcH40iudQgjlw,-25,badcase,汽车改装频道，受众和咖啡机推广场景明显不匹配。
9906,UCBpCBDGfG6AA7lST2_1b3rg,BoBoFrost,https://cn--xtb.noxinfluencer.com/youtube/channel/UCBpCBDGfG6AA7lST2_1b3rg,-25,badcase,脑洞娱乐和短视频内容，和咖啡机推广不相符。
9907,UCK7jkYFr-03QHZXtMFE6nWw,Valor Ojeda,https://cn--xtb.noxinfluencer.com/youtube/channel/UCK7jkYFr-03QHZXtMFE6nWw,-25,badcase,汽车销售和房产营销频道，咖啡机相关度很低。
9908,UCRiPCvA18MPozdu2eW4a-_A,AIDOLLHUB,https://cn--xtb.noxinfluencer.com/youtube/channel/UCRiPCvA18MPozdu2eW4a-_A,-10,badcase,玩偶工厂/娱乐内容，与咖啡机推广无关，近10条全不匹配
9909,UCjzuysaGRbJ_LHD-qBTatDw,Tìm Bạn Xưa,https://cn--xtb.noxinfluencer.com/youtube/channel/UCjzuysaGRbJ_LHD-qBTatDw,-22,badcase,睡眠/冥想音乐是音频型内容，不适合咖啡机带货
9910,UCuD0n8lkePqDquUAwa8PaCg,Shahid Hameed,https://cn--xtb.noxinfluencer.com/youtube/channel/UCuD0n8lkePqDquUAwa8PaCg,-22,badcase,生活vlog可带货性弱，近期主题与咖啡机购买推广无关
9911,UC3SPGnEhFpaumSjKJhNGXog,Relaxing Dark BGM,https://cn--xtb.noxinfluencer.com/youtube/channel/UC3SPGnEhFpaumSjKJhNGXog,-22,badcase,纯氛围音乐频道，属于强格式不匹配，和咖啡机推广无关
9912,UCRFy2pbhl1aBSN4WrMwcQcA,Factory Focus,https://cn--xtb.noxinfluencer.com/youtube/channel/UCRFy2pbhl1aBSN4WrMwcQcA,-22,badcase,灾害新闻/直播频道，近期全是工厂工艺视频，不适合咖啡机推广
9913,UCo74LqaKIdNmFMYhhAcYWpA,Seahouse Ambience,https://cn--xtb.noxinfluencer.com/youtube/channel/UCo74LqaKIdNmFMYhhAcYWpA,-30,badcase,ASMR/放松环境音为强形式错位，缺少咖啡机评测购买内容
9914,UCwD2jQppVvmjtOmu4Sr04AA,Osmiteck,https://cn--xtb.noxinfluencer.com/youtube/channel/UCwD2jQppVvmjtOmu4Sr04AA,-10,badcase,以金融/赚钱为主，和咖啡机推广无关，近期内容也不匹配
9915,UCU8lvis9-oMaUp76MRx34IQ,Vivid Customs,https://cn--xtb.noxinfluencer.com/youtube/channel/UCU8lvis9-oMaUp76MRx34IQ,-8,badcase,服装印花频道，缺少咖啡机相关使用或评测场景
9916,UCiESxd5gAY5B0tFHjYVkNUw,BRO PH,https://cn--xtb.noxinfluencer.com/youtube/channel/UCiESxd5gAY5B0tFHjYVkNUw,-10,badcase,体育/游戏/卡车内容为主，与咖啡机推广无关
9917,UCsFsAWZhX8MDMmw-NycAfog,ASMR BOMBA Slime,https://cn--xtb.noxinfluencer.com/youtube/channel/UCsFsAWZhX8MDMmw-NycAfog,-35,badcase,ASMR解压揉泥为主，属于强形式错位，不适合咖啡机推广
9919,UCtRitQvd-PkBGEir9zDM3zw,Bottle Playtime,https://cn--xtb.noxinfluencer.com/youtube/channel/UCtRitQvd-PkBGEir9zDM3zw,-25,badcase,游戏+剧情卡通频道，近10条均为娱乐内容，不适合咖啡机推广
9920,UCqYzbWD3-m9QnfGdiMykhmA,Get2Diggin,https://cn--xtb.noxinfluencer.com/youtube/channel/UCqYzbWD3-m9QnfGdiMykhmA,-25,badcase,金属探测/钓鱼户外频道，主题与咖啡机购买场景不相关
9921,UCv8NdVA9vhqr2mO-a662Ruw,Sushi By Kunihiro,https://cn--xtb.noxinfluencer.com/youtube/channel/UCv8NdVA9vhqr2mO-a662Ruw,-10,badcase,日式料理频道，无咖啡机评测、购买或设备内容
9922,UCCo2Ghvm5L_MWdJPvprB9aA,PA Medical Kushy,https://cn--xtb.noxinfluencer.com/youtube/channel/UCCo2Ghvm5L_MWdJPvprB9aA,-25,badcase,大麻/电子烟频道，受众与咖啡机促销明显不匹配
9923,UC8Zayh21rLWIyDfSNGZ2Jyg,ALPAKA,https://cn--xtb.noxinfluencer.com/youtube/channel/UC8Zayh21rLWIyDfSNGZ2Jyg,-4,badcase,包袋/数码偏强，近10条全是出行与包类内容，不像咖啡机推广位
9924,UC-JnkeH0fz-a7XoFmx5ah1g,Giải Pháp Thảm Sàn Thanh Hà,https://cn--xtb.noxinfluencer.com/youtube/channel/UC-JnkeH0fz-a7XoFmx5ah1g,-25,badcase,顶部5个标签是游戏类，近期却是地毯施工，和咖啡机完全不相关
9925,UC91sAcCJOC6OoRGdCeqwWSg,BILL HAN 14 / BILL HAN BOSTON Studio,https://cn--xtb.noxinfluencer.com/youtube/channel/UC91sAcCJOC6OoRGdCeqwWSg,-8,badcase,科技/苹果向个人频道，近期都在手机旅行，缺少咖啡机评测购买语境
9926,UCe0fHWjFLX6DecThdT_CZyw,Sleep Doctor,https://cn--xtb.noxinfluencer.com/youtube/channel/UCe0fHWjFLX6DecThdT_CZyw,-10,badcase,睡眠健康/床垫内容为主，缺少咖啡机购买或评测语境
9927,UCx8J2_DtOqm-GYJZfrq0H3A,#vangoughpicasso,https://cn--xtb.noxinfluencer.com/youtube/channel/UCx8J2_DtOqm-GYJZfrq0H3A,-10,badcase,艺术/AI短内容，几乎无产品评测或购买导向，不适合咖啡机推广
9928,UCKFs7pGyDcWwW-KeeVrdhfw,AC Auto Carts,https://cn--xtb.noxinfluencer.com/youtube/channel/UCKFs7pGyDcWwW-KeeVrdhfw,-10,badcase,频道内容与咖啡机无关，近期视频均为不匹配主题
9929,UCAoIk1reZKZRkAUG4_Tp-bA,ZIQ Wood Craft,https://cn--xtb.noxinfluencer.com/youtube/channel/UCAoIk1reZKZRkAUG4_Tp-bA,-10,badcase,以木工工艺为主，和咖啡机推广几乎无关
9930,UCrUxtWxAmsPRAqVloCgiTug,Heather Ann Pearl,https://cn--xtb.noxinfluencer.com/youtube/channel/UCrUxtWxAmsPRAqVloCgiTug,-9,badcase,仅有Food弱相关，近期仍是健康闲聊内容，不适合投咖啡机
9931,UCwqu8TFt0o0UJYL33QUloAg,"Hi, I'm Steph",https://cn--xtb.noxinfluencer.com/youtube/channel/UCwqu8TFt0o0UJYL33QUloAg,-10,badcase,户外露营和宠物内容为主，缺少咖啡机相关场景
9932,UCvo0PeDy9Mrd9FU6ZpWt50Q,quincy jay,https://cn--xtb.noxinfluencer.com/youtube/channel/UCvo0PeDy9Mrd9FU6ZpWt50Q,-10,badcase,生活方式旅行频道，缺少咖啡机购买或使用意图
9933,UCKYz5uFB4zRRNnC7zbRXf4w,FRANKII,https://cn--xtb.noxinfluencer.com/youtube/channel/UCKYz5uFB4zRRNnC7zbRXf4w,-10,badcase,艺术创作频道，与咖啡机推广关联很弱，近期内容全不匹配
9934,UCuKn2kpfLZJDuI-QUFIm9_Q,THE Oceanside Guy,https://cn--xtb.noxinfluencer.com/youtube/channel/UCuKn2kpfLZJDuI-QUFIm9_Q,-25,badcase,水上摩托维修频道，和咖啡机购买推广场景不相符
9935,UCQNiZTQ7y6ZG7dj8odFYW8A,MagicMoments,https://cn--xtb.noxinfluencer.com/youtube/channel/UCQNiZTQ7y6ZG7dj8odFYW8A,-25,badcase,毁车娱乐频道，和咖啡机产品推广完全不搭
9936,UCJRsFkave0JnW5gty4hbInw,Calm Water Music,https://cn--xtb.noxinfluencer.com/youtube/channel/UCJRsFkave0JnW5gty4hbInw,-25,badcase,纯放松音乐频道，属于强格式错配
9937,UCinnETygJ7qzc6GV5DvAz1A,FOAMfrat Studios,https://cn--xtb.noxinfluencer.com/youtube/channel/UCinnETygJ7qzc6GV5DvAz1A,-15,badcase,医学科普频道，与咖啡机推广目标不一致
9938,UCAr72HWEQU5fPkrfK9bzVpg,ꩇׁׅ݊ᨵׁׅꫀׁׅܻ,https://cn--xtb.noxinfluencer.com/youtube/channel/UCAr72HWEQU5fPkrfK9bzVpg,-25,badcase,动画/Gacha娱乐频道，和咖啡机推广目标完全不匹配
9939,UCYQa3l0q4PN8LYB0TrvYhKA,Almighty Cyber,https://cn--xtb.noxinfluencer.com/youtube/channel/UCYQa3l0q4PN8LYB0TrvYhKA,-25,badcase,音乐助眠型频道，属于物理产品推广的强格式错配
9940,UCMllHek6MwJEBldzj2NEtxA,Guerlancia Elmera,https://cn--xtb.noxinfluencer.com/youtube/channel/UCMllHek6MwJEBldzj2NEtxA,-5,badcase,泛生活 prank/vlog 频道，无咖啡机或家电测评内容，近作不匹配
9941,UCHRR7LRG-_9c6aGgLAL7uOA,863 Randy,https://cn--xtb.noxinfluencer.com/youtube/channel/UCHRR7LRG-_9c6aGgLAL7uOA,-20,badcase,汽车音响/越野内容为主，咖啡机推广场景不成立
9942,UCa9VFR_o-YLzIn1d1BoBARQ,AI Beyond Infinity,https://cn--xtb.noxinfluencer.com/youtube/channel/UCa9VFR_o-YLzIn1d1BoBARQ,-10,badcase,AI科技频道，无咖啡机购买、评测或使用场景，近期内容全不匹配
9943,UC5CJ2EgxQPL1JE1flsD8F2A,Ellenmarie,https://cn--xtb.noxinfluencer.com/youtube/channel/UC5CJ2EgxQPL1JE1flsD8F2A,-10,badcase,美发护理频道，近10条内容全无咖啡机相关，推广不匹配
9944,UCVlnVlxTmDHnzlS6Sqe56LQ,xoxo siena,https://cn--xtb.noxinfluencer.com/youtube/channel/UCVlnVlxTmDHnzlS6Sqe56LQ,-2,badcase,时尚校园vlog为主，只有泛购物标签，近4条全不相关
9945,UCmCdYNqEycfcYABgKz92HLg,Jay Sandifer | Worship Arts Studio,https://cn--xtb.noxinfluencer.com/youtube/channel/UCmCdYNqEycfcYABgKz92HLg,-25,badcase,敬拜音乐/祷告频道，音频型内容与实体咖啡机推广强错位
9946,UCPVJWqDcTvb5TiElDeB4bgg,Lee DR_𝙥𝙡𝙖𝙮𝙡𝙞𝙨𝙩,https://cn--xtb.noxinfluencer.com/youtube/channel/UCPVJWqDcTvb5TiElDeB4bgg,-25,badcase,纯音乐氛围播放频道，缺少商品评测或购买导向
9947,UCOebuRWZLO_DjudXVYTOXkA,Touring Midwest,https://cn--xtb.noxinfluencer.com/youtube/channel/UCOebuRWZLO_DjudXVYTOXkA,-10,badcase,摩托旅行频道，主题偏机车户外，与咖啡机销售场景不符
9948,UCojVgFSvwa36Jk0_gVLeJiw,photobycereal2k,https://cn--xtb.noxinfluencer.com/youtube/channel/UCojVgFSvwa36Jk0_gVLeJiw,-10,badcase,车拍频道，近期内容与咖啡机推广无关
9949,UCSeaWQivXgl-76RtZ0RKGfQ,Tech-savvy LIVE,https://cn--xtb.noxinfluencer.com/youtube/channel/UCSeaWQivXgl-76RtZ0RKGfQ,-10,badcase,CS2交易频道，与咖啡机受众不匹配
9950,UCeRW8dx3Jf0qhJt-tccWesg,marszy 💋,https://cn--xtb.noxinfluencer.com/youtube/channel/UCeRW8dx3Jf0qhJt-tccWesg,-11,badcase,ASMR生活号，有咖啡/测评元素但推广格式不匹配
9951,UCjeJR4Hg5-dZs6oDnI2uBOg,Chrissy’s Mini’s,https://cn--xtb.noxinfluencer.com/youtube/channel/UCjeJR4Hg5-dZs6oDnI2uBOg,-22,badcase,频道主做玩具盲盒拆盒，和咖啡机推广场景明显不符
9952,UC3S2_qmuWg3_1GWZ89DoI7Q,Aura R&B,https://cn--xtb.noxinfluencer.com/youtube/channel/UC3S2_qmuWg3_1GWZ89DoI7Q,-20,badcase,R&B音乐播放列表，和咖啡机推广完全不相关，近10条均为音乐内容
9953,UCHlwuziPCaqZxoRO3TAJPDw,The Gingerbread Prints,https://cn--xtb.noxinfluencer.com/youtube/channel/UCHlwuziPCaqZxoRO3TAJPDw,-20,badcase,手工ASMR频道，和咖啡机推广无关，近期内容也完全不匹配
9954,UC0mpRLFvHChkfD9m4paaN-Q,EWA: Learn Languages,https://cn--xtb.noxinfluencer.com/youtube/channel/UC0mpRLFvHChkfD9m4paaN-Q,-10,badcase,英语学习频道，缺少咖啡机或家电购买/测评相关信号
9955,UCZSLCnh74awq15RQtBubYxg,Murat Hoca Online Turkish,https://cn--xtb.noxinfluencer.com/youtube/channel/UCZSLCnh74awq15RQtBubYxg,-10,badcase,土耳其语教学频道，与咖啡机推广场景无直接关联
9956,UCXvDebtL21F6DbHO7gQs4jg,Xena Zou,https://cn--xtb.noxinfluencer.com/youtube/channel/UCXvDebtL21F6DbHO7gQs4jg,-9,badcase,仅有home弱场景，近期内容多为旅行园艺育儿健康，缺少咖啡机推广语境
9957,UCbtDnb-Mgy-iAucJSOShxHg,Bedroom Rain Views,https://cn--xtb.noxinfluencer.com/youtube/channel/UCbtDnb-Mgy-iAucJSOShxHg,-25,badcase,雨声睡眠/氛围频道，属于典型产品推广格式不匹配
9958,UC4Go3Sd237rIHASJMGte68Q,Loolicorn DIY,https://cn--xtb.noxinfluencer.com/youtube/channel/UC4Go3Sd237rIHASJMGte68Q,-10,badcase,手作玩偶频道，缺少咖啡机相关产品或购买意图，近10条全不相关
9959,UCOKsp8tI88-sp1kMX6kunLw,Music Ethiopia,https://cn--xtb.noxinfluencer.com/youtube/channel/UCOKsp8tI88-sp1kMX6kunLw,-10,badcase,音乐娱乐号，与咖啡机推广无关，近10条全不相关
9960,UCTSunvXjuA54L1yYxJP-AiQ,The Jumper Guy,https://cn--xtb.noxinfluencer.com/youtube/channel/UCTSunvXjuA54L1yYxJP-AiQ,-10,badcase,租赁创业频道，未见咖啡机内容或购买/测评意图，近10条全不相关
9961,UCeWSmAlglHZ07sHhZhlSu3A,GitPush_42,https://cn--xtb.noxinfluencer.com/youtube/channel/UCeWSmAlglHZ07sHhZhlSu3A,-25,badcase,纯娱乐短视频号，和咖啡机推广目标不符，近10条全不相关
9962,UCDwu2XrBww5W3GZ3Pp6at6Q,Snacks Crafts Food,https://cn--xtb.noxinfluencer.com/youtube/channel/UCDwu2XrBww5W3GZ3Pp6at6Q,-25,badcase,ASMR零食号，内容形态与咖啡机推广不匹配，近10条全不相关
9963,UCUDDqhHf79wndvEAn6Xh_nA,Frantic Romantic,https://cn--xtb.noxinfluencer.com/youtube/channel/UCUDDqhHf79wndvEAn6Xh_nA,-25,badcase,音乐娱乐频道，最新内容也全是演出/乐评，与咖啡机推广无关
9964,UCWa0bxAD5Mg9HYj9-MXPXRg,Heyieasha,https://cn--xtb.noxinfluencer.com/youtube/channel/UCWa0bxAD5Mg9HYj9-MXPXRg,-5,badcase,美妆穿搭频道仅有泛化测评语境，和咖啡机品类相关性弱
9965,UCOAjUnUzbA3K9IUHfCC4v2w,masto,https://cn--xtb.noxinfluencer.com/youtube/channel/UCOAjUnUzbA3K9IUHfCC4v2w,-25,badcase,类型伴奏/音乐频道，最新内容均为 beat，和咖啡机推广不匹配
9966,UCfa9HQ4_8lgT2x98eUZhFsQ,K-pop -Genesis,https://cn--xtb.noxinfluencer.com/youtube/channel/UCfa9HQ4_8lgT2x98eUZhFsQ,-25,badcase,K-pop娱乐短内容频道，受众与咖啡机购买场景明显不一致
9967,UCeu-hAegEoiva3aLIG3Ox8A,Sawinery Woodworking,https://cn--xtb.noxinfluencer.com/youtube/channel/UCeu-hAegEoiva3aLIG3Ox8A,-10,badcase,木工工具频道，与咖啡机推广场景和受众不匹配
9968,UCOT6JD_3oeZPMIGUVrJ9wMA,Sıla Ertaş,https://cn--xtb.noxinfluencer.com/youtube/channel/UCOT6JD_3oeZPMIGUVrJ9wMA,-10,badcase,美妆穿搭为主，缺少咖啡机/测评/购买语境，近期内容也不相关
9970,UC2AYqN9niymZNGNtLyJ8SFQ,El Mundo De Bella y mas,https://cn--xtb.noxinfluencer.com/youtube/channel/UC2AYqN9niymZNGNtLyJ8SFQ,-9,badcase,生活/美食较泛，但缺少家电评测和咖啡机语境，近期旅行内容偏多
9971,UCvQxiN8oT3NdwB40iamipSw,Briana K,https://cn--xtb.noxinfluencer.com/youtube/channel/UCvQxiN8oT3NdwB40iamipSw,-10,badcase,钩织手作号，和咖啡机推广几乎无场景重合
9972,UC0vjbrFWu-5wkN7BsTRZ6Ag,ChanceIsLoud,https://cn--xtb.noxinfluencer.com/youtube/channel/UC0vjbrFWu-5wkN7BsTRZ6Ag,-15,badcase,纯娱乐内容，和咖啡机推广存在明显题材不匹配
9973,UCRCB12Ga_qnWnfgFgFqS8yg,Corey's Hobbies,https://cn--xtb.noxinfluencer.com/youtube/channel/UCRCB12Ga_qnWnfgFgFqS8yg,-8,badcase,DIY/科技向频道，缺少咖啡机与厨房家电内容，近10条也不相关
9974,UCRjd-9WwyjRDuIJPkH9E0pQ,True Sound Studios,https://cn--xtb.noxinfluencer.com/youtube/channel/UCRjd-9WwyjRDuIJPkH9E0pQ,-9,badcase,音频制作频道，偏录音混音，和咖啡机推广场景不匹配
9975,UC1vbAnuzlr0urMdnRmsv8DQ,Documentary Points,https://cn--xtb.noxinfluencer.com/youtube/channel/UC1vbAnuzlr0urMdnRmsv8DQ,-10,badcase,纪录片/娱乐为主，近期内容多为手工与杂项，和咖啡机无关
9976,UClDp6sfHndq-wQ-QXM2B8tg,Safran Knit,https://cn--xtb.noxinfluencer.com/youtube/channel/UClDp6sfHndq-wQ-QXM2B8tg,-9,badcase,编织服饰频道，主题与咖啡机家电推广无明显关联
9977,UCfxe1Z83zM2mMGCSyTfksQQ,Edge Studio,https://cn--xtb.noxinfluencer.com/youtube/channel/UCfxe1Z83zM2mMGCSyTfksQQ,-8,badcase,配音工作室频道，只有泛家电/科技弱相关，近期内容不符
9978,UC8j9tjQ6cOVZ6J2srW4zEDQ,Sirli Vlog,https://cn--xtb.noxinfluencer.com/youtube/channel/UC8j9tjQ6cOVZ6J2srW4zEDQ,-8,badcase,标签仅有生活/食物泛相关，近10条全是杂项内容，缺少咖啡机促销场景
9979,UC5l6WsI0la_RquqXIHsA5aQ,Rex and Sky In the City,https://cn--xtb.noxinfluencer.com/youtube/channel/UC5l6WsI0la_RquqXIHsA5aQ,-22,badcase,以宠物内容和ASMR为主，缺少咖啡机购买/测评语境，强格式不匹配
9980,UCzvpmM_Aat_idpwEpym0jJw,Justin Watches Movies,https://cn--xtb.noxinfluencer.com/youtube/channel/UCzvpmM_Aat_idpwEpym0jJw,-25,badcase,影视娱乐测评频道，近期内容全是电影/剧集，和咖啡机推广无关
9981,UCojWZBIp4AkK-Ciu2LnGCmA,Carl Ernest Magar,https://cn--xtb.noxinfluencer.com/youtube/channel/UCojWZBIp4AkK-Ciu2LnGCmA,-10,badcase,无咖啡机相关标签，近10条内容均不匹配
9982,UCrz1sGlNoYqdOY4OMwFepaw,Achiko Meladze01,https://cn--xtb.noxinfluencer.com/youtube/channel/UCrz1sGlNoYqdOY4OMwFepaw,-14,badcase,宠物娱乐频道，主题与咖啡机推广无关，最近内容也全是宠物视频
9983,UC_-SUAOcl5PYeDZdPn5Ovpw,Rithy KH,https://cn--xtb.noxinfluencer.com/youtube/channel/UC_-SUAOcl5PYeDZdPn5Ovpw,-10,badcase,食物/旅行杂记，缺少咖啡机与家电购买语境
9984,UCGzSvJNExKiCs2nfiOqPCNA,fernandaromerotvv,https://cn--xtb.noxinfluencer.com/youtube/channel/UCGzSvJNExKiCs2nfiOqPCNA,-20,badcase,频道以美妆护肤为主，无咖啡机推广或评测证据
9985,UC3nmTJfEV9IZnUBX8zWKHkg,RV Life In The USA,https://cn--xtb.noxinfluencer.com/youtube/channel/UC3nmTJfEV9IZnUBX8zWKHkg,-8,badcase,仅有厨房/食物弱场景，缺少咖啡机评测购买内容，近作均不匹配
9986,UCav7yRlQJI61xMn8PwusI0g,Unbound Carry,https://cn--xtb.noxinfluencer.com/youtube/channel/UCav7yRlQJI61xMn8PwusI0g,-10,badcase,EDC随身装备频道，和咖啡机购买场景弱相关
9987,UCg4fxMERxGEsrCo50_RyncA,UAVMODEL,https://cn--xtb.noxinfluencer.com/youtube/channel/UCg4fxMERxGEsrCo50_RyncA,-25,badcase,无人机工业频道，与咖啡机推广完全不相干
9988,UCLDixvHpqJhGWJ8Dta32V9A,NextGen Precision,https://cn--xtb.noxinfluencer.com/youtube/channel/UCLDixvHpqJhGWJ8Dta32V9A,-10,badcase,无咖啡机主题，近10条均为工程/制造类内容
9989,UCeTgdqn9cG2DiQ7miYpyFvQ,Smith Lee,https://cn--xtb.noxinfluencer.com/youtube/channel/UCeTgdqn9cG2DiQ7miYpyFvQ,-22,badcase,ASMR/慢动作工艺频道，和咖啡机推广格式明显不符
9990,UCs8Ssv8LLxuhCDLpqrdqg-Q,Oksana Shirazi Cross Stitch,https://cn--xtb.noxinfluencer.com/youtube/channel/UCs8Ssv8LLxuhCDLpqrdqg-Q,-10,badcase,刺绣手作频道，和咖啡机推广无关
9991,UCjmnQRDG2vrq4CD5xGonG4g,duplicolortv,https://cn--xtb.noxinfluencer.com/youtube/channel/UCjmnQRDG2vrq4CD5xGonG4g,-25,badcase,汽车涂装改装频道，受众与咖啡机完全不匹配
9992,UCMk65RpctvofrrJyNYO1uzQ,MrCrimi,https://cn--xtb.noxinfluencer.com/youtube/channel/UCMk65RpctvofrrJyNYO1uzQ,-9,badcase,家居收纳频道仅有泛化 gadgets 线索，近10条都不相关
9993,UCSkh7mosxTUrN0EuxvjT-jQ,CandidPro™ Clear Aligners,https://cn--xtb.noxinfluencer.com/youtube/channel/UCSkh7mosxTUrN0EuxvjT-jQ,-10,badcase,正畸/牙齿矫正频道，近10条内容全不相关，咖啡机推广无匹配
9994,UC5RYvK8swDVOZomPXDAYIpA,Cat and Raven Designs,https://cn--xtb.noxinfluencer.com/youtube/channel/UC5RYvK8swDVOZomPXDAYIpA,-10,badcase,手工皂制作频道，内容与咖啡机无关，近10条均为皂类内容
9995,UCq020ixftVA1GMgykyb0Qlg,Murray Xperience,https://cn--xtb.noxinfluencer.com/youtube/channel/UCq020ixftVA1GMgykyb0Qlg,-10,badcase,播客励志频道，主题与咖啡机无关，最近内容全部不匹配
9996,UCBT_fhE1wPhfy54uvy3Cw-g,Bon Bon Too,https://cn--xtb.noxinfluencer.com/youtube/channel/UCBT_fhE1wPhfy54uvy3Cw-g,-25,badcase,儿童动画频道，娱乐属性强，格式与咖啡机推广明显不匹配
9997,UCbPABDihUVo90YlRQT8bFLA,Luke W,https://cn--xtb.noxinfluencer.com/youtube/channel/UCbPABDihUVo90YlRQT8bFLA,-10,badcase,财商/加密频道，缺乏厨房家电种草场景，近10条均不相关
9998,UCUPluR5tx0ETbn7rN7SSaNw,Colectivo 360,https://cn--xtb.noxinfluencer.com/youtube/channel/UCUPluR5tx0ETbn7rN7SSaNw,-25,badcase,艺术娱乐频道，近10条无咖啡机评测或购买语境
9999,UCxWoKrbHi97C2J_jP9-DiLQ,Overdrive Defense,https://cn--xtb.noxinfluencer.com/youtube/channel/UCxWoKrbHi97C2J_jP9-DiLQ,-24,badcase,夜生活娱乐内容，偏活动与饮品测试，不适合咖啡机推广
10000,UC2q4bdqHSOrASAIKDVAgANA,Bri Go-Go,https://cn--xtb.noxinfluencer.com/youtube/channel/UC2q4bdqHSOrASAIKDVAgANA,-8,badcase,仅有泛食品/厨房弱相关，近期内容与咖啡机推广明显不符
