rank,channel_id,channel_name,channel_url,score,suggested_label,why_short
8,UCw9UnS-amGQga3rhvzGqcYA,Super Krew,https://cn--xtb.noxinfluencer.com/youtube/channel/UCw9UnS-amGQga3rhvzGqcYA,-3,badcase,儿童娱乐为主，割草机只是穿插，受众与推广对象明显错位
23,UCLcco9E21Z_ARim0VM6EKIQ,Hillbilly Blueprints,https://cn--xtb.noxinfluencer.com/youtube/channel/UCLcco9E21Z_ARim0VM6EKIQ,-5,badcase,虽有 lawn mower 标签，但主轴是越野改装泥地 mower，非家用割草机
26,UCU3gQGhk0lYK-fKOR0sopgg,CarsandCameras,https://cn--xtb.noxinfluencer.com/youtube/channel/UCU3gQGhk0lYK-fKOR0sopgg,10,badcase,全是 go kart/赛车改装，虽有 mower 标签但与割草机推广不符
35,UCPXXG0mMXuNopVsb_9xoJDA,Satisfying Lawn Care Videos,https://cn--xtb.noxinfluencer.com/youtube/channel/UCPXXG0mMXuNopVsb_9xoJDA,-25,badcase,标签偏游戏且近期是ASMR草坪内容，明显不适合推广
50,UCSavPw3cMUdBItSLBS0oeZg,dramanew,https://cn--xtb.noxinfluencer.com/youtube/channel/UCSavPw3cMUdBItSLBS0oeZg,-25,badcase,剧情/故事型频道，虽含 lawnmower 但不适合产品推广。
76,UCKs7-oGzd8G24cEWbk_lcKA,Chris Rollins,https://cn--xtb.noxinfluencer.com/youtube/channel/UCKs7-oGzd8G24cEWbk_lcKA,-5,badcase,虽有割草机标签，但主体是慢动作/娱乐实验，推广不适合
85,UCLXcc4od8_AK-K48NbxVzlQ,Vaquero De Nueva York,https://cn--xtb.noxinfluencer.com/youtube/channel/UCLXcc4od8_AK-K48NbxVzlQ,-8,badcase,以施工/搞笑/家装短内容为主，缺少割草机推广场景
112,UCEdYYZg_pcPAKQ5puFGKzig,Satisfying-Lawn,https://cn--xtb.noxinfluencer.com/youtube/channel/UCEdYYZg_pcPAKQ5puFGKzig,-15,badcase,虽有 lawncare/mowing 相关，但近期以剧情短剧为主，推广形态不合。
145,UC8y9SfJyCw6_xdg-joNaXlA,MakeShiftGarage,https://cn--xtb.noxinfluencer.com/youtube/channel/UC8y9SfJyCw6_xdg-joNaXlA,-10,badcase,汽车短视频和车展内容为主，与割草机推广不匹配
146,UCsfHHLD8NiBA-TQb4pNS1AA,Dohc Holiday customs,https://cn--xtb.noxinfluencer.com/youtube/channel/UCsfHHLD8NiBA-TQb4pNS1AA,-8,badcase,以moped/scooter改装为主，割草机只是在标题里点到
153,UCAYXR5eEASm9XYDT9lr_qVA,777 Auction Company,https://cn--xtb.noxinfluencer.com/youtube/channel/UCAYXR5eEASm9XYDT9lr_qVA,-10,badcase,车辆拍卖频道，近期几乎全是汽车/卡车/叉车，无割草机相关内容
168,UCpHwUr1Mu3BQI47EGDbliYg,Fryins,https://cn--xtb.noxinfluencer.com/youtube/channel/UCpHwUr1Mu3BQI47EGDbliYg,-10,badcase,游戏频道为主，近期内容多为娱乐向，与割草机推广不匹配
169,UCQkiplgkZ_ms1ztYpZKf3IQ,Samko Trad Bow,https://cn--xtb.noxinfluencer.com/youtube/channel/UCQkiplgkZ_ms1ztYpZKf3IQ,-10,badcase,狩猎户外向频道，缺少割草机购买或测评语境
187,UCR9765Boybvdqcf_TF86KOA,CRACKED HOUSING FAB,https://cn--xtb.noxinfluencer.com/youtube/channel/UCR9765Boybvdqcf_TF86KOA,-22,badcase,改装/漂移内容为主，近期多为毁改割草机，推广割草机不适配
193,UCxO1WbPs9HWKgpDwPxYSUHw,Tool Up Handyman,https://cn--xtb.noxinfluencer.com/youtube/channel/UCxO1WbPs9HWKgpDwPxYSUHw,-10,badcase,近期全是汽车/机油维修，和割草机推广无关
204,UCNutCLP7G8gRrASkUtyNKMw,Minh Huy LQ,https://cn--xtb.noxinfluencer.com/youtube/channel/UCNutCLP7G8gRrASkUtyNKMw,-25,badcase,稻谷收割机频道，品类和家用割草机完全不匹配
208,UCXNipNRV-wL7p5Gq9wCc1Ng,The HOA Insider,https://cn--xtb.noxinfluencer.com/youtube/channel/UCXNipNRV-wL7p5Gq9wCc1Ng,-22,badcase,故事号为主，虽有 lawnmower 话题但非产品推广场景
211,UCFu8BlhP8v6OM6z0y_E0vug,TN - Creative Project,https://cn--xtb.noxinfluencer.com/youtube/channel/UCFu8BlhP8v6OM6z0y_E0vug,-8,badcase,偏木工DIY频道，和割草机推广场景不匹配，近10条内容也都不相关
212,UCg9A0jd7UebTjondajzUzzQ,Getallproducts,https://cn--xtb.noxinfluencer.com/youtube/channel/UCg9A0jd7UebTjondajzUzzQ,-8,badcase,泛品类频道，草坪割草机相关仅零星出现，近期大多不匹配。
216,UCnkBe_V_v_C1BvpiF0G1U5Q,GDaYARDman,https://cn--xtb.noxinfluencer.com/youtube/channel/UCnkBe_V_v_C1BvpiF0G1U5Q,-2,badcase,虽有 lawn mower 标签，但 ASMR/shorts 娱乐占主导，格式不适配。
219,UCPixKydtianMPzfAmYD8jrQ,more jello please,https://cn--xtb.noxinfluencer.com/youtube/channel/UCPixKydtianMPzfAmYD8jrQ,-4,badcase,标题有割草机词，但近期多为音乐/宠物等娱乐内容
229,UC9JeihYy268H18beICx9kXA,MVN Motorsports,https://cn--xtb.noxinfluencer.com/youtube/channel/UC9JeihYy268H18beICx9kXA,-22,badcase,赛车/对战娱乐为主，虽有 lawn mower 词但不适合推广
237,UCa5vXRgNvNx00vXykmAsQBg,Minh Qui Vlogs,https://cn--xtb.noxinfluencer.com/youtube/channel/UCa5vXRgNvNx00vXykmAsQBg,-20,badcase,水稻收割机内容，和家用割草机推广场景明显不匹配
253,UC0hMkxoyXGNusDFTIoPCh3Q,Mujahid Shohel,https://cn--xtb.noxinfluencer.com/youtube/channel/UC0hMkxoyXGNusDFTIoPCh3Q,-8,badcase,近10条大多是音乐/杂项，只有少量割草内容，推广相关性弱
257,UCIQdH63Wi6nLu3sQxn5hBvw,"Shopping with Amy - Homegoods, Tech, Gift Ideas",https://cn--xtb.noxinfluencer.com/youtube/channel/UCIQdH63Wi6nLu3sQxn5hBvw,-9,badcase,家居评测为主，缺少割草机/草坪场景，近期内容也不匹配
260,UC-pSphMHM7POyT9pUWHcYfg,The Boring Channel Shorts,https://cn--xtb.noxinfluencer.com/youtube/channel/UC-pSphMHM7POyT9pUWHcYfg,-10,badcase,草坪服务相关但主打剧情搬运，近期内容偏叙事，促销转化弱
261,UC5ZxJKZI74cmupCqrB-UioQ,WorldKnow,https://cn--xtb.noxinfluencer.com/youtube/channel/UC5ZxJKZI74cmupCqrB-UioQ,-22,badcase,无标签且标题偏叙事冲突故事，不适合割草机推广
267,UC7Wy-UuuwOqHxu4JeVWVX4g,Steve DOES,https://cn--xtb.noxinfluencer.com/youtube/channel/UC7Wy-UuuwOqHxu4JeVWVX4g,-8,badcase,智能家居测评频道，近10条几乎无割草机相关内容
269,UCyDPf-Son4Xb6kLLm8Us1gA,Boo Reviews,https://cn--xtb.noxinfluencer.com/youtube/channel/UCyDPf-Son4Xb6kLLm8Us1gA,-10,badcase,泛产品测评频道，近10条主要是家电、家具和运动器材
270,UCrW5mKz-7RQWgMROfNe6Ocw,RC JAY,https://cn--xtb.noxinfluencer.com/youtube/channel/UCrW5mKz-7RQWgMROfNe6Ocw,-22,badcase,割木短视频/ASMR频道，和草坪割草机促销场景不匹配
271,UC4KnSPTeu6IO4wLSEP5By5w,Boss Adams Garage,https://cn--xtb.noxinfluencer.com/youtube/channel/UC4KnSPTeu6IO4wLSEP5By5w,-7,badcase,以汽修DIY为主，仅少量割草机内容，近10条大多不匹配
273,UCLiRpeBmdSKT8TgldbdVE7Q,Gill Pecceu,https://cn--xtb.noxinfluencer.com/youtube/channel/UCLiRpeBmdSKT8TgldbdVE7Q,-9,badcase,无标签命中，近期多为工业破碎机维修，非草坪 mower 推广场景
276,UC6WgD7wYTDHh8Pdl-saOOlw,Ideas for Our Time,https://cn--xtb.noxinfluencer.com/youtube/channel/UC6WgD7wYTDHh8Pdl-saOOlw,-14,badcase,AI和段子型内容为主，近期多数与草坪机推广无关
281,UCZ6CZMbfTkEFRPSweFRzb0Q,Johnny Hutson,https://cn--xtb.noxinfluencer.com/youtube/channel/UCZ6CZMbfTkEFRPSweFRzb0Q,-18,badcase,娱乐杂项频道，草坪工具只占少数，受众不匹配
284,UCut-AlZrONZXFET0qPahvUw,Dashing in the D,https://cn--xtb.noxinfluencer.com/youtube/channel/UCut-AlZrONZXFET0qPahvUw,-20,badcase,内容以搞笑/邻居短剧为主，与割草机推广场景不符
289,UCGjfjOaW7eQABa4z4oqH6bA,American Detour,https://cn--xtb.noxinfluencer.com/youtube/channel/UCGjfjOaW7eQABa4z4oqH6bA,-7,badcase,汽车越野为主，割草机只是竞速小众内容，不适合推广
291,UC0F5q67UWcqvPKMXPIiZ1-g,Farmer Machine,https://cn--xtb.noxinfluencer.com/youtube/channel/UC0F5q67UWcqvPKMXPIiZ1-g,-10,badcase,农机账号，近期主要是拖拉机和农具，缺少草坪割草场景
295,UC-fU_-yuEwnVY7F-mVAfO6w,Open Circuit RC & Tech,https://cn--xtb.noxinfluencer.com/youtube/channel/UC-fU_-yuEwnVY7F-mVAfO6w,-10,badcase,RC与科技频道，主要是遥控车/无人机，和割草机推广无关
299,UCb-eI2DYbZ_A7cJ1_uebORg,SkillSpark,https://cn--xtb.noxinfluencer.com/youtube/channel/UCb-eI2DYbZ_A7cJ1_uebORg,-8,badcase,只有泛工具标签，近10条多为工艺/食品/工厂内容，与割草机不匹配
304,UCV9E-EZUlDhzGwWCnRdGV1g,Diy Lord Farm,https://cn--xtb.noxinfluencer.com/youtube/channel/UCV9E-EZUlDhzGwWCnRdGV1g,-7,badcase,DIY迷你农机/科学项目为主，不是草坪机购买或测评场景
305,UCgjvVXG-TjqKxXSFP3dJ59A,Trash or Treasure?,https://cn--xtb.noxinfluencer.com/youtube/channel/UCgjvVXG-TjqKxXSFP3dJ59A,-20,badcase,剧情/短剧式内容为主，近期虽有 lawncare 词但不适合卖草坪机
314,UCzunLSeoKrZVDezcLvfS6JQ,TechTubeHub,https://cn--xtb.noxinfluencer.com/youtube/channel/UCzunLSeoKrZVDezcLvfS6JQ,-10,badcase,以科技测评和消费电子为主，近期内容几乎全无割草机相关
319,UCTN6R41B6rCYRzCAhJXLKUA,Guy's Pest Solutions,https://cn--xtb.noxinfluencer.com/youtube/channel/UCTN6R41B6rCYRzCAhJXLKUA,-6,badcase,主体是除虫驱虫，割草机只是少量搭配内容
322,UCSgkoP-WD9poKbBK3nWIKdg,Messick's Farm Equipment,https://cn--xtb.noxinfluencer.com/youtube/channel/UCSgkoP-WD9poKbBK3nWIKdg,-9,badcase,农机设备频道，只有零星割草机相关标题，标签未直接命中，偏不匹配
326,UCFqtnwCuULas3IIGEdJjhuQ,Ricky O,https://cn--xtb.noxinfluencer.com/youtube/channel/UCFqtnwCuULas3IIGEdJjhuQ,-8,badcase,以娱乐/车类/游戏为主，只有零星割草机内容，缺少草坪机推广语境
331,UCKMr_ra9cY2aFtH2z2bcuBA,tonytypes,https://cn--xtb.noxinfluencer.com/youtube/channel/UCKMr_ra9cY2aFtH2z2bcuBA,-7,badcase,以骑行和杂项评测为主，草坪机内容太少，近期大多不匹配
336,UC-sk6CBSUsZlSPWDVe73QWA,Skid-Co,https://cn--xtb.noxinfluencer.com/youtube/channel/UC-sk6CBSUsZlSPWDVe73QWA,-7,badcase,偏工程机械频道，只有品牌弱相关，近10期内容与割草机推广不匹配
338,UCBxol-4n0hHeJ2rNc-9UpWA,Time⏳Skills,https://cn--xtb.noxinfluencer.com/youtube/channel/UCBxol-4n0hHeJ2rNc-9UpWA,-10,badcase,以火车、摩托和泛技能为主，和割草机推广缺少明确产品相关性
341,UClC9qZD8A1dzFYM0Sbxyapg,Pablo's Garage 707,https://cn--xtb.noxinfluencer.com/youtube/channel/UClC9qZD8A1dzFYM0Sbxyapg,-10,badcase,汽车工具频道，近期几乎全是汽修/工具内容，与割草机不相关
344,UCQ9e0JHba7ApNz_-HL-p_6A,GREENPOWERSCIENCE,https://cn--xtb.noxinfluencer.com/youtube/channel/UCQ9e0JHba7ApNz_-HL-p_6A,-9,badcase,科学/天气频道，最近几乎无割草机推广语境
346,UCNU0zwdNogJjpDnkRhc2p0A,Mr. Inventor,https://cn--xtb.noxinfluencer.com/youtube/channel/UCNU0zwdNogJjpDnkRhc2p0A,-5,badcase,仅DIY泛标签，近期杂项多，割草机相关弱
350,UCQ_28m8T35_zYFViEh4SSlQ,Jan Mark Garcia,https://cn--xtb.noxinfluencer.com/youtube/channel/UCQ_28m8T35_zYFViEh4SSlQ,-21,badcase,以娱乐/ASMR/短视频为主，最近仅1条割草机相关
351,UCzZW70Wi3XzUztrfRiTthfw,Taryl Fixes All Skits,https://cn--xtb.noxinfluencer.com/youtube/channel/UCzZW70Wi3XzUztrfRiTthfw,-15,badcase,虽有 lawn mower 标签，但主体是喜剧短剧，非产品推广内容
352,UC2F3CDcRRXeFV9z668-A60Q,Nick's Nonsense,https://cn--xtb.noxinfluencer.com/youtube/channel/UC2F3CDcRRXeFV9z668-A60Q,-6,badcase,仅有diy弱相关，近10条以车和工程设备为主，不适合推草坪机
360,UCiCLVA3JqlFYTzsIe9DEgvw,David Can Make That,https://cn--xtb.noxinfluencer.com/youtube/channel/UCiCLVA3JqlFYTzsIe9DEgvw,-9,badcase,DIY工具为主，缺少割草机和园艺设备受众
361,UCYmiIYN6THgNi0R8AWe83-Q,U.P. Tinkering,https://cn--xtb.noxinfluencer.com/youtube/channel/UCYmiIYN6THgNi0R8AWe83-Q,-9,badcase,ATV/雪铲/修理为主，和割草机推广关联弱
365,UCXWuWzjt4GmV4S-nfniQypg,jster1963,https://cn--xtb.noxinfluencer.com/youtube/channel/UCXWuWzjt4GmV4S-nfniQypg,-9,badcase,频道以机加工和车床为主，与割草机推广不符
370,UCq9h3UEj8pc3t0t1FF1QPog,WorkSnap,https://cn--xtb.noxinfluencer.com/youtube/channel/UCq9h3UEj8pc3t0t1FF1QPog,-7,badcase,工具/机械泛内容，缺少割草机购买或使用场景
372,UCnuyWz98Dt8h2Zz5C2e9xBw,Mr.notsooffgrid,https://cn--xtb.noxinfluencer.com/youtube/channel/UCnuyWz98Dt8h2Zz5C2e9xBw,-6,badcase,频道主轴是太阳能/挖矿，割草机相关几乎缺失
378,UCEV0wvwOvj-qAhqwo4eZ5dw,DMAXRYNO,https://cn--xtb.noxinfluencer.com/youtube/channel/UCEV0wvwOvj-qAhqwo4eZ5dw,-9,badcase,以皮卡/柴油改装为主，割草机只偶尔出现，近10条大多不匹配
379,UC1Bwt9f6CwS9OWb1kmY9tXA,FridayParts,https://cn--xtb.noxinfluencer.com/youtube/channel/UC1Bwt9f6CwS9OWb1kmY9tXA,-4,badcase,以工程机械和拖拉机维修为主，和家用割草机仅有弱重叠
380,UCR893Xb5U-dptrikJXEJB_w,Candi Rose,https://cn--xtb.noxinfluencer.com/youtube/channel/UCR893Xb5U-dptrikJXEJB_w,-9,badcase,个人生活/直播为主，割草机仅一条维修内容，整体不匹配
386,UCnDqSqP8Lbn0_KU5iqFeA0A,metaspencer,https://cn--xtb.noxinfluencer.com/youtube/channel/UCnDqSqP8Lbn0_KU5iqFeA0A,-10,badcase,树工/施工向，近期内容与草坪割草机无关
388,UCND183bspXmFr5YCLXh7KDQ,Go Build Stuff,https://cn--xtb.noxinfluencer.com/youtube/channel/UCND183bspXmFr5YCLXh7KDQ,-6,badcase,以装修和工具收纳为主，割草机相关信号很弱
389,UCjFDyBcKTeWGxOjf_IIV78A,CODY-SEVEN2,https://cn--xtb.noxinfluencer.com/youtube/channel/UCjFDyBcKTeWGxOjf_IIV78A,-25,badcase,主体是游戏角色扮演，割草机只是剧情道具
400,UCCggCxRU040X6ZEEu-jkt2g,Rip1Outdoors,https://cn--xtb.noxinfluencer.com/youtube/channel/UCCggCxRU040X6ZEEu-jkt2g,-10,badcase,主轴是电动车/拖拉机，和割草机推广关联弱，近期也几乎无割草机内容
404,UCCggCxRU040X6ZEEu-jkt2g,Rip1Outdoors,https://cn--xtb.noxinfluencer.com/youtube/channel/UCCggCxRU040X6ZEEu-jkt2g,-10,badcase,以电单车、骑行和狩猎车为主，缺少割草机或园艺购买语境
405,UCnv7aJeOR0FiMvUhoG3hRyg,MẨN LONG AN,https://cn--xtb.noxinfluencer.com/youtube/channel/UCnv7aJeOR0FiMvUhoG3hRyg,-10,badcase,频道几乎全是拖拉机/农机内容，与家用割草机投放不匹配
406,UC0-NiA6i7-iLFgXYshmuqlw,Suburban Beard,https://cn--xtb.noxinfluencer.com/youtube/channel/UC0-NiA6i7-iLFgXYshmuqlw,-17,badcase,工具捡漏号但混入割草机ASMR，属于明显格式错配，转化价值低
411,UCx_LD1qnA-5z2jayGjN1YTw,Renewable ASTK,https://cn--xtb.noxinfluencer.com/youtube/channel/UCx_LD1qnA-5z2jayGjN1YTw,-10,badcase,近10条内容均为数码/生活小物，和割草机推广无关
412,UCLT9icGdVQtitygc_-xEOfw,Sam Owens,https://cn--xtb.noxinfluencer.com/youtube/channel/UCLT9icGdVQtitygc_-xEOfw,-10,badcase,无直击词；近期内容全是模型装配，和割草机推广不匹配
414,UCmRHhB-k4g88ToeAo2cKUPg,Blake Merckle Trucking,https://cn--xtb.noxinfluencer.com/youtube/channel/UCmRHhB-k4g88ToeAo2cKUPg,-10,badcase,重型工程机械频道，近10条都与割草机无关，推广匹配度很低
418,UCkAv5Q-edWyJBMAtwSi53og,LEGO Life Machines,https://cn--xtb.noxinfluencer.com/youtube/channel/UCkAv5Q-edWyJBMAtwSi53og,-35,badcase,动画娱乐频道，主要是玩具/机器短片，与割草机推广场景明显不符
427,UC9_a0BwDo0yftQDZffhphYQ,Wooden Cars & Tractors,https://cn--xtb.noxinfluencer.com/youtube/channel/UC9_a0BwDo0yftQDZffhphYQ,-24,badcase,玩具/ASMR动画为主，和割草机推广场景强不匹配
430,UCub4Hk4gV_ukdUDTtwpGU3g,Carbon Robotics,https://cn--xtb.noxinfluencer.com/youtube/channel/UCub4Hk4gV_ukdUDTtwpGU3g,-8,badcase,农用除草机器人频道，和家用 lawn mower 推广场景不匹配，近期也都偏农机
432,UCLFndeI09kfxpjP9hdLkNrg,Tractor Time with Tim,https://cn--xtb.noxinfluencer.com/youtube/channel/UCLFndeI09kfxpjP9hdLkNrg,-6,badcase,以拖拉机为主，只有草地维护弱相关，近期大多不匹配
433,UCKRm_D6Ppf8Q4FByAg2V_Ug,Mt. Hope Meadows,https://cn--xtb.noxinfluencer.com/youtube/channel/UCKRm_D6Ppf8Q4FByAg2V_Ug,-9,badcase,农机和打包机内容为主，与家用割草机推广不匹配
437,UCQeiVPeCM6cKJeSxYhqX_jA,sweykot sky,https://cn--xtb.noxinfluencer.com/youtube/channel/UCQeiVPeCM6cKJeSxYhqX_jA,-22,badcase,主频道为无人机/杂项vlog，仅少量割草机标题，推广场景不稳定
439,UCcLo4B-RKqch7c_4Xr-yV_A,MERRITT OUTDOOR,https://cn--xtb.noxinfluencer.com/youtube/channel/UCcLo4B-RKqch7c_4Xr-yV_A,-10,badcase,重型工程和机车内容为主，近期全部不相关，割草机受众弱
440,UCYNqInyUbBtqfPavhDS6KCw,Mustang Rebuilder,https://cn--xtb.noxinfluencer.com/youtube/channel/UCYNqInyUbBtqfPavhDS6KCw,-1,badcase,树桩研磨和清理工具相邻，但非割草机推广场景
441,UCIqD9VYGYI1pSj-jBfqLFgg,Mega Machines World,https://cn--xtb.noxinfluencer.com/youtube/channel/UCIqD9VYGYI1pSj-jBfqLFgg,-25,badcase,重型工程机械频道，受众和割草机购买场景明显不匹配
444,UCqmWZISgAupye1Wr6in9PMA,THE CREATOR,https://cn--xtb.noxinfluencer.com/youtube/channel/UCqmWZISgAupye1Wr6in9PMA,-8,badcase,近期内容以体育、音乐和杂项为主，与割草机推广不符
449,UCvTodg5k-Y0pxcU6YUAUgDA,মেশিন সপ,https://cn--xtb.noxinfluencer.com/youtube/channel/UCvTodg5k-Y0pxcU6YUAUgDA,-5,badcase,仅有草切机泛相关，频道主体是农机/饲料设备，近期几乎全偏
451,UCo-lAJEWsmk3Tbfm9rIBQ-A,Grey beards adventures,https://cn--xtb.noxinfluencer.com/youtube/channel/UCo-lAJEWsmk3Tbfm9rIBQ-A,-9,badcase,以生活杂谈和房屋进度为主，只有一条 Troy-Bilt 线索
454,UCu5UXWrGXU2CvXyjKOLJ1lQ,Kubota tractor at work,https://cn--xtb.noxinfluencer.com/youtube/channel/UCu5UXWrGXU2CvXyjKOLJ1lQ,-7,badcase,重型拖拉机内容为主，和割草机推广弱相关且近期全不匹配
455,UCb4ojQsbj0dSHzmWQVgZEVw,BUILDA DAD GARAGE,https://cn--xtb.noxinfluencer.com/youtube/channel/UCb4ojQsbj0dSHzmWQVgZEVw,-7,badcase,以改装娱乐为主，几乎无割草机购买或测评语境
456,UCsgxDrHfsOjEXmYLFzBM0-g,ENJO Mini Farm,https://cn--xtb.noxinfluencer.com/youtube/channel/UCsgxDrHfsOjEXmYLFzBM0-g,-8,badcase,迷你拖拉机和手工科普为主，近期内容与割草机推广完全不符
457,UCAG8Rk6feJ2g0Hq94zXOt9A,Modern Farmer's Guide,https://cn--xtb.noxinfluencer.com/youtube/channel/UCAG8Rk6feJ2g0Hq94zXOt9A,-1,badcase,偏农业工具/种植短视频，只有标题偶提lawn mower，缺少割草机推广意图
459,UCF6e4bLku8y6cbngAOtTDYA,Champion Power Equipment,https://cn--xtb.noxinfluencer.com/youtube/channel/UCF6e4bLku8y6cbngAOtTDYA,-10,badcase,主轴是发电机和备电，近10条几乎全是备电/除雪，不适合推广
461,UCYiQjOJbDBIF-30J-wIE9CQ,lotus,https://cn--xtb.noxinfluencer.com/youtube/channel/UCYiQjOJbDBIF-30J-wIE9CQ,-10,badcase,全是缝纫教程，与割草机受众和场景都不相关
462,UCUiAeRr8IEwJUGZuDchPyew,5Tractorguy,https://cn--xtb.noxinfluencer.com/youtube/channel/UCUiAeRr8IEwJUGZuDchPyew,-5,badcase,有拖拉机/割草机维修内容，但标签不直相关，近10条多数不匹配
464,UC5izw_k9GmV_7_Ix9kaNNzw,XRONGAUDIO,https://cn--xtb.noxinfluencer.com/youtube/channel/UC5izw_k9GmV_7_Ix9kaNNzw,-10,badcase,标签与割草机无关，最近10条也几乎全不匹配
465,UCfhuEJdDEd3seQtAYJkjCrQ,Chain saw tool 2.0,https://cn--xtb.noxinfluencer.com/youtube/channel/UCfhuEJdDEd3seQtAYJkjCrQ,-8,badcase,链锯/伐木向内容与割草机仅有弱工具重叠，近10条全不匹配
468,UC1s4TMp-_3T8yZNo-rYg4nA,Mr. Berdis,https://cn--xtb.noxinfluencer.com/youtube/channel/UC1s4TMp-_3T8yZNo-rYg4nA,-6,badcase,工具频道但割草机关联弱，近10条多数与草坪无关
471,UCy6jlIiPGifk3SkCFzrEXOg,Skid Pro Attachments,https://cn--xtb.noxinfluencer.com/youtube/channel/UCy6jlIiPGifk3SkCFzrEXOg,-10,badcase,割草机相关信号很弱，近期多为清雪和挖机附件演示
472,UCGp5Tysv8HC7ctoVjNHtN4Q,Golden Rust or Bust,https://cn--xtb.noxinfluencer.com/youtube/channel/UCGp5Tysv8HC7ctoVjNHtN4Q,-8,badcase,仅少量割草机相关视频，整体仍偏车辆修复，近期不匹配
474,UCIu4m25EguTLNAoRHF9ijTg,A2Z Review,https://cn--xtb.noxinfluencer.com/youtube/channel/UCIu4m25EguTLNAoRHF9ijTg,-9,badcase,以汽车评测为主，草坪机相关信号弱，近期也无匹配
476,UClz_c3ge5IwrwkIXmRn9Qkg,LESS LAWN MORE LIFE by Wildr,https://cn--xtb.noxinfluencer.com/youtube/channel/UClz_c3ge5IwrwkIXmRn9Qkg,-25,badcase,内容偏反草坪重野化，与割草机推广方向相反
477,UCcTJ1BtjOHzx_z69etvnWIw,Journey & Explore,https://cn--xtb.noxinfluencer.com/youtube/channel/UCcTJ1BtjOHzx_z69etvnWIw,-10,badcase,主内容是农机拖拉机作业，和割草机推广不匹配
481,UCgjgrBrs94wRdb40cb0XQsQ,Advanced-Technology31,https://cn--xtb.noxinfluencer.com/youtube/channel/UCgjgrBrs94wRdb40cb0XQsQ,-9,badcase,偏建筑施工与通用工具，和割草机关联弱
483,UCqAzA1dM2kw4YD2m2N6FJFQ,Frankencooler,https://cn--xtb.noxinfluencer.com/youtube/channel/UCqAzA1dM2kw4YD2m2N6FJFQ,-10,badcase,内容聚焦自制空调/冷箱改装，近10条都不相关，和割草机推广不匹配
486,UCV4x3zgFGQBye2GKcDPTYNw,Country Dirt Kid,https://cn--xtb.noxinfluencer.com/youtube/channel/UCV4x3zgFGQBye2GKcDPTYNw,-10,badcase,内容以野生动物/狩猎为主，近期全是动物自然内容，和割草机推广不匹配
488,UCCv0yCvnWQbm4Zy7jYdFGiQ,333Britt,https://cn--xtb.noxinfluencer.com/youtube/channel/UCCv0yCvnWQbm4Zy7jYdFGiQ,-10,badcase,内容是玩具/3D打印，和割草机推广无关
491,UChzncsXiQvvCa7IUycW6Jsw,ITR Reviews,https://cn--xtb.noxinfluencer.com/youtube/channel/UChzncsXiQvvCa7IUycW6Jsw,-5,badcase,有Lawn Care但近期几乎全是家电数码评测，不像割草机推广
492,UCCAwPto_xDpzl-wBCsGC3fw,Today News IND,https://cn--xtb.noxinfluencer.com/youtube/channel/UCCAwPto_xDpzl-wBCsGC3fw,-8,badcase,泛科技短视频频道，缺少草坪护理或割草机推广语境
494,UCxQm0l9N8L6Yjy2zcFS1ZnQ,Sial Agri Farm,https://cn--xtb.noxinfluencer.com/youtube/channel/UCxQm0l9N8L6Yjy2zcFS1ZnQ,0,badcase,农机短视频偏拖拉机表演，缺少割草机购买或测评意图，推广不匹配
500,UCnRmICDTJQ9gy3QY4xDwOaw,Wisdom of Human,https://cn--xtb.noxinfluencer.com/youtube/channel/UCnRmICDTJQ9gy3QY4xDwOaw,-9,badcase,只有泛机械标签，近期多为概念型机器内容，和割草机不符
4751,UCjT4-CJoPSilmitHc4nl9-g,HX OUTDOORS,https://cn--xtb.noxinfluencer.com/youtube/channel/UCjT4-CJoPSilmitHc4nl9-g,-9,badcase,户外刀具/EDC频道，和割草机推广关联很弱
4753,UCf3Vtm8OTBsyjJwYfmF2trw,The Mechanic,https://cn--xtb.noxinfluencer.com/youtube/channel/UCf3Vtm8OTBsyjJwYfmF2trw,-18,badcase,汽车与重型机械维修为主，缺少草坪/园艺割草机推广语境
4756,UCnzydwLfgav0O023BA0D2rw,CUTTERNATION,https://cn--xtb.noxinfluencer.com/youtube/channel/UCnzydwLfgav0O023BA0D2rw,-25,badcase,棒球体育受众与割草机产品场景不符，近期内容也全偏离
4757,UCSltwX_J9s-YH9tK3Qc4QUw,Glass Impressions,https://cn--xtb.noxinfluencer.com/youtube/channel/UCSltwX_J9s-YH9tK3Qc4QUw,-10,badcase,木工/CNC频道，和割草机推广无关
4758,UCATIyKNqrItKQTLWZ9iN_OA,Rubbl,https://cn--xtb.noxinfluencer.com/youtube/channel/UCATIyKNqrItKQTLWZ9iN_OA,-20,badcase,重型工程机械频道，和家用割草机受众不匹配
4759,UCGGDs73LcEU_khVDbt7zU_Q,BloxBurst,https://cn--xtb.noxinfluencer.com/youtube/channel/UCGGDs73LcEU_khVDbt7zU_Q,-25,badcase,游戏剧情/动画频道，属于明显娱乐错位
4761,UC66X6DHdExZGOv_mA4hD9WQ,Eddie Wright BBQ,https://cn--xtb.noxinfluencer.com/youtube/channel/UC66X6DHdExZGOv_mA4hD9WQ,-10,badcase,BBQ/餐饮向内容，和割草机仅有很弱场景关联
4762,UC_bEgw5UEi-k2iQpETyQIMg,Buck Wheeler,https://cn--xtb.noxinfluencer.com/youtube/channel/UC_bEgw5UEi-k2iQpETyQIMg,-25,badcase,动物挤奶设备频道，与割草机推广完全不符
4763,UC5ehFM37lw__dwtsAeG82yw,Auto Vibe Hub,https://cn--xtb.noxinfluencer.com/youtube/channel/UC5ehFM37lw__dwtsAeG82yw,-10,badcase,摩托车评测频道，和割草机受众不匹配
4764,UCGTBKYE7n5Z8vRFym_wDvuw,LexoMC,https://cn--xtb.noxinfluencer.com/youtube/channel/UCGTBKYE7n5Z8vRFym_wDvuw,-10,badcase,Minecraft短视频娱乐内容，几乎无推广相关性
4765,UCQ36O5cfUxgd5DvrPQrQ4TA,Skreet Jeebus,https://cn--xtb.noxinfluencer.com/youtube/channel/UCQ36O5cfUxgd5DvrPQrQ4TA,-10,badcase,摩托vlog频道，内容长期偏骑行娱乐
4768,UCpWeeaBVOG881ADT8ZlsOzQ,Daily Wonder,https://cn--xtb.noxinfluencer.com/youtube/channel/UCpWeeaBVOG881ADT8ZlsOzQ,-25,badcase,满足感内容为主，非割草机评测/购买导向，近期也无相关内容
4769,UCZtRLLniAL39E5YDrhcxj0Q,Sean's Hobby House,https://cn--xtb.noxinfluencer.com/youtube/channel/UCZtRLLniAL39E5YDrhcxj0Q,-7,badcase,仅有泛科技/爱好弱相关，近热视频多为智能家居安装，缺少草坪园艺内容
4770,UCmzNAbJI4jI6Za5f05UpWAA,M & M Equipment Corp.,https://cn--xtb.noxinfluencer.com/youtube/channel/UCmzNAbJI4jI6Za5f05UpWAA,-25,badcase,食品加工设备频道，行业与割草机消费场景明显不符
4772,UCS-ia4dPl4dUOdTmbmRRAPw,Mid TN Outdoors,https://cn--xtb.noxinfluencer.com/youtube/channel/UCS-ia4dPl4dUOdTmbmRRAPw,-9,badcase,泛户外/露营频道，和割草机推广只有很弱的场景重叠
4773,UC-zTxNN-zpC2lKV2_hrivFw,5 to the Ten,https://cn--xtb.noxinfluencer.com/youtube/channel/UC-zTxNN-zpC2lKV2_hrivFw,-10,badcase,车娱直播型频道，内容与园艺割草场景基本无关
4775,UCwtWgY-hkH1IXqGG8yEwmpQ,RCG Racing,https://cn--xtb.noxinfluencer.com/youtube/channel/UCwtWgY-hkH1IXqGG8yEwmpQ,-5,badcase,有 lawn tractor 标签，但核心内容是迷你摩托和赛车
4776,UCXR6ZJNw6ZpPV2-cu-lEzrw,Hakimi Greedy Cat,https://cn--xtb.noxinfluencer.com/youtube/channel/UCXR6ZJNw6ZpPV2-cu-lEzrw,-9,badcase,偏食品机械内容，和家用割草机推广不匹配
4777,UCsNDJvBV7F49I5_0--LTVuw,julian #1automecanic,https://cn--xtb.noxinfluencer.com/youtube/channel/UCsNDJvBV7F49I5_0--LTVuw,-8,badcase,汽车维修频道，近期全是车辆故障内容，和割草机推广不符
4778,UCmRaNgQA-ee6x_YFGNW3-8w,HondaCowboy69,https://cn--xtb.noxinfluencer.com/youtube/channel/UCmRaNgQA-ee6x_YFGNW3-8w,-10,badcase,RC和越野摩托为主，缺少园艺或家用割草机场景
4779,UC6FAD0zRQdB_YxgsO3VJc9A,Bsnetwork aiart,https://cn--xtb.noxinfluencer.com/youtube/channel/UC6FAD0zRQdB_YxgsO3VJc9A,-25,badcase,动画故事娱乐频道，题材和产品推广格式明显冲突
4781,UCXC0VIJJIbht09UdEnvux2w,Hamiltonville Farm,https://cn--xtb.noxinfluencer.com/youtube/channel/UCXC0VIJJIbht09UdEnvux2w,-10,badcase,重型机械救援频道，和家用割草机购买场景关联很弱
4783,UCyjV2dMhJBJjNmklrG33aew,Azonrest,https://cn--xtb.noxinfluencer.com/youtube/channel/UCyjV2dMhJBJjNmklrG33aew,-22,badcase,ASMR/放松向+BeamNG模拟内容，与割草机推广场景不符
4784,UCBV5JTXATe9SHJPSJNJgHJA,BlipSwish,https://cn--xtb.noxinfluencer.com/youtube/channel/UCBV5JTXATe9SHJPSJNJgHJA,-19,badcase,以娱乐搞笑短视频为主，缺少割草机购买/测评/使用场景
4786,UCP5Kd0smdWe9H_bDH-73c6Q,HTX Studio,https://cn--xtb.noxinfluencer.com/youtube/channel/UCP5Kd0smdWe9H_bDH-73c6Q,-2,badcase,有产品测评和科技属性，但近10条内容与割草机几乎无关
4787,UCEBcrdIPxcOpqnOkAr1w8qg,CDinVT,https://cn--xtb.noxinfluencer.com/youtube/channel/UCEBcrdIPxcOpqnOkAr1w8qg,-8,badcase,内容集中在剃须和3D打印，和割草机推广几乎无关
4788,UCuGm9o_g8q4eo98GrwCNnog,College Hills Honda Accessories,https://cn--xtb.noxinfluencer.com/youtube/channel/UCuGm9o_g8q4eo98GrwCNnog,1,badcase,汽车配件号，近期内容全是Honda相关，与 lawn mower 推广几乎无关
4789,UCN9tgmDPy55hZrlcfpeMtcA,Merchant Metals,https://cn--xtb.noxinfluencer.com/youtube/channel/UCN9tgmDPy55hZrlcfpeMtcA,-10,badcase,频道主做废品回收/捡漏，与草坪机推广无关，近10条内容也全不匹配
4791,UCozaE6Ku6KlWLb2v4vZme9g,HighVoltFab,https://cn--xtb.noxinfluencer.com/youtube/channel/UCozaE6Ku6KlWLb2v4vZme9g,-10,badcase,车辆/摩托特技频道，近10条均与割草机无关
4793,UCcf84J98qrcxybDgq0bhtag,Cooking With TGG,https://cn--xtb.noxinfluencer.com/youtube/channel/UCcf84J98qrcxybDgq0bhtag,-8,badcase,有工具评测标题，但主体仍是美食内容，近期大多不匹配
4794,UCubXLbbpTca9jX_5bbXiw0g,JallyTalk-Demark Laser,https://cn--xtb.noxinfluencer.com/youtube/channel/UCubXLbbpTca9jX_5bbXiw0g,-10,badcase,工业激光工具频道，和家用割草机推广场景不一致
4795,UCOvnvGKrI8tJroWKcJuHsog,McFun BNG Games,https://cn--xtb.noxinfluencer.com/youtube/channel/UCOvnvGKrI8tJroWKcJuHsog,-23,badcase,游戏+咖啡馆氛围内容，属于明显的娱乐/氛围型错配
4796,UCOQa47a3PTQDTijvkp3A5nA,Mavigadget Originals,https://cn--xtb.noxinfluencer.com/youtube/channel/UCOQa47a3PTQDTijvkp3A5nA,-10,badcase,频道偏科技创意短视频，缺少草坪护理或割草机推广相关性
4797,UCd-iT3SE3YZb6NJp-nKYndA,Restorations King,https://cn--xtb.noxinfluencer.com/youtube/channel/UCd-iT3SE3YZb6NJp-nKYndA,-10,badcase,无割草机相关信号，近10条几乎全是重型机械修复
4798,UChOkCqsbNr6K1RYi9Sadb5Q,Kim Tippin,https://cn--xtb.noxinfluencer.com/youtube/channel/UChOkCqsbNr6K1RYi9Sadb5Q,-10,badcase,木工旋木为主，和割草机推广几乎无关
4799,UCetbSyJ3HRMfB8Dl-KfBjyw,Throwstar,https://cn--xtb.noxinfluencer.com/youtube/channel/UCetbSyJ3HRMfB8Dl-KfBjyw,-25,badcase,刀具投掷娱乐型频道，明显不适合割草机推广
4802,UCiSMhqg_6DCnUNKn5YjFraQ,Riverside Wood & Farm,https://cn--xtb.noxinfluencer.com/youtube/channel/UCiSMhqg_6DCnUNKn5YjFraQ,-10,badcase,近期全是锯木厂/木材内容，与割草机推广无关。
4803,UCrN6D7cnThvpW297WEFmYDw,Technical Omor V2,https://cn--xtb.noxinfluencer.com/youtube/channel/UCrN6D7cnThvpW297WEFmYDw,-8,badcase,有拆箱评测格式，但内容是手机/科技，不是割草机。
4804,UCG8e-p77zv8-wC5tZgrL0Jw,Arena Accessories,https://cn--xtb.noxinfluencer.com/youtube/channel/UCG8e-p77zv8-wC5tZgrL0Jw,-10,badcase,EDC刀具频道，受众与割草机推广明显不匹配。
4805,UCRFzKGk62Jh2LpZWpghOF9g,HIGHTOP CHICKEN CAGE FACTORY,https://cn--xtb.noxinfluencer.com/youtube/channel/UCRFzKGk62Jh2LpZWpghOF9g,-10,badcase,禽畜设备频道，内容长期偏养鸡场设备，与割草机无关。
4806,UCTraXD0eqOHuscdwB_7bhlA,Smedley Plumbing,https://cn--xtb.noxinfluencer.com/youtube/channel/UCTraXD0eqOHuscdwB_7bhlA,-19,badcase,频道以管道维修和杂项DIY为主，缺少草坪护理或割草机相关内容
4807,UCprlzq2ERkrDWBBEcC4UHKg,RestoRooster OHV (RROHV),https://cn--xtb.noxinfluencer.com/youtube/channel/UCprlzq2ERkrDWBBEcC4UHKg,-10,badcase,摩托车维修频道，割草机推广关联弱，最近10条也无相关内容
4808,UC-360Um2ME1N6WhW-KBWbGg,Working Horses With Jim,https://cn--xtb.noxinfluencer.com/youtube/channel/UC-360Um2ME1N6WhW-KBWbGg,-10,badcase,马匹/农场纪录片，和割草机消费场景不贴合，近期内容全不相关
4809,UCbTpWWNwR2Uw_Mg8YmbNg9A,Emma Mattison,https://cn--xtb.noxinfluencer.com/youtube/channel/UCbTpWWNwR2Uw_Mg8YmbNg9A,-10,badcase,健身健康评测号，内容集中在健康设备和补剂，和割草机无关
4810,UCIHef8qZOAC7AD7rYyce-Ow,more Kevin Talbot RC,https://cn--xtb.noxinfluencer.com/youtube/channel/UCIHef8qZOAC7AD7rYyce-Ow,-25,badcase,RC娱乐/维修频道，属于强格式错配，不适合做割草机推广
4811,UC5gXaD-8eWuK6X3VsJ6RHIQ,WISCO_RC_&_3Dprints,https://cn--xtb.noxinfluencer.com/youtube/channel/UC5gXaD-8eWuK6X3VsJ6RHIQ,-22,badcase,RC漂移+3D打印，偏模型娱乐展示，和割草机推广场景不符
4812,UCRGE8JgC5y8_s9tRvjU6KuA,CK_RIDES,https://cn--xtb.noxinfluencer.com/youtube/channel/UCRGE8JgC5y8_s9tRvjU6KuA,-10,badcase,机车/交易内容，和割草机推广无关，近期内容也全不匹配
4813,UCLJkEELlttz49p2aE2jjXEw,AngelaMinjiKim,https://cn--xtb.noxinfluencer.com/youtube/channel/UCLJkEELlttz49p2aE2jjXEw,-35,badcase,电影评论频道，和割草机推广场景完全不符，近期内容也无相关性
4814,UC2d3C8jTHlgUh5AJMBO6seg,The Review,https://cn--xtb.noxinfluencer.com/youtube/channel/UC2d3C8jTHlgUh5AJMBO6seg,-7,badcase,泛产品评测频道，家电标签有一定关联，但近期内容与割草机不匹配
4815,UC7FyHWs6957SEOSV6lCjcHw,Sports Bikes,https://cn--xtb.noxinfluencer.com/youtube/channel/UC7FyHWs6957SEOSV6lCjcHw,-25,badcase,摩托车/排气声频道，和割草机推广主题与场景都不匹配
4816,UClSHrQSGGFdMw4AHgJsD6qw,rcnightmare,https://cn--xtb.noxinfluencer.com/youtube/channel/UClSHrQSGGFdMw4AHgJsD6qw,-8,badcase,RC玩具频道，近期内容也多为无关热点，不适合割草机推广
4817,UCnVce9toPStgLbwd5N72pnQ,Mahesh Komari Vlogs,https://cn--xtb.noxinfluencer.com/youtube/channel/UCnVce9toPStgLbwd5N72pnQ,-9,badcase,频道以生活vlog为主，缺少割草机评测/购买/使用相关内容
4820,UCBFWLd09ngPSjjw-HJfpoZQ,Forest Strings,https://cn--xtb.noxinfluencer.com/youtube/channel/UCBFWLd09ngPSjjw-HJfpoZQ,-23,badcase,音乐放松型花园频道，缺少割草机购买或使用场景
4821,UCnx523Nkgy4S95OjwLOCvDg,Tipsy Rippers,https://cn--xtb.noxinfluencer.com/youtube/channel/UCnx523Nkgy4S95OjwLOCvDg,-9,badcase,汽车/越野配件频道，与割草机推广场景不符，近期内容也不相关
4822,UCE2-qTGH9mSos2oCcKeeC3g,师兄拖拉机,https://cn--xtb.noxinfluencer.com/youtube/channel/UCE2-qTGH9mSos2oCcKeeC3g,-9,badcase,农村生活有少量场景相关，但近10条几乎全是拖拉机/房车旅行
4823,UCu-G1CSX4w6hu0ewRmiTYPQ,"Oneida Air Systems, Inc.",https://cn--xtb.noxinfluencer.com/youtube/channel/UCu-G1CSX4w6hu0ewRmiTYPQ,-10,badcase,除尘/木工内容与割草机推广无关，近期内容也不匹配
4825,UCquNux8Qa5SZSvf1hObqoNg,SxSWeRide,https://cn--xtb.noxinfluencer.com/youtube/channel/UCquNux8Qa5SZSvf1hObqoNg,-25,badcase,越野UTV竞赛为主，和割草机推广场景明显不符，近期也偏离
4827,UC8ncwWQ2BpHn4X8d-VXyDNw,Nguyên Hoang,https://cn--xtb.noxinfluencer.com/youtube/channel/UC8ncwWQ2BpHn4X8d-VXyDNw,-10,badcase,农场/建造/生存内容，缺少割草机评测或购买使用意图
4829,UCentv1-pzkL-PRJl3ZKoLWQ,Stinsman Photography LLC,https://cn--xtb.noxinfluencer.com/youtube/channel/UCentv1-pzkL-PRJl3ZKoLWQ,-10,badcase,摄影/育儿内容与割草机投放无关，近期内容也无工具购买或使用信号
4830,UC63lUy7etXG8Oi3prC5OhYA,KingBull Bike,https://cn--xtb.noxinfluencer.com/youtube/channel/UC63lUy7etXG8Oi3prC5OhYA,-25,badcase,频道核心是电动自行车测评，和割草机品类与受众都不在同一场景
4831,UCW1oW9XMLlcOY28etgoK0Pg,J Whit,https://cn--xtb.noxinfluencer.com/youtube/channel/UCW1oW9XMLlcOY28etgoK0Pg,-25,badcase,汽车改装/赛车内容与割草机购买场景不符，属于明显错位频道
4833,UCFf5mCLg2zshWu6iDAJWR2g,Qualisports,https://cn--xtb.noxinfluencer.com/youtube/channel/UCFf5mCLg2zshWu6iDAJWR2g,-10,badcase,全是电助力自行车内容，和割草机推广场景不相关
4834,UCNTLpZfMAAnxxrkJ2nL39XQ,TheCommonSenseDad,https://cn--xtb.noxinfluencer.com/youtube/channel/UCNTLpZfMAAnxxrkJ2nL39XQ,-8,badcase,家装DIY维修相关，无草坪修剪或园林设备推广证据
4835,UCWcPMQ8yaOzSPVkbtqsxReQ,KAL Moto,https://cn--xtb.noxinfluencer.com/youtube/channel/UCWcPMQ8yaOzSPVkbtqsxReQ,-10,badcase,近期内容全部是摩托车改装/评测，受众明显不匹配
4836,UCVD5jWBPirgdTHBl1zaaCiw,Lenarto Garage,https://cn--xtb.noxinfluencer.com/youtube/channel/UCVD5jWBPirgdTHBl1zaaCiw,-22,badcase,车圈娱乐号，和割草机推广场景不符，近期内容也全是汽车梗
4837,UCJdHBQ2fjC0BwuMmE4QhzOg,The Pink Lady,https://cn--xtb.noxinfluencer.com/youtube/channel/UCJdHBQ2fjC0BwuMmE4QhzOg,-10,badcase,无草坪机相关标签或内容，近10条全不匹配，推广适配度很低
4839,UCKvaCP0sklIwQAlG7js_7ew,el taller de Juancho,https://cn--xtb.noxinfluencer.com/youtube/channel/UCKvaCP0sklIwQAlG7js_7ew,-10,badcase,近期全是CNC/DIY内容，与割草机推广无关
4840,UCS4A6Px1s4iyyi_Iuqk8fVw,OceanStateTuning,https://cn--xtb.noxinfluencer.com/youtube/channel/UCS4A6Px1s4iyyi_Iuqk8fVw,-10,badcase,汽车/生活类频道，与割草机推广无明显相关，近10条内容均不匹配
4841,UC2xGh6m3CTpULOHocwk3lYw,Mechanical Zone,https://cn--xtb.noxinfluencer.com/youtube/channel/UC2xGh6m3CTpULOHocwk3lYw,-10,badcase,重型机械维修频道，近10条都与割草机无关，推广受众不匹配
4842,UCNw1-wLjze1m2WqtScFX1Ag,Delwin Anthony VLOGS,https://cn--xtb.noxinfluencer.com/youtube/channel/UCNw1-wLjze1m2WqtScFX1Ag,-19,badcase,车圈VLOG为主，近10条都在汽车/游戏内容，割草机推广不匹配
4843,UCPrKn3OLrZoUPw7bdQtZxcA,Arupvines,https://cn--xtb.noxinfluencer.com/youtube/channel/UCPrKn3OLrZoUPw7bdQtZxcA,-25,badcase,娱乐+ASMR+动物短视频为主，明显不适合割草机产品推广
4845,UCSWAnNIi1Kxqi3jBxrjtQaw,Morimoto Lighting,https://cn--xtb.noxinfluencer.com/youtube/channel/UCSWAnNIi1Kxqi3jBxrjtQaw,-15,badcase,汽车灯改装频道，和草坪工具无关，近10条也无相关匹配
4846,UCd04HREQcK3A6GQMaaxWnfQ,Josh Garrison - Wells,https://cn--xtb.noxinfluencer.com/youtube/channel/UCd04HREQcK3A6GQMaaxWnfQ,-15,badcase,车辆/摩托内容为主，和草坪工具无关，最近也没有相关内容
4847,UCYtSYs1mAiKvJchjRL7XOgw,Roots Inside,https://cn--xtb.noxinfluencer.com/youtube/channel/UCYtSYs1mAiKvJchjRL7XOgw,-14,badcase,娱乐实验号，近期内容与割草机推广场景基本无关
4848,UC8Ox83XDmnPaRimWj6hIfZg,Glow Bamboo Studio,https://cn--xtb.noxinfluencer.com/youtube/channel/UC8Ox83XDmnPaRimWj6hIfZg,-10,badcase,竹艺装饰内容，和割草机受众完全不匹配
4851,UCrzUaTXVmTmQLkKjkSlL-2w,EstelleLatoya,https://cn--xtb.noxinfluencer.com/youtube/channel/UCrzUaTXVmTmQLkKjkSlL-2w,-10,badcase,家居装修频道，近期内容与割草机推广几乎无交集
4852,UCS2kmMSaRyDQZrveqdjAiQw,Rust2Shine,https://cn--xtb.noxinfluencer.com/youtube/channel/UCS2kmMSaRyDQZrveqdjAiQw,-10,badcase,车辆修复内容，和割草机推广无直接相关
4853,UCWZcUGZ3gffs9bcVknQS2rA,Urdu Info Lab,https://cn--xtb.noxinfluencer.com/youtube/channel/UCWZcUGZ3gffs9bcVknQS2rA,-10,badcase,科技新闻和搞笑动物内容，和割草机不匹配
4854,UCmEZA1FzOX22hrCElYjMLww,JUKIHomeSewing,https://cn--xtb.noxinfluencer.com/youtube/channel/UCmEZA1FzOX22hrCElYjMLww,-10,badcase,缝纫/绗缝频道，受众与割草机推广不相关
4855,UCHtCGU5hCr4V9Pi48PASfRg,Matco Tools,https://cn--xtb.noxinfluencer.com/youtube/channel/UCHtCGU5hCr4V9Pi48PASfRg,-19,badcase,汽车维修工具频道，近期内容均非草坪园艺设备推广场景
4857,UCA8UZpEDcSrxdI1W2y7wgqQ,Nuts & Bolts with Tone,https://cn--xtb.noxinfluencer.com/youtube/channel/UCA8UZpEDcSrxdI1W2y7wgqQ,-10,badcase,内容偏汽车维修工具，近10条都与割草机无关
4858,UCWP2tQTtC45cpmzyvnnWK9g,JDC BEND Magnabend Pan and Box brake Manufacturer,https://cn--xtb.noxinfluencer.com/youtube/channel/UCWP2tQTtC45cpmzyvnnWK9g,-8,badcase,金属折弯机/制造类频道，与割草机推广场景不匹配
4860,UCaESUGovAUHT_gJ1w9ROg9Q,Wandering Beast,https://cn--xtb.noxinfluencer.com/youtube/channel/UCaESUGovAUHT_gJ1w9ROg9Q,-9,badcase,偏户外车旅露营评测，缺少园艺割草机购买或使用场景
4861,UCS2nRsHe5Dmqm-Pb4Q2qw7w,LeanScaper,https://cn--xtb.noxinfluencer.com/youtube/channel/UCS2nRsHe5Dmqm-Pb4Q2qw7w,-10,badcase,内容偏景观业务运营，缺少割草机产品推广/评测语境
4862,UCaLOU-goTF6theqO1Gj5Yaw,Oakley Hobbies,https://cn--xtb.noxinfluencer.com/youtube/channel/UCaLOU-goTF6theqO1Gj5Yaw,-10,badcase,标签与割草机无关，近期内容多为电影/RC车，缺乏推广场景
4863,UCv7clvJ47K-R7G4hH7zTQ-A,Last Leg Woodworks,https://cn--xtb.noxinfluencer.com/youtube/channel/UCv7clvJ47K-R7G4hH7zTQ-A,-10,badcase,频道偏木工/DIY制作，最近内容全是桌子、激光和CNC，与割草机投放不符
4864,UC-c5lcOZKPZAUYe-W9WVCLQ,Mighty Men 144,https://cn--xtb.noxinfluencer.com/youtube/channel/UC-c5lcOZKPZAUYe-W9WVCLQ,-10,badcase,内容全是摩托特技，和割草机推广场景不相关
4865,UCXAVK_K_O7eJCHAZXlpCf9w,Farmer Dre,https://cn--xtb.noxinfluencer.com/youtube/channel/UCXAVK_K_O7eJCHAZXlpCf9w,-8,badcase,园艺农场频道，仅泛相关；近10条全是种植/灌溉内容，缺少割草机语境
4866,UCIwqzCvLwn4tGzZUYUVsHEg,Really Tall Tree Guy,https://cn--xtb.noxinfluencer.com/youtube/channel/UCIwqzCvLwn4tGzZUYUVsHEg,-10,badcase,频道主做树木清理与攀树，不匹配割草机推广场景
4867,UCOuAvwvsXaFeqwV5Rak6Gnw,Mechanic Akram,https://cn--xtb.noxinfluencer.com/youtube/channel/UCOuAvwvsXaFeqwV5Rak6Gnw,-10,badcase,汽车维修翻新为主，近期也全是车相关内容，割草机推广不匹配
4869,UCb64bfASZcSyGhcOtKa13gw,Sabbir Tool Item,https://cn--xtb.noxinfluencer.com/youtube/channel/UCb64bfASZcSyGhcOtKa13gw,-10,badcase,家居小工具与娱乐混杂，近期内容偏厨房和挑战，割草机关联弱
4870,UCWPR6uNrY8Vc7Tw2EiUkHnA,Chica Mecanica,https://cn--xtb.noxinfluencer.com/youtube/channel/UCWPR6uNrY8Vc7Tw2EiUkHnA,-10,badcase,汽车保养维修频道，主题集中在车辆修理，与割草机无关
4872,UCVbVdXJVsUbj6dIubi9dg5Q,Mr.KeenHacker,https://cn--xtb.noxinfluencer.com/youtube/channel/UCVbVdXJVsUbj6dIubi9dg5Q,-10,badcase,内容杂乱，近10条无草坪/园艺/割草机场景
4875,UCVk9ATeoXp2DChishK5UbPw,CAP CUSTOMS,https://cn--xtb.noxinfluencer.com/youtube/channel/UCVk9ATeoXp2DChishK5UbPw,-10,badcase,以枪械/游戏为主，和割草机推广不匹配
4877,UCc6IQD2tiYfKtF17OMq2dLg,ePoolSupply,https://cn--xtb.noxinfluencer.com/youtube/channel/UCc6IQD2tiYfKtF17OMq2dLg,-10,badcase,池类用品频道，与割草机推广无关，近10条也都不匹配
4878,UCYPcQyXh44Tjzg3p11XakTQ,Peak Performance Engineering,https://cn--xtb.noxinfluencer.com/youtube/channel/UCYPcQyXh44Tjzg3p11XakTQ,-10,badcase,汽车改装频道，和割草机受众不相关，近期内容也不匹配
4879,UCCeRpgkRduXQHzOXmyBSOUw,Vdiagtool,https://cn--xtb.noxinfluencer.com/youtube/channel/UCCeRpgkRduXQHzOXmyBSOUw,-10,badcase,汽车诊断工具号，非割草机场景，推广相关性很弱
4881,UCUI2nF2YfTGaFfEBpTsmouA,Baxorov Javohir,https://cn--xtb.noxinfluencer.com/youtube/channel/UCUI2nF2YfTGaFfEBpTsmouA,-10,badcase,物流带货与娱乐内容混杂，非割草机推广场景
4882,UC-0DMx1NEizXp3aRWcVv4ag,Service MVP - Joe Crisara,https://cn--xtb.noxinfluencer.com/youtube/channel/UC-0DMx1NEizXp3aRWcVv4ag,-9,badcase,家装服务销售培训为主，和割草机推广人群不匹配
4883,UCq-i3wdcwniNVRS9WILqbaA,Powertrain Products Inc,https://cn--xtb.noxinfluencer.com/youtube/channel/UCq-i3wdcwniNVRS9WILqbaA,-9,badcase,汽车发动机和变速箱内容为主，非割草机消费场景
4886,UCwuXqhr9JxNlKXJTo4YiLIw,Growns Family Farm,https://cn--xtb.noxinfluencer.com/youtube/channel/UCwuXqhr9JxNlKXJTo4YiLIw,-6,badcase,以家庭农场生活为主，近10条多为手术/家庭叙事，缺少割草机推广语境
4887,UCekPCvfIH0iTZVwi0WPpPWw,enriqueroig,https://cn--xtb.noxinfluencer.com/youtube/channel/UCekPCvfIH0iTZVwi0WPpPWw,-7,badcase,偏摩托/车辆爱好内容，和割草机仅弱相关，近期也无匹配
4889,UCB-AJSVU0nK80wNyeUwf2YQ,GipsoCartoon,https://cn--xtb.noxinfluencer.com/youtube/channel/UCB-AJSVU0nK80wNyeUwf2YQ,-25,badcase,以汽车碰撞动画为主，和割草机推广场景明显不符
4890,UCU4FNsij6DmwKk9oj88HFsg,Ryan Lucas,https://cn--xtb.noxinfluencer.com/youtube/channel/UCU4FNsij6DmwKk9oj88HFsg,-25,badcase,音乐娱乐频道，和割草机产品推广方向完全不符
4891,UCJi3U1SM7hhuGSrkiQwxDkw,RowdyDB,https://cn--xtb.noxinfluencer.com/youtube/channel/UCJi3U1SM7hhuGSrkiQwxDkw,-23,badcase,车辆特技/娱乐向，核心受众不适合割草机推广
4892,UCyXH6bMo28ENGBo6_Pvpkvg,Waterdog Dance,https://cn--xtb.noxinfluencer.com/youtube/channel/UCyXH6bMo28ENGBo6_Pvpkvg,-8,badcase,家装DIY场景偏弱，近10条无割草/园艺内容
4893,UCxM4zVR_wl8D2ngNMTBQTRw,Power Washing Pros Inc. Lawrence Ashlin,https://cn--xtb.noxinfluencer.com/youtube/channel/UCxM4zVR_wl8D2ngNMTBQTRw,-8,badcase,家居清洁维护弱相关，近10条全是清洗类内容
4894,UCgPFOyfZaZVURm6qsWH7IXQ,Construction Daily Clips,https://cn--xtb.noxinfluencer.com/youtube/channel/UCgPFOyfZaZVURm6qsWH7IXQ,-10,badcase,重型施工频道，和家用割草机人群不匹配
4896,UCd04Lr5qGwMvZBnPyD3u5Pw,RadiantTiny,https://cn--xtb.noxinfluencer.com/youtube/channel/UCd04Lr5qGwMvZBnPyD3u5Pw,-25,badcase,娱乐挑战频道，割草机推广明显不匹配
4897,UC8WfHrVUOA4Ll8Ot6YcQ11w,Compared Tools,https://cn--xtb.noxinfluencer.com/youtube/channel/UC8WfHrVUOA4Ll8Ot6YcQ11w,-5,badcase,有 gardening 但近10条多为家具/照明/发电机，割草机推广相关性弱
4898,UCbvxnp7aPs4uqg97XbSCdUg,Bike Life TV,https://cn--xtb.noxinfluencer.com/youtube/channel/UCbvxnp7aPs4uqg97XbSCdUg,-25,badcase,机车/赛车/ATV 为主，和割草机消费场景不符
4900,UCA0RwkZLaPtwazO2OkALoaA,Miller Weldmaster,https://cn--xtb.noxinfluencer.com/youtube/channel/UCA0RwkZLaPtwazO2OkALoaA,-10,badcase,工业焊接设备内容为主，受众与家用割草机购买场景错位
4902,UCVbVdXJVsUbj6dIubi9dg5Q,Mr.KeenHacker,https://cn--xtb.noxinfluencer.com/youtube/channel/UCVbVdXJVsUbj6dIubi9dg5Q,-9,badcase,混合杂内容，顶标仅有泛化how to，近10条几乎都不涉及割草机
4905,UCc6IQD2tiYfKtF17OMq2dLg,ePoolSupply,https://cn--xtb.noxinfluencer.com/youtube/channel/UCc6IQD2tiYfKtF17OMq2dLg,-10,badcase,泳池设备垂类，和割草机产品与受众都不匹配
4906,UCUDJBVSjOUNYBZYvaklaVfA,Josh Mason,https://cn--xtb.noxinfluencer.com/youtube/channel/UCUDJBVSjOUNYBZYvaklaVfA,-10,badcase,汽车改装垂类，和割草机推广几乎无关
4907,UCYPcQyXh44Tjzg3p11XakTQ,Peak Performance Engineering,https://cn--xtb.noxinfluencer.com/youtube/channel/UCYPcQyXh44Tjzg3p11XakTQ,-25,badcase,汽车改装/维修受众，近10条全是车相关内容，不适合割草机推广
4908,UCCeRpgkRduXQHzOXmyBSOUw,Vdiagtool,https://cn--xtb.noxinfluencer.com/youtube/channel/UCCeRpgkRduXQHzOXmyBSOUw,-25,badcase,汽车诊断工具频道，受众与割草机购买场景明显不符
4909,UCUI2nF2YfTGaFfEBpTsmouA,Baxorov Javohir,https://cn--xtb.noxinfluencer.com/youtube/channel/UCUI2nF2YfTGaFfEBpTsmouA,-10,badcase,物流/搬运与割草机无直接关联，近10条内容也多为杂题短视频
4910,UC-0DMx1NEizXp3aRWcVv4ag,Service MVP - Joe Crisara,https://cn--xtb.noxinfluencer.com/youtube/channel/UC-0DMx1NEizXp3aRWcVv4ag,-10,badcase,家装服务销售培训频道，受众偏B端培训，和割草机推广不贴
4911,UCq-i3wdcwniNVRS9WILqbaA,Powertrain Products Inc,https://cn--xtb.noxinfluencer.com/youtube/channel/UCq-i3wdcwniNVRS9WILqbaA,-15,badcase,汽车动力总成频道，内容集中在发动机变速箱，与割草机不相关
4913,UCwuXqhr9JxNlKXJTo4YiLIw,Growns Family Farm,https://cn--xtb.noxinfluencer.com/youtube/channel/UCwuXqhr9JxNlKXJTo4YiLIw,-7,badcase,农场标签有些关联，但近10条主要是家庭医疗杂谈
4914,UC8a_7E7N9xyxGJ1Blaka0dQ,Drew Campbell,https://cn--xtb.noxinfluencer.com/youtube/channel/UC8a_7E7N9xyxGJ1Blaka0dQ,-10,badcase,全是越野赛事内容，与割草机推广无关
4915,UCekPCvfIH0iTZVwi0WPpPWw,enriqueroig,https://cn--xtb.noxinfluencer.com/youtube/channel/UCekPCvfIH0iTZVwi0WPpPWw,-19,badcase,频道主轴为摩托车/车辆内容，缺少草坪养护或割草机推广语境
4916,UCB-AJSVU0nK80wNyeUwf2YQ,GipsoCartoon,https://cn--xtb.noxinfluencer.com/youtube/channel/UCB-AJSVU0nK80wNyeUwf2YQ,-20,badcase,游戏车损视频频道，和割草机推广无关，近10条内容全不匹配
4917,UCU4FNsij6DmwKk9oj88HFsg,Ryan Lucas,https://cn--xtb.noxinfluencer.com/youtube/channel/UCU4FNsij6DmwKk9oj88HFsg,-25,badcase,频道为DJ/娱乐音乐内容，与割草机推广场景明显不符
4918,UCJi3U1SM7hhuGSrkiQwxDkw,RowdyDB,https://cn--xtb.noxinfluencer.com/youtube/channel/UCJi3U1SM7hhuGSrkiQwxDkw,-20,badcase,车技娱乐频道，近期内容全是dirtbike/ATV表演，和割草机推广不符
4920,UCxM4zVR_wl8D2ngNMTBQTRw,Power Washing Pros Inc. Lawrence Ashlin,https://cn--xtb.noxinfluencer.com/youtube/channel/UCxM4zVR_wl8D2ngNMTBQTRw,-9,badcase,频道以高压清洗和窗户/围栏清洁为主，与割草机推广弱相关且近期内容全不匹配
4922,UCd04Lr5qGwMvZBnPyD3u5Pw,RadiantTiny,https://cn--xtb.noxinfluencer.com/youtube/channel/UCd04Lr5qGwMvZBnPyD3u5Pw,-25,badcase,娱乐整蛊型频道，近期内容与割草机推广无关
4923,UCF4g5caXCjU7lmFpfpUauvg,Empathy Me,https://cn--xtb.noxinfluencer.com/youtube/channel/UCF4g5caXCjU7lmFpfpUauvg,-20,badcase,拟人吐槽短视频，属于娱乐格式，不适合割草机推广
4926,UClz1J0AGr3gcvTQ9B637Ixw,광합성MUSIC,https://cn--xtb.noxinfluencer.com/youtube/channel/UClz1J0AGr3gcvTQ9B637Ixw,0,badcase,纯音乐疗愈频道，与割草机推广完全不匹配
4927,UCgidmonPjBhDw417L3SaITw,NOV,https://cn--xtb.noxinfluencer.com/youtube/channel/UCgidmonPjBhDw417L3SaITw,-10,badcase,工业能源内容，与草坪机推广场景不符
4928,UCWsAxqPWHn6bj9-Y5mcBiMA,DO IT YOUR SELF WITH CACIQUE WORKSHOP,https://cn--xtb.noxinfluencer.com/youtube/channel/UCWsAxqPWHn6bj9-Y5mcBiMA,-10,badcase,DIY工具内容邻近但无草坪割草机证据，近期内容不匹配
4929,UCA0RwkZLaPtwazO2OkALoaA,Miller Weldmaster,https://cn--xtb.noxinfluencer.com/youtube/channel/UCA0RwkZLaPtwazO2OkALoaA,-10,badcase,焊接设备为主，和草坪机推广场景偏离
4930,UCoLhXDTVJUb5q-ckQJdEWGw,Diode Press,https://cn--xtb.noxinfluencer.com/youtube/channel/UCoLhXDTVJUb5q-ckQJdEWGw,-9,badcase,Maker/DIY有少量覆盖，但主线仍偏工艺制作
4931,UC4vs96c5yGMVsSCIb6wwWsQ,Hugo Valentin,https://cn--xtb.noxinfluencer.com/youtube/channel/UC4vs96c5yGMVsSCIb6wwWsQ,-20,badcase,娱乐游戏向频道，和草坪机推广明显不匹配
4932,UCsiLXfF5pggZ0CcWWFBGDVg,STYLECNC,https://cn--xtb.noxinfluencer.com/youtube/channel/UCsiLXfF5pggZ0CcWWFBGDVg,-10,badcase,工业CNC/激光设备频道，和割草机推广场景不符，近期内容全不相关
4933,UCAvtKfp57nyrNmAweYFjYzg,EMF-Cole,https://cn--xtb.noxinfluencer.com/youtube/channel/UCAvtKfp57nyrNmAweYFjYzg,-10,badcase,骑行/越野车特技频道，受众与割草机购买场景不匹配，近期全是骑行内容
4936,UC7RMMVAWhAzHKTbUhMO1BoQ,NABOVE TV,https://cn--xtb.noxinfluencer.com/youtube/channel/UC7RMMVAWhAzHKTbUhMO1BoQ,-10,badcase,电力/维修频道，内容偏电气施工，不是割草机推广受众
4937,UCnl46nUgmQeco7GS-D7M4uQ,BudK,https://cn--xtb.noxinfluencer.com/youtube/channel/UCnl46nUgmQeco7GS-D7M4uQ,-10,badcase,刀具/剑类频道，近期全是武器测评，与割草机推广偏离大
4938,UCstXlmHDV5-Feu-LNpmFBBQ,Ren X,https://cn--xtb.noxinfluencer.com/youtube/channel/UCstXlmHDV5-Feu-LNpmFBBQ,-1,badcase,纯游戏模拟短视频，几乎没有产品推广语境
4940,UCMzQQK82pzoEGSkMp2a6QdA,Dofind Here,https://cn--xtb.noxinfluencer.com/youtube/channel/UCMzQQK82pzoEGSkMp2a6QdA,-10,badcase,施工木工频道偏工程技巧，缺少家用园艺产品推广语境
4941,UCy0hP_20H5hjIuphgWZUSBg,Sandy,https://cn--xtb.noxinfluencer.com/youtube/channel/UCy0hP_20H5hjIuphgWZUSBg,-25,badcase,以搞笑短剧/娱乐内容为主，无割草机购买、评测或使用场景
4942,UC7EfIT6x8w-RC5k26CbQHwQ,Mradam Work Smart,https://cn--xtb.noxinfluencer.com/youtube/channel/UC7EfIT6x8w-RC5k26CbQHwQ,-10,badcase,娱乐短视频为主，缺少割草机受众与购买意图
4943,UCvAPKVCdDmn6uR0JM3Vz6PQ,DavidN23Skidoo,https://cn--xtb.noxinfluencer.com/youtube/channel/UCvAPKVCdDmn6uR0JM3Vz6PQ,-4,badcase,偏林业链锯和古董引擎，近10条无割草机推广语境
4944,UCKVL_n88RjRuyL_jjf6SdBA,Axror uz,https://cn--xtb.noxinfluencer.com/youtube/channel/UCKVL_n88RjRuyL_jjf6SdBA,-7,badcase,偏农机/拖拉机销售，无割草机或草坪养护内容
4945,UCHDxgMe9zSxk5pklPamHJBw,TRDadLife,https://cn--xtb.noxinfluencer.com/youtube/channel/UCHDxgMe9zSxk5pklPamHJBw,-9,badcase,汽车频道仅有一条割草机保养，整体仍不匹配
4946,UC1GCRvJH2a8BdhYnpZx2UiQ,RoadRunner Scooters,https://cn--xtb.noxinfluencer.com/youtube/channel/UC1GCRvJH2a8BdhYnpZx2UiQ,-25,badcase,电动滑板车垂直频道，和割草机品类完全不相干
4947,UCyP9KcIihZMdbfPkYF3WX9Q,Abundance,https://cn--xtb.noxinfluencer.com/youtube/channel/UCyP9KcIihZMdbfPkYF3WX9Q,-20,badcase,旅游搞笑娱乐为主，近期多是动物和生活杂片
4949,UCXwMw1F9SdBb23lKkpzxcgA,Outdoorsman's Garage,https://cn--xtb.noxinfluencer.com/youtube/channel/UCXwMw1F9SdBb23lKkpzxcgA,-7,badcase,户外/车评/露营为主，无园艺割草机推广语境
4951,UCpnTVtks39jrAlt9jSsYTBw,Everyday Operator,https://cn--xtb.noxinfluencer.com/youtube/channel/UCpnTVtks39jrAlt9jSsYTBw,-10,badcase,车辆短视频和响应剪辑为主，缺少割草机购买语境
4952,UCZt6fnUw9m-r3z3UwP7V2Yg,Technology & Technic + Art & Sport,https://cn--xtb.noxinfluencer.com/youtube/channel/UCZt6fnUw9m-r3z3UwP7V2Yg,-7,badcase,机械工程类仅弱相关，近10条全不匹配，缺少割草机购买/使用场景
4953,UCSjRGhWviP1BLiWeXEOOTgA,Syrpentina,https://cn--xtb.noxinfluencer.com/youtube/channel/UCSjRGhWviP1BLiWeXEOOTgA,-25,badcase,鸟类直播与割草机受众无关，近10条均不匹配
4954,UCw5OGiWcH2oeET42l9EQGxw,Calamity Kim,https://cn--xtb.noxinfluencer.com/youtube/channel/UCw5OGiWcH2oeET42l9EQGxw,-6,badcase,重型工程机械内容偏B端，和家用割草机推广关联弱
4955,UCuIsO_abedL4pZ9DfkEsR-Q,How To For You,https://cn--xtb.noxinfluencer.com/youtube/channel/UCuIsO_abedL4pZ9DfkEsR-Q,-8,badcase,汽车DIY仅泛相关，缺少园艺/割草机购买场景
4956,UC25ERchtGDjp1DEF2VeL98A,Savage Kreekegor,https://cn--xtb.noxinfluencer.com/youtube/channel/UC25ERchtGDjp1DEF2VeL98A,-7,badcase,旅行户外有场景重叠，但缺少园艺/工具购买意图
4957,UCYv2yiShz2C5F9jNlEdKOYg,Funny Random,https://cn--xtb.noxinfluencer.com/youtube/channel/UCYv2yiShz2C5F9jNlEdKOYg,-8,badcase,偏机械杂谈/满足感内容，缺少草坪护理语境
4960,UCszblNTRPJ1bNktEhhBXROg,Manufacturer-In-China,https://cn--xtb.noxinfluencer.com/youtube/channel/UCszblNTRPJ1bNktEhhBXROg,-25,badcase,工业钻井/混凝土频道，和家用割草机受众不匹配
4961,UCx9MLB1L-16NXsKjCNLKo0A,sh0rts.f-LEx,https://cn--xtb.noxinfluencer.com/youtube/channel/UCx9MLB1L-16NXsKjCNLKo0A,-25,badcase,娱乐剧情频道，格式和割草机推广目标明显不符
4962,UCp23xJXiIT9t4PslqVtPVOQ,Toxic HOA,https://cn--xtb.noxinfluencer.com/youtube/channel/UCp23xJXiIT9t4PslqVtPVOQ,-25,badcase,剧情娱乐号，HOA故事与割草机推广场景明显不符
4963,UCNyDTgOQqLqL5skm2LUSDdQ,Future Spark,https://cn--xtb.noxinfluencer.com/youtube/channel/UCNyDTgOQqLqL5skm2LUSDdQ,-8,badcase,工业机械/焊接为主，与家用割草机推广差距大
4965,UCNXoPAAOgZn-fLv0IlgbrAw,MrAdam Worker,https://cn--xtb.noxinfluencer.com/youtube/channel/UCNXoPAAOgZn-fLv0IlgbrAw,-8,badcase,施工反应短视频为主，缺少家用割草机的购买/使用语境
4967,UCXrjzty7OWFjkusJjVXR34g,Top Shahid Creator,https://cn--xtb.noxinfluencer.com/youtube/channel/UCXrjzty7OWFjkusJjVXR34g,-8,badcase,仅有DIY/电子弱相关，内容以风扇制作为主，不适合割草机推广
4968,UCy_VUicfcQgFPkP4QbpNP2g,Hartwick Performance,https://cn--xtb.noxinfluencer.com/youtube/channel/UCy_VUicfcQgFPkP4QbpNP2g,-10,badcase,汽车改装频道，和割草机产品推广场景不匹配
4969,UCyExLnARQprOv89cdSpBZhg,Simformotion LLC,https://cn--xtb.noxinfluencer.com/youtube/channel/UCyExLnARQprOv89cdSpBZhg,-10,badcase,工程模拟训练频道，缺少园艺/家用割草机语境
4970,UCoINp5eG4BxyTCad9ZSO9UA,Best Outdoor Lab,https://cn--xtb.noxinfluencer.com/youtube/channel/UCoINp5eG4BxyTCad9ZSO9UA,-9,badcase,户外/小工具评测泛相关，但无草坪园艺内容，近期视频均不匹配
4971,UCAMfN089Unho1SpfOHUjxAg,ANIMATION CLUB STORIES,https://cn--xtb.noxinfluencer.com/youtube/channel/UCAMfN089Unho1SpfOHUjxAg,-25,badcase,儿童动画内容为主，属于明显不适合的娱乐型频道
4972,UCX2IXoq7c0behTFoJDIKhyQ,Hey Der Folks,https://cn--xtb.noxinfluencer.com/youtube/channel/UCX2IXoq7c0behTFoJDIKhyQ,-10,badcase,最近10条以工具/车库改装为主，与割草机推广不匹配
4973,UCcYxntpysVXHE4hCtZctWhA,ythom Khám Phá Tây Nguyên,https://cn--xtb.noxinfluencer.com/youtube/channel/UCcYxntpysVXHE4hCtZctWhA,-9,badcase,农业/生活泛内容，近10条多为歌唱、美食、杂项，和割草机推广不匹配
4974,UChCXCyK9MFSSiRHn_um7Zkw,Flat Rate Mechanic,https://cn--xtb.noxinfluencer.com/youtube/channel/UChCXCyK9MFSSiRHn_um7Zkw,-18,badcase,汽车维修频道，和割草机推广场景不符，近期内容也全是修车
4975,UCPZE9Kf7IwnRFJ-P_0bOf9A,Breeze Offroad,https://cn--xtb.noxinfluencer.com/youtube/channel/UCPZE9Kf7IwnRFJ-P_0bOf9A,-25,badcase,越野卡车/赛事频道，近期内容均不适合割草机推广
4976,UCiAZuAiuhP5J4vTkQqal-4Q,Guku Gardener,https://cn--xtb.noxinfluencer.com/youtube/channel/UCiAZuAiuhP5J4vTkQqal-4Q,-16,badcase,以儿童娱乐/玩具内容为主，虽有园艺内容但与割草机推广不匹配
4977,UCBXpmvBZ5__WlTP8tyv07YQ,PolishHammer,https://cn--xtb.noxinfluencer.com/youtube/channel/UCBXpmvBZ5__WlTP8tyv07YQ,-22,badcase,大麻种植/恶搞频道，和割草机推广无关，近10条也都不匹配
4978,UC2ggp5M8QrTWUoNHhn6vE_Q,Squirreling Out RC,https://cn--xtb.noxinfluencer.com/youtube/channel/UC2ggp5M8QrTWUoNHhn6vE_Q,-10,badcase,RC攀爬车频道，非园艺/割草设备场景，近10条都无割草机信号
4979,UCsJ4MpO_2mJJP3_OnEto0aA,Oliver Wright,https://cn--xtb.noxinfluencer.com/youtube/channel/UCsJ4MpO_2mJJP3_OnEto0aA,-10,badcase,生活短视频为主，只有泛化DIY场景，难承接割草机推广
4980,UCrdKMcHlz9Sv2Ibyl9huGGw,MR Xplorer,https://cn--xtb.noxinfluencer.com/youtube/channel/UCrdKMcHlz9Sv2Ibyl9huGGw,-10,badcase,剪辑教程/杂谈频道，缺少家居园艺工具购买或测评语境
4981,UC_kFKpSAinc_60hgve8D_lw,BOBKA TV,https://cn--xtb.noxinfluencer.com/youtube/channel/UC_kFKpSAinc_60hgve8D_lw,-21,badcase,实验破坏搞笑为主，虽有DIY标签但不适合割草机推广
4984,UCW9fRML1YwHHbQZRBsuCCrg,Hughes Motorized,https://cn--xtb.noxinfluencer.com/youtube/channel/UCW9fRML1YwHHbQZRBsuCCrg,-7,badcase,机动自行车和焊接工具为主，缺少草坪护理或割草机推广语境
4985,UCFfsFeR2HY1pcubUgYAwtSA,Purple On Three,https://cn--xtb.noxinfluencer.com/youtube/channel/UCFfsFeR2HY1pcubUgYAwtSA,-22,badcase,车旅Vlog偏娱乐展示，不适合割草机这类产品推广
4987,UCvrHxJAqXJtaI5hbRremP2w,Xziuto,https://cn--xtb.noxinfluencer.com/youtube/channel/UCvrHxJAqXJtaI5hbRremP2w,-10,badcase,近期全是娱乐和机车内容，与草坪机投放无关
4988,UC4oiwXllVmCSYu2GNqwK15w,Hersch_Tool,https://cn--xtb.noxinfluencer.com/youtube/channel/UC4oiwXllVmCSYu2GNqwK15w,-8,badcase,DIY车间有工具受众，但近期全是车床金工，关联偏弱
4990,UCJeOV_2poTsz370GtOaN63w,Tampa Boys Customs,https://cn--xtb.noxinfluencer.com/youtube/channel/UCJeOV_2poTsz370GtOaN63w,-10,badcase,小发动机受众有一定重叠，但主体是迷你摩托，不是草坪机
4991,UCodFV43mCggDyZSWLrUD4Jg,Nate Jones,https://cn--xtb.noxinfluencer.com/youtube/channel/UCodFV43mCggDyZSWLrUD4Jg,-10,badcase,创业商业内容与草坪机投放基本无关
4992,UCXx1fcUotTpeh5ahgzuH8kg,ParoDoXz,https://cn--xtb.noxinfluencer.com/youtube/channel/UCXx1fcUotTpeh5ahgzuH8kg,-10,badcase,车辆重装设备频道，缺少草坪护理或割草机推广语境
4994,UCEegawENp0UpDdj4y4GefHQ,Zero to Built,https://cn--xtb.noxinfluencer.com/youtube/channel/UCEegawENp0UpDdj4y4GefHQ,-10,badcase,后院DIY娱乐向，缺少园艺/割草机相关信号
4995,UCn0R1jPXCgLJQRpUdDKaX9Q,Reloadingallday,https://cn--xtb.noxinfluencer.com/youtube/channel/UCn0R1jPXCgLJQRpUdDKaX9Q,-25,badcase,枪械重载内容与割草机推广受众明显不符
4996,UC1As3uk1ROhGfAhaT6B2_zA,Stuntex,https://cn--xtb.noxinfluencer.com/youtube/channel/UC1As3uk1ROhGfAhaT6B2_zA,-25,badcase,特技机车内容与割草机推广场景明显不符
4997,UCrbGOcQU6wYYPCpcLkRsBRg,GEN-Y HITCH,https://cn--xtb.noxinfluencer.com/youtube/channel/UCrbGOcQU6wYYPCpcLkRsBRg,-10,badcase,车辆拖挂类频道，与割草机推广无关，近期内容也不匹配
4999,UCJA28IocS5464CaQKlGIArQ,Jabsco Flojet Rule,https://cn--xtb.noxinfluencer.com/youtube/channel/UCJA28IocS5464CaQKlGIArQ,-10,badcase,泵类案例和生活方式内容与割草机购买推广关联弱，近期全不匹配
5000,UCEPRRNiGy7I2Aex5Q_AFelg,Q Audio,https://cn--xtb.noxinfluencer.com/youtube/channel/UCEPRRNiGy7I2Aex5Q_AFelg,-25,badcase,音响翻新频道，受众和产品域都偏离割草机推广，属于坏案例
5001,UCd4zhbRhCMuHQrV4eptUeAA,Scott Equipment Company,https://cn--xtb.noxinfluencer.com/youtube/channel/UCd4zhbRhCMuHQrV4eptUeAA,-25,badcase,工业自动化受众与割草机消费场景不符，近期内容也全不匹配
5004,UCpnTVtks39jrAlt9jSsYTBw,Everyday Operator,https://cn--xtb.noxinfluencer.com/youtube/channel/UCpnTVtks39jrAlt9jSsYTBw,-10,badcase,消防/RC/列车为主，最近内容与割草机完全不搭
5005,UCZt6fnUw9m-r3z3UwP7V2Yg,Technology & Technic + Art & Sport,https://cn--xtb.noxinfluencer.com/youtube/channel/UCZt6fnUw9m-r3z3UwP7V2Yg,-11,badcase,偏机械/航空汽车内容，无草坪护理或割草机推广意图
5006,UCSjRGhWviP1BLiWeXEOOTgA,Syrpentina,https://cn--xtb.noxinfluencer.com/youtube/channel/UCSjRGhWviP1BLiWeXEOOTgA,-35,badcase,鸟类直播+睡眠/Cat TV格式，和割草机推广强错位
5007,UCw5OGiWcH2oeET42l9EQGxw,Calamity Kim,https://cn--xtb.noxinfluencer.com/youtube/channel/UCw5OGiWcH2oeET42l9EQGxw,-10,badcase,重型机械维修为主，缺少草坪/园艺工具购买意图
5008,UCuIsO_abedL4pZ9DfkEsR-Q,How To For You,https://cn--xtb.noxinfluencer.com/youtube/channel/UCuIsO_abedL4pZ9DfkEsR-Q,-24,badcase,汽车维修频道，缺少割草机/园艺设备推广相关性
5009,UCQXTcShiXub-xK53bw_QVPw,Banshee Joes,https://cn--xtb.noxinfluencer.com/youtube/channel/UCQXTcShiXub-xK53bw_QVPw,-10,badcase,四轮车和引擎改装垂直，和割草机购买场景不符
5010,UC25ERchtGDjp1DEF2VeL98A,Savage Kreekegor,https://cn--xtb.noxinfluencer.com/youtube/channel/UC25ERchtGDjp1DEF2VeL98A,-10,badcase,旅行户外vlog为主，几乎没有园艺工具推广场景
5011,UCYv2yiShz2C5F9jNlEdKOYg,Funny Random,https://cn--xtb.noxinfluencer.com/youtube/channel/UCYv2yiShz2C5F9jNlEdKOYg,-25,badcase,爽感娱乐视频，明显是观看型内容，不适合卖割草机
5012,UC75Ul4Pj3pwNhtx3LY0qbrA,Smart Tips,https://cn--xtb.noxinfluencer.com/youtube/channel/UC75Ul4Pj3pwNhtx3LY0qbrA,-3,badcase,泛DIY维修相关但无园艺割草机内容，近10条均不匹配
5014,UCE4jKtIfBRzQIkCrHaC4tLQ,The Monks Production II,https://cn--xtb.noxinfluencer.com/youtube/channel/UCE4jKtIfBRzQIkCrHaC4tLQ,-25,badcase,越野/ATV受众与家用割草机推广明显不匹配
5015,UCszblNTRPJ1bNktEhhBXROg,Manufacturer-In-China,https://cn--xtb.noxinfluencer.com/youtube/channel/UCszblNTRPJ1bNktEhhBXROg,-8,badcase,工业钻井号，近期虽有设备测评但与割草机受众偏离
5016,UCx9MLB1L-16NXsKjCNLKo0A,sh0rts.f-LEx,https://cn--xtb.noxinfluencer.com/youtube/channel/UCx9MLB1L-16NXsKjCNLKo0A,-20,badcase,以娱乐/访谈为主，近10条无割草机相关，促销场景不匹配
5017,UCp23xJXiIT9t4PslqVtPVOQ,Toxic HOA,https://cn--xtb.noxinfluencer.com/youtube/channel/UCp23xJXiIT9t4PslqVtPVOQ,-29,badcase,HOA剧情娱乐为主，近10条几乎无割草机/园艺推广语境
5019,UCg3kO8gtM0QHm-uvJw7qhjg,Dayton Trail Riders,https://cn--xtb.noxinfluencer.com/youtube/channel/UCg3kO8gtM0QHm-uvJw7qhjg,-20,badcase,ATV/越野受众，和割草机推广关联很弱
5020,UCNXoPAAOgZn-fLv0IlgbrAw,MrAdam Worker,https://cn--xtb.noxinfluencer.com/youtube/channel/UCNXoPAAOgZn-fLv0IlgbrAw,-25,badcase,以反应娱乐为主，施工内容也非割草机受众
5021,UCDk3ScYL7OaeGbOPdDIqIlQ,MatterHackers,https://cn--xtb.noxinfluencer.com/youtube/channel/UCDk3ScYL7OaeGbOPdDIqIlQ,-8,badcase,偏3D打印硬件社区，和割草机受众不够接近
5022,UCXrjzty7OWFjkusJjVXR34g,Top Shahid Creator,https://cn--xtb.noxinfluencer.com/youtube/channel/UCXrjzty7OWFjkusJjVXR34g,-8,badcase,DIY电子/风扇制作频道与割草机推广关联弱，近10条全不匹配
5023,UCy_VUicfcQgFPkP4QbpNP2g,Hartwick Performance,https://cn--xtb.noxinfluencer.com/youtube/channel/UCy_VUicfcQgFPkP4QbpNP2g,-25,badcase,汽车改装频道与割草机推广不符，近10条内容几乎全偏车圈
5024,UCyExLnARQprOv89cdSpBZhg,Simformotion LLC,https://cn--xtb.noxinfluencer.com/youtube/channel/UCyExLnARQprOv89cdSpBZhg,-25,badcase,重型设备模拟训练频道不适合家用割草机推广，近期全偏题
5025,UCoINp5eG4BxyTCad9ZSO9UA,Best Outdoor Lab,https://cn--xtb.noxinfluencer.com/youtube/channel/UCoINp5eG4BxyTCad9ZSO9UA,-9,badcase,仅有户外弱相关，近期内容无园艺割草机主题
5026,UCAMfN089Unho1SpfOHUjxAg,ANIMATION CLUB STORIES,https://cn--xtb.noxinfluencer.com/youtube/channel/UCAMfN089Unho1SpfOHUjxAg,-35,badcase,儿童动画/娱乐/玩具频道，和割草机促销场景完全不匹配
5027,UCX2IXoq7c0behTFoJDIKhyQ,Hey Der Folks,https://cn--xtb.noxinfluencer.com/youtube/channel/UCX2IXoq7c0behTFoJDIKhyQ,-10,badcase,近期全是工具/汽修内容，和割草机推广不匹配
5028,UC8dQcXdFe2h-aHKHdXrFWzA,Redneck Engineering,https://cn--xtb.noxinfluencer.com/youtube/channel/UC8dQcXdFe2h-aHKHdXrFWzA,-20,badcase,频道以越野车/赛车改装为主，近10条全是车辆内容，和割草机推广不匹配
5029,UCcYxntpysVXHE4hCtZctWhA,ythom Khám Phá Tây Nguyên,https://cn--xtb.noxinfluencer.com/youtube/channel/UCcYxntpysVXHE4hCtZctWhA,-5,badcase,仅有农业泛标签，近期内容多为歌唱/杂项，缺少割草机推广相关性
5030,UCPO9HKUoYdGzrR9O0-CwmJg,BC,https://cn--xtb.noxinfluencer.com/youtube/channel/UCPO9HKUoYdGzrR9O0-CwmJg,-10,badcase,内容为AV视频制作/灯光音频，与割草机推广无关
5031,UCPZE9Kf7IwnRFJ-P_0bOf9A,Breeze Offroad,https://cn--xtb.noxinfluencer.com/youtube/channel/UCPZE9Kf7IwnRFJ-P_0bOf9A,-25,badcase,越野卡车特技频道，与割草机推广场景明显不符
5032,UC2ggp5M8QrTWUoNHhn6vE_Q,Squirreling Out RC,https://cn--xtb.noxinfluencer.com/youtube/channel/UC2ggp5M8QrTWUoNHhn6vE_Q,-10,badcase,RC越野车频道，近期内容均不涉及割草机或园艺设备推广
5033,UCsJ4MpO_2mJJP3_OnEto0aA,Oliver Wright,https://cn--xtb.noxinfluencer.com/youtube/channel/UCsJ4MpO_2mJJP3_OnEto0aA,-10,badcase,以娱乐/生活方式为主，近期内容几乎都不匹配割草机推广
5034,UC_kFKpSAinc_60hgve8D_lw,BOBKA TV,https://cn--xtb.noxinfluencer.com/youtube/channel/UC_kFKpSAinc_60hgve8D_lw,-25,badcase,频道以实验破坏和搞笑内容为主，缺少割草机评测或购买导向，适合度很低
5035,UCtC8SANasxz7ZEyuA76QW9g,Hassle Free Reviews,https://cn--xtb.noxinfluencer.com/youtube/channel/UCtC8SANasxz7ZEyuA76QW9g,-8,badcase,泛产品评测号，近10条与割草机无关，缺少园艺/工具受众信号
5036,UCHzU2ZN3RUpvPPyllD553bQ,HC Work,https://cn--xtb.noxinfluencer.com/youtube/channel/UCHzU2ZN3RUpvPPyllD553bQ,-8,badcase,以建造/机械为主，和割草机推广仅弱相关，近10条内容基本不匹配
5037,UCFfsFeR2HY1pcubUgYAwtSA,Purple On Three,https://cn--xtb.noxinfluencer.com/youtube/channel/UCFfsFeR2HY1pcubUgYAwtSA,-10,badcase,摩托/车辆向内容，近10条均与割草机无关
5038,UC5ASTJFNz-LGnugl1eTJnZA,OFFICIAL BUSINESS,https://cn--xtb.noxinfluencer.com/youtube/channel/UC5ASTJFNz-LGnugl1eTJnZA,-10,badcase,卡车播客/娱乐向频道，与割草机推广场景不匹配
5039,UCft-yd5hHYIGkH6yZbLeJ5w,Holic Invenion,https://cn--xtb.noxinfluencer.com/youtube/channel/UCft-yd5hHYIGkH6yZbLeJ5w,-8,badcase,DIY教程类有少量弱相关，但最近内容与割草机无关
5040,UCkjGrydq3LcE_PEqtyzbNKA,Dumpster Dave,https://cn--xtb.noxinfluencer.com/youtube/channel/UCkjGrydq3LcE_PEqtyzbNKA,-10,badcase,无标签，近期内容偏摩托/娱乐，与割草机推广无关
5041,UCvrHxJAqXJtaI5hbRremP2w,Xziuto,https://cn--xtb.noxinfluencer.com/youtube/channel/UCvrHxJAqXJtaI5hbRremP2w,-10,badcase,无标签与草坪机相关，近10条内容也基本无关
5043,UCp6Ia4JPJTrEJbhQ31EBRmg,Neversink Farm,https://cn--xtb.noxinfluencer.com/youtube/channel/UCp6Ia4JPJTrEJbhQ31EBRmg,-7,badcase,仅有农场/园艺弱相关，近期内容偏蔬菜种植非草坪机推广
5044,UCJeOV_2poTsz370GtOaN63w,Tampa Boys Customs,https://cn--xtb.noxinfluencer.com/youtube/channel/UCJeOV_2poTsz370GtOaN63w,-8,badcase,小机车改装为主，只有泛化howto，和割草机促销关联弱
5045,UCT2MpzeP3AoT4nNBcTtYAMA,Snippet Klips,https://cn--xtb.noxinfluencer.com/youtube/channel/UCT2MpzeP3AoT4nNBcTtYAMA,-25,badcase,ASMR清雪是强格式错位，不适合割草机这类实体产品推广
5046,UCodFV43mCggDyZSWLrUD4Jg,Nate Jones,https://cn--xtb.noxinfluencer.com/youtube/channel/UCodFV43mCggDyZSWLrUD4Jg,-10,badcase,纯商业创业号，缺少园艺、维修或设备使用场景
5047,UCpZBpDb30RRn0ahYnE6OYaQ,CARPENTER TV,https://cn--xtb.noxinfluencer.com/youtube/channel/UCpZBpDb30RRn0ahYnE6OYaQ,-9,badcase,木工DIY频道，仅有弱泛化DIY标签，近期内容全偏木工，和割草机推广不符
5048,UCXx1fcUotTpeh5ahgzuH8kg,ParoDoXz,https://cn--xtb.noxinfluencer.com/youtube/channel/UCXx1fcUotTpeh5ahgzuH8kg,-10,badcase,车库/重型设备内容，和割草机推广场景不匹配
5049,UCDGqNf14HSF9v8e-Qmp7VXA,Erin Lawrence,https://cn--xtb.noxinfluencer.com/youtube/channel/UCDGqNf14HSF9v8e-Qmp7VXA,-8,badcase,偏科技数码评测，无园艺割草机相关内容，近期主题不匹配
5050,UCEegawENp0UpDdj4y4GefHQ,Zero to Built,https://cn--xtb.noxinfluencer.com/youtube/channel/UCEegawENp0UpDdj4y4GefHQ,-10,badcase,内容偏后院DIY和泳池搭建，缺少割草机/园艺设备相关性
5051,UCbLMPTXMBuhSaTPYxGiRtbg,Oster Latino,https://cn--xtb.noxinfluencer.com/youtube/channel/UCbLMPTXMBuhSaTPYxGiRtbg,-10,badcase,频道主打厨房小家电与饮食内容，近10条都不涉及草坪机，明显不相关
5052,UCLj-OxI72b-yj2ctKRS5ctQ,Boehm Farm,https://cn--xtb.noxinfluencer.com/youtube/channel/UCLj-OxI72b-yj2ctKRS5ctQ,-9,badcase,农机/拖拉机频道，和割草机推广场景关联弱，近期内容也不匹配
5053,UCZkJX15ggwLXAz3ASX95jUw,Welding Mask,https://cn--xtb.noxinfluencer.com/youtube/channel/UCZkJX15ggwLXAz3ASX95jUw,-9,badcase,DIY工具频道只算弱相关，近期内容偏发明制作，不像割草机推广
5054,UCYDaunZaJGChE4hpnqxD34w,Buttcrack Cycles,https://cn--xtb.noxinfluencer.com/youtube/channel/UCYDaunZaJGChE4hpnqxD34w,-9,badcase,摩托修复频道与割草机品类不符，近期10条也几乎全是摩托内容
5056,UC3Q4UGkWGvBZtTodFI01Ntg,Heghineh Cooking Show,https://cn--xtb.noxinfluencer.com/youtube/channel/UC3Q4UGkWGvBZtTodFI01Ntg,-21,badcase,频道主轴为烹饪美食，割草机仅偶发测评，不适合推广
5057,UClVsSy_3kvNc7tV1mdGRfTA,MTTanner,https://cn--xtb.noxinfluencer.com/youtube/channel/UClVsSy_3kvNc7tV1mdGRfTA,-20,badcase,怪兽卡车玩具频道，和割草机推广场景不相关
5058,UCQ_vzVlsjpW6JOX-CUV6-9A,Nyza Studios,https://cn--xtb.noxinfluencer.com/youtube/channel/UCQ_vzVlsjpW6JOX-CUV6-9A,-25,badcase,音乐/故事/睡眠助眠型频道，属于物理产品推广错配
5059,UCwOmGaoXOb0xJj3OwCvPz4w,jjaybeardedbarber,https://cn--xtb.noxinfluencer.com/youtube/channel/UCwOmGaoXOb0xJj3OwCvPz4w,-15,badcase,理发与胡须护理频道，和割草机受众不匹配
5060,UCyLMFCNfHkH503faMrvox5w,TheMemoryMakers,https://cn--xtb.noxinfluencer.com/youtube/channel/UCyLMFCNfHkH503faMrvox5w,-20,badcase,游戏娱乐+宠物内容，和割草机推广受众差距大
5062,UCXR_Q_5kCBh_Zj8om11U7RA,Fenderman250,https://cn--xtb.noxinfluencer.com/youtube/channel/UCXR_Q_5kCBh_Zj8om11U7RA,-10,badcase,汽车维修频道，近10条内容全偏车/工具，与割草机推广不符
5063,UCGx2NphnBjisU8Y3KqyvEbw,Funny House,https://cn--xtb.noxinfluencer.com/youtube/channel/UCGx2NphnBjisU8Y3KqyvEbw,-25,badcase,娱乐VFX短视频频道，与割草机推广场景和购买意图明显不匹配
5064,UCqx3KvXI079LFe51rz3bJ9A,Riya,https://cn--xtb.noxinfluencer.com/youtube/channel/UCqx3KvXI079LFe51rz3bJ9A,-10,badcase,无割草机相关标签，近10条内容均不相关，偏娱乐杂合频道
5065,UCz8Yso2r94D6RskA5hTirGg,North America HD Hyundai Construction Equipment,https://cn--xtb.noxinfluencer.com/youtube/channel/UCz8Yso2r94D6RskA5hTirGg,-25,badcase,频道是重型工程机械，和 lawn mower 推广场景明显不匹配
5066,UCrPlBFoFImkPKNO6D_flNFA,Rebelsoffroad,https://cn--xtb.noxinfluencer.com/youtube/channel/UCrPlBFoFImkPKNO6D_flNFA,-20,badcase,越野车/改装频道，与割草机推广场景不符
5067,UCmF5wGyJ03mHGcWvtEELH_w,"Danco, Inc.",https://cn--xtb.noxinfluencer.com/youtube/channel/UCmF5wGyJ03mHGcWvtEELH_w,-7,badcase,仅有家居维修泛相关，近期全是排水堵塞内容，与割草机推广场景不符
5068,UCnXE-2nj2DvDPiM0ySB4BMQ,Sealcoatinguys,https://cn--xtb.noxinfluencer.com/youtube/channel/UCnXE-2nj2DvDPiM0ySB4BMQ,-20,badcase,以封层/ASMR内容为主，缺少割草机购买或评测场景，近10条也不匹配
5069,UCo9xl4LtXSbsywS_J2n4iUQ,TFLbike,https://cn--xtb.noxinfluencer.com/youtube/channel/UCo9xl4LtXSbsywS_J2n4iUQ,-10,badcase,摩托车内容，近10条全不相关，不适合推广割草机
5070,UCoAngWpzmHUibvIHScIo5zw,NIIMBOTS,https://cn--xtb.noxinfluencer.com/youtube/channel/UCoAngWpzmHUibvIHScIo5zw,-10,badcase,标签与内容都偏标签打印机，近10条全是打印机内容，和割草机推广不相关
5071,UCiWc0V1E5ASLxaqjf55Nq_A,hillsgun,https://cn--xtb.noxinfluencer.com/youtube/channel/UCiWc0V1E5ASLxaqjf55Nq_A,-9,badcase,机械车床/金工频道，近10条全是机床内容，与割草机推广关联很弱
5075,UCjGkOuZhRXHMDi5C_iDIoaA,USTA FARANG,https://cn--xtb.noxinfluencer.com/youtube/channel/UCjGkOuZhRXHMDi5C_iDIoaA,-23,badcase,偏室内装修/面点标签，无草坪修剪或园艺工具内容
5076,UC7fQXHrH-gB-GtYjvYjYgWA,Bolan Security,https://cn--xtb.noxinfluencer.com/youtube/channel/UC7fQXHrH-gB-GtYjvYjYgWA,-25,badcase,主频道是安防设备演示，和割草机完全不在同一消费场景
5077,UChC0wy8BrmPF32y0823HXOg,GardenBlox TV,https://cn--xtb.noxinfluencer.com/youtube/channel/UChC0wy8BrmPF32y0823HXOg,-25,badcase,游戏频道，内容与割草机推广场景完全不匹配
5078,UCzhjcnym3nkMq4Rqx6JRX-w,AZ Overland,https://cn--xtb.noxinfluencer.com/youtube/channel/UCzhjcnym3nkMq4Rqx6JRX-w,-10,badcase,汽车越野内容，与割草机推广无关，近10条也无匹配
5079,UCEzXnZ5NDFtzcjirxxAdXFw,MeDaMac,https://cn--xtb.noxinfluencer.com/youtube/channel/UCEzXnZ5NDFtzcjirxxAdXFw,-25,badcase,以游戏内容为主，近期多为快递/手机视频，不适合割草机推广
5080,UCeeqqe2CDt82I32tiixnorA,Body React,https://cn--xtb.noxinfluencer.com/youtube/channel/UCeeqqe2CDt82I32tiixnorA,-25,badcase,动物搞笑内容，和割草机推广场景明显不匹配
5081,UCheb13NPzPaFXvu-mamu-5w,SWANKY CAT,https://cn--xtb.noxinfluencer.com/youtube/channel/UCheb13NPzPaFXvu-mamu-5w,-20,badcase,摩托车/越野内容与割草机推广场景不符，近10条全不匹配
5082,UCH2ZFiFf9g4cF6T8YbBLRdA,Big Paul’s Trucking,https://cn--xtb.noxinfluencer.com/youtube/channel/UCH2ZFiFf9g4cF6T8YbBLRdA,-10,badcase,重卡维修频道，近10条全是卡车内容，与割草机推广不匹配
5084,UCHk157z0d5AExH_yd1OywXA,MAKOSHARK,https://cn--xtb.noxinfluencer.com/youtube/channel/UCHk157z0d5AExH_yd1OywXA,-10,badcase,海用推进器频道，近10条全是船用电机内容，与割草机不符
5085,UCKdKS8cryueq_EJm5sC1zTw,NomadicVanLife,https://cn--xtb.noxinfluencer.com/youtube/channel/UCKdKS8cryueq_EJm5sC1zTw,-10,badcase,VanLife频道，内容集中在车辆改装和旅行，与割草机购买无关
5086,UCRDewJyfQOndmI7vM0ZY-zQ,"BELER""INA",https://cn--xtb.noxinfluencer.com/youtube/channel/UCRDewJyfQOndmI7vM0ZY-zQ,-25,badcase,娱乐/ASMR向，偏内容消费，不适合割草机推广
5087,UCli-xOFu5AnWFZxZHGkf8zw,ℌ𝔬𝔟,https://cn--xtb.noxinfluencer.com/youtube/channel/UCli-xOFu5AnWFZxZHGkf8zw,-25,badcase,娱乐游戏频道，近期内容全是 Fortnite/车剪辑，与割草机推广高度不符
5091,UCD6aLBerUfjsbr0mFGFCMdQ,Super Truck,https://cn--xtb.noxinfluencer.com/youtube/channel/UCD6aLBerUfjsbr0mFGFCMdQ,-10,badcase,RC卡车玩具频道，近10条全是车辆内容，与割草机推广不符
5092,UCTokmZmBi-4QH8NjjsbLNPQ,Muhammad Esa Vlogs,https://cn--xtb.noxinfluencer.com/youtube/channel/UCTokmZmBi-4QH8NjjsbLNPQ,-10,badcase,纯Vlog/娱乐内容，缺少割草机相关受众
5094,UCoFFG4DutpKz5ouqWdMbv1w,lazzemetalshaping,https://cn--xtb.noxinfluencer.com/youtube/channel/UCoFFG4DutpKz5ouqWdMbv1w,-10,badcase,金属整形/车身工艺受众，和草坪设备不匹配
5095,UCoPk5eUcz7G72fjQY1TgyAw,Heavy_Haul_N_Fool,https://cn--xtb.noxinfluencer.com/youtube/channel/UCoPk5eUcz7G72fjQY1TgyAw,-10,badcase,卡车/车辆内容为主，和草坪维护受众偏离
5096,UCwYQXYfPHTZKANHzBHdYo2w,ANATOLY,https://cn--xtb.noxinfluencer.com/youtube/channel/UCwYQXYfPHTZKANHzBHdYo2w,-25,badcase,恶作剧娱乐频道，题材和实体产品推广不合
5097,UCPxg8BpRHGyWXztSi6qMHXA,The DIY Farmers,https://cn--xtb.noxinfluencer.com/youtube/channel/UCPxg8BpRHGyWXztSi6qMHXA,-9,badcase,农机/农业内容为主，近10条都不匹配割草机推广
5098,UCoeo0pCjGVAkLQkQCTPF6Yw,Insteading,https://cn--xtb.noxinfluencer.com/youtube/channel/UCoeo0pCjGVAkLQkQCTPF6Yw,-4,badcase,偏园艺/自给生活，缺少割草机测评购买维修意图
5099,UC7DzNhto1qONuvsBex0yyjw,Sawmilling Garry Jr,https://cn--xtb.noxinfluencer.com/youtube/channel/UC7DzNhto1qONuvsBex0yyjw,-9,badcase,内容以伐木/树务为主，与割草机推广场景不匹配
5100,UCmC6hicvAFSzBuz1Ycbskgw,Blaircraft,https://cn--xtb.noxinfluencer.com/youtube/channel/UCmC6hicvAFSzBuz1Ycbskgw,-10,badcase,频道主题为航空维修，与割草机推广几乎无关，近10条也全不匹配
5101,UCftQGXFvBLR28KoDQwriyEA,5 Minute Knives,https://cn--xtb.noxinfluencer.com/youtube/channel/UCftQGXFvBLR28KoDQwriyEA,-10,badcase,频道主做刀具/EDC评测，与割草机推广场景不符，近10条均不相关
5102,UCFpjVQjYvneqzy7GjjBZ5mw,Cannabis Cheri Sicard,https://cn--xtb.noxinfluencer.com/youtube/channel/UCFpjVQjYvneqzy7GjjBZ5mw,-25,badcase,大麻内容与割草机推广完全不相干，近10条全不匹配
5103,UC8YYptrlqdUN9GsIFsT6Mwg,lasersterling,https://cn--xtb.noxinfluencer.com/youtube/channel/UC8YYptrlqdUN9GsIFsT6Mwg,-10,badcase,汽车改装频道，和割草机受众匹配度低
5104,UCDbcA06o13ULkDfXT72tBag,Midwest Garage,https://cn--xtb.noxinfluencer.com/youtube/channel/UCDbcA06o13ULkDfXT72tBag,-22,badcase,汽车维修频道为主，仅少量户外设备内容，缺少割草机推广语境
5106,UC6Ko62-E2iMcdJ48tBvLjUQ,Apartment Maintenance Pro,https://cn--xtb.noxinfluencer.com/youtube/channel/UC6Ko62-E2iMcdJ48tBvLjUQ,-8,badcase,频道偏公寓HVAC/家电维修，缺少草坪割草机或园艺设备推广语境
5107,UCVBs2LPronXEQq1caRqznxg,Browncharlesuifjk,https://cn--xtb.noxinfluencer.com/youtube/channel/UCVBs2LPronXEQq1caRqznxg,-20,badcase,娱乐短剧频道，只有泛工具词，近10条全不相关，不适合推广割草机
5108,UCFA41xXz9jqSlHP8z1tiSUQ,Mighty Max,https://cn--xtb.noxinfluencer.com/youtube/channel/UCFA41xXz9jqSlHP8z1tiSUQ,-20,badcase,特斯拉/家电评测频道，近10条全是汽车和灯具，不适合割草机推广
5109,UC9EMcXQvTv-6W91_LPxzL8w,Laertes the barber,https://cn--xtb.noxinfluencer.com/youtube/channel/UC9EMcXQvTv-6W91_LPxzL8w,-20,badcase,理发教学频道，内容域与割草机无关，近10条也无购买或测评意图
5110,UCrta9Uy4WJGXWTpjCxabHwA,TrashyAF,https://cn--xtb.noxinfluencer.com/youtube/channel/UCrta9Uy4WJGXWTpjCxabHwA,-20,badcase,娱乐现实秀频道，虽提到 lawnmower 但主要是搞笑内容，不适合产品推广
5111,UC3tLwDmRMugH4sp5YfCmf1w,The 2-Minute Mechanic™,https://cn--xtb.noxinfluencer.com/youtube/channel/UC3tLwDmRMugH4sp5YfCmf1w,-20,badcase,机械DIY频道偏汽车维修，和割草机推广仅弱泛化关联，近期也不匹配
5112,UCf0PS-i5mzjCnMGVQS4tL7Q,matthew zeleny,https://cn--xtb.noxinfluencer.com/youtube/channel/UCf0PS-i5mzjCnMGVQS4tL7Q,-25,badcase,娱乐影视音乐为主，近10条几乎无割草机或园艺工具内容
5115,UCms4FELdTovNYtHZrYsw8Bw,John Moore,https://cn--xtb.noxinfluencer.com/youtube/channel/UCms4FELdTovNYtHZrYsw8Bw,-24,badcase,音乐和枪械内容占主，和割草机推广场景明显不匹配
5118,UC9mrDyAw2EvsnFozzrxLrmQ,Joe's Classic Video Games,https://cn--xtb.noxinfluencer.com/youtube/channel/UC9mrDyAw2EvsnFozzrxLrmQ,-15,badcase,街机/弹珠台娱乐向，和割草机推广无关，近期内容也全部不匹配
5121,UCOqdqJwPQl2t5aAVOOR1eQw,Amicwan,https://cn--xtb.noxinfluencer.com/youtube/channel/UCOqdqJwPQl2t5aAVOOR1eQw,-35,badcase,玩具车ASMR频道，受众和割草机推广完全不匹配
5122,UCHVlXsbji344grGZosOHtLg,Servicio plomeria,https://cn--xtb.noxinfluencer.com/youtube/channel/UCHVlXsbji344grGZosOHtLg,-20,badcase,以管道维修为主，和草坪割草机用途无关，近期内容也全不匹配
5123,UCOv1hbnEZ4z-325HdFjXHzQ,Two Guys and a Ride,https://cn--xtb.noxinfluencer.com/youtube/channel/UCOv1hbnEZ4z-325HdFjXHzQ,-25,badcase,汽车评测频道，和割草机推广场景不搭，近10条全是车相关
5124,UCpayc96MeRhSV4lCd2UTU8Q,OLD SMITH,https://cn--xtb.noxinfluencer.com/youtube/channel/UCpayc96MeRhSV4lCd2UTU8Q,-20,badcase,金工锻造和刀具内容，缺少园艺/家用机械受众，近期也不匹配
5125,UC6LbUp48Jfv3YzQSwxeqvzw,Super Smart,https://cn--xtb.noxinfluencer.com/youtube/channel/UC6LbUp48Jfv3YzQSwxeqvzw,-2,badcase,通用家居数码号，和割草机关联很弱，最近内容也没出现园艺场景
5126,UCkC6NdbOS7FxBTIFidZHrkg,Subs & Paws,https://cn--xtb.noxinfluencer.com/youtube/channel/UCkC6NdbOS7FxBTIFidZHrkg,-25,badcase,汽车音响/低音炮频道，和割草机完全不同类，近10条都不匹配
5127,UCBNnILlexKYtJu-EGUvq_iA,CboysTV,https://cn--xtb.noxinfluencer.com/youtube/channel/UCBNnILlexKYtJu-EGUvq_iA,-10,badcase,车辆恶搞/越野频道，与草坪机推广场景不匹配
5129,UClAFkqLILxePxF6y-HcwuNA,The EDC Academic,https://cn--xtb.noxinfluencer.com/youtube/channel/UClAFkqLILxePxF6y-HcwuNA,-10,badcase,刀具保养频道，和草坪机受众不匹配
5130,UCXTPw8JiHj4NKvwcZ3n5fuw,Brad Clark,https://cn--xtb.noxinfluencer.com/youtube/channel/UCXTPw8JiHj4NKvwcZ3n5fuw,-10,badcase,木材窑和IoT频道，与草坪机推广无关
5131,UCJ4mZVSvJocX6tQHvnyEsnQ,75Built,https://cn--xtb.noxinfluencer.com/youtube/channel/UCJ4mZVSvJocX6tQHvnyEsnQ,-10,badcase,越野旅行频道，和草坪机购买场景脱节
5132,UCTeUpgvNIBf7uxH53wZ6xDg,Cascade Corporation,https://cn--xtb.noxinfluencer.com/youtube/channel/UCTeUpgvNIBf7uxH53wZ6xDg,-20,badcase,叉车工业物料搬运频道，近期也全是叉车配件，无草坪割草语境
5133,UCov-6FYRsFZD9JECSB4ofIA,"Guns, Gear, & The Great Outdoors",https://cn--xtb.noxinfluencer.com/youtube/channel/UCov-6FYRsFZD9JECSB4ofIA,-6,badcase,户外/修复偏弱相关，但主轴是猎钓EDC，最近内容多不在割草机场景
5134,UCKdwzNliLK0-TORIs1sGCIg,Max the Monster Truck Cartoons,https://cn--xtb.noxinfluencer.com/youtube/channel/UCKdwzNliLK0-TORIs1sGCIg,-25,badcase,儿童卡通娱乐频道，属于强格式不匹配，不适合割草机推广
5136,UCyaAOQNcexF1C8GjGaHd1Yw,PBS North,https://cn--xtb.noxinfluencer.com/youtube/channel/UCyaAOQNcexF1C8GjGaHd1Yw,-10,badcase,本地公共媒体与园艺仅弱沾边，近期内容几乎全不在草坪机购买场景
5137,UCInUWQjqPav4vq1EnNSk0xQ,Funny Kitty,https://cn--xtb.noxinfluencer.com/youtube/channel/UCInUWQjqPav4vq1EnNSk0xQ,-23,badcase,娱乐/搞笑/合集型内容为主，和割草机投放场景不符
5138,UCJCFuci0y89_yAK76ex4-lA,Mega Monster Gaming,https://cn--xtb.noxinfluencer.com/youtube/channel/UCJCFuci0y89_yAK76ex4-lA,-25,badcase,Kpop娱乐和怪兽卡车内容，和割草机推广基本无关
5140,UCNflx153aSFacXHgHZXqQVA,Rocky Rocha Oficial,https://cn--xtb.noxinfluencer.com/youtube/channel/UCNflx153aSFacXHgHZXqQVA,-10,badcase,卡车/司机频道缺少割草机相关购买或使用语境
5142,UCv6bA2FHQhi4yzSnDo1TXAg,Anker SOLIX,https://cn--xtb.noxinfluencer.com/youtube/channel/UCv6bA2FHQhi4yzSnDo1TXAg,-8,badcase,备电/露营频道，只有户外弱关联，近期全是发电与停电内容
5144,UClqhvGmHcvWL9w3R48t9QXQ,Engineering Explained,https://cn--xtb.noxinfluencer.com/youtube/channel/UClqhvGmHcvWL9w3R48t9QXQ,-15,badcase,汽车工程频道，和割草机购买或使用场景不相关
5145,UCFS6E-Hj9_LVH-iwn-rFijQ,Skill Masters,https://cn--xtb.noxinfluencer.com/youtube/channel/UCFS6E-Hj9_LVH-iwn-rFijQ,-15,badcase,重型机械维修为主，和家用割草机推广场景偏离很大
5146,UCEHZCbOCyV0lNhe1_FyFmjg,sixteen_tons,https://cn--xtb.noxinfluencer.com/youtube/channel/UCEHZCbOCyV0lNhe1_FyFmjg,-15,badcase,热杆改装夹杂宠物内容，与割草机推广场景不匹配
5147,UCIuQdgnrQH-4wEOOLi_7AVQ,Monarch Outdoors,https://cn--xtb.noxinfluencer.com/youtube/channel/UCIuQdgnrQH-4wEOOLi_7AVQ,-13,badcase,偏娱乐杂谈，草坪机促销场景弱且近期内容不相关
5150,UCzLEbAz5MBzCwoi0g6joltg,Car Care,https://cn--xtb.noxinfluencer.com/youtube/channel/UCzLEbAz5MBzCwoi0g6joltg,-25,badcase,ASMR洗车清洁频道，格式与草坪机促销明显不符
5152,UCdqk9MuZ4_MwoB4ZpbrupPQ,Brown Equipment Company LLC,https://cn--xtb.noxinfluencer.com/youtube/channel/UCdqk9MuZ4_MwoB4ZpbrupPQ,-10,badcase,重型施工设备售卖，近10条均非割草机相关
5153,UCZ-lGoxJdfiPv0pJky7wIKg,TriuBuild,https://cn--xtb.noxinfluencer.com/youtube/channel/UCZ-lGoxJdfiPv0pJky7wIKg,-9,badcase,仅有园艺弱相关，近10条全是DIY改造，割草机不匹配
5154,UC0iUcBFMT7Jlgct23vkxdMg,zxwytools,https://cn--xtb.noxinfluencer.com/youtube/channel/UC0iUcBFMT7Jlgct23vkxdMg,-8,badcase,工具测评偏强，但内容集中在切割片/角磨机，和割草机不相关
5156,UCBlHJOBcgOb0MIK5Zt4RJjw,Virtual Life,https://cn--xtb.noxinfluencer.com/youtube/channel/UCBlHJOBcgOb0MIK5Zt4RJjw,-25,badcase,美食切肉频道，内容和割草机推广场景完全不搭
5157,UCtoTyCPi4t2QjwNG5TBOUvw,9 Plus Us,https://cn--xtb.noxinfluencer.com/youtube/channel/UCtoTyCPi4t2QjwNG5TBOUvw,-20,badcase,娱乐搞笑频道，和割草机推广场景不符，近期内容也完全不相关
5158,UCCOMLowWs3wFXH_rlupn_5Q,TƯ DUY,https://cn--xtb.noxinfluencer.com/youtube/channel/UCCOMLowWs3wFXH_rlupn_5Q,-7,badcase,偏机械修复与剧情内容，无草坪护理或割草机推广信号
5159,UCbjbzA_DgzFCNYKMQNuuxCw,Terick Solutions,https://cn--xtb.noxinfluencer.com/youtube/channel/UCbjbzA_DgzFCNYKMQNuuxCw,-10,badcase,UTV配件频道，和割草机购买场景不一致，近期内容全是UTV
5160,UCPBIo2cyjkCJq85Getng0Pw,Tiny Boat Nation,https://cn--xtb.noxinfluencer.com/youtube/channel/UCPBIo2cyjkCJq85Getng0Pw,-10,badcase,造船钓鱼频道，与割草机受众不相关，近期内容也无对应线索
5161,UCpVEx8ZWl2xAKuyUQdI9zdw,HAOYU CNC Weld Equipment Manufacturer,https://cn--xtb.noxinfluencer.com/youtube/channel/UCpVEx8ZWl2xAKuyUQdI9zdw,-10,badcase,工业焊接设备频道，与割草机推广场景不符，近期全是焊接机内容
5163,UC6dQSdSYsKN8NrCkI2_j3KQ,Gadgets Lab,https://cn--xtb.noxinfluencer.com/youtube/channel/UC6dQSdSYsKN8NrCkI2_j3KQ,-10,badcase,近期全是耳机音频测评，和割草机推广场景明显不符
5164,UC4BihM_UvmumqB8a-CTVhng,máy cắt cỏ nhật bản,https://cn--xtb.noxinfluencer.com/youtube/channel/UC4BihM_UvmumqB8a-CTVhng,-6,badcase,标签直接命中割草机，且近期在卖相关商品
5165,UCsoSHFrXgintSzjH9hRbSiA,Diddly Squat Shorts,https://cn--xtb.noxinfluencer.com/youtube/channel/UCsoSHFrXgintSzjH9hRbSiA,-6,badcase,只有农场场景弱相关，近期内容偏娱乐短视频
5166,UCsK2J2K73PBeneXP72GnMlA,Dan Salazar,https://cn--xtb.noxinfluencer.com/youtube/channel/UCsK2J2K73PBeneXP72GnMlA,-8,badcase,户外机车内容偏玩乐，和割草机购买场景关联弱
5167,UC6R1n1wldKNcsPeaHQ1gSEA,On Tap Podcast,https://cn--xtb.noxinfluencer.com/youtube/channel/UC6R1n1wldKNcsPeaHQ1gSEA,-22,badcase,娱乐播客为主，仅有蓝领弱相关，最近内容与割草机推广不匹配
5171,UCIjkIj0Pz9U5kDqqOiOQKDA,VisualSteering,https://cn--xtb.noxinfluencer.com/youtube/channel/UCIjkIj0Pz9U5kDqqOiOQKDA,-24,badcase,汽车事故/街拍娱乐频道，和割草机推广主题明显不符
5172,UCwzUfVNRiDjoYVhs50QpRpQ,Fenstek Window & Facade Machinery,https://cn--xtb.noxinfluencer.com/youtube/channel/UCwzUfVNRiDjoYVhs50QpRpQ,-10,badcase,工业窗门设备频道，与割草机推广关联很弱
5173,UC8Kqfc91U1_Z4NbW45BTjVA,Victor’s Tales,https://cn--xtb.noxinfluencer.com/youtube/channel/UC8Kqfc91U1_Z4NbW45BTjVA,-25,badcase,游戏娱乐频道，和割草机推广明显不匹配
5174,UCHrHjbIvqMcbJVqCkf7Y02Q,NTT PHÊ,https://cn--xtb.noxinfluencer.com/youtube/channel/UCHrHjbIvqMcbJVqCkf7Y02Q,-25,badcase,综艺恶搞Vlog频道，缺少园艺/工具购买意图
5176,UCdKS_yIKHoJcKM6mbnq2sqw,TrashHouse Cycles,https://cn--xtb.noxinfluencer.com/youtube/channel/UCdKS_yIKHoJcKM6mbnq2sqw,-10,badcase,摩托/越野频道，与割草机受众不相关
5177,UCeawKLrTdpDB0wEtjsp2CyA,DJ SnY,https://cn--xtb.noxinfluencer.com/youtube/channel/UCeawKLrTdpDB0wEtjsp2CyA,-5,badcase,泛DIY工具频道，无割草机/园艺内容，近期内容不匹配
5178,UCaF9KGM6LfZaYqgMQvGskQg,David's Cane Machines - Official Channel,https://cn--xtb.noxinfluencer.com/youtube/channel/UCaF9KGM6LfZaYqgMQvGskQg,-10,badcase,甘蔗榨汁机为主，和割草机的产品与受众场景都不匹配
5179,UCNGFt7LIVT7MbQdV8DBJW-w,Bantam Tools,https://cn--xtb.noxinfluencer.com/youtube/channel/UCNGFt7LIVT7MbQdV8DBJW-w,-10,badcase,CNC/制造类受众偏工业加工，不是割草机消费场景
5180,UCg1bVQMuYoTOFyz2qXu27Kg,Robomax,https://cn--xtb.noxinfluencer.com/youtube/channel/UCg1bVQMuYoTOFyz2qXu27Kg,-10,badcase,Arduino机器人受众与割草机只有很弱的间接关联，近期内容也几乎全偏机器人
5181,UCWWe8DoNiW0hSb7ZRh73faA,SCRAPER420,https://cn--xtb.noxinfluencer.com/youtube/channel/UCWWe8DoNiW0hSb7ZRh73faA,-9,badcase,无标签，近期以汽车/拖车/摩托为主，割草机推广相关性很弱
5182,UCP3ifftwF1D-t2FEuBkWV0Q,Flowrest Ambient,https://cn--xtb.noxinfluencer.com/youtube/channel/UCP3ifftwF1D-t2FEuBkWV0Q,-21,badcase,ASMR/币圈内容为主，且近期偏故事翻新，不适合割草机推广
5185,UCECmUnrpiddP_vUwo8_1s_g,The Quiet Farmer,https://cn--xtb.noxinfluencer.com/youtube/channel/UCECmUnrpiddP_vUwo8_1s_g,-25,badcase,近期全是农场故事化叙事，偏娱乐小说感，不适合割草机推广
5186,UC8Wgwjfr-TduZOY7cnKPhhg,Service Business Mastery Podcast,https://cn--xtb.noxinfluencer.com/youtube/channel/UC8Wgwjfr-TduZOY7cnKPhhg,-10,badcase,内容全是承包商营销/AI，无割草机或园艺相关，近10条均不匹配
5187,UCQRSgunbWyGPclkMB46U20Q,AUTO CHINA,https://cn--xtb.noxinfluencer.com/youtube/channel/UCQRSgunbWyGPclkMB46U20Q,-10,badcase,汽车类频道，近10条内容均为车辆/设备交易，与割草机推广不符
5188,UCaPbfiWOJtjoVBc10FUh5kQ,Tvconfer,https://cn--xtb.noxinfluencer.com/youtube/channel/UCaPbfiWOJtjoVBc10FUh5kQ,-10,badcase,标签无割草机相关，近10条内容多为汽车/火灾/航空，推广相关性弱
5189,UCXUET_pC3ByHxVARnPB1XcQ,FASS Motorsports,https://cn--xtb.noxinfluencer.com/youtube/channel/UCXUET_pC3ByHxVARnPB1XcQ,-10,badcase,汽车改装频道，近10条全是卡车/底盘内容，与割草机推广无关
5191,UCmUBi48L6ZEs-CORMpQC2Hw,Dynamix Systems,https://cn--xtb.noxinfluencer.com/youtube/channel/UCmUBi48L6ZEs-CORMpQC2Hw,-10,badcase,内容偏CNC/无人机/3D打印，近10条均无草坪机购买或使用场景
5192,UCduWPC2tnFuOwGFeuCszs3w,一隻小猴子,https://cn--xtb.noxinfluencer.com/youtube/channel/UCduWPC2tnFuOwGFeuCszs3w,-23,badcase,娱乐挑战类频道，和割草机推广场景明显不符
5195,UCh7Cs6ueqljq67grQix7DWw,Voltron Watts,https://cn--xtb.noxinfluencer.com/youtube/channel/UCh7Cs6ueqljq67grQix7DWw,-5,badcase,机车和电动骑行内容为主，和割草机推广偏离较大
5196,UCRoKWJEIf98gZi0a3Sjhbqg,"Electric Ellen, The Power Lady!",https://cn--xtb.noxinfluencer.com/youtube/channel/UCRoKWJEIf98gZi0a3Sjhbqg,-8,badcase,房车露营向，只有很弱的户外关联，不适合割草机推广
5197,UCn05VtW0OWRClynFCt8BR2Q,Creation TV,https://cn--xtb.noxinfluencer.com/youtube/channel/UCn05VtW0OWRClynFCt8BR2Q,-10,badcase,DIY/宗教杂内容，近10条无草坪机场景，不适合推广
5198,UCBmvY-p9-P3ony6Ac8S4mnw,Ashley ADHD Home-Friendly Tips,https://cn--xtb.noxinfluencer.com/youtube/channel/UCBmvY-p9-P3ony6Ac8S4mnw,-10,badcase,家居带货号但近10条多为美妆健康，草坪机相关性弱
5199,UC6pRv1H8Hmunfl7o5xHPILA,Mechanic Eric AMericA ★彡,https://cn--xtb.noxinfluencer.com/youtube/channel/UC6pRv1H8Hmunfl7o5xHPILA,-22,badcase,机械工具号但主格式是ASMR/闲聊，属于强格式错配
5200,UCYcg4-nXs-MlX0RRjeL4vBA,Sahad vai 300k,https://cn--xtb.noxinfluencer.com/youtube/channel/UCYcg4-nXs-MlX0RRjeL4vBA,-25,badcase,游戏搞笑号，和草坪机推广主题完全不相干
5202,UCNwPsxbBf1vlEUTuaU_rMKg,Reloading Bench,https://cn--xtb.noxinfluencer.com/youtube/channel/UCNwPsxbBf1vlEUTuaU_rMKg,-10,badcase,枪械装填频道，和割草机受众不符，近期也无草坪或园艺主题。
5204,UCLDw7ummSJnILbMZn2Azf2g,ON THE RADAR,https://cn--xtb.noxinfluencer.com/youtube/channel/UCLDw7ummSJnILbMZn2Azf2g,-10,badcase,健康补剂频道与割草机类目无关，近期内容也多为杂项商品。
5205,UCl-rGNW5_pDMNuCcW-r6RUA,BeamNG Untitled,https://cn--xtb.noxinfluencer.com/youtube/channel/UCl-rGNW5_pDMNuCcW-r6RUA,-25,badcase,游戏模拟频道，属于明显内容错配，不适合做割草机产品推广。
5206,UC2NivQrBWViCOxuBmVGlZIQ,Tyler,https://cn--xtb.noxinfluencer.com/youtube/channel/UC2NivQrBWViCOxuBmVGlZIQ,-7,badcase,车辆农机内容有轻微机械受众，但与割草机仍偏远，近期也非草坪工具。
5207,UCIhYCOs8eYWn_zFhpEpoZIQ,rc terminator,https://cn--xtb.noxinfluencer.com/youtube/channel/UCIhYCOs8eYWn_zFhpEpoZIQ,-9,badcase,RC攀爬车频道，面向遥控车爱好者，不适合割草机
5209,UCMBpVHIVgY8gJBZ8_-d4ykA,The Odious Soul,https://cn--xtb.noxinfluencer.com/youtube/channel/UCMBpVHIVgY8gJBZ8_-d4ykA,-10,badcase,摩托播客与割草机推广场景不匹配，近期也多为无关内容
5210,UClpKYeKjhtuxP5ktdP4sgwg,Tractor Talk With Gary,https://cn--xtb.noxinfluencer.com/youtube/channel/UClpKYeKjhtuxP5ktdP4sgwg,-8,badcase,无草坪设备信号，近期多为经典车拍卖和农场牛只内容
5211,UCdODOWgdkmKefPHCLfumO4Q,W6IWN SOTA & HAM RADIO,https://cn--xtb.noxinfluencer.com/youtube/channel/UCdODOWgdkmKefPHCLfumO4Q,-10,badcase,业余无线电内容，和割草机产品推广几乎无关
5213,UCAmjT0JbXFjzonNzBLmM7BA,Not Your Average Tech Dad,https://cn--xtb.noxinfluencer.com/youtube/channel/UCAmjT0JbXFjzonNzBLmM7BA,-10,badcase,近期以汽修/飞行杂项为主，与割草机推广无关
5214,UCGGFx2xdkljX0h-zppVUX4Q,Hero Rider,https://cn--xtb.noxinfluencer.com/youtube/channel/UCGGFx2xdkljX0h-zppVUX4Q,-25,badcase,游戏模拟内容为主，农机题材是游戏表达，不适合割草机推广
5215,UCPgdOxuldC5N4UEwBw4AEMg,Amish Gardening Secrets,https://cn--xtb.noxinfluencer.com/youtube/channel/UCPgdOxuldC5N4UEwBw4AEMg,-22,badcase,阿米什叙事向内容，偏故事/民俗，不是工具测评场景
5216,UC8-_tmVldoye6BMatC8n_mg,Tinkr | Reviews & Guides,https://cn--xtb.noxinfluencer.com/youtube/channel/UC8-_tmVldoye6BMatC8n_mg,-10,badcase,泛科技测评频道，偏电子产品，和割草机类目关联弱
5218,UCi2JkqTtGlQgXAHx3SgK-0Q,WorkCrafts,https://cn--xtb.noxinfluencer.com/youtube/channel/UCi2JkqTtGlQgXAHx3SgK-0Q,-10,badcase,工具维修与割草机推广仅泛相关，近10条以电子/木工为主
5219,UCxSTJUUJRxxFBCpY2cC5sUw,Dan Oso,https://cn--xtb.noxinfluencer.com/youtube/channel/UCxSTJUUJRxxFBCpY2cC5sUw,-10,badcase,越野车内容与割草机购买推广场景不匹配
5220,UC7Thd2X1x64JhX5E7za9lKw,DaveOTG,https://cn--xtb.noxinfluencer.com/youtube/channel/UC7Thd2X1x64JhX5E7za9lKw,-10,badcase,房车/露营/电器评测与割草机购买人群不匹配
5221,UCZ2_r7QnQyLamIb72Fv2eAg,Dale Sweger,https://cn--xtb.noxinfluencer.com/youtube/channel/UCZ2_r7QnQyLamIb72Fv2eAg,-10,badcase,摩托维修受众与割草机推广人群差异大，近期也无相关内容
5222,UCLBfQuh45-vEhCMRnXjDiRg,Hartwig,https://cn--xtb.noxinfluencer.com/youtube/channel/UCLBfQuh45-vEhCMRnXjDiRg,-10,badcase,数控加工频道，受众与割草机购买场景不符
5224,UCXo3s-eUTap96cupnMCrhLA,Vintage Motorcycle Workshop,https://cn--xtb.noxinfluencer.com/youtube/channel/UCXo3s-eUTap96cupnMCrhLA,-25,badcase,摩托维修为主且偏机械ASMR，和割草机不匹配
5225,UCY2kAoRaGvgAOqoVY4JonkA,Shelden Caudill,https://cn--xtb.noxinfluencer.com/youtube/channel/UCY2kAoRaGvgAOqoVY4JonkA,-25,badcase,纸艺ASMR与娱乐内容为主，缺少割草机推广场景
5226,UCVpa80wi-ZTWQvqYa5QVZbA,DIY- Cement craft ideas,https://cn--xtb.noxinfluencer.com/youtube/channel/UCVpa80wi-ZTWQvqYa5QVZbA,-6,badcase,有园艺场景但只是装饰DIY，割草机意图弱
5227,UC7RdsqIiuRgyQbBYeHSc11Q,REER,https://cn--xtb.noxinfluencer.com/youtube/channel/UC7RdsqIiuRgyQbBYeHSc11Q,-10,badcase,工业缝纫机频道，主题与割草机无关，近10条也全不匹配
5228,UCzpzdRS4HnFPpaw8z4aTsXQ,Handy Delights,https://cn--xtb.noxinfluencer.com/youtube/channel/UCzpzdRS4HnFPpaw8z4aTsXQ,-8,badcase,农业/工具有弱相关，但近10条多为工程和DIY，缺少割草机场景
5229,UCdqk9MuZ4_MwoB4ZpbrupPQ,Brown Equipment Company LLC,https://cn--xtb.noxinfluencer.com/youtube/channel/UCdqk9MuZ4_MwoB4ZpbrupPQ,-10,badcase,道路施工机械出售频道，和割草机推广目标不匹配
5230,UCZ-lGoxJdfiPv0pJky7wIKg,TriuBuild,https://cn--xtb.noxinfluencer.com/youtube/channel/UCZ-lGoxJdfiPv0pJky7wIKg,-6,badcase,庭院设计和DIY有弱相关，但内容偏家居改造，割草机相关弱
5231,UCSHhD3mNBEE8lWbo71MHGCw,Mellyslife,https://cn--xtb.noxinfluencer.com/youtube/channel/UCSHhD3mNBEE8lWbo71MHGCw,-15,badcase,ASMR是强格式不匹配，虽有园艺内容，但不适合割草机推广
5232,UC0iUcBFMT7Jlgct23vkxdMg,zxwytools,https://cn--xtb.noxinfluencer.com/youtube/channel/UC0iUcBFMT7Jlgct23vkxdMg,-9,badcase,通用工具切割向，和割草机不够贴合，近10条几乎全不相关
5234,UCBlHJOBcgOb0MIK5Zt4RJjw,Virtual Life,https://cn--xtb.noxinfluencer.com/youtube/channel/UCBlHJOBcgOb0MIK5Zt4RJjw,-25,badcase,肉类烹饪频道，与割草机推广场景完全不符
5235,UCtoTyCPi4t2QjwNG5TBOUvw,9 Plus Us,https://cn--xtb.noxinfluencer.com/youtube/channel/UCtoTyCPi4t2QjwNG5TBOUvw,-10,badcase,娱乐搞笑向，和割草机产品推广关联很弱
5237,UCbjbzA_DgzFCNYKMQNuuxCw,Terick Solutions,https://cn--xtb.noxinfluencer.com/youtube/channel/UCbjbzA_DgzFCNYKMQNuuxCw,-10,badcase,频道内容集中于UTV脚垫，不适合割草机推广
5238,UCPBIo2cyjkCJq85Getng0Pw,Tiny Boat Nation,https://cn--xtb.noxinfluencer.com/youtube/channel/UCPBIo2cyjkCJq85Getng0Pw,-10,badcase,内容全是小艇/船修复，与割草机推广无关
5239,UCpVEx8ZWl2xAKuyUQdI9zdw,HAOYU CNC Weld Equipment Manufacturer,https://cn--xtb.noxinfluencer.com/youtube/channel/UCpVEx8ZWl2xAKuyUQdI9zdw,-25,badcase,频道为焊接设备制造，和割草机推广场景完全不相关
5240,UCSoNEd-XuQhzNIGNO8p3Nqg,Nock Ranch,https://cn--xtb.noxinfluencer.com/youtube/channel/UCSoNEd-XuQhzNIGNO8p3Nqg,-10,badcase,频道偏重柴油车/重型设备维修，与割草机推广缺少直接受众与场景
5241,UC9TD0xqA8ujKpX_tIHjSf-w,NH Tech  Picks,https://cn--xtb.noxinfluencer.com/youtube/channel/UC9TD0xqA8ujKpX_tIHjSf-w,-7,badcase,仅泛商品评测信号，无草坪/园艺内容，近10条均不匹配
5242,UC6dQSdSYsKN8NrCkI2_j3KQ,Gadgets Lab,https://cn--xtb.noxinfluencer.com/youtube/channel/UC6dQSdSYsKN8NrCkI2_j3KQ,-10,badcase,以耳机音频测评为主，与割草机推广几乎无关
5244,UCsoSHFrXgintSzjH9hRbSiA,Diddly Squat Shorts,https://cn--xtb.noxinfluencer.com/youtube/channel/UCsoSHFrXgintSzjH9hRbSiA,-7,badcase,农场短视频有场景相关，但主内容是娱乐剪辑
5245,UCsK2J2K73PBeneXP72GnMlA,Dan Salazar,https://cn--xtb.noxinfluencer.com/youtube/channel/UCsK2J2K73PBeneXP72GnMlA,-10,badcase,越野摩托内容与割草机受众不匹配
5246,UC6R1n1wldKNcsPeaHQ1gSEA,On Tap Podcast,https://cn--xtb.noxinfluencer.com/youtube/channel/UC6R1n1wldKNcsPeaHQ1gSEA,-9,badcase,播客/娱乐短内容为主，只有蓝领泛场景
5247,UCjR7WAROzZjUvpjRADEWpTw,Rebuilding Together,https://cn--xtb.noxinfluencer.com/youtube/channel/UCjR7WAROzZjUvpjRADEWpTw,-10,badcase,公益家修频道，和割草机推广关联弱，近10条也无相关内容
5249,UCAEYnpS5nu5IXEwxZVMD5vQ,Granberg International,https://cn--xtb.noxinfluencer.com/youtube/channel/UCAEYnpS5nu5IXEwxZVMD5vQ,-2,badcase,链锯铣木产品频道，非草坪养护/割草机推广场景
9501,UCBNbyBzs67dXdpvF1rRzj1g,JustDex,https://cn--xtb.noxinfluencer.com/youtube/channel/UCBNbyBzs67dXdpvF1rRzj1g,-10,badcase,无园艺/工具相关信号，近期内容全是卡车生活，明显不匹配
9502,UCEUb8nBLEFq7VboULDfcP-Q,xioali22,https://cn--xtb.noxinfluencer.com/youtube/channel/UCEUb8nBLEFq7VboULDfcP-Q,-10,badcase,无标签命中，近期内容以动物/泛短视频为主，和割草机推广关联弱
9503,UCt9FPR2TKLAFUSeKzeYTkGQ,Incredible Production,https://cn--xtb.noxinfluencer.com/youtube/channel/UCt9FPR2TKLAFUSeKzeYTkGQ,-10,badcase,以制造流程内容为主，和 lawn mower 推广场景不匹配
9504,UCwAVFUjdCg3_8zgA_2fp_xQ,Glooplee,https://cn--xtb.noxinfluencer.com/youtube/channel/UCwAVFUjdCg3_8zgA_2fp_xQ,-22,badcase,以搞笑短视频为主，缺少割草机购买/评测/使用场景，推广格式严重不符
9505,UC8Ycv86VjtqOUyrRzfTB7Ag,Will Grant,https://cn--xtb.noxinfluencer.com/youtube/channel/UC8Ycv86VjtqOUyrRzfTB7Ag,-8,badcase,农场/永续农业仅弱场景，近期多BMX和牲畜内容，缺少割草机推广意图
9506,UC1DVxeBCg2Omad3JFVXh2_w,Artsy Madwoman,https://cn--xtb.noxinfluencer.com/youtube/channel/UC1DVxeBCg2Omad3JFVXh2_w,-10,badcase,手工艺术频道，近期内容均与割草机无关，缺乏园艺购买意图
9507,UCszelk0CQwyc4LUf5zh3vaw,GreenShortz DIY,https://cn--xtb.noxinfluencer.com/youtube/channel/UCszelk0CQwyc4LUf5zh3vaw,-7,badcase,DIY炉具频道，近期内容与割草机推广无关
9508,UCnWwYaOQSKUbX-l8LtvREDw,paman kamera,https://cn--xtb.noxinfluencer.com/youtube/channel/UCnWwYaOQSKUbX-l8LtvREDw,-25,badcase,游戏频道，内容与割草机推广完全错位
9509,UCjYNwKA0W6W5qK4QMyaWqCQ,Uinta Garage,https://cn--xtb.noxinfluencer.com/youtube/channel/UCjYNwKA0W6W5qK4QMyaWqCQ,-7,badcase,汽车改装频道，缺少园艺/割草机消费场景
9511,UCDeupSdgMWUopwUr72Xaydw,Outdoor X Media,https://cn--xtb.noxinfluencer.com/youtube/channel/UCDeupSdgMWUopwUr72Xaydw,-10,badcase,频道以狩猎户外为主，与割草机推广无直接相关
9512,UCIvxBD3Hr8YNjv0VgdrUYjA,Off Camera,https://cn--xtb.noxinfluencer.com/youtube/channel/UCIvxBD3Hr8YNjv0VgdrUYjA,-10,badcase,食物/科技为主，缺少草坪维护或园艺场景
9513,UC71pY6qjenKqkljO9f78G5A,Trokiando,https://cn--xtb.noxinfluencer.com/youtube/channel/UC71pY6qjenKqkljO9f78G5A,-10,badcase,汽车改装/抽奖内容，与草坪机推广无关
9515,UCK62OcWtwGL60NKGAaeWhlg,The Lansing Journal,https://cn--xtb.noxinfluencer.com/youtube/channel/UCK62OcWtwGL60NKGAaeWhlg,-10,badcase,地方新闻/政治频道，不具草坪机推广场景
9516,UCZV6vC3DM5pT-W3v9H_bHqw,Big Guy In a Tiny House,https://cn--xtb.noxinfluencer.com/youtube/channel/UCZV6vC3DM5pT-W3v9H_bHqw,-8,badcase,tiny屋/木屋DIY与居住内容，缺少草坪护理或割草机购买场景
9517,UC3Q3xtd45aS0NlM7ajuMBxQ,Brazucando,https://cn--xtb.noxinfluencer.com/youtube/channel/UC3Q3xtd45aS0NlM7ajuMBxQ,-10,badcase,汽车/车型/拍卖内容为主，与割草机推广关联弱
9518,UCSKPwXoGHpqPtoT0NlRue5w,Doraemobil,https://cn--xtb.noxinfluencer.com/youtube/channel/UCSKPwXoGHpqPtoT0NlRue5w,-35,badcase,ASMR睡眠音频频道，属于物理产品推广格式强错配
9519,UCyBKAlxdW8bUVZTaG13w2-A,Clean  Daily12M,https://cn--xtb.noxinfluencer.com/youtube/channel/UCyBKAlxdW8bUVZTaG13w2-A,-10,badcase,排水清淤内容为主，与割草机场景不匹配
9520,UCY9gskMqxjmbltHHkQ-nh0Q,Bo Vone on tour โบวอน ออนทัวร์,https://cn--xtb.noxinfluencer.com/youtube/channel/UCY9gskMqxjmbltHHkQ-nh0Q,-10,badcase,旅游/集市内容为主，缺少园艺或户外设备相关性
9521,UC4RPcNF4G0zQRHuGO-hBlMQ,2025 Tung,https://cn--xtb.noxinfluencer.com/youtube/channel/UC4RPcNF4G0zQRHuGO-hBlMQ,-10,badcase,穿搭试穿频道，受众与割草机购买场景不符
9522,UCKBHqCA8Qx9Y2LvwEkRPHGg,Tino Reviews,https://cn--xtb.noxinfluencer.com/youtube/channel/UCKBHqCA8Qx9Y2LvwEkRPHGg,-10,badcase,频道以数码评测为主，与割草机推广无直接相关，近10条内容也基本不匹配
9523,UCiqvKH1Ib_VPwh9bQf_hlXQ,Székely Vegán,https://cn--xtb.noxinfluencer.com/youtube/channel/UCiqvKH1Ib_VPwh9bQf_hlXQ,-1,badcase,频道以素食、旅行、装修生活为主，仅少量园艺场景，缺少割草机推广意图
9524,UCEMJJ4sL1TRKKSkU6vGASsA,Recko Pick Reviews,https://cn--xtb.noxinfluencer.com/youtube/channel/UCEMJJ4sL1TRKKSkU6vGASsA,-10,badcase,内容集中在小家电和日常数码，和割草机推广几乎无关
9525,UChKfN-xf_gY5ZJyIo4pjyBA,"Johnson County Chem-Dry, Carpet and Tile Cleaning",https://cn--xtb.noxinfluencer.com/youtube/channel/UChKfN-xf_gY5ZJyIo4pjyBA,-10,badcase,频道是地毯清洁服务，和割草机推广几乎无关，近10条也全是清洁内容
9526,UCOAirGxe_-SGQisKWBDPrew,DJcityTV,https://cn--xtb.noxinfluencer.com/youtube/channel/UCOAirGxe_-SGQisKWBDPrew,-18,badcase,音乐DJ频道，近期内容全是DJ相关，和割草机推广无关
9527,UCEKTY9F7Ke7vbn84xi34p8w,Dave Doc DIY,https://cn--xtb.noxinfluencer.com/youtube/channel/UCEKTY9F7Ke7vbn84xi34p8w,-8,badcase,家装维修相关但缺少割草机/园艺场景，近期内容也全不匹配
9528,UCEUnRt9MycXceBnJEKxbXYw,RICARDO BIG JUNK USA,https://cn--xtb.noxinfluencer.com/youtube/channel/UCEUnRt9MycXceBnJEKxbXYw,-10,badcase,搬运捡漏娱乐向，和割草机推广几乎无关
9529,UCJEZbH54Wn2CrTyD3hfgBoA,GYPT Audio Library,https://cn--xtb.noxinfluencer.com/youtube/channel/UCJEZbH54Wn2CrTyD3hfgBoA,-25,badcase,故事/动画/音频向，属于明显内容格式不匹配
9530,UCMlCL4dUe47zE34SHDc0UgA,Just BONDit,https://cn--xtb.noxinfluencer.com/youtube/channel/UCMlCL4dUe47zE34SHDc0UgA,-9,badcase,汽车娱乐频道，只有弱机械泛关联，缺少园艺/工具购买意图
9531,UC6V8fWcLr4Bl5CIhgyQ9NnA,Wilderness Build Quest,https://cn--xtb.noxinfluencer.com/youtube/channel/UC6V8fWcLr4Bl5CIhgyQ9NnA,-9,badcase,原始建造/生存内容，与割草机推广场景不匹配
9532,UCe1cQHQte3Nmc7lyhukf99Q,Technical Omor,https://cn--xtb.noxinfluencer.com/youtube/channel/UCe1cQHQte3Nmc7lyhukf99Q,-10,badcase,科技评测为主，和割草机类目不符，近期内容也无园艺/草坪相关
9533,UCtXzbmrxYh_96lXmHfiMs8A,Mind Your Business! with Donna,https://cn--xtb.noxinfluencer.com/youtube/channel/UCtXzbmrxYh_96lXmHfiMs8A,-10,badcase,商业建议频道，缺少割草机推广所需的家居/园艺场景
9534,UCKEnWYzWM_6vHDcg5pU4ohg,Rea Hul Style,https://cn--xtb.noxinfluencer.com/youtube/channel/UCKEnWYzWM_6vHDcg5pU4ohg,-10,badcase,娱乐/音频与工程混合，和割草机推广场景关联弱
9535,UCsYhhwrUY1UTyImgjyh-KQw,Tre Bonsai,https://cn--xtb.noxinfluencer.com/youtube/channel/UCsYhhwrUY1UTyImgjyh-KQw,-10,badcase,盆景与种植频道偏植物内容，和草坪机推广关联不强
9537,UCM_8Mv-0S1LnnJpRJLjahaw,Minimal 3DP,https://cn--xtb.noxinfluencer.com/youtube/channel/UCM_8Mv-0S1LnnJpRJLjahaw,-10,badcase,3D打印技术频道，与割草机推广场景无关，近10条也都不匹配
9538,UCf4ot_-G5W1amgr-jn8zmZA,Warrior Technology,https://cn--xtb.noxinfluencer.com/youtube/channel/UCf4ot_-G5W1amgr-jn8zmZA,-25,badcase,军事内容与割草机人群不符，且近10条全部为军武题材
9539,UCgnM3P4sP_BPe2GB8taeDiQ,Ceejayfadez,https://cn--xtb.noxinfluencer.com/youtube/channel/UCgnM3P4sP_BPe2GB8taeDiQ,-22,badcase,ASMR/满意感剪发频道，对割草机这类实体工具有明显格式错配
9540,UCatYwiGeMTfwtAfz6nBHdRQ,Hoopties Garage,https://cn--xtb.noxinfluencer.com/youtube/channel/UCatYwiGeMTfwtAfz6nBHdRQ,-10,badcase,汽车维修频道与割草机推广仅有很弱场景联想，近10条也不匹配
9541,UCpY4NCEWK3XDMmLRJMD-HwA,Fidphil,https://cn--xtb.noxinfluencer.com/youtube/channel/UCpY4NCEWK3XDMmLRJMD-HwA,-10,badcase,卡车短视频频道偏泛娱乐，不具备割草机推广所需的产品语境
9542,UCCHLrCVLcLyZNlI8QDdJH1Q,Wiley's Scale Modeling,https://cn--xtb.noxinfluencer.com/youtube/channel/UCCHLrCVLcLyZNlI8QDdJH1Q,-10,badcase,近期全是模型制作内容，与割草机推广无关
9543,UCHS4EQskJx1-opNI41n1Tsg,William Quinn,https://cn--xtb.noxinfluencer.com/youtube/channel/UCHS4EQskJx1-opNI41n1Tsg,-10,badcase,内容偏车辆杂谈，缺少园艺或工具购买语境
9544,UCkOCz1FIv5SCFbLc9tiAMng,Log's Carving Club,https://cn--xtb.noxinfluencer.com/youtube/channel/UCkOCz1FIv5SCFbLc9tiAMng,-10,badcase,DIY木工频道为主，近期内容与割草机毫无关联
9545,UCbMJuChLfqeXCgEmmciKZxA,Real Responders,https://cn--xtb.noxinfluencer.com/youtube/channel/UCbMJuChLfqeXCgEmmciKZxA,-25,badcase,犯罪纪录片频道，题材和受众都不适合推广割草机
9546,UCnJXPMVo3sWrV46lmlZ7mhA,Andrew DeBuck,https://cn--xtb.noxinfluencer.com/youtube/channel/UCnJXPMVo3sWrV46lmlZ7mhA,-10,badcase,以卡车改装和柴油车为主，与割草机推广场景偏离
9547,UCpZXtKmvbQC2cfdukN190yA,Hamma Down Enterprises,https://cn--xtb.noxinfluencer.com/youtube/channel/UCpZXtKmvbQC2cfdukN190yA,-10,badcase,重型工程/拖运频道，几乎不涉草坪养护，近10条均不匹配
9548,UC5Qxp-SWJ_zV1evc68w6SKg,eBike Inspection,https://cn--xtb.noxinfluencer.com/youtube/channel/UC5Qxp-SWJ_zV1evc68w6SKg,-10,badcase,电助力自行车评测频道，与割草机受众无关，近期内容全不匹配
9549,UClcIv3ImWoiTOW1PkW0umaA,Trato Hecho Motor,https://cn--xtb.noxinfluencer.com/youtube/channel/UClcIv3ImWoiTOW1PkW0umaA,-10,badcase,汽车保养维修频道，和草坪机购买/使用场景关联很弱
9550,UChkju8myQ5wivIlY5IE93DQ,Blue Collar Luxe,https://cn--xtb.noxinfluencer.com/youtube/channel/UChkju8myQ5wivIlY5IE93DQ,-10,badcase,手表内容频道，和草坪机完全无关，近期全部是手表
9551,UC7UcsaxphNwle6QK83-FNxQ,Argan Lovely,https://cn--xtb.noxinfluencer.com/youtube/channel/UC7UcsaxphNwle6QK83-FNxQ,-9,badcase,泛产品评测号，虽有购买评测语境，但近期内容与草坪机无关
9552,UC8tj4xRcsuZmtudHJDDGzgg,Team Throttle Monster,https://cn--xtb.noxinfluencer.com/youtube/channel/UC8tj4xRcsuZmtudHJDDGzgg,-20,badcase,怪兽卡车/赛车内容与割草机推广场景不符，近期内容全不相关
9553,UCEjEAxdJLOg4k854j-oESfQ,That Works,https://cn--xtb.noxinfluencer.com/youtube/channel/UCEjEAxdJLOg4k854j-oESfQ,-9,badcase,黑smith/刀剑内容与割草机无关，仅有泛化教程标签，近期也不匹配
9554,UCxt_3fh3JFSbsMld3ZYz0fg,The Jeep Guy,https://cn--xtb.noxinfluencer.com/youtube/channel/UCxt_3fh3JFSbsMld3ZYz0fg,-20,badcase,Jeep越野内容偏汽车收藏，不适合割草机投放，近期全不相关
9555,UC2ZwzRIDfSTN-o5Hbt4xQSg,alex hodschayan,https://cn--xtb.noxinfluencer.com/youtube/channel/UC2ZwzRIDfSTN-o5Hbt4xQSg,-20,badcase,Jeep改装/安装向频道与割草机受众不一致，近期内容也不匹配
9556,UCScQZ0eVeXrAgbkur8j0w3Q,Hand Built Cars,https://cn--xtb.noxinfluencer.com/youtube/channel/UCScQZ0eVeXrAgbkur8j0w3Q,-20,badcase,整车改装频道与园艺割草机推广场景不符，近期内容全不相关
9557,UCYxlE_lJ0J1CCfQAX3inMxQ,Phân Phối Điều Khiển tivi,https://cn--xtb.noxinfluencer.com/youtube/channel/UCYxlE_lJ0J1CCfQAX3inMxQ,-10,badcase,频道内容聚焦电视/空调遥控器，与割草机推广完全不相关
9558,UCcyxLmp6n9sBcYiIfOK9MqQ,Santana Outdoors,https://cn--xtb.noxinfluencer.com/youtube/channel/UCcyxLmp6n9sBcYiIfOK9MqQ,-8,badcase,频道以棒球和日常内容为主，近10条多为不相关内容，缺少草坪机推广场景
9559,UC-6qK5suZcTV_U_DmJialDw,Columbia Water Gardens,https://cn--xtb.noxinfluencer.com/youtube/channel/UC-6qK5suZcTV_U_DmJialDw,-10,badcase,频道主线是水景/池塘施工，近期内容与割草机推广无关
9560,UCDFdwkuxaKrSyC2Lqpua7Kw,Gruntreviews,https://cn--xtb.noxinfluencer.com/youtube/channel/UCDFdwkuxaKrSyC2Lqpua7Kw,-20,badcase,频道是枪械评测，近期内容全是武器/配件开箱，与割草机推广无关
9561,UC38lWTngE2a0c1DG1YP9ohw,CruisinWithKevin,https://cn--xtb.noxinfluencer.com/youtube/channel/UC38lWTngE2a0c1DG1YP9ohw,-10,badcase,经典汽车频道，近期全是汽车内容，无割草机或园艺促销相关信号
9562,UCIq6BJ18-Xnff3_Jpj6PTTA,Mandyland Hawaii,https://cn--xtb.noxinfluencer.com/youtube/channel/UCIq6BJ18-Xnff3_Jpj6PTTA,-10,badcase,艺术/贴纸频道，近10条都不支持割草机推广
9563,UCg8MxKRzMw0gYcIVnxzeMZA,Ramsey Laser Press Brake,https://cn--xtb.noxinfluencer.com/youtube/channel/UCg8MxKRzMw0gYcIVnxzeMZA,-9,badcase,机加工频道，仅一条割草机维修提及，不适合推广
9564,UCJZFA-Wm_rsoICR4HM3eWXQ,Apon. com,https://cn--xtb.noxinfluencer.com/youtube/channel/UCJZFA-Wm_rsoICR4HM3eWXQ,-10,badcase,CNC木工/教程频道，与割草机推广受众不符
9565,UCBbLbohjIKMvWu_nLFgObjQ,Dr Hybrid,https://cn--xtb.noxinfluencer.com/youtube/channel/UCBbLbohjIKMvWu_nLFgObjQ,-25,badcase,汽车/EV维修频道，和割草机销售场景明显不一致
9566,UCeJZk7Ejz5PORILDc7QijaQ,Kryptinite,https://cn--xtb.noxinfluencer.com/youtube/channel/UCeJZk7Ejz5PORILDc7QijaQ,-10,badcase,游戏/开箱频道，和割草机推广无关
9567,UCGySuD62TAVVaKKB5-rogqw,CIVIL3D,https://cn--xtb.noxinfluencer.com/youtube/channel/UCGySuD62TAVVaKKB5-rogqw,-10,badcase,频道内容是土木工程教学，最近10条全不相关，不适合推广割草机
9568,UC5jch5b_prBdRlmXc_sJ3mQ,DrMatt357,https://cn--xtb.noxinfluencer.com/youtube/channel/UC5jch5b_prBdRlmXc_sJ3mQ,-10,badcase,剃刀打磨频道，与割草机推广无关，近10条内容也都不匹配
9569,UCLpQUHyqHxDrjrqmumAc3cQ,Blazin’ Biddles’ Off-Road,https://cn--xtb.noxinfluencer.com/youtube/channel/UCLpQUHyqHxDrjrqmumAc3cQ,-20,badcase,越野车频道，与割草机推广场景明显不相关
9570,UCC5t5V-mfvBMR23Xao4vAtg,CarlosGuzman VLOG,https://cn--xtb.noxinfluencer.com/youtube/channel/UCC5t5V-mfvBMR23Xao4vAtg,-10,badcase,无割草机相关标签或内容，近期以VLOG/配送为主，推广相关性很低
9571,UCU9O3C2utSGCP5VCKUdOcuw,Vibin With Pops,https://cn--xtb.noxinfluencer.com/youtube/channel/UCU9O3C2utSGCP5VCKUdOcuw,-20,badcase,频道为舞蹈/娱乐短视频，缺少园林机械购买或测评语境
9573,UCuvXhEjN5bXLt8O_iFfUKtQ,"National Equipment Dealers, LLC",https://cn--xtb.noxinfluencer.com/youtube/channel/UCuvXhEjN5bXLt8O_iFfUKtQ,-10,badcase,重型工程设备频道，近期内容与家用割草机不匹配
9574,UCi3X1QY_uE_6XC0J3oWyYPQ,Broken Dreams Reborn,https://cn--xtb.noxinfluencer.com/youtube/channel/UCi3X1QY_uE_6XC0J3oWyYPQ,-10,badcase,RV旅行生活频道，和割草机推广几乎无关
9575,UC57GYcGcyutWPPdzNDu3ytQ,"R.C. Worst & Co., Inc.",https://cn--xtb.noxinfluencer.com/youtube/channel/UC57GYcGcyutWPPdzNDu3ytQ,-10,badcase,井泵/水处理内容，与割草机受众和场景不相关
9576,UCdw1GVKUb-tHU4Wcj6hCe8g,The SCRAPYARD - EXTRA,https://cn--xtb.noxinfluencer.com/youtube/channel/UCdw1GVKUb-tHU4Wcj6hCe8g,-25,badcase,格斗娱乐频道，题材与割草机推广明显冲突
9577,UCl98dQ2cip9h-FHMQpSJA5A,Hunter Constantine,https://cn--xtb.noxinfluencer.com/youtube/channel/UCl98dQ2cip9h-FHMQpSJA5A,-10,badcase,枪械射击频道，受众和割草机推广场景完全不符
9578,UC84WPWtBo_JzI6wT1L1RBqQ,David Build Vlogzz,https://cn--xtb.noxinfluencer.com/youtube/channel/UC84WPWtBo_JzI6wT1L1RBqQ,-10,badcase,汽车维修改装频道，与园林割草机受众不匹配
9579,UCjz0zY2w394zerdcK4Cji5A,POD x GROW,https://cn--xtb.noxinfluencer.com/youtube/channel/UCjz0zY2w394zerdcK4Cji5A,-25,badcase,喜剧播客为主，娱乐属性强，和割草机推广无关
9580,UCgCn2qlQybC_nAxM1_oHcsA,Louisiana Sky Watch,https://cn--xtb.noxinfluencer.com/youtube/channel/UCgCn2qlQybC_nAxM1_oHcsA,-10,badcase,天气加宠物内容为主，缺少割草机购买或使用语境
9581,UC0HcyFvFuQSER2QD3bytRTA,Endless Wishlist,https://cn--xtb.noxinfluencer.com/youtube/channel/UC0HcyFvFuQSER2QD3bytRTA,-10,badcase,皮卡改装频道，和割草机产品推广关联很弱
9582,UCcpZHXnhLRTLTw-1d0XdQXg,Two Meter Young Man,https://cn--xtb.noxinfluencer.com/youtube/channel/UCcpZHXnhLRTLTw-1d0XdQXg,-10,badcase,数码办公测评频道，无园艺/割草机相关内容，近10条均不匹配
9583,UCwp1fSEHETHkIpBIjoW9fPw,Denver Casivant,https://cn--xtb.noxinfluencer.com/youtube/channel/UCwp1fSEHETHkIpBIjoW9fPw,-18,badcase,娱乐剧情占主导，只有少量种植内容，不适合割草机推广
9585,UChOIXNCqFEhaFIJO473bDeA,KiraGDS,https://cn--xtb.noxinfluencer.com/youtube/channel/UChOIXNCqFEhaFIJO473bDeA,-25,badcase,ROBLOX游戏频道，内容与割草机推广完全错位
9586,UCRZavtaZy0Goqs9oQ3nCGhA,dakalpster,https://cn--xtb.noxinfluencer.com/youtube/channel/UCRZavtaZy0Goqs9oQ3nCGhA,-25,badcase,游戏加长时氛围音，属于强格式错位，不适合实体产品推广
9587,UCE_f4uGdIz1jQ2nEtsQNpsA,grehbrehre,https://cn--xtb.noxinfluencer.com/youtube/channel/UCE_f4uGdIz1jQ2nEtsQNpsA,-10,badcase,无相关标签且近10条全是娱乐内容，和割草机推广不符
9589,UC9r4rNHPOIYFfTpHb4rky3Q,Test VRA1,https://cn--xtb.noxinfluencer.com/youtube/channel/UC9r4rNHPOIYFfTpHb4rky3Q,-20,badcase,娱乐短内容为主，割草机推广不匹配
9590,UCCUlRurQ1AslUHEs-XTCy9g,Steve Allen Films Outdoors,https://cn--xtb.noxinfluencer.com/youtube/channel/UCCUlRurQ1AslUHEs-XTCy9g,-10,badcase,机车露营频道，和割草机推广关联弱
9591,UCCn8o_wQNpOWGvqAcCAF86g,Barnyard Buildz,https://cn--xtb.noxinfluencer.com/youtube/channel/UCCn8o_wQNpOWGvqAcCAF86g,-20,badcase,汽车改装频道，和割草机推广明显错位
9592,UCs_Llu6Ee-_LJ7MpZSp70dg,MissExclusive4,https://cn--xtb.noxinfluencer.com/youtube/channel/UCs_Llu6Ee-_LJ7MpZSp70dg,-10,badcase,以美食/育儿/宠物为主，和割草机推广无关，近期内容多不匹配
9594,UCElpHkix60CYzq52zXyi8ww,Benz Hunter,https://cn--xtb.noxinfluencer.com/youtube/channel/UCElpHkix60CYzq52zXyi8ww,-10,badcase,汽车拆车内容，和割草机人群与场景都不相关，近期也全不匹配
9595,UCm4FiaFJa1BzwIwQ6VjPwqg,The Horsepower Monster,https://cn--xtb.noxinfluencer.com/youtube/channel/UCm4FiaFJa1BzwIwQ6VjPwqg,-10,badcase,发动机/汽车性能频道，非家用园艺设备受众，近期内容不匹配
9596,UCtuDKgg79rmYmcudORZhF7w,Sweetie World,https://cn--xtb.noxinfluencer.com/youtube/channel/UCtuDKgg79rmYmcudORZhF7w,-25,badcase,动画脑洞娱乐频道，属于强格式错配，和割草机推广完全不适合
9597,UCoRap5thrXhU2B7WUMpuC8Q,Navarre Kayak Fishing,https://cn--xtb.noxinfluencer.com/youtube/channel/UCoRap5thrXhU2B7WUMpuC8Q,-10,badcase,钓鱼/皮划艇频道，和割草机推广无关，近10条全不匹配
9598,UClrh1jZkahME6t5INdQDo0A,Creative Pallet Ideas,https://cn--xtb.noxinfluencer.com/youtube/channel/UClrh1jZkahME6t5INdQDo0A,-9,badcase,花园木托盘DIY频道，可借景但缺少割草机购买/使用意图
9599,UC7G4tLa4Kt6A9e3hJ-HO8ng,DrZzs,https://cn--xtb.noxinfluencer.com/youtube/channel/UC7G4tLa4Kt6A9e3hJ-HO8ng,-10,badcase,智能家居/LED控制频道，与割草机推广关联弱，近10条全不匹配
9600,UCyTJvoYqg5ng2sNNPQAaCbw,History's End,https://cn--xtb.noxinfluencer.com/youtube/channel/UCyTJvoYqg5ng2sNNPQAaCbw,-10,badcase,历史/案件/处决类内容，属于强娱乐叙事，不适合割草机推广
9601,UCZtvhNmgQB4LsutpJDLoohA,Crisis Archives,https://cn--xtb.noxinfluencer.com/youtube/channel/UCZtvhNmgQB4LsutpJDLoohA,-10,badcase,机车反应/恶搞类短内容，娱乐导向强，不适合割草机推广
9602,UCN5BKHi2S4uIoodL4rzkkvg,Grace Monroe Home,https://cn--xtb.noxinfluencer.com/youtube/channel/UCN5BKHi2S4uIoodL4rzkkvg,-9,badcase,手作花环/家居装饰频道，与草坪机推广场景不匹配
9604,UC4xN2fR45tG0M2Fm1w4PPTg,RV Odd Couple,https://cn--xtb.noxinfluencer.com/youtube/channel/UC4xN2fR45tG0M2Fm1w4PPTg,-9,badcase,RV生活受众偏旅行居住，不适合草坪机推广
9605,UCV-TWP5_G8DgCDbsTObvL-Q,Dirt Complex,https://cn--xtb.noxinfluencer.com/youtube/channel/UCV-TWP5_G8DgCDbsTObvL-Q,-24,badcase,越野/拖车配件频道，和草坪机受众重合度很低
9606,UC6eUcyxLt2h19mIQ2HsRQmQ,Challenger 3985 Productions,https://cn--xtb.noxinfluencer.com/youtube/channel/UC6eUcyxLt2h19mIQ2HsRQmQ,-25,badcase,火车科普娱乐频道，和草坪机推广完全不相干
9607,UC3Gd8SScDPFkHG0dPvf1BQA,My Patriot Supply,https://cn--xtb.noxinfluencer.com/youtube/channel/UC3Gd8SScDPFkHG0dPvf1BQA,-10,badcase,生存/备灾频道，近10条内容与割草机推广无关
9608,UCoRB9ZfKXVA-kXE9C7yTmvw,Martin V97,https://cn--xtb.noxinfluencer.com/youtube/channel/UCoRB9ZfKXVA-kXE9C7yTmvw,-25,badcase,游戏频道为主，内容形态与割草机促销明显不匹配
9609,UCnUzTUEK6Xvcpa1a83OOv1w,RENON POWER,https://cn--xtb.noxinfluencer.com/youtube/channel/UCnUzTUEK6Xvcpa1a83OOv1w,-10,badcase,储能能源频道，和割草机推广缺少直接场景连接
9610,UCYODKRVr3lR0ukADJ0AMXVA,Big Birge Plumbing | Omaha’s Favorite Plumbers,https://cn--xtb.noxinfluencer.com/youtube/channel/UCYODKRVr3lR0ukADJ0AMXVA,-9,badcase,管道维修本位频道，与割草机推广场景不符
9611,UCzoKk-c7y3c8wjkkxjVnkxA,MetRighteous TV,https://cn--xtb.noxinfluencer.com/youtube/channel/UCzoKk-c7y3c8wjkkxjVnkxA,-25,badcase,游戏/约会内容为主，和割草机促销明显不符
9612,UCIxNYWrCdqgcAVnoYun-aVA,GearsNTools,https://cn--xtb.noxinfluencer.com/youtube/channel/UCIxNYWrCdqgcAVnoYun-aVA,-10,badcase,工具频道但无割草机相关，近10条全是手电和电池评测，明显不匹配
9613,UCvGf45MCmVV1FjCXYiYfjzw,Will’s 69 Charger,https://cn--xtb.noxinfluencer.com/youtube/channel/UCvGf45MCmVV1FjCXYiYfjzw,-10,badcase,汽车修复频道与割草机推广无直接相关，最近内容也全是车辆维修
9614,UC9reWYgFhwQaxOTueKR14ZQ,Coil winding machine,https://cn--xtb.noxinfluencer.com/youtube/channel/UC9reWYgFhwQaxOTueKR14ZQ,-10,badcase,工业绕线机频道，与家用割草机推广场景不相关，近期内容也全是设备生产
9615,UCnsl_FEi_XTKkwhJ8hkvI1g,Sizga Foydali,https://cn--xtb.noxinfluencer.com/youtube/channel/UCnsl_FEi_XTKkwhJ8hkvI1g,-10,badcase,果雕教程频道与割草机受众不符，最近10条内容均为水果雕刻
9616,UC4lJNKQCSlrF_siPiSFTLcg,Carve Fruit,https://cn--xtb.noxinfluencer.com/youtube/channel/UC4lJNKQCSlrF_siPiSFTLcg,-10,badcase,果蔬雕刻频道，与割草机推广无关，近期内容完全不匹配
9618,UC1cbNAm1Ldnpzj1oXS-mFBg,Sony Box Bass,https://cn--xtb.noxinfluencer.com/youtube/channel/UC1cbNAm1Ldnpzj1oXS-mFBg,-25,badcase,音乐/音频测试频道，和割草机推广场景明显不匹配
9619,UCXForyVTdaoE50diO6znW4w,SF PV,https://cn--xtb.noxinfluencer.com/youtube/channel/UCXForyVTdaoE50diO6znW4w,-25,badcase,频道主打无人机竞速/游戏，与割草机推广场景不符，近10条无相关内容
9620,UChH1LTsB4IzJ_qiTh23_pJQ,Let's Be Techs,https://cn--xtb.noxinfluencer.com/youtube/channel/UChH1LTsB4IzJ_qiTh23_pJQ,0,badcase,HVAC维修技术号，与割草机推广无关，近期内容也无匹配
9621,UCIXlmjr0zIqcDBE46QJEXBw,Brown's Professional Carpet Care,https://cn--xtb.noxinfluencer.com/youtube/channel/UCIXlmjr0zIqcDBE46QJEXBw,-24,badcase,ASMR清洁频道，近期内容均与割草机推广不符
9622,UCiyd_BfSCLFzf0jA-At4eQg,Erica Zhang,https://cn--xtb.noxinfluencer.com/youtube/channel/UCiyd_BfSCLFzf0jA-At4eQg,-10,badcase,打印机/印刷业务，和割草机推广无关，近期内容完全不匹配
9623,UCXjEXQtIPMH9zsxLFDV12HQ,MrKistel,https://cn--xtb.noxinfluencer.com/youtube/channel/UCXjEXQtIPMH9zsxLFDV12HQ,-8,badcase,DIY家装可稍沾边，但无草坪/园艺意图，近期内容不对题
9624,UCe7tAfff_6PIfMk58x9pycg,Backroad 4X4,https://cn--xtb.noxinfluencer.com/youtube/channel/UCe7tAfff_6PIfMk58x9pycg,-10,badcase,越野车频道，场景偏车辆和路途，和割草机购买推广无关
9625,UCTAcwQyNocWXiMjZv0kF8gA,TGR Supply,https://cn--xtb.noxinfluencer.com/youtube/channel/UCTAcwQyNocWXiMjZv0kF8gA,-10,badcase,vape/烟草频道，产品域明显偏离割草机，近期内容也不匹配
9626,UCurdHk4T6Vx77EkDWmVJ7ig,Automobile Restoration and Training,https://cn--xtb.noxinfluencer.com/youtube/channel/UCurdHk4T6Vx77EkDWmVJ7ig,-10,badcase,经典车修复频道，机械相关但非草坪设备受众，推广相关性弱
9627,UCCLS6xM1KiBPFkCpwfyA-uA,FIRST SERGEANT DK,https://cn--xtb.noxinfluencer.com/youtube/channel/UCCLS6xM1KiBPFkCpwfyA-uA,-25,badcase,枪械/自卫内容，与割草机推广完全不符，近期内容也无关
9628,UCaYYIODdh-84JQP_E6XhNfA,ExtraorDinarylle 🤖,https://cn--xtb.noxinfluencer.com/youtube/channel/UCaYYIODdh-84JQP_E6XhNfA,-10,badcase,美食整活频道，与园林工具推广无关，近期内容全是食物挑战
9629,UCFNUt52dC11biEJ1GVufRTA,Respect World 99+,https://cn--xtb.noxinfluencer.com/youtube/channel/UCFNUt52dC11biEJ1GVufRTA,-25,badcase,频道标签偏宗教/状态短视频，近期仅植物园艺无割草机推广意图
9630,UCLdHgh__Ic0eWJw4ZksBSMg,Time with T.H.E. Eddie Horvath,https://cn--xtb.noxinfluencer.com/youtube/channel/UCLdHgh__Ic0eWJw4ZksBSMg,-10,badcase,锯木/木工频道，和割草机的园艺维护场景不匹配
9631,UCVm0Xh7aJgNQDImMHpOcPVQ,Opus IVS,https://cn--xtb.noxinfluencer.com/youtube/channel/UCVm0Xh7aJgNQDImMHpOcPVQ,-10,badcase,汽车诊断频道，和割草机推广场景不匹配，近期也全是车修内容
9632,UC27UCyyWLdudnzMz8kWPAOw,Mark Brenner,https://cn--xtb.noxinfluencer.com/youtube/channel/UC27UCyyWLdudnzMz8kWPAOw,-10,badcase,卡车改装频道，和割草机推广没有直接相关
9633,UCaZniNthFHrS9N2sUzlm4Jg,Corsetti Cruisers,https://cn--xtb.noxinfluencer.com/youtube/channel/UCaZniNthFHrS9N2sUzlm4Jg,-10,badcase,越野修复内容偏汽车，缺少园艺/割草场景
9634,UCuQJ3kqWCCZy5xHrY-GfWFA,Kindercanary,https://cn--xtb.noxinfluencer.com/youtube/channel/UCuQJ3kqWCCZy5xHrY-GfWFA,-20,badcase,娱乐短视频为主，近期内容与产品推广完全不搭
9635,UCQ260tAlGefhBoyXm81IOig,Grease & Gears,https://cn--xtb.noxinfluencer.com/youtube/channel/UCQ260tAlGefhBoyXm81IOig,-10,badcase,老年故事与汽车资讯混合，和割草机推广弱相关
9637,UCSw3q0OPyWJcu9ZJe35N6wA,CraigShipp.com,https://cn--xtb.noxinfluencer.com/youtube/channel/UCSw3q0OPyWJcu9ZJe35N6wA,-11,badcase,频道偏比特币和杂项生活内容，缺少草坪护理或割草机推广语境
9638,UC7dNOJUxl0O89jpJyfiyK4w,Devan Chance,https://cn--xtb.noxinfluencer.com/youtube/channel/UC7dNOJUxl0O89jpJyfiyK4w,-10,badcase,卡车改装和越野内容为主，和割草机人群重叠很低
9640,UC8lfKL5ByE9VoEdD5jE71Qg,Jiecang_Global,https://cn--xtb.noxinfluencer.com/youtube/channel/UC8lfKL5ByE9VoEdD5jE71Qg,-10,badcase,企业健康/办公设备内容，和割草机推广几乎无关
9641,UCgPltBIkzxcgYLuRt2yYBQg,Jon Lach,https://cn--xtb.noxinfluencer.com/youtube/channel/UCgPltBIkzxcgYLuRt2yYBQg,-20,badcase,音乐说唱频道，娱乐属性强，与割草机推广场景明显不符
9642,UCulPfInm4nfwEgX2jXwz4Ig,Globally Cars,https://cn--xtb.noxinfluencer.com/youtube/channel/UCulPfInm4nfwEgX2jXwz4Ig,-7,badcase,汽车维修受众偏离割草机购买场景，近10条内容全不相关
9643,UCbhEPKT-AVymse7W7KeH5ng,ChopShop Media Works,https://cn--xtb.noxinfluencer.com/youtube/channel/UCbhEPKT-AVymse7W7KeH5ng,-10,badcase,广告制作频道不是割草机受众，近期也无园艺或工具内容
9644,UCNRep22JoiZCsmZ6AOdzVtQ,360DigitalStudios,https://cn--xtb.noxinfluencer.com/youtube/channel/UCNRep22JoiZCsmZ6AOdzVtQ,-35,badcase,娱乐影视内容主导，属于明显的割草机推广错位
9646,UCgnNuv0GhwPY3uGUo1Ma2aw,Master Process,https://cn--xtb.noxinfluencer.com/youtube/channel/UCgnNuv0GhwPY3uGUo1Ma2aw,-8,badcase,制造过程频道偏工厂展示，和割草机购买推广关联弱
9647,UCam5-STAaS2ddkKEYF9w8RA,Koolin’ with Krauss,https://cn--xtb.noxinfluencer.com/youtube/channel/UCam5-STAaS2ddkKEYF9w8RA,-10,badcase,HVAC维修蓝领向，与割草机无直接相关，近10条全不匹配
9648,UC1hxdfyX8OsSMfg3JzMWk1A,Elvis Chibundu,https://cn--xtb.noxinfluencer.com/youtube/channel/UC1hxdfyX8OsSMfg3JzMWk1A,-25,badcase,游戏/电脑教程频道，主题与割草机推广明显不符，近10条全不匹配
9649,UCzWUdALtEGxOJsYKYLC1DKA,gitanjali laishram,https://cn--xtb.noxinfluencer.com/youtube/channel/UCzWUdALtEGxOJsYKYLC1DKA,-10,badcase,生活/mukbang频道，缺少园艺或家电购买意图，近10条全不匹配
9650,UCDuOBj4cuOzyiKwvSixtr8A,panchoelmichoacano2,https://cn--xtb.noxinfluencer.com/youtube/channel/UCDuOBj4cuOzyiKwvSixtr8A,-10,badcase,音乐+宠物向，和割草机推广不搭，近10条内容都不相关
9651,UCDFdwkuxaKrSyC2Lqpua7Kw,Gruntreviews,https://cn--xtb.noxinfluencer.com/youtube/channel/UCDFdwkuxaKrSyC2Lqpua7Kw,-10,badcase,枪械测评频道，虽有Product Review但受众偏军迷，和割草机不匹配
9652,UCIq6BJ18-Xnff3_Jpj6PTTA,Mandyland Hawaii,https://cn--xtb.noxinfluencer.com/youtube/channel/UCIq6BJ18-Xnff3_Jpj6PTTA,-10,badcase,艺术/美妆频道与割草机推广无关，近期10条均不匹配
9653,UCg8MxKRzMw0gYcIVnxzeMZA,Ramsey Laser Press Brake,https://cn--xtb.noxinfluencer.com/youtube/channel/UCg8MxKRzMw0gYcIVnxzeMZA,-10,badcase,核心是压弯机/金工维修，和割草机推广不匹配
9654,UCJZFA-Wm_rsoICR4HM3eWXQ,Apon. com,https://cn--xtb.noxinfluencer.com/youtube/channel/UCJZFA-Wm_rsoICR4HM3eWXQ,-10,badcase,CNC木工频道，与割草机产品和使用场景无关
9655,UCBbLbohjIKMvWu_nLFgObjQ,Dr Hybrid,https://cn--xtb.noxinfluencer.com/youtube/channel/UCBbLbohjIKMvWu_nLFgObjQ,-10,badcase,汽车维修频道，和割草机只有很弱机械重叠
9656,UCeJZk7Ejz5PORILDc7QijaQ,Kryptinite,https://cn--xtb.noxinfluencer.com/youtube/channel/UCeJZk7Ejz5PORILDc7QijaQ,-10,badcase,游戏开箱杂谈频道，与割草机推广无关
9657,UCcaiVwbpl4IQTirbnNN3w7Q,Funny Country Women,https://cn--xtb.noxinfluencer.com/youtube/channel/UCcaiVwbpl4IQTirbnNN3w7Q,-25,badcase,乡村娱乐短视频，题材与割草机推广完全不匹配
9658,UCY8M5DPzfCnbjcWU5BAYvQg,iGadgets,https://cn--xtb.noxinfluencer.com/youtube/channel/UCY8M5DPzfCnbjcWU5BAYvQg,-35,badcase,Excel软件教学与随机娱乐短视频，缺少园艺割草机推广场景
9659,UC5jch5b_prBdRlmXc_sJ3mQ,DrMatt357,https://cn--xtb.noxinfluencer.com/youtube/channel/UC5jch5b_prBdRlmXc_sJ3mQ,-10,badcase,剃刀磨刀小众垂类，与割草机推广关联弱且近期内容不搭
9660,UCLpQUHyqHxDrjrqmumAc3cQ,Blazin’ Biddles’ Off-Road,https://cn--xtb.noxinfluencer.com/youtube/channel/UCLpQUHyqHxDrjrqmumAc3cQ,-25,badcase,越野车内容，受众和割草机推广场景明显不符
9661,UCU9O3C2utSGCP5VCKUdOcuw,Vibin With Pops,https://cn--xtb.noxinfluencer.com/youtube/channel/UCU9O3C2utSGCP5VCKUdOcuw,-25,badcase,舞蹈娱乐短视频，格式与实体产品推广强错配
9664,UCxxTkoZJVB1aQYFaBN_tEBg,Sprucing Up Mayhem,https://cn--xtb.noxinfluencer.com/youtube/channel/UCxxTkoZJVB1aQYFaBN_tEBg,-8,badcase,以室内家居整理为主，近期内容与割草机推广场景明显不符
9665,UCuvXhEjN5bXLt8O_iFfUKtQ,"National Equipment Dealers, LLC",https://cn--xtb.noxinfluencer.com/youtube/channel/UCuvXhEjN5bXLt8O_iFfUKtQ,-25,badcase,重型施工/挖掘设备频道，近期内容均非草坪养护或割草机推广场景
9666,UCi3X1QY_uE_6XC0J3oWyYPQ,Broken Dreams Reborn,https://cn--xtb.noxinfluencer.com/youtube/channel/UCi3X1QY_uE_6XC0J3oWyYPQ,-10,badcase,RV旅行频道，主题与割草机消费场景不匹配
9667,UC57GYcGcyutWPPdzNDu3ytQ,"R.C. Worst & Co., Inc.",https://cn--xtb.noxinfluencer.com/youtube/channel/UC57GYcGcyutWPPdzNDu3ytQ,-10,badcase,井业/访谈内容，和割草机投放无关，近10条也都不匹配
9668,UCdw1GVKUb-tHU4Wcj6hCe8g,The SCRAPYARD - EXTRA,https://cn--xtb.noxinfluencer.com/youtube/channel/UCdw1GVKUb-tHU4Wcj6hCe8g,-25,badcase,格斗娱乐频道，主题和割草机推广完全不搭
9669,UCxDKoOJvyD1vJLPEe2UwnDw,anesthesiadreamin,https://cn--xtb.noxinfluencer.com/youtube/channel/UCxDKoOJvyD1vJLPEe2UwnDw,-9,badcase,汽车维修DIY向，和割草机仅有很弱的工具场景重叠
9670,UCl98dQ2cip9h-FHMQpSJA5A,Hunter Constantine,https://cn--xtb.noxinfluencer.com/youtube/channel/UCl98dQ2cip9h-FHMQpSJA5A,-25,badcase,枪械射击频道，和割草机投放场景明显冲突
9671,UCvog9hwwEeVN0DtN8CW7CAw,Tommy in indiana,https://cn--xtb.noxinfluencer.com/youtube/channel/UCvog9hwwEeVN0DtN8CW7CAw,-10,badcase,电台/旅行/日常向，缺少园艺或工具投放语境
9672,UC84WPWtBo_JzI6wT1L1RBqQ,David Build Vlogzz,https://cn--xtb.noxinfluencer.com/youtube/channel/UC84WPWtBo_JzI6wT1L1RBqQ,-10,badcase,汽车维修受众与割草机无直接重合，近10条也都偏车务内容
9673,UCYg-kp2jcNeSih_x-BqwjLw,Ask Mr. Greenthumb Gardening Segments,https://cn--xtb.noxinfluencer.com/youtube/channel/UCYg-kp2jcNeSih_x-BqwjLw,-8,badcase,园艺植物护理相关，但近期内容几乎无草坪机或草坪养护场景
9674,UCjz0zY2w394zerdcK4Cji5A,POD x GROW,https://cn--xtb.noxinfluencer.com/youtube/channel/UCjz0zY2w394zerdcK4Cji5A,-35,badcase,播客喜剧和ASMR/娱乐格式与实物推广明显不符
9675,UC0HcyFvFuQSER2QD3bytRTA,Endless Wishlist,https://cn--xtb.noxinfluencer.com/youtube/channel/UC0HcyFvFuQSER2QD3bytRTA,-10,badcase,卡车改装受众与割草机购买推广关联弱，近期内容也都偏车辆升级
9676,UCwp1fSEHETHkIpBIjoW9fPw,Denver Casivant,https://cn--xtb.noxinfluencer.com/youtube/channel/UCwp1fSEHETHkIpBIjoW9fPw,-10,badcase,无标签，近期以虚构娱乐/植栽混杂为主，缺少割草机推广相关信号
9677,UChOIXNCqFEhaFIJO473bDeA,KiraGDS,https://cn--xtb.noxinfluencer.com/youtube/channel/UChOIXNCqFEhaFIJO473bDeA,-25,badcase,游戏频道，和割草机推广完全不匹配
9678,UCRZavtaZy0Goqs9oQ3nCGhA,dakalpster,https://cn--xtb.noxinfluencer.com/youtube/channel/UCRZavtaZy0Goqs9oQ3nCGhA,-35,badcase,游戏+12小时氛围音频，物理工具推广格式冲突很强
9679,UCE_f4uGdIz1jQ2nEtsQNpsA,grehbrehre,https://cn--xtb.noxinfluencer.com/youtube/channel/UCE_f4uGdIz1jQ2nEtsQNpsA,-20,badcase,故事/喜剧向内容，近10条都不适合做产品推广
9680,UCYPBfFgae-MRuS1l-8-Y_Fg,Chanem DIY,https://cn--xtb.noxinfluencer.com/youtube/channel/UCYPBfFgae-MRuS1l-8-Y_Fg,-10,badcase,手作家居频道，只有很弱的场景关联，不适合割草机
9682,UC9r4rNHPOIYFfTpHb4rky3Q,Test VRA1,https://cn--xtb.noxinfluencer.com/youtube/channel/UC9r4rNHPOIYFfTpHb4rky3Q,-10,badcase,娱乐短视频为主，缺少草坪割草机的购买或使用场景
9683,UCYfozK_NJM9H3GmU9O5mfGg,Mike Tango Whiskey,https://cn--xtb.noxinfluencer.com/youtube/channel/UCYfozK_NJM9H3GmU9O5mfGg,-9,badcase,偏生存预备内容，和割草机消费场景关联很弱
9684,UCCUlRurQ1AslUHEs-XTCy9g,Steve Allen Films Outdoors,https://cn--xtb.noxinfluencer.com/youtube/channel/UCCUlRurQ1AslUHEs-XTCy9g,-10,badcase,机车露营频道，和割草机的受众与场景不匹配
9685,UCCn8o_wQNpOWGvqAcCAF86g,Barnyard Buildz,https://cn--xtb.noxinfluencer.com/youtube/channel/UCCn8o_wQNpOWGvqAcCAF86g,-9,badcase,卡车改装DIY为主，机械感有但和割草机需求不对口
9686,UCITiclHwB1FXq_v2-GKCvcQ,Craig Wooster,https://cn--xtb.noxinfluencer.com/youtube/channel/UCITiclHwB1FXq_v2-GKCvcQ,-25,badcase,频道主域为泳池/船只维修，缺少割草机或园艺设备推广相关性
9687,UCs_Llu6Ee-_LJ7MpZSp70dg,MissExclusive4,https://cn--xtb.noxinfluencer.com/youtube/channel/UCs_Llu6Ee-_LJ7MpZSp70dg,-25,badcase,美食/日常内容为主，和草坪割草器推广场景不匹配
9688,UCyDBT1GrbIg3-KXF9QUTRjQ,realmamawins,https://cn--xtb.noxinfluencer.com/youtube/channel/UCyDBT1GrbIg3-KXF9QUTRjQ,-10,badcase,无草坪/园艺信号，近10条多为家居美妆测评，相关性弱
9689,UCElpHkix60CYzq52zXyi8ww,Benz Hunter,https://cn--xtb.noxinfluencer.com/youtube/channel/UCElpHkix60CYzq52zXyi8ww,-25,badcase,汽车拆车场内容，和草坪割草器完全不相关
9690,UCXN02BEfo8pG2x6WIHlpk9g,MiCODUS GPS,https://cn--xtb.noxinfluencer.com/youtube/channel/UCXN02BEfo8pG2x6WIHlpk9g,-25,badcase,车辆防盗跟踪器频道，和草坪修剪器推广不相关
9691,UCm4FiaFJa1BzwIwQ6VjPwqg,The Horsepower Monster,https://cn--xtb.noxinfluencer.com/youtube/channel/UCm4FiaFJa1BzwIwQ6VjPwqg,-25,badcase,高性能发动机改装频道，和草坪割草器受众不符
9692,UCvluKt8vp_jvHmkkryEJuTA,ChonkyAudio,https://cn--xtb.noxinfluencer.com/youtube/channel/UCvluKt8vp_jvHmkkryEJuTA,-2,badcase,偏科技测评，无园艺/割草机标签；仅有链锯等弱户外工具内容
9693,UCp27X92Ox_AdYlm1TnP6LfA,Fixbook,https://cn--xtb.noxinfluencer.com/youtube/channel/UCp27X92Ox_AdYlm1TnP6LfA,-10,badcase,全是汽车维修内容，和割草机推广场景明显不匹配
9694,UCZvZpdPZVVHai5ViIDZkPDA,Deanna McCormick McCormick Leather and Furs,https://cn--xtb.noxinfluencer.com/youtube/channel/UCZvZpdPZVVHai5ViIDZkPDA,-10,badcase,皮草服饰手作频道，与割草机消费场景无关
9696,UCsA1kdBheKZhKMFoz4pjO7A,Greyson Roberts,https://cn--xtb.noxinfluencer.com/youtube/channel/UCsA1kdBheKZhKMFoz4pjO7A,-8,badcase,频道主轴为地产/船艇，割草机仅单条测试内容，推广适配弱
9697,UCyTJvoYqg5ng2sNNPQAaCbw,History's End,https://cn--xtb.noxinfluencer.com/youtube/channel/UCyTJvoYqg5ng2sNNPQAaCbw,-15,badcase,历史处刑内容，和割草机推广完全不搭
9698,UC3w_JeCk_jZGgMTndG1knig,Challenged,https://cn--xtb.noxinfluencer.com/youtube/channel/UC3w_JeCk_jZGgMTndG1knig,-15,badcase,机械维修偏汽车改装，缺少园艺割草机场景
9700,UCC_9biY5PCSk9bN4ZYyyEnQ,QuirK9,https://cn--xtb.noxinfluencer.com/youtube/channel/UCC_9biY5PCSk9bN4ZYyyEnQ,-22,badcase,事实+氛围向内容，偏娱乐放松，不适合割草机推广
9701,UC1cbNAm1Ldnpzj1oXS-mFBg,Sony Box Bass,https://cn--xtb.noxinfluencer.com/youtube/channel/UC1cbNAm1Ldnpzj1oXS-mFBg,-25,badcase,音频测试/重低音频道，属于强格式不匹配
9702,UCIXlmjr0zIqcDBE46QJEXBw,Brown's Professional Carpet Care,https://cn--xtb.noxinfluencer.com/youtube/channel/UCIXlmjr0zIqcDBE46QJEXBw,-24,badcase,ASMR清洁频道，和割草机的工具用途与推广场景不匹配
9703,UCiyd_BfSCLFzf0jA-At4eQg,Erica Zhang,https://cn--xtb.noxinfluencer.com/youtube/channel/UCiyd_BfSCLFzf0jA-At4eQg,-25,badcase,打印机维修/打印业务频道，和割草机推广无关
9705,UCTAcwQyNocWXiMjZv0kF8gA,TGR Supply,https://cn--xtb.noxinfluencer.com/youtube/channel/UCTAcwQyNocWXiMjZv0kF8gA,-25,badcase,电子烟/烟具频道，和割草机完全不在同一产品域
9706,UCaYYIODdh-84JQP_E6XhNfA,ExtraorDinarylle 🤖,https://cn--xtb.noxinfluencer.com/youtube/channel/UCaYYIODdh-84JQP_E6XhNfA,-10,badcase,美食挑战娱乐号，近期内容几乎全不相关
9707,UCFNUt52dC11biEJ1GVufRTA,Respect World 99+,https://cn--xtb.noxinfluencer.com/youtube/channel/UCFNUt52dC11biEJ1GVufRTA,-20,badcase,标签偏宗教短视频，近期多是植物护理，和割草机促销不匹配
9708,UCLdHgh__Ic0eWJw4ZksBSMg,Time with T.H.E. Eddie Horvath,https://cn--xtb.noxinfluencer.com/youtube/channel/UCLdHgh__Ic0eWJw4ZksBSMg,-10,badcase,频道内容是木材锯切/木工，和割草机推广几乎无关
9709,UCzlBCU32pxxCKO-EFAoVa3A,"Shouldit: Product Reviews, Guides, Price Tracker",https://cn--xtb.noxinfluencer.com/youtube/channel/UCzlBCU32pxxCKO-EFAoVa3A,-10,badcase,内容偏厨房家电评测，与割草机推广无明确相关，近期视频也基本不匹配
9710,UCpcMdTjbf9c-DEjRS8nr_8A,Technology-v4t,https://cn--xtb.noxinfluencer.com/youtube/channel/UCpcMdTjbf9c-DEjRS8nr_8A,-10,badcase,内容偏机器人科技，与割草机推广无关
9711,UCVm0Xh7aJgNQDImMHpOcPVQ,Opus IVS,https://cn--xtb.noxinfluencer.com/youtube/channel/UCVm0Xh7aJgNQDImMHpOcPVQ,-10,badcase,频道聚焦汽车诊断培训，与草坪割草机推广无关，近期内容也全部偏汽车维修
9712,UC47ktXXAWPUIjJlridip6kg,Stang Domination,https://cn--xtb.noxinfluencer.com/youtube/channel/UC47ktXXAWPUIjJlridip6kg,-10,badcase,频道是改装肌肉车内容，与割草机推广无关，近10条全不匹配
9713,UC27UCyyWLdudnzMz8kWPAOw,Mark Brenner,https://cn--xtb.noxinfluencer.com/youtube/channel/UC27UCyyWLdudnzMz8kWPAOw,-10,badcase,车相关频道，与 lawn mower 推广场景不匹配，近期内容也全是卡车改装
9714,UCQ260tAlGefhBoyXm81IOig,Grease & Gears,https://cn--xtb.noxinfluencer.com/youtube/channel/UCQ260tAlGefhBoyXm81IOig,-10,badcase,频道主题偏老人故事，近10条全是汽车内容，与割草机推广不匹配
9715,UCb3g8anFPwHFio7zQjbFkRQ,atlas46,https://cn--xtb.noxinfluencer.com/youtube/channel/UCb3g8anFPwHFio7zQjbFkRQ,-10,badcase,工具收纳/施工内容，和割草机推广场景不匹配
9716,UCSw3q0OPyWJcu9ZJe35N6wA,CraigShipp.com,https://cn--xtb.noxinfluencer.com/youtube/channel/UCSw3q0OPyWJcu9ZJe35N6wA,-10,badcase,无直接相关标签；近期内容多为泛生活/事件，与草坪机推广不符
9717,UC7dNOJUxl0O89jpJyfiyK4w,Devan Chance,https://cn--xtb.noxinfluencer.com/youtube/channel/UC7dNOJUxl0O89jpJyfiyK4w,-10,badcase,汽车越野内容，与割草机推广无直接关联，近10条全不匹配
9718,UC8lfKL5ByE9VoEdD5jE71Qg,Jiecang_Global,https://cn--xtb.noxinfluencer.com/youtube/channel/UC8lfKL5ByE9VoEdD5jE71Qg,-10,badcase,企业技术号，内容偏品牌与设备展示，和割草机推广不相关
9719,UCgPltBIkzxcgYLuRt2yYBQg,Jon Lach,https://cn--xtb.noxinfluencer.com/youtube/channel/UCgPltBIkzxcgYLuRt2yYBQg,-25,badcase,说唱音乐号，受众与割草机完全不搭，且近期内容全不匹配
9720,UCD5WG9CmWTOU-GZCGI69nIA,William Collins,https://cn--xtb.noxinfluencer.com/youtube/channel/UCD5WG9CmWTOU-GZCGI69nIA,-10,badcase,刀具制作号，主赛道是刀具而非园艺割草设备
9721,UCulPfInm4nfwEgX2jXwz4Ig,Globally Cars,https://cn--xtb.noxinfluencer.com/youtube/channel/UCulPfInm4nfwEgX2jXwz4Ig,-25,badcase,汽车维修号，核心受众是车主和技师，和割草机推广不相关
9722,UCbhEPKT-AVymse7W7KeH5ng,ChopShop Media Works,https://cn--xtb.noxinfluencer.com/youtube/channel/UCbhEPKT-AVymse7W7KeH5ng,-10,badcase,近10条几乎全是地产/鞋类/推广片，和割草机不匹配
9723,UCnRCO5qCNeoIUflFCpIf8sw,MeantToBeLindseyB,https://cn--xtb.noxinfluencer.com/youtube/channel/UCnRCO5qCNeoIUflFCpIf8sw,-5,badcase,仅有lawn care相关，近期内容几乎全不匹配，推广割草机不合适
9724,UCyQoBI1WyC5bDxRIrLlSpkg,RacerRed,https://cn--xtb.noxinfluencer.com/youtube/channel/UCyQoBI1WyC5bDxRIrLlSpkg,-25,badcase,摩托越野频道，近期内容全是 dirt bike，与割草机推广无关
9725,UC1hxdfyX8OsSMfg3JzMWk1A,Elvis Chibundu,https://cn--xtb.noxinfluencer.com/youtube/channel/UC1hxdfyX8OsSMfg3JzMWk1A,-10,badcase,技术教程频道，近10条均与割草机推广无关
9726,UCMDaR5GDAb5Sga_oa3YuzYA,Handy Tips,https://cn--xtb.noxinfluencer.com/youtube/channel/UCMDaR5GDAb5Sga_oa3YuzYA,-7,badcase,泛DIY技巧频道，缺少割草机相关与购买/测评内容，近10条多不匹配
9727,UCEyCKSy4Gre_ZoPKcH0kGBA,Kindzilla,https://cn--xtb.noxinfluencer.com/youtube/channel/UCEyCKSy4Gre_ZoPKcH0kGBA,-25,badcase,娱乐搞笑短剧号，和割草机推广完全不匹配
9728,UCMhSpndWeUU2nqAb29A8UKQ,sáng tạo hay - mỗi ngày,https://cn--xtb.noxinfluencer.com/youtube/channel/UCMhSpndWeUU2nqAb29A8UKQ,-19,badcase,生活方式搞笑短视频号，近10条都与割草机推广场景不符
9729,UCFxgx3eRpm7JaDFXWStD2kg,ASA Electronics,https://cn--xtb.noxinfluencer.com/youtube/channel/UCFxgx3eRpm7JaDFXWStD2kg,-10,badcase,RV电子设备支持号，产品垂直度与割草机无关
9730,UCa-vVuSa9w2Npa08ai3wdCQ,Synisoft,https://cn--xtb.noxinfluencer.com/youtube/channel/UCa-vVuSa9w2Npa08ai3wdCQ,-23,badcase,频道以娱乐/影视/对比短内容为主，缺少园艺割草机推广语境
9731,UCM4vH2FmEDU9gXgBwjAk87Q,Machete Pausted,https://cn--xtb.noxinfluencer.com/youtube/channel/UCM4vH2FmEDU9gXgBwjAk87Q,-22,badcase,喜剧娱乐频道，缺少割草机购买/测评/使用语境，近期内容全不相关
9732,UC8jc8na8_UBRaggV5y8rg-A,Bissell Maple Farm,https://cn--xtb.noxinfluencer.com/youtube/channel/UC8jc8na8_UBRaggV5y8rg-A,-10,badcase,以枫糖农场为主，近10条全是采糖/蒸发器，和割草机无关
9733,UCEcAWH6CbYypDCgTZJPvIkA,CamShaft Hacks,https://cn--xtb.noxinfluencer.com/youtube/channel/UCEcAWH6CbYypDCgTZJPvIkA,-2,badcase,泛DIY工具频道，无园艺割草机或户外设备推广证据
9734,UCUDR6p5PQAgunS2D9mlzCyA,Electric Rideables,https://cn--xtb.noxinfluencer.com/youtube/channel/UCUDR6p5PQAgunS2D9mlzCyA,-10,badcase,电助力/EV频道，受众是出行数码，不是园艺或割草设备
9735,UCbEFGXo9baT0VPk6rMKYNIA,Relaxation Music 8K,https://cn--xtb.noxinfluencer.com/youtube/channel/UCbEFGXo9baT0VPk6rMKYNIA,-25,badcase,纯音乐氛围频道，属于音频放松内容，对实体割草机推广是强错配
9736,UCAxgBtFvH5nk6m1_PpURf8Q,Fix and Maintain,https://cn--xtb.noxinfluencer.com/youtube/channel/UCAxgBtFvH5nk6m1_PpURf8Q,-8,badcase,汽车维修频道，虽是维修向但品类过窄，和割草机投放相关性弱
9737,UCEQxnMu1cFcFnHyuxTe_YXw,crazyalcayne,https://cn--xtb.noxinfluencer.com/youtube/channel/UCEQxnMu1cFcFnHyuxTe_YXw,-10,badcase,骑行/BMX垂类，和割草机推广无关，近10条也全不匹配
9738,UCa5l4xFQcnU1jaI8S0qxm9w,Diy & restoration,https://cn--xtb.noxinfluencer.com/youtube/channel/UCa5l4xFQcnU1jaI8S0qxm9w,-8,badcase,有修理/翻新泛相关，但内容全是音箱修复，不适合割草机
9739,UCL44bjEQeiu3xOzCwy6wr0A,Cement Craft Ideas - DIY Projects,https://cn--xtb.noxinfluencer.com/youtube/channel/UCL44bjEQeiu3xOzCwy6wr0A,-10,badcase,手工水泥花盆频道，和割草机购买/使用场景不相干
9740,UCJXlku2391KWuA9AJ9v7SjA,True Renovation,https://cn--xtb.noxinfluencer.com/youtube/channel/UCJXlku2391KWuA9AJ9v7SjA,-10,badcase,家居翻新题材有些场景重叠，但缺少草坪/园艺产品意图
9741,UCt25upkPSjhBLhymmtvIgew,Spraying Systems Co.,https://cn--xtb.noxinfluencer.com/youtube/channel/UCt25upkPSjhBLhymmtvIgew,-10,badcase,工业喷淋设备B2B频道，和家用割草机受众明显不匹配
9742,UCMstXzmimWVx1NumLu6OHiA,concept2usa,https://cn--xtb.noxinfluencer.com/youtube/channel/UCMstXzmimWVx1NumLu6OHiA,-10,badcase,健身/概念车内容与割草机推广无关，近10条也都不匹配
9743,UCBlXBf51JnqmS0lmBuuD7xg,Hazmore Outdoor Products,https://cn--xtb.noxinfluencer.com/youtube/channel/UCBlXBf51JnqmS0lmBuuD7xg,-10,badcase,户外钓鱼/船修为主，和割草机购买场景只有很弱泛化重合
9744,UCWLdJWC5igAWQBzefbaKmkA,The Crazy Creative Teacher - Meghan Mayer,https://cn--xtb.noxinfluencer.com/youtube/channel/UCWLdJWC5igAWQBzefbaKmkA,-10,badcase,教师幽默日常频道，不是家居园艺或工具购买导向
9745,UCYRP0B-terwKonFIipRki2w,Daily•_•Driven,https://cn--xtb.noxinfluencer.com/youtube/channel/UCYRP0B-terwKonFIipRki2w,-10,badcase,汽车改装频道，内容和割草机几乎无交集
9746,UCO5W0nT_pQvn8ETBmyhM9bg,Made With Love By Glama,https://cn--xtb.noxinfluencer.com/youtube/channel/UCO5W0nT_pQvn8ETBmyhM9bg,-10,badcase,钩织美妆内容与割草机产品推广场景不相关
9747,UCIUNXA8h9EgxQNDtzK1Ct6Q,Expert-World,https://cn--xtb.noxinfluencer.com/youtube/channel/UCIUNXA8h9EgxQNDtzK1Ct6Q,-25,badcase,近期内容偏玩具娱乐，无园艺割草机推广语境
9748,UC50pn0ehvilKKJjBKrFaS4A,Cory J. Draper,https://cn--xtb.noxinfluencer.com/youtube/channel/UC50pn0ehvilKKJjBKrFaS4A,-20,badcase,MLM培训号，题材与割草机推广完全不搭，近期也全是无关内容
9749,UCQEpqQ9Q8EnbhP1hv82oT_Q,KMH - Let's Analyze It.,https://cn--xtb.noxinfluencer.com/youtube/channel/UCQEpqQ9Q8EnbhP1hv82oT_Q,-5,badcase,仅有泛产品评测格式，近期内容集中科技相机骑行，无草坪园艺场景
9750,UCiMW5UdNbV-3DMoBtFPQKRQ,AuTo Azerbaijan,https://cn--xtb.noxinfluencer.com/youtube/channel/UCiMW5UdNbV-3DMoBtFPQKRQ,-10,badcase,汽车号为主，和割草机购买推广缺少有效受众重合，近期也全不相关
9751,UCPP3VjezoWQAuzAgVb1es7A,Shadowman39,https://cn--xtb.noxinfluencer.com/youtube/channel/UCPP3VjezoWQAuzAgVb1es7A,-10,badcase,机械搭建内容较远，缺少割草机的购买或使用场景，近期内容也不匹配
9752,UCrab_acaftXf_SFoHrOLYvA,Николай Чернышов,https://cn--xtb.noxinfluencer.com/youtube/channel/UCrab_acaftXf_SFoHrOLYvA,-10,badcase,冷锻/焊接机床DIY频道，非园艺割草机推广场景
9753,UCaZKKtI5caSI6-WO4zm3VGQ,Colonial Airstream,https://cn--xtb.noxinfluencer.com/youtube/channel/UCaZKKtI5caSI6-WO4zm3VGQ,-10,badcase,频道内容偏房车旅游，与割草机推广场景不符，近期全偏移
9754,UCuQ6WnQX2kNyNYpLXC9w6Hw,Alan Reiner,https://cn--xtb.noxinfluencer.com/youtube/channel/UCuQ6WnQX2kNyNYpLXC9w6Hw,-10,badcase,3D打印/科技为主，和割草机推广关联弱，近期内容不匹配
9756,UCnNisvVtvCgq4qaRvoh7A6A,Curioseo Datos,https://cn--xtb.noxinfluencer.com/youtube/channel/UCnNisvVtvCgq4qaRvoh7A6A,-10,badcase,汽车资讯频道，和割草机推广不相关，近期标题也都偏汽车
9757,UCUtYB7wD6C8lJT6f0DdlfSQ,Digimobile - Computer Cell Phone Repair - Ronkonkoma,https://cn--xtb.noxinfluencer.com/youtube/channel/UCUtYB7wD6C8lJT6f0DdlfSQ,-10,badcase,电子维修频道，与割草机推广无关，近10条全是手机电脑维修。
9758,UC9a2ynEkUa96b5uuEMp-T0g,Ara Hai Pyara 😊,https://cn--xtb.noxinfluencer.com/youtube/channel/UC9a2ynEkUa96b5uuEMp-T0g,-10,badcase,内容偏杂题和创业短视频，与割草机推广无关，最近10条都不匹配。
9759,UCB_gg8c6G_kep-79wbab0rQ,CREATIVATE,https://cn--xtb.noxinfluencer.com/youtube/channel/UCB_gg8c6G_kep-79wbab0rQ,-10,badcase,绣花/拼布软件内容，与割草机产品推广没有关联。
9760,UCzCUoJkU0X1ajeR422mUW6w,Heat Strike,https://cn--xtb.noxinfluencer.com/youtube/channel/UCzCUoJkU0X1ajeR422mUW6w,-35,badcase,宠物猫+ASMR爽感内容，与人用割草机推广格式严重错配。
9761,UCIqJErhN98386ivdrXQW1Fw,MSRGear,https://cn--xtb.noxinfluencer.com/youtube/channel/UCIqJErhN98386ivdrXQW1Fw,-10,badcase,户外背包水具维护频道，与割草机品类不对口，近10条都不匹配。
9762,UCLDWjqFVBaWvycp6NJRNHfA,The Homeboy Coby,https://cn--xtb.noxinfluencer.com/youtube/channel/UCLDWjqFVBaWvycp6NJRNHfA,-10,badcase,以箱货卡车业务为主，与草坪割草机推广几乎无关
9763,UCJux48gDAyewLdDr4bdAtxQ,Ly Thi Ca Bushcraft,https://cn--xtb.noxinfluencer.com/youtube/channel/UCJux48gDAyewLdDr4bdAtxQ,-5,badcase,偏收获农场生活，缺少割草机评测或工具购买场景
9764,UCwnGcEArhkJD2yVvwQnYLSQ,5 Minute Modeler,https://cn--xtb.noxinfluencer.com/youtube/channel/UCwnGcEArhkJD2yVvwQnYLSQ,-10,badcase,模型火车内容与草坪割草机受众不相干，推广匹配度低
9765,UCqVw1S3jI0XugX9lzR-HCAg,Welcome To Tucson Arizona,https://cn--xtb.noxinfluencer.com/youtube/channel/UCqVw1S3jI0XugX9lzR-HCAg,-10,badcase,房产频道偏购房展示，只有泛家庭人群信号，草坪维护意图弱
9766,UC4YkHp8NgTkOLtFQtq3q8ig,HVAC SOLUTION,https://cn--xtb.noxinfluencer.com/youtube/channel/UC4YkHp8NgTkOLtFQtq3q8ig,-10,badcase,HVAC维修受众与割草机购买/使用场景不匹配
9767,UCuWCa9OLEzkY-uPK3cDuBXw,VIRALET,https://cn--xtb.noxinfluencer.com/youtube/channel/UCuWCa9OLEzkY-uPK3cDuBXw,-17,badcase,汽车维修工具短视频为主，缺少草坪/园艺/割草机推广语境
9768,UCFdguGMiDMeZ6lr5xZa0ojQ,Vimfun Endless Diamond Wire Saw,https://cn--xtb.noxinfluencer.com/youtube/channel/UCFdguGMiDMeZ6lr5xZa0ojQ,-10,badcase,工业精密切割频道，和家用割草机推广场景明显不匹配
9769,UCsLoHpiIZ5vOnxoxpgu4dSQ,Omega Plumbing Services,https://cn--xtb.noxinfluencer.com/youtube/channel/UCsLoHpiIZ5vOnxoxpgu4dSQ,-9,badcase,偏家装水电维修，只有泛家庭属性，缺少割草机相关场景
9770,UCu9nuotJ9rvlih6wsE4hlUw,Phil Hill Knows Safety and Security,https://cn--xtb.noxinfluencer.com/youtube/channel/UCu9nuotJ9rvlih6wsE4hlUw,-10,badcase,安全安防频道，近期内容均为消防/监控/报警，和割草机无关
9771,UCsiLXC0f_sfTZKL1bDAK2zQ,Trucker Life POV,https://cn--xtb.noxinfluencer.com/youtube/channel/UCsiLXC0f_sfTZKL1bDAK2zQ,-10,badcase,卡车驾驶Vlog，受众和割草机购买场景几乎无交集
9772,UCKyauDQ_8Kw8AIoeEngLDrw,Viral Skill Person,https://cn--xtb.noxinfluencer.com/youtube/channel/UCKyauDQ_8Kw8AIoeEngLDrw,-8,badcase,汽车/卡车维修短视频为主，缺少草坪园艺或割草机推广语境
9773,UCJO9A1gfV4lnnP7-7Lf71rQ,Raphael Osorio,https://cn--xtb.noxinfluencer.com/youtube/channel/UCJO9A1gfV4lnnP7-7Lf71rQ,-10,badcase,UTV越野内容，和割草机推广场景不相关，近期也全是车辆内容
9774,UCDs-ux0ySLPPn4WZnQZw0bQ,KOAM Outdoors LLC,https://cn--xtb.noxinfluencer.com/youtube/channel/UCDs-ux0ySLPPn4WZnQZw0bQ,-20,badcase,频道以狩猎钓鱼野生动物为主，缺少割草机使用或购买意图
9775,UCwEGKP_Yx0FkOfug9sDIosA,Binns Boys,https://cn--xtb.noxinfluencer.com/youtube/channel/UCwEGKP_Yx0FkOfug9sDIosA,-10,badcase,越野/汽车娱乐频道，和割草机受众不重合，近期内容也完全偏车
9776,UCSaKd35t6ipRf680B_DKh9A,是糖糖吖,https://cn--xtb.noxinfluencer.com/youtube/channel/UCSaKd35t6ipRf680B_DKh9A,-10,badcase,汽车用品带货号，受众是车主而非园林用户，近期也都在卖车品
9777,UClDurtrMqD_7kzqKn26LOvg,Countryside Garden,https://cn--xtb.noxinfluencer.com/youtube/channel/UClDurtrMqD_7kzqKn26LOvg,-25,badcase,动物救援频道，近10条均为农场/烹饪内容，缺少割草机购买或使用场景
9778,UCc2hN93uHIzyTUvc_llDhMg,Crude Diesel,https://cn--xtb.noxinfluencer.com/youtube/channel/UCc2hN93uHIzyTUvc_llDhMg,-10,badcase,汽车/卡车改装频道，与割草机推广场景不相关，近10条全不匹配
9779,UCtWlu6VMhQL_cf3Mik9GMEg,Joy Taylor,https://cn--xtb.noxinfluencer.com/youtube/channel/UCtWlu6VMhQL_cf3Mik9GMEg,-10,badcase,体育播客频道，与 lawn mower 推广无关，近期内容全不匹配
9780,UCUCQeSG6VLzHerQdCLztnFQ,Karath Jakhar,https://cn--xtb.noxinfluencer.com/youtube/channel/UCUCQeSG6VLzHerQdCLztnFQ,-20,badcase,频道以摩托车/手机内容为主，和割草机推广人群明显不匹配，近期内容也几乎全不相关
9781,UCO3I3aFhneotz8MvldbAadQ,Byrd's Garage,https://cn--xtb.noxinfluencer.com/youtube/channel/UCO3I3aFhneotz8MvldbAadQ,-10,badcase,汽车维修频道，与割草机推广无关，近期内容也均为车辆主题
9782,UCHmRy1m-fPSisV-cDFnZuIw,Unknown haygood,https://cn--xtb.noxinfluencer.com/youtube/channel/UCHmRy1m-fPSisV-cDFnZuIw,-25,badcase,赛车/游戏频道，近10条全不相关，和割草机推广完全不搭
9783,UCSoa21a11FMCUA2VyK4TlTQ,MSI USA,https://cn--xtb.noxinfluencer.com/youtube/channel/UCSoa21a11FMCUA2VyK4TlTQ,-10,badcase,科技品牌频道，内容是自家电脑产品，和割草机受众不匹配
9784,UCmxPJLEYDT1cNDBHk_qasCQ,DriveRideShow,https://cn--xtb.noxinfluencer.com/youtube/channel/UCmxPJLEYDT1cNDBHk_qasCQ,-10,badcase,汽车资讯频道，近10条都在讲车，不适合推广割草机
9785,UCLzLHzVugnUckyJjughbk5g,TorrentPerformance,https://cn--xtb.noxinfluencer.com/youtube/channel/UCLzLHzVugnUckyJjughbk5g,-10,badcase,频道以摩托维修和车库内容为主，缺少割草机推广相关性
9787,UC3dBpNla7b3QEq9yYEmlrvA,Unboxing Experience,https://cn--xtb.noxinfluencer.com/youtube/channel/UC3dBpNla7b3QEq9yYEmlrvA,-23,badcase,频道主打时尚/手机等开箱评测，近期无园艺割草机内容
9788,UCcLrr1NizHCfjNutTPg_BKQ,HuntWorx,https://cn--xtb.noxinfluencer.com/youtube/channel/UCcLrr1NizHCfjNutTPg_BKQ,-25,badcase,狩猎频道受众偏窄，与割草机推广几乎无关
9789,UCiHkYhAbuV2zhpKH9iReHqA,Seal of Perfection: Sunroof & Leak Specialists,https://cn--xtb.noxinfluencer.com/youtube/channel/UCiHkYhAbuV2zhpKH9iReHqA,-25,badcase,汽车维修垂类，与割草机推广完全不相符
9790,UCN5BKHi2S4uIoodL4rzkkvg,Grace Monroe Home,https://cn--xtb.noxinfluencer.com/youtube/channel/UCN5BKHi2S4uIoodL4rzkkvg,-9,badcase,家居手作频道仅有泛DIY信号，缺少草坪维护场景
9791,UCXkOxd5h9M4GNu-bBkAN3kQ,Conference man,https://cn--xtb.noxinfluencer.com/youtube/channel/UCXkOxd5h9M4GNu-bBkAN3kQ,-10,badcase,宠物和综合娱乐为主，仅少量施工/农业场景，缺少割草机推广语境
9792,UC6QeLKlzU4IvybXsK5rEmHw,Secret Trick,https://cn--xtb.noxinfluencer.com/youtube/channel/UC6QeLKlzU4IvybXsK5rEmHw,-10,badcase,DIY管道技巧频道，和割草机推广几乎无关，近10条也全不匹配
9793,UCV-TWP5_G8DgCDbsTObvL-Q,Dirt Complex,https://cn--xtb.noxinfluencer.com/youtube/channel/UCV-TWP5_G8DgCDbsTObvL-Q,-10,badcase,越野车辆频道，内容聚焦拖车和配件，不适合割草机推广
9794,UCzXg6ByMb5aKw8RFZCMY9Eg,EZStudRack,https://cn--xtb.noxinfluencer.com/youtube/channel/UCzXg6ByMb5aKw8RFZCMY9Eg,-10,badcase,收纳DIY频道只有泛家居属性，和割草机缺少直接推广场景
9795,UC6eUcyxLt2h19mIQ2HsRQmQ,Challenger 3985 Productions,https://cn--xtb.noxinfluencer.com/youtube/channel/UC6eUcyxLt2h19mIQ2HsRQmQ,-25,badcase,火车事实娱乐频道，主题和割草机推广明显不相干
9796,UC25PVBZJg5g8DckfmVJvRpw,What The Duck Auto,https://cn--xtb.noxinfluencer.com/youtube/channel/UC25PVBZJg5g8DckfmVJvRpw,-10,badcase,汽车维修频道受众偏车系维护，和割草机产品推广不匹配
9797,UCrDZ0snoC-OSHyeQeT2gMUw,BELLS OF STEEL,https://cn--xtb.noxinfluencer.com/youtube/channel/UCrDZ0snoC-OSHyeQeT2gMUw,-10,badcase,健身器材频道与lawn mower推广场景不相关，近10条内容均不匹配
9798,UCpm9uIvTlFKJM9B9FwriioA,MarshmallowPunch6,https://cn--xtb.noxinfluencer.com/youtube/channel/UCpm9uIvTlFKJM9B9FwriioA,-25,badcase,以娱乐短剧为主，和割草机推广场景明显不匹配
9799,UCETcE-Ar9Wd7nqrjovayA9Q,Journal Whisper,https://cn--xtb.noxinfluencer.com/youtube/channel/UCETcE-Ar9Wd7nqrjovayA9Q,-10,badcase,手账手工频道，与割草机推广场景几乎无关
9800,UCnUzTUEK6Xvcpa1a83OOv1w,RENON POWER,https://cn--xtb.noxinfluencer.com/youtube/channel/UCnUzTUEK6Xvcpa1a83OOv1w,-10,badcase,能源储能频道，与割草机推广无关，近10条内容全不匹配
9801,UCUdNUcljndGF2FRSWstVg8A,Kevin's shop,https://cn--xtb.noxinfluencer.com/youtube/channel/UCUdNUcljndGF2FRSWstVg8A,-10,badcase,内容集中在摩托自行车改装，与割草机推广无关，近期视频全不匹配
9802,UCqwlvNnU-4cdjVCnlTAO2IQ,LITTLE PRINCE,https://cn--xtb.noxinfluencer.com/youtube/channel/UCqwlvNnU-4cdjVCnlTAO2IQ,-25,badcase,宗教故事为主，虽有农事视频但与割草机推广不符
9803,UCQOlkQ9T2M_gV1kUYoOy3Eg,RRAYYME,https://cn--xtb.noxinfluencer.com/youtube/channel/UCQOlkQ9T2M_gV1kUYoOy3Eg,-8,badcase,家居生活和清洁内容为主，和割草机只有很弱关联
9804,UCP2DE-804k3JOjGfsKogkAw,4ptitude,https://cn--xtb.noxinfluencer.com/youtube/channel/UCP2DE-804k3JOjGfsKogkAw,-25,badcase,纯搞笑短视频，属于明显娱乐型错配
9805,UCK5dhKh-EFxr6uMv_0h_6PQ,Lowrance,https://cn--xtb.noxinfluencer.com/youtube/channel/UCK5dhKh-EFxr6uMv_0h_6PQ,-10,badcase,海钓电子设备频道，与割草机人群不匹配
9806,UCiUSk-jpGcnOblcootDtg4w,Adriana Segura,https://cn--xtb.noxinfluencer.com/youtube/channel/UCiUSk-jpGcnOblcootDtg4w,-24,badcase,主频道为家具木作修复，非草坪/园艺设备，近热视频多数不匹配
9807,UCLITyBqyvauB0ad9VkqlJWA,Superior Pools of Southwest Florida Inc.,https://cn--xtb.noxinfluencer.com/youtube/channel/UCLITyBqyvauB0ad9VkqlJWA,-10,badcase,频道专注泳池设计施工，近期内容与割草机推广不匹配
9808,UCPP3VjezoWQAuzAgVb1es7A,Shadowman39,https://cn--xtb.noxinfluencer.com/youtube/channel/UCPP3VjezoWQAuzAgVb1es7A,-10,badcase,机械拼装频道，近10期全是机械电脑/球机，无割草机推广场景
9809,UCrab_acaftXf_SFoHrOLYvA,Николай Чернышов,https://cn--xtb.noxinfluencer.com/youtube/channel/UCrab_acaftXf_SFoHrOLYvA,-8,badcase,DIY金工/焊接频道，近期内容与割草机推广不匹配
9810,UCuQ6WnQX2kNyNYpLXC9w6Hw,Alan Reiner,https://cn--xtb.noxinfluencer.com/youtube/channel/UCuQ6WnQX2kNyNYpLXC9w6Hw,-10,badcase,频道为3D打印/科技内容，与割草机推广无关，近10条也无匹配
9811,UCnNisvVtvCgq4qaRvoh7A6A,Curioseo Datos,https://cn--xtb.noxinfluencer.com/youtube/channel/UCnNisvVtvCgq4qaRvoh7A6A,-10,badcase,近期全是汽车内容，与割草机推广无关
9812,UCqwkSeR_hL8Zm8AC9nChvYw,5axisBridgeSawMachine,https://cn--xtb.noxinfluencer.com/youtube/channel/UCqwkSeR_hL8Zm8AC9nChvYw,-10,badcase,石材切割设备号，和割草机推广无关，近期内容全不匹配。
9813,UC9a2ynEkUa96b5uuEMp-T0g,Ara Hai Pyara 😊,https://cn--xtb.noxinfluencer.com/youtube/channel/UC9a2ynEkUa96b5uuEMp-T0g,-10,badcase,泛娱乐/创业短视频号，缺少园艺工具场景，近期内容不匹配。
9814,UCzCUoJkU0X1ajeR422mUW6w,Heat Strike,https://cn--xtb.noxinfluencer.com/youtube/channel/UCzCUoJkU0X1ajeR422mUW6w,-35,badcase,猫宠物+ASMR满足感内容，和人用割草机推广强错位。
9815,UCIqJErhN98386ivdrXQW1Fw,MSRGear,https://cn--xtb.noxinfluencer.com/youtube/channel/UCIqJErhN98386ivdrXQW1Fw,-10,badcase,户外净水器/徒步装备号，和割草机场景关联很弱。
9817,UC_hMJFrP3VC1sn0KJY1RgPg,ToolerHacks,https://cn--xtb.noxinfluencer.com/youtube/channel/UC_hMJFrP3VC1sn0KJY1RgPg,-10,badcase,DIY工具修理向，只有泛化工具联想，缺少割草机相关场景
9819,UCwnGcEArhkJD2yVvwQnYLSQ,5 Minute Modeler,https://cn--xtb.noxinfluencer.com/youtube/channel/UCwnGcEArhkJD2yVvwQnYLSQ,-10,badcase,模型火车垂直领域，与割草机推广几乎无关
9820,UCqVw1S3jI0XugX9lzR-HCAg,Welcome To Tucson Arizona,https://cn--xtb.noxinfluencer.com/youtube/channel/UCqVw1S3jI0XugX9lzR-HCAg,-10,badcase,暖通维修频道，受众和割草机品类不匹配
9821,UC4YkHp8NgTkOLtFQtq3q8ig,HVAC SOLUTION,https://cn--xtb.noxinfluencer.com/youtube/channel/UC4YkHp8NgTkOLtFQtq3q8ig,-20,badcase,频道内容为HVAC维修，与割草机推广主题明显不相关
9822,UCFdguGMiDMeZ6lr5xZa0ojQ,Vimfun Endless Diamond Wire Saw,https://cn--xtb.noxinfluencer.com/youtube/channel/UCFdguGMiDMeZ6lr5xZa0ojQ,-10,badcase,工业切割设备，和割草机推广无关，近期内容也全不匹配
9823,UCsLoHpiIZ5vOnxoxpgu4dSQ,Omega Plumbing Services,https://cn--xtb.noxinfluencer.com/youtube/channel/UCsLoHpiIZ5vOnxoxpgu4dSQ,-9,badcase,家装维修受众过泛，和割草机购买/使用场景相关性很弱
9824,UCOcOnNVXTxSSyKQYuJdGJkw,Vanderkooi Tree TV,https://cn--xtb.noxinfluencer.com/youtube/channel/UCOcOnNVXTxSSyKQYuJdGJkw,-7,badcase,树木养护有些户外场景重叠，但不是割草机的直接推广场
9825,UCKyauDQ_8Kw8AIoeEngLDrw,Viral Skill Person,https://cn--xtb.noxinfluencer.com/youtube/channel/UCKyauDQ_8Kw8AIoeEngLDrw,-10,badcase,汽车维修频道，与割草机产品推广基本无关
9826,UCJO9A1gfV4lnnP7-7Lf71rQ,Raphael Osorio,https://cn--xtb.noxinfluencer.com/youtube/channel/UCJO9A1gfV4lnnP7-7Lf71rQ,-10,badcase,越野车内容与割草机受众不重合，推广相关性很低
9828,UCbQhj4IR2DAHnvLjsieKMIA,Joyful Kids TV,https://cn--xtb.noxinfluencer.com/youtube/channel/UCbQhj4IR2DAHnvLjsieKMIA,-15,badcase,儿童娱乐号，内容与割草机推广场景明显不符
9829,UCwEGKP_Yx0FkOfug9sDIosA,Binns Boys,https://cn--xtb.noxinfluencer.com/youtube/channel/UCwEGKP_Yx0FkOfug9sDIosA,-10,badcase,越野车和摩托内容为主，和割草机受众不匹配
9830,UCtJRHlHkhxfgKlIg9BRsaIA,Amyaestheticequipment,https://cn--xtb.noxinfluencer.com/youtube/channel/UCtJRHlHkhxfgKlIg9BRsaIA,-10,badcase,美业设备安装维护号，与割草机品类无关
9831,UCSaKd35t6ipRf680B_DKh9A,是糖糖吖,https://cn--xtb.noxinfluencer.com/youtube/channel/UCSaKd35t6ipRf680B_DKh9A,-10,badcase,汽车用品号，主要卖车载配件，不适合推割草机
9832,UCu_wnXya64z4naWpgszR5pQ,Do Easy Things,https://cn--xtb.noxinfluencer.com/youtube/channel/UCu_wnXya64z4naWpgszR5pQ,-8,badcase,DIY电子手作频道，缺少草坪/园艺工具受众，近期内容完全不匹配
9833,UCiPKutJCvbMXaeMivfEH7Jw,Bauman's Farm and Garden,https://cn--xtb.noxinfluencer.com/youtube/channel/UCiPKutJCvbMXaeMivfEH7Jw,-10,badcase,花卉园艺和农场内容为主，缺少割草机评测/购买/使用意图
9834,UClDurtrMqD_7kzqKn26LOvg,Countryside Garden,https://cn--xtb.noxinfluencer.com/youtube/channel/UClDurtrMqD_7kzqKn26LOvg,-25,badcase,野生动物救援/故事频道，与割草机人类家用推广场景明显不符
9835,UCHmRy1m-fPSisV-cDFnZuIw,Unknown haygood,https://cn--xtb.noxinfluencer.com/youtube/channel/UCHmRy1m-fPSisV-cDFnZuIw,-18,badcase,游戏/科技频道受众偏设备娱乐，与草坪割草机推广距离过大
9836,UCSoa21a11FMCUA2VyK4TlTQ,MSI USA,https://cn--xtb.noxinfluencer.com/youtube/channel/UCSoa21a11FMCUA2VyK4TlTQ,-10,badcase,科技游戏频道，与割草机推广场景明显不符，近10条内容均不相关
9837,UCmxPJLEYDT1cNDBHk_qasCQ,DriveRideShow,https://cn--xtb.noxinfluencer.com/youtube/channel/UCmxPJLEYDT1cNDBHk_qasCQ,-25,badcase,汽车赛车频道，受众与割草机促销不匹配
9838,UCLzLHzVugnUckyJjughbk5g,TorrentPerformance,https://cn--xtb.noxinfluencer.com/youtube/channel/UCLzLHzVugnUckyJjughbk5g,-25,badcase,越野车/维修频道，和割草机推广场景不符
9839,UClotrDvHGsXHDYq3ubVJZzQ,Kolter Winton,https://cn--xtb.noxinfluencer.com/youtube/channel/UClotrDvHGsXHDYq3ubVJZzQ,-3,badcase,家居DIY相邻但无草坪养护/割草机内容，近期多厨房婚姻幽默不匹配
9840,UCk_nfUyxZ-ALgOVY02nL17Q,Animal Superheroes,https://cn--xtb.noxinfluencer.com/youtube/channel/UCk_nfUyxZ-ALgOVY02nL17Q,-25,badcase,动物AI故事频道，和割草机促销目标无关
9841,UCiHkYhAbuV2zhpKH9iReHqA,Seal of Perfection: Sunroof & Leak Specialists,https://cn--xtb.noxinfluencer.com/youtube/channel/UCiHkYhAbuV2zhpKH9iReHqA,-25,badcase,汽车天窗维修频道，和割草机推广不相关
9842,UCN5BKHi2S4uIoodL4rzkkvg,Grace Monroe Home,https://cn--xtb.noxinfluencer.com/youtube/channel/UCN5BKHi2S4uIoodL4rzkkvg,-9,badcase,频道主做花环手作，只有泛DIY信号，和割草机推广关联弱
9843,UC6QeLKlzU4IvybXsK5rEmHw,Secret Trick,https://cn--xtb.noxinfluencer.com/youtube/channel/UC6QeLKlzU4IvybXsK5rEmHw,-10,badcase,管道/废料创意技巧频道，和割草机产品场景无关
9844,UC25PVBZJg5g8DckfmVJvRpw,What The Duck Auto,https://cn--xtb.noxinfluencer.com/youtube/channel/UC25PVBZJg5g8DckfmVJvRpw,-25,badcase,汽车维修内容为主，行业场景与割草机推广不匹配
9845,UCrDZ0snoC-OSHyeQeT2gMUw,BELLS OF STEEL,https://cn--xtb.noxinfluencer.com/youtube/channel/UCrDZ0snoC-OSHyeQeT2gMUw,-25,badcase,健身器材频道，受众和割草机购买场景不一致
9846,UCETcE-Ar9Wd7nqrjovayA9Q,Journal Whisper,https://cn--xtb.noxinfluencer.com/youtube/channel/UCETcE-Ar9Wd7nqrjovayA9Q,-20,badcase,手账/ASMR频道偏感官内容，属产品推广格式错配
9847,UCnUzTUEK6Xvcpa1a83OOv1w,RENON POWER,https://cn--xtb.noxinfluencer.com/youtube/channel/UCnUzTUEK6Xvcpa1a83OOv1w,-10,badcase,储能能源频道，近期内容全是电池/太阳能，和割草机推广无关
9848,UCvGf45MCmVV1FjCXYiYfjzw,Will’s 69 Charger,https://cn--xtb.noxinfluencer.com/youtube/channel/UCvGf45MCmVV1FjCXYiYfjzw,-10,badcase,古董车修复频道，最近内容都在汽车维修，不适合割草机推广
9849,UC9reWYgFhwQaxOTueKR14ZQ,Coil winding machine,https://cn--xtb.noxinfluencer.com/youtube/channel/UC9reWYgFhwQaxOTueKR14ZQ,-10,badcase,工业绕线机频道，主题是线圈设备，和割草机受众不匹配
9850,UCnsl_FEi_XTKkwhJ8hkvI1g,Sizga Foydali,https://cn--xtb.noxinfluencer.com/youtube/channel/UCnsl_FEi_XTKkwhJ8hkvI1g,-10,badcase,畜牧/饲料加工频道，内容偏牛羊和粉碎机，不是割草机场景
9851,UCXForyVTdaoE50diO6znW4w,SF PV,https://cn--xtb.noxinfluencer.com/youtube/channel/UCXForyVTdaoE50diO6znW4w,-8,badcase,无人机测评/竞技频道，虽有评测格式但近期内容全是无人机
9852,UCIXlmjr0zIqcDBE46QJEXBw,Brown's Professional Carpet Care,https://cn--xtb.noxinfluencer.com/youtube/channel/UCIXlmjr0zIqcDBE46QJEXBw,-16,badcase,ASMR清洁频道，和割草机推广格式不符，近期无草坪/园艺内容
9853,UCiyd_BfSCLFzf0jA-At4eQg,Erica Zhang,https://cn--xtb.noxinfluencer.com/youtube/channel/UCiyd_BfSCLFzf0jA-At4eQg,-10,badcase,打印机业务频道，与割草机无关，近期内容几乎全是打印机
9855,UCTAcwQyNocWXiMjZv0kF8gA,TGR Supply,https://cn--xtb.noxinfluencer.com/youtube/channel/UCTAcwQyNocWXiMjZv0kF8gA,-10,badcase,Vape/烟具频道，与割草机推广无关，近期内容也完全不匹配
9856,UCCLS6xM1KiBPFkCpwfyA-uA,FIRST SERGEANT DK,https://cn--xtb.noxinfluencer.com/youtube/channel/UCCLS6xM1KiBPFkCpwfyA-uA,-10,badcase,军武频道，和割草机受众不匹配，近期内容也无相关场景
9857,UCaYYIODdh-84JQP_E6XhNfA,ExtraorDinarylle 🤖,https://cn--xtb.noxinfluencer.com/youtube/channel/UCaYYIODdh-84JQP_E6XhNfA,-10,badcase,近期全是美食挑战，无割草机标签或购买语境
9858,UCectJXRpFcZY_ph6kVIfCgw,RJ's Knives,https://cn--xtb.noxinfluencer.com/youtube/channel/UCectJXRpFcZY_ph6kVIfCgw,-10,badcase,近期为刀具展示，与割草机推广无关
9859,UCVm0Xh7aJgNQDImMHpOcPVQ,Opus IVS,https://cn--xtb.noxinfluencer.com/youtube/channel/UCVm0Xh7aJgNQDImMHpOcPVQ,-10,badcase,近期为汽车诊断培训，与割草机无关
9860,UCct6QIRVW2kU2mqkKVLHPLA,Resideo Pro,https://cn--xtb.noxinfluencer.com/youtube/channel/UCct6QIRVW2kU2mqkKVLHPLA,-10,badcase,近期为智能家居/恒温器内容，与割草机无关
9861,UC47ktXXAWPUIjJlridip6kg,Stang Domination,https://cn--xtb.noxinfluencer.com/youtube/channel/UC47ktXXAWPUIjJlridip6kg,-10,badcase,近期为汽车改装内容，与割草机无关
9862,UCaZniNthFHrS9N2sUzlm4Jg,Corsetti Cruisers,https://cn--xtb.noxinfluencer.com/youtube/channel/UCaZniNthFHrS9N2sUzlm4Jg,-9,badcase,汽车改装频道，和割草机推广受众不符，近10条全是车相关
9863,UCuQJ3kqWCCZy5xHrY-GfWFA,Kindercanary,https://cn--xtb.noxinfluencer.com/youtube/channel/UCuQJ3kqWCCZy5xHrY-GfWFA,-10,badcase,随机短视频杂内容，缺少园艺/工具/购买意图，近10条都不相关
9864,UCQ260tAlGefhBoyXm81IOig,Grease & Gears,https://cn--xtb.noxinfluencer.com/youtube/channel/UCQ260tAlGefhBoyXm81IOig,-10,badcase,养老故事+汽车资讯混杂，和割草机推广场景不匹配
9866,UCSw3q0OPyWJcu9ZJe35N6wA,CraigShipp.com,https://cn--xtb.noxinfluencer.com/youtube/channel/UCSw3q0OPyWJcu9ZJe35N6wA,-10,badcase,标签无直接相关，近期内容几乎全不匹配，适合度很低
9867,UC7dNOJUxl0O89jpJyfiyK4w,Devan Chance,https://cn--xtb.noxinfluencer.com/youtube/channel/UC7dNOJUxl0O89jpJyfiyK4w,-10,badcase,越野卡车频道，近10条内容都与割草机推广无关。
9868,UC8lfKL5ByE9VoEdD5jE71Qg,Jiecang_Global,https://cn--xtb.noxinfluencer.com/youtube/channel/UC8lfKL5ByE9VoEdD5jE71Qg,-10,badcase,企业科技和健康内容，和割草机推广没有直接受众相关。
9869,UCD5WG9CmWTOU-GZCGI69nIA,William Collins,https://cn--xtb.noxinfluencer.com/youtube/channel/UCD5WG9CmWTOU-GZCGI69nIA,-10,badcase,刀具制作与售卖频道，和割草机主题及受众都不匹配。
9870,UCulPfInm4nfwEgX2jXwz4Ig,Globally Cars,https://cn--xtb.noxinfluencer.com/youtube/channel/UCulPfInm4nfwEgX2jXwz4Ig,-10,badcase,汽车维修频道，与割草机推广场景和受众不匹配
9871,UCbhEPKT-AVymse7W7KeH5ng,ChopShop Media Works,https://cn--xtb.noxinfluencer.com/youtube/channel/UCbhEPKT-AVymse7W7KeH5ng,-10,badcase,广告制作频道，不是割草机产品或使用场景相关创作者。
9872,UCNRep22JoiZCsmZ6AOdzVtQ,360DigitalStudios,https://cn--xtb.noxinfluencer.com/youtube/channel/UCNRep22JoiZCsmZ6AOdzVtQ,-25,badcase,影视音乐内容为主，与割草机推广场景明显不符
9873,UCfFAXZvm5rGjWbVVChGyPPA,Double DeeeZ Slings,https://cn--xtb.noxinfluencer.com/youtube/channel/UCfFAXZvm5rGjWbVVChGyPPA,-10,badcase,弹弓DIY频道，与割草机推广关联很弱
9875,UC1hxdfyX8OsSMfg3JzMWk1A,Elvis Chibundu,https://cn--xtb.noxinfluencer.com/youtube/channel/UC1hxdfyX8OsSMfg3JzMWk1A,-10,badcase,科技游戏教程为主，与割草机产品不匹配
9876,UCzWUdALtEGxOJsYKYLC1DKA,gitanjali laishram,https://cn--xtb.noxinfluencer.com/youtube/channel/UCzWUdALtEGxOJsYKYLC1DKA,-12,badcase,生活/美食类为主，仅少量家用测评，缺少草坪护理或园林工具意图
9877,UCg-OSYaTM7gOl5CkXKHBNvQ,Hauntcast,https://cn--xtb.noxinfluencer.com/youtube/channel/UCg-OSYaTM7gOl5CkXKHBNvQ,-25,badcase,恐怖/万圣节/娱乐内容，和割草机推广场景明显不符
9878,UCDuOBj4cuOzyiKwvSixtr8A,panchoelmichoacano2,https://cn--xtb.noxinfluencer.com/youtube/channel/UCDuOBj4cuOzyiKwvSixtr8A,-10,badcase,音乐+宠物频道，缺少园艺/工具购买与使用场景
9879,UCEyCKSy4Gre_ZoPKcH0kGBA,Kindzilla,https://cn--xtb.noxinfluencer.com/youtube/channel/UCEyCKSy4Gre_ZoPKcH0kGBA,-25,badcase,搞笑短剧娱乐为主，和割草机产品推广不匹配
9880,UCMhSpndWeUU2nqAb29A8UKQ,sáng tạo hay - mỗi ngày,https://cn--xtb.noxinfluencer.com/youtube/channel/UCMhSpndWeUU2nqAb29A8UKQ,-9,badcase,DIY手作频道偏电子制作，和割草机只有很弱的泛工具相关
9881,UCFxgx3eRpm7JaDFXWStD2kg,ASA Electronics,https://cn--xtb.noxinfluencer.com/youtube/channel/UCFxgx3eRpm7JaDFXWStD2kg,-11,badcase,频道偏RV电子设备安装与排障，非园艺/割草机推广场景
9882,UCDXYgT0SBuVRyo6txMaw8QQ,Lori Dickman,https://cn--xtb.noxinfluencer.com/youtube/channel/UCDXYgT0SBuVRyo6txMaw8QQ,-10,badcase,全是缝纫拼布内容，和割草机推广无关
9883,UCa-vVuSa9w2Npa08ai3wdCQ,Synisoft,https://cn--xtb.noxinfluencer.com/youtube/channel/UCa-vVuSa9w2Npa08ai3wdCQ,-25,badcase,频道偏娱乐/影视/身高对比，近期内容无园艺割草机场景
9884,UCKLMmCGGmKBSwkrgAwnf0Kw,YellowBall Roofing & Solar,https://cn--xtb.noxinfluencer.com/youtube/channel/UCKLMmCGGmKBSwkrgAwnf0Kw,-10,badcase,太阳能安装服务号，和割草机产品推广不相关
9885,UC8jc8na8_UBRaggV5y8rg-A,Bissell Maple Farm,https://cn--xtb.noxinfluencer.com/youtube/channel/UC8jc8na8_UBRaggV5y8rg-A,-7,badcase,枫糖农场内容为主，仅弱农业场景重合，近期无割草机相关内容
9886,UCWgd7L1sI7IvXaTPcZmxOEg,Pawnetic,https://cn--xtb.noxinfluencer.com/youtube/channel/UCWgd7L1sI7IvXaTPcZmxOEg,-25,badcase,动物救援和宠物内容，明显不适合割草机推广
9887,UCUDR6p5PQAgunS2D9mlzCyA,Electric Rideables,https://cn--xtb.noxinfluencer.com/youtube/channel/UCUDR6p5PQAgunS2D9mlzCyA,-10,badcase,交通工具垂类，近10条全是电动车/自行车内容，与割草机推广不相关
9888,UCbEFGXo9baT0VPk6rMKYNIA,Relaxation Music 8K,https://cn--xtb.noxinfluencer.com/youtube/channel/UCbEFGXo9baT0VPk6rMKYNIA,-35,badcase,音乐放松频道，且无园林/工具购买或测评语境
9889,UCvae5kJwEdFoH-QXSKXadhQ,SlikRok Productions,https://cn--xtb.noxinfluencer.com/youtube/channel/UCvae5kJwEdFoH-QXSKXadhQ,-25,badcase,越野UTV内容，和割草机推广场景不相干
9890,UCEQxnMu1cFcFnHyuxTe_YXw,crazyalcayne,https://cn--xtb.noxinfluencer.com/youtube/channel/UCEQxnMu1cFcFnHyuxTe_YXw,-25,badcase,BMX/自行车垂类，和割草机购买场景不匹配
9891,UCa5l4xFQcnU1jaI8S0qxm9w,Diy & restoration,https://cn--xtb.noxinfluencer.com/youtube/channel/UCa5l4xFQcnU1jaI8S0qxm9w,-8,badcase,有DIY修复氛围，但主要是音箱内容，缺少草坪工具语境
9892,UC-G1gnSRHZCJZnjX1ZRu4lw,next 3D Modelling,https://cn--xtb.noxinfluencer.com/youtube/channel/UC-G1gnSRHZCJZnjX1ZRu4lw,-10,badcase,以水压测试和建模为主，和草坪机推广缺少直接场景
9893,UCIKJ8-g4Ie2yJ7BQl7BIu2w,Official Tiger OG,https://cn--xtb.noxinfluencer.com/youtube/channel/UCIKJ8-g4Ie2yJ7BQl7BIu2w,-20,badcase,娱乐搞笑和动物内容为主，和草坪机投放场景明显不符
9895,UCJXlku2391KWuA9AJ9v7SjA,True Renovation,https://cn--xtb.noxinfluencer.com/youtube/channel/UCJXlku2391KWuA9AJ9v7SjA,-10,badcase,内容集中旧屋修复叙事，缺少草坪护理或割草机推广意图
9896,UCt25upkPSjhBLhymmtvIgew,Spraying Systems Co.,https://cn--xtb.noxinfluencer.com/youtube/channel/UCt25upkPSjhBLhymmtvIgew,-10,badcase,工业喷淋与制造内容为主，和家用草坪机受众不一致
9897,UCBlXBf51JnqmS0lmBuuD7xg,Hazmore Outdoor Products,https://cn--xtb.noxinfluencer.com/youtube/channel/UCBlXBf51JnqmS0lmBuuD7xg,-10,badcase,户外钓鱼/船修为主，近10条也偏越野和钓鱼，不适合割草机推广
9898,UCWLdJWC5igAWQBzefbaKmkA,The Crazy Creative Teacher - Meghan Mayer,https://cn--xtb.noxinfluencer.com/youtube/channel/UCWLdJWC5igAWQBzefbaKmkA,-10,badcase,教师/课堂搞笑内容为主，近10条多为家庭杂谈，不适合割草机推广
9899,UCYRP0B-terwKonFIipRki2w,Daily•_•Driven,https://cn--xtb.noxinfluencer.com/youtube/channel/UCYRP0B-terwKonFIipRki2w,-10,badcase,汽车改装与性能评测频道，与割草机推广无关
9900,UCO5W0nT_pQvn8ETBmyhM9bg,Made With Love By Glama,https://cn--xtb.noxinfluencer.com/youtube/channel/UCO5W0nT_pQvn8ETBmyhM9bg,-10,badcase,钩织手作与美容内容为主，和割草机推广没有关系
9901,UCtcDA1b1-NkaEWnlOyQZssw,Cleaning Service Channel,https://cn--xtb.noxinfluencer.com/youtube/channel/UCtcDA1b1-NkaEWnlOyQZssw,-25,badcase,ASMR清洁为主，偏音效满足型内容，不适合割草机推广
9902,UCq9WWg7PK6vCXdknsKoG8KQ,Freebird’s Garage,https://cn--xtb.noxinfluencer.com/youtube/channel/UCq9WWg7PK6vCXdknsKoG8KQ,-10,badcase,摩托维修频道，近期内容全是哈雷改装，与割草机无关
9903,UCxMBsYia1QuqIGnAyUZEA_g,Motor Fab Channel,https://cn--xtb.noxinfluencer.com/youtube/channel/UCxMBsYia1QuqIGnAyUZEA_g,-10,badcase,赛车拖车频道，近期内容与割草机完全不符
9904,UCt8CWbTRLFkkVHI6hl1Ez3Q,BINOSKA,https://cn--xtb.noxinfluencer.com/youtube/channel/UCt8CWbTRLFkkVHI6hl1Ez3Q,-25,badcase,纯游戏频道，和割草机推广不相关
9905,UCxCMM5gQPJ_TvK2oyQaOtkQ,Islam & Eschatology,https://cn--xtb.noxinfluencer.com/youtube/channel/UCxCMM5gQPJ_TvK2oyQaOtkQ,-25,badcase,ASMR放松切菜内容，属于音频型娱乐，不适合割草机推广
9906,UC67J0vLCRG5Ed_V-q6kjW0g,Story Animals Zone,https://cn--xtb.noxinfluencer.com/youtube/channel/UC67J0vLCRG5Ed_V-q6kjW0g,-25,badcase,AI动物故事短视频为主，和割草机人群无关
9907,UCoiQKRQ8WwuvDWOw759Fp-w,Angel Rhymes,https://cn--xtb.noxinfluencer.com/youtube/channel/UCoiQKRQ8WwuvDWOw759Fp-w,-25,badcase,儿童儿歌频道，受众与割草机推广完全不匹配，近10条也都不相关
9908,UCN50FugHe-GwnG-0mfXJa4Q,Dan the Fix it Man,https://cn--xtb.noxinfluencer.com/youtube/channel/UCN50FugHe-GwnG-0mfXJa4Q,-10,badcase,汽车维修频道，无园艺割草机推广语境，近况不匹配
9909,UCTdjJms22k-d758ayyi0KNw,FMF,https://cn--xtb.noxinfluencer.com/youtube/channel/UCTdjJms22k-d758ayyi0KNw,-10,badcase,杂货测评型频道，近期内容无割草机或园艺购买场景
9910,UCt30-EJbky0wy5kE5ORpvTA,Sawmilling,https://cn--xtb.noxinfluencer.com/youtube/channel/UCt30-EJbky0wy5kE5ORpvTA,-10,badcase,锯木厂内容与割草机是不同机械领域，近10条全是木材加工
9911,UCNTG617DNQJrsTcP-t9PTzw,A Flourishing Place,https://cn--xtb.noxinfluencer.com/youtube/channel/UCNTG617DNQJrsTcP-t9PTzw,-10,badcase,收纳整理频道偏家居内务，缺少园艺/割草机购买或使用场景
9912,UCW7ouLHhIUfPaN9pQrGYwmQ,Rogue Fabrication,https://cn--xtb.noxinfluencer.com/youtube/channel/UCW7ouLHhIUfPaN9pQrGYwmQ,-10,badcase,焊接/改装/工具频道，和割草机推广受众不匹配
9913,UCNZ1dTrtLRBKLash9jXyvfA,Tri Star Homestead,https://cn--xtb.noxinfluencer.com/youtube/channel/UCNZ1dTrtLRBKLash9jXyvfA,0,badcase,家园农场内容有场景邻近，但缺少割草机购买/评测意图，近期多为种植建造。
9914,UCrDTIyFixdF4iSjmE_-R7VQ,Gregg Festo,https://cn--xtb.noxinfluencer.com/youtube/channel/UCrDTIyFixdF4iSjmE_-R7VQ,-10,badcase,汽车改装为主，缺少割草机或园艺设备语境
9915,UCE6w3TI3kS3fpOkXwkDTzLg,Nathan Reed,https://cn--xtb.noxinfluencer.com/youtube/channel/UCE6w3TI3kS3fpOkXwkDTzLg,-10,badcase,新闻/野生动物/执法内容为主，和割草机推广无关
9917,UCVtT7djkK_nejt5myq45JOg,717 PROJECT,https://cn--xtb.noxinfluencer.com/youtube/channel/UCVtT7djkK_nejt5myq45JOg,-10,badcase,汽车改装/护理频道，与割草机品类和受众不匹配
9918,UCkfqZHN1Amu1AxB7eOnzYlw,Regal Rexnord,https://cn--xtb.noxinfluencer.com/youtube/channel/UCkfqZHN1Amu1AxB7eOnzYlw,-10,badcase,工业传动设备B2B频道，和家用割草机推广目标不相关
9919,UCqOzbc91gt7obmMimKWqW0Q,Earl’s Detailing,https://cn--xtb.noxinfluencer.com/youtube/channel/UCqOzbc91gt7obmMimKWqW0Q,-10,badcase,汽车美容服务频道，内容与园艺割草机没有场景重合
9920,UCGNonnoUnoib9Fu962ocw4w,Microne,https://cn--xtb.noxinfluencer.com/youtube/channel/UCGNonnoUnoib9Fu962ocw4w,-10,badcase,Roblox游戏攻略频道，属于娱乐内容，和割草机无关
9921,UCMELHrvlIeLw1ADxip-3YKg,Tom Bolles,https://cn--xtb.noxinfluencer.com/youtube/channel/UCMELHrvlIeLw1ADxip-3YKg,-10,badcase,影视拍摄/调色频道，非工具家电类推广场景
9922,UCe1KEvZN-iyWwFDd0ZBSEBg,Construction Trending,https://cn--xtb.noxinfluencer.com/youtube/channel/UCe1KEvZN-iyWwFDd0ZBSEBg,-6,badcase,以清理/家居场景弱相关，但主体是施工事故和废墟内容，近10条也多不匹配
9923,UCbqlByugr4H4gh7wJyCxwJA,Faithful Journey Solar Solutions,https://cn--xtb.noxinfluencer.com/youtube/channel/UCbqlByugr4H4gh7wJyCxwJA,-10,badcase,RV太阳能安装垂直，和割草机受众几乎无关，近10条全是系统安装
9924,UCbnkzZ9UuOaGD0kE1WEMQgA,West Michigan Truck Spotting,https://cn--xtb.noxinfluencer.com/youtube/channel/UCbnkzZ9UuOaGD0kE1WEMQgA,-25,badcase,卡车观赏垂直，和家用割草机推广明显不相干，近10条全部不匹配
9925,UCq4zH3-z2SX1giH5PeR5XUw,Get Lost Off-Road,https://cn--xtb.noxinfluencer.com/youtube/channel/UCq4zH3-z2SX1giH5PeR5XUw,-10,badcase,频道聚焦越野露营装备，近期内容与割草机推广无关
9926,UCruOXtvxS3l-IaKBYv5kGyw,Ellenpro,https://cn--xtb.noxinfluencer.com/youtube/channel/UCruOXtvxS3l-IaKBYv5kGyw,-10,badcase,知识变现课程号，内容是课程/心态短视频，与割草机推广无关
9927,UCV9WfotozINvVJT3gBx8Jsg,PixelForge,https://cn--xtb.noxinfluencer.com/youtube/channel/UCV9WfotozINvVJT3gBx8Jsg,-22,badcase,动画/模板/ASMR模拟为主，和割草机推广场景明显不符
9928,UCjw662NkJAGbQMfJYvxlpvQ,RJ VLOG,https://cn--xtb.noxinfluencer.com/youtube/channel/UCjw662NkJAGbQMfJYvxlpvQ,-10,badcase,音乐翻唱和日常 vlog 为主，缺少园艺/工具/购买意图
9929,UCkb1spIG_2TkbgQeCbhCJ0g,PK Skills,https://cn--xtb.noxinfluencer.com/youtube/channel/UCkb1spIG_2TkbgQeCbhCJ0g,-14,badcase,工业制造/机械过程频道，缺少草坪园艺或割草机推广语境
9930,UCs68zr0Zb8diypYZHClgdzw,The Busy B,https://cn--xtb.noxinfluencer.com/youtube/channel/UCs68zr0Zb8diypYZHClgdzw,-10,badcase,车玩具和车库内容为主，和园艺割草机受众不匹配
9931,UCroD4_nDnt5g7btVGivuUMg,New Tech Industries,https://cn--xtb.noxinfluencer.com/youtube/channel/UCroD4_nDnt5g7btVGivuUMg,-10,badcase,网络布线与安防产品频道，和割草机主题无关
9932,UCp1ZOpvk7I5Qh8HSXIVxQ2Q,Flicknest,https://cn--xtb.noxinfluencer.com/youtube/channel/UCp1ZOpvk7I5Qh8HSXIVxQ2Q,-23,badcase,清洁/ASMR娱乐向，缺少割草机购买或测评场景
9933,UCh1TbLGBKH1Z-sa8gVVZMjA,Topplay Cody,https://cn--xtb.noxinfluencer.com/youtube/channel/UCh1TbLGBKH1Z-sa8gVVZMjA,-25,badcase,儿童动画受众，和割草机推广人群明显不符
9934,UCIL1R0lt25_L9S_qugVFjwQ,PhilYu,https://cn--xtb.noxinfluencer.com/youtube/channel/UCIL1R0lt25_L9S_qugVFjwQ,-10,badcase,泛科技游戏频道，和割草机购买场景关联很弱
9935,UCwa2m_YAVMKlnluV9WiWQOA,Rad Ops TV,https://cn--xtb.noxinfluencer.com/youtube/channel/UCwa2m_YAVMKlnluV9WiWQOA,-25,badcase,狩猎枪械主内容，和家用割草机推广不适配
9937,UCt1G-jOcjmIrw8QadDFb72A,Cyber Wild Studio,https://cn--xtb.noxinfluencer.com/youtube/channel/UCt1G-jOcjmIrw8QadDFb72A,-30,badcase,以音乐娱乐为主，近期机器人汽车内容也不对应割草机推广
9938,UCO6kUqPsGo1RKw6vcikosuw,Process Colossus,https://cn--xtb.noxinfluencer.com/youtube/channel/UCO6kUqPsGo1RKw6vcikosuw,-8,badcase,偏工厂制造纪录片，只有泛工业语境，和家用割草机促销不够贴合
9940,UCjZU2l98Q1Tljr0xMVX2Qcw,Explorer Rusty Johnson,https://cn--xtb.noxinfluencer.com/youtube/channel/UCjZU2l98Q1Tljr0xMVX2Qcw,-25,badcase,野生动物/娱乐向，近期内容多为睡眠与冒险，和割草机无关
9941,UCcUDuzDKXGyC9U_WNrxTheQ,LTT Machine,https://cn--xtb.noxinfluencer.com/youtube/channel/UCcUDuzDKXGyC9U_WNrxTheQ,-21,badcase,娱乐/失败集锦为主，缺少割草机产品、测评或购买意图
9942,UCX79jmUb5T3qvo1jMPUSRuw,Creative Frugal Fun,https://cn--xtb.noxinfluencer.com/youtube/channel/UCX79jmUb5T3qvo1jMPUSRuw,-10,badcase,无草坪/割草机相关标签，近期内容偏家居省钱DIY，投放不匹配
9943,UC9XvDmMaYgiynRy46rbRKPQ,Agriculture Process TV,https://cn--xtb.noxinfluencer.com/youtube/channel/UC9XvDmMaYgiynRy46rbRKPQ,-8,badcase,农业/收割偏行业纪录片，和家用割草机推广场景弱相关
9944,UC4ppc207yFcH_b9Td3hxaCQ,VOZOL RUSSIA,https://cn--xtb.noxinfluencer.com/youtube/channel/UC4ppc207yFcH_b9Td3hxaCQ,-35,badcase,ASMR/开箱且主做电子烟，属于明显格式和受众错配
9945,UCr18hIV7SRmquKPvW-HBlew,Mamadou Diallo,https://cn--xtb.noxinfluencer.com/youtube/channel/UCr18hIV7SRmquKPvW-HBlew,-10,badcase,房产金融内容与割草机购买场景关联弱，近期也不相关
9946,UCOA2SbBKju4y2ohCrm__34w,Đam Mê Âm Thanh [ĐamMê_Audio] Official,https://cn--xtb.noxinfluencer.com/youtube/channel/UCOA2SbBKju4y2ohCrm__34w,-10,badcase,音频设备与调音内容不适合割草机投放，近期无相关内容
9947,UC2xEDQp9yKaMK6Xco20cANQ,hipe clips,https://cn--xtb.noxinfluencer.com/youtube/channel/UC2xEDQp9yKaMK6Xco20cANQ,-10,badcase,近期内容是改造/冲击类短片，与割草机推广无关
9949,UCG2beieySAEu34efTld7zJg,Reverie,https://cn--xtb.noxinfluencer.com/youtube/channel/UCG2beieySAEu34efTld7zJg,-10,badcase,电动床/床垫品牌号，和割草机品类完全不搭
9951,UCQ260tAlGefhBoyXm81IOig,Grease & Gears,https://cn--xtb.noxinfluencer.com/youtube/channel/UCQ260tAlGefhBoyXm81IOig,-10,badcase,频道偏老年故事与汽车内容，和割草机推广无关
9952,UCb3g8anFPwHFio7zQjbFkRQ,atlas46,https://cn--xtb.noxinfluencer.com/youtube/channel/UCb3g8anFPwHFio7zQjbFkRQ,-10,badcase,工具收纳品牌频道，缺少割草机/园林设备推广语境，近期内容不匹配
9953,UCSw3q0OPyWJcu9ZJe35N6wA,CraigShipp.com,https://cn--xtb.noxinfluencer.com/youtube/channel/UCSw3q0OPyWJcu9ZJe35N6wA,-1,badcase,频道偏比特币/生活杂项，缺少园艺工具或割草机推广语境
9954,UC7dNOJUxl0O89jpJyfiyK4w,Devan Chance,https://cn--xtb.noxinfluencer.com/youtube/channel/UC7dNOJUxl0O89jpJyfiyK4w,-10,badcase,频道主轴是卡车越野改装，近期全是车辆维修与安装，和割草机不匹配
9955,UC8lfKL5ByE9VoEdD5jE71Qg,Jiecang_Global,https://cn--xtb.noxinfluencer.com/youtube/channel/UC8lfKL5ByE9VoEdD5jE71Qg,-10,badcase,企业线偏线性驱动/医疗办公设备，缺少面向割草机推广的消费场景
9956,UCgPltBIkzxcgYLuRt2yYBQg,Jon Lach,https://cn--xtb.noxinfluencer.com/youtube/channel/UCgPltBIkzxcgYLuRt2yYBQg,-25,badcase,音乐说唱内容与割草机商品推广场景明显不符，属于强格式不匹配
9957,UCulPfInm4nfwEgX2jXwz4Ig,Globally Cars,https://cn--xtb.noxinfluencer.com/youtube/channel/UCulPfInm4nfwEgX2jXwz4Ig,-10,badcase,全是汽车维修/改装内容，与割草机推广场景不匹配
9958,UCbhEPKT-AVymse7W7KeH5ng,ChopShop Media Works,https://cn--xtb.noxinfluencer.com/youtube/channel/UCbhEPKT-AVymse7W7KeH5ng,-10,badcase,媒体制作和TV promo为主，没有割草机或园艺受众
9959,UCnRCO5qCNeoIUflFCpIf8sw,MeantToBeLindseyB,https://cn--xtb.noxinfluencer.com/youtube/channel/UCnRCO5qCNeoIUflFCpIf8sw,-9,badcase,有草坪护理标签，但主频道偏生活搞笑美妆，近作几乎不匹配割草机推广
9960,UCyQoBI1WyC5bDxRIrLlSpkg,RacerRed,https://cn--xtb.noxinfluencer.com/youtube/channel/UCyQoBI1WyC5bDxRIrLlSpkg,-10,badcase,越野摩托/机车内容，和割草机受众与场景都不匹配
9961,UCNRep22JoiZCsmZ6AOdzVtQ,360DigitalStudios,https://cn--xtb.noxinfluencer.com/youtube/channel/UCNRep22JoiZCsmZ6AOdzVtQ,-10,badcase,影视/娱乐与商业制作为主，缺少家用园艺产品受众
9962,UCfFAXZvm5rGjWbVVChGyPPA,Double DeeeZ Slings,https://cn--xtb.noxinfluencer.com/youtube/channel/UCfFAXZvm5rGjWbVVChGyPPA,-9,badcase,内容是弹弓制作/测试，只有泛化爱好标签，近10条都不相关，与割草机推广无关
9963,UC1hxdfyX8OsSMfg3JzMWk1A,Elvis Chibundu,https://cn--xtb.noxinfluencer.com/youtube/channel/UC1hxdfyX8OsSMfg3JzMWk1A,-10,badcase,技术教程频道，近期全是Windows/安卓/手机操作，与割草机无关
9964,UCzWUdALtEGxOJsYKYLC1DKA,gitanjali laishram,https://cn--xtb.noxinfluencer.com/youtube/channel/UCzWUdALtEGxOJsYKYLC1DKA,-13,badcase,生活美食频道，仅偶有园艺/产品评测，缺少割草机相关推广意图
9965,UCg-OSYaTM7gOl5CkXKHBNvQ,Hauntcast,https://cn--xtb.noxinfluencer.com/youtube/channel/UCg-OSYaTM7gOl5CkXKHBNvQ,-25,badcase,恐怖/万圣节娱乐频道，主内容形态与割草机商品推广明显不适配
9966,UCDuOBj4cuOzyiKwvSixtr8A,panchoelmichoacano2,https://cn--xtb.noxinfluencer.com/youtube/channel/UCDuOBj4cuOzyiKwvSixtr8A,-10,badcase,音乐+宠物内容为主，近期也无割草机或园艺购买场景
9967,UCEyCKSy4Gre_ZoPKcH0kGBA,Kindzilla,https://cn--xtb.noxinfluencer.com/youtube/channel/UCEyCKSy4Gre_ZoPKcH0kGBA,-25,badcase,娱乐短剧号，和割草机推广完全不符
9968,UCMhSpndWeUU2nqAb29A8UKQ,sáng tạo hay - mỗi ngày,https://cn--xtb.noxinfluencer.com/youtube/channel/UCMhSpndWeUU2nqAb29A8UKQ,-10,badcase,创意手作/维修向，和割草机受众弱相关且近期不匹配
9970,UCa-vVuSa9w2Npa08ai3wdCQ,Synisoft,https://cn--xtb.noxinfluencer.com/youtube/channel/UCa-vVuSa9w2Npa08ai3wdCQ,-15,badcase,娱乐/数码促销频道，近期内容无草坪机或园艺工具相关
9971,UC8jc8na8_UBRaggV5y8rg-A,Bissell Maple Farm,https://cn--xtb.noxinfluencer.com/youtube/channel/UC8jc8na8_UBRaggV5y8rg-A,1,badcase,枫糖农场内容，仅有农场场景弱相关，无割草机推广意图
9972,UCWgd7L1sI7IvXaTPcZmxOEg,Pawnetic,https://cn--xtb.noxinfluencer.com/youtube/channel/UCWgd7L1sI7IvXaTPcZmxOEg,-25,badcase,动物搞笑救援内容，和割草机促销场景不匹配
9973,UCdbXR5a1nHpGy4ombtMW9XA,Poor Boys Diesel,https://cn--xtb.noxinfluencer.com/youtube/channel/UCdbXR5a1nHpGy4ombtMW9XA,-10,badcase,柴油卡车维修频道，与割草机购买推广关联很弱
9974,UCuqicWX8bu2XPFLFngGRDlg,CRUTCHFIELD,https://cn--xtb.noxinfluencer.com/youtube/channel/UCuqicWX8bu2XPFLFngGRDlg,-5,badcase,评测型频道可承接推广，但近期内容与割草机无关
9975,UCbEFGXo9baT0VPk6rMKYNIA,Relaxation Music 8K,https://cn--xtb.noxinfluencer.com/youtube/channel/UCbEFGXo9baT0VPk6rMKYNIA,-25,badcase,纯放松音乐/风景内容，属于明显格式错配
9976,UCAxgBtFvH5nk6m1_PpURf8Q,Fix and Maintain,https://cn--xtb.noxinfluencer.com/youtube/channel/UCAxgBtFvH5nk6m1_PpURf8Q,-10,badcase,汽车维修内容可偏DIY，但与割草机品类不对口
9977,UCvae5kJwEdFoH-QXSKXadhQ,SlikRok Productions,https://cn--xtb.noxinfluencer.com/youtube/channel/UCvae5kJwEdFoH-QXSKXadhQ,-25,badcase,频道主打UTV越野车辆，近期内容与割草机推广不匹配
9978,UCEQxnMu1cFcFnHyuxTe_YXw,crazyalcayne,https://cn--xtb.noxinfluencer.com/youtube/channel/UCEQxnMu1cFcFnHyuxTe_YXw,-10,badcase,BMX/自行车频道，和割草机的家庭园艺购买场景基本不符
9979,UCa5l4xFQcnU1jaI8S0qxm9w,Diy & restoration,https://cn--xtb.noxinfluencer.com/youtube/channel/UCa5l4xFQcnU1jaI8S0qxm9w,-8,badcase,DIY修复号偏音箱/电器翻新，只有泛修理受众可沾边
9980,UCL44bjEQeiu3xOzCwy6wr0A,Cement Craft Ideas - DIY Projects,https://cn--xtb.noxinfluencer.com/youtube/channel/UCL44bjEQeiu3xOzCwy6wr0A,-8,badcase,水泥手作/花盆/咖啡桌内容为主，和割草机促销场景不合
9981,UCJXlku2391KWuA9AJ9v7SjA,True Renovation,https://cn--xtb.noxinfluencer.com/youtube/channel/UCJXlku2391KWuA9AJ9v7SjA,-10,badcase,家居翻新叙事号，受众可沾边但近期内容几乎全是房屋故事
9982,UCToivDla0ch6zWtY2I8kzig,Rain or Shine Golf,https://cn--xtb.noxinfluencer.com/youtube/channel/UCToivDla0ch6zWtY2I8kzig,-10,badcase,高尔夫模拟器频道，近10条全是高尔夫内容，与割草机推广无关
9983,UCBlXBf51JnqmS0lmBuuD7xg,Hazmore Outdoor Products,https://cn--xtb.noxinfluencer.com/youtube/channel/UCBlXBf51JnqmS0lmBuuD7xg,-10,badcase,户外钓鱼/狩猎为主，最近内容与割草机推广几乎无关
9984,UCWLdJWC5igAWQBzefbaKmkA,The Crazy Creative Teacher - Meghan Mayer,https://cn--xtb.noxinfluencer.com/youtube/channel/UCWLdJWC5igAWQBzefbaKmkA,-10,badcase,教师日常与家庭趣味内容，和割草机产品推广不相关
9985,UCYRP0B-terwKonFIipRki2w,Daily•_•Driven,https://cn--xtb.noxinfluencer.com/youtube/channel/UCYRP0B-terwKonFIipRki2w,-10,badcase,汽车改装频道，最近全是车型改装与安装内容，和割草机不搭
9986,UCO5W0nT_pQvn8ETBmyhM9bg,Made With Love By Glama,https://cn--xtb.noxinfluencer.com/youtube/channel/UCO5W0nT_pQvn8ETBmyhM9bg,-10,badcase,钩织手作与美容内容为主，最近内容也不适合割草机推广
9987,UCIUNXA8h9EgxQNDtzK1Ct6Q,Expert-World,https://cn--xtb.noxinfluencer.com/youtube/channel/UCIUNXA8h9EgxQNDtzK1Ct6Q,-5,badcase,有DIY/维修标签，但近期内容多为娱乐杂项，割草机推广不匹配
9988,UC50pn0ehvilKKJjBKrFaS4A,Cory J. Draper,https://cn--xtb.noxinfluencer.com/youtube/channel/UC50pn0ehvilKKJjBKrFaS4A,-10,badcase,MLM培训频道，近期全是赚钱/直播话题，和割草机无关
9990,UCw0SfTHw7-ZutqsPMJWCQVQ,Mike Rochester,https://cn--xtb.noxinfluencer.com/youtube/channel/UCw0SfTHw7-ZutqsPMJWCQVQ,-9,badcase,内容几乎全是电助力自行车，和割草机品类偏离过大
9991,UCtOw7nTgL3zB4mXH1K2Ib0w,Jodi Renshaw,https://cn--xtb.noxinfluencer.com/youtube/channel/UCtOw7nTgL3zB4mXH1K2Ib0w,-10,badcase,生活/宠物/自然杂内容为主，和割草机推广没有明显关联
9992,UCS8GBhEfMVuZV-SDzvyd7LA,Inventor Holic,https://cn--xtb.noxinfluencer.com/youtube/channel/UCS8GBhEfMVuZV-SDzvyd7LA,-8,badcase,DIY回收改造为主，缺少割草机评测/购买意图，近期内容全不匹配
9993,UCj_QEBdrZO2xelW6V5viv3Q,HOLY FIRE DEFENSE,https://cn--xtb.noxinfluencer.com/youtube/channel/UCj_QEBdrZO2xelW6V5viv3Q,-25,badcase,枪械防卫频道，和割草机推广主题完全不相干，近期内容也全是枪械
9994,UCpwh2vYR2osJnHEDjDzO7WA,Central Alps,https://cn--xtb.noxinfluencer.com/youtube/channel/UCpwh2vYR2osJnHEDjDzO7WA,-10,badcase,卡车升高改装频道，和割草机购买场景不一致，近10条全是汽车改装
9995,UCw33UJv5xIkvWKQrtSwJhXA,Old Guy And A Bike,https://cn--xtb.noxinfluencer.com/youtube/channel/UCw33UJv5xIkvWKQrtSwJhXA,-10,badcase,骑行频道，受众偏运动出行，不是割草机购买场景，近期内容全骑行
9996,UCvKO8jIUE6i1Weng01aqgEw,Melissa Brennan,https://cn--xtb.noxinfluencer.com/youtube/channel/UCvKO8jIUE6i1Weng01aqgEw,-10,badcase,美妆穿搭生活频道，缺少园艺/家居工具购买意图，近期内容偏生活记录
9997,UCjxwRkJKWDmahJmLzp_Mu1A,Tech Services,https://cn--xtb.noxinfluencer.com/youtube/channel/UCjxwRkJKWDmahJmLzp_Mu1A,-6,badcase,汽车维修向，和割草机推广仅有泛机械弱相关，近期内容全不匹配
9998,UCJxfiE2GosmOPS-4xfQDXtw,Detailing Breakdown,https://cn--xtb.noxinfluencer.com/youtube/channel/UCJxfiE2GosmOPS-4xfQDXtw,-10,badcase,频道是汽车洗护内容，与割草机推广几乎无关
9999,UCtcj0n9mMdkmEhER8BkC1SQ,KEYS MOTHS,https://cn--xtb.noxinfluencer.com/youtube/channel/UCtcj0n9mMdkmEhER8BkC1SQ,-10,badcase,昆虫科普频道，与割草机推广无关，近10条内容全不匹配
10000,UC9M1vEGhRgd28qniDu-pDew,Brick Bloopers,https://cn--xtb.noxinfluencer.com/youtube/channel/UC9M1vEGhRgd28qniDu-pDew,-25,badcase,施工失败剪辑型频道，缺少割草机评测/购买/使用场景，近期内容全不相关
