rank,channel_id,channel_name,channel_url,score,suggested_label,why_short
11,UCIS_t7BSMRUjpe-oRjJ042A,Modern Reviews,https://cn.noxinfluencer.com/youtube/channel/UCIS_t7BSMRUjpe-oRjJ042A,0,badcase,生活/DIY标签泛化，缺少充电宝相关信号
14,UC3f-DJSYl-UBjFKP6P2eFAQ,GOODaaa Official,https://cn.noxinfluencer.com/youtube/channel/UC3f-DJSYl-UBjFKP6P2eFAQ,0,badcase,无标签无内容，无法判断相关性
20,UCUzwYBo6tmwsVKkVRtISzpw,The Ghetographer,https://cn.noxinfluencer.com/youtube/channel/UCUzwYBo6tmwsVKkVRtISzpw,0,badcase,无标签无内容线索，无法判断为充电宝相关频道
21,UCy_LbUw93GTUz5cW6X_CHHQ,Tools and Gadgets,https://cn.noxinfluencer.com/youtube/channel/UCy_LbUw93GTUz5cW6X_CHHQ,0,badcase,标签全是泛流量/平台词，与充电宝推广无明确相关
29,UCPicB6zsJutW3AVNmLA0EQg,Joseph Singer,https://cn.noxinfluencer.com/youtube/channel/UCPicB6zsJutW3AVNmLA0EQg,0,badcase,无标签无内容，无法判断为相关频道
31,UCcIXFu21t_OWKVwaI_5jYVg,Today's Deals,https://cn.noxinfluencer.com/youtube/channel/UCcIXFu21t_OWKVwaI_5jYVg,0,badcase,无标签、视频或近期内容证据支持充电宝推广相关性
34,UCvtj18THtc0UDtxRnGv55Ig,Temu Reviews ES,https://cn.noxinfluencer.com/youtube/channel/UCvtj18THtc0UDtxRnGv55Ig,0,badcase,无标签、视频或近期内容证据支持充电宝推广相关性
35,UC3LnsUei94ixnSLKvYfg_6g,Ivan Meneses,https://cn.noxinfluencer.com/youtube/channel/UC3LnsUei94ixnSLKvYfg_6g,0,badcase,无标签和内容信号，难判断为可投放频道
40,UCx-yx2LO1JAQg17x4aBUAwg,Techno Panda,https://cn.noxinfluencer.com/youtube/channel/UCx-yx2LO1JAQg17x4aBUAwg,-8,badcase,近期10条几乎全是显卡新闻，和充电宝推广严重不符
41,UCWqVjlLDbIaojlaDpotEQEQ,HW Mobiles,https://cn.noxinfluencer.com/youtube/channel/UCWqVjlLDbIaojlaDpotEQEQ,0,badcase,无标签无内容，缺少任何充电宝相关信号
43,UC-UBpWUk0yrEClbUNInPJdg,Shah Chisty,https://cn.noxinfluencer.com/youtube/channel/UC-UBpWUk0yrEClbUNInPJdg,0,badcase,无标签无内容，无法判断为充电宝相关频道
45,UCyrT4Y6Qpdyzi9S79gxIw1A,The Big Heavy,https://cn.noxinfluencer.com/youtube/channel/UCyrT4Y6Qpdyzi9S79gxIw1A,1,badcase,仅有泛科技弱相关，无产品评测或购买意图证据
46,UCVL10pAdEOvRtO8ZTD8ZuZA,NeoTechi,https://cn.noxinfluencer.com/youtube/channel/UCVL10pAdEOvRtO8ZTD8ZuZA,0,badcase,教育类频道，无充电宝相关或购买场景，缺乏推广匹配度
53,UCl5J-2noQ2dFuP6NkQrW7lw,Luis Enrique Lemus Acosta,https://cn.noxinfluencer.com/youtube/channel/UCl5J-2noQ2dFuP6NkQrW7lw,0,badcase,无标签无内容信号，无法支撑充电宝推广相关性
57,UCyMLQBnT2IB3SPu0TX5VgXQ,Power king,https://cn.noxinfluencer.com/youtube/channel/UCyMLQBnT2IB3SPu0TX5VgXQ,-10,badcase,娱乐影视内容为主，不适合充电宝推广
63,UCOUWQop6sgEXA-NtKZ5XMIw,Ah Tech,https://cn.noxinfluencer.com/youtube/channel/UCOUWQop6sgEXA-NtKZ5XMIw,0,badcase,无标签、无标题、无内容证据，无法判断与充电宝推广相关
64,UCI5SD4b3Cf29wbkpxOMCtOg,JJCoolStuff,https://cn.noxinfluencer.com/youtube/channel/UCI5SD4b3Cf29wbkpxOMCtOg,0,badcase,无标签与内容证据，无法判断与充电宝推广相关性
69,UCUfmtLwOygFEb220eI_E_Qg,HOT DIGITAL,https://cn.noxinfluencer.com/youtube/channel/UCUfmtLwOygFEb220eI_E_Qg,0,badcase,无标签、相关视频或近期内容，缺少移动电源推广相关性证据
70,UCuxohPmcHMQJgELyoj3rGZQ,BOXscape,https://cn.noxinfluencer.com/youtube/channel/UCuxohPmcHMQJgELyoj3rGZQ,0,badcase,无标签、无相关视频、无近期内容，缺少充电宝推广相关证据
72,UCb6Pfe7BEv_VhbyRnoQYbpg,Dan Reviews Stuff,https://cn.noxinfluencer.com/youtube/channel/UCb6Pfe7BEv_VhbyRnoQYbpg,0,badcase,无标签无内容，缺少任何相关证据
75,UCy17T_iA1-pUlAhsovai76g,AE Insider,https://cn.noxinfluencer.com/youtube/channel/UCy17T_iA1-pUlAhsovai76g,0,badcase,无标签无内容，无法判断为相关频道
78,UC--2-CR3wf_H9EHxJsTLR7Q,Purple Unicorns,https://cn.noxinfluencer.com/youtube/channel/UC--2-CR3wf_H9EHxJsTLR7Q,-15,badcase,宠物狗频道，与人用充电宝推广目标明显不符
81,UCUclONNzMKiFkUtdjIC10tQ,eROCS,https://cn.noxinfluencer.com/youtube/channel/UCUclONNzMKiFkUtdjIC10tQ,0,badcase,无标签和内容信号，缺少充电宝推广相关性证据
82,UCNiA_4Fy-XWexfHNwtfJuqw,ToolStacked,https://cn.noxinfluencer.com/youtube/channel/UCNiA_4Fy-XWexfHNwtfJuqw,0,badcase,无标签和内容信号，缺少与充电宝推广的相关性
86,UCN46oZGvFWh_dteGrUSTA1A,Best Reviews,https://cn.noxinfluencer.com/youtube/channel/UCN46oZGvFWh_dteGrUSTA1A,0,badcase,无充电宝标签命中，近期也无相关内容
92,UCmYWsebEg_kGWowObZy4zwQ,Insight Reviews,https://cn.noxinfluencer.com/youtube/channel/UCmYWsebEg_kGWowObZy4zwQ,0,badcase,无标签、无内容证据，无法判断与充电宝推广相关
95,UCKkbW1FdTbfbvwmcASzYDoQ,Objectively Curious,https://cn.noxinfluencer.com/youtube/channel/UCKkbW1FdTbfbvwmcASzYDoQ,0,badcase,无标签与内容证据，和充电宝推广无可判定关联
97,UC-zKkHgJqoZcP4uOAsd5sAg,Smart Gadget Haven,https://cn.noxinfluencer.com/youtube/channel/UC-zKkHgJqoZcP4uOAsd5sAg,0,badcase,无标签、无内容证据，无法支撑充电宝推广
102,UC6vZaalfq4ZEyXIC5yxuPAQ,The Life of Bob,https://cn.noxinfluencer.com/youtube/channel/UC6vZaalfq4ZEyXIC5yxuPAQ,0,badcase,无标签与内容线索，难判断为电源产品推广渠道
111,UCHIje81epnZNcXTuXr7Q_Rg,Denise Blackburn,https://cn.noxinfluencer.com/youtube/channel/UCHIje81epnZNcXTuXr7Q_Rg,0,badcase,无标签无内容，缺少充电宝推广相关性
118,UCTYi_S2bu2WhQp0zCXTR3gQ,Licious,https://cn.noxinfluencer.com/youtube/channel/UCTYi_S2bu2WhQp0zCXTR3gQ,0,badcase,无标签、相关视频或近期内容证据，无法支持充电宝推广
132,UCO0--uVBE8kcIJJkvDJ83tA,NDA Hack,https://cn.noxinfluencer.com/youtube/channel/UCO0--uVBE8kcIJJkvDJ83tA,0,badcase,生活妙招泛题材，缺少充电宝使用或购买信号
133,UCji1uLbgjNaRnUqqMd-YKZg,Mind Over Machine,https://cn.noxinfluencer.com/youtube/channel/UCji1uLbgjNaRnUqqMd-YKZg,0,badcase,无标签与内容信号，难判断充电宝推广相关性
135,UC2EraglPs-95qnKVrFq4kMA,Chase Brogan,https://cn.noxinfluencer.com/youtube/channel/UC2EraglPs-95qnKVrFq4kMA,1,badcase,偏游戏主频道，只有泛电子标签，充电宝相关性弱
136,UCAY682COgIchF5kkvjd-nwg,TopReviewPro,https://cn.noxinfluencer.com/youtube/channel/UCAY682COgIchF5kkvjd-nwg,0,badcase,无标签、相关视频或近期内容证据支持充电宝推广相关性
137,UCBIREPb3tY-m0zNSgmCXHzQ,Will U Push The Button,https://cn.noxinfluencer.com/youtube/channel/UCBIREPb3tY-m0zNSgmCXHzQ,-15,badcase,游戏梗图问答娱乐频道，与充电宝推广场景不匹配
142,UCEth8Mr49WNJNdtn7Dy3rqA,Darius Wallis - PrayersHelp,https://cn.noxinfluencer.com/youtube/channel/UCEth8Mr49WNJNdtn7Dy3rqA,-10,badcase,宗教/社会/娱乐类频道，与充电宝推广目标明显不符
150,UCdK5AQDeiTlRJzgg_D5YBrg,Evilcrossover,https://cn.noxinfluencer.com/youtube/channel/UCdK5AQDeiTlRJzgg_D5YBrg,0,badcase,纯游戏频道，缺少充电宝购买/评测语境，不适合推广
158,UCRw9MTUBEh1R3oEf5IPiVAw,Mr. & Mrs. Tesla,https://cn.noxinfluencer.com/youtube/channel/UCRw9MTUBEh1R3oEf5IPiVAw,0,badcase,汽车频道缺少充电宝相关信号，相关性弱
166,UCMmaSthZOBhCJDO9FnIbX0g,TEST COMPARISONS,https://cn.noxinfluencer.com/youtube/channel/UCMmaSthZOBhCJDO9FnIbX0g,0,badcase,仅有泛化标签，和power bank推广关联不足
177,UCnhTCZp_jbcjzriXiTi1uog,ZedIOptima,https://cn.noxinfluencer.com/youtube/channel/UCnhTCZp_jbcjzriXiTi1uog,0,badcase,以木工/DIY为主，缺少移动电源推广场景
185,UCxi3iYavQbXeZV_Oa9nj-nw,Supercar Street Racing,https://cn.noxinfluencer.com/youtube/channel/UCxi3iYavQbXeZV_Oa9nj-nw,1,badcase,赛车车媒为主，和移动电源推广关联偏弱
190,UCDD7GP95AeY4M5PrnLl2_kQ,Modern DIY Projects,https://cn.noxinfluencer.com/youtube/channel/UCDD7GP95AeY4M5PrnLl2_kQ,0,badcase,工具优惠内容为主，和充电宝主题偏离
191,UCK8L2t-brDEipg93Wba8WUw,Fixperiment king Lab,https://cn.noxinfluencer.com/youtube/channel/UCK8L2t-brDEipg93Wba8WUw,0,badcase,偏DIY实验内容，缺少充电宝的购买或使用语境
195,UCL9SfaiEORmmm8l6qxuDkJA,Virtual Travel Videos | In Case You're Wondering,https://cn.noxinfluencer.com/youtube/channel/UCL9SfaiEORmmm8l6qxuDkJA,-10,badcase,旅行/虚拟旅行频道，与充电宝推广缺少产品购买或测评意图
196,UCERaE187ThYiZtjokJ0QVUQ,DLX Willington,https://cn.noxinfluencer.com/youtube/channel/UCERaE187ThYiZtjokJ0QVUQ,1,badcase,仅有泛电子类弱相关，缺少充电宝采购/评测语境
197,UC20o1OUWGrixnCEE1gQ9clg,PBKreviews,https://cn.noxinfluencer.com/youtube/channel/UC20o1OUWGrixnCEE1gQ9clg,-8,badcase,科技评测向但含ASMR格式，偏音频放松，不适合充电宝推广
198,UCN50FugHe-GwnG-0mfXJa4Q,Dan the Fix it Man,https://cn.noxinfluencer.com/youtube/channel/UCN50FugHe-GwnG-0mfXJa4Q,1,badcase,仅DIY弱相关，频道偏汽车维修，与充电宝推广不匹配
202,UCTycbFdC0LgkWgjG-oS0DYw,Mastering Mayhem,https://cn.noxinfluencer.com/youtube/channel/UCTycbFdC0LgkWgjG-oS0DYw,0,badcase,工具短视频为主，缺少数码消费品语境
203,UCNo1wJYtvLOAOqhn1Woce9w,Technical Shahzada,https://cn.noxinfluencer.com/youtube/channel/UCNo1wJYtvLOAOqhn1Woce9w,0,badcase,泛DIY教程，缺少充电宝推广语境
205,UCVdV0CHCqiaZFfuvMfHrluw,Generator Source,https://cn.noxinfluencer.com/youtube/channel/UCVdV0CHCqiaZFfuvMfHrluw,-10,badcase,柴油发电机内容，和充电宝消费场景不匹配
215,UC2DkcNoBJ1NeWfLbfTc3vAA,Bixpy,https://cn.noxinfluencer.com/youtube/channel/UC2DkcNoBJ1NeWfLbfTc3vAA,0,badcase,水上运动/推进器频道，与充电宝推广关联弱
222,UCzHkFC0tjzKKWtRRJv3j9LA,AB Rasool Saif,https://cn.noxinfluencer.com/youtube/channel/UCzHkFC0tjzKKWtRRJv3j9LA,-15,badcase,内容是涨粉和viral运营，和充电宝推广基本无关
224,UC4xU1pYKI2mXcGP8qdxLL6g,ABEiiiKU,https://cn.noxinfluencer.com/youtube/channel/UC4xU1pYKI2mXcGP8qdxLL6g,-12,badcase,ASMR和短视频格式偏感官内容，不适合充电宝种草
226,UCl3k4zQe2L5SdSEymc0BUJw,ToolBox BD,https://cn.noxinfluencer.com/youtube/channel/UCl3k4zQe2L5SdSEymc0BUJw,0,badcase,偏隐形摄像头细分，和充电宝推广关联弱
227,UCQTNRbZISijxJVu64PiUKQg,Hidden Camera and Media Listening Devices,https://cn.noxinfluencer.com/youtube/channel/UCQTNRbZISijxJVu64PiUKQg,0,badcase,监听/隐蔽摄像头频道，充电宝推广不匹配
228,UCLDw7ummSJnILbMZn2Azf2g,ON THE RADAR,https://cn.noxinfluencer.com/youtube/channel/UCLDw7ummSJnILbMZn2Azf2g,0,badcase,海藻健康补充剂频道，与充电宝推广无关
231,UCGFik1WpXBhbJbYmTk3JiUw,ASM Knowledge,https://cn.noxinfluencer.com/youtube/channel/UCGFik1WpXBhbJbYmTk3JiUw,-10,badcase,宗教知识频道，与移动电源推广场景明显不符
240,UCs50EmjtJyNLDcgTGSVNvcQ,Banks Power,https://cn.noxinfluencer.com/youtube/channel/UCs50EmjtJyNLDcgTGSVNvcQ,-15,badcase,汽车改装/工程频道，与充电宝推广场景明显不符
242,UCQXZQ1a9sdOxWqyXACkYZvA,Think and Made,https://cn.noxinfluencer.com/youtube/channel/UCQXZQ1a9sdOxWqyXACkYZvA,2,badcase,仅有DIY/电机弱相关，缺少充电宝使用或购买推广意图
244,UChmfL03bbo8fFqMSsU7ymww,Product Review Zone,https://cn.noxinfluencer.com/youtube/channel/UChmfL03bbo8fFqMSsU7ymww,0,badcase,无标签、标题或近期内容证据支持充电宝推广相关性
247,UCCp2lrZCeRrlT0YyeDj_nsQ,LALA PITCH TOP,https://cn.noxinfluencer.com/youtube/channel/UCCp2lrZCeRrlT0YyeDj_nsQ,0,badcase,纯美食频道，和充电宝推广主题不符
257,UC9FjS0nbUsqyX3tiQvZ13TQ,Lighter Expo,https://cn.noxinfluencer.com/youtube/channel/UC9FjS0nbUsqyX3tiQvZ13TQ,0,badcase,频道偏家居园艺装饰，和充电宝推广关联弱，缺少电子产品购买或测评语境
263,UC8H3CWsDv_HRZx4OlEzqHYg,LifeKaki,https://cn.noxinfluencer.com/youtube/channel/UC8H3CWsDv_HRZx4OlEzqHYg,0,badcase,家居手作频道，和移动电源推广关联弱
268,UCC0KP4WCVQPe8n54fL5pHxg,Lucky Tunes,https://cn.noxinfluencer.com/youtube/channel/UCC0KP4WCVQPe8n54fL5pHxg,-20,badcase,冥想音乐频道，和充电宝推广场景强不匹配
274,UCKp792CvQHsvaC2B-ZEIilg,JonnyShops,https://cn.noxinfluencer.com/youtube/channel/UCKp792CvQHsvaC2B-ZEIilg,-14,badcase,游戏内容为主，缺少充电宝推广/测评购买意图
275,UCsbdpvNG6nNbYzb7GntEaTg,Tiny Home Tech,https://cn.noxinfluencer.com/youtube/channel/UCsbdpvNG6nNbYzb7GntEaTg,-15,badcase,频道为利物浦足球转会新闻，与充电宝推广无关
276,UCUG__0w_9z0g_o3s1e6X8kQ,Headmaster,https://cn.noxinfluencer.com/youtube/channel/UCUG__0w_9z0g_o3s1e6X8kQ,0,badcase,无相关标签，几乎没有充电宝推广信号
278,UCWMYgBdapM6vGcwNXMMNd8A,ROAM it RALPH,https://cn.noxinfluencer.com/youtube/channel/UCWMYgBdapM6vGcwNXMMNd8A,0,badcase,生活vlog偏泛，缺少充电宝使用或购买场景
281,UC6RzE1tzVVGp6sAldJc4_Iw,TYPE S,https://cn.noxinfluencer.com/youtube/channel/UC6RzE1tzVVGp6sAldJc4_Iw,0,badcase,汽车频道，缺少充电宝/电子评测/购买意图
288,UCZ7yQxyvYII0tgv-NsgQuDA,EliteIndustries Pro 1,https://cn.noxinfluencer.com/youtube/channel/UCZ7yQxyvYII0tgv-NsgQuDA,0,badcase,无标签无内容，无法判断与充电宝推广相关
293,UCEwe1eAAwAEJOo2xJIfj6yQ,Steve Goff,https://cn.noxinfluencer.com/youtube/channel/UCEwe1eAAwAEJOo2xJIfj6yQ,1,badcase,仅有泛科技弱相关，无移动电源或评测购买意图证据
299,UCp4cExP7Z2HrCNdR-E40_lw,With the Bickhams,https://cn.noxinfluencer.com/youtube/channel/UCp4cExP7Z2HrCNdR-E40_lw,0,badcase,生活美食日常向，和充电宝关联弱
306,UCtPaQMS3O-R0MnwQZg5dCgQ,Joseph Wactor,https://cn.noxinfluencer.com/youtube/channel/UCtPaQMS3O-R0MnwQZg5dCgQ,1,badcase,赛车/车辆内容，只有很弱的车载充电场景
307,UChPWxzc3pE0EZPG-upoR9dA,Homestead With Joe,https://cn.noxinfluencer.com/youtube/channel/UChPWxzc3pE0EZPG-upoR9dA,0,badcase,民房建造号，和充电宝投放关联很弱
314,UCoC3sXSUHe3xoOJspzZs4Hw,Creative Idea Buzz,https://cn.noxinfluencer.com/youtube/channel/UCoC3sXSUHe3xoOJspzZs4Hw,1,badcase,仅泛消费电子弱相关，主内容偏RC载具/电机，推广适配不足
316,UCj2ZmTR5LgHjRuR8H-WffAw,Javier Mota,https://cn.noxinfluencer.com/youtube/channel/UCj2ZmTR5LgHjRuR8H-WffAw,-5,badcase,汽车评测频道，与充电宝推广场景不匹配
319,UCOAWD5mD2qmIQIePUg3A43Q,Fish's Joy,https://cn.noxinfluencer.com/youtube/channel/UCOAWD5mD2qmIQIePUg3A43Q,0,badcase,以娱乐和动物内容为主，和充电宝推广匹配度低
320,UCSu6DtnjmQK7trLy4d36JVA,Lynley's World,https://cn.noxinfluencer.com/youtube/channel/UCSu6DtnjmQK7trLy4d36JVA,0,badcase,以美食短视频和商场场景为主，缺少数码产品相关性
321,UCym3YFN2A6JfOBXbtNkA-Sw,ThePandaPhotographer,https://cn.noxinfluencer.com/youtube/channel/UCym3YFN2A6JfOBXbtNkA-Sw,0,badcase,摄影/日常类频道，缺少充电宝相关消费电子信号
331,UC2xbdFEuEir3WM1Xmix7q4A,DK Earner,https://cn.noxinfluencer.com/youtube/channel/UC2xbdFEuEir3WM1Xmix7q4A,0,badcase,加密挖矿类，和移动电源推广无关
332,UCKBHqCA8Qx9Y2LvwEkRPHGg,Tino Reviews,https://cn.noxinfluencer.com/youtube/channel/UCKBHqCA8Qx9Y2LvwEkRPHGg,-8,badcase,ASMR格式与实体数码产品推广明显不匹配
339,UCUG0qXotwduw4oY3Tl_37ZQ,BLOXBRAIN,https://cn.noxinfluencer.com/youtube/channel/UCUG0qXotwduw4oY3Tl_37ZQ,-15,badcase,军事政治短视频频道，与充电宝推广场景明显不符
342,UCJG_DMCLwo6E4gB6T_6zwTw,gossipfunda,https://cn.noxinfluencer.com/youtube/channel/UCJG_DMCLwo6E4gB6T_6zwTw,-15,badcase,频道以游戏娱乐为主，缺少充电宝评测或电子产品购买意图
343,UC5gPkZUPrmZsx-fzq_vlkGQ,Mr Bald,https://cn.noxinfluencer.com/youtube/channel/UC5gPkZUPrmZsx-fzq_vlkGQ,0,badcase,内容偏生活/娱乐，缺少数码购买或充电宝场景
353,UCMHUqyqQs1GSUdpSbEj5RUQ,TELESIN,https://cn.noxinfluencer.com/youtube/channel/UCMHUqyqQs1GSUdpSbEj5RUQ,0,badcase,仅相机配件频道，缺少充电宝/电源类内容与购买意图
357,UCb4r4rAL4iSDF7qFWW8oitQ,Life Hacker,https://cn.noxinfluencer.com/youtube/channel/UCb4r4rAL4iSDF7qFWW8oitQ,-15,badcase,娱乐搞笑为主，内容场景与充电宝推广明显不符
358,UCJAILRPsYX2CBR1xFde8d3A,StewyReviews,https://cn.noxinfluencer.com/youtube/channel/UCJAILRPsYX2CBR1xFde8d3A,0,badcase,无标签或内容证据支持充电宝推广相关性
363,UCkIFMuoYWH-zLJCIoTSQp4w,IMPULSE CHIP,https://cn.noxinfluencer.com/youtube/channel/UCkIFMuoYWH-zLJCIoTSQp4w,2,badcase,偏电子维修频道，非充电宝推广场景
364,UCwPmA0uFrFqseKvaHdA0nNQ,CurrentProductReviews,https://cn.noxinfluencer.com/youtube/channel/UCwPmA0uFrFqseKvaHdA0nNQ,0,badcase,无标签与内容证据，缺少充电宝推广相关性
369,UCF9GYL6WmYWvs58vdEMkSKg,2Cents,https://cn.noxinfluencer.com/youtube/channel/UCF9GYL6WmYWvs58vdEMkSKg,0,badcase,缺少标签与内容信号，无法判断为相关
371,UC091qIRbrDgeTFKCXw-6vrQ,LuvThemKnives,https://cn.noxinfluencer.com/youtube/channel/UC091qIRbrDgeTFKCXw-6vrQ,0,badcase,刀具兴趣频道，与充电宝投放无关
375,UCCA7kVbxK3ADThZKKp6t2bg,qcharger,https://cn.noxinfluencer.com/youtube/channel/UCCA7kVbxK3ADThZKKp6t2bg,0,badcase,无标签、无相关视频、无近期内容，缺少推广相关证据
380,UCNPsgBTeN-VCJs6bEC74TvA,JimmyGMedia,https://cn.noxinfluencer.com/youtube/channel/UCNPsgBTeN-VCJs6bEC74TvA,0,badcase,健身训练频道与充电宝推广缺少产品语境
381,UCpNGHKbDUJUQd2c7iK_k07w,Frugal Panda's Travels & Reviews,https://cn.noxinfluencer.com/youtube/channel/UCpNGHKbDUJUQd2c7iK_k07w,1,badcase,仅有旅行场景弱相关，无充电宝评测或购买意图证据
384,UChlJulCRzF3CuGNDAh3RjDA,Gooz Crew Reviews,https://cn.noxinfluencer.com/youtube/channel/UChlJulCRzF3CuGNDAh3RjDA,0,badcase,无标签、无相关标题或近期内容证据，无法支持充电宝推广召回
389,UCHleGHTHOfWkZyQLV9N0H8w,Kinscoter,https://cn.noxinfluencer.com/youtube/channel/UCHleGHTHOfWkZyQLV9N0H8w,0,badcase,无标签、标题或近期内容证据支持充电宝推广相关性
392,UCAn8yDHsNMmWICes8cqt6iQ,TrendingTechPK,https://cn.noxinfluencer.com/youtube/channel/UCAn8yDHsNMmWICes8cqt6iQ,0,badcase,仅城市标签，无任何电源产品相关线索
395,UCNztWsDXNWj02NDIeK3VTvA,The Savvy Professor,https://cn.noxinfluencer.com/youtube/channel/UCNztWsDXNWj02NDIeK3VTvA,0,badcase,仅家居健身测评标签，和充电宝品类不符
397,UCEyNDirW7KD7Wd_P_szuC7w,Today's Tech,https://cn.noxinfluencer.com/youtube/channel/UCEyNDirW7KD7Wd_P_szuC7w,0,badcase,无标签无内容证据，难以判断为数码推广频道
398,UCnhRi05Uv2vwIY1nRMeyo4g,Tech Wave,https://cn.noxinfluencer.com/youtube/channel/UCnhRi05Uv2vwIY1nRMeyo4g,1,badcase,仅有泛数码标签，缺少充电宝购买或评测场景
401,UCFxgky-tKdXlLM1g8jm91fA,macdaddypimpping,https://cn.noxinfluencer.com/youtube/channel/UCFxgky-tKdXlLM1g8jm91fA,-10,badcase,ASMR/车类频道，缺少充电宝购买或测评语境，推广匹配度低
403,UCjFJsjxL1y_Z5v6YyD1NJgw,Robert Le,https://cn.noxinfluencer.com/youtube/channel/UCjFJsjxL1y_Z5v6YyD1NJgw,0,badcase,财经外汇频道，与充电宝推广几乎无关
406,UCGjh27WUcHgFZEPTNGfn6Kw,Torches and Tactical,https://cn.noxinfluencer.com/youtube/channel/UCGjh27WUcHgFZEPTNGfn6Kw,1,badcase,战术手电频道仅有泛测评词，和充电宝推广相关性弱
407,UCMa3izX7IBxxvV26DTGm0_A,Adam's Faves,https://cn.noxinfluencer.com/youtube/channel/UCMa3izX7IBxxvV26DTGm0_A,0,badcase,无有效标签，频道主题不明确，不适合推广充电宝
410,UCwsONY-dYX4onoE9HOYdFow,Connect Homes,https://cn.noxinfluencer.com/youtube/channel/UCwsONY-dYX4onoE9HOYdFow,0,badcase,无有效标签，频道主题不明确，不适合推广充电宝
412,UCkMKn7h5yr3F0XtwAccpAeg,Dave and Sonya in Michigan,https://cn.noxinfluencer.com/youtube/channel/UCkMKn7h5yr3F0XtwAccpAeg,0,badcase,无标签无内容，缺少可推广信号
413,UCRzOYWMPJljlpmlOcXLE_BQ,Cristian Castaneda,https://cn.noxinfluencer.com/youtube/channel/UCRzOYWMPJljlpmlOcXLE_BQ,0,badcase,商业泛标签，和充电宝购买场景不相关
418,UCHP_P0El3a9_BpqIa2TSwaA,Family Finds for Less,https://cn.noxinfluencer.com/youtube/channel/UCHP_P0El3a9_BpqIa2TSwaA,0,badcase,无标签、无相关视频和近期内容，缺少充电宝推广相关证据
419,UCPZSXctOoT9X87MgIp2iB3w,The Gadget Rabbit Hole,https://cn.noxinfluencer.com/youtube/channel/UCPZSXctOoT9X87MgIp2iB3w,0,badcase,无标签、相关标题或近期内容证据，无法支持充电宝推广
422,UCoiKyHSSXeKAHfeXP-0hpaA,Today's Tech Bytes,https://cn.noxinfluencer.com/youtube/channel/UCoiKyHSSXeKAHfeXP-0hpaA,0,badcase,缺少任何相关标签或内容信号
424,UC7gqk0Z-n4D964rdfUVnD1w,MC FIX IT,https://cn.noxinfluencer.com/youtube/channel/UC7gqk0Z-n4D964rdfUVnD1w,0,badcase,核心内容是飞盘高尔夫，和充电宝推广关联弱
427,UCkjJbWhovSnI5Om7KXwwRTg,Yaneisy Ramos OOTD,https://cn.noxinfluencer.com/youtube/channel/UCkjJbWhovSnI5Om7KXwwRTg,0,badcase,无标签无内容，缺乏充电宝相关推广信号
430,UCMSYF20D1EBXdy3TNcI8W4g,BeatTheBush DIY,https://cn.noxinfluencer.com/youtube/channel/UCMSYF20D1EBXdy3TNcI8W4g,1,badcase,仅有泛科技标签，缺少充电宝推广或评测内容证据
431,UCAn7KfxuoxUur8dP-lFCjdA,meade916,https://cn.noxinfluencer.com/youtube/channel/UCAn7KfxuoxUur8dP-lFCjdA,0,badcase,汽车音频频道，缺少充电宝相关内容
432,UCP-lGkEiJXfVhPFdRq4aAIQ,Hector Corrales,https://cn.noxinfluencer.com/youtube/channel/UCP-lGkEiJXfVhPFdRq4aAIQ,0,badcase,无标签、标题或近期内容证据，无法支持充电宝推广召回
434,UC1MojJcfZlwDEVMpTDn4cgQ,xonotrix,https://cn.noxinfluencer.com/youtube/channel/UC1MojJcfZlwDEVMpTDn4cgQ,0,badcase,仅有hobby泛标签，无充电宝或消费电子推广相关证据
435,UCj6gP1QJ6HwTkRE21szz5xw,Ethio_2JAR,https://cn.noxinfluencer.com/youtube/channel/UCj6gP1QJ6HwTkRE21szz5xw,0,badcase,无标签、无相关视频、无近期内容，缺少充电宝推广相关性证据
437,UCu-mMNTjGy0ydYYO50cLI-g,𝙅𝙤𝙚 𝘾𝙖𝙨𝙩𝙚𝙡𝙡𝙤𝙣 - Inspire by Setup,https://cn.noxinfluencer.com/youtube/channel/UCu-mMNTjGy0ydYYO50cLI-g,0,badcase,缺少任何可判断的相关信号
438,UC864h9TKAiBECd4DNxTlXYQ,Cleo🎀,https://cn.noxinfluencer.com/youtube/channel/UC864h9TKAiBECd4DNxTlXYQ,0,badcase,缺少任何可判断的相关信号
441,UCrjkcPwDFGohDC52UMcbVpQ,the Average Joe Tech Channel,https://cn.noxinfluencer.com/youtube/channel/UCrjkcPwDFGohDC52UMcbVpQ,0,badcase,无标签、相关视频或近期内容证据，无法支持充电宝推广
442,UCij6Dt_DxZUgfG0jqlbMmsw,Reviews and How To's!,https://cn.noxinfluencer.com/youtube/channel/UCij6Dt_DxZUgfG0jqlbMmsw,-4,badcase,仅泛娱乐和教程标签，无充电宝或数码购买评测证据
443,UCylWVheAHNNWLJxSRn2nx0g,BodegaCooler,https://cn.noxinfluencer.com/youtube/channel/UCylWVheAHNNWLJxSRn2nx0g,0,badcase,无标签、无相关或近期内容，无法证明适合充电宝推广
448,UCrz9q0IAdBueTU_YzyZZpjw,Product Demo Lab,https://cn.noxinfluencer.com/youtube/channel/UCrz9q0IAdBueTU_YzyZZpjw,0,badcase,无标签无内容证据，无法判断为充电宝推广相关
450,UCgcZKXI5kZDCZc3FXd3PWKQ,How It’s Made Factories,https://cn.noxinfluencer.com/youtube/channel/UCgcZKXI5kZDCZc3FXd3PWKQ,2,badcase,工厂制造向内容，不是充电宝推广的消费场景频道
451,UC-rfOx4cRFtdeMI94caWd8Q,K R A L Y N 3D,https://cn.noxinfluencer.com/youtube/channel/UC-rfOx4cRFtdeMI94caWd8Q,1,badcase,仅有泛科技弱相关，缺少充电宝推广或购买意图证据
452,UCWU9XtWKu45o2AVd2HWsiyA,Antank,https://cn.noxinfluencer.com/youtube/channel/UCWU9XtWKu45o2AVd2HWsiyA,0,badcase,无标签无内容信号，无法判断有推广相关性
453,UCDNvUSLFuTO9ziNc8WN642Q,Kristi.Kreative,https://cn.noxinfluencer.com/youtube/channel/UCDNvUSLFuTO9ziNc8WN642Q,0,badcase,无标签无内容信号，无法判断有推广相关性
454,UCUhzn2mmdm0znDdtDQ_E97Q,Luke Medeiros,https://cn.noxinfluencer.com/youtube/channel/UCUhzn2mmdm0znDdtDQ_E97Q,0,badcase,无标签无内容信号，无法判断有推广相关性
456,UC71n7uXviv7-bWjcr3trEDA,MOKiN,https://cn.noxinfluencer.com/youtube/channel/UC71n7uXviv7-bWjcr3trEDA,0,badcase,无标签、视频或近期内容证据支持充电宝推广相关性
459,UC0VZHQfRcBcQBCdGeeaLR1A,Nika Steward,https://cn.noxinfluencer.com/youtube/channel/UC0VZHQfRcBcQBCdGeeaLR1A,-3,badcase,无标签、无相关视频和近期内容证据，不足以支持充电宝推广
460,UCkuEItsXtcN43omXOIZ04hw,TheComputerGuyDR,https://cn.noxinfluencer.com/youtube/channel/UCkuEItsXtcN43omXOIZ04hw,0,badcase,无标签、标题或召回内容支撑移动电源推广相关性
462,UCDTIJpUjeNP59tmNWkHS22w,UZE,https://cn.noxinfluencer.com/youtube/channel/UCDTIJpUjeNP59tmNWkHS22w,0,badcase,无标签无内容信号，缺少充电宝相关性证据
465,UCf-nPWACCBCVM4ewxp_P8Ig,Electro world,https://cn.noxinfluencer.com/youtube/channel/UCf-nPWACCBCVM4ewxp_P8Ig,0,badcase,无标签无内容信号，难判断且缺少相关性
466,UC2euulU_B3FcXBDsWeZgZRA,Electro Deals,https://cn.noxinfluencer.com/youtube/channel/UC2euulU_B3FcXBDsWeZgZRA,0,badcase,无标签、视频或近期内容证据，无法支持充电宝推广召回
467,UCPG0i0qXulZbt3-cwPGTkYw,DIY KAI,https://cn.noxinfluencer.com/youtube/channel/UCPG0i0qXulZbt3-cwPGTkYw,0,badcase,机修DIY频道，和充电宝推广场景不匹配
470,UCbtEcy_8F_ad7LPSXXAuBEw,Infinite Wealth Consultants,https://cn.noxinfluencer.com/youtube/channel/UCbtEcy_8F_ad7LPSXXAuBEw,-15,badcase,金融播客频道，和充电宝推广主题完全不相关
472,UCvVXgMQ1ONgUIEWe6k1uUEw,Seb & Mich • GominPlanet,https://cn.noxinfluencer.com/youtube/channel/UCvVXgMQ1ONgUIEWe6k1uUEw,0,badcase,无标签无内容，缺少任何电源产品投放信号
474,UCWKWSu054hkjh1Ni9dZPUOw,Computer Tech Point,https://cn.noxinfluencer.com/youtube/channel/UCWKWSu054hkjh1Ni9dZPUOw,0,badcase,仅有频道名线索，缺少标签和内容证据，相关性不足
475,UC2DMdS4GCV8RkOd2o4NAtdg,Now That Is Dope,https://cn.noxinfluencer.com/youtube/channel/UC2DMdS4GCV8RkOd2o4NAtdg,0,badcase,无标签无视频证据，无法支撑移动电源推广
476,UC8EUmVJOoY_mwnkFEDA0FPw,Awesome Marketplace,https://cn.noxinfluencer.com/youtube/channel/UC8EUmVJOoY_mwnkFEDA0FPw,-15,badcase,全是时尚穿搭标签，与充电宝推广场景明显不符
481,UCUMT8xZnobThs7rht6KFpkg,Nguyen DIY,https://cn.noxinfluencer.com/youtube/channel/UCUMT8xZnobThs7rht6KFpkg,0,badcase,无标签无标题，缺少与充电宝推广相关证据
482,UCCVq3MJkBOG1kq_CiOXWqwg,Popular content,https://cn.noxinfluencer.com/youtube/channel/UCCVq3MJkBOG1kq_CiOXWqwg,-16,badcase,游戏赛车频道，与充电宝推广场景明显不匹配
483,UCUsbEIFmyNOby5ZefFozPzQ,UPS Advisor,https://cn.noxinfluencer.com/youtube/channel/UCUsbEIFmyNOby5ZefFozPzQ,0,badcase,无标签、无相关视频、无近期内容，缺少充电宝推广相关证据
484,UCOhqwRJbx-HE0hc4geQhUnA,Ocoopa,https://cn.noxinfluencer.com/youtube/channel/UCOhqwRJbx-HE0hc4geQhUnA,0,badcase,无标签、无相关视频与近期内容，缺少充电宝推广相关性证据
485,UCzx8UMOq6xJlrWECdlHLPdQ,Tntor Official,https://cn.noxinfluencer.com/youtube/channel/UCzx8UMOq6xJlrWECdlHLPdQ,0,badcase,无标签、无相关视频或近期内容，缺少充电宝推广相关证据
486,UC2WAHOqLe7ugvePxRxNy6pA,Top Trends,https://cn.noxinfluencer.com/youtube/channel/UC2WAHOqLe7ugvePxRxNy6pA,0,badcase,无标签无内容，缺少与移动电源相关的推广信号
487,UCxhmNUbdpNJuZfWM7kfstAw,MasoudReparo,https://cn.noxinfluencer.com/youtube/channel/UCxhmNUbdpNJuZfWM7kfstAw,0,badcase,无标签无内容，缺少与移动电源相关的推广信号
488,UCWA2jtL_kKR8cGFu9bDSIpQ,Cameron Dougherty Tech,https://cn.noxinfluencer.com/youtube/channel/UCWA2jtL_kKR8cGFu9bDSIpQ,-7,badcase,科技/电子弱相关，但声测内容偏音频展示，不适合移动电源推广
489,UCSOiK5VZC5wHy1m-y5tUpZQ,baseus bangladesh,https://cn.noxinfluencer.com/youtube/channel/UCSOiK5VZC5wHy1m-y5tUpZQ,0,badcase,仅凭品牌名，缺少可验证的移动电源内容信号
490,UCD2EmisPHgk2hZS-hsl1qXg,Fun Gadget Shop,https://cn.noxinfluencer.com/youtube/channel/UCD2EmisPHgk2hZS-hsl1qXg,0,badcase,只有泛类店铺名，缺少具体创作者与移动电源推广语境
491,UC05lQ7hgshPtJ0CV1cH10Ow,Najim Uddin,https://cn.noxinfluencer.com/youtube/channel/UC05lQ7hgshPtJ0CV1cH10Ow,0,badcase,无标签无内容，缺少电源类或购买导向信号
492,UCFDGGGgx9bg_Mz9i_ah0YuA,TinyBuying,https://cn.noxinfluencer.com/youtube/channel/UCFDGGGgx9bg_Mz9i_ah0YuA,0,badcase,无标签无内容，难以支持充电宝推广
493,UC5OoCRLetq3Y0yLFY1H3XQA,Muhammad Azim Official,https://cn.noxinfluencer.com/youtube/channel/UC5OoCRLetq3Y0yLFY1H3XQA,1,badcase,仅有电商泛相关，缺少充电宝或数码产品推广证据
494,UC4JB8laYfzgTX6FfT68v7NA,multitasky,https://cn.noxinfluencer.com/youtube/channel/UC4JB8laYfzgTX6FfT68v7NA,0,badcase,无标签无内容，未见充电宝相关证据
495,UC0RZjCSMZhG9-DUmKgGjObg,Evolved Chargers®,https://cn.noxinfluencer.com/youtube/channel/UC0RZjCSMZhG9-DUmKgGjObg,0,badcase,无标签无内容，无法确认适合充电宝推广
496,UCzJqGp9KkvvjeC9FaJNmg1A,Yankee Gadgets,https://cn.noxinfluencer.com/youtube/channel/UCzJqGp9KkvvjeC9FaJNmg1A,-8,badcase,仅有手机/电子弱相关，频道更偏赚钱内容，不适合充电宝推广
497,UC8sbg3l1gqiTDYyQ6PC2gnw,The Tech Tide,https://cn.noxinfluencer.com/youtube/channel/UC8sbg3l1gqiTDYyQ6PC2gnw,0,badcase,无标签、无视频信息，缺少与充电宝推广相关的受众或场景信号
498,UCj0J-LzY_qwZwEdsS6gdtIw,Top Crowdfunding Campaigns,https://cn.noxinfluencer.com/youtube/channel/UCj0J-LzY_qwZwEdsS6gdtIw,0,badcase,频道主题指向众筹资讯，和充电宝商品推广关联弱
500,UCER-HVErp71Q58MDQTOhgOA,Gadget For Life,https://cn.noxinfluencer.com/youtube/channel/UCER-HVErp71Q58MDQTOhgOA,0,badcase,无标签、无内容，无法判断为充电宝推广的合适频道
4751,UCKGPCiB-EH3t6rpwE52dkRQ,Global Gear Watch,https://cn.noxinfluencer.com/youtube/channel/UCKGPCiB-EH3t6rpwE52dkRQ,0,badcase,缺少任何相关标签与内容，无法判断有充电宝推广相关性
4752,UCKGeVJv8uHabTFCLI0vEv2w,Brandon Hanson,https://cn.noxinfluencer.com/youtube/channel/UCKGeVJv8uHabTFCLI0vEv2w,2,badcase,体育/生活方式受众过泛，缺少充电宝购买或使用场景
4753,UCKGtOepm7R0526XE2HPZUDg,Max's Garaj Mahal,https://cn.noxinfluencer.com/youtube/channel/UCKGtOepm7R0526XE2HPZUDg,-5,badcase,频道偏割草机改装测试，与充电宝推广场景不匹配
4754,UCKIaP56QjnDVwpu9ZmisQsA,CompSource Inc.,https://cn.noxinfluencer.com/youtube/channel/UCKIaP56QjnDVwpu9ZmisQsA,0,badcase,无标签无内容，缺少可支持充电宝推广的任何信号
4755,UCKJjXgIiOCdLsIaU2KrMZqQ,Interesting videos,https://cn.noxinfluencer.com/youtube/channel/UCKJjXgIiOCdLsIaU2KrMZqQ,0,badcase,仅有泛化频道名，没有任何与充电宝相关的证据
4756,UCKJq_tnwjOAJnp6a3nfTawg,Invincible Gadget,https://cn.noxinfluencer.com/youtube/channel/UCKJq_tnwjOAJnp6a3nfTawg,0,badcase,无标签和内容证据，缺少移动电源推广相关性
4757,UCKK365MU-YyGA0Mvo-MGpaQ,Juan te dice como,https://cn.noxinfluencer.com/youtube/channel/UCKK365MU-YyGA0Mvo-MGpaQ,0,badcase,无标签与内容证据，无法判断适合推广充电宝
4758,UCKKCXuPql-8sVqrv4GDephA,Southland videos,https://cn.noxinfluencer.com/youtube/channel/UCKKCXuPql-8sVqrv4GDephA,0,badcase,无标签、无相关视频、无近期内容，缺乏充电宝推广相关性
4759,UCKL0-BNGhenKxt9Kw3vH90w,Manga fantasist,https://cn.noxinfluencer.com/youtube/channel/UCKL0-BNGhenKxt9Kw3vH90w,0,badcase,无标签、无相关视频、无近期内容支撑充电宝推广相关性
4760,UCKLwDPENqzd6P8sAo696RGA,MOVESEA,https://cn.noxinfluencer.com/youtube/channel/UCKLwDPENqzd6P8sAo696RGA,0,badcase,频道聚焦海洋潜水内容，与充电宝推广缺乏明确购买场景和意图
4761,UCKMaTjLJyknGiNiW_8-u76A,Tech Explained,https://cn.noxinfluencer.com/youtube/channel/UCKMaTjLJyknGiNiW_8-u76A,0,badcase,无标签、标题或近期内容证据支持充电宝推广相关性
4762,UCKMkDB9KNnOOks1fmo8yWsA,k for kamao,https://cn.noxinfluencer.com/youtube/channel/UCKMkDB9KNnOOks1fmo8yWsA,-15,badcase,娱乐向标签为主，和充电宝推广不匹配
4763,UCKMyK8PwZoAthSYg7gIOhCg,Pergo Reviews,https://cn.noxinfluencer.com/youtube/channel/UCKMyK8PwZoAthSYg7gIOhCg,0,badcase,无标签、标题或近期内容证据支持充电宝推广相关性
4764,UCKN-7spdTqEre5tmfjKnKVg,jtbmetaldesigns,https://cn.noxinfluencer.com/youtube/channel/UCKN-7spdTqEre5tmfjKnKVg,0,badcase,无标签、无相关视频、无近期内容证据，无法支持充电宝推广
4765,UCKNOAoXYAUgFXeBRgkvftJA,WORLD TECH HERE,https://cn.noxinfluencer.com/youtube/channel/UCKNOAoXYAUgFXeBRgkvftJA,0,badcase,无标签、无相关视频或近期内容，缺少充电宝推广相关证据
4766,UCKNe2iSAUObNLuTT4Zwo3rA,abdelmajid abdou,https://cn.noxinfluencer.com/youtube/channel/UCKNe2iSAUObNLuTT4Zwo3rA,0,badcase,无标签、无标题匹配、无近期相关内容，和充电宝推广无关
4767,UCKOPWS7tElMIzE01CYLUaQA,free Software links and Tips,https://cn.noxinfluencer.com/youtube/channel/UCKOPWS7tElMIzE01CYLUaQA,0,badcase,无标签、无标题匹配、无近期相关内容，和充电宝推广无关
4768,UCKOpXerQ56tSYzlbklPsKFg,Ben & Jen's Podcasts,https://cn.noxinfluencer.com/youtube/channel/UCKOpXerQ56tSYzlbklPsKFg,0,badcase,无标签、无标题匹配、无近期相关内容，和充电宝推广无关
4769,UCKPdYH1H6XsXQeM0brd5bbw,Wealth Woven,https://cn.noxinfluencer.com/youtube/channel/UCKPdYH1H6XsXQeM0brd5bbw,0,badcase,无标签、无标题匹配、无近期相关内容，和充电宝推广无关
4770,UCKPfKyudOk4NTB-J6T6uocw,TrueXpose,https://cn.noxinfluencer.com/youtube/channel/UCKPfKyudOk4NTB-J6T6uocw,0,badcase,无标签、无标题匹配、无近期相关内容，和充电宝推广无关
4773,UCKQIWHdTl1Z-I4RaQiIeTvg,MitGreen TV,https://cn.noxinfluencer.com/youtube/channel/UCKQIWHdTl1Z-I4RaQiIeTvg,1,badcase,只有生活方式泛标签，和充电宝推广相关性弱
4774,UCKRMiZRLRTj_yYRN-OPO3Jg,TheNextBigThing,https://cn.noxinfluencer.com/youtube/channel/UCKRMiZRLRTj_yYRN-OPO3Jg,0,badcase,无标签、相关视频或近期内容证据，无法支持充电宝推广
4775,UCKRrMdkS9IBQOzmx_rthR5w,TemuSpot,https://cn.noxinfluencer.com/youtube/channel/UCKRrMdkS9IBQOzmx_rthR5w,0,badcase,无标签、视频或近期内容证据，无法支持充电宝推广
4776,UCKSItDDsess4sRnf0oZG0oQ,XTAR,https://cn.noxinfluencer.com/youtube/channel/UCKSItDDsess4sRnf0oZG0oQ,0,badcase,无标签、无标题与近期内容证据，缺乏移动电源推广相关性
4777,UCKSaxVpxOO1a-IwcZdI--Cw,The Beauty Edit,https://cn.noxinfluencer.com/youtube/channel/UCKSaxVpxOO1a-IwcZdI--Cw,0,badcase,无相关标签和标题，频道名偏美妆，和充电宝推广不匹配
4779,UCKTSC19RY1S8V4pnqik5qkg,Wynn Odom Ford,https://cn.noxinfluencer.com/youtube/channel/UCKTSC19RY1S8V4pnqik5qkg,0,badcase,无相关标签与内容，汽车经销商频道与充电宝推广无关
4781,UCKUBsqOCHEUTLCvlmEOJAUQ,Antonio T Smith Jr,https://cn.noxinfluencer.com/youtube/channel/UCKUBsqOCHEUTLCvlmEOJAUQ,0,badcase,标签偏泛，缺少充电宝/数码产品相关信号
4782,UCKUZLUXjapIaLjlv1tVzgkQ,Technical Bmsn,https://cn.noxinfluencer.com/youtube/channel/UCKUZLUXjapIaLjlv1tVzgkQ,-5,badcase,频道偏YouTube赚钱教学，缺少充电宝/数码产品推广语境
4783,UCKVVadrGQMoJeLTQlW4SBjg,Ultimate Setup,https://cn.noxinfluencer.com/youtube/channel/UCKVVadrGQMoJeLTQlW4SBjg,0,badcase,无标签无内容，无法判断与充电宝推广相关
4784,UCKX_oh_wtVrAdYsfD_MDFuw,Youpinlab,https://cn.noxinfluencer.com/youtube/channel/UCKX_oh_wtVrAdYsfD_MDFuw,0,badcase,无标签无内容，缺少数码/电源类受众证据
4785,UCKYLvRI8YK-AbXg1X9tc4Hw,Cozy Kaye,https://cn.noxinfluencer.com/youtube/channel/UCKYLvRI8YK-AbXg1X9tc4Hw,0,badcase,无标签无内容，无法建立充电宝推广相关性
4786,UCKYbn0iNxwDcH8Rxzh6Fcrg,One Old Man Riding,https://cn.noxinfluencer.com/youtube/channel/UCKYbn0iNxwDcH8Rxzh6Fcrg,0,badcase,摩托车越野频道，与充电宝推广场景无关
4787,UCKYzTlnCYRUyrBNLEHv6ozg,mtandiz,https://cn.noxinfluencer.com/youtube/channel/UCKYzTlnCYRUyrBNLEHv6ozg,1,badcase,仅有泛科技标签弱相关，无充电宝推广或评测内容证据
4788,UCKZ-G40YA92PRfj8kjzwQkg,Undiluted Tech,https://cn.noxinfluencer.com/youtube/channel/UCKZ-G40YA92PRfj8kjzwQkg,2,badcase,Linux/Ubuntu教程频道，与充电宝推广缺乏产品购买意图
4789,UCK_dwwQZLdKmQ0naAiQkT9Q,Jeff Hall Photography,https://cn.noxinfluencer.com/youtube/channel/UCK_dwwQZLdKmQ0naAiQkT9Q,0,badcase,仅有泛电子/游戏标签，无充电宝评测、购买或使用场景信号
4790,UCK_eHsPmYD02ugL1gaXi1AQ,Sulfuricore Thunderplasm,https://cn.noxinfluencer.com/youtube/channel/UCK_eHsPmYD02ugL1gaXi1AQ,0,badcase,标签偏游戏娱乐，缺少充电宝的数码/出行购买意图
4791,UCKa3M_0caNvybaVICFIvpuw,90s songss,https://cn.noxinfluencer.com/youtube/channel/UCKa3M_0caNvybaVICFIvpuw,-10,badcase,娱乐综艺向，缺少移动电源相关购买或使用语境
4792,UCKajAUfHPeqMdF2mGadwfQw,Robot Box,https://cn.noxinfluencer.com/youtube/channel/UCKajAUfHPeqMdF2mGadwfQw,0,badcase,无标签无内容，缺少任何数码充电相关信号
4793,UCKb2-z9oBHE2e15MG8CHStQ,Vonheckenshutze,https://cn.noxinfluencer.com/youtube/channel/UCKb2-z9oBHE2e15MG8CHStQ,0,badcase,无标签无内容，缺少任何数码充电相关信号
4795,UCKbfe_sSnNTM98xlTmTEXjA,Clay From Review Harvest,https://cn.noxinfluencer.com/youtube/channel/UCKbfe_sSnNTM98xlTmTEXjA,0,badcase,无标签无内容，无法支持充电宝推广判断
4800,UCKd-XL5DvgiW8iK2NrHhb3Q,BuyWithAI,https://cn.noxinfluencer.com/youtube/channel/UCKd-XL5DvgiW8iK2NrHhb3Q,0,badcase,无标签无内容，缺少任何相关证据
4801,UCKd2o2yzMmwPwXvXsmqBarA,NJ Tech Gadgets,https://cn.noxinfluencer.com/youtube/channel/UCKd2o2yzMmwPwXvXsmqBarA,0,badcase,无标签、标题或近期内容证据支持充电宝推广相关性
4803,UCKedMeVSrMvaByI5fUjUC1Q,EthioSuQ Ecommerce Company,https://cn.noxinfluencer.com/youtube/channel/UCKedMeVSrMvaByI5fUjUC1Q,0,badcase,无充电宝或电子配件推广相关证据
4804,UCKf6Yx_IDA1jhsVt80jBQNA,ProductPop,https://cn.noxinfluencer.com/youtube/channel/UCKf6Yx_IDA1jhsVt80jBQNA,0,badcase,无标签和视频证据，无法证明与充电宝推广相关
4805,UCKfkXpfLDfLAoPbZ9ke16vQ,Pro Tech Rank,https://cn.noxinfluencer.com/youtube/channel/UCKfkXpfLDfLAoPbZ9ke16vQ,3,badcase,仅有泛科技标签，缺少电源产品/购买场景，相关性偏弱
4806,UCKgJQSNWAdYEOOse22Bv59A,Dr. Dan Kreiness,https://cn.noxinfluencer.com/youtube/channel/UCKgJQSNWAdYEOOse22Bv59A,0,badcase,无标签无内容，缺少充电宝推广相关信号
4807,UCKg_9KrXzvEkTmbwas-WgVQ,DragoGemz,https://cn.noxinfluencer.com/youtube/channel/UCKg_9KrXzvEkTmbwas-WgVQ,0,badcase,无标签无内容，无法判断为充电宝相关频道
4808,UCKh1Z9y2r7LqKVNa0rWi-6g,MICHAEL XP,https://cn.noxinfluencer.com/youtube/channel/UCKh1Z9y2r7LqKVNa0rWi-6g,0,badcase,无标签无内容，缺乏充电宝相关受众信号
4811,UCKh_0yCskxAH1tjU54VhyuQ,Russell Muscle,https://cn.noxinfluencer.com/youtube/channel/UCKh_0yCskxAH1tjU54VhyuQ,0,badcase,汽车与赛车频道，缺少充电宝推广相关信号
4818,UCKmFIHSGhfZQZb_nYgdtDjA,ThinkBot Studio,https://cn.noxinfluencer.com/youtube/channel/UCKmFIHSGhfZQZb_nYgdtDjA,0,badcase,缺少标签和内容证据，无法判断为充电宝相关频道
4819,UCKn6AmyiS541HzJgA3Ss35w,TechBitFreak,https://cn.noxinfluencer.com/youtube/channel/UCKn6AmyiS541HzJgA3Ss35w,0,badcase,缺少标签和内容证据，无法判断为充电宝相关频道
4820,UCKnLFRzGLIE6E9VlfUaUhRQ,Media Creation Club,https://cn.noxinfluencer.com/youtube/channel/UCKnLFRzGLIE6E9VlfUaUhRQ,-15,badcase,新闻政治频道与充电宝推广场景不符，主题明显不匹配
4822,UCKnqPHkYqML2ENyCSOdbXRQ,Johanna Inspires aka Johanna Salon,https://cn.noxinfluencer.com/youtube/channel/UCKnqPHkYqML2ENyCSOdbXRQ,0,badcase,无标签无内容，缺少任何充电宝推广相关信号
4823,UCKnyVIW5QvfnsXddsjFKx4A,SaharaTV,https://cn.noxinfluencer.com/youtube/channel/UCKnyVIW5QvfnsXddsjFKx4A,-10,badcase,政治新闻号，主题与充电宝推广明显不符
4824,UCKo54_sUjnjbIpSE4gjLuIA,Pro Digit,https://cn.noxinfluencer.com/youtube/channel/UCKo54_sUjnjbIpSE4gjLuIA,0,badcase,无标签无内容，无法判断与充电宝相关
4825,UCKoE96V8qTRmoDI7v2MnkAA,Arafat Hossain,https://cn.noxinfluencer.com/youtube/channel/UCKoE96V8qTRmoDI7v2MnkAA,0,badcase,无标签无内容，无法判断与充电宝相关
4826,UCKoNN_935s-dyMgYoMLy-aw,Jayesh Patil,https://cn.noxinfluencer.com/youtube/channel/UCKoNN_935s-dyMgYoMLy-aw,0,badcase,无标签或视频证据支持充电宝推广相关性
4827,UCKoiJ3TeYBaPDXTwnf5sO-A,Hao2IT_US,https://cn.noxinfluencer.com/youtube/channel/UCKoiJ3TeYBaPDXTwnf5sO-A,0,badcase,无标签、标题或召回内容证据，无法支持充电宝推广相关性
4830,UCKrFz6k7vCQhRgjjuWRUsWw,sam_iphone,https://cn.noxinfluencer.com/youtube/channel/UCKrFz6k7vCQhRgjjuWRUsWw,0,badcase,无标签、相关视频或近期内容证据，无法支持充电宝推广
4831,UCKsCLPPmNOTk0cKgtLou7Gw,RaccoonTech,https://cn.noxinfluencer.com/youtube/channel/UCKsCLPPmNOTk0cKgtLou7Gw,0,badcase,无标签无内容证据，难判断为充电宝推广频道
4832,UCKsLZiHP9C2BhJasg0SXiXw,Unidis Union,https://cn.noxinfluencer.com/youtube/channel/UCKsLZiHP9C2BhJasg0SXiXw,0,badcase,无标签无内容证据，缺乏与充电宝推广相关信号
4833,UCKt2BX8dsBul6L_2Htr25RQ,Cerita Serial,https://cn.noxinfluencer.com/youtube/channel/UCKt2BX8dsBul6L_2Htr25RQ,0,badcase,教育理科内容与充电宝推广无关
4834,UCKtFwcQCsl1ttW2CgOqFMUQ,Mercatus Center,https://cn.noxinfluencer.com/youtube/channel/UCKtFwcQCsl1ttW2CgOqFMUQ,0,badcase,财经播客内容与充电宝推广相关性弱
4836,UCKuiQUo3QJbN_ToOXJ3QeZw,Abhi DueCool,https://cn.noxinfluencer.com/youtube/channel/UCKuiQUo3QJbN_ToOXJ3QeZw,0,badcase,食品生活类频道，与充电宝推广缺少直接相关性
4837,UCKvkLAb4O-HpAwMiOAeKbwg,NiNi Channel,https://cn.noxinfluencer.com/youtube/channel/UCKvkLAb4O-HpAwMiOAeKbwg,0,badcase,无标签无内容，无法判断有充电宝推广相关性
4838,UCKvp4BqBDSdSaOwBAuIgQwA,Crypto Insider,https://cn.noxinfluencer.com/youtube/channel/UCKvp4BqBDSdSaOwBAuIgQwA,0,badcase,加密资讯频道与充电宝推广场景基本无关
4840,UCKxawETUadbjLeiPdWLOduQ,THE VALUENARE LIFE SYSTEM,https://cn.noxinfluencer.com/youtube/channel/UCKxawETUadbjLeiPdWLOduQ,-15,badcase,伪法律/债务话题，和充电宝推广场景完全不匹配
4842,UCKyKl6_2j11cjVs4hBLLQ0A,CR 2.0,https://cn.noxinfluencer.com/youtube/channel/UCKyKl6_2j11cjVs4hBLLQ0A,0,badcase,以宠物和抓拍内容为主，缺少充电宝推广相关语义
4843,UCKyXo6nVcLvwUkiKQjFtIkw,BeautyVerses Shop,https://cn.noxinfluencer.com/youtube/channel/UCKyXo6nVcLvwUkiKQjFtIkw,0,badcase,无标签无内容证据，无法支持充电宝推广相关性
4844,UCKynv8cLeza6YG1NWT3UfHg,ColRyBuzz,https://cn.noxinfluencer.com/youtube/channel/UCKynv8cLeza6YG1NWT3UfHg,0,badcase,无标签无内容，和充电宝推广没有可用相关信号
4845,UCKzAya2l8-QrhD-5rh1dZ5g,GADGETSmania,https://cn.noxinfluencer.com/youtube/channel/UCKzAya2l8-QrhD-5rh1dZ5g,0,badcase,无标签、标题或召回视频证据支持充电宝推广相关性
4846,UCKzg-ehuwd2TjmVVEjKemVg,out of the woods with chrissheathewoodguy,https://cn.noxinfluencer.com/youtube/channel/UCKzg-ehuwd2TjmVVEjKemVg,1,badcase,仅有户外狩猎弱场景重合，无充电宝评测或购买意图证据
4847,UCKzi4RORlNCxxB58QsZ4bfA,CellBlock FCS,https://cn.noxinfluencer.com/youtube/channel/UCKzi4RORlNCxxB58QsZ4bfA,0,badcase,无相关标签或内容线索，无法支持充电宝推广
4849,UCL1Ut9KOdKWWjm0FNIfuOAw,RayzPlay,https://cn.noxinfluencer.com/youtube/channel/UCL1Ut9KOdKWWjm0FNIfuOAw,0,badcase,游戏娱乐为主，缺少充电宝相关消费或使用信号
4850,UCL2Jv8kROj61i6gSngv6o3A,Raku,https://cn.noxinfluencer.com/youtube/channel/UCL2Jv8kROj61i6gSngv6o3A,-15,badcase,动漫娱乐为主，和充电宝推广目标明显不匹配
4852,UCL2k_oQGTjcFdZpRxycu6wQ,BD Budget Gamer,https://cn.noxinfluencer.com/youtube/channel/UCL2k_oQGTjcFdZpRxycu6wQ,0,badcase,缺少标签和内容证据，无法判断为充电宝推广相关
4853,UCL2pgkKwlHk2ahlZbCOFG6A,Invent Pod,https://cn.noxinfluencer.com/youtube/channel/UCL2pgkKwlHk2ahlZbCOFG6A,0,badcase,无标签无内容，和充电宝推广没有可用相关信号
4855,UCL4HQzoqaj3-G1QnldXS8Yg,Odca,https://cn.noxinfluencer.com/youtube/channel/UCL4HQzoqaj3-G1QnldXS8Yg,0,badcase,缺少有效标签与视频内容，推广匹配证据不足
4856,UCL4LlnayiiGpiHKVcYPA5DA,True Gadget,https://cn.noxinfluencer.com/youtube/channel/UCL4LlnayiiGpiHKVcYPA5DA,0,badcase,无标签、无内容证据，无法支持充电宝推广相关性
4857,UCL5KHBSpVVPm7DMTr0nzSqg,The Aspen Institute for Anti-Aging & Regenerative Medicine,https://cn.noxinfluencer.com/youtube/channel/UCL5KHBSpVVPm7DMTr0nzSqg,0,badcase,无标签无内容，缺少任何推广相关性
4859,UCL7ELek_24CNy4VTmeyHMaQ,Elevate Buying,https://cn.noxinfluencer.com/youtube/channel/UCL7ELek_24CNy4VTmeyHMaQ,0,badcase,无标签、无相关视频，缺少充电宝推广相关性证据
4860,UCL7ZKVAUhLnnEHu_gTHzeMQ,AUTOONE,https://cn.noxinfluencer.com/youtube/channel/UCL7ZKVAUhLnnEHu_gTHzeMQ,0,badcase,无标签、无标题与充电宝推广相关，缺少可判定相关性
4861,UCL7aUtMSMwbrigMcFEbAWbw,Tech 24 EN,https://cn.noxinfluencer.com/youtube/channel/UCL7aUtMSMwbrigMcFEbAWbw,0,badcase,无标签和视频证据，不能支撑充电宝推广
4862,UCL84mJIJfK8pgyqPJRgxbVA,Xaluc Mexoarebin,https://cn.noxinfluencer.com/youtube/channel/UCL84mJIJfK8pgyqPJRgxbVA,0,badcase,无标签、无视频匹配，相关性不足
4864,UCL8h_EpwkAQ5-dKQ6wrzpdg,New York Finest,https://cn.noxinfluencer.com/youtube/channel/UCL8h_EpwkAQ5-dKQ6wrzpdg,-15,badcase,音乐娱乐为主，和充电宝推广场景不符
4865,UCL8pYclzAvSGEFUajend8-A,Johnny Whild,https://cn.noxinfluencer.com/youtube/channel/UCL8pYclzAvSGEFUajend8-A,0,badcase,偏户外生活，缺少充电宝购买或测评意图
4866,UCL8wZn_UMf4pPhKAS3MmdhA,paradizzpoll,https://cn.noxinfluencer.com/youtube/channel/UCL8wZn_UMf4pPhKAS3MmdhA,-10,badcase,频道偏软件/Filmora教程，缺少充电宝推广相关性
4867,UCL927G_yLTNgAJ6lzEBJkJw,Talk That Tech,https://cn.noxinfluencer.com/youtube/channel/UCL927G_yLTNgAJ6lzEBJkJw,0,badcase,无相关标签和内容信号
4868,UCLAftaDTeY7RtMUy5LM6PNQ,Jon Bradley,https://cn.noxinfluencer.com/youtube/channel/UCLAftaDTeY7RtMUy5LM6PNQ,0,badcase,生活博客泛化，缺少明确电源产品语境
4869,UCLBomLcf1TpnR4qPgoVMquw,Embodily Insights,https://cn.noxinfluencer.com/youtube/channel/UCLBomLcf1TpnR4qPgoVMquw,0,badcase,无标签和内容，缺少可用相关信号
4871,UCLDY7c2x4LNGALO-2s83keA,Waller Orines,https://cn.noxinfluencer.com/youtube/channel/UCLDY7c2x4LNGALO-2s83keA,0,badcase,无标签无标题，缺少充电宝相关证据
4872,UCLDpAeBi9vEW7cyOdzlOngQ,Morgan's World,https://cn.noxinfluencer.com/youtube/channel/UCLDpAeBi9vEW7cyOdzlOngQ,0,badcase,娱乐/宠物/美食向，和充电宝推广关联弱
4873,UCLDs8A4g4ThWvgYX2OaaHaA,TheHumanThatDrums,https://cn.noxinfluencer.com/youtube/channel/UCLDs8A4g4ThWvgYX2OaaHaA,0,badcase,音乐鼓手向，缺少充电宝购买或使用场景
4874,UCLDu4WT8jyKIThdfuO841aw,Protos Vids,https://cn.noxinfluencer.com/youtube/channel/UCLDu4WT8jyKIThdfuO841aw,0,badcase,无标签无标题，缺少充电宝相关证据
4875,UCLE0Gdfa275JOEa87tpJjKg,Sunny Unboxing & Reviews,https://cn.noxinfluencer.com/youtube/channel/UCLE0Gdfa275JOEa87tpJjKg,0,badcase,无标签、视频或近期内容证据支持充电宝推广相关性
4876,UCLE86dkLsfuN8fpIH2QshkQ,The Lab Tech Show,https://cn.noxinfluencer.com/youtube/channel/UCLE86dkLsfuN8fpIH2QshkQ,0,badcase,无标签和相关视频，缺少充电宝推广信号
4877,UCLEJCUA5DXcJpzbWPCLFXvw,ASD GAMING,https://cn.noxinfluencer.com/youtube/channel/UCLEJCUA5DXcJpzbWPCLFXvw,0,badcase,无标签和相关视频，缺少充电宝推广信号
4878,UCLF4qd11u1-ONSVKfXj823A,Review Spot,https://cn.noxinfluencer.com/youtube/channel/UCLF4qd11u1-ONSVKfXj823A,0,badcase,无标签和相关视频，缺少充电宝推广信号
4879,UCLFFgIpuYdHk_qOng_ta83Q,Tbs,https://cn.noxinfluencer.com/youtube/channel/UCLFFgIpuYdHk_qOng_ta83Q,0,badcase,无标签和相关视频，缺少充电宝推广信号
4880,UCLG01mDwiLFzD84suNF-lOw,HOYOA Tools Lab,https://cn.noxinfluencer.com/youtube/channel/UCLG01mDwiLFzD84suNF-lOw,0,badcase,无标签和相关视频，缺少充电宝推广信号
4881,UCLG5BoIEz9Li_oQaEMU3rYQ,Outbound Fishing,https://cn.noxinfluencer.com/youtube/channel/UCLG5BoIEz9Li_oQaEMU3rYQ,-5,badcase,钓鱼频道且含宠物标签，缺少充电宝推广相关信号
4882,UCLGL2dhX5KIZ6s4wUgYu7Tw,Beyond Wasabi,https://cn.noxinfluencer.com/youtube/channel/UCLGL2dhX5KIZ6s4wUgYu7Tw,0,badcase,无标签无内容，无法判断为适合推广的频道
4884,UCLGdTKsYVDDe9R3UPWzH9Sw,VentureVerse,https://cn.noxinfluencer.com/youtube/channel/UCLGdTKsYVDDe9R3UPWzH9Sw,0,badcase,无可用标签和内容信号，相关性不足
4885,UCLH5Lf_9pEtSanl36schYog,KASHFX,https://cn.noxinfluencer.com/youtube/channel/UCLH5Lf_9pEtSanl36schYog,0,badcase,无标签无内容信号，不适合power bank推广
4886,UCLH8oYg6i9XVvr8GYqZSowQ,Update Baz,https://cn.noxinfluencer.com/youtube/channel/UCLH8oYg6i9XVvr8GYqZSowQ,0,badcase,无标签无标题，缺少与充电宝推广相关的内容信号
4888,UCLHnf0tv04MhuiAndsZzR2Q,Joe's Auto Electric,https://cn.noxinfluencer.com/youtube/channel/UCLHnf0tv04MhuiAndsZzR2Q,-4,badcase,汽车电工维修频道，泛电力相关弱，缺少充电宝推广意图
4889,UCLHnrAHVbKxJcGihdQlH8yw,nayara with kids,https://cn.noxinfluencer.com/youtube/channel/UCLHnrAHVbKxJcGihdQlH8yw,0,badcase,仅有带娃线索，未见充电宝相关内容，相关性弱
4891,UCLILXy70qsj7NubPGeSDqsA,Beats By Half,https://cn.noxinfluencer.com/youtube/channel/UCLILXy70qsj7NubPGeSDqsA,0,badcase,频道为音乐制作/说唱内容，与充电宝推广无关
4892,UCLJJrW5o_ENDMZRKH98pUZQ,ONASSIS ENGLISH,https://cn.noxinfluencer.com/youtube/channel/UCLJJrW5o_ENDMZRKH98pUZQ,0,badcase,无标签无内容，缺少充电宝推广相关信号
4894,UCLJdDDZbuaDrQC9DWBIK3Wg,TECH NOVA ZONE,https://cn.noxinfluencer.com/youtube/channel/UCLJdDDZbuaDrQC9DWBIK3Wg,0,badcase,无标签、相关视频或近期内容证据，无法支持充电宝推广相关性
4896,UCLK-l4wLIGiW9T-Y7uMl7Vg,Jasara,https://cn.noxinfluencer.com/youtube/channel/UCLK-l4wLIGiW9T-Y7uMl7Vg,0,badcase,无相关标签和内容，缺少数码充电配件语境
4897,UCLK9XT8SaPTUidAfY1xCa1w,Top Amazon Products,https://cn.noxinfluencer.com/youtube/channel/UCLK9XT8SaPTUidAfY1xCa1w,0,badcase,无标签、无相关视频、无近期内容证据支持充电宝推广
4900,UCLL-NL75IrDgFi_UtAQiTcg,B4 Butt Vlogs,https://cn.noxinfluencer.com/youtube/channel/UCLL-NL75IrDgFi_UtAQiTcg,-10,badcase,娱乐向频道为主，与电源产品推广不匹配
4902,UCLLHmfiI54iNS_kzUvZ03Cg,Walker Farm Fam,https://cn.noxinfluencer.com/youtube/channel/UCLLHmfiI54iNS_kzUvZ03Cg,0,badcase,农场生活类频道，缺少充电宝/数码/出行推广相关信号
4903,UCLLUzr9J_AlINrRVSYG766A,Laugh Lens,https://cn.noxinfluencer.com/youtube/channel/UCLLUzr9J_AlINrRVSYG766A,0,badcase,无产品或场景信号，娱乐向名头不适合投充电宝
4904,UCLLrZI2uU_AVufCBjMDkkpQ,Chris Naugle,https://cn.noxinfluencer.com/youtube/channel/UCLLrZI2uU_AVufCBjMDkkpQ,0,badcase,金融向频道与充电宝购买场景弱相关，缺少转化语境
4905,UCLM4Z7BxhwlrQymad6yZv0A,5 Perfect,https://cn.noxinfluencer.com/youtube/channel/UCLM4Z7BxhwlrQymad6yZv0A,0,badcase,仅有泛科技/榜单标签，无充电宝或明确数码购买场景证据
4906,UCLMxTjTDircrYzWO0Dsq0YQ,KevReviews,https://cn.noxinfluencer.com/youtube/channel/UCLMxTjTDircrYzWO0Dsq0YQ,0,badcase,无直达词，前5标签偏泛化，缺少充电宝推广意图
4907,UCLNdd1F6fhwHydOeGSKAz5g,ROKEY.24,https://cn.noxinfluencer.com/youtube/channel/UCLNdd1F6fhwHydOeGSKAz5g,-15,badcase,新闻/娱乐标签为主，与充电宝推广场景明显不匹配
4911,UCLP-No6R27vLVR1YL2Y5CSQ,Space & Equity,https://cn.noxinfluencer.com/youtube/channel/UCLP-No6R27vLVR1YL2Y5CSQ,0,badcase,无标签与内容关联，难支持充电宝推广
4912,UCLPMHi7bNPzBFyebp65h3vA,MONEY GAME,https://cn.noxinfluencer.com/youtube/channel/UCLPMHi7bNPzBFyebp65h3vA,0,badcase,偏商业营销号，和充电宝购买场景弱相关
4914,UCLPtQ1ih1QrQFEIJJuIAqQw,KA4AET,https://cn.noxinfluencer.com/youtube/channel/UCLPtQ1ih1QrQFEIJJuIAqQw,0,badcase,音乐娱乐向，缺少充电宝相关受众与场景
4915,UCLPzFesdaVZXrTDJ8UFW6Fg,Leo Scot,https://cn.noxinfluencer.com/youtube/channel/UCLPzFesdaVZXrTDJ8UFW6Fg,-2,badcase,泛娱乐生活频道，无充电宝或数码购买使用相关信号
4916,UCLQD2zRK6-k3vsa37W6BDfA,My Shop Reviews,https://cn.noxinfluencer.com/youtube/channel/UCLQD2zRK6-k3vsa37W6BDfA,0,badcase,无标签、无相关视频、无近期内容证据支持充电宝推广
4917,UCLR08NT874M_Mpgg9vtkv-g,Shacknews,https://cn.noxinfluencer.com/youtube/channel/UCLR08NT874M_Mpgg9vtkv-g,0,badcase,纯游戏内容，缺少充电宝购买或使用信号
4919,UCLRZTGG7e4NYjX-TQ4XyeoQ,MyLuckyBamboo,https://cn.noxinfluencer.com/youtube/channel/UCLRZTGG7e4NYjX-TQ4XyeoQ,-15,badcase,宠物狗内容，和人用充电宝推广不相符
4920,UCLSNULZHRxRBsp5ZY05ZMtg,TechHunter60,https://cn.noxinfluencer.com/youtube/channel/UCLSNULZHRxRBsp5ZY05ZMtg,0,badcase,无标签与内容，缺少任何相关证据
4921,UCLSnN4Row2HXE9KGJFPRmug,SmartPicks,https://cn.noxinfluencer.com/youtube/channel/UCLSnN4Row2HXE9KGJFPRmug,0,badcase,无标签无内容，缺乏充电宝相关证据
4923,UCLTdCY-fNXc1GqzIuflK-OQ,Preston Pysh,https://cn.noxinfluencer.com/youtube/channel/UCLTdCY-fNXc1GqzIuflK-OQ,0,badcase,金融加密内容，和充电宝推广不相关
4925,UCLUHnz-UB2Hv_wyGfm9Tqqg,Gadgets Everyday,https://cn.noxinfluencer.com/youtube/channel/UCLUHnz-UB2Hv_wyGfm9Tqqg,0,badcase,无标签无内容，相关性无法确认
4926,UCLVGBWZrAniy5r767EXaR8A,Laser Everything,https://cn.noxinfluencer.com/youtube/channel/UCLVGBWZrAniy5r767EXaR8A,-15,badcase,激光雕刻设备频道，与充电宝推广场景不匹配
4928,UCLWNTZUf5MnHmWuNk_JwRRA,House of Brands,https://cn.noxinfluencer.com/youtube/channel/UCLWNTZUf5MnHmWuNk_JwRRA,0,badcase,无标签、无相关视频或近期内容，缺少移动电源推广相关证据
4929,UCLWayP0fHN7_BDjioN7a7bw,Vaughn Gittin Jr.,https://cn.noxinfluencer.com/youtube/channel/UCLWayP0fHN7_BDjioN7a7bw,-5,badcase,赛车汽车频道，与充电宝推广场景不匹配
4931,UCLXPFPNeYWf_oTF2fhDbLbA,Cumal Litsyrosy,https://cn.noxinfluencer.com/youtube/channel/UCLXPFPNeYWf_oTF2fhDbLbA,0,badcase,无标签无内容，缺少充电宝推广相关性
4934,UCLX_c__M7U8jpBPV9dXNSnQ,Honest in Depth Reviews,https://cn.noxinfluencer.com/youtube/channel/UCLX_c__M7U8jpBPV9dXNSnQ,0,badcase,无标签、无相关视频、无近期内容，缺少充电宝推广相关证据
4935,UCLXxEsao92MxBdBnNglUClg,Cleotina Reviews,https://cn.noxinfluencer.com/youtube/channel/UCLXxEsao92MxBdBnNglUClg,0,badcase,标签偏教育/软件/艺术，无充电宝或硬件测评推广意图
4936,UCLYDUva9tB7J_fyieR41OsA,Darin Triolo - Triolo Realty Group / Keller Williams,https://cn.noxinfluencer.com/youtube/channel/UCLYDUva9tB7J_fyieR41OsA,0,badcase,房产频道，与充电宝推广几乎无关
4937,UCLZz4A05PhBaFok3Ozi2uYg,Tech Perception,https://cn.noxinfluencer.com/youtube/channel/UCLZz4A05PhBaFok3Ozi2uYg,0,badcase,仅有科技感名称，缺少充电宝相关证据
4939,UCL_no281l67WVIqPlU2a36w,The Day Sports,https://cn.noxinfluencer.com/youtube/channel/UCL_no281l67WVIqPlU2a36w,0,badcase,体育频道与充电宝推广缺乏直接关联
4941,UCLaKcw9VMwNXor8BWFKs6RQ,Ann Wright Adventures Vlog,https://cn.noxinfluencer.com/youtube/channel/UCLaKcw9VMwNXor8BWFKs6RQ,0,badcase,标签偏生活娱乐，无充电宝相关产品或购买场景
4943,UCLar_FTMkfHCgMwmzTb7IlQ,The Top 5,https://cn.noxinfluencer.com/youtube/channel/UCLar_FTMkfHCgMwmzTb7IlQ,0,badcase,无标签、相关视频或近期内容，缺少移动电源推广相关性证据
4944,UCLbkMuLZxYN8x0WzyqeyMow,SA Electric,https://cn.noxinfluencer.com/youtube/channel/UCLbkMuLZxYN8x0WzyqeyMow,0,badcase,无标签、无标题信号，和充电宝推广缺乏相关性
4946,UCLcRT-kUzhD9B5SbuL-5cbw,Dr. Smiley Show,https://cn.noxinfluencer.com/youtube/channel/UCLcRT-kUzhD9B5SbuL-5cbw,0,badcase,无标签、无相关视频和近期内容证据，不支持充电宝推广召回
4947,UCLc_x8haihy2aYS0q9wjc2w,G-Mr. Xiong,https://cn.noxinfluencer.com/youtube/channel/UCLc_x8haihy2aYS0q9wjc2w,0,badcase,无标签、无标题、无近期内容，缺少充电宝推广相关信号
4950,UCLfZ_5SQ_6oT2k18KljTWGQ,Glitch Box,https://cn.noxinfluencer.com/youtube/channel/UCLfZ_5SQ_6oT2k18KljTWGQ,0,badcase,无标签和相关内容证据，无法支持充电宝推广
4954,UCLiFlLtPVy85vz0cmrsUU-A,Liza's Little Bit Of Everything,https://cn.noxinfluencer.com/youtube/channel/UCLiFlLtPVy85vz0cmrsUU-A,-12,badcase,ASMR吃播为主，属于物品推广格式错配
4955,UCLiSBdgf6JIVfO-xlGUcVgA,Asad Abbas,https://cn.noxinfluencer.com/youtube/channel/UCLiSBdgf6JIVfO-xlGUcVgA,0,badcase,频道偏生活、体育和乡村内容，缺少充电宝或数码购买场景
4956,UCLjJ3g88iYun39ekjB5nzHA,Servnet Today,https://cn.noxinfluencer.com/youtube/channel/UCLjJ3g88iYun39ekjB5nzHA,0,badcase,无标签、无相关视频、无近期内容证据，缺乏充电宝推广相关性
4957,UCLjSU13THXXAERNkny4x1lQ,Chris Powell,https://cn.noxinfluencer.com/youtube/channel/UCLjSU13THXXAERNkny4x1lQ,-10,badcase,纹身艺术频道，与充电宝推广目标无关
4958,UCLjofmf6JBD9fD98ndSgkfw,Jeff Gresham,https://cn.noxinfluencer.com/youtube/channel/UCLjofmf6JBD9fD98ndSgkfw,0,badcase,摄影相机频道，缺少充电宝或移动电源推广相关信号
4960,UCLn2OnwsEj3oIz34OQnJZ8w,Tech Picks,https://cn.noxinfluencer.com/youtube/channel/UCLn2OnwsEj3oIz34OQnJZ8w,0,badcase,无标签无内容证据，无法支持充电宝推广相关性
4961,UCLod_8hTXOH79EYvmBQWp0Q,Clear HD,https://cn.noxinfluencer.com/youtube/channel/UCLod_8hTXOH79EYvmBQWp0Q,0,badcase,无标签、无相关视频，缺少充电宝推广相关性证据
4962,UCLp8LI9lCIF1r54aOzxjhBA,Gacha Josh,https://cn.noxinfluencer.com/youtube/channel/UCLp8LI9lCIF1r54aOzxjhBA,0,badcase,游戏频道与充电宝推广无直接相关，缺少购买或使用场景信号
4963,UCLqMJ74FiYiw75yB1ZuKubA,Court room 2.0,https://cn.noxinfluencer.com/youtube/channel/UCLqMJ74FiYiw75yB1ZuKubA,0,badcase,频道与充电宝推广无关，缺少任何相关信号
4965,UCLsFAfY2b17nqOs63OjUjHA,"PromoOcodes - Latest Deals, Coupons & Blogs",https://cn.noxinfluencer.com/youtube/channel/UCLsFAfY2b17nqOs63OjUjHA,0,badcase,无标签和视频证据，缺少与 power bank 推广的明确相关性
4966,UCLsJgWLKvbc_4Iv92jZ1lVA,BestGadgets,https://cn.noxinfluencer.com/youtube/channel/UCLsJgWLKvbc_4Iv92jZ1lVA,0,badcase,无标签、无内容证据，无法判断与充电宝推广相关
4967,UCLsawfPSeUyfmjQKpP4TaXw,David's List of Reviews,https://cn.noxinfluencer.com/youtube/channel/UCLsawfPSeUyfmjQKpP4TaXw,0,badcase,无标签、无内容证据，无法判断与充电宝推广相关
4968,UCLtE7yVlq0U06zbk6Bhf1ZA,RobRabonPhotog,https://cn.noxinfluencer.com/youtube/channel/UCLtE7yVlq0U06zbk6Bhf1ZA,0,badcase,汽车漂移内容，与充电宝缺少购买或使用场景关联
4969,UCLu9mT0vFgV-NcYXHBFi2RA,Felsher Tindel,https://cn.noxinfluencer.com/youtube/channel/UCLu9mT0vFgV-NcYXHBFi2RA,0,badcase,无标签、无内容证据，无法判断与充电宝推广相关
4970,UCLudtEr6zNvARNm2ld09jxQ,Couple Kang Kang,https://cn.noxinfluencer.com/youtube/channel/UCLudtEr6zNvARNm2ld09jxQ,-15,badcase,娱乐电影向频道，偏内容消费而非充电宝产品推广
4971,UCLvztUp66okXUXiyxQxr1og,Dol Haro,https://cn.noxinfluencer.com/youtube/channel/UCLvztUp66okXUXiyxQxr1og,0,badcase,无标签且无相关视频，缺少充电宝推广场景
4972,UCLw3msi7vlacqjUu_jVdIwQ,神秘之旅,https://cn.noxinfluencer.com/youtube/channel/UCLw3msi7vlacqjUu_jVdIwQ,0,badcase,标签偏动物娱乐，缺少充电宝购买或使用意图
4973,UCLxBzCDvA3PwxHqmz3yd-MQ,nxeroz,https://cn.noxinfluencer.com/youtube/channel/UCLxBzCDvA3PwxHqmz3yd-MQ,1,badcase,仅泛生活vlog弱相关，无充电宝测评或购买意图
4974,UCLxQaFOkE3jTXNeP7-mKmdg,Christopher “blackph0enix” Battle,https://cn.noxinfluencer.com/youtube/channel/UCLxQaFOkE3jTXNeP7-mKmdg,0,badcase,无标签无内容，无法支持充电宝推广判断
4975,UCLxsKT0ozwFoQgpvbBl17CA,Paul Weber,https://cn.noxinfluencer.com/youtube/channel/UCLxsKT0ozwFoQgpvbBl17CA,-15,badcase,频道以游戏主机/Wii内容为主，不适合充电宝推广
4976,UCLy3Bp8E6SW5CgoisrCwXhw,BanterBloom77,https://cn.noxinfluencer.com/youtube/channel/UCLy3Bp8E6SW5CgoisrCwXhw,0,badcase,无标签且无内容信号，和充电宝推广无相关性
4977,UCLyVctz20sO0ImUOWwUbFxw,nCino,https://cn.noxinfluencer.com/youtube/channel/UCLyVctz20sO0ImUOWwUbFxw,0,badcase,无标签且无内容信号，和充电宝推广无相关性
4978,UCLyrrNDi-I9K8Uw3Y3lawqQ,Hidden Histories and Origins,https://cn.noxinfluencer.com/youtube/channel/UCLyrrNDi-I9K8Uw3Y3lawqQ,0,badcase,无标签且无内容信号，和充电宝推广无相关性
4981,UCM-VfIYE2tmKNypE3dPP8lg,Lanka Noir,https://cn.noxinfluencer.com/youtube/channel/UCM-VfIYE2tmKNypE3dPP8lg,0,badcase,无标签和视频证据，缺少充电宝推广相关性
4982,UCM-jUHUbTa9Yob6FcF3AnrA,Craps University,https://cn.noxinfluencer.com/youtube/channel/UCM-jUHUbTa9Yob6FcF3AnrA,-15,badcase,赌博策略频道，与充电宝促销场景明显不符
4983,UCM138a9qJ3kpxDpQ5KGvXEQ,Gadget Picked,https://cn.noxinfluencer.com/youtube/channel/UCM138a9qJ3kpxDpQ5KGvXEQ,0,badcase,无标签、相关视频或近期内容证据，无法支持充电宝推广
4984,UCM1OBOge7wYMR3Goo73Bf7w,Top 10 List,https://cn.noxinfluencer.com/youtube/channel/UCM1OBOge7wYMR3Goo73Bf7w,0,badcase,无标签或视频证据支持充电宝推广相关性
4985,UCM1a9h0tLdOWIzuxUkdqyuw,EbikePros,https://cn.noxinfluencer.com/youtube/channel/UCM1a9h0tLdOWIzuxUkdqyuw,0,badcase,无标签、无相关视频或近期内容，缺少充电宝推广相关性
4986,UCM20kh-ZP3Buif85PdfAtUA,Love For Garden,https://cn.noxinfluencer.com/youtube/channel/UCM20kh-ZP3Buif85PdfAtUA,0,badcase,频道为园艺/厨房生活内容，与移动电源推广无明显相关性
4987,UCM2IWnMWgAgfacC1GcGr0jQ,EBL Official,https://cn.noxinfluencer.com/youtube/channel/UCM2IWnMWgAgfacC1GcGr0jQ,0,badcase,无标签无内容证据，频道主体不明，难支持power bank推广
4989,UCM3yKgBze-peblqZtaHGLAA,Review Doctor,https://cn.noxinfluencer.com/youtube/channel/UCM3yKgBze-peblqZtaHGLAA,0,badcase,无标签与内容信号，缺少充电宝推广相关性依据
4990,UCM4VtkXVkLH2gfPR3NG0OZg,Alltechemy,https://cn.noxinfluencer.com/youtube/channel/UCM4VtkXVkLH2gfPR3NG0OZg,0,badcase,无标签与内容证据，难判断为充电宝推广相关频道
4992,UCM50fUGLdm4VTX9-5-rhVOg,The Crazy Stitch Lady,https://cn.noxinfluencer.com/youtube/channel/UCM50fUGLdm4VTX9-5-rhVOg,0,badcase,手作/迪士尼开箱频道，与充电宝推广缺少购买或测评场景
4994,UCM5Gv2x6AfNYqNXvEgpHopg,Maya Taylor,https://cn.noxinfluencer.com/youtube/channel/UCM5Gv2x6AfNYqNXvEgpHopg,1,badcase,仅有technology弱相关，频道主题分散且无充电宝推广证据
4995,UCM68fvRSz5pTBKrAu1l-APA,russej02,https://cn.noxinfluencer.com/youtube/channel/UCM68fvRSz5pTBKrAu1l-APA,0,badcase,摩托/开锁类频道，和充电宝推广无明显相关
4997,UCM6QJ2Pim8BJoceLcj8UowA,Promythean,https://cn.noxinfluencer.com/youtube/channel/UCM6QJ2Pim8BJoceLcj8UowA,0,badcase,无标签无内容，缺乏任何相关信号
4999,UCM8y22nIttA2ZIHJ5h_8eSw,Deerhaven Offgrid Homestead,https://cn.noxinfluencer.com/youtube/channel/UCM8y22nIttA2ZIHJ5h_8eSw,0,badcase,偏离网生活方式，相关性弱
5000,UCM985UkYGjdzQVj6AoEBWWw,Bank of Harmony,https://cn.noxinfluencer.com/youtube/channel/UCM985UkYGjdzQVj6AoEBWWw,0,badcase,音乐娱乐频道，与充电宝推广场景不符
5001,UCM9mlVhFqFaguo-CKAQwoyA,1M Bangla,https://cn.noxinfluencer.com/youtube/channel/UCM9mlVhFqFaguo-CKAQwoyA,-15,badcase,二次元娱乐频道，和充电宝推广场景明显不符
5002,UCMAeYgE9j0VYfqOcajSBMTQ,Hasitha Madhawa Gajadeera Arachchi,https://cn.noxinfluencer.com/youtube/channel/UCMAeYgE9j0VYfqOcajSBMTQ,0,badcase,音乐频道，缺少充电宝相关产品或购买信号
5003,UCMAgjjfN6rb8kp8_ZLybj9w,ALIEXPRESS STORE,https://cn.noxinfluencer.com/youtube/channel/UCMAgjjfN6rb8kp8_ZLybj9w,0,badcase,无标签无视频，无法确认与充电宝推广相关
5004,UCMAudiNDML6VGvIyeQ-rkeA,LOLBlast USA,https://cn.noxinfluencer.com/youtube/channel/UCMAudiNDML6VGvIyeQ-rkeA,2,badcase,仅有泛科技标签，无充电宝评测/购买/使用证据
5006,UCMAzsXunIhMT-mqC9NbqEog,Product Zone,https://cn.noxinfluencer.com/youtube/channel/UCMAzsXunIhMT-mqC9NbqEog,0,badcase,标签偏美妆发型，无充电宝使用/测评/购买意图，推广相关性弱
5007,UCMBHZSB44w872bp10f43zeA,xxiChris,https://cn.noxinfluencer.com/youtube/channel/UCMBHZSB44w872bp10f43zeA,-12,badcase,ASMR拆箱型频道，仅泛电子相关，缺少充电宝直相关和购买评测信号
5008,UCMBnx9zLVwUOqXRtcM4C8yA,NotSheeple,https://cn.noxinfluencer.com/youtube/channel/UCMBnx9zLVwUOqXRtcM4C8yA,3,badcase,偏离充电宝推广场景，仅有离网生活弱相关，无产品或购买意图
5009,UCMBpDXn58FhW5KBhmCTyXEA,Rxan Smith,https://cn.noxinfluencer.com/youtube/channel/UCMBpDXn58FhW5KBhmCTyXEA,0,badcase,无直接或强相关标签，近期无内容，难支撑充电宝推广
5011,UCMCk7SJdDzr6HyjCiILNYkA,MindCaves Stories,https://cn.noxinfluencer.com/youtube/channel/UCMCk7SJdDzr6HyjCiILNYkA,0,badcase,无标签且偏故事内容，缺少产品推广相关信号
5012,UCMD-DgpQ4W27Hd7hs3UXH-Q,VoodooDE VR - english version -,https://cn.noxinfluencer.com/youtube/channel/UCMD-DgpQ4W27Hd7hs3UXH-Q,0,badcase,VR游戏内容，和电源品类推广关联弱
5014,UCMDnNMyx3IBi04eOA9Ur2dw,The Solar Farmer,https://cn.noxinfluencer.com/youtube/channel/UCMDnNMyx3IBi04eOA9Ur2dw,0,badcase,农场/太阳能主题，和移动充电宝推广关联不足
5015,UCME5-NApOzfgK1Vnop6VWXw,It's Paul Y'all,https://cn.noxinfluencer.com/youtube/channel/UCME5-NApOzfgK1Vnop6VWXw,0,badcase,无标签无内容，缺少可判定的带货相关性
5016,UCME7LmGkXbQzib21VNFXQ2A,The Ghost,https://cn.noxinfluencer.com/youtube/channel/UCME7LmGkXbQzib21VNFXQ2A,0,badcase,无标签、无相关视频，缺乏充电宝推广相关性
5017,UCMElV5mHh7nl61-FkbsTNTw,YAMUFNDSUFA,https://cn.noxinfluencer.com/youtube/channel/UCMElV5mHh7nl61-FkbsTNTw,0,badcase,无标签、无相关视频信号，缺少推广适配证据
5018,UCMFRKonTCIJ-cSdD9LdGvpQ,Danelle Nazari,https://cn.noxinfluencer.com/youtube/channel/UCMFRKonTCIJ-cSdD9LdGvpQ,0,badcase,无标签、无相关视频、无近期内容，缺少充电宝推广相关性证据
5019,UCMFe13As2lpmN7p6XPAtUsA,Dinar Flippin Caged,https://cn.noxinfluencer.com/youtube/channel/UCMFe13As2lpmN7p6XPAtUsA,0,badcase,无标签或视频证据，无法支持充电宝推广相关性
5020,UCMFmrcGuFNu_59L0pHcR0OA,Now You Know,https://cn.noxinfluencer.com/youtube/channel/UCMFmrcGuFNu_59L0pHcR0OA,0,badcase,车评/特斯拉频道，与移动电源推广缺少直接消费场景
5021,UCMGefqCfKBQuLFaQwqfk3SQ,MyMustHaveFinds,https://cn.noxinfluencer.com/youtube/channel/UCMGefqCfKBQuLFaQwqfk3SQ,0,badcase,无标签与内容证据，和充电宝推广无明显相关性
5022,UCMGkwgOomR02Gh9McAXXrVg,Steven Lam,https://cn.noxinfluencer.com/youtube/channel/UCMGkwgOomR02Gh9McAXXrVg,0,badcase,无标签与内容证据，和充电宝推广无明显相关性
5023,UCMHGzeaX04dFjbRyYAm85SQ,Onebag Dash,https://cn.noxinfluencer.com/youtube/channel/UCMHGzeaX04dFjbRyYAm85SQ,0,badcase,无标签与内容证据，和充电宝推广无明显相关性
5024,UCMHQcOsMu-fd69GwtTR1pGQ,5X Finds,https://cn.noxinfluencer.com/youtube/channel/UCMHQcOsMu-fd69GwtTR1pGQ,0,badcase,无标签与内容证据，和充电宝推广无明显相关性
5025,UCMHgTyVCi_4ahS8t6M6h-2Q,Josh Smart,https://cn.noxinfluencer.com/youtube/channel/UCMHgTyVCi_4ahS8t6M6h-2Q,0,badcase,健身类频道与充电宝推广关联弱，缺少购买/测评语境
5026,UCMHyw-R0dJ-73quZTpGlOoQ,MainStreamGifts,https://cn.noxinfluencer.com/youtube/channel/UCMHyw-R0dJ-73quZTpGlOoQ,0,badcase,无充电宝或数码配件相关信号，且缺少可用于推广的使用场景
5027,UCMIDEdmDDyCmMhjk8IpJ1NQ,Jae Gizmo,https://cn.noxinfluencer.com/youtube/channel/UCMIDEdmDDyCmMhjk8IpJ1NQ,0,badcase,无标签与内容信息，无法证明与充电宝推广相关
5028,UCMIjEnXruVHtvgSVf6TgfUg,Wranglerstar,https://cn.noxinfluencer.com/youtube/channel/UCMIjEnXruVHtvgSVf6TgfUg,0,badcase,无充电宝或电子产品推广相关证据
5029,UCMIqrmh2lMdzhlCPK5ahsAg,Jack Rhysider,https://cn.noxinfluencer.com/youtube/channel/UCMIqrmh2lMdzhlCPK5ahsAg,0,badcase,偏黑客播客与犯罪话题，和充电宝推广缺少直接购买场景
5030,UCMJipopxVArU8QBkeKm_RZA,Sherman Vlog,https://cn.noxinfluencer.com/youtube/channel/UCMJipopxVArU8QBkeKm_RZA,2,badcase,仅有旅游/生活方式弱场景，无充电宝或电子产品推广证据
5032,UCML7DcvQrG9sUw5kGqAGtaA,Soundproof Guide,https://cn.noxinfluencer.com/youtube/channel/UCML7DcvQrG9sUw5kGqAGtaA,0,badcase,声学隔音DIY频道，与充电宝推广无明显场景关联
5033,UCMMcEL1O8a_5-VNMUJ_SuuQ,Value Home,https://cn.noxinfluencer.com/youtube/channel/UCMMcEL1O8a_5-VNMUJ_SuuQ,0,badcase,无标签无视频，缺少充电宝相关推广信号
5034,UCMMitlgNqT8JwC5j7dy4eVA,Soulshot Films,https://cn.noxinfluencer.com/youtube/channel/UCMMitlgNqT8JwC5j7dy4eVA,-15,badcase,宠物故事频道，受众与充电宝推广完全不相关
5035,UCMNHx5RspK_jRvqPR5oyt8Q,Dented Fender Garage (Project Dads),https://cn.noxinfluencer.com/youtube/channel/UCMNHx5RspK_jRvqPR5oyt8Q,2,badcase,仅有DIY/repair弱相关，缺少充电/电源产品意图，推广适配度低
5036,UCMNJacg2HHRcY-jTQALvRQg,Homestead Bandwagon Reviews,https://cn.noxinfluencer.com/youtube/channel/UCMNJacg2HHRcY-jTQALvRQg,0,badcase,缺少与充电宝相关的标签、标题或内容信号
5037,UCMOA9Fs8ekGbE6lBhSYZIVg,Mayra Lopez,https://cn.noxinfluencer.com/youtube/channel/UCMOA9Fs8ekGbE6lBhSYZIVg,0,badcase,无任何与充电宝推广相关的可用信号
5039,UCMObNfqUi_IN94wAUNsd1dg,MissJess Review!,https://cn.noxinfluencer.com/youtube/channel/UCMObNfqUi_IN94wAUNsd1dg,0,badcase,缺少与充电宝相关的标签、标题或内容信号
5040,UCMOcb93H_57DpPr7vDN_k3w,Change Your Mac,https://cn.noxinfluencer.com/youtube/channel/UCMOcb93H_57DpPr7vDN_k3w,0,badcase,仅从名称看不出充电宝推广相关性，证据不足
5041,UCMOkfCyVj1ciX9azeOsUyDA,Gael Castilleja,https://cn.noxinfluencer.com/youtube/channel/UCMOkfCyVj1ciX9azeOsUyDA,0,badcase,纯音乐频道，缺少充电宝和数码购买语境
5042,UCMOpVVfj7vis76yFoMe6n0g,Aleksey Tkachuk,https://cn.noxinfluencer.com/youtube/channel/UCMOpVVfj7vis76yFoMe6n0g,0,badcase,以音乐为主，和充电宝推广几乎无关
5044,UCMPvVtN4f-LfwWEpXSmX3ww,ArtCo Drones and Entertainment,https://cn.noxinfluencer.com/youtube/channel/UCMPvVtN4f-LfwWEpXSmX3ww,-19,badcase,仅泛电子弱相关，喜剧娱乐格式不适合充电宝推广
5046,UCMQXSpBckvAu90UTbca_6xQ,Review Amazon Best Seller,https://cn.noxinfluencer.com/youtube/channel/UCMQXSpBckvAu90UTbca_6xQ,0,badcase,无标签、无内容信号，难以判断与充电宝推广相关
5047,UCMR7SdPWPiDWWzUkj9eNVBQ,Old Car Alley,https://cn.noxinfluencer.com/youtube/channel/UCMR7SdPWPiDWWzUkj9eNVBQ,0,badcase,老车修复频道与充电宝推广缺少直接消费意图，相关性很弱
5048,UCMRA0qrIOBCJgGMYhS0pC9Q,Gadgetify,https://cn.noxinfluencer.com/youtube/channel/UCMRA0qrIOBCJgGMYhS0pC9Q,0,badcase,无标签、无相关视频，缺少充电宝推广相关性证据
5049,UCMRVEIa7QTZu5f_J4OvsS5A,Life Designs Institute,https://cn.noxinfluencer.com/youtube/channel/UCMRVEIa7QTZu5f_J4OvsS5A,0,badcase,无标签和内容信号，缺少充电宝推广相关性
5050,UCMRc3ie8DJWw80NL4jYZ2QQ,CloverTac Reviews,https://cn.noxinfluencer.com/youtube/channel/UCMRc3ie8DJWw80NL4jYZ2QQ,0,badcase,无标签、无相关标题，缺少充电宝推广相关信号
5051,UCMSMLMe15WlqHadngoG0CuQ,Pam,https://cn.noxinfluencer.com/youtube/channel/UCMSMLMe15WlqHadngoG0CuQ,0,badcase,旅行/摩旅频道，与充电宝仅有弱场景关联，缺少购买或测评意图
5052,UCMTGDOHsXUij-I1SUzjJE4g,Road Misfit,https://cn.noxinfluencer.com/youtube/channel/UCMTGDOHsXUij-I1SUzjJE4g,0,badcase,汽车改装频道，与充电宝推广无明确受众或购买场景关联
5054,UCMU2EZasfCzodwWqqmiJLUQ,WoW Items,https://cn.noxinfluencer.com/youtube/channel/UCMU2EZasfCzodwWqqmiJLUQ,0,badcase,无标签、无相关视频，缺少充电宝推广相关性证据
5056,UCMUEBpPJNZ8JdYSsyEG8qvQ,CoNaBlue,https://cn.noxinfluencer.com/youtube/channel/UCMUEBpPJNZ8JdYSsyEG8qvQ,-15,badcase,儿童动画娱乐，和充电宝推广场景明显不匹配
5057,UCMUj9iBo6O5kEHcRXYCkiMA,PrimeSmart Finds,https://cn.noxinfluencer.com/youtube/channel/UCMUj9iBo6O5kEHcRXYCkiMA,0,badcase,缺少标签和内容，相关性证据不足
5058,UCMVWfv4hNHvTscDw2kCPsHw,Viralgabe,https://cn.noxinfluencer.com/youtube/channel/UCMVWfv4hNHvTscDw2kCPsHw,-10,badcase,游戏娱乐频道，与充电宝推广场景不匹配
5062,UCMXIqoBC13dPsA6sXkuQaQQ,Origin Techies,https://cn.noxinfluencer.com/youtube/channel/UCMXIqoBC13dPsA6sXkuQaQQ,0,badcase,车辆概念向，和移动电源消费场景关联弱
5064,UCMZyv9092xXQ414_b0f-8wQ,Yas gaming,https://cn.noxinfluencer.com/youtube/channel/UCMZyv9092xXQ414_b0f-8wQ,-15,badcase,娱乐搞笑向，和移动电源推广场景明显不匹配
5066,UCM_bIG8x3tq5Op0Qj48q-oQ,KURI Slot,https://cn.noxinfluencer.com/youtube/channel/UCM_bIG8x3tq5Op0Qj48q-oQ,-15,badcase,博彩老虎机频道，与移动电源推广场景明显不符
5067,UCM_fQvMeWxmsrokUmj5UoIQ,Bike Beat,https://cn.noxinfluencer.com/youtube/channel/UCM_fQvMeWxmsrokUmj5UoIQ,0,badcase,无电源类标签，内容偏泛生活/时尚，缺少充电宝购买或测评信号
5072,UCMdjmtlLGt8gY6DO9UIKrIw,Hello Again,https://cn.noxinfluencer.com/youtube/channel/UCMdjmtlLGt8gY6DO9UIKrIw,0,badcase,无标签、无相关视频或近期内容，缺少充电宝推广相关性
5074,UCMeUM7p_B6Tgz1bQFlRxqfA,LEDs`nMORE,https://cn.noxinfluencer.com/youtube/channel/UCMeUM7p_B6Tgz1bQFlRxqfA,1,badcase,仅有泛科技标签，缺少充电宝评测/购买/使用场景证据
5075,UCMfGrKkFT3MSbJQEuIVoQ2w,product master review,https://cn.noxinfluencer.com/youtube/channel/UCMfGrKkFT3MSbJQEuIVoQ2w,0,badcase,缺少频道标签和视频证据，无法支持充电宝推广相关性
5077,UCMfwDVAkrXosNu-sThbiy-A,🕵️‍♀️ KitKat’s Korner,https://cn.noxinfluencer.com/youtube/channel/UCMfwDVAkrXosNu-sThbiy-A,0,badcase,无标签、视频或近期内容证据，无法支持充电宝推广
5078,UCMg26KnvfGr41sfO7vhXWzQ,The Anthony Scene,https://cn.noxinfluencer.com/youtube/channel/UCMg26KnvfGr41sfO7vhXWzQ,-7,badcase,频道偏DND游戏娱乐/vlog，缺少充电宝推广或测评场景
5080,UCMgg9JfkqUYUlk4o-lEkUjQ,Worth IT?,https://cn.noxinfluencer.com/youtube/channel/UCMgg9JfkqUYUlk4o-lEkUjQ,0,badcase,无标签、无相关视频、无近期内容证据，无法支持充电宝推广
5081,UCMgghyR4vYxznz2R8kHjK5w,Susanna Chilingaryan,https://cn.noxinfluencer.com/youtube/channel/UCMgghyR4vYxznz2R8kHjK5w,0,badcase,无标签、无相关视频、无近期内容，缺少充电宝推广相关证据
5083,UCMhLp85kXmYiWcZ0hiINSpg,BOOST TOYS,https://cn.noxinfluencer.com/youtube/channel/UCMhLp85kXmYiWcZ0hiINSpg,-15,badcase,玩具枪内容，与充电宝推广场景明显不相关
5084,UCMhNHchkDx7UF4pnxVb5Prg,Im_The_Slep,https://cn.noxinfluencer.com/youtube/channel/UCMhNHchkDx7UF4pnxVb5Prg,0,badcase,游戏频道无充电宝相关标签或内容证据，缺少推广场景
5085,UCMhkSFVPgRoEiEAHo-QS50w,DatabaseHistory,https://cn.noxinfluencer.com/youtube/channel/UCMhkSFVPgRoEiEAHo-QS50w,1,badcase,以数据库历史和泛科技知识为主，缺少充电宝购买、测评或使用场景
5086,UCMiC8Hx1GmdiRilBmweh77A,Real Product Unboxings and Reviews,https://cn.noxinfluencer.com/youtube/channel/UCMiC8Hx1GmdiRilBmweh77A,0,badcase,无标签、视频或近期内容证据支持充电宝推广相关性
5088,UCMjEd5YCtcay5fAb4CtJxKA,NextBuy,https://cn.noxinfluencer.com/youtube/channel/UCMjEd5YCtcay5fAb4CtJxKA,0,badcase,无标签、无相关视频或近期内容，缺少充电宝推广相关证据
5089,UCMjrP1TrrqpXK5NiE87kZ_A,The Dad Job,https://cn.noxinfluencer.com/youtube/channel/UCMjrP1TrrqpXK5NiE87kZ_A,0,badcase,亲子日常向，和充电宝推广关联弱
5090,UCMk2NcgRfOvy8qiUJsi2WUw,Ascend Your Success,https://cn.noxinfluencer.com/youtube/channel/UCMk2NcgRfOvy8qiUJsi2WUw,0,badcase,成功学内容，和充电宝推广不相关
5095,UCMlccg6TFrsCbxtncgWNwiw,Thomas reviews,https://cn.noxinfluencer.com/youtube/channel/UCMlccg6TFrsCbxtncgWNwiw,0,badcase,无标签无内容证据，无法判断为充电宝相关创作者
5096,UCMmcfaxrn8ZNKpFZfP3nn1A,YueDao portable power,https://cn.noxinfluencer.com/youtube/channel/UCMmcfaxrn8ZNKpFZfP3nn1A,0,badcase,频道名有便携电源线索，但缺少标签、视频和近期内容证据
5097,UCMnMT6XGPZlJSTyPq6FIIrg,woods roamer,https://cn.noxinfluencer.com/youtube/channel/UCMnMT6XGPZlJSTyPq6FIIrg,0,badcase,无电源或数码相关信号，难用于充电宝推广
5099,UCMoaeh3sV_83LJkRFu3DS7g,WESTASIA1 TV CALIFORNIA  SONGS MUSIC  PHILIPPINES,https://cn.noxinfluencer.com/youtube/channel/UCMoaeh3sV_83LJkRFu3DS7g,0,badcase,纯音乐娱乐向，与数码产品推广场景不匹配
5102,UCMp3mUhctVWElpfRZrFcVbg,RodiBroGamer,https://cn.noxinfluencer.com/youtube/channel/UCMp3mUhctVWElpfRZrFcVbg,0,badcase,无标签无内容，难以判断与充电宝推广相关
5104,UCMq5vcq7yiEcUGhPQ8EetTQ,Adrian Sandoval,https://cn.noxinfluencer.com/youtube/channel/UCMq5vcq7yiEcUGhPQ8EetTQ,0,badcase,无标签无内容，无法支撑充电宝推广判断
5106,UCMqU9Pju7_b6sV1jnr6CL2Q,Brandon Rimes,https://cn.noxinfluencer.com/youtube/channel/UCMqU9Pju7_b6sV1jnr6CL2Q,0,badcase,地产金融频道，和充电宝推广几乎无关
5109,UCMs3_u1_47B27slTOv2jNFA,Iloome Official,https://cn.noxinfluencer.com/youtube/channel/UCMs3_u1_47B27slTOv2jNFA,0,badcase,无标签无内容证据，难支持充电宝推广
5111,UCMsYAW-SljRfOg0ZqE8acSQ,Gadget Tech Hub,https://cn.noxinfluencer.com/youtube/channel/UCMsYAW-SljRfOg0ZqE8acSQ,0,badcase,无标签、无相关视频或近期内容，缺少充电宝推广相关证据
5112,UCMsq3CeM823KgImMy6oDc-w,Am-Si,https://cn.noxinfluencer.com/youtube/channel/UCMsq3CeM823KgImMy6oDc-w,0,badcase,无标签、标题或近期内容证据支持移动电源推广相关性
5113,UCMuht660BA2FJ2NobnoEumg,Action Media Video,https://cn.noxinfluencer.com/youtube/channel/UCMuht660BA2FJ2NobnoEumg,-15,badcase,ASMR/娱乐向，属于充电宝推广的格式和主题错配
5114,UCMuwkbZNdjgZEUrGLI9soyw,God messages today,https://cn.noxinfluencer.com/youtube/channel/UCMuwkbZNdjgZEUrGLI9soyw,-15,badcase,宗教励志内容与充电宝消费场景无关，适配度很低
5117,UCMvqQhP5TvcKhv8J-qs9VCQ,Gun enthusiast,https://cn.noxinfluencer.com/youtube/channel/UCMvqQhP5TvcKhv8J-qs9VCQ,-5,badcase,枪械爱好频道与充电宝推广无关，缺少产品消费或测评信号
5118,UCMvyJCGXn9zf_dmdomOjB3w,Glocal Project,https://cn.noxinfluencer.com/youtube/channel/UCMvyJCGXn9zf_dmdomOjB3w,0,badcase,无标签、标题或近期内容证据支持充电宝推广相关性
5119,UCMw2KMBpCWL-KB73D5w9uXg,Bond Invests,https://cn.noxinfluencer.com/youtube/channel/UCMw2KMBpCWL-KB73D5w9uXg,0,badcase,无标签、无相关视频或近期内容，缺少充电宝推广相关证据
5120,UCMwMBwdPoKNCHts-tuTcUEg,Quiet life,https://cn.noxinfluencer.com/youtube/channel/UCMwMBwdPoKNCHts-tuTcUEg,-15,badcase,宠物狗内容为主，与人用充电宝推广目标不符
5121,UCMwgDtdvcYTBkx-_uXw-atg,Xavier Raphael,https://cn.noxinfluencer.com/youtube/channel/UCMwgDtdvcYTBkx-_uXw-atg,0,badcase,无标签、无标题、无近期内容证据，无法支持充电宝推广相关性
5122,UCMxDCOjwhgQHRAsWklZsVpg,Anthony,https://cn.noxinfluencer.com/youtube/channel/UCMxDCOjwhgQHRAsWklZsVpg,0,badcase,无标签和内容证据，和充电宝推广无关
5123,UCMxWTlq8A0O6PWavevJpLcA,Roy T. Abdo,https://cn.noxinfluencer.com/youtube/channel/UCMxWTlq8A0O6PWavevJpLcA,0,badcase,无标签和视频信号，缺少充电宝推广相关性
5124,UCMxY-oZ7BQ21_-rHwSPHZNA,FROGMAN524,https://cn.noxinfluencer.com/youtube/channel/UCMxY-oZ7BQ21_-rHwSPHZNA,1,badcase,仅有泛电子标签，缺少充电宝推广语境
5125,UCMyF73KekqI5rx0Sv9nJF4Q,Smart shop,https://cn.noxinfluencer.com/youtube/channel/UCMyF73KekqI5rx0Sv9nJF4Q,0,badcase,无标签和内容证据，无法证明与充电宝推广相关
5126,UCMytbwdHtgYI4MdwFC4jd0w,Show Me The Goods,https://cn.noxinfluencer.com/youtube/channel/UCMytbwdHtgYI4MdwFC4jd0w,0,badcase,无标签和近期内容，缺少与充电宝推广相关信号
5127,UCMz93bcv9I9AkpMPcg7MuZw,Innocent Ashiq,https://cn.noxinfluencer.com/youtube/channel/UCMz93bcv9I9AkpMPcg7MuZw,0,badcase,无标签和近期内容，缺少与充电宝推广相关信号
5128,UCMznmykb6kKQYKSIwH9TduA,Jeaninho_IAM,https://cn.noxinfluencer.com/youtube/channel/UCMznmykb6kKQYKSIwH9TduA,0,badcase,无标签和近期内容，缺少与充电宝推广相关信号
5129,UCMzxH4m-J8fA-8na2X06HYQ,Winning Pick,https://cn.noxinfluencer.com/youtube/channel/UCMzxH4m-J8fA-8na2X06HYQ,0,badcase,无标签和近期内容，缺少与充电宝推广相关信号
5131,UCN0AOPwILsnnVg8B1hnG1XQ,AK NextG,https://cn.noxinfluencer.com/youtube/channel/UCN0AOPwILsnnVg8B1hnG1XQ,0,badcase,无标签与内容信号，和 power bank 推广无关
5134,UCN1-RLCNu2nK7yey-8ufyNQ,Chasing Waypoints,https://cn.noxinfluencer.com/youtube/channel/UCN1-RLCNu2nK7yey-8ufyNQ,0,badcase,无可用标签与内容信号，不适合 power bank 推广
5135,UCN16Y4RhzwucRr673jj6hyA,Rain Walk Relaxing,https://cn.noxinfluencer.com/youtube/channel/UCN16Y4RhzwucRr673jj6hyA,0,badcase,玩具内容与充电宝购买场景不匹配，相关性弱
5137,UCN2L6780pERlx4IBqJ9r98g,Fantastic Movies,https://cn.noxinfluencer.com/youtube/channel/UCN2L6780pERlx4IBqJ9r98g,-15,badcase,影视娱乐内容为主，和充电宝推广场景不匹配
5138,UCN2kVh8oY0qtuOmWZZJvIDw,NOVOO Tech,https://cn.noxinfluencer.com/youtube/channel/UCN2kVh8oY0qtuOmWZZJvIDw,0,badcase,无标签、视频标题或近期内容证据支持充电宝推广相关性
5139,UCN2yvLRlFOAi9wz2yspm_6Q,Aliexpress Promotion,https://cn.noxinfluencer.com/youtube/channel/UCN2yvLRlFOAi9wz2yspm_6Q,0,badcase,无充电宝相关标签或内容证据，缺少推广适配性
5140,UCN3-nD_Mbboz4ENlSOaMGlw,PopstarParade,https://cn.noxinfluencer.com/youtube/channel/UCN3-nD_Mbboz4ENlSOaMGlw,-15,badcase,娱乐八卦短内容为主，不适合充电宝推广
5141,UCN3JFG5xAtLQZtDJ3MY2eCQ,Winnie Sun TV,https://cn.noxinfluencer.com/youtube/channel/UCN3JFG5xAtLQZtDJ3MY2eCQ,0,badcase,标签偏财经新闻，和充电宝推广无关
5142,UCN3m4ApMWSRZx1ZZRRqWakQ,Live Laugh Love Travel,https://cn.noxinfluencer.com/youtube/channel/UCN3m4ApMWSRZx1ZZRRqWakQ,0,badcase,无标签无视频证据，缺少充电宝推广相关性
5143,UCN4ZZbWnxVJ4XICAFfo4UiQ,John Spears Jr.,https://cn.noxinfluencer.com/youtube/channel/UCN4ZZbWnxVJ4XICAFfo4UiQ,1,badcase,标签以体育为主，电子类仅泛化，缺少充电宝推广与购买意图信号
5144,UCN4ZvnLAyCihpT8ZYjMQuIw,THE LEFTY VLOGGER,https://cn.noxinfluencer.com/youtube/channel/UCN4ZvnLAyCihpT8ZYjMQuIw,4,badcase,家居/DIY泛内容，和充电宝推广缺少购买或使用场景
5145,UCN4a1KIJEjmhe4ZDCmG2H3g,Kerrie's Konversations over 60;  Where is America?,https://cn.noxinfluencer.com/youtube/channel/UCN4a1KIJEjmhe4ZDCmG2H3g,0,badcase,无产品相关信号，无法支撑power bank推广
5147,UCN4xjd4AVkQ5q5kGgSX_2UA,GreatShield USA,https://cn.noxinfluencer.com/youtube/channel/UCN4xjd4AVkQ5q5kGgSX_2UA,0,badcase,缺少频道标签和内容证据，无法判断为充电宝相关
5148,UCN55lV0gk58Fx9fwCdIRcAQ,ItemIsle,https://cn.noxinfluencer.com/youtube/channel/UCN55lV0gk58Fx9fwCdIRcAQ,0,badcase,无标签无内容，缺少任何与充电宝推广相关的信号
5149,UCN5IDl2LoxGnDX8Tk0l5kVg,Wade Warner,https://cn.noxinfluencer.com/youtube/channel/UCN5IDl2LoxGnDX8Tk0l5kVg,0,badcase,无标签无内容，和充电宝推广场景没有可用关联
5150,UCN5xPNTy8hLoRVTGbECznMg,Content Marketing Institute,https://cn.noxinfluencer.com/youtube/channel/UCN5xPNTy8hLoRVTGbECznMg,0,badcase,偏知识/营销泛内容，缺少数码产品推广场景
5151,UCN60M9_q2oUfWCDywPNejiw,Infinite Possibilities,https://cn.noxinfluencer.com/youtube/channel/UCN60M9_q2oUfWCDywPNejiw,0,badcase,标签与充电宝推广无关，缺少购买或使用场景
5157,UCN98KwoxUyOLiuSSJiYBw4g,DailyGadgets7,https://cn.noxinfluencer.com/youtube/channel/UCN98KwoxUyOLiuSSJiYBw4g,0,badcase,无标签无内容证据，缺少充电宝推广相关性
5158,UCN9R5KD8MS6GUz3IUWBOnCQ,Nico Murillo,https://cn.noxinfluencer.com/youtube/channel/UCN9R5KD8MS6GUz3IUWBOnCQ,1,badcase,仅旅行场景弱相关，频道主轴健身健康美食，缺少充电宝推广证据
5159,UCN9W9DwTffsY4r80dipRJhg,BIZ WEEK,https://cn.noxinfluencer.com/youtube/channel/UCN9W9DwTffsY4r80dipRJhg,0,badcase,频道偏商业理财，和充电宝推广无直接产品场景
5160,UCN9hWmsod9kzRQpc0D0tIJw,Al Su Chess,https://cn.noxinfluencer.com/youtube/channel/UCN9hWmsod9kzRQpc0D0tIJw,0,badcase,棋类频道，与充电宝推广场景无关
5162,UCNA0iTt7kZueX4-oFzzzV4w,Coding Temple,https://cn.noxinfluencer.com/youtube/channel/UCNA0iTt7kZueX4-oFzzzV4w,0,badcase,频道为编程教育方向，缺少移动电源推广相关场景与受众信号
5163,UCNA1ErXKbBPruO4keB9XjTg,Kalle Beck,https://cn.noxinfluencer.com/youtube/channel/UCNA1ErXKbBPruO4keB9XjTg,0,badcase,频道内容是强人训练/健身，与充电宝推广无直接相关性
5164,UCNA5ZJO2nvDVjOgLIuXsLTg,WheeNC DIY - Reviews & More,https://cn.noxinfluencer.com/youtube/channel/UCNA5ZJO2nvDVjOgLIuXsLTg,0,badcase,无相关标签或内容，缺乏充电宝推广信号
5165,UCNBWWvX5cwyfDp5l3fIceOw,Jessica Pelletier,https://cn.noxinfluencer.com/youtube/channel/UCNBWWvX5cwyfDp5l3fIceOw,0,badcase,无标签、无相关视频，缺少充电宝推广相关性证据
5166,UCNBlgu6x7afxDBL8EQ6GWTQ,Gadget Bazaar,https://cn.noxinfluencer.com/youtube/channel/UCNBlgu6x7afxDBL8EQ6GWTQ,0,badcase,无标签无内容证据，难判断为充电宝推广相关
5167,UCNC8TwI07o3CT_Yvjzege2A,ckla,https://cn.noxinfluencer.com/youtube/channel/UCNC8TwI07o3CT_Yvjzege2A,-15,badcase,宠物搞笑频道，受众与人用充电宝推广明显不符
5168,UCNCI3wAd1iSt8PYMCI_IS9w,Gadget Guide Pro,https://cn.noxinfluencer.com/youtube/channel/UCNCI3wAd1iSt8PYMCI_IS9w,0,badcase,缺少标签和内容证据，无法支撑充电宝推广相关性
5169,UCNCK4UGSnceO052t8S1kMxw,Intuit QuickBooks,https://cn.noxinfluencer.com/youtube/channel/UCNCK4UGSnceO052t8S1kMxw,-15,badcase,财务软件/商业教程频道，与移动电源推广场景不符
5170,UCNCWwKrmFEa-Tv0Tfy3BjMA,All About Survival,https://cn.noxinfluencer.com/youtube/channel/UCNCWwKrmFEa-Tv0Tfy3BjMA,-15,badcase,枪械频道主题偏离，和充电宝推广场景不匹配
5172,UCNCwViIle48vnxz4GWtWeFg,Walter's Shorts,https://cn.noxinfluencer.com/youtube/channel/UCNCwViIle48vnxz4GWtWeFg,0,badcase,无标签无内容，无法判断为电源宝适配频道
5173,UCNDCWnayPeR6jDU8IRaSjPw,Just Gabe VR,https://cn.noxinfluencer.com/youtube/channel/UCNDCWnayPeR6jDU8IRaSjPw,0,badcase,VR游戏娱乐向，和充电宝推广场景不匹配
5174,UCNElBKS26SZnuFd1h63PsVQ,Global Deal Explorer,https://cn.noxinfluencer.com/youtube/channel/UCNElBKS26SZnuFd1h63PsVQ,0,badcase,缺少任何相关标签或内容证据，判为不适配
5175,UCNEmWcAfjzKOCXThkq8kjyg,Ceapest Gadgets,https://cn.noxinfluencer.com/youtube/channel/UCNEmWcAfjzKOCXThkq8kjyg,0,badcase,仅有通用 gadgets 语义，缺少充电宝推广意图
5176,UCNEpI25jszHCI8Nb8zE1vBA,Driving Tesla,https://cn.noxinfluencer.com/youtube/channel/UCNEpI25jszHCI8Nb8zE1vBA,0,badcase,无相关标签或视频，频道偏特斯拉驾驶内容，与充电宝推广无关
5178,UCNFJbpzPVbyk85BqhDH6pJA,Burak Menteş,https://cn.noxinfluencer.com/youtube/channel/UCNFJbpzPVbyk85BqhDH6pJA,0,badcase,无标签、相关视频或近期内容，缺少充电宝推广相关证据
5180,UCNGQrFpouGo7IQ7A8ltdFYA,Jaffry K Ward,https://cn.noxinfluencer.com/youtube/channel/UCNGQrFpouGo7IQ7A8ltdFYA,0,badcase,甜点烘焙频道，与移动电源推广无关
5181,UCNGm08RhSnWJp7FHjGDDUGw,Live Luxly,https://cn.noxinfluencer.com/youtube/channel/UCNGm08RhSnWJp7FHjGDDUGw,0,badcase,无标签无标题证据，无法支持充电宝推广
5182,UCNH59XGXxlNh7bnjxhfSxkQ,Good Tech Creativity,https://cn.noxinfluencer.com/youtube/channel/UCNH59XGXxlNh7bnjxhfSxkQ,0,badcase,无标签无标题证据，无法支持充电宝推广
5183,UCNHH5RimeuXdwxr0a3muI1Q,Intangible Ideas,https://cn.noxinfluencer.com/youtube/channel/UCNHH5RimeuXdwxr0a3muI1Q,0,badcase,无标签无标题证据，无法支持充电宝推广
5184,UCNHUN-4M36MvMZlzV_ijTRg,Atom DIY,https://cn.noxinfluencer.com/youtube/channel/UCNHUN-4M36MvMZlzV_ijTRg,0,badcase,无标签无标题证据，无法支持充电宝推广
5185,UCNI6O0m7X6s9ZfB2aqYUYGw,Device Digest,https://cn.noxinfluencer.com/youtube/channel/UCNI6O0m7X6s9ZfB2aqYUYGw,0,badcase,无标签无标题证据，无法支持充电宝推广
5189,UCNJrkj9oFdbRpkshymt8WbA,Frickerdude78,https://cn.noxinfluencer.com/youtube/channel/UCNJrkj9oFdbRpkshymt8WbA,0,badcase,无标签无内容，无法判断为充电宝相关频道
5190,UCNKCBZTqDDFEcXmvf2CQ8dg,Toma,https://cn.noxinfluencer.com/youtube/channel/UCNKCBZTqDDFEcXmvf2CQ8dg,0,badcase,无标签无内容，无法判断为充电宝相关频道
5191,UCNKpel2LeS3tpNqaRo7DoaA,SunnyGorandom,https://cn.noxinfluencer.com/youtube/channel/UCNKpel2LeS3tpNqaRo7DoaA,0,badcase,无标签、无近期内容，缺少与充电宝推广相关信号
5192,UCNLRcEn78Vc62C3GkMvBgtA,saveitforparts,https://cn.noxinfluencer.com/youtube/channel/UCNLRcEn78Vc62C3GkMvBgtA,2,badcase,仅有科技和DIY等泛标签，缺少充电宝购买或测评意图
5193,UCNLq79-4MkCJMwnyBjlCMPg,dianah wastut,https://cn.noxinfluencer.com/youtube/channel/UCNLq79-4MkCJMwnyBjlCMPg,0,badcase,无标签和内容，无法判断为充电宝相关频道
5194,UCNMEqGmqcHv7mmPCJkok-Ew,Rashaun,https://cn.noxinfluencer.com/youtube/channel/UCNMEqGmqcHv7mmPCJkok-Ew,0,badcase,无标签和近期视频，缺少可用于推广的相关性证据
5195,UCNMKizeXlPY0SNzPWnVtHHw,Carl “Brad” Bradley,https://cn.noxinfluencer.com/youtube/channel/UCNMKizeXlPY0SNzPWnVtHHw,0,badcase,无标签和视频内容，和充电宝推广无明显关联
5196,UCNMV94PKZyhsx3lQ2OrSawg,Pick The Tools,https://cn.noxinfluencer.com/youtube/channel/UCNMV94PKZyhsx3lQ2OrSawg,2,badcase,仅有泛化评测标签，缺少充电宝/数码相关性
5197,UCNMli0Y9tze6Unveqmwebog,SWERV R 180,https://cn.noxinfluencer.com/youtube/channel/UCNMli0Y9tze6Unveqmwebog,0,badcase,无标签、标题或近期内容证据，无法支持充电宝推广相关性
5200,UCNPCE1KLhzA2tZrMNbx_qow,Cool Dad Finds,https://cn.noxinfluencer.com/youtube/channel/UCNPCE1KLhzA2tZrMNbx_qow,0,badcase,无标签、无视频信号，缺少充电宝推广相关性
5202,UCNPq0OBK5Hxx6pVuXbl5iXw,The Debt System,https://cn.noxinfluencer.com/youtube/channel/UCNPq0OBK5Hxx6pVuXbl5iXw,0,badcase,无标签无内容，无法体现充电宝相关推广场景
5203,UCNPrTF5rDbihuzxG_z2IqWg,The Technical Scientist,https://cn.noxinfluencer.com/youtube/channel/UCNPrTF5rDbihuzxG_z2IqWg,0,badcase,无标签无内容，和充电宝推广缺少可判定关联
5204,UCNQ1NU46Kd-QkxYedxMa0WA,L C,https://cn.noxinfluencer.com/youtube/channel/UCNQ1NU46Kd-QkxYedxMa0WA,0,badcase,无标签无内容，与充电宝推广没有可用相关信号
5205,UCNQ5U2p9tNuYnQLdQEQecvw,Principles of Success Academy,https://cn.noxinfluencer.com/youtube/channel/UCNQ5U2p9tNuYnQLdQEQecvw,0,badcase,无标签无内容，难以支持充电宝产品推广
5207,UCNRr_WnE0DDg6tWy-VtDrlA,James Adams,https://cn.noxinfluencer.com/youtube/channel/UCNRr_WnE0DDg6tWy-VtDrlA,0,badcase,无标签、无相关标题，缺少充电宝推广相关性信号
5208,UCNS6cHKL0XcVXY4AX5E4d5g,JK Adventures,https://cn.noxinfluencer.com/youtube/channel/UCNS6cHKL0XcVXY4AX5E4d5g,2,badcase,越野/旅行场景仅弱相关，缺少充电宝评测或购买意图
5209,UCNSEwwf7LXOUoJzrHPfo_mA,CoolVideoCreationsTV,https://cn.noxinfluencer.com/youtube/channel/UCNSEwwf7LXOUoJzrHPfo_mA,0,badcase,无标签无内容，缺乏充电宝推广相关性
5210,UCNSbG8lG2JsrYDU5GEFee1w,Todd Elfers,https://cn.noxinfluencer.com/youtube/channel/UCNSbG8lG2JsrYDU5GEFee1w,0,badcase,无标签且无相关内容，缺乏充电宝推广相关性
5211,UCNSdaZRhOL5fxOxpzwC8EMg,Quick Picks,https://cn.noxinfluencer.com/youtube/channel/UCNSdaZRhOL5fxOxpzwC8EMg,0,badcase,无标签、相关视频或近期内容，缺少充电宝推广相关证据
5212,UCNShnUIuxoofpmhlwl7OVTg,Digikala,https://cn.noxinfluencer.com/youtube/channel/UCNShnUIuxoofpmhlwl7OVTg,2,badcase,仅有电商品牌弱相关，无充电宝或数码测评/购入意图
5213,UCNTEZXxZrOwKlsCFH5IP9kw,Ms. Random Reviews,https://cn.noxinfluencer.com/youtube/channel/UCNTEZXxZrOwKlsCFH5IP9kw,0,badcase,无标签无视频证据，与充电宝推广无关
5214,UCNUZvk8I0wV0KWwnFv46n1Q,Techuila,https://cn.noxinfluencer.com/youtube/channel/UCNUZvk8I0wV0KWwnFv46n1Q,0,badcase,无标签和近期内容证据，缺少与充电宝推广相关性
5215,UCNUe7YRmaBjLfrbRknfmz-g,Affiliate Insights,https://cn.noxinfluencer.com/youtube/channel/UCNUe7YRmaBjLfrbRknfmz-g,0,badcase,无标签、标题或近期内容证据支持移动电源推广相关性
5216,UCNUueDomOud-ra-s3Krk18w,HUZAIFA DIY · 2.9mviews · 2hoursago,https://cn.noxinfluencer.com/youtube/channel/UCNUueDomOud-ra-s3Krk18w,0,badcase,无标签和内容证据，难支持充电宝推广
5218,UCNW1OOccAd1-gsGjL8R6kSw,MiddleAJ Guy,https://cn.noxinfluencer.com/youtube/channel/UCNW1OOccAd1-gsGjL8R6kSw,0,badcase,无标签和内容证据，难支持充电宝推广
5220,UCNWXS3KRyDh0jVWQaUtbojg,Life Hack -Review,https://cn.noxinfluencer.com/youtube/channel/UCNWXS3KRyDh0jVWQaUtbojg,0,badcase,无标签，只有名称暗示评测，证据不足
5221,UCNWd-pjLHbmTCbyw7GhkT-w,thereviewgurus,https://cn.noxinfluencer.com/youtube/channel/UCNWd-pjLHbmTCbyw7GhkT-w,0,badcase,无相关标签或内容信号，缺少推广匹配依据
5222,UCNXBeDwheeOhA2tQa6Dvt7g,Mr Noeun,https://cn.noxinfluencer.com/youtube/channel/UCNXBeDwheeOhA2tQa6Dvt7g,-15,badcase,音乐娱乐频道，与充电宝推广场景明显不符
5223,UCNXJcOkDi-G6HAssZMNJDgA,Samba Samba,https://cn.noxinfluencer.com/youtube/channel/UCNXJcOkDi-G6HAssZMNJDgA,0,badcase,缺少标签和视频内容，无法支持充电宝相关推广
5224,UCNXypVhLMXHgdOr0L3zqXCQ,Capano Naro,https://cn.noxinfluencer.com/youtube/channel/UCNXypVhLMXHgdOr0L3zqXCQ,2,badcase,仅DIY/实用弱相关，无充电宝或电子产品推广意图
5225,UCNYuGq0fXqwyZDbcrBI9xUw,Jay the Caffeinator,https://cn.noxinfluencer.com/youtube/channel/UCNYuGq0fXqwyZDbcrBI9xUw,0,badcase,无有效相关信号，频道定位不支持该产品推广
5226,UCNZqd0dSN_HfjG17_qsQuyw,Minster Bank,https://cn.noxinfluencer.com/youtube/channel/UCNZqd0dSN_HfjG17_qsQuyw,0,badcase,无标签和内容证据，几乎不相关
5227,UCNZy9Lwe4YAjEuhIxV_1ijg,Edward Sanchez Productions,https://cn.noxinfluencer.com/youtube/channel/UCNZy9Lwe4YAjEuhIxV_1ijg,0,badcase,无标签和内容证据，几乎不相关
5229,UCNbFxsTasEiXlk3ml_2yGRw,freeheartnow,https://cn.noxinfluencer.com/youtube/channel/UCNbFxsTasEiXlk3ml_2yGRw,0,badcase,仅生活兴趣泛标签，缺少充电宝相关性
5230,UCNbbOaIoOm0rj3uxYc5S6Aw,Jenmic Wei,https://cn.noxinfluencer.com/youtube/channel/UCNbbOaIoOm0rj3uxYc5S6Aw,0,badcase,无标签和内容证据，几乎不相关
5231,UCNblYHKR2u-Mn5evSgWk-yQ,Risa Picante,https://cn.noxinfluencer.com/youtube/channel/UCNblYHKR2u-Mn5evSgWk-yQ,0,badcase,无相关标签和内容信号，难以承接power bank推广
5233,UCNc0bbGDkaqahoNSylvOnog,Lewis Beasley,https://cn.noxinfluencer.com/youtube/channel/UCNc0bbGDkaqahoNSylvOnog,-1,badcase,仅泛科技/耳机弱相关，含嘻哈音乐标签且无充电宝内容证据
5236,UCNcIKbChcOJTzg8yxw0Jt-A,Audio & Toy Hacks,https://cn.noxinfluencer.com/youtube/channel/UCNcIKbChcOJTzg8yxw0Jt-A,0,badcase,无标签、视频或近期内容证据支持充电宝推广相关性
5237,UCNcWASeMLJU_ehFz8fXjDMw,Vishwa Nimthera,https://cn.noxinfluencer.com/youtube/channel/UCNcWASeMLJU_ehFz8fXjDMw,-5,badcase,占卜娱乐内容与充电宝导购场景明显不符
5238,UCNdg5C3oJJrBxkUUeaHzpgw,Tuxx Toys,https://cn.noxinfluencer.com/youtube/channel/UCNdg5C3oJJrBxkUUeaHzpgw,-5,badcase,玩具/游戏频道，与充电宝推广场景不匹配
5239,UCNdrlbAh6ySeVojWIAL31Rw,kuromi1,https://cn.noxinfluencer.com/youtube/channel/UCNdrlbAh6ySeVojWIAL31Rw,0,badcase,无标签和内容证据，缺少充电宝推广相关性
5240,UCNeNelNUR33Znq7L6ADC3rQ,Improve Life,https://cn.noxinfluencer.com/youtube/channel/UCNeNelNUR33Znq7L6ADC3rQ,0,badcase,无标签、视频或近期内容证据支持充电宝推广相关性
5241,UCNekfNa0Wp058XeXxk49FKg,"Ouellette & Associates Consulting, Inc.",https://cn.noxinfluencer.com/youtube/channel/UCNekfNa0Wp058XeXxk49FKg,0,badcase,无标签、无内容证据，无法判断与充电宝推广相关
5243,UCNf-m84Vq8i7l7tKqN0dFxw,Gadget Studio BD,https://cn.noxinfluencer.com/youtube/channel/UCNf-m84Vq8i7l7tKqN0dFxw,0,badcase,缺少任何标签和内容线索，相关性不足
5244,UCNfiKVYzMZMT9aGG9nWrUfw,Bike Update,https://cn.noxinfluencer.com/youtube/channel/UCNfiKVYzMZMT9aGG9nWrUfw,0,badcase,与自行车更新主题相关，和充电宝推广无明显关联
5245,UCNh1kFPQSJumJMhSOePdxBg,MrEverywhere,https://cn.noxinfluencer.com/youtube/channel/UCNh1kFPQSJumJMhSOePdxBg,0,badcase,无可用标签与内容证据，无法支持充电宝投放
5246,UCNhEueK_0DkqV_1xOszsW6Q,Kayak Hacks Fishing,https://cn.noxinfluencer.com/youtube/channel/UCNhEueK_0DkqV_1xOszsW6Q,1,badcase,钓鱼/皮划艇频道，仅有户外用电弱场景，缺少充电宝推广意图
5247,UCNhN4Kkg9-uhHC5QZzMGFlg,IBSPOT INC,https://cn.noxinfluencer.com/youtube/channel/UCNhN4Kkg9-uhHC5QZzMGFlg,0,badcase,无标签、相关标题或近期内容证据，无法支持充电宝推广
5248,UCNhQe_Nw22RS7FFBq5fYErg,Alfred Lape,https://cn.noxinfluencer.com/youtube/channel/UCNhQe_Nw22RS7FFBq5fYErg,0,badcase,无标签、标题或近期内容证据，无法支持充电宝推广召回
5249,UCNi9vdSxCq67dx9b2DUY0GQ,knowpub,https://cn.noxinfluencer.com/youtube/channel/UCNi9vdSxCq67dx9b2DUY0GQ,0,badcase,无标签、相关视频或近期内容，缺少充电宝推广相关信号
5250,UCNiEJo_vYa_JQG21mov9krg,Nexx Inc,https://cn.noxinfluencer.com/youtube/channel/UCNiEJo_vYa_JQG21mov9krg,0,badcase,无标签、视频或近期内容证据，无法支持充电宝推广相关性
9501,UCq6ijcQ8BALYZtvxFhksCkQ,Zener,https://cn.noxinfluencer.com/youtube/channel/UCq6ijcQ8BALYZtvxFhksCkQ,0,badcase,无标签和视频信号，缺少充电宝推广相关性证据
9502,UCq6ld3j7OY1fLxfR1bfpDmg,Caross Tech,https://cn.noxinfluencer.com/youtube/channel/UCq6ld3j7OY1fLxfR1bfpDmg,0,badcase,无标签和视频证据支持充电宝推广相关性
9504,UCq85M5WGo-wo3ep4jJTDpHQ,Top 10 List,https://cn.noxinfluencer.com/youtube/channel/UCq85M5WGo-wo3ep4jJTDpHQ,0,badcase,仅有泛科技/榜单标签，无充电宝购买或测评信号
9506,UCq8B51DqFoz5gxXT3-MiI8w,Tutorials And Gadgets,https://cn.noxinfluencer.com/youtube/channel/UCq8B51DqFoz5gxXT3-MiI8w,0,badcase,缺少标签和内容证据，无法支持充电宝推广
9507,UCq8PdqbIcmbT8UuOXXon3wA,Buyers Thing,https://cn.noxinfluencer.com/youtube/channel/UCq8PdqbIcmbT8UuOXXon3wA,0,badcase,缺少标签和内容证据，无法支持充电宝推广
9508,UCq99bpgLw7AMJ56wenb9mew,Big Truck Lovers,https://cn.noxinfluencer.com/youtube/channel/UCq99bpgLw7AMJ56wenb9mew,0,badcase,缺少标签和内容证据，无法支持充电宝推广
9509,UCq9bKeCgna7oadvx7-6sb6w,NOWE,https://cn.noxinfluencer.com/youtube/channel/UCq9bKeCgna7oadvx7-6sb6w,0,badcase,缺少标签和内容证据，无法支持充电宝推广
9510,UCqA-k-J2_vx-wUrtYAtwYFg,Gladys Tay,https://cn.noxinfluencer.com/youtube/channel/UCqA-k-J2_vx-wUrtYAtwYFg,0,badcase,缺少标签和内容证据，无法支持充电宝推广
9512,UCqAlMxlIgW2xBhrjn27_CUA,Innertune Daily Affirmations,https://cn.noxinfluencer.com/youtube/channel/UCqAlMxlIgW2xBhrjn27_CUA,-12,badcase,冥想/睡眠安抚频道，音频型内容与移动电源推广场景明显不符
9513,UCqAlamdo_SDl8MklHgwc8Og,Lisamydear Channel,https://cn.noxinfluencer.com/youtube/channel/UCqAlamdo_SDl8MklHgwc8Og,1,badcase,仅有泛化教程标签，缺少充电宝购买或测评意图
9514,UCqAxAeT1ryN7qWpIa_WOAug,Dinar Alert Zone,https://cn.noxinfluencer.com/youtube/channel/UCqAxAeT1ryN7qWpIa_WOAug,0,badcase,无标签和内容相关证据，不适合推广充电宝
9515,UCqB5PM0V85DVoOyzLV1C9JQ,Modern Broadcast,https://cn.noxinfluencer.com/youtube/channel/UCqB5PM0V85DVoOyzLV1C9JQ,0,badcase,以游戏内容为主，缺少充电宝购买/使用相关信号
9516,UCqBehxL2hDnggrVY8Rtp_MA,Best on Gadgets,https://cn.noxinfluencer.com/youtube/channel/UCqBehxL2hDnggrVY8Rtp_MA,0,badcase,无标签、无视频信号，无法支持充电宝推广召回
9517,UCqCVU3desjoBAm2GgTwv_eg,Smart Shopper Deals,https://cn.noxinfluencer.com/youtube/channel/UCqCVU3desjoBAm2GgTwv_eg,0,badcase,无标签、无视频信号，和充电宝推广无直接关联
9518,UCqCt3q57xLjhboASbRYWvcA,N PRFORM,https://cn.noxinfluencer.com/youtube/channel/UCqCt3q57xLjhboASbRYWvcA,-10,badcase,汽车改装频道，和充电宝推广主题明显不匹配
9519,UCqD1_q-_-N_c4xiO-MqUcuQ,Mathematics Arcadia,https://cn.noxinfluencer.com/youtube/channel/UCqD1_q-_-N_c4xiO-MqUcuQ,0,badcase,无标签、无视频信号，无法判断为充电宝相关频道
9520,UCqDSxTTUIQ8JLKRsvL7aoVg,INMIDIGITAL,https://cn.noxinfluencer.com/youtube/channel/UCqDSxTTUIQ8JLKRsvL7aoVg,0,badcase,无标签、无视频信号，缺少充电宝推广相关依据
9521,UCqDqOCuGFhudaanAULJhtWg,"Ask Grandpa — Life, Learning & Creating",https://cn.noxinfluencer.com/youtube/channel/UCqDqOCuGFhudaanAULJhtWg,3,badcase,仅有零工场景弱相关，缺少充电宝评测或购买意图
9522,UCqFZ-5MCGF3LVkh3vr_eFpw,Live It UP !,https://cn.noxinfluencer.com/youtube/channel/UCqFZ-5MCGF3LVkh3vr_eFpw,0,badcase,无标签无内容，缺少移动电源推广证据
9523,UCqFffMVWmwl33j60krW6KxA,LifePO4 Powers,https://cn.noxinfluencer.com/youtube/channel/UCqFffMVWmwl33j60krW6KxA,0,badcase,无标签、视频或近期内容证据支持充电宝推广相关性
9526,UCqGoxt_sbnOjF4z-v--aLuQ,Univix Power Solutions,https://cn.noxinfluencer.com/youtube/channel/UCqGoxt_sbnOjF4z-v--aLuQ,0,badcase,无标签和内容证据，仅企业型频道名，缺少电源宝推广相关性
9528,UCqHdBQuF6AnMoLhEi5Fq9tQ,GuliKit,https://cn.noxinfluencer.com/youtube/channel/UCqHdBQuF6AnMoLhEi5Fq9tQ,0,badcase,无充电宝相关信号，频道偏游戏外设品牌，与推广目的不符
9530,UCqJP3gyZGV9O3Q6uhvauxKw,PawMystery TV,https://cn.noxinfluencer.com/youtube/channel/UCqJP3gyZGV9O3Q6uhvauxKw,-15,badcase,宠物娱乐频道，和充电宝推广人群与场景明显不符
9531,UCqJQW60TgWNvA7rfqrsC5gg,Pileggi Technical Services,https://cn.noxinfluencer.com/youtube/channel/UCqJQW60TgWNvA7rfqrsC5gg,1,badcase,仅泛技术标签，无充电宝/评测/购买意图
9533,UCqJmSR41t5VL8qbo3RgRfBg,Shellee L.,https://cn.noxinfluencer.com/youtube/channel/UCqJmSR41t5VL8qbo3RgRfBg,0,badcase,无标签无内容，无法判断相关性
9534,UCqMUrP6kYNQUxtx-Yqrprqw,K6 Outdoors,https://cn.noxinfluencer.com/youtube/channel/UCqMUrP6kYNQUxtx-Yqrprqw,-2,badcase,拖拉机/车辆户外DIY频道，缺少充电宝评测或购买意图
9536,UCqMgKOS1fF4uFGUhj9o_3YA,pov_tkosmo,https://cn.noxinfluencer.com/youtube/channel/UCqMgKOS1fF4uFGUhj9o_3YA,0,badcase,无标签无内容，缺少与充电宝推广相关的有效信号
9538,UCqNC_7NdaXPGWdUyLsdf9iQ,Shaft Teck - Fun Facts,https://cn.noxinfluencer.com/youtube/channel/UCqNC_7NdaXPGWdUyLsdf9iQ,-15,badcase,频道以游戏直播为主，缺少移动电源推广相关性
9539,UCqOBJ5vduyktzJUUndCcmmg,Energify,https://cn.noxinfluencer.com/youtube/channel/UCqOBJ5vduyktzJUUndCcmmg,0,badcase,无标签无内容，基本没有与充电宝相关的证据
9540,UCqOFCEgSvFZD1FnootZ6HAg,In The Oaks,https://cn.noxinfluencer.com/youtube/channel/UCqOFCEgSvFZD1FnootZ6HAg,0,badcase,无标签无内容，缺乏任何可用于推广充电宝的信号
9541,UCqOIeEWkvls9U8aHOpLXC5w,Good products sharing!,https://cn.noxinfluencer.com/youtube/channel/UCqOIeEWkvls9U8aHOpLXC5w,0,badcase,无标签和视频证据，和 power bank 推广无关
9542,UCqOaFiqkjMCYzG75FVIZS-Q,Tech Revolution,https://cn.noxinfluencer.com/youtube/channel/UCqOaFiqkjMCYzG75FVIZS-Q,0,badcase,偏腕表/车辆泛科技，缺少充电宝购买或使用信号
9543,UCqOw6ILCE_sV9OaQyWPyE4w,Gadget Sphere4,https://cn.noxinfluencer.com/youtube/channel/UCqOw6ILCE_sV9OaQyWPyE4w,0,badcase,缺少标签与内容，无法判断与充电宝相关
9545,UCqP80KkEHWGBDPDa0W8GIgg,Ty On 2 Wheelz,https://cn.noxinfluencer.com/youtube/channel/UCqP80KkEHWGBDPDa0W8GIgg,1,badcase,仅有泛电子标签，频道主轴为摩托车，缺少充电宝推广语境
9546,UCqPHU-MkzjynSs2Nr7KK62Q,The Prepper Blueprint,https://cn.noxinfluencer.com/youtube/channel/UCqPHU-MkzjynSs2Nr7KK62Q,0,badcase,无标签、标题或近期内容证据，无法支持充电宝推广
9547,UCqPMRRFwEhk5mQC3sxPYo6w,JT Coin Rings,https://cn.noxinfluencer.com/youtube/channel/UCqPMRRFwEhk5mQC3sxPYo6w,0,badcase,珠宝/收藏频道，与移动电源推广无关
9548,UCqPRgJk3ISXgPZ0dyZso-rQ,thornews,https://cn.noxinfluencer.com/youtube/channel/UCqPRgJk3ISXgPZ0dyZso-rQ,0,badcase,新闻/太阳能话题偏泛，缺少移动电源购买或测评场景
9549,UCqPWPFjDqL68YO7ys1xQKnQ,Auntie Dorothy Stories,https://cn.noxinfluencer.com/youtube/channel/UCqPWPFjDqL68YO7ys1xQKnQ,-12,badcase,故事向娱乐频道，内容格式与产品推广明显不匹配
9550,UCqRDVv-F19AccycDaMIorsA,CyberBytes Hub,https://cn.noxinfluencer.com/youtube/channel/UCqRDVv-F19AccycDaMIorsA,0,badcase,无标签、无相关视频或近期内容，缺少移动电源推广相关证据
9551,UCqRXHV0jNjhrCZ2_uAjAf4Q,Ahsan Intel,https://cn.noxinfluencer.com/youtube/channel/UCqRXHV0jNjhrCZ2_uAjAf4Q,0,badcase,无标签、相关视频或近期内容证据，无法支持充电宝推广
9552,UCqSdsCb0mHpQFgAMelI4Qcw,MeYussa,https://cn.noxinfluencer.com/youtube/channel/UCqSdsCb0mHpQFgAMelI4Qcw,0,badcase,无标签和内容信号，缺乏移动电源推广相关性
9553,UCqTU67XvUy1ENGXG6_3MVDg,Herc Rentals,https://cn.noxinfluencer.com/youtube/channel/UCqTU67XvUy1ENGXG6_3MVDg,0,badcase,无标签与内容证据，且租赁类频道与充电宝推广场景不匹配
9555,UCqUbDhrdjVb28ALqvedYicQ,"Dude, I Tried It",https://cn.noxinfluencer.com/youtube/channel/UCqUbDhrdjVb28ALqvedYicQ,0,badcase,无标签无内容证据，和移动电源推广相关性不足
9556,UCqV0758T6i1wBQUiylCbqJQ,NN slot have fun!!,https://cn.noxinfluencer.com/youtube/channel/UCqV0758T6i1wBQUiylCbqJQ,-15,badcase,博彩老虎机内容，与充电宝推广完全不相关
9557,UCqV59RDGbUsFFRWTnV1JNKQ,мстишуля,https://cn.noxinfluencer.com/youtube/channel/UCqV59RDGbUsFFRWTnV1JNKQ,-15,badcase,娱乐搞笑频道，缺少充电宝的购买或使用场景
9558,UCqVHUHUHqFJDjKrrYbUFVyg,Modular Nest,https://cn.noxinfluencer.com/youtube/channel/UCqVHUHUHqFJDjKrrYbUFVyg,0,badcase,无标签、标题或近期内容，缺少充电宝推广相关证据
9559,UCqYJHU_fQmNoFFnNsgea7Vg,𝙂𝙤𝙙.𝙎𝙥𝙚𝙖𝙠𝙨,https://cn.noxinfluencer.com/youtube/channel/UCqYJHU_fQmNoFFnNsgea7Vg,0,badcase,无标签、标题或近期内容证据支持充电宝推广相关性
9560,UCqYxpDBj4Nr3fcwqok0VOBQ,The Happy Hootie,https://cn.noxinfluencer.com/youtube/channel/UCqYxpDBj4Nr3fcwqok0VOBQ,2,badcase,仅有DIY/家居弱场景重合，缺少充电宝或电子产品推广意图
9561,UCqZFE41JB3-gf_tYaPhgzpg,World facts,https://cn.noxinfluencer.com/youtube/channel/UCqZFE41JB3-gf_tYaPhgzpg,-10,badcase,娱乐/挑战类内容，与移动电源推广场景不匹配
9562,UCq_NuhbWHGLGMj_tDIaFpOA,The Gadgetians,https://cn.noxinfluencer.com/youtube/channel/UCq_NuhbWHGLGMj_tDIaFpOA,0,badcase,缺少标签和内容信号，难支持移动电源推广相关性
9563,UCq_Pu2G4Rv3nP_EOnhwTLdw,Technologer,https://cn.noxinfluencer.com/youtube/channel/UCq_Pu2G4Rv3nP_EOnhwTLdw,0,badcase,缺少标签和内容信号，难支持移动电源推广相关性
9564,UCqbJ_8y4Ps9L8dNsqoQUJ2w,KASL Customs,https://cn.noxinfluencer.com/youtube/channel/UCqbJ_8y4Ps9L8dNsqoQUJ2w,-15,badcase,频道以福特Mustang改装为主，与充电宝推广不匹配
9566,UCqcEzOKaA4nc0gISklN0Ryw,HP,https://cn.noxinfluencer.com/youtube/channel/UCqcEzOKaA4nc0gISklN0Ryw,2,badcase,HP企业频道，只有笔电/平板弱关联，缺少充电宝促销场景
9567,UCqccMLxc8HcwqnkRSuZ50JQ,Credit Clever,https://cn.noxinfluencer.com/youtube/channel/UCqccMLxc8HcwqnkRSuZ50JQ,0,badcase,无标签和内容证据，和充电宝推广无明显相关性
9568,UCqcjTnlfh3INGdnS1RUHKUw,🛒 24H Trending Global,https://cn.noxinfluencer.com/youtube/channel/UCqcjTnlfh3INGdnS1RUHKUw,0,badcase,无标签无内容信号，和充电宝推广相关性不足
9570,UCqfXflX3nshsIfFeKhxTiww,Get It Done Home Repair,https://cn.noxinfluencer.com/youtube/channel/UCqfXflX3nshsIfFeKhxTiww,0,badcase,DIY家修频道，与充电宝推广缺乏明确产品场景相关性
9571,UCqfhyZwD4o_f4tH9RLrvsAA,Inthetrench,https://cn.noxinfluencer.com/youtube/channel/UCqfhyZwD4o_f4tH9RLrvsAA,-5,badcase,娱乐内容为主，与充电宝推广场景不匹配
9574,UCqhGjLnuqnGPkGGksn1Urvg,Ryan Peterson,https://cn.noxinfluencer.com/youtube/channel/UCqhGjLnuqnGPkGGksn1Urvg,0,badcase,无标签无内容证据，难判断为充电宝相关频道
9577,UCqhonEEO923e5hgX4W6HPwA,Lam Gadgets,https://cn.noxinfluencer.com/youtube/channel/UCqhonEEO923e5hgX4W6HPwA,0,badcase,缺少标签和内容信号，无法支撑充电宝推广
9580,UCqiLeHmnS1sHLoCoTOzlgVg,The Wong Way,https://cn.noxinfluencer.com/youtube/channel/UCqiLeHmnS1sHLoCoTOzlgVg,0,badcase,健身内容为主，与充电宝推广关联弱
9581,UCqilkVYNd0T3h7FLFfMX3JA,Kevin Martini,https://cn.noxinfluencer.com/youtube/channel/UCqilkVYNd0T3h7FLFfMX3JA,0,badcase,无标签和内容信号，与 power bank 推广无明显相关
9582,UCqj5EXSNBsL5tYmL_gALH9g,Eyebiokin Kenny,https://cn.noxinfluencer.com/youtube/channel/UCqj5EXSNBsL5tYmL_gALH9g,0,badcase,无标签和内容信号，与 power bank 推广无明显相关
9583,UCqjC4bnyQAoH9k81iwccBlw,I2-fact,https://cn.noxinfluencer.com/youtube/channel/UCqjC4bnyQAoH9k81iwccBlw,0,badcase,无标签和内容信号，与 power bank 推广无明显相关
9584,UCqjHkYYr_X6SM8McgCQxMqg,Prangon D,https://cn.noxinfluencer.com/youtube/channel/UCqjHkYYr_X6SM8McgCQxMqg,0,badcase,无标签和内容信号，与 power bank 推广无明显相关
9586,UCqjrtbCSqPvGFOMWWu-x6wg,Nestour Lab,https://cn.noxinfluencer.com/youtube/channel/UCqjrtbCSqPvGFOMWWu-x6wg,-14,badcase,ASMR频道偏声音氛围，不适合推广移动电源
9587,UCqk5l6-wUN1_BcEEwu_t11Q,Mike's Lab,https://cn.noxinfluencer.com/youtube/channel/UCqk5l6-wUN1_BcEEwu_t11Q,0,badcase,无标签、标题或近期内容证据支持充电宝推广相关性
9588,UCqkmPKlB2mni1nCAxXFn3KA,CreativeJE,https://cn.noxinfluencer.com/youtube/channel/UCqkmPKlB2mni1nCAxXFn3KA,1,badcase,仅泛科技/编程教育相关，缺少充电宝评测或购买意图
9590,UCqm6YwTgFdi-jCVj6McjsnA,J.R. Reviews Stuff,https://cn.noxinfluencer.com/youtube/channel/UCqm6YwTgFdi-jCVj6McjsnA,0,badcase,无标签和内容证据，几乎无法支持充电宝推广
9593,UCqoDpZ6N1kSxvrVy9x3bgJg,LEARNINGCHORDS,https://cn.noxinfluencer.com/youtube/channel/UCqoDpZ6N1kSxvrVy9x3bgJg,1,badcase,机场场景只有弱旅行联想，和充电宝推广不够匹配
9594,UCqpEQIlPzcdx9DHaRD24kXw,EVERGREEN ASSAM,https://cn.noxinfluencer.com/youtube/channel/UCqpEQIlPzcdx9DHaRD24kXw,-5,badcase,整集剧情娱乐频道，和充电宝商品推广场景不匹配
9595,UCqqu1UfRV-Am4G63Jz4lL9w,Test Zone,https://cn.noxinfluencer.com/youtube/channel/UCqqu1UfRV-Am4G63Jz4lL9w,0,badcase,无标签、无相关视频、无近期内容，缺少充电宝推广相关证据
9596,UCqrVdjBB19r9TI0ntQhY5FQ,Gear Guide,https://cn.noxinfluencer.com/youtube/channel/UCqrVdjBB19r9TI0ntQhY5FQ,0,badcase,缺少标签、相关视频和近期内容证据，无法确认移动电源推广相关性
9597,UCqsfgIcRafU7z-smIXo8NRg,Roy's Moto Ventures,https://cn.noxinfluencer.com/youtube/channel/UCqsfgIcRafU7z-smIXo8NRg,0,badcase,无标签、视频或近期内容证据支持充电宝推广
9598,UCqtfK1CYZGEpauc1p0PM_8Q,Edgy,https://cn.noxinfluencer.com/youtube/channel/UCqtfK1CYZGEpauc1p0PM_8Q,0,badcase,无标签、标题或近期内容证据，缺少充电宝推广相关性
9599,UCqthAE4OLiml8F34BRVk5gw,EyeOnAiman,https://cn.noxinfluencer.com/youtube/channel/UCqthAE4OLiml8F34BRVk5gw,0,badcase,教育科学频道，无充电宝或消费电子推广相关信号
9600,UCqurATJIbJY0hvCZlsIQ3LQ,Chris Travels,https://cn.noxinfluencer.com/youtube/channel/UCqurATJIbJY0hvCZlsIQ3LQ,0,badcase,无标签、标题或召回内容证明与充电宝推广相关
9601,UCquzJaHe_3nLFFPUzd2PDtA,Maso Things,https://cn.noxinfluencer.com/youtube/channel/UCquzJaHe_3nLFFPUzd2PDtA,0,badcase,无标签和内容证据，无法体现充电宝推广相关性
9603,UCqvAGfHXZUAQWKd9lZWHb1Q,USA Market,https://cn.noxinfluencer.com/youtube/channel/UCqvAGfHXZUAQWKd9lZWHb1Q,0,badcase,无相关标签或内容，缺少充电宝推广语境
9604,UCqvxDmqsN49zTPM20pHSPhw,Rykesworld,https://cn.noxinfluencer.com/youtube/channel/UCqvxDmqsN49zTPM20pHSPhw,0,badcase,无标签和内容信号，缺少与充电宝推广相关的受众或场景
9605,UCqyBS2Am8oDbaeLUqVh-KVw,Tech Talk Tech,https://cn.noxinfluencer.com/youtube/channel/UCqyBS2Am8oDbaeLUqVh-KVw,-10,badcase,频道以家庭喜剧内容为主，与充电宝推广场景明显不符
9609,UCr-jd4VEUMGdXdwPqhaEe7g,Master Of The Game,https://cn.noxinfluencer.com/youtube/channel/UCr-jd4VEUMGdXdwPqhaEe7g,-15,badcase,娱乐搞笑内容为主，与充电宝投放明显错配
9610,UCr-nU0ZE2nmR-5Mn7M2TjsQ,Review It All,https://cn.noxinfluencer.com/youtube/channel/UCr-nU0ZE2nmR-5Mn7M2TjsQ,0,badcase,无标签、视频或近期内容证据，无法确认适合推广充电宝
9613,UCr0UCuUyk35s1eAtc-3Xgkg,Matt The Carguy,https://cn.noxinfluencer.com/youtube/channel/UCr0UCuUyk35s1eAtc-3Xgkg,1,badcase,汽车评测频道，仅有弱场景重合，无充电宝推广意图
9614,UCr0VTnk32Zwzw2Z3oMSh0RQ,Hallelucinationgames,https://cn.noxinfluencer.com/youtube/channel/UCr0VTnk32Zwzw2Z3oMSh0RQ,0,badcase,无标签无标题，缺少任何相关性证据
9615,UCr0y3oc826WZibuO1teQnhg,The Tech Point,https://cn.noxinfluencer.com/youtube/channel/UCr0y3oc826WZibuO1teQnhg,0,badcase,无标签无标题，缺少任何相关性证据
9616,UCr14EWns3_Kpk6Xq8sOuhRw,Buying Guide,https://cn.noxinfluencer.com/youtube/channel/UCr14EWns3_Kpk6Xq8sOuhRw,0,badcase,无标签、无标题和无近期内容证据，缺少充电宝推广相关性
9617,UCr3CHp4ByHDFjEzheaS_Xcg,Dhrumil P,https://cn.noxinfluencer.com/youtube/channel/UCr3CHp4ByHDFjEzheaS_Xcg,0,badcase,无标签、无标题证据，和移动电源推广无明显相关性
9619,UCr4-_QrHa_CCN872Cgi4D3Q,Larsen & Toubro Infotech,https://cn.noxinfluencer.com/youtube/channel/UCr4-_QrHa_CCN872Cgi4D3Q,2,badcase,企业科技咨询号，和充电宝推广缺少测评、购买或使用场景信号
9622,UCr5HGjrBAN9DYtNTPotLzbA,Object Talk,https://cn.noxinfluencer.com/youtube/channel/UCr5HGjrBAN9DYtNTPotLzbA,0,badcase,无标签、无相关视频或近期内容，缺少充电宝推广相关证据
9623,UCr5Vm70st2-YQvQ93y_GFcw,Ben Simpson,https://cn.noxinfluencer.com/youtube/channel/UCr5Vm70st2-YQvQ93y_GFcw,0,badcase,加密财经频道，和充电宝推广主题不相关
9624,UCr5plgyYkHldqPu4MNd0cvA,NatureBased,https://cn.noxinfluencer.com/youtube/channel/UCr5plgyYkHldqPu4MNd0cvA,-15,badcase,科幻娱乐向，属于明显不适合的推广场景
9625,UCr606g8diufwDAzQGGCCqBA,HBtEcH,https://cn.noxinfluencer.com/youtube/channel/UCr606g8diufwDAzQGGCCqBA,0,badcase,无标签、标题或近期内容证据，无法判断适合推广充电宝
9629,UCr78LXqBMAGanpNiklQEsfg,EMAC Unboxed,https://cn.noxinfluencer.com/youtube/channel/UCr78LXqBMAGanpNiklQEsfg,0,badcase,无标签与内容线索，相关性不足
9631,UCr7lqmcbWDvVM2nbGIZWHqg,GRM3D,https://cn.noxinfluencer.com/youtube/channel/UCr7lqmcbWDvVM2nbGIZWHqg,-12,badcase,3D打印/ASMR偏感官内容，和移动电源推广场景不匹配
9632,UCr8pk3YhngZ4_iiSI5yN_Dw,Pablo Vargas,https://cn.noxinfluencer.com/youtube/channel/UCr8pk3YhngZ4_iiSI5yN_Dw,0,badcase,无标签、无相关视频、无近期内容，缺少充电宝推广相关性
9635,UCrBRhVXa-pyWm5AGGEjkqEA,Hupi Tech,https://cn.noxinfluencer.com/youtube/channel/UCrBRhVXa-pyWm5AGGEjkqEA,0,badcase,无标签、标题或召回内容证据，无法证明适合充电宝推广
9636,UCrB_zl77w-woK-JXkLYpkPw,AstroAI,https://cn.noxinfluencer.com/youtube/channel/UCrB_zl77w-woK-JXkLYpkPw,0,badcase,无相关标签和内容证据，不适合充电宝推广
9637,UCrBp8dlhDLVE1ks1C04JB7w,Old World Handyman,https://cn.noxinfluencer.com/youtube/channel/UCrBp8dlhDLVE1ks1C04JB7w,0,badcase,缺少电商数码相关证据，和充电宝推广关联弱
9639,UCrCHSkJxTQxtHE82h7-XTuQ,Gadgets & Tech,https://cn.noxinfluencer.com/youtube/channel/UCrCHSkJxTQxtHE82h7-XTuQ,0,badcase,仅频道名像科技，缺少标签和内容证据
9641,UCrDERU1SDxEF5ffjmedOeHg,P shredder machine,https://cn.noxinfluencer.com/youtube/channel/UCrDERU1SDxEF5ffjmedOeHg,-25,badcase,工业撕碎机+ASMR，内容形态与充电宝推广完全不匹配
9642,UCrE0HawjrUzpzjTP8LGG-cQ,Hack&Build,https://cn.noxinfluencer.com/youtube/channel/UCrE0HawjrUzpzjTP8LGG-cQ,0,badcase,无标签、无相关视频或近期内容，缺少移动电源推广相关证据
9643,UCrF6hzuLSxTd9vYrI9qSN8w,Raul Santa ana,https://cn.noxinfluencer.com/youtube/channel/UCrF6hzuLSxTd9vYrI9qSN8w,-13,badcase,以食品宠物趋势短视频为主，缺少充电宝推广意图
9644,UCrFCmVUcwhuX2p_y3Ec8OYQ,Joshua Franklin Athletics Club,https://cn.noxinfluencer.com/youtube/channel/UCrFCmVUcwhuX2p_y3Ec8OYQ,-3,badcase,健身拳击频道，缺少充电宝评测/户外数码购买意图
9645,UCrGF_rOzPlBv_s3OLpo9Xpw,Products,https://cn.noxinfluencer.com/youtube/channel/UCrGF_rOzPlBv_s3OLpo9Xpw,0,badcase,无标签或视频证据，无法支持充电宝推广相关性
9648,UCrH_fopuZGB6cQkgCXGO2PA,OFF-GRID with Laszlo & Renewable Energy,https://cn.noxinfluencer.com/youtube/channel/UCrH_fopuZGB6cQkgCXGO2PA,0,badcase,无标签无内容，难判断与充电宝推广的相关性
9649,UCrIXNY6BZYlUMb4AslU2Qxw,YANGILIKLAR UZ,https://cn.noxinfluencer.com/youtube/channel/UCrIXNY6BZYlUMb4AslU2Qxw,-10,badcase,时政新闻频道，与充电宝推广场景不匹配
9650,UCrIhxQQPnawY9H1fwAZ49Xw,M R Reviews,https://cn.noxinfluencer.com/youtube/channel/UCrIhxQQPnawY9H1fwAZ49Xw,0,badcase,无标签、标题或近期内容证据，无法支持充电宝推广相关性
9651,UCrIr8v_vU1bkjnTxw2_9f6Q,Olena's Picks,https://cn.noxinfluencer.com/youtube/channel/UCrIr8v_vU1bkjnTxw2_9f6Q,0,badcase,无标签和内容证据，难判断为充电宝推广相关
9652,UCrJ7K59ywdCFLzmeMJbXx9w,Cashflow Ninja,https://cn.noxinfluencer.com/youtube/channel/UCrJ7K59ywdCFLzmeMJbXx9w,0,badcase,金融投资类频道，与充电宝推广场景不相关
9653,UCrJIqkFpxnq-THXbWKgF-bw,Bang Roma YT,https://cn.noxinfluencer.com/youtube/channel/UCrJIqkFpxnq-THXbWKgF-bw,0,badcase,无可用标签与视频信息，缺少推广相关性依据
9654,UCrJu2y3XPCK77dP_Rn2J5lQ,TechFury,https://cn.noxinfluencer.com/youtube/channel/UCrJu2y3XPCK77dP_Rn2J5lQ,0,badcase,仅有频道名无法证明与充电宝推广相关
9656,UCrKHzfruskD8imAVVmWAaSQ,The Bullet Cast,https://cn.noxinfluencer.com/youtube/channel/UCrKHzfruskD8imAVVmWAaSQ,-10,badcase,摔角娱乐频道，与充电宝推广缺少购买和使用场景
9657,UCrKVqPBM2w_Y5CevHZ-DPqw,Banking Truths,https://cn.noxinfluencer.com/youtube/channel/UCrKVqPBM2w_Y5CevHZ-DPqw,-15,badcase,金融/保险频道，与充电宝推广目标明显不符
9659,UCrKukpaZEra2htzc6mkysDg,Emabsudbdudbd,https://cn.noxinfluencer.com/youtube/channel/UCrKukpaZEra2htzc6mkysDg,0,badcase,无标签与内容证据，无法支持充电宝推广相关性
9660,UCrL_LOIIGKOEc_u21AoqSYQ,LeLiDays,https://cn.noxinfluencer.com/youtube/channel/UCrL_LOIIGKOEc_u21AoqSYQ,0,badcase,美食日常vlog，无充电宝相关产品、测评或购买意图信号
9661,UCrLfG3tm-1435CxiBhXnm4A,MyWeego,https://cn.noxinfluencer.com/youtube/channel/UCrLfG3tm-1435CxiBhXnm4A,0,badcase,无标签、无相关视频、无近期内容证据，无法支持充电宝推广
9663,UCrLre1-pWprRTb8QLMnlovw,Dr. FaithVision Academy,https://cn.noxinfluencer.com/youtube/channel/UCrLre1-pWprRTb8QLMnlovw,-10,badcase,宗教短内容频道，与充电宝推广场景明显不匹配
9664,UCrN1T3GnimxyMduMENd-CQw,SneakerVits,https://cn.noxinfluencer.com/youtube/channel/UCrN1T3GnimxyMduMENd-CQw,0,badcase,无相关标签或视频证据，且频道名偏球鞋内容，与充电宝推广无关
9666,UCrNP3wSHZbQ6Rde-dFgHoxQ,the Top5 Pickss,https://cn.noxinfluencer.com/youtube/channel/UCrNP3wSHZbQ6Rde-dFgHoxQ,0,badcase,无相关标签或内容信号，适合度很低
9667,UCrNZ3e0oI_toXnTrDpguNUw,Electronic Minds,https://cn.noxinfluencer.com/youtube/channel/UCrNZ3e0oI_toXnTrDpguNUw,0,badcase,无相关标签或内容信号，适合度很低
9668,UCrNsCuBfStkPs1aaKcEIQkw,Review Best Five,https://cn.noxinfluencer.com/youtube/channel/UCrNsCuBfStkPs1aaKcEIQkw,0,badcase,无相关标签或内容信号，适合度很低
9670,UCrO_0GnzJHe5x1LOqbugYWg,Niko Yait.,https://cn.noxinfluencer.com/youtube/channel/UCrO_0GnzJHe5x1LOqbugYWg,-24,badcase,音乐娱乐/Spotify频道，虽有泛电子标签但不适合充电宝推广
9672,UCrPcxDTC0nLLBLbJ6-WlEwg,nuvending,https://cn.noxinfluencer.com/youtube/channel/UCrPcxDTC0nLLBLbJ6-WlEwg,0,badcase,无标签无内容，无法判断为适合推广
9674,UCrQaLyvE_cCj1aJ5merOhOA,Amazing Hazari,https://cn.noxinfluencer.com/youtube/channel/UCrQaLyvE_cCj1aJ5merOhOA,-10,badcase,娱乐/电影/游戏为主，和充电宝推广目的不匹配
9675,UCrQt47XZmo-UvVTizbJej6g,Kendall Todd TheSilverGuy,https://cn.noxinfluencer.com/youtube/channel/UCrQt47XZmo-UvVTizbJej6g,-15,badcase,以Fortnite游戏为主，教程类仅弱相关，整体不适合推广
9676,UCrRd1fGczTKOlnrAUyg1j8Q,Standing painting,https://cn.noxinfluencer.com/youtube/channel/UCrRd1fGczTKOlnrAUyg1j8Q,0,badcase,无标签与内容命中，缺少充电宝推广相关信号
9677,UCrRm_0az4A1JUzPCU6N9RbQ,Unbox Zero,https://cn.noxinfluencer.com/youtube/channel/UCrRm_0az4A1JUzPCU6N9RbQ,0,badcase,无标签与内容命中，难判断为充电宝推广适配频道
9678,UCrS9QtOUvK7Cc36JYBqMtDQ,JM2C,https://cn.noxinfluencer.com/youtube/channel/UCrS9QtOUvK7Cc36JYBqMtDQ,1,badcase,仅有lifestyle泛化标签，娱乐音乐内容不利于充电宝推广
9680,UCrTfSaJviMXJw6jCu13knwQ,Jaybian Films,https://cn.noxinfluencer.com/youtube/channel/UCrTfSaJviMXJw6jCu13knwQ,1,badcase,仅有lifestyle泛化标签，缺少充电宝购买或评测意图
9682,UCrUuRvi8pHNLWJSACRpNVjA,Unthinkable Build,https://cn.noxinfluencer.com/youtube/channel/UCrUuRvi8pHNLWJSACRpNVjA,0,badcase,工程施工频道，和充电宝消费场景关联弱
9683,UCrUx0ZCkmiVtCf7RK0PEYTQ,LuxLearner by Education Couture,https://cn.noxinfluencer.com/youtube/channel/UCrUx0ZCkmiVtCf7RK0PEYTQ,0,badcase,早教阅读频道，和充电宝无直接消费相关
9684,UCrVAkzJYnzAoDWLpo87DL4w,Meow (•◡•),https://cn.noxinfluencer.com/youtube/channel/UCrVAkzJYnzAoDWLpo87DL4w,-15,badcase,纯 lofi 音乐/电台流，属于明显格式错配
9685,UCrVO_eAE9TEjkX-9UpLFg9Q,FlintReady,https://cn.noxinfluencer.com/youtube/channel/UCrVO_eAE9TEjkX-9UpLFg9Q,0,badcase,无标签、标题或召回证据支持充电宝推广相关性
9686,UCrVuwckijC9CNn-8wA2tmjA,Lighty,https://cn.noxinfluencer.com/youtube/channel/UCrVuwckijC9CNn-8wA2tmjA,0,badcase,仅有车辆标签，无充电宝或数码配件推广相关信号
9688,UCrWWempvFc-lpOPC8zRNR8g,Online store,https://cn.noxinfluencer.com/youtube/channel/UCrWWempvFc-lpOPC8zRNR8g,0,badcase,无标签、无相关视频或近期内容，缺少充电宝推广相关证据
9689,UCrWowMh2_k1loEoo02CGhfg,bassplay12,https://cn.noxinfluencer.com/youtube/channel/UCrWowMh2_k1loEoo02CGhfg,0,badcase,音乐翻唱频道，内容域与 power bank 推广明显不相关
9690,UCrWp6SM8VxzdtzwdV6O6EaA,Legit Pick Adviser,https://cn.noxinfluencer.com/youtube/channel/UCrWp6SM8VxzdtzwdV6O6EaA,0,badcase,无标签和视频证据支持充电宝推广相关性
9691,UCrWrVT3wQpMKw3E7pKrATpw,Massive Tech,https://cn.noxinfluencer.com/youtube/channel/UCrWrVT3wQpMKw3E7pKrATpw,0,badcase,无标签、无标题、无近期内容证据，和充电宝推广无相关性
9692,UCrWrqQMqhxg1oV2VYcE-4IQ,Wandering Wagners,https://cn.noxinfluencer.com/youtube/channel/UCrWrqQMqhxg1oV2VYcE-4IQ,0,badcase,RV/露营场景仅弱相关，缺少充电宝推广意图
9695,UCrYjFCLQaCr-nWsgs9qf7pA,SolarGarage,https://cn.noxinfluencer.com/youtube/channel/UCrYjFCLQaCr-nWsgs9qf7pA,0,badcase,车库改装频道，与充电宝推广缺乏人群和购买意图匹配，相关性弱
9696,UCrYqCqr_JcG0wtJHkPpb5sg,Abir Ahmed,https://cn.noxinfluencer.com/youtube/channel/UCrYqCqr_JcG0wtJHkPpb5sg,0,badcase,无标签、无标题证据，缺乏充电宝推广相关性
9697,UCrZP5mRrvn1WPpBM5S-QBCQ,Ridoy creative channel,https://cn.noxinfluencer.com/youtube/channel/UCrZP5mRrvn1WPpBM5S-QBCQ,0,badcase,无标签、无相关视频，缺乏充电宝推广相关信号
9698,UCrZmQT40XHl0uXUxNW12SgA,Budget Guru,https://cn.noxinfluencer.com/youtube/channel/UCrZmQT40XHl0uXUxNW12SgA,0,badcase,无标签、无相关视频信号，缺乏充电宝推广相关性
9699,UCr_cf_towBlhMsgic6BjLnA,ourfavoritefindz,https://cn.noxinfluencer.com/youtube/channel/UCr_cf_towBlhMsgic6BjLnA,0,badcase,无标签、无相关视频，缺乏充电宝推广相关性
9700,UCraA9_FKMj_RMphQNc2SmSA,3-Sayyora,https://cn.noxinfluencer.com/youtube/channel/UCraA9_FKMj_RMphQNc2SmSA,-15,badcase,政治时事频道，和充电宝推广场景无关，缺少购买/测评信号
9701,UCraJY4WDmsr6wBJv85hO8Sw,1X_INCOME,https://cn.noxinfluencer.com/youtube/channel/UCraJY4WDmsr6wBJv85hO8Sw,0,badcase,无相关标签和内容证据，难支撑充电宝推广
9702,UCrbs0Ap1Zne32POR2H-8uoQ,Tiny Market,https://cn.noxinfluencer.com/youtube/channel/UCrbs0Ap1Zne32POR2H-8uoQ,0,badcase,标签缺失，无法判断与充电宝推广相关
9704,UCregDm4cs0sHYh2RQRt5IsQ,Xhibit Plus,https://cn.noxinfluencer.com/youtube/channel/UCregDm4cs0sHYh2RQRt5IsQ,-5,badcase,音乐娱乐向，缺少充电宝购买或测评语境
9705,UCrfWwYjck7o9KDhvA9gXaHw,DiDimau90,https://cn.noxinfluencer.com/youtube/channel/UCrfWwYjck7o9KDhvA9gXaHw,0,badcase,无相关标签和内容证据，难支撑充电宝推广
9707,UCrgGQnIF_IEh0YvdQ2Kg2xQ,Antonio,https://cn.noxinfluencer.com/youtube/channel/UCrgGQnIF_IEh0YvdQ2Kg2xQ,0,badcase,无标签无内容证据，无法判断为数码电源相关创作者
9708,UCrgq-cPbmJmuOGtBMWpvSng,Tech with Emma,https://cn.noxinfluencer.com/youtube/channel/UCrgq-cPbmJmuOGtBMWpvSng,0,badcase,无标签无视频证据，相关性不足
9709,UCri2YZr80jKK6ZW6-6FTN0g,AnyAdventure,https://cn.noxinfluencer.com/youtube/channel/UCri2YZr80jKK6ZW6-6FTN0g,0,badcase,无标签无视频证据，相关性不足
9710,UCrieclVWdbKYQNWCVqEYg9g,Little Mountain Life,https://cn.noxinfluencer.com/youtube/channel/UCrieclVWdbKYQNWCVqEYg9g,0,badcase,家居生活频道，和移动电源推广仅有很弱场景联想
9713,UCrjWO40jSQ5ig-2RBRils-g,John & Michele shenanigans,https://cn.noxinfluencer.com/youtube/channel/UCrjWO40jSQ5ig-2RBRils-g,0,badcase,无标签无内容信号，无法判断与充电宝推广相关
9714,UCrkmAjzp6t-0nhTrqDNi4Kg,Xyooj Outdoor,https://cn.noxinfluencer.com/youtube/channel/UCrkmAjzp6t-0nhTrqDNi4Kg,0,badcase,缺少标签和视频证据，只有户外方向的名字不足以支撑充电宝推广
9715,UCrlRCBfp9n_hg9kpa0lohOQ,KmanAuto,https://cn.noxinfluencer.com/youtube/channel/UCrlRCBfp9n_hg9kpa0lohOQ,-5,badcase,频道聚焦特斯拉汽车，与充电宝推广场景不匹配
9716,UCrlcaCSN-86vKoJt_a8-0ag,GentlemanCritic,https://cn.noxinfluencer.com/youtube/channel/UCrlcaCSN-86vKoJt_a8-0ag,-15,badcase,娱乐动漫频道，与充电宝推广场景明显不匹配
9718,UCroN1OS0x4E8F7iEjvBnffA,Banker Lamp,https://cn.noxinfluencer.com/youtube/channel/UCroN1OS0x4E8F7iEjvBnffA,0,badcase,无标签无内容信号，无法判断与充电宝推广相关
9719,UCromPik7OOZ2Zhu3_XDcHdg,Snow Joe + Sun Joe,https://cn.noxinfluencer.com/youtube/channel/UCromPik7OOZ2Zhu3_XDcHdg,-3,badcase,家居户外工具品牌频道，与充电宝推广缺少明确相关性
9720,UCrov7n4NnuoA2kkzqy72RDg,Your Common Girl,https://cn.noxinfluencer.com/youtube/channel/UCrov7n4NnuoA2kkzqy72RDg,0,badcase,生活vlog泛频道，缺少数码产品推广语境
9721,UCrpYCrOG8JGoYLXPhkr_q8g,Big Save Aliexpress,https://cn.noxinfluencer.com/youtube/channel/UCrpYCrOG8JGoYLXPhkr_q8g,0,badcase,无标签和内容证据，无法判断为电源类推广适配频道
9722,UCrpYZ9tMRJRGQSKC23ZoKNA,Ayye Gio,https://cn.noxinfluencer.com/youtube/channel/UCrpYZ9tMRJRGQSKC23ZoKNA,0,badcase,纯游戏频道，与移动电源推广场景无关
9723,UCrqA4U1bUcWhE_dC-r0Yvrg,You Choice,https://cn.noxinfluencer.com/youtube/channel/UCrqA4U1bUcWhE_dC-r0Yvrg,0,badcase,无标签无内容，缺少任何相关性证据
9724,UCrtPfRcDmk0VU6hnqSPjx4Q,Knoles CoolStuff,https://cn.noxinfluencer.com/youtube/channel/UCrtPfRcDmk0VU6hnqSPjx4Q,0,badcase,潮玩娱乐频道，和移动电源购买推广场景不匹配
9726,UCrupwszKf1KeUhsPR4-dlBg,eComhubNet,https://cn.noxinfluencer.com/youtube/channel/UCrupwszKf1KeUhsPR4-dlBg,0,badcase,无标签无内容，缺少充电宝推广相关信号
9727,UCrwrTnxCtCS-fQmugScuArA,Bitcoin Capitalist,https://cn.noxinfluencer.com/youtube/channel/UCrwrTnxCtCS-fQmugScuArA,-15,badcase,加密货币/挖矿内容与充电宝推广人群不符
9728,UCrxGvd4_yFasrDJcgW9UsEw,Searching For Treasures (Laura),https://cn.noxinfluencer.com/youtube/channel/UCrxGvd4_yFasrDJcgW9UsEw,0,badcase,无标签无内容，缺少充电宝推广相关信号
9729,UCrxaN77F29O5vsYlVsPgCXA,Moneyverse EN,https://cn.noxinfluencer.com/youtube/channel/UCrxaN77F29O5vsYlVsPgCXA,0,badcase,无标签无内容，缺少充电宝推广相关信号
9731,UCrySmvNXqYOi6Fy42VsIhhA,The Budget Wise Dad,https://cn.noxinfluencer.com/youtube/channel/UCrySmvNXqYOi6Fy42VsIhhA,0,badcase,无电子/充电/评测信号，和移动电源推广关联弱
9733,UCrz7JrktSqp8ijsWHPWhCKA,Brightly Directions,https://cn.noxinfluencer.com/youtube/channel/UCrz7JrktSqp8ijsWHPWhCKA,2,badcase,仅有车辆场景弱相关，缺少充电宝推广或评测意图
9734,UCrzBSHE6eXNp_W08sQTh5IA,Top5 Unboxed,https://cn.noxinfluencer.com/youtube/channel/UCrzBSHE6eXNp_W08sQTh5IA,0,badcase,无标签、标题或近期内容证据支持充电宝推广相关性
9735,UCs-FM5AEmzAkWjip39Tk-Jg,Chasing Honest Light,https://cn.noxinfluencer.com/youtube/channel/UCs-FM5AEmzAkWjip39Tk-Jg,0,badcase,无产品或充电相关线索，不适合移动电源推广
9736,UCs-I0C4R5AHg_oJQXYLqOpA,Lindsie Edgren,https://cn.noxinfluencer.com/youtube/channel/UCs-I0C4R5AHg_oJQXYLqOpA,0,badcase,无标签无内容证据，无法判断为适合推广频道
9737,UCs-gvn5ab1gq-NzzG3KJJUA,Kenneth Hagin Messages,https://cn.noxinfluencer.com/youtube/channel/UCs-gvn5ab1gq-NzzG3KJJUA,0,badcase,无标签无内容证据，和充电宝推广无关
9738,UCs-ly4crqxI_1beyFzSy41Q,OnaedoSREze,https://cn.noxinfluencer.com/youtube/channel/UCs-ly4crqxI_1beyFzSy41Q,0,badcase,无标签无内容证据，缺少推广适配信号
9739,UCs-xpTbziuzdY-AbIumvfLg,Phatkat Collections,https://cn.noxinfluencer.com/youtube/channel/UCs-xpTbziuzdY-AbIumvfLg,0,badcase,频道聚焦手表与时尚，缺少充电宝或电子配件推广相关信号
9741,UCs0SDXSWhdRTEidz3L22KBg,TorqueForge Lab,https://cn.noxinfluencer.com/youtube/channel/UCs0SDXSWhdRTEidz3L22KBg,0,badcase,无标签、无相关视频，缺少充电宝推广相关性
9743,UCs10x-muRrTQMJ4Ya-fmIlw,Snowflake Inc.,https://cn.noxinfluencer.com/youtube/channel/UCs10x-muRrTQMJ4Ya-fmIlw,-14,badcase,云数据/AI企业频道，与充电宝推广场景不匹配
9744,UCs12ZsiekjyxKT4610kaC8Q,Juwell Amin,https://cn.noxinfluencer.com/youtube/channel/UCs12ZsiekjyxKT4610kaC8Q,-10,badcase,娱乐/玩具型频道，无数码电源产品语境，缺少购物或测评信号
9745,UCs2LkraeHcC9yfffK9_S_NA,VWJAWBREAKER,https://cn.noxinfluencer.com/youtube/channel/UCs2LkraeHcC9yfffK9_S_NA,2,badcase,汽车DIY频道，只有弱场景关联，缺少充电宝推广意图
9747,UCs2ibqcD2GReMD_z9shBGBA,عثی // ESY,https://cn.noxinfluencer.com/youtube/channel/UCs2ibqcD2GReMD_z9shBGBA,-5,badcase,有手机维修相关性，但宗教诵读标签占主导，不适合充电宝推广
9748,UCs3ZIwAL1ApdSLVIILljBRA,Rafin Alam,https://cn.noxinfluencer.com/youtube/channel/UCs3ZIwAL1ApdSLVIILljBRA,0,badcase,标签和内容信息缺失，无法建立有效相关性
9749,UCs4x6wcoPLpSzuiLFtSIKJA,Varón de Dios💖구경평💖마중물,https://cn.noxinfluencer.com/youtube/channel/UCs4x6wcoPLpSzuiLFtSIKJA,0,badcase,宗教音乐向内容，缺少充电/数码产品推广场景
9750,UCs5KJTFjcSRdeG6DoBGe7fA,Life on the Big Rock,https://cn.noxinfluencer.com/youtube/channel/UCs5KJTFjcSRdeG6DoBGe7fA,-10,badcase,故事型内容为主，与产品推广格式明显不匹配
9751,UCs5T-2OqT4TECMjMQ94VfUw,FLYGUYtoys,https://cn.noxinfluencer.com/youtube/channel/UCs5T-2OqT4TECMjMQ94VfUw,2,badcase,玩具/手办频道，只有泛化unboxing/review，和充电宝推广关联很弱
9752,UCs5idhwR3MV93QCUDDUdNFA,Miranda John,https://cn.noxinfluencer.com/youtube/channel/UCs5idhwR3MV93QCUDDUdNFA,0,badcase,无标签、无标题与充电宝推广相关，缺乏可召回信号
9753,UCs5qNWMkLU1MEv7zdkmvifQ,Song Production Pros,https://cn.noxinfluencer.com/youtube/channel/UCs5qNWMkLU1MEv7zdkmvifQ,0,badcase,音乐频道与充电宝推广场景无直接相关，缺少购买或测评意图
9754,UCs6bzqDHyo-PWHZuhaP1_Eg,The 5 Best Review,https://cn.noxinfluencer.com/youtube/channel/UCs6bzqDHyo-PWHZuhaP1_Eg,0,badcase,无标签与近期内容证据，仅泛化评测名，难判断为充电宝推广相关
9755,UCs6l1xp3PqsuFsu-KoxC8Ag,Alana Marquez,https://cn.noxinfluencer.com/youtube/channel/UCs6l1xp3PqsuFsu-KoxC8Ag,2,badcase,仅有生活方式/运动弱相关，缺少充电宝推广意图
9756,UCs7Omdn_i46DLXYliEQxHsw,Theo Young Universe,https://cn.noxinfluencer.com/youtube/channel/UCs7Omdn_i46DLXYliEQxHsw,0,badcase,娱乐/游戏为主，缺少数码或充电场景
9757,UCs7WBVgQ0VCypHys2bzUoaw,Tinted,https://cn.noxinfluencer.com/youtube/channel/UCs7WBVgQ0VCypHys2bzUoaw,0,badcase,无标签无内容信号
9759,UCs7xeZp9r7l-RAy-3evT-ag,Zero To infinity Tech,https://cn.noxinfluencer.com/youtube/channel/UCs7xeZp9r7l-RAy-3evT-ag,0,badcase,仅名称带Tech，缺标签和内容证据
9760,UCs8ZZylkBDMTxxSf4M_7Zgw,Rad Pursuit,https://cn.noxinfluencer.com/youtube/channel/UCs8ZZylkBDMTxxSf4M_7Zgw,0,badcase,无标签无内容信号
9761,UCs8enGPEUJbj9q7NKxEHU7g,TechTribe,https://cn.noxinfluencer.com/youtube/channel/UCs8enGPEUJbj9q7NKxEHU7g,0,badcase,无标签和视频内容，缺少充电宝推广相关性证据
9763,UCs8ulQpwgOd0eS-4qx8QRtg,Bumps and Bottles,https://cn.noxinfluencer.com/youtube/channel/UCs8ulQpwgOd0eS-4qx8QRtg,0,badcase,无标签和内容，无法支撑充电宝推广相关性
9764,UCs8yacWiaS-Pjf9ZLfS0uOw,STM ISLAMIC LIFE,https://cn.noxinfluencer.com/youtube/channel/UCs8yacWiaS-Pjf9ZLfS0uOw,-15,badcase,宗教讲述频道，与充电宝推广场景明显不匹配
9765,UCs9AN-WTBsWP72aewXlNKUA,"Riffs, Beards & Gear",https://cn.noxinfluencer.com/youtube/channel/UCs9AN-WTBsWP72aewXlNKUA,0,badcase,音乐娱乐向频道，缺少充电宝推广相关证据
9766,UCsA760-IXHqjU9yQAsaPzMA,WattsMindset,https://cn.noxinfluencer.com/youtube/channel/UCsA760-IXHqjU9yQAsaPzMA,0,badcase,无标签和相关内容，缺少电源类推广证据
9767,UCsA7GWI7X0cOS1hA6Msvx2g,Life Gears Hub,https://cn.noxinfluencer.com/youtube/channel/UCsA7GWI7X0cOS1hA6Msvx2g,0,badcase,无标签和相关内容，缺少电源类推广证据
9768,UCsAte0LpAMTbQSkOwnYe4Pg,Born To Ride,https://cn.noxinfluencer.com/youtube/channel/UCsAte0LpAMTbQSkOwnYe4Pg,0,badcase,无标签和相关内容，缺少电源类推广证据
9769,UCsBVEyFxggo6K5EFCZyRhvQ,infinity sttore,https://cn.noxinfluencer.com/youtube/channel/UCsBVEyFxggo6K5EFCZyRhvQ,0,badcase,无标签和相关内容，缺少电源类推广证据
9771,UCsDb-6RGAzBimgAy6yVTnQw,Rare Review,https://cn.noxinfluencer.com/youtube/channel/UCsDb-6RGAzBimgAy6yVTnQw,0,badcase,无相关标签与内容，难作为充电宝推广频道
9772,UCsDsY3o5RhxJjTNY8Iw5HfA,James Labs TV,https://cn.noxinfluencer.com/youtube/channel/UCsDsY3o5RhxJjTNY8Iw5HfA,0,badcase,无相关标签与内容，难作为充电宝推广频道
9774,UCsE8m1W144SQ6Ze_PyLnEnw,Eagle Eye Power Solutions,https://cn.noxinfluencer.com/youtube/channel/UCsE8m1W144SQ6Ze_PyLnEnw,0,badcase,缺少可验证内容，难判断为充电宝受众
9776,UCsEyYsgmt3KSPw8OmUEhvAQ,Colin Leung,https://cn.noxinfluencer.com/youtube/channel/UCsEyYsgmt3KSPw8OmUEhvAQ,0,badcase,车/电助力车内容为主，缺少充电宝或购买场景
9778,UCsFBpRO-eXOihqNNaN7o9BQ,S7EALTHY,https://cn.noxinfluencer.com/youtube/channel/UCsFBpRO-eXOihqNNaN7o9BQ,0,badcase,无标签和内容信号，难判断为充电宝推广频道
9780,UCsFMZFUBFVr9AzRlkmEKdlQ,Novice Media,https://cn.noxinfluencer.com/youtube/channel/UCsFMZFUBFVr9AzRlkmEKdlQ,0,badcase,无标签和视频信号，和充电宝推广无明显相关
9781,UCsFg9BNkMzNXJPdGDH_3nAQ,Top Amazon Picks,https://cn.noxinfluencer.com/youtube/channel/UCsFg9BNkMzNXJPdGDH_3nAQ,0,badcase,无标签、无视频信号，缺少充电宝推广相关性
9782,UCsFxEzswnZ9x6xaZaoQwrzA,Top Topics,https://cn.noxinfluencer.com/youtube/channel/UCsFxEzswnZ9x6xaZaoQwrzA,0,badcase,无标签无内容信号，缺少充电宝推广相关性
9783,UCsGC1iiApGbub7388Fbn7eA,Southern First Bank,https://cn.noxinfluencer.com/youtube/channel/UCsGC1iiApGbub7388Fbn7eA,0,badcase,无产品相关标签或内容，且为银行类频道，和power bank推广无关
9784,UCsGFZCzgka3ufYJW32oWuYQ,GizmoTribe,https://cn.noxinfluencer.com/youtube/channel/UCsGFZCzgka3ufYJW32oWuYQ,0,badcase,无标签、标题或近期内容证据，无法支持充电宝推广
9785,UCsGUJRPpDrw8mnGk3otsP1A,Adventures with Dr. Joe,https://cn.noxinfluencer.com/youtube/channel/UCsGUJRPpDrw8mnGk3otsP1A,3,badcase,仅有DIY/Howto泛泛相关，无产品推广或购买意图，且缺少近期内容支撑
9786,UCsGm0K6O76a8vSTww9Y-NLg,ShocktheCityrs,https://cn.noxinfluencer.com/youtube/channel/UCsGm0K6O76a8vSTww9Y-NLg,0,badcase,无标签和内容证据，无法判断与充电宝推广相关
9788,UCsICGLpcrL542E7e4s4JqiA,Vibe Africa,https://cn.noxinfluencer.com/youtube/channel/UCsICGLpcrL542E7e4s4JqiA,0,badcase,无标签、无视频信号，缺少与充电宝推广相关性
9793,UCsKSzXmE_thCxKmkjurdOJg,InfluenceEcho,https://cn.noxinfluencer.com/youtube/channel/UCsKSzXmE_thCxKmkjurdOJg,0,badcase,无标签无内容，缺少相关证据
9794,UCsK_Lo__Y-8y1Xj9Y0Gd-UA,"HISTORY BUFFET: THE TRUTH IS MESSY, GORY, AND WILD",https://cn.noxinfluencer.com/youtube/channel/UCsK_Lo__Y-8y1Xj9Y0Gd-UA,0,badcase,历史资讯向，和充电宝推广场景不匹配
9795,UCsKwwQDMxBapqI5QedwNdGw,Squid Head Joe,https://cn.noxinfluencer.com/youtube/channel/UCsKwwQDMxBapqI5QedwNdGw,0,badcase,纯游戏频道，缺少充电宝购买语境
9798,UCsM9gFdb_rbaRFKpaKQ3l7Q,Mr Marcus Adventure Channel,https://cn.noxinfluencer.com/youtube/channel/UCsM9gFdb_rbaRFKpaKQ3l7Q,0,badcase,无标签无内容，缺少任何相关信号
9799,UCsNFhJGGtesRl-5pTbNKEag,Oliver McGhee,https://cn.noxinfluencer.com/youtube/channel/UCsNFhJGGtesRl-5pTbNKEag,0,badcase,财经教育主轴偏离，科技仅弱相关，推广适配度低
9800,UCsNX-X3qczKtKWuVod0AkcQ,Inventra,https://cn.noxinfluencer.com/youtube/channel/UCsNX-X3qczKtKWuVod0AkcQ,0,badcase,无标签无内容，缺少相关信号
9801,UCsNoF9JzFCY5COGCUqKeOiA,KP Design Crates,https://cn.noxinfluencer.com/youtube/channel/UCsNoF9JzFCY5COGCUqKeOiA,0,badcase,无标签无内容信号，无法支撑充电宝推广
9803,UCsNvxZC0fIylPROYZK9nTGw,MOVIE  RRECAP,https://cn.noxinfluencer.com/youtube/channel/UCsNvxZC0fIylPROYZK9nTGw,-15,badcase,娱乐/动物故事频道，和充电宝推广场景明显不符
9804,UCsOvC1SYzGR_f0d7CO1KmSg,Crypto Helper,https://cn.noxinfluencer.com/youtube/channel/UCsOvC1SYzGR_f0d7CO1KmSg,0,badcase,石油能源主题，与充电宝受众不匹配
9805,UCsP3-6ptyMVWaXnlcbziPzQ,Prepper Base,https://cn.noxinfluencer.com/youtube/channel/UCsP3-6ptyMVWaXnlcbziPzQ,0,badcase,无标签和视频证据，无法证明适合充电宝推广
9807,UCsPNP0aGxLA6F9cTHbZA7Dw,NextGen Hype,https://cn.noxinfluencer.com/youtube/channel/UCsPNP0aGxLA6F9cTHbZA7Dw,0,badcase,无标签无内容证据，无法判断适合推广
9809,UCsPlFV7HDp3SFg474jDwXIw,Goose Reviews,https://cn.noxinfluencer.com/youtube/channel/UCsPlFV7HDp3SFg474jDwXIw,0,badcase,无标签与标题证据，相关性不足
9810,UCsQBGMEhG_Dfatz8EnFqJrg,DeviceEnforcer,https://cn.noxinfluencer.com/youtube/channel/UCsQBGMEhG_Dfatz8EnFqJrg,0,badcase,无标签与内容证据，难以支持充电宝推广
9813,UCsTnH3MDk4hU7TFXh8SZIYw,ALIEXPRESS BIG DEAL,https://cn.noxinfluencer.com/youtube/channel/UCsTnH3MDk4hU7TFXh8SZIYw,0,badcase,无标签、标题或近期内容证据，无法支持充电宝推广召回
9814,UCsU0wF9NHXu8_RzZdOdZzgA,Mr.Scrutiny,https://cn.noxinfluencer.com/youtube/channel/UCsU0wF9NHXu8_RzZdOdZzgA,0,badcase,无标签、视频或近期内容证据支持充电宝推广相关性
9815,UCsVEcfKz2mH7NpeFrWbJH7g,Jay Flat Out,https://cn.noxinfluencer.com/youtube/channel/UCsVEcfKz2mH7NpeFrWbJH7g,0,badcase,汽车改装频道，无充电宝或数码配件推广相关信号
9816,UCsVMWvVnsozi5B53JIeh6Wg,AmzGadgetss,https://cn.noxinfluencer.com/youtube/channel/UCsVMWvVnsozi5B53JIeh6Wg,0,badcase,无标签无内容，缺少可判断的相关信号
9818,UCsWDLbvZiET5OXsrKECiPHQ,Aislinn Crane,https://cn.noxinfluencer.com/youtube/channel/UCsWDLbvZiET5OXsrKECiPHQ,0,badcase,无标签无内容，缺少可判断的相关信号
9819,UCsWfHYKXaA0MVqShN9B4CVw,indian talent,https://cn.noxinfluencer.com/youtube/channel/UCsWfHYKXaA0MVqShN9B4CVw,0,badcase,娱乐音乐为主，和充电宝推广关联弱
9821,UCsXjvGSBPVMhmzbu0g1nZ_g,Unboxing Space,https://cn.noxinfluencer.com/youtube/channel/UCsXjvGSBPVMhmzbu0g1nZ_g,0,badcase,时尚鞋表内容，和充电宝推广目标无关
9823,UCsXuki6gNZkbZbJvryLZ-rQ,Willomet Motor & Fab,https://cn.noxinfluencer.com/youtube/channel/UCsXuki6gNZkbZbJvryLZ-rQ,0,badcase,汽车DIY偏场景内容，缺少充电宝购买或评测意图
9825,UCsYFKVxe3XSdWjgtjCpNKiA,ERDEL WISE,https://cn.noxinfluencer.com/youtube/channel/UCsYFKVxe3XSdWjgtjCpNKiA,0,badcase,无标签无内容，无法判断与充电宝是否相关
9827,UCsYGJf9h3mJHS9KP6H5ldYQ,Lean Media,https://cn.noxinfluencer.com/youtube/channel/UCsYGJf9h3mJHS9KP6H5ldYQ,1,badcase,仅有电商弱相关，无充电宝评测/购买/使用场景证据
9828,UCsYzKhKBqW1nIg_HsrzBM0A,Best Trending Products Review,https://cn.noxinfluencer.com/youtube/channel/UCsYzKhKBqW1nIg_HsrzBM0A,1,badcase,内容聚焦床架/床垫，与充电宝推广无关
9829,UCsZSA7frwa5Kc3eN2TexECQ,HYDRO DIPPING ARTIST,https://cn.noxinfluencer.com/youtube/channel/UCsZSA7frwa5Kc3eN2TexECQ,0,badcase,工艺手作频道，与充电宝推广无关
9831,UCs_GN_nFJxofwzZ-kDoiNuQ,Hand-made,https://cn.noxinfluencer.com/youtube/channel/UCs_GN_nFJxofwzZ-kDoiNuQ,0,badcase,无标签与内容信号，和充电宝推广无关
9832,UCs_wNXR1YrCc5AictW1Mntg,Rapid Films,https://cn.noxinfluencer.com/youtube/channel/UCs_wNXR1YrCc5AictW1Mntg,-15,badcase,娱乐体育频道，和数码电源产品推广明显不匹配
9833,UCs_zG4M2xUb-jqTEomY67Rg,Bangla Health Tips Experts Ibrahim,https://cn.noxinfluencer.com/youtube/channel/UCs_zG4M2xUb-jqTEomY67Rg,0,badcase,健康内容与充电宝购买/评测意图不相关
9834,UCsa779EUjDjZuope4k5WQfQ,cucuj3,https://cn.noxinfluencer.com/youtube/channel/UCsa779EUjDjZuope4k5WQfQ,0,badcase,无可用主题信号，无法支撑充电宝投放
9835,UCsaCDSD_xL0L8lYPm8NNWcQ,Black Moral Verse,https://cn.noxinfluencer.com/youtube/channel/UCsaCDSD_xL0L8lYPm8NNWcQ,0,badcase,缺少产品相关信号，不适合充电宝推广
9836,UCsaF9TB7hPyHodtcbG2BWpQ,HENRY,https://cn.noxinfluencer.com/youtube/channel/UCsaF9TB7hPyHodtcbG2BWpQ,0,badcase,无标签无内容，缺少与移动电源相关的任何信号
9839,UCsbTpU39VNzm3FxnmOGgHHg,Reviews Of Stuff,https://cn.noxinfluencer.com/youtube/channel/UCsbTpU39VNzm3FxnmOGgHHg,0,badcase,无标签无内容，缺少数码或充电配件相关信号
9841,UCsb_RMNYtQg7tEfk1cJRGQQ,Listopia Central,https://cn.noxinfluencer.com/youtube/channel/UCsb_RMNYtQg7tEfk1cJRGQQ,0,badcase,美妆/宠物列表号，和充电宝投放场景弱相关
9844,UCsfTBV5EFheyAV6BTKBeYyQ,SUMIT KUMAR,https://cn.noxinfluencer.com/youtube/channel/UCsfTBV5EFheyAV6BTKBeYyQ,0,badcase,标签和内容缺失，无法判断为相关投放位
9845,UCsgvV7Z3JrKFV__qqKpsZ-Q,Sonia with islam,https://cn.noxinfluencer.com/youtube/channel/UCsgvV7Z3JrKFV__qqKpsZ-Q,0,badcase,缺少标签和视频信息，相关性证据不足
9846,UCshKgG9H6fzuKVK46XTsoVw,W. Josef Yavuz,https://cn.noxinfluencer.com/youtube/channel/UCshKgG9H6fzuKVK46XTsoVw,0,badcase,无标签、无相关视频、无近期内容证据支持充电宝推广
9847,UCshXaall2Qbdki1sYXJymqA,productreview,https://cn.noxinfluencer.com/youtube/channel/UCshXaall2Qbdki1sYXJymqA,1,badcase,仅有technology弱相关，无充电宝推广或测评意图证据
9848,UCshknL9O0HA5wuCfXcO6zgw,Kerkhoff Dellwo,https://cn.noxinfluencer.com/youtube/channel/UCshknL9O0HA5wuCfXcO6zgw,0,badcase,无标签、相关视频或近期内容，缺少充电宝推广相关证据
9849,UCsidMXlUZPkokKqvTcD99og,JosianeSRLéonneSRRenau,https://cn.noxinfluencer.com/youtube/channel/UCsidMXlUZPkokKqvTcD99og,0,badcase,无标签、标题或近期内容证据支持充电宝推广相关性
9850,UCsj0XlmSvVVFl7KLYZHAV7g,CreativeKids,https://cn.noxinfluencer.com/youtube/channel/UCsj0XlmSvVVFl7KLYZHAV7g,0,badcase,无标签、视频或近期内容证据支持充电宝推广相关性
9851,UCsje3zZcBqFzs9HaGXAJ4Cw,Toppalletfly,https://cn.noxinfluencer.com/youtube/channel/UCsje3zZcBqFzs9HaGXAJ4Cw,0,badcase,无标签、视频或近期内容证据，缺少充电宝推广相关性
9855,UCsmPQStDK1C-heTQURej_jA,Amir in America,https://cn.noxinfluencer.com/youtube/channel/UCsmPQStDK1C-heTQURej_jA,-15,badcase,宠物故事短视频为主，受众与充电宝推广不匹配
9856,UCsmjcHiq-Y8C67VYdRPI0xg,Give yourself A raise,https://cn.noxinfluencer.com/youtube/channel/UCsmjcHiq-Y8C67VYdRPI0xg,0,badcase,金融信用卡频道，与充电宝推广无明显产品相关性
9857,UCsmou3yjsVZ_jK75wPI7vyA,The Wander Taco,https://cn.noxinfluencer.com/youtube/channel/UCsmou3yjsVZ_jK75wPI7vyA,0,badcase,汽车改装频道，和充电宝投放场景关联很弱
9858,UCsnWcV73fuh8vCPXDWR-X9w,Epic Review Hub,https://cn.noxinfluencer.com/youtube/channel/UCsnWcV73fuh8vCPXDWR-X9w,0,badcase,科技泛内容但无充电宝/电源相关明确意图
9860,UCsnvOo6bEI-iHHzobtyBZWw,Tony USmachines,https://cn.noxinfluencer.com/youtube/channel/UCsnvOo6bEI-iHHzobtyBZWw,0,badcase,包装产线频道，不是充电宝消费推广场景
9861,UCso78pM0zelDhoCQQdpD5hA,Red Racer,https://cn.noxinfluencer.com/youtube/channel/UCso78pM0zelDhoCQQdpD5hA,0,badcase,游戏频道，与充电宝推广无明确产品场景相关性
9862,UCsoH8yUC5OqWnVXOwJ5ddzg,SamusSong,https://cn.noxinfluencer.com/youtube/channel/UCsoH8yUC5OqWnVXOwJ5ddzg,0,badcase,以游戏内容为主，缺少充电宝的购买/测评/使用场景相关性
9865,UCspZfdIsfrolDpCDQRW9OKg,Archeagus,https://cn.noxinfluencer.com/youtube/channel/UCspZfdIsfrolDpCDQRW9OKg,1,badcase,仅有Travel弱场景相关，主体是游戏内容，缺少充电宝推广语境
9866,UCsqNR3BYyvps6U2mahvrkNA,Magical Fam,https://cn.noxinfluencer.com/youtube/channel/UCsqNR3BYyvps6U2mahvrkNA,1,badcase,仅有旅行场景弱相关，缺少充电宝购买/使用意图
9867,UCsqg_qOYNGPqY52SsJ_gMxQ,Fresh Start Customs,https://cn.noxinfluencer.com/youtube/channel/UCsqg_qOYNGPqY52SsJ_gMxQ,0,badcase,手作/激光切割频道，与充电宝推广无明显关联
9868,UCsrHvcTBhU6Jg8YHnTtDWLw,Tech Byte,https://cn.noxinfluencer.com/youtube/channel/UCsrHvcTBhU6Jg8YHnTtDWLw,0,badcase,无标签无内容证据，无法判断为充电宝相关
9869,UCsrUuEoZGxYSUcgsI0dL2UQ,USA Boy,https://cn.noxinfluencer.com/youtube/channel/UCsrUuEoZGxYSUcgsI0dL2UQ,0,badcase,无标签无内容证据，无法判断为充电宝相关
9870,UCsrcpzrTJO9j0-7QsD1iQ6w,Pepperell Crafts,https://cn.noxinfluencer.com/youtube/channel/UCsrcpzrTJO9j0-7QsD1iQ6w,0,badcase,手作/生活方式频道仅有泛化标签，和充电宝不匹配
9871,UCsrnH_aYM3fO-YFEbUv1opA,BenjisFinds,https://cn.noxinfluencer.com/youtube/channel/UCsrnH_aYM3fO-YFEbUv1opA,0,badcase,无标签、视频或近期内容证据，无法支持充电宝推广召回
9872,UCssY-O6cs_chMgfuudNljtA,Denzel Garcia,https://cn.noxinfluencer.com/youtube/channel/UCssY-O6cs_chMgfuudNljtA,1,badcase,健身/健康频道与充电宝推广几乎无关，仅有生活方式泛相关
9873,UCstZzQslaLQtjr2C6k_KvQw,Tech Genie,https://cn.noxinfluencer.com/youtube/channel/UCstZzQslaLQtjr2C6k_KvQw,0,badcase,无标签和内容证据，无法支持充电宝推广相关性
9875,UCsvexWPXw_KijQGBrnlmWHA,Camera Talk Central,https://cn.noxinfluencer.com/youtube/channel/UCsvexWPXw_KijQGBrnlmWHA,0,badcase,无标签、无相关视频，缺少充电宝推广相关证据
9877,UCsweRxTYlk-kkLT5h-LPoSQ,Raw Zen,https://cn.noxinfluencer.com/youtube/channel/UCsweRxTYlk-kkLT5h-LPoSQ,-5,badcase,宗教娱乐向频道，和充电宝推广关联弱
9879,UCsxP9kay5ISVJKA76mnmrxg,Anytime Appliances Outlet,https://cn.noxinfluencer.com/youtube/channel/UCsxP9kay5ISVJKA76mnmrxg,-5,badcase,汽车越野频道，与充电宝推广场景不匹配，缺少产品相关信号
9880,UCsyN93DPkgSTTtH4Yn79EKQ,Smart Review,https://cn.noxinfluencer.com/youtube/channel/UCsyN93DPkgSTTtH4Yn79EKQ,0,badcase,无标签无内容证据，难判断且相关性不足
9881,UCszCFGafPLhUi9X7wrSOn7w,Our World Upside Down,https://cn.noxinfluencer.com/youtube/channel/UCszCFGafPLhUi9X7wrSOn7w,0,badcase,无标签、视频或近期内容证据，无法支持充电宝推广相关性
9883,UCt-7GzjmkaKLqnI3Bo7ULTA,End,https://cn.noxinfluencer.com/youtube/channel/UCt-7GzjmkaKLqnI3Bo7ULTA,0,badcase,无标签无内容相关信号，无法支撑充电宝推广
9884,UCt-VNUpxmPEO69lj4s_58Hw,Hopsauce,https://cn.noxinfluencer.com/youtube/channel/UCt-VNUpxmPEO69lj4s_58Hw,0,badcase,无标签、标题或近期内容证据支持充电宝推广相关性
9885,UCt0440oISaoVQ_1wXBkpwUA,Pick Point Hub,https://cn.noxinfluencer.com/youtube/channel/UCt0440oISaoVQ_1wXBkpwUA,0,badcase,无标签无内容，缺乏充电宝相关与推广场景信号
9887,UCt2ItR0U-6XGAK0eFSPc18A,FindItFast,https://cn.noxinfluencer.com/youtube/channel/UCt2ItR0U-6XGAK0eFSPc18A,0,badcase,无标签无内容线索，缺少与充电宝相关的受众信号
9889,UCt2uc9q5t80vXcwJCIaCr7w,DrJuiceMan,https://cn.noxinfluencer.com/youtube/channel/UCt2uc9q5t80vXcwJCIaCr7w,0,badcase,无有效主题标签，无法判断其与充电宝推广的相关性
9890,UCt3D0ChzWm5nhFpiAcExsmw,Angel Moreno,https://cn.noxinfluencer.com/youtube/channel/UCt3D0ChzWm5nhFpiAcExsmw,0,badcase,无标签无内容线索，不适合作为充电宝推广创作者
9891,UCt3WcCLs8Zm-zZNcqgixyMw,Mike Vapes,https://cn.noxinfluencer.com/youtube/channel/UCt3WcCLs8Zm-zZNcqgixyMw,-14,badcase,频道以电子烟品牌为主，缺少充电宝推广意图
9892,UCt3jdVe5YfUfnrksHvFtnkg,Everyday Family Finds,https://cn.noxinfluencer.com/youtube/channel/UCt3jdVe5YfUfnrksHvFtnkg,0,badcase,无任何数码或充电相关信号，和移动电源推广缺少匹配基础
9893,UCt48aifd-PYjvwMV3XEqdWA,JG Voyages,https://cn.noxinfluencer.com/youtube/channel/UCt48aifd-PYjvwMV3XEqdWA,0,badcase,无标签无内容，无法支持移动电源相关推广
9894,UCt5Imxag0wIIx21O6Ezds5A,Explore Lee,https://cn.noxinfluencer.com/youtube/channel/UCt5Imxag0wIIx21O6Ezds5A,0,badcase,无标签无内容，无法支持移动电源相关推广
9896,UCt68SLOcZtcM7DIYruDTNHA,Top 5 Sales,https://cn.noxinfluencer.com/youtube/channel/UCt68SLOcZtcM7DIYruDTNHA,0,badcase,无标签、无相关视频、无近期内容证据支持充电宝推广
9900,UCt8-oJKVf9DWCKCb1DXLqjA,Airstream Nerds,https://cn.noxinfluencer.com/youtube/channel/UCt8-oJKVf9DWCKCb1DXLqjA,0,badcase,无标签、相关视频或近期内容证据，无法支持充电宝推广
9901,UCtBRGZemSuj6k30FMQf4nJw,CueSports International,https://cn.noxinfluencer.com/youtube/channel/UCtBRGZemSuj6k30FMQf4nJw,0,badcase,台球体育频道，与充电宝推广无关，缺少产品和购买场景信号
9902,UCtBWd0jmm7Wl0SmkfCM9j4g,UBL Pack UsCa,https://cn.noxinfluencer.com/youtube/channel/UCtBWd0jmm7Wl0SmkfCM9j4g,0,badcase,无标签、标题或近期内容证据，无法支持充电宝推广相关性
9903,UCtC8SANasxz7ZEyuA76QW9g,Hassle Free Reviews,https://cn.noxinfluencer.com/youtube/channel/UCtC8SANasxz7ZEyuA76QW9g,0,badcase,无标签和视频证据，和移动电源推广相关性不足
9906,UCtChdRFc7ym2hEFNCmgzI6A,Son Nguyen19,https://cn.noxinfluencer.com/youtube/channel/UCtChdRFc7ym2hEFNCmgzI6A,-15,badcase,娱乐喜剧频道，与充电宝带货场景明显不符
9907,UCtCjPOnaQ_27RYAm4f5yVCA,Teslasy EV Parts,https://cn.noxinfluencer.com/youtube/channel/UCtCjPOnaQ_27RYAm4f5yVCA,0,badcase,特斯拉配件频道，与充电宝推广缺少相关证据
9908,UCtCocgOEHlZAv-Di0eZxaIg,Victoria Grace,https://cn.noxinfluencer.com/youtube/channel/UCtCocgOEHlZAv-Di0eZxaIg,0,badcase,无标签和内容证据，无法支持充电宝推广相关性
9909,UCtDpVQE9Bb0iJRoj3XXCRxA,Country Craziness,https://cn.noxinfluencer.com/youtube/channel/UCtDpVQE9Bb0iJRoj3XXCRxA,1,badcase,频道偏木材/社会话题，和移动电源推广关联很弱
9910,UCtDqqxbVqsZCc8xRUzTthRA,ElectroDemo,https://cn.noxinfluencer.com/youtube/channel/UCtDqqxbVqsZCc8xRUzTthRA,0,badcase,无标签、无相关视频或近期内容，缺少充电宝推广相关证据
9912,UCtEVv03mFL0_mTKLM9ENDXQ,BANG NIGI,https://cn.noxinfluencer.com/youtube/channel/UCtEVv03mFL0_mTKLM9ENDXQ,0,badcase,游戏频道与充电宝推广关联弱，缺少电子产品受众信号
9913,UCtF75FOi_pTxsjpt94STtcQ,Ale,https://cn.noxinfluencer.com/youtube/channel/UCtF75FOi_pTxsjpt94STtcQ,0,badcase,无标签无内容信号，无法判断为充电宝相关创作者
9914,UCtFNqvjAIMIL0Icq899vwsQ,Iris Eileen,https://cn.noxinfluencer.com/youtube/channel/UCtFNqvjAIMIL0Icq899vwsQ,-15,badcase,剧情娱乐向，和充电宝产品推广场景明显不符
9915,UCtFpl8MuQYaFBOpzX9KbGug,Сакулевич,https://cn.noxinfluencer.com/youtube/channel/UCtFpl8MuQYaFBOpzX9KbGug,-5,badcase,刀具/hobby向，和充电宝受众不匹配
9917,UCtG9vHKhVobFAnrMrT8mtBQ,House Products,https://cn.noxinfluencer.com/youtube/channel/UCtG9vHKhVobFAnrMrT8mtBQ,0,badcase,家居泛内容，缺少充电宝购买或测评意图
9918,UCtHZ1qs5h4sx9TijVBQCMIA,Bank of America,https://cn.noxinfluencer.com/youtube/channel/UCtHZ1qs5h4sx9TijVBQCMIA,-15,badcase,金融机构频道，与充电宝推广受众和场景明显不符
9921,UCtLSczEXR3Anstud4VC6hMw,MISJOAN GH,https://cn.noxinfluencer.com/youtube/channel/UCtLSczEXR3Anstud4VC6hMw,-14,badcase,频道主题偏社会娱乐政治宗教，缺少充电宝推广场景
9922,UCtM0UV6YmDaQ4XAfTLI9tNQ,Leeann Elisha,https://cn.noxinfluencer.com/youtube/channel/UCtM0UV6YmDaQ4XAfTLI9tNQ,0,badcase,无标签、无相关视频、无近期内容证据，无法支持充电宝推广
9923,UCtMiHF88exGQSzpTip7biQA,Homemade Hands Review,https://cn.noxinfluencer.com/youtube/channel/UCtMiHF88exGQSzpTip7biQA,0,badcase,无标签、标题或近期内容证据支持充电宝推广相关性
9925,UCtMvzfI1-xgZJK-9-Tt0UfA,时光飞行 | Time Flight,https://cn.noxinfluencer.com/youtube/channel/UCtMvzfI1-xgZJK-9-Tt0UfA,-5,badcase,航空飞机频道，与充电宝推广场景不匹配
9926,UCtMxPRGHFoPgEiltZhLT9LQ,Pulsevera Stories,https://cn.noxinfluencer.com/youtube/channel/UCtMxPRGHFoPgEiltZhLT9LQ,0,badcase,无标签无内容信号，和充电宝推广缺少可用相关性
9927,UCtNL2ptvnMil4RvN9KyCS2Q,Ebike Escape,https://cn.noxinfluencer.com/youtube/channel/UCtNL2ptvnMil4RvN9KyCS2Q,0,badcase,电动自行车频道，与充电宝推广缺少明确产品或购买意图相关性
9928,UCtNP1lFdrm-cpCVqQxlNrVA,Bulb DIY,https://cn.noxinfluencer.com/youtube/channel/UCtNP1lFdrm-cpCVqQxlNrVA,2,badcase,DIY/电子泛相关但无充电宝评测、购买或使用意图证据
9929,UCtNVibRjWOSuGrznCRLrKvQ,Zasabo Tunobe,https://cn.noxinfluencer.com/youtube/channel/UCtNVibRjWOSuGrznCRLrKvQ,0,badcase,无标签无内容信号，难以支撑充电宝推广相关性
9930,UCtNyr_GVyhiN7EhANsh1JEA,MegaMart,https://cn.noxinfluencer.com/youtube/channel/UCtNyr_GVyhiN7EhANsh1JEA,0,badcase,无标签无内容信号，和充电宝推广不构成有效匹配
9931,UCtOd72uNHMp6_QdZ9sVvi_Q,The Gadget Lab,https://cn.noxinfluencer.com/youtube/channel/UCtOd72uNHMp6_QdZ9sVvi_Q,0,badcase,无相关标签或内容，推广充电宝缺少受众证据
9932,UCtPEjp-i9-3BYVHBGEF22CQ,Aurzen Official,https://cn.noxinfluencer.com/youtube/channel/UCtPEjp-i9-3BYVHBGEF22CQ,0,badcase,无相关标签或内容，推广充电宝缺少受众证据
9933,UCtPJRr1oOo96X1oiY4bd3Jw,toktukpc,https://cn.noxinfluencer.com/youtube/channel/UCtPJRr1oOo96X1oiY4bd3Jw,0,badcase,无相关标签或内容，推广充电宝缺少受众证据
9934,UCtQ7FPa1HvIYYyqXP1mbn1g,Stephen Kurtzke,https://cn.noxinfluencer.com/youtube/channel/UCtQ7FPa1HvIYYyqXP1mbn1g,0,badcase,无相关标签或内容，推广充电宝缺少受众证据
9936,UCtQmMOG69oRkzfdHRGc4oxQ,VICTGOAL,https://cn.noxinfluencer.com/youtube/channel/UCtQmMOG69oRkzfdHRGc4oxQ,0,badcase,无标签、无相关视频，缺少充电宝推广相关证据
9937,UCtQqL4M5QQstJ0v2865IQuQ,McLarty Films,https://cn.noxinfluencer.com/youtube/channel/UCtQqL4M5QQstJ0v2865IQuQ,0,badcase,标签全是VR/娱乐/音乐，和充电宝推广无关
9938,UCtQycmSrKdJ0zE0bWumO4vA,Digital Asset Investor,https://cn.noxinfluencer.com/youtube/channel/UCtQycmSrKdJ0zE0bWumO4vA,-15,badcase,加密货币投资频道，与充电宝推广目标明显不符
9939,UCtRsUWSlnmATu1X-wORUTqA,Cincinnati Open,https://cn.noxinfluencer.com/youtube/channel/UCtRsUWSlnmATu1X-wORUTqA,0,badcase,体育网球频道与充电宝推广无明确相关，缺少购买或测评场景
9940,UCtSNkWk2cTFr598GZbX8ekw,Remis Gruver,https://cn.noxinfluencer.com/youtube/channel/UCtSNkWk2cTFr598GZbX8ekw,0,badcase,无标签、无相关视频、无近期内容证据支持充电宝推广
9941,UCtSmLYXmUoRtoodCy3PxA4w,Dara,https://cn.noxinfluencer.com/youtube/channel/UCtSmLYXmUoRtoodCy3PxA4w,0,badcase,无标签、无相关视频，缺乏推广相关性
9942,UCtTFTw7AxDniiGVkXl63Eqw,LTL repair girl,https://cn.noxinfluencer.com/youtube/channel/UCtTFTw7AxDniiGVkXl63Eqw,0,badcase,无标签、无相关视频，缺乏推广相关性
9943,UCtTOrGOr05G_kM_hQSKZIaA,TWICE Clips,https://cn.noxinfluencer.com/youtube/channel/UCtTOrGOr05G_kM_hQSKZIaA,0,badcase,音乐剪辑频道，和充电宝推广场景不匹配
9944,UCtUOtjwPsouEp7VoOERrFEQ,VinnyGyoza,https://cn.noxinfluencer.com/youtube/channel/UCtUOtjwPsouEp7VoOERrFEQ,0,badcase,无标签、无相关视频，缺乏推广相关性
9947,UCtXHxSNJnxbcMaKpaIma-2Q,Nasar Thavanur,https://cn.noxinfluencer.com/youtube/channel/UCtXHxSNJnxbcMaKpaIma-2Q,1,badcase,娱乐音乐频道，几乎无电源产品相关受众
9948,UCtXVG-OtVREbYA35bdF9DAg,PFO,https://cn.noxinfluencer.com/youtube/channel/UCtXVG-OtVREbYA35bdF9DAg,0,badcase,挖机设备内容，和充电宝推广场景不匹配
9950,UCtXqbYbAO7L6OHYFLpbFYng,Tamdan SuperTechno,https://cn.noxinfluencer.com/youtube/channel/UCtXqbYbAO7L6OHYFLpbFYng,0,badcase,无标签无内容证据，无法判断为相关频道
9952,UCtYxRQVgP7zo4rVPrUbtjfQ,Sokkia Revealer,https://cn.noxinfluencer.com/youtube/channel/UCtYxRQVgP7zo4rVPrUbtjfQ,-3,badcase,地域旅游生活频道，与移动电源推广无明确购买或测评场景
9954,UCt_6WR6pkouCm_Q48MSTimA,The Review Zone,https://cn.noxinfluencer.com/youtube/channel/UCt_6WR6pkouCm_Q48MSTimA,0,badcase,缺少任何可判断的相关标签或内容信号
9955,UCtb09HaOuWMW9A-xQssdRsQ,Tellingbeatzz,https://cn.noxinfluencer.com/youtube/channel/UCtb09HaOuWMW9A-xQssdRsQ,-15,badcase,音乐娱乐频道与充电宝产品推广场景明显不匹配
9956,UCtbCLysMUvoomH447mUkstw,YOUCANIC,https://cn.noxinfluencer.com/youtube/channel/UCtbCLysMUvoomH447mUkstw,0,badcase,汽车维修内容与便携充电宝推广缺少直接相关性
9957,UCtbF0JMmjKdXdh7kFaMisFQ,A Jack Out of the Box,https://cn.noxinfluencer.com/youtube/channel/UCtbF0JMmjKdXdh7kFaMisFQ,0,badcase,生活方式杂谈频道，和power bank推广关联很弱
9958,UCtbNXK5saM_GJM0wWmiFtFg,Long Term Reviews,https://cn.noxinfluencer.com/youtube/channel/UCtbNXK5saM_GJM0wWmiFtFg,0,badcase,无标签无内容线索，无法判断为充电宝相关频道
9959,UCtbS6c4Uq1fHlk_gD0TuFBQ,basspig,https://cn.noxinfluencer.com/youtube/channel/UCtbS6c4Uq1fHlk_gD0TuFBQ,0,badcase,科技娱乐混合频道，缺少充电宝测评或购买意图
9960,UCtbkymRCxreyNHb_ON2FCsQ,Rachael Ray Show,https://cn.noxinfluencer.com/youtube/channel/UCtbkymRCxreyNHb_ON2FCsQ,0,badcase,美食访谈类内容，与充电宝推广场景不匹配
9961,UCtc1_V7E5qEILheDkx7vQ0g,BuildEndure,https://cn.noxinfluencer.com/youtube/channel/UCtc1_V7E5qEILheDkx7vQ0g,0,badcase,无标签、无相关视频，几乎没有推广相关性
9962,UCtc5xfLxq2oBKvsc61wGCYQ,Mr_Bvrks,https://cn.noxinfluencer.com/youtube/channel/UCtc5xfLxq2oBKvsc61wGCYQ,-15,badcase,音乐娱乐频道，和充电宝推广场景不匹配
9963,UCtcOvbzvEME5xVTFPo4cBTQ,TheeProphet,https://cn.noxinfluencer.com/youtube/channel/UCtcOvbzvEME5xVTFPo4cBTQ,0,badcase,无标签、无相关视频，缺少可用相关性证据
9964,UCtcVxoRxwKbHV8uSFYheuKg,FlameZero Reviews,https://cn.noxinfluencer.com/youtube/channel/UCtcVxoRxwKbHV8uSFYheuKg,0,badcase,仅有“Reviews”字样但无内容证据，无法判断相关
9965,UCtd92aqmPD-jVDNL_9hUuZw,Feraj Travels,https://cn.noxinfluencer.com/youtube/channel/UCtd92aqmPD-jVDNL_9hUuZw,0,badcase,旅行频道，缺少充电宝产品推广相关信号
9968,UCtdbMdJn6dIGXgNFVBLSjiA,Moments with Mitch,https://cn.noxinfluencer.com/youtube/channel/UCtdbMdJn6dIGXgNFVBLSjiA,0,badcase,无标签、标题或近期内容证明与充电宝推广相关
9969,UCtf_xBled_Kelrqak0Ane4A,Gregory Ramey,https://cn.noxinfluencer.com/youtube/channel/UCtf_xBled_Kelrqak0Ane4A,0,badcase,无标签、标题或召回内容支持充电宝推广相关性
9970,UCtfjrriHxeKEm9uQ6krcubQ,В Америке,https://cn.noxinfluencer.com/youtube/channel/UCtfjrriHxeKEm9uQ6krcubQ,-3,badcase,生活移民频道，仅vehicle弱场景相关，无充电宝推广意图
9971,UCtg1S3ZpXhXEAxn57x8R_mQ,7 млн.просмотров,https://cn.noxinfluencer.com/youtube/channel/UCtg1S3ZpXhXEAxn57x8R_mQ,0,badcase,无标签、无内容信号，无法支撑充电宝推广
9972,UCth4uNlhcWW37Uh2IkDN2cQ,gh0xttherebel,https://cn.noxinfluencer.com/youtube/channel/UCth4uNlhcWW37Uh2IkDN2cQ,-10,badcase,娱乐和影视反应频道，和充电宝投放场景不匹配
9973,UCthAJeiDA_7iKyzYElbrgjg,NoodleNick,https://cn.noxinfluencer.com/youtube/channel/UCthAJeiDA_7iKyzYElbrgjg,-6,badcase,频道以游戏内容为主，与充电宝推广场景不匹配
9978,UCti-A4Z_gyJySh52r9jQJ-g,U-Know Podcast,https://cn.noxinfluencer.com/youtube/channel/UCti-A4Z_gyJySh52r9jQJ-g,0,badcase,无相关标签和内容，无法支持充电宝推广
9979,UCtj1K2MqbIyjdecFP7BN-uQ,Echo Impacts,https://cn.noxinfluencer.com/youtube/channel/UCtj1K2MqbIyjdecFP7BN-uQ,0,badcase,无相关标签和内容，无法支持充电宝推广
9980,UCtj6dQh02fDicXTw0SoaxaQ,Ulrich Merveil,https://cn.noxinfluencer.com/youtube/channel/UCtj6dQh02fDicXTw0SoaxaQ,0,badcase,无相关标签和内容，无法支持充电宝推广
9981,UCtjNb2iTrBYWlP19zJJHJ9A,Lucky Dawg Productions (Bob Pearce),https://cn.noxinfluencer.com/youtube/channel/UCtjNb2iTrBYWlP19zJJHJ9A,0,badcase,游戏/模拟车内容，与充电宝推广无明显消费场景
9983,UCtl4Jh6IomgfhU96G_8DsTw,Xmandre Dimples Family Friendly,https://cn.noxinfluencer.com/youtube/channel/UCtl4Jh6IomgfhU96G_8DsTw,0,badcase,家庭娱乐/武术表演向，和充电宝推广不匹配
9985,UCtlcNed9BOLelmVzESj5olQ,MAKE’N BUILDZ,https://cn.noxinfluencer.com/youtube/channel/UCtlcNed9BOLelmVzESj5olQ,0,badcase,无标签无内容，缺乏可判断的推广相关性
9986,UCtltTs7AtUHfeAJlWmkck2g,ORIGINAL,https://cn.noxinfluencer.com/youtube/channel/UCtltTs7AtUHfeAJlWmkck2g,-15,badcase,游戏娱乐频道，无充电宝或电子产品推广意图
9987,UCtm90r8KW9cvf5mffhe12Kw,Encreative Tips,https://cn.noxinfluencer.com/youtube/channel/UCtm90r8KW9cvf5mffhe12Kw,3,badcase,仅有生活技巧/DIY弱泛场景，缺少充电宝或电子产品推广语境
9989,UCtm_FaLwDQzZ85vxtgdAi1Q,Toxic Performance,https://cn.noxinfluencer.com/youtube/channel/UCtm_FaLwDQzZ85vxtgdAi1Q,0,badcase,汽车/赛车生活方式频道，缺少充电宝推广相关信号
9990,UCtnbN8PM6TAFSzFaa8AnnuQ,ESSCEE ASMR,https://cn.noxinfluencer.com/youtube/channel/UCtnbN8PM6TAFSzFaa8AnnuQ,-12,badcase,ASMR音频型内容，与硬件推广格式错配
9991,UCtnlnAKu64Oca5OPlOCZCXA,ChargePod Pro,https://cn.noxinfluencer.com/youtube/channel/UCtnlnAKu64Oca5OPlOCZCXA,0,badcase,缺少标签、相关视频和近期内容证据，无法判断适合充电宝推广
9992,UCtnneeClZ7xKrHAtClnF3Jw,s1mple,https://cn.noxinfluencer.com/youtube/channel/UCtnneeClZ7xKrHAtClnF3Jw,2,badcase,仅泛DIY/技巧标签，无充电宝或数码购买使用证据
9993,UCto7KBa8QxsYLQLnPnKTd0w,Reviews.org,https://cn.noxinfluencer.com/youtube/channel/UCto7KBa8QxsYLQLnPnKTd0w,-10,badcase,娱乐影视类频道，和移动电源投放场景不匹配
9994,UCtoXdSMoKhdVm6cMPmdZzqw,LooserPro,https://cn.noxinfluencer.com/youtube/channel/UCtoXdSMoKhdVm6cMPmdZzqw,0,badcase,无标签和内容信号，相关性不足
9996,UCtogGJ07HI1rWJauox192rQ,Sajib's Eyes,https://cn.noxinfluencer.com/youtube/channel/UCtogGJ07HI1rWJauox192rQ,-15,badcase,音乐娱乐号，与充电宝推广无直接受众或购买场景
9997,UCtq-EIlkQqx9tx01qEoK2HA,The Economic Reckoning,https://cn.noxinfluencer.com/youtube/channel/UCtq-EIlkQqx9tx01qEoK2HA,0,badcase,无标签、无标题、无近期内容，缺少充电宝推广相关性
9998,UCtqWnDjXLAeHabP6laIOMiA,Prefer and Pick,https://cn.noxinfluencer.com/youtube/channel/UCtqWnDjXLAeHabP6laIOMiA,0,badcase,无标签、无视频证据，无法支持充电宝推广相关性
9999,UCtsEvz-rnVZs7uOIGoR7gMA,The Frugal Homestead,https://cn.noxinfluencer.com/youtube/channel/UCtsEvz-rnVZs7uOIGoR7gMA,0,badcase,家居/生活方式频道，与充电宝推广缺少明确场景关联
10000,UCtstjWaca3TVfr5UEFsoxyw,LOLRush,https://cn.noxinfluencer.com/youtube/channel/UCtstjWaca3TVfr5UEFsoxyw,0,badcase,无标签、视频或近期内容证据支持充电宝推广相关性
