rank,channel_id,channel_name,channel_url,score,suggested_label,why_short
2,UC-b79wTDquaFDMHdVlMSZ4g,Forgotten History Files,https://cn.noxinfluencer.com/youtube/channel/UC-b79wTDquaFDMHdVlMSZ4g,0,badcase,无标签无内容，无法支撑咖啡机推广
17,UC2AUc-4_yMsFHLfPP9Ub8ZA,George Fan,https://cn.noxinfluencer.com/youtube/channel/UC2AUc-4_yMsFHLfPP9Ub8ZA,-10,badcase,无咖啡机相关标签，近期全是其他家电/数码评测，相关性弱
23,UC8Nr144OO16a0Vt8kTXGYsg,Billy Aiken,https://cn.noxinfluencer.com/youtube/channel/UC8Nr144OO16a0Vt8kTXGYsg,-10,badcase,无咖啡机相关标签，近期内容几乎全是无关泛品类
28,UCyx8oMDV6UUTj9DUQZmu_lw,Mind Over Mess,https://cn.noxinfluencer.com/youtube/channel/UCyx8oMDV6UUTj9DUQZmu_lw,-2,badcase,虽有咖啡机标签，但频道主体是ASMR清洁，格式不匹配
36,UC8p5jRXm-dACHhbsbzyI6aQ,New Gadgets USA,https://cn.noxinfluencer.com/youtube/channel/UC8p5jRXm-dACHhbsbzyI6aQ,-7,badcase,只有泛厨房器具标签，近期全是厨房收纳和小工具
38,UCpra2LkCtiSQ67ypU05lfbQ,Valentine Lewis,https://cn.noxinfluencer.com/youtube/channel/UCpra2LkCtiSQ67ypU05lfbQ,-9,badcase,偏家电测评但近期全是清洁园艺充电器，咖啡机不聚焦
39,UCh5jBjwAxQHB4-IZL4c5o3g,Video introduce the latest products,https://cn.noxinfluencer.com/youtube/channel/UCh5jBjwAxQHB4-IZL4c5o3g,-10,badcase,泛数码和家居新品号，近期主题与咖啡机几乎无关
41,UCgwtPKpRHv55720txpYi93Q,Target Engineer,https://cn.noxinfluencer.com/youtube/channel/UCgwtPKpRHv55720txpYi93Q,-10,badcase,近期几乎全是 Roblox 娱乐内容，和咖啡机推广不匹配
45,UC0bXm7SnF_ssc47s6Ab8Yhg,Jack Du,https://cn.noxinfluencer.com/youtube/channel/UC0bXm7SnF_ssc47s6Ab8Yhg,-25,badcase,工业包装产线内容为主，和家用咖啡机推广场景明显不匹配
47,UCQRwnN5O01LpT_gJ-ZKAz8g,Nealie Boschma,https://cn.noxinfluencer.com/youtube/channel/UCQRwnN5O01LpT_gJ-ZKAz8g,-6,badcase,生活方式号有咖啡场景，但缺少咖啡机或评测信号，近期也多不匹配
53,UCXB3Nt_Zk9c5Vp4EWSZPcLQ,ChillSnap,https://cn.noxinfluencer.com/youtube/channel/UCXB3Nt_Zk9c5Vp4EWSZPcLQ,-25,badcase,ASMR沉浸内容，与咖啡机推广格式不匹配
55,UCEx3_RBoQQ6HbsJl_EuAUOg,Purity Sin Gaming,https://cn.noxinfluencer.com/youtube/channel/UCEx3_RBoQQ6HbsJl_EuAUOg,-25,badcase,游戏娱乐频道，咖啡机内容只是标题噪音
56,UCOI0mmygUxwPp6WB7D35Ucg,Christina Nicci,https://cn.noxinfluencer.com/youtube/channel/UCOI0mmygUxwPp6WB7D35Ucg,-7,badcase,健康健身为主，咖啡机投放相关性弱
65,UCR-n-jxtKFYJGdC9OjlfaaA,ChrisGTXvideos,https://cn.noxinfluencer.com/youtube/channel/UCR-n-jxtKFYJGdC9OjlfaaA,-25,badcase,娱乐搞笑短视频，主题与咖啡机推广明显不匹配
66,UCDg2pH8s5AM-vMnwCVbeTbw,SoMuchTech,https://cn.noxinfluencer.com/youtube/channel/UCDg2pH8s5AM-vMnwCVbeTbw,-8,badcase,通用数码评测但无咖啡机强相关，近期视频多为其他品类
68,UCUma6mjYMjRHj9La8ye7mSA,Penglai Machines,https://cn.noxinfluencer.com/youtube/channel/UCUma6mjYMjRHj9La8ye7mSA,-25,badcase,工业包装机频道，和家用咖啡机推广场景明显不符
75,UCZSxI8-TUVinAgwFKDrmDDA,IFix Tech,https://cn.noxinfluencer.com/youtube/channel/UCZSxI8-TUVinAgwFKDrmDDA,-9,badcase,主打电脑手机维修，不是咖啡机评测或家电推广场景
76,UCH0kxOnpXGem-BjCHn_uS2Q,Dulce pink🐺,https://cn.noxinfluencer.com/youtube/channel/UCH0kxOnpXGem-BjCHn_uS2Q,-8,badcase,美妆生活号，只有少量咖啡机开箱，近期不够聚焦
77,UCDNCLa0ZpQtwxjpAU7H3j5g,Penglai Pack,https://cn.noxinfluencer.com/youtube/channel/UCDNCLa0ZpQtwxjpAU7H3j5g,-20,badcase,工业包装机械频道，与家用咖啡机投放场景不符
81,UC4jQTTrCVzesJFRiEUzKqGA,VILLAS CHANNEL VLOGS,https://cn.noxinfluencer.com/youtube/channel/UC4jQTTrCVzesJFRiEUzKqGA,-10,badcase,旅行摄影生活号，近10条几乎全无咖啡机相关内容
82,UClACkwySPPiNneu8pGT5mHA,Penglai Machine,https://cn.noxinfluencer.com/youtube/channel/UClACkwySPPiNneu8pGT5mHA,-20,badcase,工业灌装/包装机械号，和咖啡机推广场景明显不符
85,UC0-wGG4qZI6D2M7qwkyjGnA,Coffee and Tools,https://cn.noxinfluencer.com/youtube/channel/UC0-wGG4qZI6D2M7qwkyjGnA,-9,badcase,DIY工具频道，近况全是太阳能/车库项目，与咖啡机弱相关
88,UCF93kQGx2jXDxcGOkRyw8Eg,Natalie Minassian,https://cn.noxinfluencer.com/youtube/channel/UCF93kQGx2jXDxcGOkRyw8Eg,-9,badcase,咖啡/ASMR日常内容为主，偏声音氛围，不适合咖啡机推广
94,UCsZSA7frwa5Kc3eN2TexECQ,HYDRO DIPPING ARTIST,https://cn.noxinfluencer.com/youtube/channel/UCsZSA7frwa5Kc3eN2TexECQ,-10,badcase,纯手工转印/定制内容，与咖啡机推广场景不符
97,UC57haygBTuywPaaW7PRkGHQ,Karyna Cast,https://cn.noxinfluencer.com/youtube/channel/UC57haygBTuywPaaW7PRkGHQ,-10,badcase,母婴家庭向内容为主，和咖啡机推广不在同一受众与场景
98,UC3z1Viu8O8Wy7SW3uzzYnaw,"Ruian Huajing Machinery Co., Ltd.",https://cn.noxinfluencer.com/youtube/channel/UC3z1Viu8O8Wy7SW3uzzYnaw,-25,badcase,工厂机械号，主业是热成型和杯盖设备，和家用咖啡机明显错位
103,UCpH76SieU--EG2A11wxcq7g,He. Andrew,https://cn.noxinfluencer.com/youtube/channel/UCpH76SieU--EG2A11wxcq7g,-10,badcase,内容偏娱乐和杂题，近期与咖啡机推广关联弱
104,UCVZWQcViqH0hriQ_KmlHHZg,Girl's Toy Discovery,https://cn.noxinfluencer.com/youtube/channel/UCVZWQcViqH0hriQ_KmlHHZg,-25,badcase,儿童玩具ASMR/厨房玩具，和真实咖啡机推广不匹配
108,UCo4XjYB_mRONyQKah8jbjVw,Tracy,https://cn.noxinfluencer.com/youtube/channel/UCo4XjYB_mRONyQKah8jbjVw,-25,badcase,工业灌装包装设备号，与咖啡机消费推广场景不符
109,UCd0_hbkYNSsAvcqV-yOMPDw,HYDRO ART,https://cn.noxinfluencer.com/youtube/channel/UCd0_hbkYNSsAvcqV-yOMPDw,-10,badcase,水转印定制工艺频道，缺少咖啡机购买或测评场景
112,UCvRFyrlH65q4XenNOITKiIQ,Maomao Lee,https://cn.noxinfluencer.com/youtube/channel/UCvRFyrlH65q4XenNOITKiIQ,-10,badcase,工业食品机械制造频道，与咖啡机推广的消费场景不匹配
119,UC5SHxaWMY6SmLVgKYxykyTw,The Nutmeg Home,https://cn.noxinfluencer.com/youtube/channel/UC5SHxaWMY6SmLVgKYxykyTw,-5,badcase,偏家居装饰和Amazon好物，咖啡机相关度弱，近期内容不匹配
120,UCoaQvUmAUAsVFlSKHfz69PA,Caesar Critiques,https://cn.noxinfluencer.com/youtube/channel/UCoaQvUmAUAsVFlSKHfz69PA,-10,badcase,以玩具/家庭改造/泛产品评测为主，和咖啡机推广关联弱
121,UCS9VxgH-ZZvBb3LzEeH03Nw,Courageous Eater,https://cn.noxinfluencer.com/youtube/channel/UCS9VxgH-ZZvBb3LzEeH03Nw,-10,badcase,美食夜市内容，无咖啡机评测、选购或设备使用语境
124,UC4fKxGsQxSRZZjt7pHdSh9Q,Prime_find_plus,https://cn.noxinfluencer.com/youtube/channel/UC4fKxGsQxSRZZjt7pHdSh9Q,-9,badcase,仅泛亚马逊好物，近期无咖啡机/设备评测或购买意图内容
125,UCYYGRNOMvqzi3PahiBLDThQ,Taga Reviews,https://cn.noxinfluencer.com/youtube/channel/UCYYGRNOMvqzi3PahiBLDThQ,0,badcase,虽有家电/厨房标签，但近期主做户外生存装备，偏离咖啡机
126,UC-W2u7Y8i_6jmeTEtQqUqJQ,Stemon,https://cn.noxinfluencer.com/youtube/channel/UC-W2u7Y8i_6jmeTEtQqUqJQ,-25,badcase,工业粉体设备频道，和咖啡机推广场景明显不符
131,UCylwiADXKiC3fXsStn3mnHA,Helping Hermit,https://cn.noxinfluencer.com/youtube/channel/UCylwiADXKiC3fXsStn3mnHA,-8,badcase,仅泛电子维修弱相关，近期内容集中路由器/电视/电脑，非咖啡机推广场景
132,UCnmAspON_fPxVvJF5I4LiXg,PsyOn Gamer,https://cn.noxinfluencer.com/youtube/channel/UCnmAspON_fPxVvJF5I4LiXg,-25,badcase,恐怖游戏频道，题材与咖啡机促销明显不符
135,UCWEg4WytP0f_D7YgYawuqKA,The Buscemi Family,https://cn.noxinfluencer.com/youtube/channel/UCWEg4WytP0f_D7YgYawuqKA,-24,badcase,宠物与健身内容为主，近10条与咖啡机无关
138,UCe1BOLqwnextHEgShSIOnWw,Landpack Packing Filling Machine,https://cn.noxinfluencer.com/youtube/channel/UCe1BOLqwnextHEgShSIOnWw,-20,badcase,工业包装机频道与咖啡机消费场景不符，近期内容也完全偏题
142,UCF9GYL6WmYWvs58vdEMkSKg,2Cents,https://cn.noxinfluencer.com/youtube/channel/UCF9GYL6WmYWvs58vdEMkSKg,-10,badcase,近期内容杂乱且多为健康/生活小物，和咖啡机推广不匹配
145,UCS3Qom2rJ52yagOdMlUxD-w,Outdoor Gear Kit,https://cn.noxinfluencer.com/youtube/channel/UCS3Qom2rJ52yagOdMlUxD-w,-8,badcase,户外生存为主，只有泛评测信号，近10条都不贴咖啡机
148,UCil5vMUvD5L0XM5Qlou-3Dw,Zhongli Strpack,https://cn.noxinfluencer.com/youtube/channel/UCil5vMUvD5L0XM5Qlou-3Dw,-25,badcase,工业灌装设备号，和家用咖啡机场景完全不符
150,UCJ6chM9N0eCF4XV9QerfA1Q,The Repair Guy ASMR,https://cn.noxinfluencer.com/youtube/channel/UCJ6chM9N0eCF4XV9QerfA1Q,-12,badcase,ASMR拆修为主，虽有咖啡机维修但投放属性不合
152,UCTiOzfsqw6gtC8Yvag_bp8Q,Life With Holly Lifestyle,https://cn.noxinfluencer.com/youtube/channel/UCTiOzfsqw6gtC8Yvag_bp8Q,-9,badcase,偏桌搭数码生活方式，缺少咖啡机购买/测评语境，近期内容不匹配
153,UCifkdYQHGplGHn9RQYzj8MQ,SHANGHAI FUBO PACKAGING MACHINERY,https://cn.noxinfluencer.com/youtube/channel/UCifkdYQHGplGHn9RQYzj8MQ,-25,badcase,工业包装机械频道，与家用咖啡机推广场景明显不符
155,UCan-YDWrHGtmKRLiNa9dEYA,Rachael Tatman,https://cn.noxinfluencer.com/youtube/channel/UCan-YDWrHGtmKRLiNa9dEYA,-10,badcase,AI/NLP内容，和咖啡机推广几乎无关
158,UCJSQRKqIPeOk9omTm48CFSQ,Random Video,https://cn.noxinfluencer.com/youtube/channel/UCJSQRKqIPeOk9omTm48CFSQ,-25,badcase,音乐/音频娱乐号，内容格式与咖啡机投放明显不匹配
159,UCC-3cubP7yg6puXb4twsKDw,XUANHAI-MACHINE,https://cn.noxinfluencer.com/youtube/channel/UCC-3cubP7yg6puXb4twsKDw,-19,badcase,工业包装机频道，偏工厂设备，不适合家用咖啡机投放
162,UCg7pkqVlbn672Nz8Vei0y0A,L&L Family Vlogs,https://cn.noxinfluencer.com/youtube/channel/UCg7pkqVlbn672Nz8Vei0y0A,-7,badcase,仅有food弱相关，近10条多为娱乐/水果/自然声，咖啡机不匹配
164,UCS3ZWWayvQrHbaXlImQbHvQ,eyeshadowshopper,https://cn.noxinfluencer.com/youtube/channel/UCS3ZWWayvQrHbaXlImQbHvQ,-10,badcase,美妆房产健身为主，与咖啡机推广无关
165,UCPtVpwZeQNMDNtNRSNIQ76A,Emmarco Pro,https://cn.noxinfluencer.com/youtube/channel/UCPtVpwZeQNMDNtNRSNIQ76A,-8,badcase,仅有食物弱相关，近期多为晚餐短视频，无咖啡机推广意图
166,UCsvEnDHR9reosJlHsDgrTBA,American Kitchen Must Haves,https://cn.noxinfluencer.com/youtube/channel/UCsvEnDHR9reosJlHsDgrTBA,-9,badcase,厨房泛类，缺少咖啡机购买/评测信号，近期内容也不匹配
167,UCpKM0hMmmgcn3QXEdWli5Xg,Paradise Home,https://cn.noxinfluencer.com/youtube/channel/UCpKM0hMmmgcn3QXEdWli5Xg,-7,badcase,家电评测泛频道，虽有厨房品类但近期未见咖啡机内容
168,UCm2nzT3x2Nwj7sA-I-zkw6A,chris watson,https://cn.noxinfluencer.com/youtube/channel/UCm2nzT3x2Nwj7sA-I-zkw6A,-10,badcase,无标签且近期以清洁/睡眠/户外产品为主，和咖啡机不相关
173,UCNEcpxJSIDpPslX_At0pzdg,ZONESUN,https://cn.noxinfluencer.com/youtube/channel/UCNEcpxJSIDpPslX_At0pzdg,-25,badcase,工业包装灌装设备频道，与家用咖啡机投放明显不符
174,UCJSktAH5v9JBp3E3-2d3UmA,Honetop Machine,https://cn.noxinfluencer.com/youtube/channel/UCJSktAH5v9JBp3E3-2d3UmA,-25,badcase,工业包装机频道，主营灌装封装，不适合咖啡机投放
175,UC5mHFrDWk7k59-mNSk_JSPQ,Best Quality Reviews,https://cn.noxinfluencer.com/youtube/channel/UC5mHFrDWk7k59-mNSk_JSPQ,-10,badcase,通用评测频道但无咖啡机相关标签或内容，近热视频均不匹配
176,UCPD5YyJUeFDR89xhACq_QnQ,KiWAV.com,https://cn.noxinfluencer.com/youtube/channel/UCPD5YyJUeFDR89xhACq_QnQ,-20,badcase,摩托车配件频道，和咖啡机推广赛道明显不符
181,UCieRWoegEypfPPDj4NiqVcw,disposable paper making machines,https://cn.noxinfluencer.com/youtube/channel/UCieRWoegEypfPPDj4NiqVcw,-8,badcase,纸杯/纸板设备频道，非咖啡机推广场景，近期内容也不匹配
182,UCotjQd0hFEa36GyXqvOLBGQ,Laura 🫶🏻,https://cn.noxinfluencer.com/youtube/channel/UCotjQd0hFEa36GyXqvOLBGQ,-10,badcase,生活方式带货号，近期全是清洁/穿搭/礼物，和咖啡机无关
184,UCHS0hTD4x-w5sUHxNhi6xiw,Kyle Allen Music,https://cn.noxinfluencer.com/youtube/channel/UCHS0hTD4x-w5sUHxNhi6xiw,-25,badcase,音乐娱乐频道，受众与咖啡机推广明显不符
187,UCx-u87wpBgVpMnMriJyU1yQ,TopTech EN,https://cn.noxinfluencer.com/youtube/channel/UCx-u87wpBgVpMnMriJyU1yQ,-8,badcase,主内容是软件/服务评测，和咖啡机这类实体家电不匹配
188,UCAFedUxfrzIDELt2mtte_cA,ShuckaBuck,https://cn.noxinfluencer.com/youtube/channel/UCAFedUxfrzIDELt2mtte_cA,-25,badcase,POD电商号，和咖啡机推广人群完全不对口
192,UCJ6jgtmhjp4wujytM45Am0Q,J W,https://cn.noxinfluencer.com/youtube/channel/UCJ6jgtmhjp4wujytM45Am0Q,-9,badcase,仅有Coffee弱相关，近期以旅行日常为主，不适合咖啡机推广
194,UCC1MTuCniqidV2DIk04c-7Q,PinasTasty,https://cn.noxinfluencer.com/youtube/channel/UCC1MTuCniqidV2DIk04c-7Q,-6,badcase,美食泛内容，缺少咖啡机评测/购买意图，近10条均不相关
195,UCZhhPWqA_0IWr_SnUPIgL-g,Plastic Shredder Recycling Machines,https://cn.noxinfluencer.com/youtube/channel/UCZhhPWqA_0IWr_SnUPIgL-g,-25,badcase,工业塑料破碎机频道，受众和品类都与咖啡机完全不符
196,UCoiKyHSSXeKAHfeXP-0hpaA,Today's Tech Bytes,https://cn.noxinfluencer.com/youtube/channel/UCoiKyHSSXeKAHfeXP-0hpaA,-3,badcase,科技短视频频道，仅有便携咖啡器材单条弱相关，缺少咖啡机推广语境
199,UC4RlE6nMP_jqPjmISNBIspA,MK Packing Machinery,https://cn.noxinfluencer.com/youtube/channel/UC4RlE6nMP_jqPjmISNBIspA,-10,badcase,工业包装产线频道，受众是设备采购，不是家用咖啡机
206,UC3BsqTnY5Y4_wj-oLt0fnMA,BIZZ GUIDE,https://cn.noxinfluencer.com/youtube/channel/UC3BsqTnY5Y4_wj-oLt0fnMA,-10,badcase,近10条全是电力/建材展会内容，和咖啡机推广无关
208,UCq1XMIOHqhUjctda_yL0a8A,Life Lab,https://cn.noxinfluencer.com/youtube/channel/UCq1XMIOHqhUjctda_yL0a8A,-17,badcase,频道标签以大码模特时尚为主，虽近期有咖啡内容但推广匹配弱
209,UCoE6sekU-vuGxKnKi2kZidQ,Alena Michaelson,https://cn.noxinfluencer.com/youtube/channel/UCoE6sekU-vuGxKnKi2kZidQ,-20,badcase,娱乐音乐频道，近期内容全不相关，不适合咖啡机推广
211,UCtHPYmKePr5uFf93Nlm1NzQ,Nova Vending | Smart Vending Machine Innovations,https://cn.noxinfluencer.com/youtube/channel/UCtHPYmKePr5uFf93Nlm1NzQ,-9,badcase,卖货机内容为主，和咖啡机推广关联很弱
214,UCIZRf3ME71mY8RB-B0RvHJw,MQ’s World,https://cn.noxinfluencer.com/youtube/channel/UCIZRf3ME71mY8RB-B0RvHJw,0,badcase,泛食谱短视频号，缺少咖啡机推广语境
216,UCDGqNf14HSF9v8e-Qmp7VXA,Erin Lawrence,https://cn.noxinfluencer.com/youtube/channel/UCDGqNf14HSF9v8e-Qmp7VXA,-6,badcase,科技测评号，只有泛泛产品标签，近10条全是其他产品
217,UCGk_bIoLaGdWP04r3FQka0g,Big Deal HQ,https://cn.noxinfluencer.com/youtube/channel/UCGk_bIoLaGdWP04r3FQka0g,-8,badcase,家居用品榜单号，和咖啡机无关，近10条都在测别的品类
219,UCCVbqUL-PPkRDjiludphcgA,Gelgoog Pastry Processing Solutions,https://cn.noxinfluencer.com/youtube/channel/UCCVbqUL-PPkRDjiludphcgA,-8,badcase,工业食品包装设备号，家用咖啡机推广相关性弱
225,UCGuOL_eNOmQkqKMCL8iykew,Best Reviews,https://cn.noxinfluencer.com/youtube/channel/UCGuOL_eNOmQkqKMCL8iykew,-8,badcase,仅有泛化测评属性，近期内容与咖啡机基本无关
228,UCceM7Z-y5l78d4LN88Yysxw,Top 5 Best,https://cn.noxinfluencer.com/youtube/channel/UCceM7Z-y5l78d4LN88Yysxw,-10,badcase,无标签且近期全是其他品类清单，相关性弱
230,UCxwFXi56dZ4qHcHH3-8ApFA,RestEquipPro,https://cn.noxinfluencer.com/youtube/channel/UCxwFXi56dZ4qHcHH3-8ApFA,-10,badcase,餐饮设备号偏B2B，和家用咖啡机促销不匹配
232,UC9O8FKbbTMyiqpcGPHMWW-w,Vitaliy Sanravskiy,https://cn.noxinfluencer.com/youtube/channel/UC9O8FKbbTMyiqpcGPHMWW-w,-25,badcase,游戏直播/短视频为主，和咖啡机推广受众不符
235,UCSu6E-IoNdJpL7zcB0kMoQA,ZONESUN PACKAGING MACHINE,https://cn.noxinfluencer.com/youtube/channel/UCSu6E-IoNdJpL7zcB0kMoQA,-25,badcase,工业包装机械内容，偏生产线而非家用咖啡机
237,UCtM0UV6YmDaQ4XAfTLI9tNQ,Leeann Elisha,https://cn.noxinfluencer.com/youtube/channel/UCtM0UV6YmDaQ4XAfTLI9tNQ,0,badcase,家电泛类但与咖啡机/厨房器具关联弱
238,UCLW4oIrNwWITqcfQ0hk4sew,Home Care King,https://cn.noxinfluencer.com/youtube/channel/UCLW4oIrNwWITqcfQ0hk4sew,2,badcase,家居清洁评测为主，虽有厨房电器标签但近期内容偏清洁
239,UCDfX41sMJRIeG8kqAGTz6mg,BarChemistry,https://cn.noxinfluencer.com/youtube/channel/UCDfX41sMJRIeG8kqAGTz6mg,-25,badcase,鸡尾酒娱乐短视频，格式与咖啡机促销明显不符
241,UCgFwilOGp9I8HDSQROelxLw,10+ Years Manufacturer of Filling Packing Machines,https://cn.noxinfluencer.com/youtube/channel/UCgFwilOGp9I8HDSQROelxLw,-25,badcase,工业灌装包装机械，和咖啡机消费场景不符
243,UCR4cCrFX8D_K5IoYuGkeGVg,Miss Rena Maldita,https://cn.noxinfluencer.com/youtube/channel/UCR4cCrFX8D_K5IoYuGkeGVg,-25,badcase,ASMR短视频与咖啡机带货场景强冲突
247,UCHr5ZTUsNS_8ZywlbdLBbNA,NewSaier,https://cn.noxinfluencer.com/youtube/channel/UCHr5ZTUsNS_8ZywlbdLBbNA,-9,badcase,以果汁机和售卖机为主，咖啡机仅零星出现，相关性弱
249,UC86TD7GWJqrauBYJgIE3KvA,VJohnDIY,https://cn.noxinfluencer.com/youtube/channel/UC86TD7GWJqrauBYJgIE3KvA,-8,badcase,主体是家电维修，咖啡机仅零星出现，推广转化意图偏弱
251,UCOUlPJv3fRgRNMM2HvX2qMg,Bena Covame,https://cn.noxinfluencer.com/youtube/channel/UCOUlPJv3fRgRNMM2HvX2qMg,1,badcase,评测和厨房电器标签相关，但近10条几乎全是无关品类，咖啡机推广不合适
258,UCZRO59bvLILoUM-d5xglFvw,Your Game,https://cn.noxinfluencer.com/youtube/channel/UCZRO59bvLILoUM-d5xglFvw,-25,badcase,游戏剧情频道，近期内容全是恋爱/恐怖游戏，和咖啡机无关
259,UC0Ge98RukWA28p25gPnf-eA,Marketing Boost Solutions,https://cn.noxinfluencer.com/youtube/channel/UC0Ge98RukWA28p25gPnf-eA,-10,badcase,营销内容与咖啡机推广缺少产品和使用场景关联
262,UCVC5v_zLMy-A6iHVdTCmGBg,Tuấn Channel,https://cn.noxinfluencer.com/youtube/channel/UCVC5v_zLMy-A6iHVdTCmGBg,-24,badcase,咖啡主题但内容是浪漫文案/创意标题，不适合咖啡机推广
264,UCA_s7R1AIv2ibekU2ff0eOQ,DOMAINS SHOP,https://cn.noxinfluencer.com/youtube/channel/UCA_s7R1AIv2ibekU2ff0eOQ,-5,badcase,有 coffee machine 标签，但近期内容是域名售卖，推广场景不符
266,UC4ljJZp6Rly2OJakRtfB4AQ,Jilly Mucciarone,https://cn.noxinfluencer.com/youtube/channel/UC4ljJZp6Rly2OJakRtfB4AQ,-25,badcase,宠物美容号，内容面向犬类，与人用咖啡机推广无关
267,UC_tH0w071zxKAwnz0WZvEgQ,Shuliy Packing Machinery,https://cn.noxinfluencer.com/youtube/channel/UC_tH0w071zxKAwnz0WZvEgQ,-25,badcase,工业包装机械号，主题与咖啡机推广场景不匹配
268,UCxF9oimTIwcCD7gjPsvALQg,Best Pick,https://cn.noxinfluencer.com/youtube/channel/UCxF9oimTIwcCD7gjPsvALQg,-8,badcase,泛评测频道，近10条几乎都与咖啡机无关
272,UC9V-LA8C7BuTr3Aag-jo1VA,Kismile Official,https://cn.noxinfluencer.com/youtube/channel/UC9V-LA8C7BuTr3Aag-jo1VA,-7,badcase,主推制冰机和厨房小家电，咖啡机相关性偏弱
273,UCr6qCBA5p2yxIK5N63DrdCg,Product reviews by Ash,https://cn.noxinfluencer.com/youtube/channel/UCr6qCBA5p2yxIK5N63DrdCg,-9,badcase,仅厨房场景弱相关，近10条全是户外家居，和咖啡机推广不符
277,UC19oLzOK5ZflqKxNcN9XMDQ,Lena LIFEHACKER,https://cn.noxinfluencer.com/youtube/channel/UC19oLzOK5ZflqKxNcN9XMDQ,3,badcase,仅有泛生活/DIY弱相关，无咖啡机评测购买或设备内容证据
278,UCuBvI7FtVyWDbOm-6rFq8Vw,RIFU Machine,https://cn.noxinfluencer.com/youtube/channel/UCuBvI7FtVyWDbOm-6rFq8Vw,-25,badcase,工业灌装包装线，和咖啡机推广场景明显不符
282,UCQBDJOxoFi8cZHItAiyrLag,ReviewNest Daily,https://cn.noxinfluencer.com/youtube/channel/UCQBDJOxoFi8cZHItAiyrLag,-10,badcase,纯测评号，近期多为无关家电和健康设备
284,UCe_bbW7yBD63h8JzTjeEGAg,Ruby Whiska,https://cn.noxinfluencer.com/youtube/channel/UCe_bbW7yBD63h8JzTjeEGAg,-25,badcase,游戏恐怖直播频道，娱乐属性强，与咖啡机投放不相干
290,UC7g6zcNoYN-KydJX4B0UPCw,Chris Han (chrishanxoxo),https://cn.noxinfluencer.com/youtube/channel/UC7g6zcNoYN-KydJX4B0UPCw,-10,badcase,美妆穿搭为主，最近10条几乎都与咖啡机无关
291,UCi2nPWy6QtemrJQE8upEFHg,Tech Deals Review,https://cn.noxinfluencer.com/youtube/channel/UCi2nPWy6QtemrJQE8upEFHg,-10,badcase,工业包装/研磨设备为主，咖啡机关联弱，近10条多不匹配
292,UC418VvdezlrTIORPjTywswQ,Drip coffee & Tea bag packing machine Manufacturer,https://cn.noxinfluencer.com/youtube/channel/UC418VvdezlrTIORPjTywswQ,-10,badcase,以茶包/包装机械为主，和咖啡机推广场景不匹配
293,UCdRPwhmA55TwhqUZWf9YldA,Smart Kitchen Reviews,https://cn.noxinfluencer.com/youtube/channel/UCdRPwhmA55TwhqUZWf9YldA,-10,badcase,无咖啡机相关标签，近10条全是其他厨房内容。
296,UCzAPyZA3hAN6_eXlyYBxNHQ,Smart Consumers Review,https://cn.noxinfluencer.com/youtube/channel/UCzAPyZA3hAN6_eXlyYBxNHQ,-10,badcase,泛科技评测频道，近期内容与咖啡机基本无关。
304,UCYqV5jhThPlxIvxzs5iCNkg,10M Tech,https://cn.noxinfluencer.com/youtube/channel/UCYqV5jhThPlxIvxzs5iCNkg,-8,badcase,测评向泛科技频道，近期内容与咖啡机几乎无关
305,UCy3KEZcw8Q6ghIapYRIJ1Bw,Maddie Green,https://cn.noxinfluencer.com/youtube/channel/UCy3KEZcw8Q6ghIapYRIJ1Bw,-8,badcase,生活方式Vlog，只有零散咖啡话题，缺少咖啡机导购场景
306,UCaCBtG1yNHw4FJuxdUeHKRw,Saanvi Arts Show,https://cn.noxinfluencer.com/youtube/channel/UCaCBtG1yNHw4FJuxdUeHKRw,-25,badcase,儿童绘画频道，内容与咖啡机推广场景完全不匹配
307,UCiw97Iyd9CbAyr00D94v3tg,ABC Puzzle Kids,https://cn.noxinfluencer.com/youtube/channel/UCiw97Iyd9CbAyr00D94v3tg,-25,badcase,儿童玩具频道，受众与咖啡机推广目标明显不符
311,UCc-2P5tCezbxegb7gxp6EXg,HobbyFamilyTV,https://cn.noxinfluencer.com/youtube/channel/UCc-2P5tCezbxegb7gxp6EXg,-25,badcase,儿童游戏与玩具频道，近期内容全是游戏/玩具，不适合咖啡机推广
312,UCC9G3ePQGxvLtLH_9oHQ4mQ,ATOZ Care,https://cn.noxinfluencer.com/youtube/channel/UCC9G3ePQGxvLtLH_9oHQ4mQ,-10,badcase,标签偏汽车配件，但近期内容是水族/宠物用品，不适合咖啡机
314,UC8Mi7vT8rH_tlM0Jp4EATMg,Bestar Packaging Rachel,https://cn.noxinfluencer.com/youtube/channel/UC8Mi7vT8rH_tlM0Jp4EATMg,-25,badcase,包装机械工业频道，与咖啡机推广场景明显不符。
318,UCUGrlrvpZreJh8dXMtikyfA,MumblesVideos,https://cn.noxinfluencer.com/youtube/channel/UCUGrlrvpZreJh8dXMtikyfA,-10,badcase,宠物狗频道为主，咖啡机推广受众不匹配
320,UCUyfiAPZ0ueefvdavcq0k9Q,Randall Burg,https://cn.noxinfluencer.com/youtube/channel/UCUyfiAPZ0ueefvdavcq0k9Q,-25,badcase,航海钓鱼频道，近期内容全偏海上设备，与咖啡机推广明显不符
322,UC142CK1yK7U1cYXKv2yp2Kg,ReviewGeny,https://cn.noxinfluencer.com/youtube/channel/UC142CK1yK7U1cYXKv2yp2Kg,-9,badcase,以户外/亚马逊短评为主，近10条都不涉及咖啡机，相关性弱
323,UCSGxDskGl5jWJBn-1buUAsg,Click & Picks,https://cn.noxinfluencer.com/youtube/channel/UCSGxDskGl5jWJBn-1buUAsg,-10,badcase,频道内容集中在音频设备推荐，与咖啡机产品推广缺少直接相关
325,UCqh1HGaPselCYbqcYvXCL1A,Clever Goods 4 U,https://cn.noxinfluencer.com/youtube/channel/UCqh1HGaPselCYbqcYvXCL1A,-10,badcase,近10条均为其他产品推广，缺少咖啡机相关信号
327,UCuSj0AwIzrEgLkdMw4omzUQ,"Suzhou automation equipment technology co., LTD.",https://cn.noxinfluencer.com/youtube/channel/UCuSj0AwIzrEgLkdMw4omzUQ,-15,badcase,工业设备B2B内容，咖啡滤纸生产线不适合咖啡机推广
341,UC1CD3f0PrH2iYN65ZqN-CwA,FA Printing Machine Manufacturer Limited,https://cn.noxinfluencer.com/youtube/channel/UC1CD3f0PrH2iYN65ZqN-CwA,-25,badcase,工业印刷设备号，与家用咖啡机推广场景不符
342,UC19syw_O9tICDkb8jq4iTaw,FUBO PACKAGING MACHINERY,https://cn.noxinfluencer.com/youtube/channel/UC19syw_O9tICDkb8jq4iTaw,-25,badcase,包装机械号，主场景是咖啡包装而非咖啡机销售
344,UCF3TU0vPy1VXPDPW35i1XYA,According to Amber,https://cn.noxinfluencer.com/youtube/channel/UCF3TU0vPy1VXPDPW35i1XYA,-35,badcase,娱乐真人秀频道，近期内容全是剧集更新，无咖啡机相关或购买场景
346,UCx6iSU-mM2BSORJN1ny-XJg,Happy Farms La,https://cn.noxinfluencer.com/youtube/channel/UCx6iSU-mM2BSORJN1ny-XJg,-10,badcase,园艺/生活频道，近10条多为个人健康与园艺，缺咖啡机场景
347,UCW_Li2nfC-8NA82RMFFvGZA,SHANGHAI CHENGXIANG MACHINERY,https://cn.noxinfluencer.com/youtube/channel/UCW_Li2nfC-8NA82RMFFvGZA,-25,badcase,工业贴标灌装设备频道，和家用咖啡机推广场景不符
349,UC5BegTH9g90t9uKrO4t5Pcg,Ask About Food & Facts,https://cn.noxinfluencer.com/youtube/channel/UC5BegTH9g90t9uKrO4t5Pcg,-10,badcase,食品问答/厨房技巧频道，缺少咖啡机评测或购买场景
350,UCWkmtjqA89bwz3wNHT7YklQ,Recommend new products releases update all day,https://cn.noxinfluencer.com/youtube/channel/UCWkmtjqA89bwz3wNHT7YklQ,-8,badcase,泛数码新品频道，近10条全是耳机/园艺，与咖啡机推广无关
351,UCWvkgO5pE4uPdnXTso1IOkw,Temu Picks,https://cn.noxinfluencer.com/youtube/channel/UCWvkgO5pE4uPdnXTso1IOkw,-9,badcase,Temu家居软装导购为主，近10条几乎全是沙发套/装饰
352,UCglHNe1Qps5YPTm7I3JtWeQ,Alexander Zapata,https://cn.noxinfluencer.com/youtube/channel/UCglHNe1Qps5YPTm7I3JtWeQ,-21,badcase,咖啡ASMR内容占主导，偏饮品演示非咖啡机测评推广
353,UC4bELHz0YfXiWaMc39gmHqw,Jason Tong,https://cn.noxinfluencer.com/youtube/channel/UC4bELHz0YfXiWaMc39gmHqw,-25,badcase,工业包装贴标机器频道，受众与家用咖啡机推广明显不符
356,UCuhFdlMC0BjvffnEpejfR4w,Tuba's Cooking Studio,https://cn.noxinfluencer.com/youtube/channel/UCuhFdlMC0BjvffnEpejfR4w,-10,badcase,烹饪频道且近期多为故事/宗教短内容，无咖啡机推广语境
357,UCbtOXhtMNmwqrSrqVtFyOyw,Wlastmaks,https://cn.noxinfluencer.com/youtube/channel/UCbtOXhtMNmwqrSrqVtFyOyw,-25,badcase,移动设备教程频道，与咖啡机推广场景明显不匹配
361,UCf9aZ40tpKi_NNJgSKLnjqQ,MusicLab,https://cn.noxinfluencer.com/youtube/channel/UCf9aZ40tpKi_NNJgSKLnjqQ,-7,badcase,吉他评测为主，泛数码标签弱相关，但与咖啡机促销不匹配
366,UC0GhF05mfZjmSRLGqwlB2zQ,DIY Pinto,https://cn.noxinfluencer.com/youtube/channel/UC0GhF05mfZjmSRLGqwlB2zQ,-15,badcase,ASMR/清洁向为主，仅泛评测且近期多为不匹配内容，不适合咖啡机推广
368,UCnWcMrhSylVBYdpw3X8nwZw,Trending Hustle Pros,https://cn.noxinfluencer.com/youtube/channel/UCnWcMrhSylVBYdpw3X8nwZw,-10,badcase,泛产品测评频道但无咖啡机/咖啡设备证据，近10条均不匹配
371,UCnOV1NZ4F-KeZvTtHQKBvjw,DataMesh,https://cn.noxinfluencer.com/youtube/channel/UCnOV1NZ4F-KeZvTtHQKBvjw,-21,badcase,工业XR培训频道，咖啡机仅出现在演示标题，非推广内容
372,UCFhLbRGfQVd-bZizXV0iS9A,Savor with dmurph,https://cn.noxinfluencer.com/youtube/channel/UCFhLbRGfQVd-bZizXV0iS9A,-7,badcase,以烹饪/牛排为主，仅1条咖啡机评测，最近内容大多不匹配
378,UC_h-Jl4Zxb7p-sSBTxprs4Q,Maisy Leigh,https://cn.noxinfluencer.com/youtube/channel/UC_h-Jl4Zxb7p-sSBTxprs4Q,0,badcase,仅桌搭/效率/家居泛标签，缺少咖啡机购买或测评意图
380,UCivUdSx6e4mVKDZClCEjtgg,JYT Automation Equipment,https://cn.noxinfluencer.com/youtube/channel/UCivUdSx6e4mVKDZClCEjtgg,-10,badcase,工业包装设备频道，和咖啡机推广几乎无关
382,UCGy7EnfIC59wJNSSwt5nzdg,Pampered Chef,https://cn.noxinfluencer.com/youtube/channel/UCGy7EnfIC59wJNSSwt5nzdg,-7,badcase,厨房美食频道仅弱相关，近期内容无咖啡机或器具导购证据
383,UCssWN569GOTClTqHqMclWoA,Pinay Fit,https://cn.noxinfluencer.com/youtube/channel/UCssWN569GOTClTqHqMclWoA,-20,badcase,娱乐化短内容为主，和咖啡机促销不匹配
384,UCZcWE8-mEAPlPk1wQ0YIvfg,TheRykerDane,https://cn.noxinfluencer.com/youtube/channel/UCZcWE8-mEAPlPk1wQ0YIvfg,-10,badcase,DIY工具向频道，和厨房家电推广相关性弱
386,UCrdVKa_SOy_SaFx6zcyzaag,ZHONGBAIPACK,https://cn.noxinfluencer.com/youtube/channel/UCrdVKa_SOy_SaFx6zcyzaag,-20,badcase,工业包装机频道，和家用咖啡机推广场景明显不符
388,UC4SKExjF0N-3eAhWgJkYFvg,Kate_cleanhome,https://cn.noxinfluencer.com/youtube/channel/UC4SKExjF0N-3eAhWgJkYFvg,-21,badcase,ASMR清洁休闲型内容，偏氛围种草，不适合咖啡机投放
390,UC__Tu8lHDpThTB2EIpfbJ7Q,BLUETTI,https://cn.noxinfluencer.com/youtube/channel/UC__Tu8lHDpThTB2EIpfbJ7Q,-10,badcase,太阳能电站频道，近期内容与咖啡机推广完全不搭
391,UCkHS2Z1fL9pNkIe37rCl09A,NaturePaw,https://cn.noxinfluencer.com/youtube/channel/UCkHS2Z1fL9pNkIe37rCl09A,-20,badcase,野生动物娱乐内容，咖啡机带货场景不匹配
395,UC1MojJcfZlwDEVMpTDn4cgQ,xonotrix,https://cn.noxinfluencer.com/youtube/channel/UC1MojJcfZlwDEVMpTDn4cgQ,-10,badcase,近10条全不相关，频道仅泛兴趣，无咖啡机推广信号
398,UC1ZqTH4uwU_XV4CAfqufW0Q,Rachel Denise - Sticky Situations Co,https://cn.noxinfluencer.com/youtube/channel/UC1ZqTH4uwU_XV4CAfqufW0Q,-10,badcase,偏手作生活频道，近期内容和咖啡机推广不匹配
399,UCfegl3OG7LXlQS7-YL5Tvmg,Julk Zhang,https://cn.noxinfluencer.com/youtube/channel/UCfegl3OG7LXlQS7-YL5Tvmg,-25,badcase,工业包装/食品机械频道，和家用咖啡机购买场景不符
400,UCEZ-A8iGAaCIJ0zOmiDsToA,plastic bag making machine,https://cn.noxinfluencer.com/youtube/channel/UCEZ-A8iGAaCIJ0zOmiDsToA,-10,badcase,工业制袋设备频道，近期内容与咖啡机无关
404,UCT-7zfH-Nc4doj9zVZN39GA,Wow Stuff,https://cn.noxinfluencer.com/youtube/channel/UCT-7zfH-Nc4doj9zVZN39GA,-10,badcase,APK/游戏下载频道，内容形态与咖啡机推广完全不匹配
405,UCINvRX7koogBIYdFOvyTVhw,ForYouMini,https://cn.noxinfluencer.com/youtube/channel/UCINvRX7koogBIYdFOvyTVhw,-25,badcase,玩具ASMR为主，咖啡机推广格式严重不匹配
407,UCxLFD9VZ1SHLpCCWuAhX_DA,"Mila Clarke, MS, NBC-HWC | The Hangry Woman",https://cn.noxinfluencer.com/youtube/channel/UCxLFD9VZ1SHLpCCWuAhX_DA,-8,badcase,糖尿病饮食频道，缺少咖啡机评测或购买意图内容
410,UC28pLRWhwtbDvoHbzPNPmcQ,Romiter Machinery,https://cn.noxinfluencer.com/youtube/channel/UC28pLRWhwtbDvoHbzPNPmcQ,-8,badcase,工业食品机械频道，和咖啡机推广偏离明显
412,UCWkz_GCd5F_qKgq1TDoKn6Q,Hydraulic Tools,https://cn.noxinfluencer.com/youtube/channel/UCWkz_GCd5F_qKgq1TDoKn6Q,-9,badcase,救援工具频道，咖啡机受众不匹配
413,UCV18GT81oww3kiymsouOrDg,Smart-Packer No.1 Packaging Machines Factory,https://cn.noxinfluencer.com/youtube/channel/UCV18GT81oww3kiymsouOrDg,-9,badcase,包装设备工厂号，和咖啡机购买场景不匹配
415,UCRrmjb5SGHNGV9lU35D5ooA,Express Electronics,https://cn.noxinfluencer.com/youtube/channel/UCRrmjb5SGHNGV9lU35D5ooA,-7,badcase,泛电子测评频道，但近期无咖啡机/厨房电器内容，召回不匹配
421,UCnJ7oqQSnxBzmrHzgfb00BQ,Weibang Packaging Machines & Bottle Filling Line,https://cn.noxinfluencer.com/youtube/channel/UCnJ7oqQSnxBzmrHzgfb00BQ,-10,badcase,工业包装灌装内容，和家用咖啡机推广完全不符
423,UCBpzFKL1oQOnZVC7FvP9IEQ,"IVY / YAVORSKYY Gems, Travel & Knowledge",https://cn.noxinfluencer.com/youtube/channel/UCBpzFKL1oQOnZVC7FvP9IEQ,-10,badcase,珠宝宝石内容为主，和咖啡机推广场景不匹配
426,UCo4MnxuIXdEtUPAldHqTOSA,Hype Tech,https://cn.noxinfluencer.com/youtube/channel/UCo4MnxuIXdEtUPAldHqTOSA,-7,badcase,仅泛科技评测相关，近期全是相机电脑手机，无咖啡机/厨电证据
428,UC8c4Da1qe-sC0QwlcgdFzzA,First kiss Cafe,https://cn.noxinfluencer.com/youtube/channel/UC8c4Da1qe-sC0QwlcgdFzzA,-6,badcase,咖啡饮品和拉花内容为主，缺少咖啡机评测/购买意图
429,UCHVKmj85SrERW7LDX_3aEwA,thefurnituredr by lilly,https://cn.noxinfluencer.com/youtube/channel/UCHVKmj85SrERW7LDX_3aEwA,0,badcase,有测评/亚马逊属性，但近期10条全是家具翻新，和咖啡机偏离大
430,UC1BwhXnC5CMFi-RR3pk4FSw,Mercadez Michelle,https://cn.noxinfluencer.com/youtube/channel/UC1BwhXnC5CMFi-RR3pk4FSw,-7,badcase,仅泛生活/居家弱相关，近期内容无咖啡机或家电购买意图
431,UC4CFzoYpy0f7CigJ2FLQl7Q,Hai and Terrie,https://cn.noxinfluencer.com/youtube/channel/UC4CFzoYpy0f7CigJ2FLQl7Q,-6,badcase,仅有泛食品/生活弱相关，近期多为婚姻家庭内容，咖啡机推广证据不足
434,UC86J9-VY7r7IWXlLStIk2xQ,Flavored With Love,https://cn.noxinfluencer.com/youtube/channel/UC86J9-VY7r7IWXlLStIk2xQ,-8,badcase,偏家庭食谱和午餐盒内容，缺少咖啡机评测或购买意图
438,UCAtHsd-U2jyJBcbB2AwLpiw,Oksie K,https://cn.noxinfluencer.com/youtube/channel/UCAtHsd-U2jyJBcbB2AwLpiw,-10,badcase,以家庭生活/育儿为主，缺少家电评测与购买语境
440,UCEPdcVF44smqAqAaDezkqPA,AmandaDidArt,https://cn.noxinfluencer.com/youtube/channel/UCEPdcVF44smqAqAaDezkqPA,-25,badcase,艺术内容频道，与咖啡机推广无关，近10条基本不匹配
442,UCT2OYAQvuEJPMr1-2MeYXpw,Nick Gray,https://cn.noxinfluencer.com/youtube/channel/UCT2OYAQvuEJPMr1-2MeYXpw,-25,badcase,旅行娱乐频道，主题与咖啡机推广无关，近期内容不匹配
443,UCxemiZq0vDZknSjeV4UFyng,CBD machine,https://cn.noxinfluencer.com/youtube/channel/UCxemiZq0vDZknSjeV4UFyng,-25,badcase,工业贴标灌装频道，和家用咖啡机推广明显不符
445,UCltg1D_WXwT1KOH79Udg37w,Search Mastery,https://cn.noxinfluencer.com/youtube/channel/UCltg1D_WXwT1KOH79Udg37w,-25,badcase,游戏/Roblox教程频道，与咖啡机推广场景明显不匹配
447,UC9z6TW8Bnig39kuY_ai6B7Q,Matty Bowman,https://cn.noxinfluencer.com/youtube/channel/UC9z6TW8Bnig39kuY_ai6B7Q,-10,badcase,冰攀和房车内容为主，与咖啡机受众关联很弱
448,UCjDkmRxO5uROl0fpynPk98w,Brianna Fornes,https://cn.noxinfluencer.com/youtube/channel/UCjDkmRxO5uROl0fpynPk98w,-7,badcase,仅早晨日常弱场景相关，近期内容多为健身生活方式，缺少咖啡机推广意图
449,UCf-WSqgHDvuw1DhHHKLE3aA,jennybdoll,https://cn.noxinfluencer.com/youtube/channel/UCf-WSqgHDvuw1DhHHKLE3aA,-10,badcase,美妆手机评测为主，近期内容与咖啡机无关
450,UCxjfBURvVbQrMqYmGaW9uzA,Wolf Gadget,https://cn.noxinfluencer.com/youtube/channel/UCxjfBURvVbQrMqYmGaW9uzA,-25,badcase,汽车诊断工具频道，和咖啡机推广场景完全不符
451,UCPBjNk8xUxZ1b0tY6vzOIBw,Packaging Arts,https://cn.noxinfluencer.com/youtube/channel/UCPBjNk8xUxZ1b0tY6vzOIBw,-10,badcase,咖啡包装/灌装设备频道，不是咖啡机消费推广场景
453,UC2XXeb3ke55THvmIaXEYPnw,JustBrittanyNicole,https://cn.noxinfluencer.com/youtube/channel/UC2XXeb3ke55THvmIaXEYPnw,-8,badcase,家居生活vlog，只有home/house弱场景相关，近10条无咖啡机内容
458,UC7fjz4orxpYlrHvU1H4Kw2w,The Dynamic Family,https://cn.noxinfluencer.com/youtube/channel/UC7fjz4orxpYlrHvU1H4Kw2w,-20,badcase,Rube Goldberg娱乐向，和咖啡机产品推广用途明显不符
459,UCeQJBTN7JhQEKTrrA6SlKJg,Eastside Show SCP,https://cn.noxinfluencer.com/youtube/channel/UCeQJBTN7JhQEKTrrA6SlKJg,-25,badcase,SCP恐怖故事娱乐号，和咖啡机产品推广明显不匹配
460,UClwYuH7DJ8fP7G_kcudDQxw,Printing & Packaging Machinery,https://cn.noxinfluencer.com/youtube/channel/UClwYuH7DJ8fP7G_kcudDQxw,-10,badcase,工业包装机械频道，近10条都是纸袋/印刷设备，和咖啡机推广不相干
463,UCsnvOo6bEI-iHHzobtyBZWw,Tony USmachines,https://cn.noxinfluencer.com/youtube/channel/UCsnvOo6bEI-iHHzobtyBZWw,-25,badcase,工业包装机械频道，与咖啡机推广受众和场景不符，近期内容也全是设备包装线。
475,UC0L1QGMVrapUOGU41xkJuyA,green dragonfly,https://cn.noxinfluencer.com/youtube/channel/UC0L1QGMVrapUOGU41xkJuyA,-23,badcase,厨房/食谱标签但近期全是海浪白噪音睡眠内容，和咖啡机促销格式严重不符
477,UCoEHznu6FbrhleVGe0sAP5g,Morgan Green,https://cn.noxinfluencer.com/youtube/channel/UCoEHznu6FbrhleVGe0sAP5g,-10,badcase,健身生活类频道，近期内容全无咖啡机相关购买或使用场景
481,UCdYW9hAzY8ninEGZDzXk9rg,What's that,https://cn.noxinfluencer.com/youtube/channel/UCdYW9hAzY8ninEGZDzXk9rg,-25,badcase,剧情/AI短视频，非产品推广场景
483,UCBXUcUYOry60FbrC52gvYHw,Your Home,https://cn.noxinfluencer.com/youtube/channel/UCBXUcUYOry60FbrC52gvYHw,-8,badcase,偏搅拌机评测，和咖啡机仅同属小家电
485,UCqMMUDlE3iHVT05Ye8B-y7w,Outlaw CRS,https://cn.noxinfluencer.com/youtube/channel/UCqMMUDlE3iHVT05Ye8B-y7w,-7,badcase,技术/安装类频道，近期内容与咖啡机无关，相关性偏低
486,UCIKrNxbQuhiSrCGH-lF8-Bw,Deep Mindset,https://cn.noxinfluencer.com/youtube/channel/UCIKrNxbQuhiSrCGH-lF8-Bw,-20,badcase,动物娱乐为主，虽有产品评测标签，但与咖啡机推广场景明显不符
487,UC-HmDI5oS2yaS144seK8Srg,ELDEST Builds,https://cn.noxinfluencer.com/youtube/channel/UC-HmDI5oS2yaS144seK8Srg,-10,badcase,频道内容全是汽车维修/DIY，与咖啡机推广无关
488,UCRFjDNY2OI1fN4xl-ei5Igg,Yarnover,https://cn.noxinfluencer.com/youtube/channel/UCRFjDNY2OI1fN4xl-ei5Igg,-10,badcase,频道内容集中在编织/手工，最近10条全不相关，适合度很低
492,UCL_Y-7dbK_P5AOddkV0CPgA,DDGLADIVA,https://cn.noxinfluencer.com/youtube/channel/UCL_Y-7dbK_P5AOddkV0CPgA,-10,badcase,时尚香氛与豪华开箱，咖啡机推广相关度低，近期内容也不匹配
493,UC6OwWfpp8qHf1rfnOXKfxBw,TheRubber,https://cn.noxinfluencer.com/youtube/channel/UC6OwWfpp8qHf1rfnOXKfxBw,-25,badcase,SCP动画故事娱乐号，叙事内容与咖啡机带货场景强不匹配
495,UCHM6NIF0WxOp6kB2OSgA9tQ,Kitty Cotten,https://cn.noxinfluencer.com/youtube/channel/UCHM6NIF0WxOp6kB2OSgA9tQ,-8,badcase,仅有家居生活弱相关，近期内容偏编织穿搭家装，无咖啡机推广意图
497,UCIumc2zTVWao3kSGTMwRCTw,Amakers Pro,https://cn.noxinfluencer.com/youtube/channel/UCIumc2zTVWao3kSGTMwRCTw,-10,badcase,标签多为泛类，近期内容以车品/理发/美妆为主，与咖啡机推广不匹配
2252,UCCzsFZB4k9f0YIIGO92HRvg,DIY tractor,https://cn.noxinfluencer.com/youtube/channel/UCCzsFZB4k9f0YIIGO92HRvg,-10,badcase,农机DIY内容为主，与咖啡机推广几乎无关
2253,UCD3tQvUsama7aB_YPHASXqg,Steel Pile,https://cn.noxinfluencer.com/youtube/channel/UCD3tQvUsama7aB_YPHASXqg,-9,badcase,杂项内容为主，仅1条咖啡制作，推广相关性弱
2256,UCD5W2_87Iv6Hj-d157GbtCw,ethio tube 🇪🇹,https://cn.noxinfluencer.com/youtube/channel/UCD5W2_87Iv6Hj-d157GbtCw,-10,badcase,婚礼/宗教/生活内容，与咖啡机推广无关
2258,UCD8JNFNZ0Q2i25OIC8igxtA,Bluefat,https://cn.noxinfluencer.com/youtube/channel/UCD8JNFNZ0Q2i25OIC8igxtA,-10,badcase,近期全是游戏内容，与咖啡机推广无关
2261,UCD9xtfWMhQh2aaslQvsi7YA,Zanity,https://cn.noxinfluencer.com/youtube/channel/UCD9xtfWMhQh2aaslQvsi7YA,-10,badcase,恐怖游戏频道，娱乐向强，完全不适合咖啡机推广
2262,UCDBQ2xTAcARKFofVnLx6D_A,Tellico Village Network,https://cn.noxinfluencer.com/youtube/channel/UCDBQ2xTAcARKFofVnLx6D_A,-10,badcase,社区信息频道，缺少家电/购买意图，近10条均不相关
2263,UCDBRkd8deH-Vk1nWQKWJ72w,Captain Discovery,https://cn.noxinfluencer.com/youtube/channel/UCDBRkd8deH-Vk1nWQKWJ72w,-9,badcase,工厂科普/食物制造频道，只有弱餐饮场景，缺少咖啡机推广意图
2264,UCDCjhcw5gack4Wfc7OHbo4Q,Faction Motorsports,https://cn.noxinfluencer.com/youtube/channel/UCDCjhcw5gack4Wfc7OHbo4Q,-25,badcase,汽车改装/漂移频道，受众与咖啡机投放不匹配
2265,UCDD7GP95AeY4M5PrnLl2_kQ,Modern DIY Projects,https://cn.noxinfluencer.com/youtube/channel/UCDD7GP95AeY4M5PrnLl2_kQ,-10,badcase,以 Harbor Freight 工具优惠和评测为主，与咖啡机推广无关，近10条全不匹配
2266,UCDE-Y84yXGb_CCfT2AIA8eg,Historical Figures,https://cn.noxinfluencer.com/youtube/channel/UCDE-Y84yXGb_CCfT2AIA8eg,-10,badcase,历史科普频道，和咖啡机无关，近期内容也几乎全不匹配
2267,UCDFK_rKGUWDDq1beOmFmyQA,Tiny Tae’s shenanigans,https://cn.noxinfluencer.com/youtube/channel/UCDFK_rKGUWDDq1beOmFmyQA,-5,badcase,有 coffee/nespresso 相关线索，但偏咖啡生活方式，近10条多为美食和日常
2268,UCDFNcscRTkbvpmwYnvnT56Q,Gamocology,https://cn.noxinfluencer.com/youtube/channel/UCDFNcscRTkbvpmwYnvnT56Q,-10,badcase,AI 足球短视频频道，和咖啡机完全无关，近期内容全部不匹配
2269,UCDFau6z4QowCThB-dkd-KXQ,Joe Allen Carnivore,https://cn.noxinfluencer.com/youtube/channel/UCDFau6z4QowCThB-dkd-KXQ,-10,badcase,以哲学/养生类话题为主，与咖啡机推广无关，近期内容也不匹配
2270,UCDGIhno0AhtqF1DfMm-8a1A,Sustainability Matters,https://cn.noxinfluencer.com/youtube/channel/UCDGIhno0AhtqF1DfMm-8a1A,-10,badcase,以环保回收为主，近期内容与咖啡机推广无关
2271,UCDH7KUlHmUWpkwqXPbmEbXQ,Best Tech Hi-Fi,https://cn.noxinfluencer.com/youtube/channel/UCDH7KUlHmUWpkwqXPbmEbXQ,-25,badcase,高保真音频频道，和咖啡机推广完全不匹配
2273,UCDIiIpLe7EUQI2Qj7xzni1A,Iridium242,https://cn.noxinfluencer.com/youtube/channel/UCDIiIpLe7EUQI2Qj7xzni1A,-10,badcase,生存预警频道偏户外应急，和咖啡机推广关联弱
2274,UCDKnjVTl1KHc-UtYYPxkePA,Cozy with Raven,https://cn.noxinfluencer.com/youtube/channel/UCDKnjVTl1KHc-UtYYPxkePA,-8,badcase,生活手作vlog为主，无咖啡机评测或购买意图，近作基本不匹配
2275,UCDLaEsZWTnM6Jz6RUJZeAXg,Vịt Xinh Crafts,https://cn.noxinfluencer.com/youtube/channel/UCDLaEsZWTnM6Jz6RUJZeAXg,-10,badcase,手工教程频道，近期内容全是DIY制作，与咖啡机推广无关
2276,UCDLaO4pacpiHLmDUWGrWQ4w,Blokkzy,https://cn.noxinfluencer.com/youtube/channel/UCDLaO4pacpiHLmDUWGrWQ4w,-10,badcase,游戏建造频道，无咖啡机购买或测评语境
2277,UCDOG5Q7X2gBPy8GcSi3WDfQ,ParlorJones,https://cn.noxinfluencer.com/youtube/channel/UCDOG5Q7X2gBPy8GcSi3WDfQ,-9,badcase,新闻政治频道，仅有泛生活标签，缺少咖啡机推广场景
2278,UCDRpHQCOgKRnofVIyyi0x5g,ZinxterPlays,https://cn.noxinfluencer.com/youtube/channel/UCDRpHQCOgKRnofVIyyi0x5g,-10,badcase,纯游戏无评论频道，和咖啡机产品推广场景不匹配
2279,UCDSqIAZAbSoDJtNJywMhVIA,Zen Remastering,https://cn.noxinfluencer.com/youtube/channel/UCDSqIAZAbSoDJtNJywMhVIA,-25,badcase,白噪音助眠频道属格式错配，不适合咖啡机产品推广
2282,UCDUCbTYUrB-C2wg_a5XGj7Q,ashmurad,https://cn.noxinfluencer.com/youtube/channel/UCDUCbTYUrB-C2wg_a5XGj7Q,-22,badcase,ASMR/静音放松为主，近期内容也与咖啡机无关，明显不适合推广
2285,UCDY1GgBdmBKXT0fWIUzo_ew,Impressive Narratives,https://cn.noxinfluencer.com/youtube/channel/UCDY1GgBdmBKXT0fWIUzo_ew,-25,badcase,短剧叙事频道，近期全是剧情故事，咖啡机字样也不具产品推广语境
2286,UCDYFYolZUJyXFUGGrOKe_nw,CHEF ARSENE,https://cn.noxinfluencer.com/youtube/channel/UCDYFYolZUJyXFUGGrOKe_nw,-8,badcase,仅有泛食品生活方式弱相关，近期内容集中果昔排毒，缺少咖啡机推广意图
2287,UCDaLczeoTfY8PGOcTx12GCA,Craftsman Shorts,https://cn.noxinfluencer.com/youtube/channel/UCDaLczeoTfY8PGOcTx12GCA,-5,badcase,机械手工杂项频道，无咖啡机评测或购买场景，近期内容分散
2289,UCDbV7Sy8rs4OIoMJ0oM6H9w,Ballistic,https://cn.noxinfluencer.com/youtube/channel/UCDbV7Sy8rs4OIoMJ0oM6H9w,-10,badcase,近期内容几乎全是无关杂项和游戏碎片，没有咖啡机推广相关信号
2290,UCDcOBRca_oYlxJJk5hzMFqw,Sebastian Saucedo,https://cn.noxinfluencer.com/youtube/channel/UCDcOBRca_oYlxJJk5hzMFqw,-10,badcase,足球垂直频道，和咖啡机推广几乎无关，近期内容高度偏离
2293,UCDfoq5esp0arYw0k8z-AvTg,Wandering Yooper,https://cn.noxinfluencer.com/youtube/channel/UCDfoq5esp0arYw0k8z-AvTg,-10,badcase,户外钓鱼频道，和咖啡机这类家电推广场景不匹配
2294,UCDfvsHaAnJYyHONiBiYeVtQ,FanTop Audio,https://cn.noxinfluencer.com/youtube/channel/UCDfvsHaAnJYyHONiBiYeVtQ,-25,badcase,音频故事型频道，属于物理产品推广的格式不匹配
2295,UCDgFGnLK5xZjYDfTd64SfrA,Google Googl,https://cn.noxinfluencer.com/youtube/channel/UCDgFGnLK5xZjYDfTd64SfrA,-10,badcase,无咖啡机相关标签，近10条内容多为宠物/生活技巧，推广相关性弱
2296,UCDhPj68HS7b22YmTsJLi07Q,Misfit Family Network,https://cn.noxinfluencer.com/youtube/channel/UCDhPj68HS7b22YmTsJLi07Q,-8,badcase,以餐厅/乐园体验为主，和咖啡机推广关联很弱
2297,UCDhemapRS4OfAfzTn5kYuvA,Cat-titude Co.,https://cn.noxinfluencer.com/youtube/channel/UCDhemapRS4OfAfzTn5kYuvA,-25,badcase,猫类娱乐频道，和咖啡机推广无关，近10条也全不匹配
2299,UCDigG7fVqSx_aq2oKtcceZQ,Legion Tacticool Cutlery,https://cn.noxinfluencer.com/youtube/channel/UCDigG7fVqSx_aq2oKtcceZQ,-10,badcase,频道内容全是刀具/EDC，与咖啡机推广无关，近10条均不匹配
2300,UCDjS6fcADNqUh72fEriHqbQ,"Guangzhou Jiuhong Printing Machinery Co.,Ltd.",https://cn.noxinfluencer.com/youtube/channel/UCDjS6fcADNqUh72fEriHqbQ,-10,badcase,工业印刷设备频道，与咖啡机推广无关，近10期内容全不匹配
2301,UCDmLX6F_IP-QOCTcM2b8eJw,Motorcycle Monkey,https://cn.noxinfluencer.com/youtube/channel/UCDmLX6F_IP-QOCTcM2b8eJw,-25,badcase,摩托车受众与咖啡机不匹配，近10期均为摩托内容
2302,UCDo0dhw_TJ8xWMj8FSap4cg,Claudette's Charms,https://cn.noxinfluencer.com/youtube/channel/UCDo0dhw_TJ8xWMj8FSap4cg,-10,badcase,手工编织频道，内容主题与咖啡机推广无关
2304,UCDqiQgmjHsHES8-Ot4dbfkw,Big Daddy’s & Mama’s Reviews,https://cn.noxinfluencer.com/youtube/channel/UCDqiQgmjHsHES8-Ot4dbfkw,-4,badcase,泛评测频道但无咖啡机/咖啡设备证据，近期多为玩具数码杂项
2307,UCDwdDKYq0kcEAlziX5EEP3g,미국 로드트립,https://cn.noxinfluencer.com/youtube/channel/UCDwdDKYq0kcEAlziX5EEP3g,-10,badcase,旅行露营频道，和咖啡机购买推广场景不匹配
2310,UCDz9O83yeqmYzVwc9IVTAUw,INERDYA,https://cn.noxinfluencer.com/youtube/channel/UCDz9O83yeqmYzVwc9IVTAUw,-7,badcase,食物/早餐生活号，缺少咖啡机购买或测评意图，近10条几乎全不匹配
2311,UCE-oAGdOJbSmgD4vF0lezIg,Travel And Tour World,https://cn.noxinfluencer.com/youtube/channel/UCE-oAGdOJbSmgD4vF0lezIg,-10,badcase,旅游资讯号，只有咖啡品牌标题，缺少咖啡机推广场景，近10条全不匹配
2312,UCE1Bf98mJrY2lKtLT5fx4lQ,Dolma’s World,https://cn.noxinfluencer.com/youtube/channel/UCE1Bf98mJrY2lKtLT5fx4lQ,-25,badcase,ASMR咀嚼吃播，属于强格式错配，不适合咖啡机推广
2314,UCE3hh5F4DA3PnCw_UnVIIFg,Walk Ride Fly,https://cn.noxinfluencer.com/youtube/channel/UCE3hh5F4DA3PnCw_UnVIIFg,-10,badcase,旅行vlog为主，夹杂雨声ASMR，缺少咖啡机购买或测评意图
2316,UCE52HbnvL6Np_gq-au7-_Aw,Rebekah,https://cn.noxinfluencer.com/youtube/channel/UCE52HbnvL6Np_gq-au7-_Aw,-10,badcase,泛家电评测号，但近10条全是其他设备，和咖啡机缺少直接相关
2317,UCE6sNeSUFK0RwWoc9F76uEw,Bollywood Gems 💎,https://cn.noxinfluencer.com/youtube/channel/UCE6sNeSUFK0RwWoc9F76uEw,-10,badcase,综合家电评测号，最近10条与咖啡机无关，相关信号不足
2318,UCE6vM1xnFAKAllR6GhxbfdQ,Hime,https://cn.noxinfluencer.com/youtube/channel/UCE6vM1xnFAKAllR6GhxbfdQ,-10,badcase,吃播娱乐号，核心受众不偏咖啡机，近10条也无购买/测评语境
2319,UCE96uaR1W4xlxyhSYnI0NVQ,AllThingsNeme,https://cn.noxinfluencer.com/youtube/channel/UCE96uaR1W4xlxyhSYnI0NVQ,-22,badcase,ASMR美食/家居整理向，属于物理产品推广的格式错配
2321,UCEDEun7sRJuqQSyQAJ8_gyQ,Cat Tales Luminos,https://cn.noxinfluencer.com/youtube/channel/UCEDEun7sRJuqQSyQAJ8_gyQ,-25,badcase,宠物猫短视频频道，与人用咖啡机推广明显不相关
2323,UCEDTpdNBRqrP5jlh_woc0wg,Jeff Swayzee,https://cn.noxinfluencer.com/youtube/channel/UCEDTpdNBRqrP5jlh_woc0wg,-9,badcase,宗教内容为主，虽有一条咖啡机维修视频但整体不适合推广
2324,UCEEBaIgpK6qimlCLavI7XxQ,Samantha Nicole,https://cn.noxinfluencer.com/youtube/channel/UCEEBaIgpK6qimlCLavI7XxQ,-10,badcase,美妆生活方式频道，和咖啡机推广缺少有效相关性
2325,UCEEN_B1ohEg71aYrfhS6Zew,PandE's Shop,https://cn.noxinfluencer.com/youtube/channel/UCEEN_B1ohEg71aYrfhS6Zew,-10,badcase,近10条几乎全是无关商品，和咖啡机推广不匹配
2328,UCELbUGyJTDTx4zw97PsTfFA,alyssa fouts,https://cn.noxinfluencer.com/youtube/channel/UCELbUGyJTDTx4zw97PsTfFA,-15,badcase,频道以时尚生活vlog为主，和咖啡机推广缺少购买/测评场景
2331,UCEOZBDMb8Pv_kYL74vWJcfg,The BelaTexan,https://cn.noxinfluencer.com/youtube/channel/UCEOZBDMb8Pv_kYL74vWJcfg,-9,badcase,无咖啡机或咖啡设备信号，近期多为生活杂记内容。
2333,UCEP78fa8psaWGvQMP4APtMA,The French Glow,https://cn.noxinfluencer.com/youtube/channel/UCEP78fa8psaWGvQMP4APtMA,-10,badcase,频道以扫地机和数码测评为主，和咖啡机推广缺少直接使用场景
2334,UCEP9a3UgwH5PzwlKmosfliw,Abi Energy 22,https://cn.noxinfluencer.com/youtube/channel/UCEP9a3UgwH5PzwlKmosfliw,-10,badcase,健康养生与补剂内容为主，和咖啡机购买或使用推广几乎无关
2335,UCEPC74wfSgcaCH3eVr-S9pg,Dreadworld Sci-Fi,https://cn.noxinfluencer.com/youtube/channel/UCEPC74wfSgcaCH3eVr-S9pg,-25,badcase,纯科幻故事频道，和咖啡机购买/评测场景不匹配
2336,UCETYR3OW2PvtfZDZs4fTDmQ,Unplanned Entertainment,https://cn.noxinfluencer.com/youtube/channel/UCETYR3OW2PvtfZDZs4fTDmQ,-24,badcase,娱乐动画频道，只有咖啡词，无咖啡机导购意图
2337,UCETl9wWmCkpHQDjNP4Udzvg,Tech boss,https://cn.noxinfluencer.com/youtube/channel/UCETl9wWmCkpHQDjNP4Udzvg,-3,badcase,泛科技小商品短视频，无咖啡机评测/购买意图，近期内容不匹配
2338,UCETnYn9DqN4PhGAvutq_yWw,Gadgets HD,https://cn.noxinfluencer.com/youtube/channel/UCETnYn9DqN4PhGAvutq_yWw,-10,badcase,近10期均为其他家电/数码评测，无咖啡机相关内容，相关性弱
2339,UCEUoB8FJdHTZYfzp_bNbMGA,SCI-FI HFY LEGENDS,https://cn.noxinfluencer.com/youtube/channel/UCEUoB8FJdHTZYfzp_bNbMGA,-25,badcase,科幻战争故事频道，完全偏离咖啡机推广受众
2340,UCEVEMvP3i4hlx__BOqJb0uw,Monty Dimes,https://cn.noxinfluencer.com/youtube/channel/UCEVEMvP3i4hlx__BOqJb0uw,-35,badcase,喜剧短剧频道，最近10条都偏娱乐，和咖啡机推广不匹配
2342,UCEYfCdeBONUYGsUsZNgC0rQ,charley mcanally,https://cn.noxinfluencer.com/youtube/channel/UCEYfCdeBONUYGsUsZNgC0rQ,-35,badcase,纯喜剧短剧内容，近期都在做娱乐梗，不适合咖啡机推广
2344,UCEZvVbscWLAm15BpM6ESZzw,HH,https://cn.noxinfluencer.com/youtube/channel/UCEZvVbscWLAm15BpM6ESZzw,-20,badcase,库存素材/4K片段为主，咖啡机只是素材标题，不适合推广
2345,UCE_rmCbwMaG6fBnIzaD5N-w,Ella Relax,https://cn.noxinfluencer.com/youtube/channel/UCE_rmCbwMaG6fBnIzaD5N-w,-10,badcase,园艺花卉为主，缺少咖啡机或家用厨房场景
2346,UCEap8hfML3nXaMMI1KjgMNQ,AK Two The Screwball Hater,https://cn.noxinfluencer.com/youtube/channel/UCEap8hfML3nXaMMI1KjgMNQ,-25,badcase,娱乐游戏内容为主，与咖啡机推广场景不符
2347,UCEaxS026ieLoiP_6sm9sB9w,This Channel Is Retired,https://cn.noxinfluencer.com/youtube/channel/UCEaxS026ieLoiP_6sm9sB9w,-25,badcase,反应娱乐游戏为主，和咖啡机带货不匹配
2348,UCEbkuN5jCqWFufX2J-jFeGg,Modern technology,https://cn.noxinfluencer.com/youtube/channel/UCEbkuN5jCqWFufX2J-jFeGg,-10,badcase,科技新品资讯偏广，缺少咖啡机测评或购买内容
2350,UCEelfdZId8BlxwHexcOTtDw,Kazuki Nozomi,https://cn.noxinfluencer.com/youtube/channel/UCEelfdZId8BlxwHexcOTtDw,-10,badcase,纯House/DJ混音号，近10条都与咖啡机推广无关
2352,UCEgczlTpz3Tu84VNFRbvLtw,YourPalRoss Streams,https://cn.noxinfluencer.com/youtube/channel/UCEgczlTpz3Tu84VNFRbvLtw,-25,badcase,游戏直播为主，近10条与咖啡机推广无关
2354,UCEhM4lgLUPsymdyFjox97qg,TOTL,https://cn.noxinfluencer.com/youtube/channel/UCEhM4lgLUPsymdyFjox97qg,-10,badcase,联名杂项内容，近期无咖啡机或家电推广信号
2357,UCEm16g07c_XPHn-KFqHVvyw,The Brit Bloom Chronicles,https://cn.noxinfluencer.com/youtube/channel/UCEm16g07c_XPHn-KFqHVvyw,0,badcase,生活方式频道，与咖啡机推广缺少明确产品和购买意图
2358,UCEm737oG-OGDU-L7U3dDQ5Q,Chef Kanwal's Kitchen,https://cn.noxinfluencer.com/youtube/channel/UCEm737oG-OGDU-L7U3dDQ5Q,-25,badcase,料理频道偏食谱与ASMR，缺少咖啡机评测/购买意图，最近内容也不匹配
2359,UCEm_0Cv-bdGNSDiG55QJ0Yw,Dr Bob,https://cn.noxinfluencer.com/youtube/channel/UCEm_0Cv-bdGNSDiG55QJ0Yw,-25,badcase,SCP动画娱乐号，近10条内容与咖啡机完全无关
2362,UCEnGMPV_OsJtDSgq7zjGw0w,CME Traveling,https://cn.noxinfluencer.com/youtube/channel/UCEnGMPV_OsJtDSgq7zjGw0w,-10,badcase,旅行直播闲聊为主，缺少家电评测或购买导向
2363,UCEnY27JFD4PyFtzAjH8hRmw,ISPY TOYS,https://cn.noxinfluencer.com/youtube/channel/UCEnY27JFD4PyFtzAjH8hRmw,-35,badcase,娱乐/玩具/ASMR内容为主，与咖啡机推广场景明显不符
2366,UCEtJ28X72GHVN6eVKBPtEtw,sen III Lin,https://cn.noxinfluencer.com/youtube/channel/UCEtJ28X72GHVN6eVKBPtEtw,-25,badcase,工业杯成型机频道，和家用咖啡机推广场景不符
2367,UCEuq6JpZCn1YwGB9-Rk2OcA,EASY TRADE AFRICA,https://cn.noxinfluencer.com/youtube/channel/UCEuq6JpZCn1YwGB9-Rk2OcA,-6,badcase,外贸批发频道偏采购交易，不是咖啡机创作者
2368,UCEvrgeuqWSTrtgFhKN_I88Q,Nickie Hollandsworth,https://cn.noxinfluencer.com/youtube/channel/UCEvrgeuqWSTrtgFhKN_I88Q,-9,badcase,时尚生活频道，和咖啡机消费人群几乎无交集
2369,UCEyCIJiwI1-_nWvcjcFy9pw,Harshita's Kitchen,https://cn.noxinfluencer.com/youtube/channel/UCEyCIJiwI1-_nWvcjcFy9pw,-13,badcase,咖啡菜谱偏ASMR，缺少机器评测/购买导向
2370,UCEym6rk7JMqWkp-PB8oEe0A,lego DiseasE,https://cn.noxinfluencer.com/youtube/channel/UCEym6rk7JMqWkp-PB8oEe0A,-25,badcase,LEGO/ASMR动画娱乐频道，和咖啡机推广场景完全不符
2373,UCF0MporDR3Ly19LcOZwRjNQ,Lucas & Kaho,https://cn.noxinfluencer.com/youtube/channel/UCF0MporDR3Ly19LcOZwRjNQ,-25,badcase,纯娱乐挑战频道，缺少家电购买或测评导向
2374,UCF0QVDLxgUY2e_QWCl_1c0Q,Saides3Dcreations,https://cn.noxinfluencer.com/youtube/channel/UCF0QVDLxgUY2e_QWCl_1c0Q,-22,badcase,微缩手作/迷你厨房内容，标题带咖啡机但不是实物推广
2375,UCF1wYTEoSJCsKNo-ru47SNA,Launching Tomorrow,https://cn.noxinfluencer.com/youtube/channel/UCF1wYTEoSJCsKNo-ru47SNA,-10,badcase,近期全是战争/游戏/故事类内容，和咖啡机推广无关
2377,UCF2sSNXNmebUmwm-PK1nuHA,Zodiac Decoded,https://cn.noxinfluencer.com/youtube/channel/UCF2sSNXNmebUmwm-PK1nuHA,-20,badcase,占卜梗和娱乐向内容为主，近期几乎全不相关
2379,UCF5P0Cdfkw7nXjxbMDewzLA,Enflix,https://cn.noxinfluencer.com/youtube/channel/UCF5P0Cdfkw7nXjxbMDewzLA,-25,badcase,叙事故事/传记娱乐向频道，内容格式与咖啡机推广不匹配
2381,UCF7PHFpNLmQopXCMHEZg3Pg,Busineer,https://cn.noxinfluencer.com/youtube/channel/UCF7PHFpNLmQopXCMHEZg3Pg,-3,badcase,偏工厂制造内容，非购买评测场景，近期多为制造过程
2383,UCF9Vq93tH1nTUvHU3OR2TOA,Calm Relaxing My YTC,https://cn.noxinfluencer.com/youtube/channel/UCF9Vq93tH1nTUvHU3OR2TOA,-25,badcase,白噪音和环境音频道，属于明显格式不匹配
2384,UCFB8-aoH36oC8GJfIFqqcuA,Memes Engineer,https://cn.noxinfluencer.com/youtube/channel/UCFB8-aoH36oC8GJfIFqqcuA,-25,badcase,ASMR/动物/娱乐向频道，不适合咖啡机推广
2385,UCFBsFgAiaqcmlW5WOiUQh_w,Noah Zachary,https://cn.noxinfluencer.com/youtube/channel/UCFBsFgAiaqcmlW5WOiUQh_w,-25,badcase,娱乐反应号，和咖啡机推广场景明显不符
2386,UCFDlwi6d9uvibxrYNwM_azA,HOMCOM US,https://cn.noxinfluencer.com/youtube/channel/UCFDlwi6d9uvibxrYNwM_azA,-10,badcase,家居家具品牌内容，无咖啡机或咖啡设备推广相关信号
2387,UCFE7bHWaKsOlXd17GH-wb9Q,Elia Esparza,https://cn.noxinfluencer.com/youtube/channel/UCFE7bHWaKsOlXd17GH-wb9Q,-23,badcase,频道以时尚美妆穿搭生活为主，缺少咖啡机评测或购买场景
2388,UCFEcHmrStgfQ2qqgH5gnqdw,soph mosca,https://cn.noxinfluencer.com/youtube/channel/UCFEcHmrStgfQ2qqgH5gnqdw,-13,badcase,生活方式日常vlog为主，无咖啡机购买评测内容，近期内容不匹配
2389,UCFF5FU9t6tQvrasWnXpXyqw,Green Goals,https://cn.noxinfluencer.com/youtube/channel/UCFF5FU9t6tQvrasWnXpXyqw,-25,badcase,园艺户外号，和咖啡机人群与场景不匹配
2390,UCFFaiA5XJjblblvHFRP2N1A,Mippness,https://cn.noxinfluencer.com/youtube/channel/UCFFaiA5XJjblblvHFRP2N1A,-25,badcase,频道以动画/游戏娱乐为主，与咖啡机推广场景不符
2392,UCFJ04WVxMUIioTqO4ZWONkg,Pro.Gadgets,https://cn.noxinfluencer.com/youtube/channel/UCFJ04WVxMUIioTqO4ZWONkg,-4,badcase,泛家电/数码测评类，缺少咖啡机购买或评测信号
2393,UCFJf45DfuUhTuuiujWfsf6A,Obscura Verse,https://cn.noxinfluencer.com/youtube/channel/UCFJf45DfuUhTuuiujWfsf6A,-37,badcase,喜剧短剧频道，内容偏娱乐剧情，不适合咖啡机推广
2394,UCFJsUxz9nCIFyvi40AVoKDA,MeekFro,https://cn.noxinfluencer.com/youtube/channel/UCFJsUxz9nCIFyvi40AVoKDA,-5,badcase,仅有French Press弱相关，近期10条内容几乎全是生活vlog且无咖啡机推广语境
2395,UCFKD22crDa-0TcvMCC1Y1mQ,Mr sourcing agent,https://cn.noxinfluencer.com/youtube/channel/UCFKD22crDa-0TcvMCC1Y1mQ,-18,badcase,娱乐游戏占主导，虽有展会机器内容，但与咖啡机推广弱相关
2396,UCFKR31Jw75XZzMl7lOsGZVA,Easy Fix,https://cn.noxinfluencer.com/youtube/channel/UCFKR31Jw75XZzMl7lOsGZVA,-10,badcase,修理内容泛化，缺少咖啡机或厨房家电场景，相关性弱
2397,UCFLsmyGbxvlaTzEogaBEtBA,Kasey Sawyer,https://cn.noxinfluencer.com/youtube/channel/UCFLsmyGbxvlaTzEogaBEtBA,-13,badcase,有ASMR和生活方式属性，近期多为日常内容，咖啡机推广不稳
2399,UCFNTIK70xKFkjH_mzej2New,NingD Channel,https://cn.noxinfluencer.com/youtube/channel/UCFNTIK70xKFkjH_mzej2New,-15,badcase,宠物动物内容为主，受众不对口，咖啡机推广不适合
2401,UCFP3FchiXqUTaOUN90pCV5g,Strategic Treasurer,https://cn.noxinfluencer.com/youtube/channel/UCFP3FchiXqUTaOUN90pCV5g,-10,badcase,金融教育号，和咖啡机推广基本无关
2402,UCFPp6ZTqXaYVefn3G50nXWg,Re:Sonance,https://cn.noxinfluencer.com/youtube/channel/UCFPp6ZTqXaYVefn3G50nXWg,-25,badcase,音乐娱乐号，属于明显格式不匹配
2404,UCFQESgg5JvrwL0f1kr6oAMw,Tix Stories,https://cn.noxinfluencer.com/youtube/channel/UCFQESgg5JvrwL0f1kr6oAMw,-25,badcase,故事短视频为主，叙事娱乐不适合卖咖啡机
2405,UCFQMx3Wj6OjvwYcEL9hr8jA,Dignified TV Network,https://cn.noxinfluencer.com/youtube/channel/UCFQMx3Wj6OjvwYcEL9hr8jA,-10,badcase,混合娱乐号，近10条几乎都不匹配咖啡机推广
2406,UCFTjhKAa97QC1EFZ6uxqZrA,"Foshan Sayok Packaging Machinery Co.,LTD",https://cn.noxinfluencer.com/youtube/channel/UCFTjhKAa97QC1EFZ6uxqZrA,-25,badcase,工业包装机械频道，与咖啡机消费推广不相符
2408,UCFVq6uIRj248jrUNtdZsvZg,The Reality Expressor,https://cn.noxinfluencer.com/youtube/channel/UCFVq6uIRj248jrUNtdZsvZg,0,badcase,有咖啡机标题但内容偏泛榜单，相关性不足
2409,UCFYl0OvERz5Hg-1Y_fWIF2g,Lance Infante Doria Jr,https://cn.noxinfluencer.com/youtube/channel/UCFYl0OvERz5Hg-1Y_fWIF2g,-8,badcase,生活短视频混杂，近10条多数与咖啡机无关
2410,UCFZXiwK9jOJPW1mDdzomwbQ,Recreational Time,https://cn.noxinfluencer.com/youtube/channel/UCFZXiwK9jOJPW1mDdzomwbQ,-15,badcase,近期3条均非咖啡机推广场景，频道主题偏RV与争议叙事
2411,UCFZY2qj0FitUOfkkVPUZ3WQ,LaMar-smartproductsaccessories,https://cn.noxinfluencer.com/youtube/channel/UCFZY2qj0FitUOfkkVPUZ3WQ,-9,badcase,无标签命中，近10条仅1条咖啡机，其余多为无关产品展示
2412,UCFZwVDO6oHBUYxqs4dIOGPg,FLINTEASTWOOD,https://cn.noxinfluencer.com/youtube/channel/UCFZwVDO6oHBUYxqs4dIOGPg,-25,badcase,游戏GTA频道，内容与咖啡机推广无关，近期10条全不匹配
2413,UCF__KGiT89E5CCUmKybUl9Q,OikoEco,https://cn.noxinfluencer.com/youtube/channel/UCF__KGiT89E5CCUmKybUl9Q,-10,badcase,频道内容以旅游婚礼为主，与咖啡机推广无关，近10条也无匹配
2414,UCF_f44gUmovGmOGvMO2oLMQ,John Ingle,https://cn.noxinfluencer.com/youtube/channel/UCF_f44gUmovGmOGvMO2oLMQ,-10,badcase,频道偏工具/车清洁内容，与咖啡机推广无明显相关，近期内容也都不匹配
2415,UCFb9fjGWWajW1_aoZ7_SsPw,FOODSNAPSTORY,https://cn.noxinfluencer.com/youtube/channel/UCFb9fjGWWajW1_aoZ7_SsPw,-29,badcase,ASMR食物频道，近期内容与咖啡机推广不匹配，偏娱乐非购买场景
2416,UCFbNeFwv9Y7PNlDEfFIaw3g,Blue Launch,https://cn.noxinfluencer.com/youtube/channel/UCFbNeFwv9Y7PNlDEfFIaw3g,-25,badcase,全是宇宙/天文内容，和咖啡机推广完全不相关
2418,UCFe6NlRyC3VvdHddjSd9eZw,Lady Di Saves,https://cn.noxinfluencer.com/youtube/channel/UCFe6NlRyC3VvdHddjSd9eZw,-10,badcase,频道内容为省钱挑战/记账，与咖啡机推广无关
2419,UCFh4Q4lJG0E0PwgbbZeOXag,AI In Action,https://cn.noxinfluencer.com/youtube/channel/UCFh4Q4lJG0E0PwgbbZeOXag,-25,badcase,AI幻想内容为主，与咖啡机推广场景明显不符
2421,UCFhOTMydwevJGT4GyBilNSw,Wellness Tech Reviews,https://cn.noxinfluencer.com/youtube/channel/UCFhOTMydwevJGT4GyBilNSw,-10,badcase,偏无人机、按摩椅、桑拿等泛测评，缺少咖啡机受众与厨房家电场景
2423,UCFn7xeBv8Ar3SuQtH1Ln65Q,ObaFilms,https://cn.noxinfluencer.com/youtube/channel/UCFn7xeBv8Ar3SuQtH1Ln65Q,-20,badcase,娱乐短剧和恐怖故事为主，与咖啡机推广受众和场景明显不符
2425,UCFoezzXycn8L0qaMHnqAUxw,‫Quick N’ Learn تعلم الانجليزية مع محمد‬‎,https://cn.noxinfluencer.com/youtube/channel/UCFoezzXycn8L0qaMHnqAUxw,-10,badcase,英语教学频道，与咖啡机无关，近10条内容都不匹配
2426,UCFprNY-2rioN7wdfSFx1CJw,Smart Deals Bazar,https://cn.noxinfluencer.com/youtube/channel/UCFprNY-2rioN7wdfSFx1CJw,-10,badcase,泛购物测评频道，缺少咖啡机相关信号，最近内容多为其他产品
2431,UCFtBQ88TUaYzaT5R5Ic0Q6g,Roll’n with Jackpot Joe,https://cn.noxinfluencer.com/youtube/channel/UCFtBQ88TUaYzaT5R5Ic0Q6g,-25,badcase,博彩老虎机频道，与咖啡机推广完全不相干
2432,UCFtK5WDULibS_upQb6I4OEw,Shortai,https://cn.noxinfluencer.com/youtube/channel/UCFtK5WDULibS_upQb6I4OEw,-25,badcase,AI短剧/叙事娱乐格式，咖啡机只是剧情道具
2434,UCFtrGB8H7FsjiknTEg_SwFw,Designing Dreamscapes,https://cn.noxinfluencer.com/youtube/channel/UCFtrGB8H7FsjiknTEg_SwFw,-20,badcase,偏创意幻想和宠物场景，缺少咖啡机购买/测评意图
2435,UCFxL3-IpQndoPFp3uLSPCiQ,Mike Mason,https://cn.noxinfluencer.com/youtube/channel/UCFxL3-IpQndoPFp3uLSPCiQ,0,badcase,清障拆除类频道，与咖啡机推广无关
2437,UCG2ZyysimMPtnuR8iFRTPnw,DOGGO69YT,https://cn.noxinfluencer.com/youtube/channel/UCG2ZyysimMPtnuR8iFRTPnw,-20,badcase,恐怖游戏频道，内容形态与咖啡机促销明显不匹配
2438,UCG37IKGPaunSsFF_CB_eFcA,Just.viral.belike,https://cn.noxinfluencer.com/youtube/channel/UCG37IKGPaunSsFF_CB_eFcA,-15,badcase,游戏娱乐频道，缺少咖啡机购买或测评语境
2441,UCG6VMVqjqQYmI4XoXDrXipw,NanaVLive,https://cn.noxinfluencer.com/youtube/channel/UCG6VMVqjqQYmI4XoXDrXipw,-25,badcase,舞蹈娱乐号，和咖啡机推广场景明显不匹配
2442,UCG6qu85vJ2bSnE_3GuCoIGg,Desi in America 🇺🇸,https://cn.noxinfluencer.com/youtube/channel/UCG6qu85vJ2bSnE_3GuCoIGg,-4,badcase,仅泛产品评测和食物弱相关，近期内容几乎全是旅行生活
2443,UCG79YzpHsCAoFcc7g7CxH5g,fastbulletz,https://cn.noxinfluencer.com/youtube/channel/UCG79YzpHsCAoFcc7g7CxH5g,-24,badcase,游戏频道为主，偏娱乐和硬件修理，不适合咖啡机推广
2446,UCG9FKuqwXKkecT9yQ-ZlymQ,Real Paranormal Videos,https://cn.noxinfluencer.com/youtube/channel/UCG9FKuqwXKkecT9yQ-ZlymQ,-25,badcase,SCP剧情娱乐号，与咖啡机推广无关，近10条均不匹配
2447,UCGAxYafcDZdcrlQ_VrV0Vlg,Videos Hub,https://cn.noxinfluencer.com/youtube/channel/UCGAxYafcDZdcrlQ_VrV0Vlg,-5,badcase,虽有直标签，但频道为泛娱乐事实内容，近10条均非咖啡机推广场景
2448,UCGDhf678RHbRCbm9RBm3AFA,Too Simple Crafts,https://cn.noxinfluencer.com/youtube/channel/UCGDhf678RHbRCbm9RBm3AFA,-25,badcase,以微缩玩具/手工为主，和咖啡机推广场景明显不匹配
2450,UCGF_Jd7x2r-4xOYjUVW-wOA,chotunab,https://cn.noxinfluencer.com/youtube/channel/UCGF_Jd7x2r-4xOYjUVW-wOA,-10,badcase,内容杂乱且无咖啡机/购物评测线索
2451,UCGG4rmNrv38IWylmmStryeg,Happy Doomers,https://cn.noxinfluencer.com/youtube/channel/UCGG4rmNrv38IWylmmStryeg,-20,badcase,娱乐搞笑宗教向，和咖啡机推广场景不匹配
2452,UCGGBD5k3b3e0EN1-CYwEf7g,Lingonberry Intelligence,https://cn.noxinfluencer.com/youtube/channel/UCGGBD5k3b3e0EN1-CYwEf7g,-20,badcase,机器人/宠物叙事内容，和咖啡机推广无关
2455,UCGKlEjix-pUZ-a4P_6G6VEw,Garbo Glassware,https://cn.noxinfluencer.com/youtube/channel/UCGKlEjix-pUZ-a4P_6G6VEw,-10,badcase,以玻璃器皿批发为主，与咖啡机推广不相关，近期内容全不匹配
2456,UCGLtPn_GYLnGi7sgwx_132w,Techtuktak Aklgas Kesio247,https://cn.noxinfluencer.com/youtube/channel/UCGLtPn_GYLnGi7sgwx_132w,-10,badcase,近期内容均为其他商品榜单，缺少咖啡机相关信号
2458,UCGOsPsxZ-G38cbNKcyiOu7g,Visual Bread,https://cn.noxinfluencer.com/youtube/channel/UCGOsPsxZ-G38cbNKcyiOu7g,-8,badcase,以面包烘焙为主，仅有泛泛饮食/科技关联，和咖啡机推广不匹配
2459,UCGQyiRgIcl5rNMUpMfletnQ,Iuri's Workshop,https://cn.noxinfluencer.com/youtube/channel/UCGQyiRgIcl5rNMUpMfletnQ,-10,badcase,DIY修理类，缺少咖啡机购买或测评语境
2460,UCGRODGcsGJDnDebh6uUW_1Q,IFTTT,https://cn.noxinfluencer.com/youtube/channel/UCGRODGcsGJDnDebh6uUW_1Q,-9,badcase,频道偏自动化/AI工具，近10条内容与咖啡机推广场景明显不符
2461,UCGSifCPp6r8CJr5FRxyNssg,IvanMakesMusic,https://cn.noxinfluencer.com/youtube/channel/UCGSifCPp6r8CJr5FRxyNssg,-20,badcase,音乐直播为主，咖啡机仅有标题提及，非产品推广场景
2463,UCGTo0TloP8hxDc9eu_cveLw,Best 5 Choice,https://cn.noxinfluencer.com/youtube/channel/UCGTo0TloP8hxDc9eu_cveLw,-10,badcase,泛品评测频道，近10条无咖啡机相关内容，整体不匹配
2464,UCGWQuVpZIIzvuaBOwSzveRg,RestandRelaxationVids,https://cn.noxinfluencer.com/youtube/channel/UCGWQuVpZIIzvuaBOwSzveRg,-25,badcase,频道以ASMR/白噪音/助眠为主，属于咖啡机推广的强格式不匹配
2465,UCGXTcL9d367QXuRbKjAxo1Q,Melanie Locke,https://cn.noxinfluencer.com/youtube/channel/UCGXTcL9d367QXuRbKjAxo1Q,-6,badcase,生活手作为主，和咖啡机推广几乎无关
2466,UCGXtY2dokuZpku6Y5MI-Fpw,cnc machining factory,https://cn.noxinfluencer.com/youtube/channel/UCGXtY2dokuZpku6Y5MI-Fpw,-10,badcase,工业CNC工厂内容，和咖啡机消费推广场景不匹配
2467,UCGb6A5ungKYhy6RHBenRzcA,Chicklino,https://cn.noxinfluencer.com/youtube/channel/UCGb6A5ungKYhy6RHBenRzcA,-25,badcase,纯ASMR/童话小鸡动画，明显不适合实体产品推广
2473,UCGi_rCPkF9aMOCW1iQF-oPQ,Smart Healthy and Fit,https://cn.noxinfluencer.com/youtube/channel/UCGi_rCPkF9aMOCW1iQF-oPQ,-14,badcase,白噪音/冥想型频道，家电推广格式明显不匹配
2474,UCGiwblnmDlc5nZBHoDQUNSQ,Shecko,https://cn.noxinfluencer.com/youtube/channel/UCGiwblnmDlc5nZBHoDQUNSQ,-20,badcase,游戏剪辑与动画测试为主，和咖啡机推广无关
2476,UCGmjB2Ady3ViVLgk3fv2GGA,Peak Viral Shorts,https://cn.noxinfluencer.com/youtube/channel/UCGmjB2Ady3ViVLgk3fv2GGA,-22,badcase,纯娱乐短视频，内容以恶搞/挑战/惊喜为主，和咖啡机推广不符
2477,UCGn7dlcAmH44GqycKa_3ssA,Google Arts & Culture,https://cn.noxinfluencer.com/youtube/channel/UCGn7dlcAmH44GqycKa_3ssA,-10,badcase,艺术文化频道，缺少咖啡机或厨房购买场景，相关性弱
2478,UCGntehq4uSP6fHLW6y3-zlA,Schnelle Rezepte,https://cn.noxinfluencer.com/youtube/channel/UCGntehq4uSP6fHLW6y3-zlA,-8,badcase,食谱频道仅弱场景相关，近期内容全为甜点健康食谱，缺少咖啡机推广意图
2479,UCGpVUUls-gRODCHcleK506A,Boba's Lego World,https://cn.noxinfluencer.com/youtube/channel/UCGpVUUls-gRODCHcleK506A,-25,badcase,乐高玩具频道，受众与咖啡机完全不搭，属于明显坏例
2480,UCGpu9sUlg9So8c5ikb0rv-w,At Home With Lady Cinnamon,https://cn.noxinfluencer.com/youtube/channel/UCGpu9sUlg9So8c5ikb0rv-w,-8,badcase,家居装饰/购物频道，近期内容与咖啡机促销场景明显不符
2481,UCGszLyl37WLegXPMOiLumPQ,Lesli R,https://cn.noxinfluencer.com/youtube/channel/UCGszLyl37WLegXPMOiLumPQ,-9,badcase,以生活美食和团购内容为主，缺少咖啡机评测/购买/使用场景
2482,UCGtnA3OdHQXfjglv4Rq0t_Q,Diana Anderson (lady Di),https://cn.noxinfluencer.com/youtube/channel/UCGtnA3OdHQXfjglv4Rq0t_Q,-8,badcase,科技/消费电子评测号，但近10条都与咖啡机无关，相关性弱
2483,UCGw6DAplAL29yWxQY0HHzuw,Hauswirt,https://cn.noxinfluencer.com/youtube/channel/UCGw6DAplAL29yWxQY0HHzuw,-7,badcase,以烘焙内容为主，缺少咖啡机购买/测评/使用场景，近期内容也不匹配
2484,UCGxxyZdRBZ_uogq5m1a38fg,Jeannie Bushnell,https://cn.noxinfluencer.com/youtube/channel/UCGxxyZdRBZ_uogq5m1a38fg,-10,badcase,频道以鸟类、手工和自然内容为主，与咖啡机推广无关
2485,UCGy4eQKmhdBpRinjotkhLHg,HAPPY EVERY DAY,https://cn.noxinfluencer.com/youtube/channel/UCGy4eQKmhdBpRinjotkhLHg,-20,badcase,玩具开箱/收藏向，和咖啡机推广场景明显不符
2486,UCH0B8WZbua9G8JszpAJAo8g,CRIfinder,https://cn.noxinfluencer.com/youtube/channel/UCH0B8WZbua9G8JszpAJAo8g,-10,badcase,泛生活/自然杂谈，近期内容与咖啡机几乎无关
2487,UCH1yZ47hXkgpSlNOFtdRRgQ,일해라 현아-Work Silicon Valley,https://cn.noxinfluencer.com/youtube/channel/UCH1yZ47hXkgpSlNOFtdRRgQ,-8,badcase,仅一条咖啡机拆解，频道主轴为美国职场/移民生活，推广相关性弱
2489,UCH4H3uFbpQNKq7l2ezuz1mw,Soundshift Stories,https://cn.noxinfluencer.com/youtube/channel/UCH4H3uFbpQNKq7l2ezuz1mw,-25,badcase,K-pop剧情/AI叙事频道，属于明显娱乐型不适配
2492,UCH53W09ibS_nQhNV6h_ctdQ,Fact Flex,https://cn.noxinfluencer.com/youtube/channel/UCH53W09ibS_nQhNV6h_ctdQ,-10,badcase,猎奇榜单型内容，最近10条都不属于咖啡机推广场景
2494,UCH6IOVI7AdP3cbe3cSAt8xw,IQ Tuber,https://cn.noxinfluencer.com/youtube/channel/UCH6IOVI7AdP3cbe3cSAt8xw,-20,badcase,娱乐音乐短视频号，内容形态和咖啡机种草明显不匹配
2495,UCH8NnRkxQg1zX7mHFRPq73g,So Yummy,https://cn.noxinfluencer.com/youtube/channel/UCH8NnRkxQg1zX7mHFRPq73g,-7,badcase,以甜点食谱为主，和咖啡机推广缺少直连，近10条内容均不匹配
2496,UCHAEguOUT91i7yxzFRZBN2A,Hannah McAleer,https://cn.noxinfluencer.com/youtube/channel/UCHAEguOUT91i7yxzFRZBN2A,-9,badcase,以时尚生活方式为主，只有泛化“shopping”弱相关，咖啡机推广不匹配
2497,UCHBZv5GuLHYd9jEULsOrKuA,Fort Knox Co.,https://cn.noxinfluencer.com/youtube/channel/UCHBZv5GuLHYd9jEULsOrKuA,-6,badcase,以家装DIY为主，近10条仅1条咖啡机维护，整体推广相关性弱
2498,UCHDZxIWRuJeNvZhGGXtM0_g,skyforce95,https://cn.noxinfluencer.com/youtube/channel/UCHDZxIWRuJeNvZhGGXtM0_g,-6,badcase,泛产品评测但无咖啡机内容，近10条均不匹配
2499,UCHFZNp38NX_NNEa5jn4tYsQ,PATRICK MARCUCCI,https://cn.noxinfluencer.com/youtube/channel/UCHFZNp38NX_NNEa5jn4tYsQ,0,badcase,健身增肌频道，与咖啡机推广无关，最近内容也无购买/评测意图
2500,UCHFzQ5MoKrjpMpWbrpSSSdQ,Chris Harper,https://cn.noxinfluencer.com/youtube/channel/UCHFzQ5MoKrjpMpWbrpSSSdQ,-10,badcase,体育娱乐内容与咖啡机推广无关，近期内容全偏离
2502,UCHGV53VYmDmaC9ZldthkDXQ,Cherry HOME,https://cn.noxinfluencer.com/youtube/channel/UCHGV53VYmDmaC9ZldthkDXQ,-11,badcase,DIY/工具短视频为主，仅零星咖啡机词，缺少评测导购语境
2504,UCHGqveKWuuggKsKDqjDPcXQ,Crystal's Color & Style,https://cn.noxinfluencer.com/youtube/channel/UCHGqveKWuuggKsKDqjDPcXQ,-10,badcase,彩铅涂色内容与咖啡机推广无关，近期内容全偏离
2505,UCHH_3lX8QShJnhHVA422OCQ,JJ Shankles,https://cn.noxinfluencer.com/youtube/channel/UCHH_3lX8QShJnhHVA422OCQ,-5,badcase,主做3D打印，近期全是打印内容，虽有产品评测标签但对咖啡机推广不匹配
2506,UCHIxGwHD4nzxJFpaXIONe6g,Vasiliy Agiy,https://cn.noxinfluencer.com/youtube/channel/UCHIxGwHD4nzxJFpaXIONe6g,-10,badcase,卡车/杂谈/娱乐向，近期内容偏个人叙事，缺少咖啡机购买或评测场景
2509,UCHNpKgI1cL3U8ndp9HJ8t2Q,Last Best Tool,https://cn.noxinfluencer.com/youtube/channel/UCHNpKgI1cL3U8ndp9HJ8t2Q,-10,badcase,工具评测频道，无咖啡机或咖啡设备购买/测试内容
2510,UCHOogmfjwKf2c_L3hkjIxJw,yourdealstore,https://cn.noxinfluencer.com/youtube/channel/UCHOogmfjwKf2c_L3hkjIxJw,-3,badcase,泛家居小商品店铺，缺少咖啡机评测/购买/设备内容
2511,UCHP-mau2TFF5TP5PaCd4aaQ,Wabilogic,https://cn.noxinfluencer.com/youtube/channel/UCHP-mau2TFF5TP5PaCd4aaQ,-20,badcase,咖啡App和咖啡氛围内容为主，缺少咖啡机评测/购买导向
2512,UCHPo0wyAGqljDjlJ5CO-2hA,Brittany Hawkins,https://cn.noxinfluencer.com/youtube/channel/UCHPo0wyAGqljDjlJ5CO-2hA,-10,badcase,生活方式vlog为主，最近内容与咖啡机推广几乎无关
2514,UCHT0vM22W-XRpf1Rn3c_vEw,Given A Chance,https://cn.noxinfluencer.com/youtube/channel/UCHT0vM22W-XRpf1Rn3c_vEw,-15,badcase,娱乐/风景内容为主，非产品推广场景，不适合咖啡机投放
2515,UCHTlH_ODNRr9cpiSc34Qlnw,Honest and Unbiased,https://cn.noxinfluencer.com/youtube/channel/UCHTlH_ODNRr9cpiSc34Qlnw,-18,badcase,偏生活手工杂项，无咖啡机评测购买意图，近热视频多不匹配
2516,UCHTsprSUWkW--rUK4UtwmSg,Withoutink,https://cn.noxinfluencer.com/youtube/channel/UCHTsprSUWkW--rUK4UtwmSg,-5,badcase,仅少量咖啡器具内容，主频道偏杂项开箱/游戏/文具，缺少咖啡机推广语境
2519,UCHWOhZ6xPXWUwqqJi1xMoVg,Ange_cope,https://cn.noxinfluencer.com/youtube/channel/UCHWOhZ6xPXWUwqqJi1xMoVg,-25,badcase,娱乐挑战为主，和咖啡机投放场景明显不符
2520,UCHXw1nv6FBmVwOGj2GiEQrg,All in One Garden and Kitchen,https://cn.noxinfluencer.com/youtube/channel/UCHXw1nv6FBmVwOGj2GiEQrg,-9,badcase,以食谱和杂项为主，和咖啡机推广关联弱，近10条也几乎无匹配
2521,UCHYoe8kQ-7Gn9ASOlmI0k6Q,The Food Theorists,https://cn.noxinfluencer.com/youtube/channel/UCHYoe8kQ-7Gn9ASOlmI0k6Q,-3,badcase,偏食品理论和娱乐内容，虽有测评语境但和咖啡机投放不够贴合
2522,UCHZ8nDNHIhqxkSvwnC_8Z6A,Ricewashrepeat,https://cn.noxinfluencer.com/youtube/channel/UCHZ8nDNHIhqxkSvwnC_8Z6A,-10,badcase,缺少品类与标签信号，近期内容也偏药房促销和杂项，咖啡机相关性低
2524,UCH_-sPpth77GbqSI50IDaoA,Bria’s Cozy Home,https://cn.noxinfluencer.com/youtube/channel/UCH_-sPpth77GbqSI50IDaoA,-6,badcase,偏家居装饰与生活方式，咖啡吧场景弱相关但缺少咖啡机推广证据
2525,UCH_vCtmFWcmOiI12Ed8edMQ,ENZO,https://cn.noxinfluencer.com/youtube/channel/UCH_vCtmFWcmOiI12Ed8edMQ,-10,badcase,泛品导购但无咖啡机或近似器具信号，近期全偏离
2527,UCHcpsCub0PERQ0fs4zG_y_g,vera zhang,https://cn.noxinfluencer.com/youtube/channel/UCHcpsCub0PERQ0fs4zG_y_g,-9,badcase,偏促销杂货频道，近期内容与咖啡机品类无关
2528,UCHg9u1IZrxZ88-phqw0go9g,Holo Designers,https://cn.noxinfluencer.com/youtube/channel/UCHg9u1IZrxZ88-phqw0go9g,-8,badcase,家居设计频道，只有弱家居场景，没有咖啡机导购意图
2529,UCHgE6HWQhmXo9g6b73odf6A,Dopetop,https://cn.noxinfluencer.com/youtube/channel/UCHgE6HWQhmXo9g6b73odf6A,0,badcase,科技评测频道但偏电脑外设，无咖啡机或咖啡设备推广证据
2532,UCHhldLvLLdydJNfQpgvTUhw,Girls' Toys,https://cn.noxinfluencer.com/youtube/channel/UCHhldLvLLdydJNfQpgvTUhw,-7,badcase,儿童玩具厨房咖啡机是玩具场景，不适合真人咖啡机推广
2534,UCHjAfeuavGEwVFtttnFr3RA,Aishwarya Overby,https://cn.noxinfluencer.com/youtube/channel/UCHjAfeuavGEwVFtttnFr3RA,-10,badcase,旅游/猫/美妆/园艺为主，和咖啡机购买场景无关
2535,UCHjuVlRMLW9l2NdRexFgwHA,StackShot,https://cn.noxinfluencer.com/youtube/channel/UCHjuVlRMLW9l2NdRexFgwHA,-20,badcase,影视娱乐向，和咖啡机投放场景不符
2536,UCHkDMKu8VgOYovneSb2nBDQ,Filmboy Ultimate,https://cn.noxinfluencer.com/youtube/channel/UCHkDMKu8VgOYovneSb2nBDQ,-25,badcase,动漫影视娱乐向，不适合咖啡机推广
2537,UCHlS3GJRr1KzfnXBTSScqPA,Pooja Gujja,https://cn.noxinfluencer.com/youtube/channel/UCHlS3GJRr1KzfnXBTSScqPA,-10,badcase,生活/情侣短视频为主，缺少咖啡机购买或评测场景
2538,UCHnLhu6Ch3sON_agkWN7veg,ELDOGGOSTUDIOS,https://cn.noxinfluencer.com/youtube/channel/UCHnLhu6Ch3sON_agkWN7veg,-25,badcase,游戏娱乐向，和咖啡机商品推广不匹配
2540,UCHoY_vQ0W3A31VkIjg7PVhQ,Layla in america,https://cn.noxinfluencer.com/youtube/channel/UCHoY_vQ0W3A31VkIjg7PVhQ,-20,badcase,以儿童游戏和万圣节为主，和咖啡机推广场景明显不符
2541,UCHolKHL4HW6EcdEydnMuCmQ,LeoBaron007,https://cn.noxinfluencer.com/youtube/channel/UCHolKHL4HW6EcdEydnMuCmQ,-10,badcase,近期全是游戏/娱乐内容，与咖啡机推广无关
2542,UCHp0_vWZceNNGagqIeJhYvQ,omy9,https://cn.noxinfluencer.com/youtube/channel/UCHp0_vWZceNNGagqIeJhYvQ,-8,badcase,泛电子测评频道，但近期无咖啡机或咖啡设备内容
2545,UCHsIbiejliAtHFUblEyV-fA,Silly Reviews,https://cn.noxinfluencer.com/youtube/channel/UCHsIbiejliAtHFUblEyV-fA,-10,badcase,以游戏/娱乐为主，缺少咖啡机评测或购买意图，近期内容也不相关
2546,UCHtwH5kMl7AiUz51YquS7Mw,elsie,https://cn.noxinfluencer.com/youtube/channel/UCHtwH5kMl7AiUz51YquS7Mw,-10,badcase,书评频道，近期内容全是阅读相关，和咖啡机推广不匹配
2547,UCHu_ccMUY2YU1pziZyamN1w,Mary Rita Kay,https://cn.noxinfluencer.com/youtube/channel/UCHu_ccMUY2YU1pziZyamN1w,-22,badcase,ASMR短视频为主，近10条无咖啡机评测或购买内容
2548,UCHv17LJVVLDWsalk31unY4w,Inventions World,https://cn.noxinfluencer.com/youtube/channel/UCHv17LJVVLDWsalk31unY4w,-6,badcase,科技/数码泛频道，近10条全是发明内容，咖啡机相关性弱
2549,UCHw4nDm0EuKgb8ngTFoYaug,GenuineCritics,https://cn.noxinfluencer.com/youtube/channel/UCHw4nDm0EuKgb8ngTFoYaug,-10,badcase,通用评测频道，但近10条全是无关产品，缺少咖啡机相关购买或测评信号
2550,UCHz_E-dh6QH_s0mM0sUa7Hw,This & That,https://cn.noxinfluencer.com/youtube/channel/UCHz_E-dh6QH_s0mM0sUa7Hw,-20,badcase,无咖啡机相关信号，近期多为ASMR、杂项开箱和非咖啡设备内容
2551,UCI-kJ9RZOUV6T8OzKkCHWgA,web-stroy,https://cn.noxinfluencer.com/youtube/channel/UCI-kJ9RZOUV6T8OzKkCHWgA,-9,badcase,资讯解读为主，近期几乎全是新闻稿，不适合咖啡机推广
2553,UCI6SFp6cEZHKHDzFwcCxt_Q,Floofy Paw Hub,https://cn.noxinfluencer.com/youtube/channel/UCI6SFp6cEZHKHDzFwcCxt_Q,-25,badcase,宠物叙事频道，主受众与人类咖啡机推广明显错位
2554,UCI6nNvQINEgG8e4Xxv6SeTA,2.fit.bros.,https://cn.noxinfluencer.com/youtube/channel/UCI6nNvQINEgG8e4Xxv6SeTA,-8,badcase,健身娱乐号，近期偏能量饮料/梗内容，咖啡机推广链路弱
2555,UCI8DXRV212BaND8XVlReK-w,Jada Kali,https://cn.noxinfluencer.com/youtube/channel/UCI8DXRV212BaND8XVlReK-w,-10,badcase,生活vlog为主，近10条几乎无咖啡机购买或测评语境
2556,UCI8ro9Z_NqYcQN6VpAMn20w,Kym At Home,https://cn.noxinfluencer.com/youtube/channel/UCI8ro9Z_NqYcQN6VpAMn20w,-9,badcase,频道以清洁收纳为主，和咖啡机推广缺少产品与购买场景匹配
2557,UCI9dGhdza3qupiV0mVNO97A,Chowhound,https://cn.noxinfluencer.com/youtube/channel/UCI9dGhdza3qupiV0mVNO97A,-3,badcase,美食食谱频道，仅有咖啡弱相关，缺少咖啡机评测/购买意图
2558,UCI9rcI6jNq1ifQATw1cppZQ,asia lafaye,https://cn.noxinfluencer.com/youtube/channel/UCI9rcI6jNq1ifQATw1cppZQ,-9,badcase,生活方式内容为主，只有居家咖啡场景，缺少咖啡机购买/评测意图
2559,UCIA2mRpcXdc1el4xXu-WjNA,Taylor Simone,https://cn.noxinfluencer.com/youtube/channel/UCIA2mRpcXdc1el4xXu-WjNA,0,badcase,生活vlog仅有咖啡场景，缺少咖啡机评测或购买意图
2561,UCIFQO-6itPKGUjG0bkMqocA,Ally Dore,https://cn.noxinfluencer.com/youtube/channel/UCIFQO-6itPKGUjG0bkMqocA,-9,badcase,亲子宗教生活为主，几乎没有家电购买语境
2562,UCIGJvCWPJGnYekXElBNe1Uw,Life of Re H. C.,https://cn.noxinfluencer.com/youtube/channel/UCIGJvCWPJGnYekXElBNe1Uw,-10,badcase,频道以旅行生活婚礼vlog为主，无咖啡机选购评测场景
2565,UCIHS_8UcQA3rbopigoMf3Vw,Ruby Carrion,https://cn.noxinfluencer.com/youtube/channel/UCIHS_8UcQA3rbopigoMf3Vw,-9,badcase,生活vlog和美食为主，缺少咖啡机购买意图，近期内容也不匹配
2566,UCIMr0JydfzkOYwMBsv3W77A,Sports Timeline,https://cn.noxinfluencer.com/youtube/channel/UCIMr0JydfzkOYwMBsv3W77A,1,badcase,标签像产品评测，但近10条全是NFL体育内容，不适合咖啡机推广
2568,UCIOT96Qu8l7G2bldGwI41kg,Premier Finds,https://cn.noxinfluencer.com/youtube/channel/UCIOT96Qu8l7G2bldGwI41kg,-8,badcase,美妆时尚haul为主，和咖啡机这种厨房家电不搭，近期内容全不匹配
2569,UCIPXLDt6m-egG3zO0J-CFyw,Stay Attention! Vacation Home Biz Strategy Svcs,https://cn.noxinfluencer.com/youtube/channel/UCIPXLDt6m-egG3zO0J-CFyw,-10,badcase,vacation rental和品牌策略内容，和咖啡机推广场景几乎无关
2570,UCIQKW1CefgMhX8T7WyzlaqQ,TechOrigin,https://cn.noxinfluencer.com/youtube/channel/UCIQKW1CefgMhX8T7WyzlaqQ,-9,badcase,泛科技/硬件内容，近期全是户外和电动出行，缺少咖啡机购买或评测语境
2571,UCIR_DI92E3m8SISX70SIhqA,D&V,https://cn.noxinfluencer.com/youtube/channel/UCIR_DI92E3m8SISX70SIhqA,-10,badcase,文化美食杂谈，近期无咖啡机评测或购买场景，相关性弱
2572,UCISBV2eCLkaGJEccRRikodw,Packaging,https://cn.noxinfluencer.com/youtube/channel/UCISBV2eCLkaGJEccRRikodw,-10,badcase,工业包装设备频道，面向产线而非家用咖啡机推广
2574,UCIYhz2vmrvoR30DZynpkJJQ,World Info 360s,https://cn.noxinfluencer.com/youtube/channel/UCIYhz2vmrvoR30DZynpkJJQ,-10,badcase,世界知识排名频道，近期内容与家电推广几乎无关
2575,UCIZv-nHHLbsr-Bgp9caOLTQ,Anahi Carreño,https://cn.noxinfluencer.com/youtube/channel/UCIZv-nHHLbsr-Bgp9caOLTQ,-22,badcase,ASMR和清洁生活方式为主，和咖啡机促销格式错配
2577,UCI_qkupkRULcZJkDi5u_zIA,EGGIMATION,https://cn.noxinfluencer.com/youtube/channel/UCI_qkupkRULcZJkDi5u_zIA,-25,badcase,动画循环娱乐为主，属于咖啡机推广的促销格式错配
2579,UCIaneK007uZXgEjV3llRqtA,Digital Mom Blog,https://cn.noxinfluencer.com/youtube/channel/UCIaneK007uZXgEjV3llRqtA,-9,badcase,泛生活博客+杂项测评，和咖啡机促销相关性弱
2580,UCIcmqK5nk62cGlbDD6b1xkA,Iconic Soundbites 2.0,https://cn.noxinfluencer.com/youtube/channel/UCIcmqK5nk62cGlbDD6b1xkA,-20,badcase,纯娱乐音乐频道，缺少家电/购买导向
2581,UCIeWa1EJA3rnlI4o_q2vN9w,EmmTASTY,https://cn.noxinfluencer.com/youtube/channel/UCIeWa1EJA3rnlI4o_q2vN9w,-17,badcase,食谱/ASMR内容，缺少咖啡机评测或购买导向
2582,UCIf7j_kwI0dmf8gLKZWWmoA,Peeler Dicicco,https://cn.noxinfluencer.com/youtube/channel/UCIf7j_kwI0dmf8gLKZWWmoA,-10,badcase,家居杂谈混合频道，和咖啡机推广关联弱
2584,UCIfkSibo3IS89TgdEISLpCg,Javita & the Dollar Coffee Club,https://cn.noxinfluencer.com/youtube/channel/UCIfkSibo3IS89TgdEISLpCg,-18,badcase,以即溶咖啡和免冲泡卖点为主，不适合咖啡机推广
2586,UCIjtjrXgYdkQ6eH1uZNfs7w,BevyB,https://cn.noxinfluencer.com/youtube/channel/UCIjtjrXgYdkQ6eH1uZNfs7w,-10,badcase,咖啡/espresso仅泛泛出现，近10条内容以健身美妆为主
2587,UCIkvAy8deMTUv2kZiDKKG_Q,Pc Cake,https://cn.noxinfluencer.com/youtube/channel/UCIkvAy8deMTUv2kZiDKKG_Q,-25,badcase,内容为成人游戏存档，和咖啡机推广场景不相关
2588,UCIl9KrTT4IQU7M6NHrwT9QA,Pam from Maryland,https://cn.noxinfluencer.com/youtube/channel/UCIl9KrTT4IQU7M6NHrwT9QA,-8,badcase,以手工/家居测评为主，和咖啡机推广缺少明确交集
2589,UCIlG8AnF8peG8IuX3Llde7w,Natural Life,https://cn.noxinfluencer.com/youtube/channel/UCIlG8AnF8peG8IuX3Llde7w,-6,badcase,生活方式/服饰家居频道，咖啡设备推广意图弱，近期内容不匹配
2590,UCImo0BnD89rZ-l7Qqb8GT4A,HighDollarHobo,https://cn.noxinfluencer.com/youtube/channel/UCImo0BnD89rZ-l7Qqb8GT4A,0,badcase,标签与咖啡机完全无关，且无近期相关内容
2592,UCIpbwLBQeCnzCNGEPq88h3A,Xuan Polzer,https://cn.noxinfluencer.com/youtube/channel/UCIpbwLBQeCnzCNGEPq88h3A,-10,badcase,无咖啡机或设备评测购买意图，近期多为家装生活内容
2593,UCIqcydujkadZX4qzJJbFDOQ,Brayden Lockhart,https://cn.noxinfluencer.com/youtube/channel/UCIqcydujkadZX4qzJJbFDOQ,-25,badcase,娱乐叙事频道，近10条全不相关，不适合咖啡机推广
2594,UCIqy9CfXor47cSeWjzchWNw,Jk Collection,https://cn.noxinfluencer.com/youtube/channel/UCIqy9CfXor47cSeWjzchWNw,-8,badcase,珠宝向频道，近期虽有小家电标题但与咖啡机无关
2595,UCIt55bK_rsjDaaJwFaU0XIw,Nawas,https://cn.noxinfluencer.com/youtube/channel/UCIt55bK_rsjDaaJwFaU0XIw,-20,badcase,叙事短剧/搞笑短视频为主，咖啡机只是梗点，不适合真机推广
2596,UCItUfG8gs8wR_1s_fpLxe0Q,Hiro’s Lazy Channel,https://cn.noxinfluencer.com/youtube/channel/UCItUfG8gs8wR_1s_fpLxe0Q,-7,badcase,生活旅行vlog为主，咖啡仅场景提及，无咖啡机评测购买意图
2598,UCIvgOwGMsFASUtiMHjAaxaw,sweetqueenasmr,https://cn.noxinfluencer.com/youtube/channel/UCIvgOwGMsFASUtiMHjAaxaw,-25,badcase,ASMR玩具开箱为主，咖啡机只是玩具梗，明显不适合真产品推广
2599,UCIwdS1JEXPVDUk8CmCoTHIw,El Foodie Boricua,https://cn.noxinfluencer.com/youtube/channel/UCIwdS1JEXPVDUk8CmCoTHIw,-8,badcase,烹饪烧烤频道与咖啡机只有厨房场景弱重叠，购买意图不足
2600,UCIxJ5lqS-5h3VS9X5RkLqng,yomi matsuoka,https://cn.noxinfluencer.com/youtube/channel/UCIxJ5lqS-5h3VS9X5RkLqng,-9,badcase,标签仅泛泛生活/美食，近10条无咖啡机相关内容，整体不适合投放
2601,UCIxo10w-bJHG69YicSKDwCg,Second Hand TV,https://cn.noxinfluencer.com/youtube/channel/UCIxo10w-bJHG69YicSKDwCg,-10,badcase,无标签命中，近期内容多为家居维修/安装，与咖啡机推广仅弱相关
2603,UCIzt4zQxDtmhjCbzQpzZ4wg,Smalltown Six,https://cn.noxinfluencer.com/youtube/channel/UCIzt4zQxDtmhjCbzQpzZ4wg,-8,badcase,以家庭购物和菜谱为主，缺少咖啡机/家电购买或测评内容
2604,UCJ0BmJOn_bRKiApjc45QZ1w,Free HD videos - no copyright,https://cn.noxinfluencer.com/youtube/channel/UCJ0BmJOn_bRKiApjc45QZ1w,-25,badcase,自然风光素材号，与咖啡机推广无关，近10条全不匹配
2605,UCJ0py-Fq9hzuaTkz7easRJA,Carson Duffy,https://cn.noxinfluencer.com/youtube/channel/UCJ0py-Fq9hzuaTkz7easRJA,-10,badcase,以发明/机关演示为主，几乎没有咖啡机选购语境
2606,UCJ2-II8AacTI34g3fWG2s1Q,Happily Eva After,https://cn.noxinfluencer.com/youtube/channel/UCJ2-II8AacTI34g3fWG2s1Q,-8,badcase,生活方式/家装内容多，近期几乎无家电测评语境
2609,UCJ46YTYBQVXsfsp8-HryoUA,Pipkin Pippa Ch.【Phase Connect】,https://cn.noxinfluencer.com/youtube/channel/UCJ46YTYBQVXsfsp8-HryoUA,-25,badcase,游戏/VTuber娱乐内容为主，和咖啡机推广明显错位
2612,UCJ57m-URV-r_NL-jCxtaIFw,Fashion Rain,https://cn.noxinfluencer.com/youtube/channel/UCJ57m-URV-r_NL-jCxtaIFw,-10,badcase,近期10条均为其他商品/家居杂项，缺少咖啡机或购买评测信号
2613,UCJ5K6S_wNsoHi9OZ6nno94g,Home Top Reviews,https://cn.noxinfluencer.com/youtube/channel/UCJ5K6S_wNsoHi9OZ6nno94g,-10,badcase,近10条全为相机/游戏/按摩器，和咖啡机推广无关
2614,UCJ6P4dS5FXUa-j_NFIG6yPw,alabaiCA Family,https://cn.noxinfluencer.com/youtube/channel/UCJ6P4dS5FXUa-j_NFIG6yPw,-9,badcase,标签偏园艺生活，近10条仅1条咖啡机维护，整体不适合咖啡机推广
2620,UCJ9oV0tBGMx5NIQhJNccZ1w,3M Creative,https://cn.noxinfluencer.com/youtube/channel/UCJ9oV0tBGMx5NIQhJNccZ1w,-9,badcase,旅游餐饮杂内容，近期以植物和篮球为主，与咖啡机推广不相关
2622,UCJBIe3hDQSaDQYcV5cEjtwA,The Curiosity Lab,https://cn.noxinfluencer.com/youtube/channel/UCJBIe3hDQSaDQYcV5cEjtwA,-9,badcase,科普健康为主，仅一条咖啡对比视频，整体不适合咖啡机投放
2623,UCJCgaQzY5z5sA-xwkwibygw,Rachelleea,https://cn.noxinfluencer.com/youtube/channel/UCJCgaQzY5z5sA-xwkwibygw,0,badcase,家居生活清洁频道，仅弱场景重合，无咖啡机评测或购买意图
2625,UCJD7NQgRKMtgPUmX6OsSylg,The Maker Orbit,https://cn.noxinfluencer.com/youtube/channel/UCJD7NQgRKMtgPUmX6OsSylg,-10,badcase,手工实验频道，近10条几乎都与咖啡机无关
2630,UCJJZi160g6ri_ynGzCOg98w,SuperViralTV,https://cn.noxinfluencer.com/youtube/channel/UCJJZi160g6ri_ynGzCOg98w,-10,badcase,新闻/游戏混杂，近10条都不围绕咖啡机或家电推广
2631,UCJKTRD26LmX-7RtvWWqZfsA,Sweet and Suites,https://cn.noxinfluencer.com/youtube/channel/UCJKTRD26LmX-7RtvWWqZfsA,-8,badcase,有购物标签但最近以旅行/景点为主，咖啡机关联弱
2632,UCJLKSFlzVipNfRA4KmFr1dw,Mohamed Alnuaimi,https://cn.noxinfluencer.com/youtube/channel/UCJLKSFlzVipNfRA4KmFr1dw,-10,badcase,题材分散且近10条无咖啡机或家电评测上下文
2634,UCJNaIjlk1GLdXoO9WykCZrw,The Astute Tourist,https://cn.noxinfluencer.com/youtube/channel/UCJNaIjlk1GLdXoO9WykCZrw,-22,badcase,咖啡话题但偏直播娱乐，缺少咖啡机评测/购买导向，近期内容不匹配
2635,UCJO17OHWFNYyPlCCDykB37w,Crossover's Box Studios,https://cn.noxinfluencer.com/youtube/channel/UCJO17OHWFNYyPlCCDykB37w,-25,badcase,动画/电影向频道，最近10条全是剧情动画，和咖啡机推广严重不符
2636,UCJP3aVsZUckxzqhyt6ojS6g,Jonathan Tan,https://cn.noxinfluencer.com/youtube/channel/UCJP3aVsZUckxzqhyt6ojS6g,-15,badcase,都市传说+恐怖娱乐频道，受众与咖啡机产品推广不匹配
2637,UCJQ2AwHtgGbDHaTtPNET1sQ,Jcruz Creates,https://cn.noxinfluencer.com/youtube/channel/UCJQ2AwHtgGbDHaTtPNET1sQ,-9,badcase,胡须护理与生活方式频道，只有很弱的泛生活关联
2638,UCJRgTRgD4J7Tr4mUZg9CCyg,Let's Build Software,https://cn.noxinfluencer.com/youtube/channel/UCJRgTRgD4J7Tr4mUZg9CCyg,-9,badcase,音乐频道仅偶发咖啡机视频，整体仍不适合做咖啡机推广
2639,UCJS7YIi-fgyRogGp6FgPUPw,Jeremy Sry,https://cn.noxinfluencer.com/youtube/channel/UCJS7YIi-fgyRogGp6FgPUPw,-8,badcase,以饮食/健身内容为主，近10条都不体现咖啡机购买或评测场景
2640,UCJTb9oJ2nfndFvQMR8bLSdA,SCP Slayer-gaming,https://cn.noxinfluencer.com/youtube/channel/UCJTb9oJ2nfndFvQMR8bLSdA,-25,badcase,游戏娱乐频道，与咖啡机推广场景不匹配，近期内容也全是游戏向
2641,UCJTlWiNnZ-B2Cb4sww2nu4Q,Fashion Tips 7,https://cn.noxinfluencer.com/youtube/channel/UCJTlWiNnZ-B2Cb4sww2nu4Q,-10,badcase,频道以时尚穿搭为主，与咖啡机推广无关，最近内容也全不匹配
2642,UCJUPOoV8vX6ceqAmn8kh18A,BOKI EMRYS TV,https://cn.noxinfluencer.com/youtube/channel/UCJUPOoV8vX6ceqAmn8kh18A,-35,badcase,恐怖娱乐故事型频道，和咖啡机推广场景明显不匹配
2643,UCJWDSjVBrmIj5gDEZMtw3lQ,Cvnka,https://cn.noxinfluencer.com/youtube/channel/UCJWDSjVBrmIj5gDEZMtw3lQ,-22,badcase,以游戏/娱乐/ASMR为主，缺少咖啡机评测或购买导向，格式不适合推广
2644,UCJX2PsB_YGoaBijzuGADYzA,BringItDon,https://cn.noxinfluencer.com/youtube/channel/UCJX2PsB_YGoaBijzuGADYzA,-25,badcase,游戏频道，且近10条全为游戏内容，与咖啡机推广场景不匹配
2645,UCJZ-uQrb9Iyt3rbpk9RPlOQ,Chain Bureau,https://cn.noxinfluencer.com/youtube/channel/UCJZ-uQrb9Iyt3rbpk9RPlOQ,0,badcase,偏返佣/财经频道，虽有产品评测词但近期内容完全不对咖啡机推广场景
2646,UCJa284RDVcYyDFBV_hraJwQ,Honeydew Bakehouse,https://cn.noxinfluencer.com/youtube/channel/UCJa284RDVcYyDFBV_hraJwQ,-10,badcase,纯烘焙菜谱频道，缺少咖啡机评测/购买意图，近期内容也不匹配
2647,UCJa8Lz7Ps1UmqRXKR6NOFtw,Tim Joo,https://cn.noxinfluencer.com/youtube/channel/UCJa8Lz7Ps1UmqRXKR6NOFtw,-9,badcase,生活方式频道，只有弱泛化场景相关，缺少咖啡机产品推广信号
2649,UCJcZ3S6DgZl8KBIhH1L7TOg,Keisha Pettway-Eaves,https://cn.noxinfluencer.com/youtube/channel/UCJcZ3S6DgZl8KBIhH1L7TOg,-10,badcase,母婴生活频道，与咖啡机推广无关，近期内容高度不匹配
2651,UCJhFmjG_nPpZ-vJ7OIGCvSw,momtrends,https://cn.noxinfluencer.com/youtube/channel/UCJhFmjG_nPpZ-vJ7OIGCvSw,-10,badcase,母婴/美妆/滑雪旅行向，和咖啡机推广不相关
2653,UCJhptI7DvSjcHIvm1scsBZQ,Ginniccole,https://cn.noxinfluencer.com/youtube/channel/UCJhptI7DvSjcHIvm1scsBZQ,-10,badcase,园艺频道，近期内容全是种植收获，与咖啡机推广无关
2656,UCJlaKxyCDOhfAlA7RsLTKOg,Kendra Christine,https://cn.noxinfluencer.com/youtube/channel/UCJlaKxyCDOhfAlA7RsLTKOg,-10,badcase,母婴生活向，虽有Coffee标签但近期内容不匹配
2657,UCJmcC-Q-_ssk1MDuYt-aW4g,Mr. Shao's AI Exploration,https://cn.noxinfluencer.com/youtube/channel/UCJmcC-Q-_ssk1MDuYt-aW4g,-30,badcase,红迪故事短剧为主，和咖啡机推广场景明显不符
2659,UCJn4jIjuDn8gjepNlmm7ARg,Woofy World,https://cn.noxinfluencer.com/youtube/channel/UCJn4jIjuDn8gjepNlmm7ARg,-20,badcase,AI狗短剧娱乐向，近期内容与咖啡机推广无关
2660,UCJnIfgMRMU_8rX5xfKSS9Aw,Cozy Relaxation,https://cn.noxinfluencer.com/youtube/channel/UCJnIfgMRMU_8rX5xfKSS9Aw,-35,badcase,白噪音/ASMR氛围声频道，和咖啡机推广格式强冲突
2663,UCJuSLndcC9G6werRJFoy8cA,Glam Dapper Family,https://cn.noxinfluencer.com/youtube/channel/UCJuSLndcC9G6werRJFoy8cA,-4,badcase,频道以时尚旅行家庭为主，仅单条咖啡机标题，缺少器具评测购买意图
2665,UCJvNap_aY_askbGREBnvi4A,Abbie,https://cn.noxinfluencer.com/youtube/channel/UCJvNap_aY_askbGREBnvi4A,-9,badcase,家居整理/母婴为主，近10条几乎都不适合咖啡机推广
2666,UCJvUXL9iOXBhP22YrUaGMIw,Mister Chase,https://cn.noxinfluencer.com/youtube/channel/UCJvUXL9iOXBhP22YrUaGMIw,-10,badcase,翻唱音乐频道，和咖啡机促销语境完全不符
2667,UCJvVDZqpsK7ESo4rhGMAVjw,Marina,https://cn.noxinfluencer.com/youtube/channel/UCJvVDZqpsK7ESo4rhGMAVjw,-8,badcase,生活方式频道，虽有咖啡词但近期以旅行美妆为主
2668,UCJwps7710jsIR4X2resUXqg,A Japanese Walking around New York,https://cn.noxinfluencer.com/youtube/channel/UCJwps7710jsIR4X2resUXqg,-10,badcase,街拍旅行频道，和咖啡机推广无关
2670,UCK1Tyw46qhCf1mWv7MkNHyA,Dad Jokes,https://cn.noxinfluencer.com/youtube/channel/UCK1Tyw46qhCf1mWv7MkNHyA,-20,badcase,纯喜剧整活，娱乐取向与咖啡机推广不匹配
2671,UCK2XwuS_GIHD8Rh2NKNb4DQ,andow doank,https://cn.noxinfluencer.com/youtube/channel/UCK2XwuS_GIHD8Rh2NKNb4DQ,-10,badcase,无咖啡机相关标签或视频，近期内容为杂货促销
2672,UCK33CfcCt-ezNGd_DiYEXYA,XDDISCIPLE,https://cn.noxinfluencer.com/youtube/channel/UCK33CfcCt-ezNGd_DiYEXYA,-25,badcase,动画搞笑短片，题材与咖啡机推广明显不相关
2675,UCK67IqD9UIDUtxGC21jdUWg,DESIGNVTED,https://cn.noxinfluencer.com/youtube/channel/UCK67IqD9UIDUtxGC21jdUWg,-25,badcase,游戏娱乐频道，近10条均与咖啡机推广无关
2676,UCK71Jc-pmv3BDHvMCz7rNVA,Mae Rogers,https://cn.noxinfluencer.com/youtube/channel/UCK71Jc-pmv3BDHvMCz7rNVA,-10,badcase,通用电子评测频道，近期无咖啡机或咖啡设备内容
2678,UCKB3V4FlEj1kIK-RsOjSUfQ,The Fun Fix,https://cn.noxinfluencer.com/youtube/channel/UCKB3V4FlEj1kIK-RsOjSUfQ,-25,badcase,汽车维修/越野内容为主，和咖啡机受众不符
2679,UCKBwGrIhebVPTDQV_5jYsJw,HomeShock,https://cn.noxinfluencer.com/youtube/channel/UCKBwGrIhebVPTDQV_5jYsJw,-25,badcase,短剧式救猫叙事频道，和实物产品推广不匹配
2680,UCKCjJrtdRmLh2FFSJgxfGxg,Freshnss,https://cn.noxinfluencer.com/youtube/channel/UCKCjJrtdRmLh2FFSJgxfGxg,-8,badcase,水过滤评测频道，仅弱场景相关，近期内容均非咖啡机
2681,UCKDXbZ20eSNWKPCSxOh5zww,Suzain's Kitchen,https://cn.noxinfluencer.com/youtube/channel/UCKDXbZ20eSNWKPCSxOh5zww,-10,badcase,美食菜谱频道，缺少咖啡机评测或购买推广语境
2682,UCKE56rXfXhOUfyWawnJjRag,HOODEEZ UP,https://cn.noxinfluencer.com/youtube/channel/UCKE56rXfXhOUfyWawnJjRag,-20,badcase,故事/娱乐型频道，内容形态与咖啡机商品推广明显不匹配
2683,UCKEGqkbBBDlKzL-wp0NN-7w,Programming Homework Help,https://cn.noxinfluencer.com/youtube/channel/UCKEGqkbBBDlKzL-wp0NN-7w,-20,badcase,编程作业帮助频道，受众和咖啡机推广目标完全不一致
2684,UCKISmQxHWis6GjHtiAncbSw,Pierre Barr,https://cn.noxinfluencer.com/youtube/channel/UCKISmQxHWis6GjHtiAncbSw,-9,badcase,频道以宝可梦开箱/卡牌和杂项为主，无咖啡机推广意图
2685,UCKJ5ycLTRBeqa_vrEf6jPMw,Swag lego,https://cn.noxinfluencer.com/youtube/channel/UCKJ5ycLTRBeqa_vrEf6jPMw,-17,badcase,乐高机器娱乐向，非咖啡机评测/购买场景，近期多为不相关作品
2687,UCKJjXgIiOCdLsIaU2KrMZqQ,Interesting videos,https://cn.noxinfluencer.com/youtube/channel/UCKJjXgIiOCdLsIaU2KrMZqQ,-22,badcase,杂项娱乐频道，题材分散且与咖啡机推广无关
2688,UCKKNk_76MStL15BL3al_OvQ,neutrino's mundane life,https://cn.noxinfluencer.com/youtube/channel/UCKKNk_76MStL15BL3al_OvQ,-13,badcase,生活方式内容偏泛，缺少咖啡机的明确使用或购买导向
2689,UCKKcwz-peEXPzNYulgrlOdQ,Yasa Violinist,https://cn.noxinfluencer.com/youtube/channel/UCKKcwz-peEXPzNYulgrlOdQ,-23,badcase,音乐/冥想向，内容格式与咖啡机推广明显不匹配
2690,UCKM_4MDTSpzxLTG_4A_JZPw,Asad Family Kitchen,https://cn.noxinfluencer.com/youtube/channel/UCKM_4MDTSpzxLTG_4A_JZPw,-6,badcase,烹饪食谱频道，无咖啡机评测、购买或设备使用语境
2691,UCKNW25pAYJ2sa4noWoRnQdw,essteeyou,https://cn.noxinfluencer.com/youtube/channel/UCKNW25pAYJ2sa4noWoRnQdw,-15,badcase,游戏/赌场内容，和咖啡机推广受众不匹配
2692,UCKPLrfSmGapcXXsDoKUpbMA,Mini Tech Lab,https://cn.noxinfluencer.com/youtube/channel/UCKPLrfSmGapcXXsDoKUpbMA,-10,badcase,无咖啡机相关标签，近期均为DIY工具/实验内容，推广相关性弱
2693,UCKQB1yxYc7ZKVozb2URpaeA,Top 5 PRODUCT REVIEW,https://cn.noxinfluencer.com/youtube/channel/UCKQB1yxYc7ZKVozb2URpaeA,-10,badcase,近期10条均为其他商品购买类内容，缺少咖啡机相关证据
2694,UCKR4s0ZYmwBjWu-W__fHLQQ,Taizy Packaging Machinery,https://cn.noxinfluencer.com/youtube/channel/UCKR4s0ZYmwBjWu-W__fHLQQ,-10,badcase,工业包装机械频道，与咖啡机推广无关，近期10条全部不匹配
2696,UCKTyBR73IeMHnEqQu1js9wg,KiDiBoom,https://cn.noxinfluencer.com/youtube/channel/UCKTyBR73IeMHnEqQu1js9wg,-25,badcase,儿童娱乐儿歌频道，与咖啡机推广场景完全不符
2701,UCKYz5uFB4zRRNnC7zbRXf4w,FRANKII,https://cn.noxinfluencer.com/youtube/channel/UCKYz5uFB4zRRNnC7zbRXf4w,-10,badcase,艺术日常频道，近期以绘画和生活vlog为主，缺少咖啡机受众
2702,UCKZEB131c-egjj1XDfcFkzw,Gambrick,https://cn.noxinfluencer.com/youtube/channel/UCKZEB131c-egjj1XDfcFkzw,-8,badcase,DIY建造频道，内容偏施工和石材项目，和咖啡机推广关联弱
2703,UCKalW_DhVtL4aNQ9BbmW5hw,Dreamverse Travel,https://cn.noxinfluencer.com/youtube/channel/UCKalW_DhVtL4aNQ9BbmW5hw,-10,badcase,旅行频道，近期全是迪士尼/邮轮内容，与咖啡机推广无关
2704,UCKbOOGkWRkTMfnt86gp9TRA,The Casting Faith Podcast,https://cn.noxinfluencer.com/youtube/channel/UCKbOOGkWRkTMfnt86gp9TRA,-15,badcase,播客娱乐叙事为主，近期偏奇闻故事，不适合咖啡机推广
2707,UCKd7WjjVIwi2Y4Xy4cyrg2Q,Tita Marie's Kitchen,https://cn.noxinfluencer.com/youtube/channel/UCKd7WjjVIwi2Y4Xy4cyrg2Q,-9,badcase,烹饪内容为主，只有厨房泛相关，和咖啡机推广弱相关
2709,UCKeXG0PpeovdllF2831UluQ,SmartNation USA,https://cn.noxinfluencer.com/youtube/channel/UCKeXG0PpeovdllF2831UluQ,-22,badcase,动物故事短视频为主，娱乐格式与家电推广明显不匹配
2710,UCKi9jmSMrSzCuqG8Og_a7Gw,Sóc Ham Học,https://cn.noxinfluencer.com/youtube/channel/UCKi9jmSMrSzCuqG8Og_a7Gw,-25,badcase,动物内容为主，和咖啡机投放目标完全不匹配
2711,UCKiN8ZiFwQ1EZozLWCNQPCA,SovandaHOAT,https://cn.noxinfluencer.com/youtube/channel/UCKiN8ZiFwQ1EZozLWCNQPCA,-35,badcase,ASMR和娱乐向，属于明显的投放格式错配
2712,UCKjvV6bFdLkjwdA-9ulH35w,Contemplate the Journey,https://cn.noxinfluencer.com/youtube/channel/UCKjvV6bFdLkjwdA-9ulH35w,-10,badcase,频道聚焦房车露营、修复和划船机，缺少咖啡机推广相关性
2713,UCKlcj9KFm_wVjOg_qyzWiZQ,Darius Brodesser,https://cn.noxinfluencer.com/youtube/channel/UCKlcj9KFm_wVjOg_qyzWiZQ,-9,badcase,无频道标签，近期多为生活杂项，仅一次咖啡机提及不足以支持推广
2715,UCKoBhmjnIGS49J-R-ckHoAw,Aaron Sánchez Shaun bitzer Sonic and tails,https://cn.noxinfluencer.com/youtube/channel/UCKoBhmjnIGS49J-R-ckHoAw,-25,badcase,儿童娱乐/剧情号，和咖啡机推广无关
2716,UCKoE96V8qTRmoDI7v2MnkAA,Arafat Hossain,https://cn.noxinfluencer.com/youtube/channel/UCKoE96V8qTRmoDI7v2MnkAA,-9,badcase,无标签和稳定咖啡机内容，仅一次产品提及，近期多为数码开箱
2718,UCKrfk9SMJ0_E1f74K-ChN2w,shilpa,https://cn.noxinfluencer.com/youtube/channel/UCKrfk9SMJ0_E1f74K-ChN2w,-10,badcase,读书/日常vlog为主，仅有烹饪弱场景，不适合咖啡机推广
2719,UCKs6_2yPlwYyuEFroMoS0bw,LevisWhisperPrints,https://cn.noxinfluencer.com/youtube/channel/UCKs6_2yPlwYyuEFroMoS0bw,-14,badcase,手作/Etsy号，品类错位，咖啡机不匹配
2720,UCKv-NB3qEGAC8mbAFu3uBmw,Tiny World MiniVerse,https://cn.noxinfluencer.com/youtube/channel/UCKv-NB3qEGAC8mbAFu3uBmw,-25,badcase,ASMR/动物微缩娱乐，和咖啡机推广场景明显不符
2722,UCKv8Rrrdc9oxLJmdHItafLA,ManlyBadassHero,https://cn.noxinfluencer.com/youtube/channel/UCKv8Rrrdc9oxLJmdHItafLA,-25,badcase,恐怖游戏频道，娱乐属性强，不适合咖啡机带货
2723,UCKvFLQwZ3agL3VJmgcKg-pg,Austen Tosone,https://cn.noxinfluencer.com/youtube/channel/UCKvFLQwZ3agL3VJmgcKg-pg,-7,badcase,内容创作/时尚生活为主，和咖啡机带货只有弱泛化人群
2724,UCKyb5Mq_f8p0T2BqcptYfbg,Andele Lara,https://cn.noxinfluencer.com/youtube/channel/UCKyb5Mq_f8p0T2BqcptYfbg,-6,badcase,生活美妆类频道，仅弱场景重合，近期内容缺少咖啡机推广语境
2725,UCKzDth52Gz-2u3SM2BWiwRg,Caribbean J03,https://cn.noxinfluencer.com/youtube/channel/UCKzDth52Gz-2u3SM2BWiwRg,-7,badcase,烹饪频道，近期多为空气炸锅和菜谱，缺少咖啡机推广语境
2726,UCKzyP078Cy0qWScrBL1C6kQ,Anna - USA,https://cn.noxinfluencer.com/youtube/channel/UCKzyP078Cy0qWScrBL1C6kQ,-9,badcase,无咖啡机相关标签，近期多为泛娱乐短视频，仅一条小家电购物弱相关
2727,UCL-HVWDFgx0OZCmmH0F4mbQ,LEGO Speed Build Central,https://cn.noxinfluencer.com/youtube/channel/UCL-HVWDFgx0OZCmmH0F4mbQ,-10,badcase,近期内容与咖啡机完全无关，主要是体育、新闻和娱乐杂项
2728,UCL-deu_B6eQDPAcGR2bsXWw,Guam Mama Cooks,https://cn.noxinfluencer.com/youtube/channel/UCL-deu_B6eQDPAcGR2bsXWw,-8,badcase,以做饭和园艺为主，仅有厨房场景弱相关，缺少咖啡机推广意图
2729,UCL0YAUoo3bsYag6wn3g0WVw,WilliApple,https://cn.noxinfluencer.com/youtube/channel/UCL0YAUoo3bsYag6wn3g0WVw,-10,badcase,苹果科技账号，受众和咖啡机促销场景不匹配
2730,UCL2K1Ql275GttUtmy5ynLIg,Janey Reyes,https://cn.noxinfluencer.com/youtube/channel/UCL2K1Ql275GttUtmy5ynLIg,-9,badcase,以时尚/生活vlog为主，无咖啡机或评测内容，近期内容不匹配
2731,UCL4LlnayiiGpiHKVcYPA5DA,True Gadget,https://cn.noxinfluencer.com/youtube/channel/UCL4LlnayiiGpiHKVcYPA5DA,-10,badcase,近10条多为电视/耳机/鞋类等泛数码，无咖啡机或咖啡设备内容
2734,UCL8ZULXASCc1I_oaOT0NaOQ,Google Chrome,https://cn.noxinfluencer.com/youtube/channel/UCL8ZULXASCc1I_oaOT0NaOQ,-10,badcase,频道内容聚焦Chrome/浏览器工具，与咖啡机推广无关，近10条也多不匹配。
2735,UCL8tOGodrzAHNatjkOscayw,SL WISH PRODUCTION,https://cn.noxinfluencer.com/youtube/channel/UCL8tOGodrzAHNatjkOscayw,-10,badcase,自然/动物内容为主，最近10条几乎都不相关
2736,UCLA5sdzRcObU4wxIUytRBUg,shockingguy - Join Me on My Journey,https://cn.noxinfluencer.com/youtube/channel/UCLA5sdzRcObU4wxIUytRBUg,-9,badcase,生活vlog为主，缺少咖啡机购买或评测语境
2737,UCLBfFuXhKBWVIeyU-7d9oUQ,Mart-of Shorts,https://cn.noxinfluencer.com/youtube/channel/UCLBfFuXhKBWVIeyU-7d9oUQ,-8,badcase,RC飞机短视频为主，只有泛化厨房/食品标签
2738,UCLBo-Nmn-p7qflwLHRpWFew,Elk,https://cn.noxinfluencer.com/youtube/channel/UCLBo-Nmn-p7qflwLHRpWFew,-10,badcase,区块链开发板频道，咖啡机只是技术项目示例
2740,UCLGBWrz5vJ4JwLTgIQIgMpg,The Reis on the Road,https://cn.noxinfluencer.com/youtube/channel/UCLGBWrz5vJ4JwLTgIQIgMpg,-10,badcase,旅游频道，与咖啡机推广无关，近10条内容全不匹配
2745,UCLMUdxbNI7zDxyyJvgdubaw,Omindi Gamage,https://cn.noxinfluencer.com/youtube/channel/UCLMUdxbNI7zDxyyJvgdubaw,-10,badcase,儿童/宠物杂内容为主，与咖啡机推广无关
2747,UCLOi9fGe5EdPfquSe1RS5aA,IMAX,https://cn.noxinfluencer.com/youtube/channel/UCLOi9fGe5EdPfquSe1RS5aA,-25,badcase,影视预告频道，内容主题与咖啡机推广明显不符
2749,UCLPCXzUsngtZFuFVcHeKOeA,dofare,https://cn.noxinfluencer.com/youtube/channel/UCLPCXzUsngtZFuFVcHeKOeA,-10,badcase,工业制造机台内容，非咖啡机消费场景
2750,UCLSA5tNpTSaPOfu6VmV1XEg,DMW Research,https://cn.noxinfluencer.com/youtube/channel/UCLSA5tNpTSaPOfu6VmV1XEg,-9,badcase,泛主题混杂，只有弱review信号，近期内容基本不相关
4551,UCrjmnkx0NWxFBoqOEFfW16Q,Does It Dad?,https://cn.noxinfluencer.com/youtube/channel/UCrjmnkx0NWxFBoqOEFfW16Q,-10,badcase,汽车测评频道，和咖啡机推广关联弱，近期全是车评
4554,UCrnHJbVEe4S9vE5WQhoP1eA,Mi Fe Cotidiana,https://cn.noxinfluencer.com/youtube/channel/UCrnHJbVEe4S9vE5WQhoP1eA,0,badcase,无咖啡机直相关，近期内容几乎全是宗教vlog，推广匹配度低
4556,UCroXa80Gi7bgC2pz9gorikg,Sesage Tetizo,https://cn.noxinfluencer.com/youtube/channel/UCroXa80Gi7bgC2pz9gorikg,-9,badcase,以料理内容为主，几乎无咖啡机推广或评测信号，仅有一条咖啡早餐标题
4557,UCrpse4Oojs7yPyxF42sxSKg,Hayden Currie,https://cn.noxinfluencer.com/youtube/channel/UCrpse4Oojs7yPyxF42sxSKg,-20,badcase,娱乐/喜剧/影视创作为主，近10条全不相关，不适合咖啡机推广
4559,UCrqR2S4ymKj1-iV5lR7bmwQ,The Warm Edit,https://cn.noxinfluencer.com/youtube/channel/UCrqR2S4ymKj1-iV5lR7bmwQ,-8,badcase,近10条多为文化/AI话题，仅少量咖啡场景，缺少咖啡机评测或购买导向
4560,UCrt45oExzkr0A9ppw6xSZcg,Tiny Care Crew,https://cn.noxinfluencer.com/youtube/channel/UCrt45oExzkr0A9ppw6xSZcg,-10,badcase,近期内容是微缩救援/修理叙事，无咖啡机购买或评测意图
4561,UCrtZXCQfRrp0krQz-8TCmCg,Nutrition Coach,https://cn.noxinfluencer.com/youtube/channel/UCrtZXCQfRrp0krQz-8TCmCg,-20,badcase,健康/美妆频道，含ASMR且近期内容全不相关，缺乏咖啡机推广场景
4563,UCru8rAdp1dP5gJd7Y7SqfJA,Top 5 Product,https://cn.noxinfluencer.com/youtube/channel/UCru8rAdp1dP5gJd7Y7SqfJA,-10,badcase,近期全是露营装备榜单，与咖啡机无关，缺少产品相关信号
4564,UCrui0aWcLqs-XMu1pXLayOQ,Rachel,https://cn.noxinfluencer.com/youtube/channel/UCrui0aWcLqs-XMu1pXLayOQ,-20,badcase,ASMR/relaxation为格式错配，近期内容多为理财杂谈，缺少咖啡机购买或测评
4565,UCrvRZWueTGHpfEqHjwuRFXA,Nyla Symone,https://cn.noxinfluencer.com/youtube/channel/UCrvRZWueTGHpfEqHjwuRFXA,-20,badcase,音乐娱乐频道，缺少咖啡机购买或评测语境
4566,UCrxFmk6C6vO7OYGge8neAaw,Visiodra,https://cn.noxinfluencer.com/youtube/channel/UCrxFmk6C6vO7OYGge8neAaw,-9,badcase,机器人/工厂为主，仅有很弱家用场景关联
4567,UCrxteWPCet9_Wu2jL4QQV_Q,Strive Beyond,https://cn.noxinfluencer.com/youtube/channel/UCrxteWPCet9_Wu2jL4QQV_Q,-8,badcase,科技泛内容，缺少咖啡机导购或测评信号
4569,UCs-Z-nopUbhe9LaGRJcVwyw,SIPUXIN TECHNOLOGY,https://cn.noxinfluencer.com/youtube/channel/UCs-Z-nopUbhe9LaGRJcVwyw,-25,badcase,工业包装灌装设备频道，不适合消费级咖啡机推广
4570,UCs0BiCWdsYbI7960uURymEQ,Chef Saadat,https://cn.noxinfluencer.com/youtube/channel/UCs0BiCWdsYbI7960uURymEQ,-6,badcase,仅泛美食食谱弱相关，近期内容无咖啡机/设备推广语境
4572,UCs1ckhyhzE7BZ9Q1VVhonhQ,Ga Hamsi,https://cn.noxinfluencer.com/youtube/channel/UCs1ckhyhzE7BZ9Q1VVhonhQ,-25,badcase,娱乐/ASMR为主，和咖啡机推广明显不符
4574,UCs6Y0tUeO0KkxO71fwjPNHw,Hype Cuttz,https://cn.noxinfluencer.com/youtube/channel/UCs6Y0tUeO0KkxO71fwjPNHw,-25,badcase,AI短视频与ASMR为主，缺少咖啡机测评或购买语境
4576,UCs9siIh64rD-uF2U7wgcOGA,BYOK,https://cn.noxinfluencer.com/youtube/channel/UCs9siIh64rD-uF2U7wgcOGA,-25,badcase,游戏/娱乐频道，内容形态与咖啡机推广明显不匹配
4578,UCsBC_Q4SIqklFg5_XpcfDtQ,Isaiah Armendariz,https://cn.noxinfluencer.com/youtube/channel/UCsBC_Q4SIqklFg5_XpcfDtQ,-25,badcase,娱乐搞笑频道，核心受众和内容都不适合家电推广
4579,UCsBwIVmUAV5iilX4axr7iyg,Ghosts of Tabor,https://cn.noxinfluencer.com/youtube/channel/UCsBwIVmUAV5iilX4axr7iyg,-25,badcase,VR游戏频道，主题与咖啡机推广完全不相干
4581,UCsEimzQSJoDP8x0eKvdkfDg,FavesDaily,https://cn.noxinfluencer.com/youtube/channel/UCsEimzQSJoDP8x0eKvdkfDg,-10,badcase,近期内容全是球鞋和加密货币推广，和咖啡机无关
4586,UCsTHlYNBMWqGkUZZkaME2iw,TVLDESIGNZ,https://cn.noxinfluencer.com/youtube/channel/UCsTHlYNBMWqGkUZZkaME2iw,-10,badcase,以手工/生活方式为主，和咖啡机推广关联弱且近10条几乎全不相关
4588,UCsXjvGSBPVMhmzbu0g1nZ_g,Unboxing Space,https://cn.noxinfluencer.com/youtube/channel/UCsXjvGSBPVMhmzbu0g1nZ_g,-10,badcase,时尚/腕表开箱为主，和咖啡机品类不匹配
4589,UCs_efkC260ymb7yTCz2uPqQ,Yuli,https://cn.noxinfluencer.com/youtube/channel/UCs_efkC260ymb7yTCz2uPqQ,-10,badcase,汽车/设备类频道，近10条与咖啡机无关
4590,UCs_f8fKg7gbC1wpnoLHBO7Q,Ayaan's Mom Kitchen,https://cn.noxinfluencer.com/youtube/channel/UCs_f8fKg7gbC1wpnoLHBO7Q,-10,badcase,烹饪内容为主，缺少咖啡机/家电相关证据
4591,UCsaVEjBPRoOV77mtYEcZYPg,Key of Awesome Music,https://cn.noxinfluencer.com/youtube/channel/UCsaVEjBPRoOV77mtYEcZYPg,-25,badcase,音乐娱乐频道，和咖啡机推广格式完全不匹配
4592,UCsb1gvYnIe6_d7L2tFCUeAA,Aliexpress Lexa Store,https://cn.noxinfluencer.com/youtube/channel/UCsb1gvYnIe6_d7L2tFCUeAA,-9,badcase,无频道标签命中，近期多为泛商品铺货，仅咖啡磨具弱相关
4595,UCseCRAjjb3VDjivUIcman7g,Affiliate Associate,https://cn.noxinfluencer.com/youtube/channel/UCseCRAjjb3VDjivUIcman7g,-10,badcase,泛商品导购号，但缺少咖啡机相关信号，近期多为其他品类
4596,UCsgEpSSA20NPz3vuscPqRkw,TammyHtheRealtor,https://cn.noxinfluencer.com/youtube/channel/UCsgEpSSA20NPz3vuscPqRkw,-9,badcase,生活方式/直播号，虽提到咖啡机但缺少评测或购买导向
4597,UCsi7f6y5dH5uuye3MeCfojA,Ballinger Family,https://cn.noxinfluencer.com/youtube/channel/UCsi7f6y5dH5uuye3MeCfojA,-10,badcase,家庭娱乐内容，和咖啡机推广场景不相关
4598,UCsiLXfF5pggZ0CcWWFBGDVg,STYLECNC,https://cn.noxinfluencer.com/youtube/channel/UCsiLXfF5pggZ0CcWWFBGDVg,-25,badcase,工业CNC/激光设备频道，与家用咖啡机受众明显错位
4599,UCsidMXlUZPkokKqvTcD99og,JosianeSRLéonneSRRenau,https://cn.noxinfluencer.com/youtube/channel/UCsidMXlUZPkokKqvTcD99og,-10,badcase,时尚配饰频道，和咖啡机完全不相干，近期内容也全是服饰
4600,UCsiqgA9sEPSPbA_yqkzTtBQ,Draw Color Art,https://cn.noxinfluencer.com/youtube/channel/UCsiqgA9sEPSPbA_yqkzTtBQ,-20,badcase,儿童绘画受众与咖啡机消费场景不符。
4602,UCsl9D9wUu44zOzfSqUUjeOw,videolink,https://cn.noxinfluencer.com/youtube/channel/UCsl9D9wUu44zOzfSqUUjeOw,-10,badcase,内容杂乱且无咖啡机或家电受众信号。
4603,UCsoDRD8Qfi2MD7iXak6W7Kw,Wajeeha’s Cooking Corner 👩‍🍳,https://cn.noxinfluencer.com/youtube/channel/UCsoDRD8Qfi2MD7iXak6W7Kw,-10,badcase,烹饪号有厨房场景，但缺咖啡机、测评和购买意图。
4604,UCspkAtUK_YLeaWKi6W9OoXA,Ivelin Palacio,https://cn.noxinfluencer.com/youtube/channel/UCspkAtUK_YLeaWKi6W9OoXA,-6,badcase,主频道为古巴旅行生活，咖啡内容偏场景探店，缺少咖啡机测评购买意图
4605,UCsrJIqOj-86yvHSoUs2qhVA,Vendnet USA,https://cn.noxinfluencer.com/youtube/channel/UCsrJIqOj-86yvHSoUs2qhVA,-9,badcase,仅有科技弱相关，近期全是售货机运维内容，和咖啡机推广不匹配
4606,UCsram9HBOXcOYlo70f7bcCQ,Softtrix,https://cn.noxinfluencer.com/youtube/channel/UCsram9HBOXcOYlo70f7bcCQ,-10,badcase,营销案例频道，与咖啡机推广无关，近10条内容全部不匹配
4607,UCsrnSTEZchK1OPTiyz2J_Xg,Conversations With Cor,https://cn.noxinfluencer.com/youtube/channel/UCsrnSTEZchK1OPTiyz2J_Xg,0,badcase,咖啡生活方式弱相关，无咖啡机评测、购买或设备内容
4608,UCstZzQslaLQtjr2C6k_KvQw,Tech Genie,https://cn.noxinfluencer.com/youtube/channel/UCstZzQslaLQtjr2C6k_KvQw,-10,badcase,内容偏企业/科技资讯，缺少咖啡机评测或购买导向
4609,UCstjQ-W2oRoHtI7l_CDWcSw,JB Harburg Vlog,https://cn.noxinfluencer.com/youtube/channel/UCstjQ-W2oRoHtI7l_CDWcSw,-7,badcase,美食vlog偏厨房场景，但无咖啡机相关内容，近10条均不匹配
4610,UCsu1_s8lsmQf4tc7jtNMj8A,XUANHAI POUCH MACHINE,https://cn.noxinfluencer.com/youtube/channel/UCsu1_s8lsmQf4tc7jtNMj8A,-20,badcase,工业制袋/印刷机械频道，非咖啡机消费品推广场景
4611,UCsugrrHVcEKwkvOjSnC2SHA,Home Cooking with Josephine Romano,https://cn.noxinfluencer.com/youtube/channel/UCsugrrHVcEKwkvOjSnC2SHA,-10,badcase,纯料理内容，缺少咖啡机购买或测评语境
4614,UCsz-dhsLM6VTYH1yUf5EkfQ,3DModels org,https://cn.noxinfluencer.com/youtube/channel/UCsz-dhsLM6VTYH1yUf5EkfQ,-20,badcase,3D模型展示频道，非商品测评或导购类型
4615,UCt-4ODKcxB71BNkOSvbnyvA,Artismia,https://cn.noxinfluencer.com/youtube/channel/UCt-4ODKcxB71BNkOSvbnyvA,0,badcase,以艺术为主，虽有产品评测标签，但近期内容与咖啡机推广不符
4617,UCt2R_t1tcdSrcmagQuFkDdA,Storied Design with Corbin Reid,https://cn.noxinfluencer.com/youtube/channel/UCt2R_t1tcdSrcmagQuFkDdA,-5,badcase,家居装修为主，仅有弱场景关联，缺少家电评测导向
4618,UCt2luvOLZyBsqz3H2w-KotA,MrB(AI),https://cn.noxinfluencer.com/youtube/channel/UCt2luvOLZyBsqz3H2w-KotA,-10,badcase,无明确垂类，近期内容偏泛娱乐/AI，和咖啡机推广无关
4619,UCt3MShf53TL59LBw-GmFzTQ,Unfiltered Laugh,https://cn.noxinfluencer.com/youtube/channel/UCt3MShf53TL59LBw-GmFzTQ,-10,badcase,喜剧短视频频道，娱乐属性强，缺少产品推广场景
4620,UCt3qogj2OHdMKT6FCUR1Saw,Horror Stories,https://cn.noxinfluencer.com/youtube/channel/UCt3qogj2OHdMKT6FCUR1Saw,-22,badcase,恐怖故事娱乐频道，近期内容全不相关，咖啡机推广不合适
4621,UCt4_jEC4--5s9gwxNsqEjrg,Speak Your Success Media,https://cn.noxinfluencer.com/youtube/channel/UCt4_jEC4--5s9gwxNsqEjrg,-10,badcase,播客励志频道，缺少家电购买或测评语境
4622,UCt4g_--9R68UWd53ojVp2vw,Abderose,https://cn.noxinfluencer.com/youtube/channel/UCt4g_--9R68UWd53ojVp2vw,-21,badcase,娱乐杂谈为主，仅一条咖啡机标题，整体不适合投放
4623,UCt6PIJv-XToi0M2o8Pp3_kw,Sew Aldo DIY,https://cn.noxinfluencer.com/youtube/channel/UCt6PIJv-XToi0M2o8Pp3_kw,-10,badcase,缝纫改衣内容，和咖啡机购买或测评场景无关
4626,UCtAxPd8ZrQSQaEKtpCppODg,Flexor Clyx,https://cn.noxinfluencer.com/youtube/channel/UCtAxPd8ZrQSQaEKtpCppODg,-25,badcase,军事史叙事频道，和咖啡机推广主题及受众完全不符。
4627,UCtBFsTgpuuNY6Likem8py2g,Pick Instant,https://cn.noxinfluencer.com/youtube/channel/UCtBFsTgpuuNY6Likem8py2g,-25,badcase,鞋类频道，近10条全是鞋内容，与咖啡机推广明显不相关
4628,UCtElmX5nF08P0cdlM464QRg,Daily Living and Finds,https://cn.noxinfluencer.com/youtube/channel/UCtElmX5nF08P0cdlM464QRg,-25,badcase,宠物狗内容面向动物用品，不适合人用咖啡机推广。
4630,UCtGEn6M3wJh1VRBLYliKD0w,Two Dads in Tech,https://cn.noxinfluencer.com/youtube/channel/UCtGEn6M3wJh1VRBLYliKD0w,-10,badcase,育儿/职场内容与咖啡机推广无关
4631,UCtH0vldihErhr1ys-j1bO1w,Driftworld Ambience,https://cn.noxinfluencer.com/youtube/channel/UCtH0vldihErhr1ys-j1bO1w,-16,badcase,咖啡店氛围音/ASMR是明显格式错配
4632,UCtI1pe-IVZOW4rmg2jA83xw,Salty Pseudo,https://cn.noxinfluencer.com/youtube/channel/UCtI1pe-IVZOW4rmg2jA83xw,-9,badcase,有1条咖啡机教程，但频道主体杂乱，最近10条大多不匹配
4633,UCtJifP1Se7aTfOt76t9kgNw,Callie Taylor,https://cn.noxinfluencer.com/youtube/channel/UCtJifP1Se7aTfOt76t9kgNw,-3,badcase,生活旅行咖啡店内容，缺少咖啡机评测/购买意图
4634,UCtKJHG5_PEkSS4poljUKNUw,Laziz Baldwin,https://cn.noxinfluencer.com/youtube/channel/UCtKJHG5_PEkSS4poljUKNUw,-10,badcase,以高尔夫为主，咖啡机相关性弱
4635,UCtKVTIwGm1o4auWb7lvR0xg,IcedCoffeeLover,https://cn.noxinfluencer.com/youtube/channel/UCtKVTIwGm1o4auWb7lvR0xg,-10,badcase,无咖啡机或咖啡设备相关信号，近期内容多为杂项
4636,UCtKuiZD5rkCjEpHymMSh1Pw,Hype House Squad,https://cn.noxinfluencer.com/youtube/channel/UCtKuiZD5rkCjEpHymMSh1Pw,-25,badcase,舞蹈娱乐号，和咖啡机推广场景明显不符
4637,UCtNqsRqpUCh0Oig6tw5qvug,Remarkable 10,https://cn.noxinfluencer.com/youtube/channel/UCtNqsRqpUCh0Oig6tw5qvug,-10,badcase,无咖啡机相关标签或视频，近期内容多为泛科技榜单
4639,UCtOxByjRvQXAaIH6ccexv5A,Brandon Mofat,https://cn.noxinfluencer.com/youtube/channel/UCtOxByjRvQXAaIH6ccexv5A,-25,badcase,娱乐短视频号，偏搞笑资讯，不适合咖啡机推广
4640,UCtRIpeO-6SssmG0Ve5yG2bQ,Temie Beauty,https://cn.noxinfluencer.com/youtube/channel/UCtRIpeO-6SssmG0Ve5yG2bQ,-5,badcase,美妆生活号，近期内容与咖啡机推广不匹配
4641,UCtSCsJ37NA4XWxnenmc6Znw,Builder Brigade,https://cn.noxinfluencer.com/youtube/channel/UCtSCsJ37NA4XWxnenmc6Znw,-7,badcase,家装内容仅有弱场景关联，近期都不指向咖啡机
4642,UCtSiRlYrARRspALio4zB_VA,Felipe Mejia,https://cn.noxinfluencer.com/youtube/channel/UCtSiRlYrARRspALio4zB_VA,-10,badcase,房产投资频道，受众与咖啡机推广明显不相关
4645,UCta3MuD7omvsJyb-SMQkKOQ,Trend Max,https://cn.noxinfluencer.com/youtube/channel/UCta3MuD7omvsJyb-SMQkKOQ,-24,badcase,泛娱乐榜单频道，近期无咖啡机内容，宠物/娱乐/电影信号不适配
4648,UCtd0KPMRLt-EqNK5gnnsJcg,MommyDonna&Fam,https://cn.noxinfluencer.com/youtube/channel/UCtd0KPMRLt-EqNK5gnnsJcg,-8,badcase,家庭Vlog为主，缺少家电测评或选购场景
4649,UCteVVqZU9NLjxGrEZ20JBqg,Kelly and Kody,https://cn.noxinfluencer.com/youtube/channel/UCteVVqZU9NLjxGrEZ20JBqg,-25,badcase,家庭喜剧母婴内容为主，缺少咖啡机评测或购买意图
4650,UCtezuJqYaDSgkSxeb-3gLUQ,The Prather Life,https://cn.noxinfluencer.com/youtube/channel/UCtezuJqYaDSgkSxeb-3gLUQ,-8,badcase,家居清洁向，非咖啡机评测/购买内容，近10条也缺少产品推广语境
4651,UCtf9Y1A0dO_xE_ni7Po7eMw,Seda Alkan,https://cn.noxinfluencer.com/youtube/channel/UCtf9Y1A0dO_xE_ni7Po7eMw,-3,badcase,以美妆/护肤为主，近10条几乎无咖啡机或咖啡器具内容，偏泛品测评但相关性弱
4652,UCtfygfPYw9XWOPG3SxMTEgg,Royal Jewels,https://cn.noxinfluencer.com/youtube/channel/UCtfygfPYw9XWOPG3SxMTEgg,-10,badcase,生活vlog频道，近10条无咖啡机相关，缺少购买/测评信号
4653,UCthJojGnUhWil8by6hMmF6A,Edobean,https://cn.noxinfluencer.com/youtube/channel/UCthJojGnUhWil8by6hMmF6A,-10,badcase,游戏频道，与咖啡机推广无关，近期内容也完全不匹配
4656,UCtqIjbyhRxhBIxsO89mRykw,Miscelaneosusa Store,https://cn.noxinfluencer.com/youtube/channel/UCtqIjbyhRxhBIxsO89mRykw,-10,badcase,内容为杂货/小商品集合，和咖啡机投放无关
4658,UCtwRB64-aeSu5mmFYAWdQxQ,Pad printer hot stamping machine screen machines,https://cn.noxinfluencer.com/youtube/channel/UCtwRB64-aeSu5mmFYAWdQxQ,-25,badcase,工业印刷设备频道，和咖啡机消费投放方向明显不符
4659,UCtwyUmW0wo-N_Y06xjgQuZA,Omaima Doghmi,https://cn.noxinfluencer.com/youtube/channel/UCtwyUmW0wo-N_Y06xjgQuZA,-5,badcase,偏旅行生活内容，虽有测评但对咖啡机投放支撑不足
4660,UCtxpVVari-95y-N2HtF4RZw,KeyNoel,https://cn.noxinfluencer.com/youtube/channel/UCtxpVVari-95y-N2HtF4RZw,-8,badcase,生活/兴趣泛内容，近期全是品牌/影片类话题，与咖啡机推广弱相关
4661,UCu-wtXjcF6_LS8kd8fdumbA,VACUUM TONES OFFICIAL,https://cn.noxinfluencer.com/youtube/channel/UCu-wtXjcF6_LS8kd8fdumbA,-25,badcase,音频/混音频道且有家电声响内容，属于强格式不匹配
4662,UCu1syyP9zmtP7FkJstd-D3A,Product Review,https://cn.noxinfluencer.com/youtube/channel/UCu1syyP9zmtP7FkJstd-D3A,-10,badcase,近期以娱乐为主，仅偶见产品词，缺少咖啡机或家电评测语境
4663,UCu1y1gQ5oKonKekq1g9qy2A,TheGeekman,https://cn.noxinfluencer.com/youtube/channel/UCu1y1gQ5oKonKekq1g9qy2A,-10,badcase,游戏/搞笑频道，和咖啡机购买推广无明显交集
4664,UCu36HYLsBlED8Fsk2udOQgw,Epoxy Mania BD,https://cn.noxinfluencer.com/youtube/channel/UCu36HYLsBlED8Fsk2udOQgw,-25,badcase,主标签为娱乐音乐舞蹈，近期内容也非咖啡机/家电推广
4666,UCu94tQ97wI8AOb7jTm8WHpA,Bergs Review,https://cn.noxinfluencer.com/youtube/channel/UCu94tQ97wI8AOb7jTm8WHpA,-12,badcase,泛测评频道但近期无咖啡机相关内容，相关性不足
4667,UCuAuK1UrBlODIy8sBOVkwgg,photo manipulation,https://cn.noxinfluencer.com/youtube/channel/UCuAuK1UrBlODIy8sBOVkwgg,-25,badcase,修图教程频道，与咖啡机推广主题和受众明显不符
4669,UCuCOj4YPBJFjPtLDOOiyW2Q,Brian Beers,https://cn.noxinfluencer.com/youtube/channel/UCuCOj4YPBJFjPtLDOOiyW2Q,-15,badcase,商业加盟频道，内容与咖啡机产品推广无关
4670,UCuDAL0PIJUTWowp0JCyH1SQ,That Baldwin Life,https://cn.noxinfluencer.com/youtube/channel/UCuDAL0PIJUTWowp0JCyH1SQ,-7,badcase,仅有旅行/vanlife弱场景，近期内容全为房车改装旅行，缺少咖啡机推广语境
4671,UCuDPQNfcy8omRu2D8eeic5Q,Mohamadreza Baghayi,https://cn.noxinfluencer.com/youtube/channel/UCuDPQNfcy8omRu2D8eeic5Q,-22,badcase,内容以故事短片和杂项开箱为主，缺少咖啡机购买/评测意图
4672,UCuEWW7vnP5s13gTVpeIeN1A,MySpiceTrail,https://cn.noxinfluencer.com/youtube/channel/UCuEWW7vnP5s13gTVpeIeN1A,-8,badcase,美食菜谱频道，缺少咖啡机推广所需的产品意图
4673,UCuFO9uQvdWxw9-Vxi37mz2Q,Sailin Gomez,https://cn.noxinfluencer.com/youtube/channel/UCuFO9uQvdWxw9-Vxi37mz2Q,-19,badcase,ASMR/满足感格式与咖啡机推广明显不匹配
4675,UCuJY_Bj5AE7tcq7_o_k489Q,𝗖𝗮𝗿𝗲𝗲𝗿 𝗪𝗲𝗮𝗹𝘁𝗵 𝗟𝗮𝗯,https://cn.noxinfluencer.com/youtube/channel/UCuJY_Bj5AE7tcq7_o_k489Q,-10,badcase,办公室吐槽号，和咖啡机推广场景完全无关
4679,UCuMRCOVPnHu5HYDYGrPxcng,RV & Travel Adventures,https://cn.noxinfluencer.com/youtube/channel/UCuMRCOVPnHu5HYDYGrPxcng,-9,badcase,RV旅行频道，仅有弱“home”泛相关，近10条内容都与咖啡机推广无关
4681,UCuNKgYLb0wOoMvclzSlBvbQ,The Kitchn,https://cn.noxinfluencer.com/youtube/channel/UCuNKgYLb0wOoMvclzSlBvbQ,-1,badcase,厨房美食频道，仅有泛厨房弱相关，无咖啡机评测或购买意图
4682,UCuPb03qXwSN19uIZUkHUjJA,ZackAttack,https://cn.noxinfluencer.com/youtube/channel/UCuPb03qXwSN19uIZUkHUjJA,-10,badcase,纯游戏娱乐频道，近期内容全是Minecraft/Beat Saber，无产品推广匹配
4683,UCuS5fmeEDpnW5JPMdRhGm7A,Making it happen Vlog,https://cn.noxinfluencer.com/youtube/channel/UCuS5fmeEDpnW5JPMdRhGm7A,-9,badcase,旅行/生活方式Vlog，近期无咖啡机评测或购买导向内容
4684,UCuSno_JRjm1k_pkb3rpQAOQ,CraftAltPlay,https://cn.noxinfluencer.com/youtube/channel/UCuSno_JRjm1k_pkb3rpQAOQ,-10,badcase,Minecraft建造频道，标题含咖啡机但只是游戏内搭建
4687,UCuVtfSS8_3SWaLEsMoO6fSA,Fluent Deutsch,https://cn.noxinfluencer.com/youtube/channel/UCuVtfSS8_3SWaLEsMoO6fSA,-10,badcase,纯德语学习，近期内容与咖啡机推广完全无关
4688,UCuYR_0chC3ydx1RYpM1I82w,The fame Desk,https://cn.noxinfluencer.com/youtube/channel/UCuYR_0chC3ydx1RYpM1I82w,-25,badcase,新闻政治反应号，内容主题与咖啡机推广不匹配
4689,UCuZI7h80BXNfx_uVdWZdflQ,Aesthetic traveler,https://cn.noxinfluencer.com/youtube/channel/UCuZI7h80BXNfx_uVdWZdflQ,-10,badcase,亲子时尚生活频道，仅咖啡时间场景，无咖啡机推广意图
4691,UCu_jW2F8YhNmh1kayGqTiUA,TekTherapy,https://cn.noxinfluencer.com/youtube/channel/UCu_jW2F8YhNmh1kayGqTiUA,-10,badcase,PC硬件频道，受众与咖啡机不匹配
4692,UCuaXd8nIipeQ7fIbm2J66CA,Supliful,https://cn.noxinfluencer.com/youtube/channel/UCuaXd8nIipeQ7fIbm2J66CA,-10,badcase,品牌/电商营销频道，非咖啡机消费场景
4693,UCuacsn-o8tCGlyAkNFyBaVQ,FreshFits,https://cn.noxinfluencer.com/youtube/channel/UCuacsn-o8tCGlyAkNFyBaVQ,-10,badcase,以服饰与杂货短视频为主，咖啡机相关性弱
4695,UCub842-9SQEN2f_o-RczYtg,Docs Crealities,https://cn.noxinfluencer.com/youtube/channel/UCub842-9SQEN2f_o-RczYtg,-9,badcase,生活/玩具内容为主，最近10条多为动物和玩具，无咖啡机语境
4698,UCufY1-FrKYacGYqJzSFH-nA,The Butter Half,https://cn.noxinfluencer.com/youtube/channel/UCufY1-FrKYacGYqJzSFH-nA,-10,badcase,烘焙食谱频道，缺少咖啡机测评、购买或使用语境
4700,UCuhYXPWKlpBxFabwOBeHG0w,Tales From the Mutiny,https://cn.noxinfluencer.com/youtube/channel/UCuhYXPWKlpBxFabwOBeHG0w,-11,badcase,以烘焙农场生活为主，无咖啡机测评/购买/设备内容
4701,UCui-jU7VLkopQi1_oZPFP4Q,Udisen Games,https://cn.noxinfluencer.com/youtube/channel/UCui-jU7VLkopQi1_oZPFP4Q,-10,badcase,纯游戏教程频道，近期内容与咖啡机推广无关
4702,UCui06JMm1LBL6bFjfqo2JqA,Moon Trent,https://cn.noxinfluencer.com/youtube/channel/UCui06JMm1LBL6bFjfqo2JqA,-10,badcase,音乐表演频道，缺少咖啡机购买或测评场景
4703,UCuiYGLqVBgkVe-sG13vDV8A,Karen Sandiego,https://cn.noxinfluencer.com/youtube/channel/UCuiYGLqVBgkVe-sG13vDV8A,-10,badcase,减重孕产频道，和咖啡机推广场景不匹配
4707,UCup1guDjavd_qcbPF8oMB2w,Omar Hamati,https://cn.noxinfluencer.com/youtube/channel/UCup1guDjavd_qcbPF8oMB2w,-7,badcase,健身减脂频道，缺少咖啡机的购买或使用场景
4708,UCuqYkvlsY_ga4Dtitv1a8Nw,Molly Daviza,https://cn.noxinfluencer.com/youtube/channel/UCuqYkvlsY_ga4Dtitv1a8Nw,-10,badcase,婴童/短视频娱乐频道，和咖啡机推广场景明显不匹配
4709,UCurAQPyXj5Rb7wX07enwhNw,Ten Keys to Thrive,https://cn.noxinfluencer.com/youtube/channel/UCurAQPyXj5Rb7wX07enwhNw,-10,badcase,旅行、风景、商业杂谈为主，和咖啡机推广关联很弱
4710,UCurWTt5j0wiJ6aw_xsiHwGg,David and Sonia,https://cn.noxinfluencer.com/youtube/channel/UCurWTt5j0wiJ6aw_xsiHwGg,-19,badcase,无标签相关性；近10条仅1条提到咖啡机且非推广向，整体内容不匹配
4713,UCutXVhhCYuNvqJ7qQxQKGwg,Kitchen Gear Lab,https://cn.noxinfluencer.com/youtube/channel/UCutXVhhCYuNvqJ7qQxQKGwg,-10,badcase,厨房家电评测偏烤箱/空气炸锅，近10条无咖啡机相关，推广匹配弱
4714,UCuvzqjm9ajHVPendLerQdTw,Simply Science Core,https://cn.noxinfluencer.com/youtube/channel/UCuvzqjm9ajHVPendLerQdTw,-10,badcase,科普叙事内容，无咖啡机购买/测评/教程信号，近10条几乎都不匹配
4715,UCuwWkGtmerNMBdd6yf_lidg,MyRegistry.com,https://cn.noxinfluencer.com/youtube/channel/UCuwWkGtmerNMBdd6yf_lidg,-10,badcase,礼物名单/退货提醒，和咖啡机推广场景无关
4716,UCuxZWcLB6DpBPLurcdO_10Q,Welon,https://cn.noxinfluencer.com/youtube/channel/UCuxZWcLB6DpBPLurcdO_10Q,-10,badcase,纯几何冲关游戏内容，和咖啡机推广无关
4718,UCuyAi1JvVAzVD2Cw2R2XlLg,Gilmore Friends Podcast,https://cn.noxinfluencer.com/youtube/channel/UCuyAi1JvVAzVD2Cw2R2XlLg,-10,badcase,剧情播客讨论向，非产品种草场景
4719,UCuyRHb0dPgr0H92_Op59Waw,OUR ALL IN ONE,https://cn.noxinfluencer.com/youtube/channel/UCuyRHb0dPgr0H92_Op59Waw,-10,badcase,美食旅行生活号，缺少咖啡机购买/测评语境
4720,UCuyZH7UOio4Zf2yRp09rnyg,Trei Burns Productions,https://cn.noxinfluencer.com/youtube/channel/UCuyZH7UOio4Zf2yRp09rnyg,-20,badcase,叙事短片/故事向内容，缺少咖啡机推广场景
4721,UCuzmWTyfDTdeHsmNkLv5cFA,Charlotte Summers- Brown,https://cn.noxinfluencer.com/youtube/channel/UCuzmWTyfDTdeHsmNkLv5cFA,-10,badcase,时尚+信仰励志内容，与咖啡机投放无关
4723,UCv1Uw1LrMGAo1RNZpFJsWAA,Amazon shixs,https://cn.noxinfluencer.com/youtube/channel/UCv1Uw1LrMGAo1RNZpFJsWAA,-10,badcase,泛商品带货但无咖啡机/咖啡器具聚焦
4724,UCv2e9PZJq-pZOR5e5VkSgjQ,SAY OKAY,https://cn.noxinfluencer.com/youtube/channel/UCv2e9PZJq-pZOR5e5VkSgjQ,-20,badcase,理财+氛围音乐为主，咖啡机只是顺带提及
4725,UCv2nVdEigXjDL0c4s0DY-ag,DK Tech Guy,https://cn.noxinfluencer.com/youtube/channel/UCv2nVdEigXjDL0c4s0DY-ag,-10,badcase,偏维修/施工内容，最近10条与咖啡机推广几乎无关
4726,UCv3fO89mqQ3lDy5wJUVILJg,SyndicateHDPVR,https://cn.noxinfluencer.com/youtube/channel/UCv3fO89mqQ3lDy5wJUVILJg,-25,badcase,游戏RP频道，内容主题与咖啡机推广完全不相干
4727,UCv4th9s8tl_X2eNsFXEtb9Q,Shardlings Quest,https://cn.noxinfluencer.com/youtube/channel/UCv4th9s8tl_X2eNsFXEtb9Q,-25,badcase,音乐/动画娱乐向频道，和家电类产品推广不匹配
4728,UCv7ihKeI9P_aYXq0tjHfDSA,Ruby's USA lifestyle,https://cn.noxinfluencer.com/youtube/channel/UCv7ihKeI9P_aYXq0tjHfDSA,-10,badcase,旅行vlog为主，缺少咖啡机测评/购买场景，关联弱
4731,UCv8czpWVEs7Fw5y_ffQvruQ,Cassandra Bromfield,https://cn.noxinfluencer.com/youtube/channel/UCv8czpWVEs7Fw5y_ffQvruQ,-10,badcase,内容与咖啡机推广无关，近期也缺少相关商品场景
4732,UCvBIv0lK8_WCNQveoAPktUg,Car Sharing Jho,https://cn.noxinfluencer.com/youtube/channel/UCvBIv0lK8_WCNQveoAPktUg,-16,badcase,咖啡场景弱相关，但频道车类标签占主导，缺少咖啡机评测购买意图
4734,UCvE8xdRXCDAZzHFSgkbOrNw,Keto Lifestyle,https://cn.noxinfluencer.com/youtube/channel/UCvE8xdRXCDAZzHFSgkbOrNw,-10,badcase,近期多为减肥补剂与功能胶囊，和咖啡机不匹配
4735,UCvEqA6BJwqbNwgZXzFCcuvg,明澳科技,https://cn.noxinfluencer.com/youtube/channel/UCvEqA6BJwqbNwgZXzFCcuvg,-25,badcase,车类改装频道，内容与咖啡机推广场景明显不符
4736,UCvFKUilbwlAToo3450l1CHg,TechWithLuke,https://cn.noxinfluencer.com/youtube/channel/UCvFKUilbwlAToo3450l1CHg,-24,badcase,频道聚焦游戏、特斯拉和数码配件，近期无咖啡机推广语境
4738,UCvJiYiBUbw4tmpRSZT2r1Hw,Science Channel,https://cn.noxinfluencer.com/youtube/channel/UCvJiYiBUbw4tmpRSZT2r1Hw,-10,badcase,科普纪录片频道，缺少咖啡机购买或测评语境
4740,UCvLaRgbZYxAWM9XgQRWMkZw,Aroon Ivy,https://cn.noxinfluencer.com/youtube/channel/UCvLaRgbZYxAWM9XgQRWMkZw,-25,badcase,童书和乐高叙事频道，最近全是书和角色内容，和咖啡机推广不匹配
4742,UCvOgB2YNIztUlonE7aJGgbA,Home Kits,https://cn.noxinfluencer.com/youtube/channel/UCvOgB2YNIztUlonE7aJGgbA,-20,badcase,最近全是猫粮测评，宠物向内容，和人用咖啡机完全不相关
4745,UCvRWDQPRsUPV-ChOKVLyMlQ,Nicole Burgess Marsh,https://cn.noxinfluencer.com/youtube/channel/UCvRWDQPRsUPV-ChOKVLyMlQ,-10,badcase,生活方式/时尚内容，与咖啡机促销无关
4746,UCvSkfnb-iT4OfFfj7tOFXMg,BeamnovaAmazon,https://cn.noxinfluencer.com/youtube/channel/UCvSkfnb-iT4OfFfj7tOFXMg,-9,badcase,仅有泛家居弱相关，内容与咖啡机无关
4747,UCvTFZbLYiwDUMNwtYkSGzGg,TECHNO,https://cn.noxinfluencer.com/youtube/channel/UCvTFZbLYiwDUMNwtYkSGzGg,-35,badcase,音乐娱乐频道，和咖啡机推广格式严重不符
4748,UCvTUTQ41WHdYhAUpwJlnvOw,pattycake,https://cn.noxinfluencer.com/youtube/channel/UCvTUTQ41WHdYhAUpwJlnvOw,-10,badcase,游戏/娱乐向频道，近期内容与咖啡机无关
4752,UCvW8iir9W1BYVhIumWgsvaw,Jenn Melon,https://cn.noxinfluencer.com/youtube/channel/UCvW8iir9W1BYVhIumWgsvaw,-35,badcase,纯娱乐喜剧/短剧内容，与咖啡机推广场景冲突
4753,UCvWJqZPP8sGAhALszPhFblw,AlexCruzHaha,https://cn.noxinfluencer.com/youtube/channel/UCvWJqZPP8sGAhALszPhFblw,-35,badcase,喜剧娱乐短视频频道，缺少咖啡机评测/购买意图，近期内容全不匹配
4757,UCvYlRdSYamAOmyI77Yqh0vg,Tina Dybal,https://cn.noxinfluencer.com/youtube/channel/UCvYlRdSYamAOmyI77Yqh0vg,-8,badcase,无咖啡机评测/购买/设备内容，近期多为生活喜剧杂谈
4758,UCvZhBYAlPOE-wWkOD97_TfQ,ISAAC HUERTA,https://cn.noxinfluencer.com/youtube/channel/UCvZhBYAlPOE-wWkOD97_TfQ,-9,badcase,仅有生活方式泛标签，近10条内容均无咖啡机推广相关
4759,UCv_0YyplNsDWLar1VBZgQIg,Pop toys,https://cn.noxinfluencer.com/youtube/channel/UCv_0YyplNsDWLar1VBZgQIg,-25,badcase,玩具ASMR/迷你厨房内容，和咖啡机推广场景明显不匹配
4760,UCv_rViM5ECdrsNC4MAYw8hw,MudiMood,https://cn.noxinfluencer.com/youtube/channel/UCv_rViM5ECdrsNC4MAYw8hw,-5,badcase,频道主域为护肤美妆，与咖啡机推广场景不匹配
4762,UCvavDbbzIBQFC8vgaMaQfvg,Travel Eats,https://cn.noxinfluencer.com/youtube/channel/UCvavDbbzIBQFC8vgaMaQfvg,-8,badcase,仅泛美食旅行场景，无咖啡机评测购买意图，近10条均不匹配
4763,UCvbiyOzrfTz2NCG2Wdfvw0A,Marco ACM,https://cn.noxinfluencer.com/youtube/channel/UCvbiyOzrfTz2NCG2Wdfvw0A,-36,badcase,娱乐短视频为主，咖啡机仅是标题点缀
4768,UCvkCyQoRBk0k5N08Z2lmUjw,Name Pending Productions,https://cn.noxinfluencer.com/youtube/channel/UCvkCyQoRBk0k5N08Z2lmUjw,-22,badcase,影视/节目内容为主，与咖啡机投放场景明显不符
4769,UCvkQjT3iE80sI079sUeqIaw,JIYA PRODUCTS,https://cn.noxinfluencer.com/youtube/channel/UCvkQjT3iE80sI079sUeqIaw,-18,badcase,电商杂货式产品频道，缺少咖啡机或厨房家电聚焦
4770,UCvnSyOfwtn7J14CYRbCaveQ,Rajiv Surendra,https://cn.noxinfluencer.com/youtube/channel/UCvnSyOfwtn7J14CYRbCaveQ,-9,badcase,仅有食物弱相关，无咖啡机评测/购买/设备内容，近况多不匹配
4771,UCvnjQ-wBvGE2Ep2OJ_31UlQ,Keke Herlina,https://cn.noxinfluencer.com/youtube/channel/UCvnjQ-wBvGE2Ep2OJ_31UlQ,-7,badcase,旅行vlog为主，咖啡机相关场景很少，近期内容大多不匹配
4772,UCvoqb5IBaKqiZTabCLAZcRA,Hardcore Italians,https://cn.noxinfluencer.com/youtube/channel/UCvoqb5IBaKqiZTabCLAZcRA,-33,badcase,意大利文化娱乐频道，无咖啡机评测/购买意图，近期内容不匹配
4773,UCvpqPtvhroUZaH2c3ngRhIw,Future Boost,https://cn.noxinfluencer.com/youtube/channel/UCvpqPtvhroUZaH2c3ngRhIw,-10,badcase,无咖啡机相关标签或内容，频道以杂货促销为主，不适合咖啡机推广
4774,UCvq-bpcRvd0-9W158hwLaTw,Kyrah Stewart,https://cn.noxinfluencer.com/youtube/channel/UCvq-bpcRvd0-9W158hwLaTw,-9,badcase,生活方式仅弱相关，近期内容与咖啡机推广不符
4775,UCvqcTGxIJBTEy0pz8wBD3hA,Winner's Lineup,https://cn.noxinfluencer.com/youtube/channel/UCvqcTGxIJBTEy0pz8wBD3hA,-10,badcase,通用产品榜单频道，但无咖啡机相关标签或近期内容
4777,UCvqpXd8QHfzPwqXuui_vCYQ,Nell SpellSell,https://cn.noxinfluencer.com/youtube/channel/UCvqpXd8QHfzPwqXuui_vCYQ,-10,badcase,缺少咖啡机相关信号，近期仅有杂项购物/娱乐内容
4779,UCvsmO2wbFs68UVMG_LHA5TQ,WE ARE ONE YOUTH,https://cn.noxinfluencer.com/youtube/channel/UCvsmO2wbFs68UVMG_LHA5TQ,-20,badcase,宗教宣教频道，和咖啡机推广场景明显不符
4781,UCvwFB8I1eyaVlc-7SMmhcMA,Spins With Sam,https://cn.noxinfluencer.com/youtube/channel/UCvwFB8I1eyaVlc-7SMmhcMA,-15,badcase,娱乐和宠物短视频为主，与咖啡机人用商品不匹配
4783,UCvym2Fm6uMFLIrCzBmLhx1Q,Bloo J,https://cn.noxinfluencer.com/youtube/channel/UCvym2Fm6uMFLIrCzBmLhx1Q,-15,badcase,娱乐影视频道，与咖啡机推广场景明显不符
4785,UCw-AY3fX7lr6LewNQMOksFA,Martin Riese,https://cn.noxinfluencer.com/youtube/channel/UCw-AY3fX7lr6LewNQMOksFA,-10,badcase,内容集中在水评测，与咖啡机推广基本不相关
4786,UCw0WSCXgN_uwoTZnpsNSJkg,Wishes,https://cn.noxinfluencer.com/youtube/channel/UCw0WSCXgN_uwoTZnpsNSJkg,-5,badcase,评测频道但近期全是相机泄露内容，缺少咖啡机或厨电证据
4787,UCw21Qxbzd7etZme0WnVKyEg,gozberry,https://cn.noxinfluencer.com/youtube/channel/UCw21Qxbzd7etZme0WnVKyEg,-25,badcase,游戏频道，近10条均为游戏内容，与咖啡机推广场景明显不符
4788,UCw3Q-Ouw4DWS6W2UhiMJXPQ,Healthy Disney,https://cn.noxinfluencer.com/youtube/channel/UCw3Q-Ouw4DWS6W2UhiMJXPQ,-10,badcase,迪士尼餐饮/旅行内容，缺少咖啡机评测或购买意图
4789,UCw6QP6sYfNZ0nZ5OM0GZcmQ,Climax Tech Gallery,https://cn.noxinfluencer.com/youtube/channel/UCw6QP6sYfNZ0nZ5OM0GZcmQ,-10,badcase,近10条全是钻机/制冰机，缺少咖啡机或相关购买内容
4791,UCw74YMux9WXL8r1Q52Df8Cg,AstroAlchemist,https://cn.noxinfluencer.com/youtube/channel/UCw74YMux9WXL8r1Q52Df8Cg,-25,badcase,POV搞笑短剧频道，叙事娱乐形态与咖啡机推广强冲突
4792,UCw7npP90rS__GSor7pRjI8Q,Chí Nguyễn,https://cn.noxinfluencer.com/youtube/channel/UCw7npP90rS__GSor7pRjI8Q,-10,badcase,电动滑板车/自行车频道，和咖啡机品类与受众都不相关
4794,UCw8wFQ62eERKRRitHO7zDgw,"Kawtco: Dementia & Alzheimer's Support, Simplified",https://cn.noxinfluencer.com/youtube/channel/UCw8wFQ62eERKRRitHO7zDgw,-10,badcase,认知症照护频道，主题偏健康照护，与咖啡机推广不匹配
4795,UCw9P_uFRVPXiLp4I18YHaHw,АzamLEGOguns,https://cn.noxinfluencer.com/youtube/channel/UCw9P_uFRVPXiLp4I18YHaHw,-10,badcase,玩具枪内容，和咖啡机推广完全不相关
4796,UCw9fHDA7Izc37bl9ZM3GYHQ,Stephanie Leyva,https://cn.noxinfluencer.com/youtube/channel/UCw9fHDA7Izc37bl9ZM3GYHQ,-10,badcase,美妆频道，缺少咖啡机评测/购买/使用场景，近期内容也不匹配
4797,UCwAeMdjO9b97xWk21kIcxiQ,kitchenaidus,https://cn.noxinfluencer.com/youtube/channel/UCwAeMdjO9b97xWk21kIcxiQ,-7,badcase,厨房厨电向，但近10条都不是咖啡机，推广相关性偏弱
4798,UCwEVoemDh4HWN3Sie-Sl0Tw,Ma Chao,https://cn.noxinfluencer.com/youtube/channel/UCwEVoemDh4HWN3Sie-Sl0Tw,-10,badcase,内容以收纳和清洁为主，近10条无咖啡机相关推广语境
4799,UCwID78xM-YPqZzGy04zBuJQ,Jammy Cooks,https://cn.noxinfluencer.com/youtube/channel/UCwID78xM-YPqZzGy04zBuJQ,-8,badcase,以食谱娱乐短视频为主，仅有食品/烹饪弱相关，近期内容与咖啡机推广明显不符
4800,UCwIaqtjczCaEaNxyv61lHNQ,Business Geek,https://cn.noxinfluencer.com/youtube/channel/UCwIaqtjczCaEaNxyv61lHNQ,-10,badcase,频道内容集中在公司注册/LLC业务，与咖啡机推广无关
4801,UCwJ0MSnM3_3OGuekYGI6bzw,Homey Vibe,https://cn.noxinfluencer.com/youtube/channel/UCwJ0MSnM3_3OGuekYGI6bzw,0,badcase,偏产品评测类，但近期全是割草机内容，和咖啡机促销不匹配
4802,UCwJIB4JL9RVYZjf1qtoHmsQ,Pegasus Lounge,https://cn.noxinfluencer.com/youtube/channel/UCwJIB4JL9RVYZjf1qtoHmsQ,-10,badcase,频道以eBay倒卖和商业技巧为主，与咖啡机推广缺少直接受众
4805,UCwO4I8ynGR65ulLqOj93VwA,Uncivil Gamers,https://cn.noxinfluencer.com/youtube/channel/UCwO4I8ynGR65ulLqOj93VwA,-25,badcase,游戏娱乐频道，近期全是游戏内容，不适合咖啡机推广
4806,UCwOgVPb_J7fFeqysg_MJWVQ,Engineering Knowledge Hub,https://cn.noxinfluencer.com/youtube/channel/UCwOgVPb_J7fFeqysg_MJWVQ,-10,badcase,工程计算频道，与咖啡机推广无关，近期内容也不匹配
4811,UCwS1nvv-2teEyHnngzVkZ2g,Michael B Steele Aviation,https://cn.noxinfluencer.com/youtube/channel/UCwS1nvv-2teEyHnngzVkZ2g,-10,badcase,航空内容与咖啡机无关，最近10条几乎全不匹配
4812,UCwWVRR3CSD9eKhkr92D9wmQ,Angela Andruh,https://cn.noxinfluencer.com/youtube/channel/UCwWVRR3CSD9eKhkr92D9wmQ,-10,badcase,穿搭频道，和咖啡机推广无关，近期内容全不匹配
4813,UCwWfjOVLrSTxClp5x5mdOrg,Philly Jatt,https://cn.noxinfluencer.com/youtube/channel/UCwWfjOVLrSTxClp5x5mdOrg,-10,badcase,偏娱乐游戏/故事内容，产品推广相关性很弱
4815,UCwYLJluAXJvH2wJtQ6UgHwg,Spiritual Channel,https://cn.noxinfluencer.com/youtube/channel/UCwYLJluAXJvH2wJtQ6UgHwg,-5,badcase,频道内容杂乱，几乎无咖啡机相关稳定信号
4817,UCwZ-Hjk7H8yYhVYRIvCzIeQ,Jozi’s Page,https://cn.noxinfluencer.com/youtube/channel/UCwZ-Hjk7H8yYhVYRIvCzIeQ,-25,badcase,娱乐播客带货式标题，格式不适合咖啡机推广
4818,UCwe6_N8g-JkTEWeOqu89JZQ,manekiimochii,https://cn.noxinfluencer.com/youtube/channel/UCwe6_N8g-JkTEWeOqu89JZQ,-15,badcase,纯游戏频道，近10条都与咖啡机无关
4819,UCweAsi2qS9OIfUc15b7B9Bg,Grandma Gets Real,https://cn.noxinfluencer.com/youtube/channel/UCweAsi2qS9OIfUc15b7B9Bg,-15,badcase,微缩手作/玩具频道，与咖啡机推广完全不相关
4820,UCwgZr_F8VmmiCJ4ziBgv0sw,Youtube Daze 🦁💋,https://cn.noxinfluencer.com/youtube/channel/UCwgZr_F8VmmiCJ4ziBgv0sw,-5,badcase,泛产品评测号，但近期内容多为美妆/生活杂项，咖啡机相关性弱
4821,UCwgxo2WmMPspTZ-uYPdyvVA,A-Gifts,https://cn.noxinfluencer.com/youtube/channel/UCwgxo2WmMPspTZ-uYPdyvVA,-9,badcase,仅1条咖啡机相关，近10条多为无关测评，整体不适合推广
4823,UCwj0BB4F83ZjuqYzQtMYQKw,LTPKMACHINERY,https://cn.noxinfluencer.com/youtube/channel/UCwj0BB4F83ZjuqYzQtMYQKw,-10,badcase,频道是包装/灌装机械厂，近10条均与咖啡机推广无关
4824,UCwkiRhcFSOM7281lFcIDapA,Life With Isabella Lanter,https://cn.noxinfluencer.com/youtube/channel/UCwkiRhcFSOM7281lFcIDapA,-10,badcase,生活方式频道，近10条均非咖啡机/家电内容，推广相关性弱
4825,UCwobFvwzoqOPMckXJelh5Rg,BrickVend,https://cn.noxinfluencer.com/youtube/channel/UCwobFvwzoqOPMckXJelh5Rg,-22,badcase,玩具ASMR频道，近期内容与咖啡机促销完全不符
4827,UCwrgPsVeZ5C_Cnc6GmJ0_-A,catalyst news,https://cn.noxinfluencer.com/youtube/channel/UCwrgPsVeZ5C_Cnc6GmJ0_-A,-25,badcase,娱乐八卦频道，和咖啡机购买推广不在同一场景
4829,UCwvqdR7d1s6LDAbtleMKfSQ,Crown Volkswagen of Lawrence,https://cn.noxinfluencer.com/youtube/channel/UCwvqdR7d1s6LDAbtleMKfSQ,-9,badcase,汽车经销商频道，咖啡机只是偶发内容，不适合定向推广
4830,UCwwbGZqT6Pf8mXQvN7FxAxQ,Skyler,https://cn.noxinfluencer.com/youtube/channel/UCwwbGZqT6Pf8mXQvN7FxAxQ,-3,badcase,仅生活方式弱相关，近期多为穿搭美妆健身，缺少咖啡设备推广语境
4831,UCwwq2pzp9g-uO-RkTcaG-Eg,Brittany Anne,https://cn.noxinfluencer.com/youtube/channel/UCwwq2pzp9g-uO-RkTcaG-Eg,-10,badcase,纯生活vlog，近期内容几乎全是日常/购物/工作，咖啡机相关性弱
4832,UCwxK2Bvlo-WiUx2GfGbSrZA,AKTOR,https://cn.noxinfluencer.com/youtube/channel/UCwxK2Bvlo-WiUx2GfGbSrZA,-25,badcase,演员娱乐向频道，主体是影视和赛车内容，不适合咖啡机推广
4836,UCwz_W2Be_IYhff6pTdkZOpQ,Regan Brown,https://cn.noxinfluencer.com/youtube/channel/UCwz_W2Be_IYhff6pTdkZOpQ,-10,badcase,宗教励志内容，近10条几乎全不相关
4838,UCx1iyA_H16hYobIUSRXH8Dw,animal breeding funny video,https://cn.noxinfluencer.com/youtube/channel/UCx1iyA_H16hYobIUSRXH8Dw,-10,badcase,机具短视频杂内容，缺咖啡机评测和购买场景
4839,UCx2JfoDAc4DIllN5hMahx-g,Reviewazon Hub,https://cn.noxinfluencer.com/youtube/channel/UCx2JfoDAc4DIllN5hMahx-g,-15,badcase,有评测标签，但近10条是歌曲/故事，格式严重不符
4840,UCx2NHP6rF57HeKaW9TieMXA,Plchomeschool,https://cn.noxinfluencer.com/youtube/channel/UCx2NHP6rF57HeKaW9TieMXA,-10,badcase,无相关标签，近期内容与咖啡机无关
4841,UCx36Je6Y1_nD8uCvZgCc83Q,Alan Wan,https://cn.noxinfluencer.com/youtube/channel/UCx36Je6Y1_nD8uCvZgCc83Q,-13,badcase,食品娱乐/ASMR内容为主，不适合咖啡机推广
4843,UCx5Ah7b1qtWScj-Yoq-PFqw,Bigfoot Tests Things,https://cn.noxinfluencer.com/youtube/channel/UCx5Ah7b1qtWScj-Yoq-PFqw,-22,badcase,挑战娱乐号，主线与咖啡机推广不匹配
4844,UCx5ERAjfcMwu9FCSIiw-eRA,Meow Meow,https://cn.noxinfluencer.com/youtube/channel/UCx5ERAjfcMwu9FCSIiw-eRA,-22,badcase,ASMR玩具厨房/娱乐内容，非咖啡机购买场景
4845,UCx5vVGjyRufeLMcVseCYH4g,Zoltan BD,https://cn.noxinfluencer.com/youtube/channel/UCx5vVGjyRufeLMcVseCYH4g,-10,badcase,以美食/生活为主，缺少咖啡机评测或购买意图，近期内容几乎全不匹配
4846,UCx6TQw5asY3IJ00x_9OEb_A,HappyLife & Food Around the World,https://cn.noxinfluencer.com/youtube/channel/UCx6TQw5asY3IJ00x_9OEb_A,-9,badcase,虽有Howto & Style，但主体是全球美食内容，咖啡机推广相关性弱且近期不匹配
4847,UCx7Q2JWLSxs_62BnswX1A7g,Florida Jon,https://cn.noxinfluencer.com/youtube/channel/UCx7Q2JWLSxs_62BnswX1A7g,-10,badcase,动物/自然类频道，与咖啡机推广无关，近期内容也几乎全部不匹配
4848,UCx7bP0WOik6tLCj_lI9nAGg,LearnSphere,https://cn.noxinfluencer.com/youtube/channel/UCx7bP0WOik6tLCj_lI9nAGg,-22,badcase,动画短剧/娱乐型频道，咖啡机标题也属剧情梗，属于明显投放格式不匹配
4849,UCx88_UsoNbx6LbNAjW6tzRw,Cam Justice Hub,https://cn.noxinfluencer.com/youtube/channel/UCx88_UsoNbx6LbNAjW6tzRw,-10,badcase,手表/健身穿戴频道，与咖啡机推广无直接相关，近期内容也明显偏离
4850,UCxAS_aK7sS2x_bqnlJHDSHw,America's Test Kitchen,https://cn.noxinfluencer.com/youtube/channel/UCxAS_aK7sS2x_bqnlJHDSHw,-9,badcase,偏烹饪食谱频道，缺少咖啡机购买或测评语境
4851,UCxAyatrD82oc7tugEUcXctA,24Billions.com,https://cn.noxinfluencer.com/youtube/channel/UCxAyatrD82oc7tugEUcXctA,-10,badcase,内容杂且近期多为动物和AI视频，与咖啡机无关
4853,UCxDkwDOxhHS-t3eTDvXEEog,UnStoPPablE FaTMaN,https://cn.noxinfluencer.com/youtube/channel/UCxDkwDOxhHS-t3eTDvXEEog,-10,badcase,纯励志内容，缺少产品和家电消费语境
4854,UCxFIhce4qzkoi_AMdWSRG7Q,Cartoon Crush,https://cn.noxinfluencer.com/youtube/channel/UCxFIhce4qzkoi_AMdWSRG7Q,-25,badcase,动画娱乐频道，和咖啡机促销受众不匹配
4857,UCxG83ISSA3nl3M7Uvfc7tVw,Mrs. Coffee,https://cn.noxinfluencer.com/youtube/channel/UCxG83ISSA3nl3M7Uvfc7tVw,-10,badcase,以游戏直播为主，和咖啡机推广场景不匹配
4858,UCxJJSPYiTFBCnX6BTzJkrVw,Jay,https://cn.noxinfluencer.com/youtube/channel/UCxJJSPYiTFBCnX6BTzJkrVw,-9,badcase,仅有一条咖啡标题，整体仍是泛题材内容
4859,UCxJj06jOiFtEQnBeqIszMbA,Serein Wu Beauty,https://cn.noxinfluencer.com/youtube/channel/UCxJj06jOiFtEQnBeqIszMbA,-22,badcase,ASMR+美妆主导，属于物理产品推广的格式错配
4861,UCxLmzK3vIaGrP1OFEh4pwaw,AFRICAN DIASPORA TRANSITION,https://cn.noxinfluencer.com/youtube/channel/UCxLmzK3vIaGrP1OFEh4pwaw,-25,badcase,政治社会议题频道，受众和咖啡机投放目标完全不符
4864,UCxS0KMeoJwaKd1Jq9sy5XKQ,KrissieDeathy,https://cn.noxinfluencer.com/youtube/channel/UCxS0KMeoJwaKd1Jq9sy5XKQ,-10,badcase,艺术/游戏创作频道，近期内容偏娱乐创作，不适合家电投放
4865,UCxSYr4yhrwjf8j0koeKkXhA,AI & Tech Pro,https://cn.noxinfluencer.com/youtube/channel/UCxSYr4yhrwjf8j0koeKkXhA,-20,badcase,AI段子频道，咖啡机仅在梗标题中出现，促销不匹配
4866,UCxUoymx9-uTPVgFI0D9RUSg,Sprout Garden,https://cn.noxinfluencer.com/youtube/channel/UCxUoymx9-uTPVgFI0D9RUSg,-25,badcase,农场纪录片频道，农业主题与咖啡机促销明显不符
4868,UCxW8BH_8_QFIaDjTr3vio0w,Piggybjorn Explores San Diego,https://cn.noxinfluencer.com/youtube/channel/UCxW8BH_8_QFIaDjTr3vio0w,-5,badcase,旅行+家常菜混合频道，近10期多为无关内容，偏弱
4870,UCxWM0QnsnMf-V4i4NfL4V5w,DIY with Michael Borders,https://cn.noxinfluencer.com/youtube/channel/UCxWM0QnsnMf-V4i4NfL4V5w,-9,badcase,以DIY电路维修为主，近期全是断路器，和咖啡机推广关联弱
4871,UCxWOjHNDmtSa-Eslo32ZFUA,Visual IQ Lab,https://cn.noxinfluencer.com/youtube/channel/UCxWOjHNDmtSa-Eslo32ZFUA,-22,badcase,找不同益智娱乐内容，属于纯娱乐形式，不适合产品推广
4872,UCxXJWZIrmUe34Pg6sebzkUQ,Hive Park,https://cn.noxinfluencer.com/youtube/channel/UCxXJWZIrmUe34Pg6sebzkUQ,-10,badcase,无咖啡机或咖啡设备内容，近期视频主题分散且多不匹配
4874,UCxXeKleRisCVccosoM7UFag,Royal Caribbean Cruise Chronicles,https://cn.noxinfluencer.com/youtube/channel/UCxXeKleRisCVccosoM7UFag,-10,badcase,邮轮旅行内容占主导，近期也偏船旅/博彩，和咖啡机不匹配
4875,UCx_kZNNPNDKIouL-ydOYulg,r50r,https://cn.noxinfluencer.com/youtube/channel/UCx_kZNNPNDKIouL-ydOYulg,-25,badcase,游戏/ROBLOX频道，和咖啡机推广目标完全不匹配
4876,UCxaZ0oJZJlRQ8wQihzwzsWg,Tina Unboxing Toys,https://cn.noxinfluencer.com/youtube/channel/UCxaZ0oJZJlRQ8wQihzwzsWg,-25,badcase,玩具开箱ASMR频道，主内容是玩具而非真实咖啡机
4877,UCxdCeHBUOlcCWr6RM8acEog,Winston Moy,https://cn.noxinfluencer.com/youtube/channel/UCxdCeHBUOlcCWr6RM8acEog,-10,badcase,CNC/木工DIY频道，缺少咖啡机相关购买或测评意图
4878,UCxdJqUmP5ftLBosnsd_5dbw,Mastergame5x,https://cn.noxinfluencer.com/youtube/channel/UCxdJqUmP5ftLBosnsd_5dbw,-10,badcase,纯宝可梦游戏内容，与咖啡机推广无关
4879,UCxdQfbwFypE-UShe0_p15xw,Luci Baby,https://cn.noxinfluencer.com/youtube/channel/UCxdQfbwFypE-UShe0_p15xw,-25,badcase,儿童玩具情景扮演频道，不适合推真实咖啡机
4880,UCxdbT68crID4cy_oD8ff0ZA,Aieve Home,https://cn.noxinfluencer.com/youtube/channel/UCxdbT68crID4cy_oD8ff0ZA,-10,badcase,频道主打巧克力零食涂层食谱，缺少咖啡机评测或购买意图
4881,UCxe6XFBFkSt67tlx9gj5mdw,T.M.GRACHIKOVICH,https://cn.noxinfluencer.com/youtube/channel/UCxe6XFBFkSt67tlx9gj5mdw,-10,badcase,电影、科技、新闻混杂，和咖啡机推广无关
4882,UCxf8cQcPx_0vssQ-KYpmt5w,Crescent Isle,https://cn.noxinfluencer.com/youtube/channel/UCxf8cQcPx_0vssQ-KYpmt5w,-25,badcase,游戏频道，题材与咖啡机推广明显不相干
4885,UCxggkhQmtI8BOS3Aw2u4Vzg,Little House of Beans,https://cn.noxinfluencer.com/youtube/channel/UCxggkhQmtI8BOS3Aw2u4Vzg,-8,badcase,以烹饪内容为主，缺少咖啡机测评/购买场景，近期内容也不聚焦
4886,UCxl_r-iP8mrfJ1bgqr7jzAw,The Trey King Show,https://cn.noxinfluencer.com/youtube/channel/UCxl_r-iP8mrfJ1bgqr7jzAw,-22,badcase,娱乐/社会话题频道，近期内容全是新闻八卦，和咖啡机推广不匹配
4888,UCxn9pzZ8b22ev7OgrUBfFnA,Fairy tailz,https://cn.noxinfluencer.com/youtube/channel/UCxn9pzZ8b22ev7OgrUBfFnA,-25,badcase,宠物娱乐频道，近期内容全不相关，且与咖啡机推广场景明显不匹配
4890,UCxnjiYKuAlwQW1snmOT30pA,Raytech7,https://cn.noxinfluencer.com/youtube/channel/UCxnjiYKuAlwQW1snmOT30pA,-8,badcase,科技数码频道，偏手机耳机，和咖啡机推广关联弱
4892,UCxqDR-kvbhyjK9ZPPtYxevA,Anthony S. Ferraro,https://cn.noxinfluencer.com/youtube/channel/UCxqDR-kvbhyjK9ZPPtYxevA,-10,badcase,盲人/无障碍内容为主，和咖啡机推广场景不匹配
4894,UCxtvVy4ddQ6mfa4Fm-p7Skw,Teeth,https://cn.noxinfluencer.com/youtube/channel/UCxtvVy4ddQ6mfa4Fm-p7Skw,-25,badcase,游戏/梗图频道，内容域与咖啡机商品推广明显不符
4895,UCxtxT7It1ci9BcRx10zoqfA,Rituka’s Lifestyle and kitchen,https://cn.noxinfluencer.com/youtube/channel/UCxtxT7It1ci9BcRx10zoqfA,-7,badcase,仅有泛美食/食谱弱相关，近期无咖啡机评测或购买场景
4896,UCxuVUhzfxQfxKj_UABig85Q,Rational Commerce,https://cn.noxinfluencer.com/youtube/channel/UCxuVUhzfxQfxKj_UABig85Q,-9,badcase,泛生活/兴趣号，近期无厨房或电器内容，推广相关性弱
4897,UCxv2usMJFL_nmWdB5Yrxcjg,Abbi Thurber,https://cn.noxinfluencer.com/youtube/channel/UCxv2usMJFL_nmWdB5Yrxcjg,-10,badcase,纯动画娱乐内容，几乎没有咖啡机种草场景
4898,UCxyLPDg7mWwnvn6aOX6DjYQ,Benjamin Ramsey,https://cn.noxinfluencer.com/youtube/channel/UCxyLPDg7mWwnvn6aOX6DjYQ,-10,badcase,旅行短视频为主，缺少厨房、电器或购买意图
4899,UCxyl6nEXVA7gn1H3Ho-PzSw,Top Generator,https://cn.noxinfluencer.com/youtube/channel/UCxyl6nEXVA7gn1H3Ho-PzSw,-15,badcase,野生动物娱乐内容，和咖啡机推广场景明显不符
4901,UCy-ms9wg49AfpfZ4UvhUX-A,Emily Jackson,https://cn.noxinfluencer.com/youtube/channel/UCy-ms9wg49AfpfZ4UvhUX-A,-9,badcase,仅有泛化开箱弱相关，近期内容集中清洁/美妆/生活，与咖啡机推广不符
4902,UCy2imQCNYqxttL8e0c8JLug,Bruhn_Doe,https://cn.noxinfluencer.com/youtube/channel/UCy2imQCNYqxttL8e0c8JLug,-15,badcase,核心是彩弹运动内容，最近10条全不相关，不适合咖啡机推广
4903,UCy3YgaOxY02xfRh_WNsryOw,The Sticky Note,https://cn.noxinfluencer.com/youtube/channel/UCy3YgaOxY02xfRh_WNsryOw,-6,badcase,偏生活食谱和小技巧，缺少咖啡机评测/购买/使用意图
4905,UCy4x55mwh5hlNkX6ND9CBdg,OUR DREAMS,https://cn.noxinfluencer.com/youtube/channel/UCy4x55mwh5hlNkX6ND9CBdg,-10,badcase,通用选品榜单，缺少咖啡机相关信号
4907,UCy7yFCYJGZeFctd6_jOifJg,Sky Clay,https://cn.noxinfluencer.com/youtube/channel/UCy7yFCYJGZeFctd6_jOifJg,-25,badcase,玩具/娱乐向手工频道，和咖啡机推广完全不搭
4908,UCy9vQ7b9Y13w9zuRWigfqng,Magick Academy,https://cn.noxinfluencer.com/youtube/channel/UCy9vQ7b9Y13w9zuRWigfqng,-10,badcase,符文/塔罗频道，内容与咖啡机推广无关
4909,UCyEwLY6dLvT9z5_-l1WpTSw,Akhtar Akhtar,https://cn.noxinfluencer.com/youtube/channel/UCyEwLY6dLvT9z5_-l1WpTSw,-22,badcase,ASMR+模型车内容，和咖啡机投放场景不匹配
4910,UCyHQHkC4v-JRYdTSgD1kg8g,Life with Erns,https://cn.noxinfluencer.com/youtube/channel/UCyHQHkC4v-JRYdTSgD1kg8g,-4,badcase,美食生活频道仅弱相关，近期多为餐饮/徒步/烧烤，缺少咖啡机评测购买意图
4911,UCyHljD6IC0p_X42cCZogk7Q,Tiffany Ann,https://cn.noxinfluencer.com/youtube/channel/UCyHljD6IC0p_X42cCZogk7Q,-10,badcase,清洁收纳频道，与咖啡机促销缺少主题和购买语境
4912,UCyIsHv_wbRWBu3wNNmmsNBg,Bonyo Bonev,https://cn.noxinfluencer.com/youtube/channel/UCyIsHv_wbRWBu3wNNmmsNBg,-10,badcase,汽车/游戏/体育混杂，和咖啡机推广几乎无关
4915,UCyRk08l7CdQsVmQX3fhW_iQ,LOOK,https://cn.noxinfluencer.com/youtube/channel/UCyRk08l7CdQsVmQX3fhW_iQ,-10,badcase,无咖啡机相关标签，近期全是其他商品带货，明显不匹配
4916,UCySBbxbVJmgj0cUukC4IJMw,Nishu's Recipes,https://cn.noxinfluencer.com/youtube/channel/UCySBbxbVJmgj0cUukC4IJMw,-6,badcase,美食做法频道，只有冷咖啡内容，缺少咖啡机购买或评测语境
4918,UCyWiWsGe4D_ZKivHdTOsLIw,AI to brands-Your generative AI expert,https://cn.noxinfluencer.com/youtube/channel/UCyWiWsGe4D_ZKivHdTOsLIw,-9,badcase,AI商品图频道偏品牌视觉，近期内容集中在服装电商，和咖啡机无关
4919,UCyXIFu_U_h-3LCfRN26adIg,James Hicks,https://cn.noxinfluencer.com/youtube/channel/UCyXIFu_U_h-3LCfRN26adIg,-10,badcase,商业播客和社媒技巧频道，近期内容与咖啡机推广缺乏关联
4920,UCyXWYhbJomJcTUg98MR5PFA,Little Tritans - Kids Songs and Nursery Rhymes,https://cn.noxinfluencer.com/youtube/channel/UCyXWYhbJomJcTUg98MR5PFA,-25,badcase,儿童儿歌频道，近10条均为娱乐内容，与咖啡机促销场景不符
4922,UCyY9tTl4EBfaKEg17B4Clmg,Rural Travel Stories,https://cn.noxinfluencer.com/youtube/channel/UCyY9tTl4EBfaKEg17B4Clmg,-8,badcase,乡村生活与做饭内容，无咖啡机评测、购买或设备使用意图
4923,UCyYGbBvicdjDvNEehOMEy4A,阿淇博士 Dr. Achi,https://cn.noxinfluencer.com/youtube/channel/UCyYGbBvicdjDvNEehOMEy4A,-9,badcase,仅有泛食品标签，近10条无咖啡机/家电内容，偏生活记录不适合推广
4925,UCyZIo7aNs6dLw1-c3cdY8Sw,Trusty Picks,https://cn.noxinfluencer.com/youtube/channel/UCyZIo7aNs6dLw1-c3cdY8Sw,0,badcase,无标签、视频或近期内容证据支持咖啡机推广相关性
4926,UCy_BAtLKQqGAkpJhObtKR5Q,ActivWall,https://cn.noxinfluencer.com/youtube/channel/UCy_BAtLKQqGAkpJhObtKR5Q,-10,badcase,门窗/咖啡探访类内容，和咖啡机推广受众不匹配
4927,UCya6wWW-sTDgOPBPpkhC5_w,Derrik Nikkel Studio's,https://cn.noxinfluencer.com/youtube/channel/UCya6wWW-sTDgOPBPpkhC5_w,-9,badcase,偏娱乐与泛品类内容，近期多为无关商品/生活题材
4929,UCyb_u_iDj6KKmVbjLfrPk7w,The WorldWide Machinist,https://cn.noxinfluencer.com/youtube/channel/UCyb_u_iDj6KKmVbjLfrPk7w,-15,badcase,工业制造频道偏B2B，和面向消费者的咖啡机不符
4930,UCybcIbwymuqybtM_4iNrTIQ,AutoSledge,https://cn.noxinfluencer.com/youtube/channel/UCybcIbwymuqybtM_4iNrTIQ,-25,badcase,车类与咖啡机促销场景完全不相关
4931,UCybcsYm0GzjLzwoqBD8BQpw,Tyto,https://cn.noxinfluencer.com/youtube/channel/UCybcsYm0GzjLzwoqBD8BQpw,-25,badcase,娱乐动画频道，缺少产品测评或购买语境
4934,UCyeSmmp2GazWJtflNlKVPDQ,traceacolyte-3D,https://cn.noxinfluencer.com/youtube/channel/UCyeSmmp2GazWJtflNlKVPDQ,-25,badcase,ASMR/3D满足感内容，与实体产品推广强错位
4935,UCyecoTkdnvleH-NIgFYIQ0w,Damian Reloaded,https://cn.noxinfluencer.com/youtube/channel/UCyecoTkdnvleH-NIgFYIQ0w,-10,badcase,近期全是翻唱/游戏/搞笑唱歌，和咖啡机完全无关
4936,UCyg33r8GHyoBwu4ZT_I_AVw,Hoplon InfoSec,https://cn.noxinfluencer.com/youtube/channel/UCyg33r8GHyoBwu4ZT_I_AVw,-10,badcase,安全合规资讯频道，缺少咖啡机评测或购买语境
4937,UCygkzPpueoIJQsLUnGEqFdA,Kirby Allison,https://cn.noxinfluencer.com/youtube/channel/UCygkzPpueoIJQsLUnGEqFdA,-10,badcase,男士定制时尚为主，虽有ASMR标题但与咖啡机无关
4938,UCyht4P0KLyICaCL5Xr2fnKg,Puku TV,https://cn.noxinfluencer.com/youtube/channel/UCyht4P0KLyICaCL5Xr2fnKg,-18,badcase,随机短视频/食物旅行搞笑为主，无咖啡设备评测或购买意图
4939,UCyiMb4vFJtWUDV-4ZW9kV0A,Mills “Mills”,https://cn.noxinfluencer.com/youtube/channel/UCyiMb4vFJtWUDV-4ZW9kV0A,-9,badcase,无频道标签支撑，近10条多为音频科技/社媒内容，仅单条咖啡机测试
4940,UCyjR3p64vJ6gy8-UIiQyaug,Life with Lily,https://cn.noxinfluencer.com/youtube/channel/UCyjR3p64vJ6gy8-UIiQyaug,-9,badcase,生活/健身内容为主，缺少咖啡机评测或购买场景
4941,UCyjtKbJrgDP28joN1PyXFSg,you know with Marty Kauffman,https://cn.noxinfluencer.com/youtube/channel/UCyjtKbJrgDP28joN1PyXFSg,-12,badcase,仅有泛食品/评测信号，近期多饮料和日常 vlog，非咖啡机推广场景
4942,UCykM24MtxQcFc7XebbdxzzQ,Mark Brockman,https://cn.noxinfluencer.com/youtube/channel/UCykM24MtxQcFc7XebbdxzzQ,-9,badcase,多为铁路/车辆内容，仅一条咖啡机清洁视频，推广不适合
4943,UCykoWlH491sqX56UwrvCr5w,HowToBBQRight Podcast,https://cn.noxinfluencer.com/youtube/channel/UCykoWlH491sqX56UwrvCr5w,-9,badcase,烤肉播客为主，只有泛食品类信号，咖啡机推广偏弱
4944,UCykza6U2_OH4VpvWKjymdaA,TRIUMPHLASER,https://cn.noxinfluencer.com/youtube/channel/UCykza6U2_OH4VpvWKjymdaA,-25,badcase,工业激光设备频道，与咖啡机推广场景明显不匹配
4945,UCymAqJmsJvAhUupRs7RzCsw,daddycool,https://cn.noxinfluencer.com/youtube/channel/UCymAqJmsJvAhUupRs7RzCsw,-14,badcase,ASMR切菜和声音向内容，缺少咖啡机评测/购买场景
4946,UCymMH-qpXmKL74YwxsfaPdg,CakePopClara,https://cn.noxinfluencer.com/youtube/channel/UCymMH-qpXmKL74YwxsfaPdg,-10,badcase,时尚娱乐频道，近期全是影视/游戏/表演内容，缺少产品推广场景
4949,UCyu7G4yzbBurC1oeKPqcQmg,Amandha Tutoreales44,https://cn.noxinfluencer.com/youtube/channel/UCyu7G4yzbBurC1oeKPqcQmg,-25,badcase,车辆维修频道，内容与咖啡机推广完全不符
4951,UCywtxl41LbTjk7vU5ovX_lQ,Done With Humans,https://cn.noxinfluencer.com/youtube/channel/UCywtxl41LbTjk7vU5ovX_lQ,-14,badcase,搞笑吐槽频道，咖啡机只是梗，缺少购买或测评语境
4952,UCyzAjaUa79dPJWafs7_8N2g,Benisa’s Cafe Podcast,https://cn.noxinfluencer.com/youtube/channel/UCyzAjaUa79dPJWafs7_8N2g,-8,badcase,播客/闲聊为主，咖啡只是聊天话题，不是咖啡机推广场景
4953,UCyzMcpQkq1umDTBbLPtFxhg,Rev. Elaine At Studio 7,https://cn.noxinfluencer.com/youtube/channel/UCyzMcpQkq1umDTBbLPtFxhg,-15,badcase,音乐娱乐频道，内容形态与咖啡机推广明显不匹配
4954,UCyzb6idAdIPhJ3Qr7o3iQQA,Kate Ramsay,https://cn.noxinfluencer.com/youtube/channel/UCyzb6idAdIPhJ3Qr7o3iQQA,-9,badcase,仅有泛家居弱关联，近10条无咖啡机或器具推广内容
4955,UCz0OdvEezW8_fNhEUoKpxXA,Random Order Show™,https://cn.noxinfluencer.com/youtube/channel/UCz0OdvEezW8_fNhEUoKpxXA,-35,badcase,喜剧播客频道，内容格式与咖啡机推广强冲突
4956,UCz23tPAOQ5-STGA7OlRhAQA,Ryan Dorman,https://cn.noxinfluencer.com/youtube/channel/UCz23tPAOQ5-STGA7OlRhAQA,-8,badcase,生活/美食泛频道，最近内容与咖啡机无关
4959,UCz4IhDFSOkix8VJaxsQZ0aw,Aga Synergy,https://cn.noxinfluencer.com/youtube/channel/UCz4IhDFSOkix8VJaxsQZ0aw,-35,badcase,频道以泡泡糖ASMR/娱乐为主，近10条全不相关，和咖啡机推广错位。
4960,UCz4dQMXZgrh8e5Cgt9wdAew,Quinn Mullen,https://cn.noxinfluencer.com/youtube/channel/UCz4dQMXZgrh8e5Cgt9wdAew,0,badcase,无标签无内容，无法支持咖啡机推广
4961,UCz6C_V6Jk2mtNBcPE5DFIew,Side Hustle Culture,https://cn.noxinfluencer.com/youtube/channel/UCz6C_V6Jk2mtNBcPE5DFIew,-10,badcase,偏YouTube自动化/副业，近期内容与咖啡机推广不符
4962,UCz6nDSqsSzTHBVXNCX-KnBw,ella rae ৎ,https://cn.noxinfluencer.com/youtube/channel/UCz6nDSqsSzTHBVXNCX-KnBw,-25,badcase,娱乐短视频频道，缺少产品推广与购买意图
4964,UCz7AQSofg3GwaSb_nmarECg,Ali Accessories,https://cn.noxinfluencer.com/youtube/channel/UCz7AQSofg3GwaSb_nmarECg,-10,badcase,近期全是派对/泡沫/气泵类内容，与咖啡机推广无关
4965,UCzAb8vbeGwotAScG3HNsSwA,Maple Kuroko,https://cn.noxinfluencer.com/youtube/channel/UCzAb8vbeGwotAScG3HNsSwA,-25,badcase,游戏直播频道，近期全是串流与游戏内容，和咖啡机推广不符
4966,UCzAhuIdbZx4sVSQzumq7gKg,beth frank @farbav,https://cn.noxinfluencer.com/youtube/channel/UCzAhuIdbZx4sVSQzumq7gKg,-20,badcase,宠物与纽约生活频道，缺少家电购买/使用场景，相关性低
4967,UCzAsugFMifN8AHeFzvwZ0jg,Toy Playset,https://cn.noxinfluencer.com/youtube/channel/UCzAsugFMifN8AHeFzvwZ0jg,-25,badcase,玩具拆箱ASMR频道，属于音频娱乐格式，与咖啡机强不匹配
4968,UCzB7YDKStvZdpRCxkyJntWA,Fusion AI,https://cn.noxinfluencer.com/youtube/channel/UCzB7YDKStvZdpRCxkyJntWA,-19,badcase,娱乐/宠物杂项频道，近期内容无咖啡机评测或购买意图
4970,UCzCn68c4iBOTfPX9wW5q9_w,Finite Banjo,https://cn.noxinfluencer.com/youtube/channel/UCzCn68c4iBOTfPX9wW5q9_w,-25,badcase,游戏恐怖娱乐号，与咖啡机推广场景明显不符
4971,UCzIiPhRa3QUvMVS2pP1rj2g,AIMotion by TQ,https://cn.noxinfluencer.com/youtube/channel/UCzIiPhRa3QUvMVS2pP1rj2g,0,badcase,无相关标签和内容信号，难以用于咖啡机推广
4972,UCzJFyNryVgytgRteUdnwHqQ,Family Time,https://cn.noxinfluencer.com/youtube/channel/UCzJFyNryVgytgRteUdnwHqQ,-25,badcase,儿童玩具假扮内容，与咖啡机推广场景和受众明显不符
4973,UCzLXO-ZSi-JtCR7LKedoqZQ,English Duo,https://cn.noxinfluencer.com/youtube/channel/UCzLXO-ZSi-JtCR7LKedoqZQ,-20,badcase,英语学习频道，只有表面提到咖啡机，不适合推广咖啡机产品
4974,UCzLbdV1VO5X62AmQqnIthAQ,Amazingfacts,https://cn.noxinfluencer.com/youtube/channel/UCzLbdV1VO5X62AmQqnIthAQ,-22,badcase,短视频事实科普号，缺少咖啡机评测/购买/使用内容，最近10条全不匹配
4977,UCzNga-FFRPCg60Nc7H3TR1Q,Abby Berner,https://cn.noxinfluencer.com/youtube/channel/UCzNga-FFRPCg60Nc7H3TR1Q,-1,badcase,有Coffee标签，但内容偏穿搭娱乐短视频，缺少咖啡机评测购买语境
4978,UCzOpgXwa2VobXyee7B2htGg,Elie Magic,https://cn.noxinfluencer.com/youtube/channel/UCzOpgXwa2VobXyee7B2htGg,-35,badcase,娱乐整蛊魔术为主，缺少咖啡机评测/购买意图，近期内容也不相关
4980,UCzPfCt2PB1MNP5fzLZz_OYQ,Blair Dalar khodagholian,https://cn.noxinfluencer.com/youtube/channel/UCzPfCt2PB1MNP5fzLZz_OYQ,-7,badcase,时尚生活频道，无咖啡机相关标签，近期内容也缺少家电购买或测评意图
4981,UCzRRouU8zgLbqja_GS39CjA,STARLING BUICK GMC STUART,https://cn.noxinfluencer.com/youtube/channel/UCzRRouU8zgLbqja_GS39CjA,-10,badcase,车商销售频道，近10条均与咖啡机推广无关
4982,UCzSxiED06Ll120gJtJMqeRA,NextGen Spark,https://cn.noxinfluencer.com/youtube/channel/UCzSxiED06Ll120gJtJMqeRA,-10,badcase,内容全是育儿/科技话题，与咖啡机推广无关
4983,UCzTWHWnJ6VIcbkpqyv7_FaQ,5-Minute Crafts LIKE,https://cn.noxinfluencer.com/youtube/channel/UCzTWHWnJ6VIcbkpqyv7_FaQ,-10,badcase,DIY/家居技巧频道，近10条无咖啡机或家电评测购买内容
4984,UCzTtg2SeUHbuRZGc2W9OtUQ,Santhiya Sathyanarayanan,https://cn.noxinfluencer.com/youtube/channel/UCzTtg2SeUHbuRZGc2W9OtUQ,-9,badcase,标签无咖啡机相关，内容偏旅行生活，近10条仅标题提及且大多不匹配
4985,UCzU68_liU17Q8U0jjHt6_Ig,PIKSPOTT,https://cn.noxinfluencer.com/youtube/channel/UCzU68_liU17Q8U0jjHt6_Ig,-9,badcase,无咖啡机标签，近期内容杂且偏宠物/日常，相关性弱
4986,UCzVPJ7-3fmrrjAflleOiHSQ,iamDonareen,https://cn.noxinfluencer.com/youtube/channel/UCzVPJ7-3fmrrjAflleOiHSQ,-8,badcase,仅有生活/居家弱场景，近期内容几乎不涉咖啡机或家电选购
4987,UCzWPHs0aV8pFfkKkMz5kVZQ,Wow Navyata INDIA USA Telugu Vlogs,https://cn.noxinfluencer.com/youtube/channel/UCzWPHs0aV8pFfkKkMz5kVZQ,-10,badcase,近期vlog为主，缺少家电/咖啡机语境，不适合推广
4988,UCzX8BaDLzuumeZCSfqaQnwQ,Tech Gear,https://cn.noxinfluencer.com/youtube/channel/UCzX8BaDLzuumeZCSfqaQnwQ,-24,badcase,频道以电动车/交通科技为主，近期内容与咖啡机推广不匹配
4989,UCzZh5Y7huuIKrj_kzM6TLjw,DeRage,https://cn.noxinfluencer.com/youtube/channel/UCzZh5Y7huuIKrj_kzM6TLjw,-5,badcase,虽有家电评测标签，但前五标签偏游戏，频道主体不够匹配
4990,UCz_DuAtrBCc1NdhCR-zHByA,Angela fandom,https://cn.noxinfluencer.com/youtube/channel/UCz_DuAtrBCc1NdhCR-zHByA,-25,badcase,二次元/游戏粉丝号，近期全是角色短视频，与咖啡机推广场景不符
4991,UCzawKJKBm5cY9-Sk-zPSziA,Residential Aesthetics,https://cn.noxinfluencer.com/youtube/channel/UCzawKJKBm5cY9-Sk-zPSziA,-20,badcase,家居灵感号，内容偏装饰和生活技巧，缺少咖啡机购买/测评语境
4992,UCzcaV986l0A1BYnr1SHjqvw,Alpha My Luv,https://cn.noxinfluencer.com/youtube/channel/UCzcaV986l0A1BYnr1SHjqvw,-10,badcase,旅行美食号，受众泛但无咖啡机购买或测评意图
4993,UCzcyql_MK-mABk4eZxRJCrg,aleedays,https://cn.noxinfluencer.com/youtube/channel/UCzcyql_MK-mABk4eZxRJCrg,-25,badcase,ASMR便当号，核心是吃播/收纳，和咖啡机促销不匹配
4996,UCzh8RUtQbFLlOkM-ZKVX-5g,Tomar Thomas,https://cn.noxinfluencer.com/youtube/channel/UCzh8RUtQbFLlOkM-ZKVX-5g,-10,badcase,时尚生活vlog，近期内容与咖啡机推广场景不符
4997,UCzjw4SriSDk-Rj9HDP8b98g,KRT LYFE,https://cn.noxinfluencer.com/youtube/channel/UCzjw4SriSDk-Rj9HDP8b98g,-19,badcase,汽车/服饰评测为主，近期无咖啡机或厨房电器内容
4999,UCznRyLyXK9QWHs05PK2MGBQ,USA Swimming,https://cn.noxinfluencer.com/youtube/channel/UCznRyLyXK9QWHs05PK2MGBQ,-25,badcase,竞技游泳内容，和咖啡机推广目标完全不匹配
5000,UCznXQY6_I3XHv3Q8y7xs90w,Clautie News,https://cn.noxinfluencer.com/youtube/channel/UCznXQY6_I3XHv3Q8y7xs90w,-25,badcase,政治新闻频道，前10条内容与咖啡机推广完全不相关
5001,UCzoIh9Tp8er5SyHy1-C9I5w,Sourcing Scout,https://cn.noxinfluencer.com/youtube/channel/UCzoIh9Tp8er5SyHy1-C9I5w,-10,badcase,无标签且近10条内容几乎全不相关，不适合咖啡机推广
5002,UCzpnLvYFv8aZfA9xu_5jp6A,FOLLOW YOURSELF # Indian mommy channel,https://cn.noxinfluencer.com/youtube/channel/UCzpnLvYFv8aZfA9xu_5jp6A,-10,badcase,育儿日常频道，与咖啡机购买推广无关，近10条均不匹配
5003,UCzqbfYjQmf9nLQPMxVgPhiA,emmymade,https://cn.noxinfluencer.com/youtube/channel/UCzqbfYjQmf9nLQPMxVgPhiA,-8,badcase,美食频道仅弱相关，近10条几乎都非咖啡机推广场景
5004,UCzrx2xv3BXgPNZKWBp7VzqA,Đồ tự chế sáng tạo,https://cn.noxinfluencer.com/youtube/channel/UCzrx2xv3BXgPNZKWBp7VzqA,2,badcase,DIY手作频道，缺少咖啡机购买、测评或使用场景，相关性弱
5006,UCztouNoPPi8MKvbfSGx1StA,Hiking with Katie,https://cn.noxinfluencer.com/youtube/channel/UCztouNoPPi8MKvbfSGx1StA,-7,badcase,户外徒步/亲子露营为主，近期全是背包和露营，和咖啡机不匹配
5008,UCzvUpKP3KVEPX5Th0s3dTuQ,Mike Johnson,https://cn.noxinfluencer.com/youtube/channel/UCzvUpKP3KVEPX5Th0s3dTuQ,-8,badcase,3D打印房屋/施工内容为主，近期都是建造过程，不适合咖啡机推广
5009,UCzvUrvlZvHK5pxW6FLMH8uA,SQ4D,https://cn.noxinfluencer.com/youtube/channel/UCzvUrvlZvHK5pxW6FLMH8uA,-10,badcase,内容为3D打印/混凝土建筑，与咖啡机促销无关
5010,UCzyk28OpgNL9dlF9Gcajnjg,My little Closet,https://cn.noxinfluencer.com/youtube/channel/UCzyk28OpgNL9dlF9Gcajnjg,-25,badcase,ASMR玩具开箱为主，和咖啡机推广格式与主题均不匹配
