rank,channel_id,channel_name,channel_url,score,suggested_label,why_short
6,UCUTyRDr9A6FZsCvkeiQrd4w,My Cute Pomeranian,https://cn.noxinfluencer.com/youtube/channel/UCUTyRDr9A6FZsCvkeiQrd4w,-9,badcase,剧情恐怖类内容为主，宠物标签不足以支撑投放
10,UCUHxuPoyNEiA5hNVvpWt-EQ,Haoren Special Effects,https://cn.noxinfluencer.com/youtube/channel/UCUHxuPoyNEiA5hNVvpWt-EQ,-15,badcase,娱乐/时尚为主，和宠粮投放目的明显不符
11,UCd9Mk3xE7o4KSykpQNbRonQ,BalchemANH,https://cn.noxinfluencer.com/youtube/channel/UCd9Mk3xE7o4KSykpQNbRonQ,1,badcase,动物科学/农业播客偏B2B，非宠粮创作者
12,UCjaNEVaSWPDGmegG2msb4-w,Shaq The Pug,https://cn.noxinfluencer.com/youtube/channel/UCjaNEVaSWPDGmegG2msb4-w,-15,badcase,家庭游戏娱乐号，和宠粮推广不匹配
13,UCRsdB4XYRmctdt3YiCz_j5A,Trytn Aimin,https://cn.noxinfluencer.com/youtube/channel/UCRsdB4XYRmctdt3YiCz_j5A,10,badcase,搞笑剧情为主，pet food标签像蹭词
15,UCsi0ttIib6iEhWvGQVm94QA,Poodle Family,https://cn.noxinfluencer.com/youtube/channel/UCsi0ttIib6iEhWvGQVm94QA,0,badcase,无有效标签，无法判断为宠粮相关频道
16,UCTha-ni2CTXtK4Cw3kzdGaA,China Saibainuo Machinery,https://cn.noxinfluencer.com/youtube/channel/UCTha-ni2CTXtK4Cw3kzdGaA,2,badcase,机械/技术频道偏B2B，宠粮推广相关性弱
17,UCVyopZsoS91MU_-pwqg1b4g,ShoppingTv,https://cn.noxinfluencer.com/youtube/channel/UCVyopZsoS91MU_-pwqg1b4g,0,badcase,无标签无内容证据，判定为不相关
19,UCpZONW19z_sYPiEyt02bKAw,M ajmal official,https://cn.noxinfluencer.com/youtube/channel/UCpZONW19z_sYPiEyt02bKAw,10,badcase,直命中petfood，但娱乐/喜剧属性过强
20,UCnkHaip0YYyckHI074c444A,Gunbam Cutie,https://cn.noxinfluencer.com/youtube/channel/UCnkHaip0YYyckHI074c444A,5,badcase,直命中pet food，但ASMR/睡眠格式强不匹配
22,UCFBGleFWjbiZ5LJgpb0D0FQ,Golden Retriever Duobao,https://cn.noxinfluencer.com/youtube/channel/UCFBGleFWjbiZ5LJgpb0D0FQ,0,badcase,无标签无内容证据，判定为不相关
29,UCHzogYDGS6nihFLkiYw6iNQ,Gadget Fusion 5,https://cn.noxinfluencer.com/youtube/channel/UCHzogYDGS6nihFLkiYw6iNQ,0,badcase,无宠物食品相关标签
32,UCQOR5alhYXDNPiC5om0uiZg,Kiki and Bonbon,https://cn.noxinfluencer.com/youtube/channel/UCQOR5alhYXDNPiC5om0uiZg,-11,badcase,ASMR/mukbang为主，宠物食品推广语境弱
33,UCOGLkZI3g5LtzIJwQtwvgQg,Funny Golden Dogs,https://cn.noxinfluencer.com/youtube/channel/UCOGLkZI3g5LtzIJwQtwvgQg,-13,badcase,以宠物娱乐为主，缺少食品/购买意图
37,UCPIvT-zcQl2H0vabdXJGcpg,The Pet Collective,https://cn.noxinfluencer.com/youtube/channel/UCPIvT-zcQl2H0vabdXJGcpg,-11,badcase,宠物娱乐为主，和宠物食品推广不匹配
38,UCOCFVAOVOkfZTOlu3sxKZ_Q,Wutelz,https://cn.noxinfluencer.com/youtube/channel/UCOCFVAOVOkfZTOlu3sxKZ_Q,0,badcase,无宠物食品相关信号
40,UCRBUGWYwW-CXFd1XMJzPb1A,Bonbon Culinary Expert,https://cn.noxinfluencer.com/youtube/channel/UCRBUGWYwW-CXFd1XMJzPb1A,-13,badcase,以搞笑动物内容为主，食品推广性弱
43,UCiGcokmNvo-f2OxqviT0cKA,Pet Reacts: LOL Edition!,https://cn.noxinfluencer.com/youtube/channel/UCiGcokmNvo-f2OxqviT0cKA,-20,badcase,动画/娱乐为主，不适合宠物食品推广
46,UCa5NNydb5xIiju8Z7au7htg,Ideal Farming,https://cn.noxinfluencer.com/youtube/channel/UCa5NNydb5xIiju8Z7au7htg,-10,badcase,ASMR农场内容为主，非宠物食品创作者
47,UC24vt2DadgsExVUXWt4E8sg,Eating Dogs,https://cn.noxinfluencer.com/youtube/channel/UC24vt2DadgsExVUXWt4E8sg,-11,badcase,娱乐向动物内容为主，食品推广性弱
50,UCoTbKFbjSfLm0pMWFgw70Gg,Tye-Dyed Iguana,https://cn.noxinfluencer.com/youtube/channel/UCoTbKFbjSfLm0pMWFgw70Gg,-11,badcase,爬宠/鱼类娱乐内容为主，宠物食品弱相关
52,UCZ7wyEoUFqBrRWA9_6Hj9yw,Rocket The Iguana,https://cn.noxinfluencer.com/youtube/channel/UCZ7wyEoUFqBrRWA9_6Hj9yw,-7,badcase,ASMR娱乐型频道，宠物食品推广适配差
60,UCS6JRIepDEKsW4BumsSYkWQ,PKT UP,https://cn.noxinfluencer.com/youtube/channel/UCS6JRIepDEKsW4BumsSYkWQ,0,badcase,益智娱乐频道，与宠物食品无关
61,UCMcE4tg412Lz0GmqId_hcwQ,Me Ai  Animation TV,https://cn.noxinfluencer.com/youtube/channel/UCMcE4tg412Lz0GmqId_hcwQ,0,badcase,无有效标签，无法支持宠物食品推广
64,UCj8qlV0-4cEFJnV0ZX_SJsg,SIMA TH 92,https://cn.noxinfluencer.com/youtube/channel/UCj8qlV0-4cEFJnV0ZX_SJsg,0,badcase,频道主体偏杂，宠物标签不足以支撑投放
65,UCmFUCCyiVgERFKmoZNe2dvg,Wild Hoshi,https://cn.noxinfluencer.com/youtube/channel/UCmFUCCyiVgERFKmoZNe2dvg,-8,badcase,ASMR加混合生活内容，宠物食品适配差
71,UCgoOKrgNFbPvBMUpC2IEU5A,Bicolana Sa America,https://cn.noxinfluencer.com/youtube/channel/UCgoOKrgNFbPvBMUpC2IEU5A,0,badcase,与宠物食品推广无关，受众不匹配
76,UCx86b9-td6cTLFI4qM2QYlg,Li Mo,https://cn.noxinfluencer.com/youtube/channel/UCx86b9-td6cTLFI4qM2QYlg,-9,badcase,ASMR泛娱乐，只有泛食品标签，宠粮推广不匹配
77,UCRCaqxCYfLmGNKAWlpXdU4A,Bà Già Review,https://cn.noxinfluencer.com/youtube/channel/UCRCaqxCYfLmGNKAWlpXdU4A,-5,badcase,人类烹饪美食号，与宠粮投放场景不符
83,UCbK9lZUnc-Pz1YEEed_pWYw,Hen Farm,https://cn.noxinfluencer.com/youtube/channel/UCbK9lZUnc-Pz1YEEed_pWYw,0,badcase,无标签且农场家禽向，与宠粮推广关联很弱
88,UCWcpIeCKm9E3q3gbuAPnFbQ,Chihuahua Bites,https://cn.noxinfluencer.com/youtube/channel/UCWcpIeCKm9E3q3gbuAPnFbQ,0,badcase,无标签，且渠道名无法确认宠物食品相关性
89,UCS2qMWCYdmvVH1zVsVWF8qQ,PAP CAT,https://cn.noxinfluencer.com/youtube/channel/UCS2qMWCYdmvVH1zVsVWF8qQ,-15,badcase,历史鬼怪娱乐号，和宠粮投放几乎无关
90,UC8shTy-GHETM8MtUXUmdjuA,Penguin Berry,https://cn.noxinfluencer.com/youtube/channel/UC8shTy-GHETM8MtUXUmdjuA,-2,badcase,企鹅娱乐内容不是宠物养护场景，宠粮关联弱
91,UCTp62kR9ahSGj1T9PjInm0A,sen sen,https://cn.noxinfluencer.com/youtube/channel/UCTp62kR9ahSGj1T9PjInm0A,0,badcase,仅泛生活娱乐标签，缺少宠物或喂养场景
92,UCal8iLbvvoIBvnrk9nKJ4-A,Diablo Ruby & Bane,https://cn.noxinfluencer.com/youtube/channel/UCal8iLbvvoIBvnrk9nKJ4-A,-15,badcase,人类美食内容为主，与宠粮推广场景不符
94,UCi0hTpaLV4_Mg6pqTNrpHeg,KingOfAquariums,https://cn.noxinfluencer.com/youtube/channel/UCi0hTpaLV4_Mg6pqTNrpHeg,-15,badcase,纯反应梗图娱乐号，和宠粮购买场景几乎无关
95,UCutUv2A6NxOyiF0Fk43TRbA,KABOOM!,https://cn.noxinfluencer.com/youtube/channel/UCutUv2A6NxOyiF0Fk43TRbA,0,badcase,育儿生活小技巧号，缺少宠物食品语境
98,UCqARyNoyVHBlfJIf8pzzRQw,Jackie Bites,https://cn.noxinfluencer.com/youtube/channel/UCqARyNoyVHBlfJIf8pzzRQw,0,badcase,无标签，无法支持宠粮相关性判断
99,UCJ2HMjSPrAp7x2JELObeb-A,More Media Production,https://cn.noxinfluencer.com/youtube/channel/UCJ2HMjSPrAp7x2JELObeb-A,0,badcase,科技摄影号，与宠粮投放无关
101,UClxuDTo2dElLqpDQ5tx1Zew,UNIQUE CREATIVITY,https://cn.noxinfluencer.com/youtube/channel/UClxuDTo2dElLqpDQ5tx1Zew,-10,badcase,娱乐/电影向，和宠物食品推广无关
103,UCHWJTRkohZncuQTrleAuf-g,Flurry Bureau,https://cn.noxinfluencer.com/youtube/channel/UCHWJTRkohZncuQTrleAuf-g,0,badcase,无有效标签，无法判断为宠粮相关
106,UCnbeplwxqRgDvRZlLoxQKvA,EL LIFESTYLE USA,https://cn.noxinfluencer.com/youtube/channel/UCnbeplwxqRgDvRZlLoxQKvA,-15,badcase,音乐娱乐频道，和宠物食品推广不匹配
111,UCA740MG-F8XR_StFkcwNb8Q,Sylvania News,https://cn.noxinfluencer.com/youtube/channel/UCA740MG-F8XR_StFkcwNb8Q,0,badcase,新闻食谱向，和宠物食品投放不相关
113,UCRDIBDL4XKVrpGg1IgWkQRw,JUNINZ FF,https://cn.noxinfluencer.com/youtube/channel/UCRDIBDL4XKVrpGg1IgWkQRw,-15,badcase,游戏梗视频频道，和宠粮完全无关
116,UCY82AHbxRpoM722t3dQoHXQ,Dog Mukbang ASMR,https://cn.noxinfluencer.com/youtube/channel/UCY82AHbxRpoM722t3dQoHXQ,-15,badcase,ASMR/mukbang格式与宠粮推广强冲突
117,UC4QLYZSUwUwq9CE_uCu7djA,Startup CPG,https://cn.noxinfluencer.com/youtube/channel/UC4QLYZSUwUwq9CE_uCu7djA,0,badcase,CPG商业向但非宠物品类，相关性不足
118,UC-RdavfNhJxUy8SANoW2REg,Steven Wiseblood,https://cn.noxinfluencer.com/youtube/channel/UC-RdavfNhJxUy8SANoW2REg,0,badcase,无标签，无宠粮相关信号
123,UCS3DcBv2WVqxmwwTPhzO6Yw,Nano Spark Ai,https://cn.noxinfluencer.com/youtube/channel/UCS3DcBv2WVqxmwwTPhzO6Yw,-15,badcase,ASMR/AI娱乐向，不适合宠粮推广
127,UCe1BOLqwnextHEgShSIOnWw,Landpack Packing Filling Machine,https://cn.noxinfluencer.com/youtube/channel/UCe1BOLqwnextHEgShSIOnWw,-15,badcase,工业包装机频道，和宠粮投放无关
130,UCKvCeARNon66cFfxI-VsSHA,Elaaf's Gallery,https://cn.noxinfluencer.com/youtube/channel/UCKvCeARNon66cFfxI-VsSHA,-10,badcase,宠物ASMR/mukbang，投放格式不匹配
131,UCmuPbKbTCqqnlutn9L8OA0w,Hong Seakmeng,https://cn.noxinfluencer.com/youtube/channel/UCmuPbKbTCqqnlutn9L8OA0w,-5,badcase,搞笑娱乐为主，宠物投放价值弱
132,UCrUpP9FydgkC80APKc3cDrA,mrsmel269,https://cn.noxinfluencer.com/youtube/channel/UCrUpP9FydgkC80APKc3cDrA,-10,badcase,ASMR+生存车类，和宠粮无关
133,UCG0bbfSqpZH-pUZ0f5v85_w,Vườn xanh - Bếp vui của My,https://cn.noxinfluencer.com/youtube/channel/UCG0bbfSqpZH-pUZ0f5v85_w,0,badcase,无标签，无宠物相关信号
135,UCifkdYQHGplGHn9RQYzj8MQ,SHANGHAI FUBO PACKAGING MACHINERY,https://cn.noxinfluencer.com/youtube/channel/UCifkdYQHGplGHn9RQYzj8MQ,-15,badcase,工业包装机械号，宠粮投放不匹配
139,UCHxbqoBMP6nd7DOK_gs7Xgw,🫶J.T.C🫶  Jerome The Creator,https://cn.noxinfluencer.com/youtube/channel/UCHxbqoBMP6nd7DOK_gs7Xgw,0,badcase,无标签且无宠物语义
146,UC8Ihn_fmrGLZpG888I-fE0g,Elephant,https://cn.noxinfluencer.com/youtube/channel/UC8Ihn_fmrGLZpG888I-fE0g,0,badcase,无标签，无宠物相关信号
149,UCK0HOXJR9OKgaZNeAg8FzCQ,Rebecca’s Beautiful ASMR Addiction,https://cn.noxinfluencer.com/youtube/channel/UCK0HOXJR9OKgaZNeAg8FzCQ,-15,badcase,ASMR睡眠向，属于强格式错配
152,UCO2XFj47kIjimHX7f9cEokQ,Vannak-kh,https://cn.noxinfluencer.com/youtube/channel/UCO2XFj47kIjimHX7f9cEokQ,0,badcase,无可用标签或内容信号
156,UCpwktX4wWK6WvsmMRY-BzEg,Furry Watch,https://cn.noxinfluencer.com/youtube/channel/UCpwktX4wWK6WvsmMRY-BzEg,0,badcase,无明确宠粮或宠物内容信号
157,UCB26vLg2PnYvijArYvvg6jQ,Amazing Chinese Gadgets,https://cn.noxinfluencer.com/youtube/channel/UCB26vLg2PnYvijArYvvg6jQ,0,badcase,吃播娱乐向，与宠粮投放无关
158,UCRExIYvszBLlR-ejB3f5rZg,Bruker,https://cn.noxinfluencer.com/youtube/channel/UCRExIYvszBLlR-ejB3f5rZg,0,badcase,科研医疗设备向，和宠粮无关
159,UCXC-MAuZ_SKKGs2VmGdwmKQ,"Jinan Arrow Machinery Co., Ltd",https://cn.noxinfluencer.com/youtube/channel/UCXC-MAuZ_SKKGs2VmGdwmKQ,0,badcase,机械公司号，与宠粮无关
160,UCoymmDAFQSr66XGMGdSlDqw,DEWCO CREATIVE SOLUTIONS,https://cn.noxinfluencer.com/youtube/channel/UCoymmDAFQSr66XGMGdSlDqw,0,badcase,无宠物或宠粮相关信号
161,UCGolLCVx5X9FMir444zrzAg,Diane - The Canning Nana,https://cn.noxinfluencer.com/youtube/channel/UCGolLCVx5X9FMir444zrzAg,0,badcase,人类食品/储存内容，不适合宠粮投放
167,UCseQLqFh2rlmuTDK466QCmA,bd Love Fishing,https://cn.noxinfluencer.com/youtube/channel/UCseQLqFh2rlmuTDK466QCmA,0,badcase,钓鱼内容，与宠粮推广不匹配
171,UCu8eOEU6-qmdWaWvwgPqeEQ,Small Kh,https://cn.noxinfluencer.com/youtube/channel/UCu8eOEU6-qmdWaWvwgPqeEQ,-10,badcase,野生/昆虫内容与宠粮推广受众不匹配
172,UCbBNUsV6FEk6R4yKt9uSb1A,Darin Food & Feed Treats MFG Tech 达润食品生产科技,https://cn.noxinfluencer.com/youtube/channel/UCbBNUsV6FEk6R4yKt9uSb1A,0,badcase,工业制造向，不适合宠粮投放
174,UCPGQY3GiYFZf9ixtndkFXsQ,Dogs Choose Humans,https://cn.noxinfluencer.com/youtube/channel/UCPGQY3GiYFZf9ixtndkFXsQ,0,badcase,仅有频道名提示，缺少宠粮相关信号
177,UCGMiJNOuL7Iocpd7Pbi00fg,Jack Ge,https://cn.noxinfluencer.com/youtube/channel/UCGMiJNOuL7Iocpd7Pbi00fg,0,badcase,车辆/生活类频道，与宠物食品无关
180,UC2kwIF1yh_2dK3VYMIH3DFA,LukeBeGrubbin,https://cn.noxinfluencer.com/youtube/channel/UC2kwIF1yh_2dK3VYMIH3DFA,-5,badcase,人类吃播内容，不适合宠物食品推广
181,UCbrAiJRKTNOyC11xTG5l1MQ,Liked EXperiment,https://cn.noxinfluencer.com/youtube/channel/UCbrAiJRKTNOyC11xTG5l1MQ,0,badcase,普通食物/科技杂项，缺少宠物语境
182,UC_gSDxy_iEahZ3yd5rYadJQ,Alex_CR8,https://cn.noxinfluencer.com/youtube/channel/UC_gSDxy_iEahZ3yd5rYadJQ,-6,badcase,宠物娱乐频道，但以娱乐为主，转化弱
183,UCfBmjFC2SUMNilItsiLC2Vw,A DT-Garden,https://cn.noxinfluencer.com/youtube/channel/UCfBmjFC2SUMNilItsiLC2Vw,0,badcase,园艺生活类，与宠物食品无关
184,UCvEYTL3Ok1o9sfopIoYMcTA,Summer's Place,https://cn.noxinfluencer.com/youtube/channel/UCvEYTL3Ok1o9sfopIoYMcTA,-9,badcase,宠物加娱乐杂谈，受众可沾边但偏弱
185,UCi7t1MoN3UvQPKSjNN2MTSQ,SGS North America,https://cn.noxinfluencer.com/youtube/channel/UCi7t1MoN3UvQPKSjNN2MTSQ,0,badcase,无有效宠物食品信号
188,UCnn7w1sIcb4Yjt4O4-LMPIA,Koplo pedia,https://cn.noxinfluencer.com/youtube/channel/UCnn7w1sIcb4Yjt4O4-LMPIA,0,badcase,无相关标签
190,UCefdnFk4AI7Ja8r3T_Iil2g,Pet Needs,https://cn.noxinfluencer.com/youtube/channel/UCefdnFk4AI7Ja8r3T_Iil2g,2,badcase,宠物词存在，但内容混杂数码/电商
193,UCw1CMvrlv4UYXMn4l9xW3QA,hourFunny,https://cn.noxinfluencer.com/youtube/channel/UCw1CMvrlv4UYXMn4l9xW3QA,-6,badcase,娱乐搞笑为主，动物内容不足以支撑投放
194,UCZ4t9a5rDVlTRwgMfveiJsw,EatingFood Team,https://cn.noxinfluencer.com/youtube/channel/UCZ4t9a5rDVlTRwgMfveiJsw,-12,badcase,ASMR/搞笑格式与实物宠物食品推广明显不匹配
197,UC679LrVVdkKsWE0ShglOafQ,Gregory Danner,https://cn.noxinfluencer.com/youtube/channel/UC679LrVVdkKsWE0ShglOafQ,3,badcase,宠物+加密混杂，缺少宠物食品转化场景
199,UCicmjUC8pG_3jwFo9m-va1g,The Freeze Dried Business,https://cn.noxinfluencer.com/youtube/channel/UCicmjUC8pG_3jwFo9m-va1g,0,badcase,冻干业务偏人类零食，不是宠物食品
202,UCSHAgxSQYpKRZJ1Q2j5SZSw,WhisperAuraTingles,https://cn.noxinfluencer.com/youtube/channel/UCSHAgxSQYpKRZJ1Q2j5SZSw,-10,badcase,名称偏ASMR/耳语向，和宠粮推广明显不匹配
203,UCTUNfbdYp0AfYXMSBwidGCA,Herpin Hippie,https://cn.noxinfluencer.com/youtube/channel/UCTUNfbdYp0AfYXMSBwidGCA,-15,badcase,爬宠/野生动物为主，不适合宠粮推广
204,UCKmhCvI4uR0KfILUyjN4MFQ,Lolyshop,https://cn.noxinfluencer.com/youtube/channel/UCKmhCvI4uR0KfILUyjN4MFQ,0,badcase,无宠物或宠粮相关信号
205,UCCVFdcRg6X3wANWOK4tjubA,Huerta Photography & Designs,https://cn.noxinfluencer.com/youtube/channel/UCCVFdcRg6X3wANWOK4tjubA,0,badcase,摄影设计向，和宠粮推广无关
206,UC82a20zvFNpxaIo7Oq_D87Q,Crazy Pig,https://cn.noxinfluencer.com/youtube/channel/UC82a20zvFNpxaIo7Oq_D87Q,1,badcase,偏猪类内容，宠粮推广相关性弱
207,UC2K32NN1IVukKyVc_oVWW5g,Tom and Jerry 55,https://cn.noxinfluencer.com/youtube/channel/UC2K32NN1IVukKyVc_oVWW5g,0,badcase,无宠物/喂养场景证据
209,UCjICGC6mz3dyxgQNY38AJsA,Strobigo,https://cn.noxinfluencer.com/youtube/channel/UCjICGC6mz3dyxgQNY38AJsA,0,badcase,无相关宠物或食品推广信号
212,UCDJjhhwGpAtkrr69CcBRHFg,TerraCycle,https://cn.noxinfluencer.com/youtube/channel/UCDJjhhwGpAtkrr69CcBRHFg,0,badcase,回收环保向，和宠粮推广无关
213,UC2aDq-QGPcxkFnaPNuVPw_Q,Cash CoinTurning SRP,https://cn.noxinfluencer.com/youtube/channel/UC2aDq-QGPcxkFnaPNuVPw_Q,-10,badcase,猴子搞笑内容，和宠粮推广不相干
217,UCC-tPgW4AQAeu7oo88CKH_g,living out loud.,https://cn.noxinfluencer.com/youtube/channel/UCC-tPgW4AQAeu7oo88CKH_g,1,badcase,内容混杂，宠粮转化场景不足
219,UC6MPSxUODYVwM4Nw4IhkcXQ,FabiJan,https://cn.noxinfluencer.com/youtube/channel/UC6MPSxUODYVwM4Nw4IhkcXQ,0,badcase,无相关宠物或宠粮信号
220,UC3fGPWMSyLTdnzgf9rAXhKQ,PETASTIC,https://cn.noxinfluencer.com/youtube/channel/UC3fGPWMSyLTdnzgf9rAXhKQ,2,badcase,以搞笑娱乐为主，宠粮转化意图弱
221,UC09XlyxoioF_xDT50KnUozw,Li Susie,https://cn.noxinfluencer.com/youtube/channel/UC09XlyxoioF_xDT50KnUozw,0,badcase,无相关宠物或食品推广信号
224,UCIXXFM0b0qgCX2SgK7h36zA,oddlyfun.02,https://cn.noxinfluencer.com/youtube/channel/UCIXXFM0b0qgCX2SgK7h36zA,-10,badcase,ASMR/视觉满足向，不适合宠粮推广
226,UC4eYwxHNv8ee4NFERbjwAWg,ArtificialAbsurdity,https://cn.noxinfluencer.com/youtube/channel/UC4eYwxHNv8ee4NFERbjwAWg,0,badcase,无宠粮相关信号
227,UCom9LN8FxBVoGjLXfcKQEhw,Ana's Personal Vlog,https://cn.noxinfluencer.com/youtube/channel/UCom9LN8FxBVoGjLXfcKQEhw,-9,badcase,仅有泛food，ASMR格式错配
230,UCguvEu6j_FV9SOTwRCmQ9jQ,simply petastic,https://cn.noxinfluencer.com/youtube/channel/UCguvEu6j_FV9SOTwRCmQ9jQ,0,badcase,无有效标签，难判断相关性
231,UCMUe7E-mUXSaMO6qUflSRAA,Ask Debbie About Hair & Health,https://cn.noxinfluencer.com/youtube/channel/UCMUe7E-mUXSaMO6qUflSRAA,0,badcase,人类健康美妆号，和宠粮不匹配
232,UC1camgQ5bbyoYoj7wqh3kLg,123 GO! Zoo,https://cn.noxinfluencer.com/youtube/channel/UC1camgQ5bbyoYoj7wqh3kLg,-8,badcase,主域是娱乐短视频，不适合宠粮投放
233,UCcbPQtclBJp_8se9a2t8AoA,Real Alex Clark,https://cn.noxinfluencer.com/youtube/channel/UCcbPQtclBJp_8se9a2t8AoA,1,badcase,泛生活娱乐号，宠粮相关性很弱
234,UC8Zxoe-VfsiZbyCSg9dY7-g,Cat TV Birds,https://cn.noxinfluencer.com/youtube/channel/UC8Zxoe-VfsiZbyCSg9dY7-g,0,badcase,内容是虱子处理，不是宠粮场景
235,UC8yTr9mqsZ4k-8r354N48UQ,THE FUNGAMA,https://cn.noxinfluencer.com/youtube/channel/UC8yTr9mqsZ4k-8r354N48UQ,0,badcase,无宠粮相关信号
238,UCWsdY2OyKpCtmco89KclOwQ,Nascar _Nana Gang Official,https://cn.noxinfluencer.com/youtube/channel/UCWsdY2OyKpCtmco89KclOwQ,2,badcase,赛车娱乐为主，宠物词只是陪衬
240,UCOo9IuXfWzQvsrGcsmYPeyw,BulkLoads,https://cn.noxinfluencer.com/youtube/channel/UCOo9IuXfWzQvsrGcsmYPeyw,0,badcase,与宠粮推广无关
242,UCdhKkCoqxkFJu2sLSXYM9IA,NectarCrunch ASMR,https://cn.noxinfluencer.com/youtube/channel/UCdhKkCoqxkFJu2sLSXYM9IA,-12,badcase,ASMR音频号，属于强格式错配
243,UC_gXTsZ69hjMtANDlR-1APA,Heyletsplay,https://cn.noxinfluencer.com/youtube/channel/UC_gXTsZ69hjMtANDlR-1APA,-10,badcase,纯娱乐内容，缺少宠粮推广语境
244,UCL_DKYXsS9GEgqUA5PWZnbw,Dickey Pate,https://cn.noxinfluencer.com/youtube/channel/UCL_DKYXsS9GEgqUA5PWZnbw,1,badcase,做人类料理，不是宠物食品场景
245,UCWc8ABtC-vw6WMntrbJH6_g,Car Crash Test,https://cn.noxinfluencer.com/youtube/channel/UCWc8ABtC-vw6WMntrbJH6_g,1,badcase,车测内容为主，宠物词只是陪衬
251,UCEhN9ZRpyRFQcoqcVAGeILA,LOGO EFFECTS CHANNEL,https://cn.noxinfluencer.com/youtube/channel/UCEhN9ZRpyRFQcoqcVAGeILA,-8,badcase,ASMR娱乐向，只有泛宠物/food，缺少投放场景
254,UCZyusZ-lObsc-l_iLqdoOUg,LearnRealSkills,https://cn.noxinfluencer.com/youtube/channel/UCZyusZ-lObsc-l_iLqdoOUg,0,badcase,教育杂类，无宠物食品相关性
257,UC-EL-wI3yzqkHVod1WKegRg,Skibidi Shorts YT,https://cn.noxinfluencer.com/youtube/channel/UC-EL-wI3yzqkHVod1WKegRg,0,badcase,无标签无内容，无法判断相关性
258,UCSxi8ahR7Sfd3c0Xl22Y0Wg,Kaboom Zoom,https://cn.noxinfluencer.com/youtube/channel/UCSxi8ahR7Sfd3c0Xl22Y0Wg,1,badcase,娱乐DIY频道，只有泛food，和宠物食品不匹配
259,UC3_xRizCbGCZDv6rH6yOdHw,ZoomieZoo,https://cn.noxinfluencer.com/youtube/channel/UC3_xRizCbGCZDv6rH6yOdHw,1,badcase,动物故事向，缺少喂养或购买意图
260,UCEdcxcz6rMrVTPK8XxGor0w,Tommy’s Reptiles,https://cn.noxinfluencer.com/youtube/channel/UCEdcxcz6rMrVTPK8XxGor0w,-10,badcase,爬宠垂类，和常规宠物食品受众不一致
261,UCr6oMivcJ3lRE1QwkGksJ8w,Gubba Homestead,https://cn.noxinfluencer.com/youtube/channel/UCr6oMivcJ3lRE1QwkGksJ8w,0,badcase,家居家常频道，缺少宠物受众
262,UCHfBMmI2Jc7DMVBQ6iBeecw,WOA Doodoo,https://cn.noxinfluencer.com/youtube/channel/UCHfBMmI2Jc7DMVBQ6iBeecw,0,badcase,纯休闲内容，无宠物食品场景
264,UC0P4PiHawiLM8HgMbAQCogw,WOPET,https://cn.noxinfluencer.com/youtube/channel/UC0P4PiHawiLM8HgMbAQCogw,0,badcase,无标签无内容，无法判断相关性
265,UCy76s60XoVQL2RvrUKs2VRA,Penguinpepperpia,https://cn.noxinfluencer.com/youtube/channel/UCy76s60XoVQL2RvrUKs2VRA,8,badcase,猫粮直击，但ASMR形式不适合投放
266,UC5tFG3H954z87pW-XvVqG1w,Diyansh Ai,https://cn.noxinfluencer.com/youtube/channel/UC5tFG3H954z87pW-XvVqG1w,0,badcase,无标签无内容，无法判断相关性
267,UCcMqkslQmvR8yjO9giNgUHg,SomBATH,https://cn.noxinfluencer.com/youtube/channel/UCcMqkslQmvR8yjO9giNgUHg,3,badcase,泛宠物杂项，缺少明确喂养或采购意图
268,UCzYYJqG5PgsSptzKOOFXFrg,Vital Essentials,https://cn.noxinfluencer.com/youtube/channel/UCzYYJqG5PgsSptzKOOFXFrg,0,badcase,无标签无内容，无法判断相关性
270,UCwUA1rK0SI2iH5afZRRHxWA,Zooarcade (Zooarcade),https://cn.noxinfluencer.com/youtube/channel/UCwUA1rK0SI2iH5afZRRHxWA,-10,badcase,以浣熊/臭鼬等为主，且ASMR格式不适合
271,UCxlQq5PAw_SiSfj2c2OAmuQ,Ribopi Homojo,https://cn.noxinfluencer.com/youtube/channel/UCxlQq5PAw_SiSfj2c2OAmuQ,0,badcase,无标签无内容，无法判断相关性
272,UC5MfqVw_cF3EqCVDTVMVCJA,Princess Lullaby Music,https://cn.noxinfluencer.com/youtube/channel/UC5MfqVw_cF3EqCVDTVMVCJA,0,badcase,纯音乐哄睡内容，无宠物食品场景
274,UCtxqQnLgj-1rAVtjpSgPS5A,Gotcha!,https://cn.noxinfluencer.com/youtube/channel/UCtxqQnLgj-1rAVtjpSgPS5A,-10,badcase,亲子娱乐频道，和宠物食品受众不一致
278,UCvDBXZnfG_XeKhw9yQqWztA,DumpsterDobbs,https://cn.noxinfluencer.com/youtube/channel/UCvDBXZnfG_XeKhw9yQqWztA,0,badcase,以捡废品为主，与宠物食品推广无关
282,UCGgkBjhpNxD7CZpla2FspXw,Live Surf Love with Sean Dougherty,https://cn.noxinfluencer.com/youtube/channel/UCGgkBjhpNxD7CZpla2FspXw,0,badcase,音乐海滩娱乐向，和宠物食品推广不匹配
283,UC8qMgL_UrkcSO9iRPoCI8lQ,LAURA N NEW YORK,https://cn.noxinfluencer.com/youtube/channel/UC8qMgL_UrkcSO9iRPoCI8lQ,0,badcase,仅有pets弱相关，整体偏泛娱乐
286,UCEo0uHKX2_KDwkMWfiiukgg,𝐍𝐚𝐭𝐮𝐫𝐞 𝐁𝐞𝐚𝐮𝐭𝐢𝐟𝐮𝐥,https://cn.noxinfluencer.com/youtube/channel/UCEo0uHKX2_KDwkMWfiiukgg,-4,badcase,宠物娱乐/mukbang取向，非宠物食品推广型频道
287,UCi6e8iznzftG2umavmr5g2g,Paxiom Group,https://cn.noxinfluencer.com/youtube/channel/UCi6e8iznzftG2umavmr5g2g,0,badcase,缺少有效标签，无法判断相关性
288,UCOtPNdegYNB4WB-Pla5ReiQ,Meow-some! Reacts,https://cn.noxinfluencer.com/youtube/channel/UCOtPNdegYNB4WB-Pla5ReiQ,-4,badcase,反应类娱乐为主，宠物食品投放不合适
289,UCjOwnheGtZBxkokS-Ouyf8w,Sachin Badole,https://cn.noxinfluencer.com/youtube/channel/UCjOwnheGtZBxkokS-Ouyf8w,0,badcase,无有效标签，缺少相关证据
291,UCbta5UYAzeIOQAL7-A4s0WA,Bounce The Pit Bull,https://cn.noxinfluencer.com/youtube/channel/UCbta5UYAzeIOQAL7-A4s0WA,-7,badcase,ASMR/mukbang取向，明显不适合宠物食品推广
293,UCE7vFzfZPHA4Q6W_B7suouQ,Random Randomness Randomly,https://cn.noxinfluencer.com/youtube/channel/UCE7vFzfZPHA4Q6W_B7suouQ,0,badcase,无有效标签，缺少相关证据
294,UCK3sZ75IBFD597W9DPB84iQ,SuperAutoGaming,https://cn.noxinfluencer.com/youtube/channel/UCK3sZ75IBFD597W9DPB84iQ,-10,badcase,游戏内容为主，与宠物食品推广无关
296,UCp7pZSKUNwY5NWk_YuNxEYQ,Bionic Disco,https://cn.noxinfluencer.com/youtube/channel/UCp7pZSKUNwY5NWk_YuNxEYQ,-5,badcase,广告/娱乐归档向，不是宠物食品推广频道
297,UCKzT18j5TPS3k9K6aDmUn0g,Zeppo the Saint Bernard,https://cn.noxinfluencer.com/youtube/channel/UCKzT18j5TPS3k9K6aDmUn0g,0,badcase,无标签且仅凭名字不足以支撑相关性
299,UCDmxyXygt14f9E_vcc9VWLg,43BGM,https://cn.noxinfluencer.com/youtube/channel/UCDmxyXygt14f9E_vcc9VWLg,0,badcase,无有效标签，缺少相关证据
300,UC-SFinduScPUqVuQqS5zOsg,Baby Cow,https://cn.noxinfluencer.com/youtube/channel/UC-SFinduScPUqVuQqS5zOsg,0,badcase,牛类内容非宠物食品目标受众
304,UCkxpepZAoszfdE2JRaX8iYw,Gussys Gut,https://cn.noxinfluencer.com/youtube/channel/UCkxpepZAoszfdE2JRaX8iYw,0,badcase,无标签无内容线索，无法判断适合宠物食品推广
305,UCBMhqJN9KD3APiSB5qq5TiQ,Space Reaction,https://cn.noxinfluencer.com/youtube/channel/UCBMhqJN9KD3APiSB5qq5TiQ,-15,badcase,电影娱乐向，和宠物食品推广场景完全不匹配
310,UCA7aNkoIJZpCXLjSOtMhOeA,My Tiny Panda,https://cn.noxinfluencer.com/youtube/channel/UCA7aNkoIJZpCXLjSOtMhOeA,0,badcase,游戏频道为主，pet care 语义太弱
311,UC8rLiPxOP2U9gkC4dh0Htkw,AlmostEvil 333,https://cn.noxinfluencer.com/youtube/channel/UC8rLiPxOP2U9gkC4dh0Htkw,0,badcase,无标签无内容线索，相关性不足
312,UCeHjazMPa6tIQzgVGk3BZyA,Soileau Dibblee,https://cn.noxinfluencer.com/youtube/channel/UCeHjazMPa6tIQzgVGk3BZyA,0,badcase,无标签无内容线索，相关性不足
313,UCV2DufS2qAc_b06bPNaPmWA,Nanthu Vlogs,https://cn.noxinfluencer.com/youtube/channel/UCV2DufS2qAc_b06bPNaPmWA,-14,badcase,故事书频道为主，叙事娱乐压过宠物词
314,UCPxytmRgtUQB_g-O-iTteMA,BW Integrated Systems,https://cn.noxinfluencer.com/youtube/channel/UCPxytmRgtUQB_g-O-iTteMA,0,badcase,工业技术频道，和宠物食品受众不匹配
315,UCdRqpaDnT3J7WDW32A2ewwg,Flexible Packaging Solutions by BW Packaging,https://cn.noxinfluencer.com/youtube/channel/UCdRqpaDnT3J7WDW32A2ewwg,0,badcase,包装机械B2B频道，偏行业而非创作者投放
317,UCrvOlLkW9m1WqyyBD53iBUw,Hoàng Thị Bình - live with nature,https://cn.noxinfluencer.com/youtube/channel/UCrvOlLkW9m1WqyyBD53iBUw,0,badcase,山区生活内容，和宠物食品无明显关联
319,UCTGPGm9hsbu1155O4K7GFBw,Trin & Kris,https://cn.noxinfluencer.com/youtube/channel/UCTGPGm9hsbu1155O4K7GFBw,1,badcase,旅行生活为主，只有弱宠物词，相关性低
322,UC4nsNFTCouVrHHDOkTDVACA,Joy Meme Workshop,https://cn.noxinfluencer.com/youtube/channel/UC4nsNFTCouVrHHDOkTDVACA,-15,badcase,表情包娱乐频道，和宠物食品推广不匹配
323,UCQGEbYjSGj-sdxZgM0h5qow,Timeline of Life,https://cn.noxinfluencer.com/youtube/channel/UCQGEbYjSGj-sdxZgM0h5qow,-4,badcase,野生动物内容为主，宠物食品相关性低
324,UCq_FFmw8L0buW4c-G3AknHw,Deal Discoveries,https://cn.noxinfluencer.com/youtube/channel/UCq_FFmw8L0buW4c-G3AknHw,0,badcase,泛优惠发现频道，缺少宠物受众与食品意图
326,UCqT3Z6z9z4YJO4R40_R6v3w,Reaxion Mode,https://cn.noxinfluencer.com/youtube/channel/UCqT3Z6z9z4YJO4R40_R6v3w,-10,badcase,吃播娱乐为主，和宠物食品推广不符
328,UCsMb14REtFd57IIPC19Lrww,GamingDude,https://cn.noxinfluencer.com/youtube/channel/UCsMb14REtFd57IIPC19Lrww,0,badcase,无相关标签，缺少宠物食品受众信号
329,UC2OMJz7q7-tmWZF1-Hfh2kw,Gigsberg,https://cn.noxinfluencer.com/youtube/channel/UC2OMJz7q7-tmWZF1-Hfh2kw,0,badcase,侧重副业赚钱，和宠物食品无关
331,UCIEiE-hnAUXUZNNeMJsZBYA,Frank Tufano,https://cn.noxinfluencer.com/youtube/channel/UCIEiE-hnAUXUZNNeMJsZBYA,0,badcase,人类饮食健康向，非宠物食品受众
334,UCfTh23eacJNC-cyJeiY5inA,5Strands,https://cn.noxinfluencer.com/youtube/channel/UCfTh23eacJNC-cyJeiY5inA,0,badcase,健康检测向，缺少宠物受众
335,UCtfSgX4UaMMpUXkYKYfgeMA,គយគន់,https://cn.noxinfluencer.com/youtube/channel/UCtfSgX4UaMMpUXkYKYfgeMA,-7,badcase,宠物犬受众有，但ASMR格式不适合产品推广
336,UCUSnM9HRSr7yu9qL6g-pUug,Pawsie Shorts,https://cn.noxinfluencer.com/youtube/channel/UCUSnM9HRSr7yu9qL6g-pUug,0,badcase,无宠物食品相关标签或内容信号
339,UCbtaKH5bkLwGuq7g1mSsl5g,"R&D Equipment Company, Inc.",https://cn.noxinfluencer.com/youtube/channel/UCbtaKH5bkLwGuq7g1mSsl5g,0,badcase,工业设备频道，和宠物食品无关
340,UCBaFxoddQ4LrB5ZCj-Y4uXQ,Hungarian Silent Trucker,https://cn.noxinfluencer.com/youtube/channel/UCBaFxoddQ4LrB5ZCj-Y4uXQ,0,badcase,无相关标签，缺少宠物食品受众信号
342,UCnAGi4A-cH-yyn4HsTjX8lA,Splashi,https://cn.noxinfluencer.com/youtube/channel/UCnAGi4A-cH-yyn4HsTjX8lA,-10,badcase,吃喝挑战娱乐为主，和宠物食品不匹配
345,UCDLseqd38teePlEMt7IJ7Rg,Pet Lovers,https://cn.noxinfluencer.com/youtube/channel/UCDLseqd38teePlEMt7IJ7Rg,0,badcase,无相关标签，缺少宠物食品受众信号
346,UCgdqQaSK8_OPflrvaF6rCMw,Great Lakes Country,https://cn.noxinfluencer.com/youtube/channel/UCgdqQaSK8_OPflrvaF6rCMw,0,badcase,家用食品与园艺向，非宠物食品场景
348,UCd_v688n6hh9tJzcElhudHw,BOEVAN PACK,https://cn.noxinfluencer.com/youtube/channel/UCd_v688n6hh9tJzcElhudHw,0,badcase,无相关标签，缺少宠物食品受众信号
350,UC4qLWOiNXLjxr8FUsYu3LwQ,Auranest,https://cn.noxinfluencer.com/youtube/channel/UC4qLWOiNXLjxr8FUsYu3LwQ,0,badcase,厨房生活向，非宠物食品受众
354,UCIDoAVV5h-0abfoOvtfar7g,Chegwidden Ghazvini,https://cn.noxinfluencer.com/youtube/channel/UCIDoAVV5h-0abfoOvtfar7g,0,badcase,无标签与内容线索，无法判断相关性
355,UCpFMCKhcvrazpV0cwp6P77g,Doodle Miracle,https://cn.noxinfluencer.com/youtube/channel/UCpFMCKhcvrazpV0cwp6P77g,0,badcase,多为涂鸦/娱乐向，缺少宠物食品推广线索
360,UCq_rKp31yexFOP0RrMIWFJw,Chicken Soup for the Soul,https://cn.noxinfluencer.com/youtube/channel/UCq_rKp31yexFOP0RrMIWFJw,-10,badcase,娱乐/电视综艺向，和宠物食品推广主题不符
362,UC631Zwm3wIi_RmlZHYw8_sQ,V Ggg,https://cn.noxinfluencer.com/youtube/channel/UC631Zwm3wIi_RmlZHYw8_sQ,0,badcase,无标签与内容线索
363,UCAeoftAfoXTr9qEASvLl0eQ,ShareLoves,https://cn.noxinfluencer.com/youtube/channel/UCAeoftAfoXTr9qEASvLl0eQ,2,badcase,仅宠物/食物泛词，缺少宠物食品推广意图
364,UCcHwQCcBKcSVO3pJMXixwUA,Farm life anh,https://cn.noxinfluencer.com/youtube/channel/UCcHwQCcBKcSVO3pJMXixwUA,0,badcase,农场/烹饪向，和宠物食品推广不匹配
366,UCVHd4zkGrg3l_C4Du9ZaQJg,Go Camp Rina,https://cn.noxinfluencer.com/youtube/channel/UCVHd4zkGrg3l_C4Du9ZaQJg,-10,badcase,剧情/AI娱乐向，不适合宠物食品推广
371,UC56M81Rl9y3ADSXjvKmT5_g,The Stray Buffet,https://cn.noxinfluencer.com/youtube/channel/UC56M81Rl9y3ADSXjvKmT5_g,0,badcase,无标签与内容线索
372,UClVyQ3tsIIaq99YHT_SHmZQ,Very Cool Woman,https://cn.noxinfluencer.com/youtube/channel/UClVyQ3tsIIaq99YHT_SHmZQ,0,badcase,无标签与内容线索
379,UCAtbFIb5qxsurD7YIlcdKvA,Xiaoyong's Daily Life,https://cn.noxinfluencer.com/youtube/channel/UCAtbFIb5qxsurD7YIlcdKvA,-15,badcase,游戏娱乐频道，和宠粮推广无关
380,UC4e0-Ex5jRs9unGKD23pCTw,Raw Bistro,https://cn.noxinfluencer.com/youtube/channel/UC4e0-Ex5jRs9unGKD23pCTw,0,badcase,无标签且意图不明，难判断为宠粮频道
381,UCu3D4dTpDkoTgowP3x0tytw,Pom Pom Brothers,https://cn.noxinfluencer.com/youtube/channel/UCu3D4dTpDkoTgowP3x0tytw,0,badcase,无内容信号，和宠粮推广关联不足
383,UCJaqtTw0AenRgXxrNNbOlAg,BMC TV-SHOW,https://cn.noxinfluencer.com/youtube/channel/UCJaqtTw0AenRgXxrNNbOlAg,-15,badcase,搞笑综艺向，非宠粮推广场景
384,UCKiIaWdU2lhBRwYGgslu3LQ,JJZ H,https://cn.noxinfluencer.com/youtube/channel/UCKiIaWdU2lhBRwYGgslu3LQ,0,badcase,偏人类食品内容，缺少宠物消费意图
386,UC0UEK4O_uRF8gKeqtaoBMSQ,Alltech,https://cn.noxinfluencer.com/youtube/channel/UC0UEK4O_uRF8gKeqtaoBMSQ,0,badcase,科技内容为主，宠物相关信号太弱
388,UCWtTkrJdAbRvJqhyN9gpIvg,Crocodile GuanGuan,https://cn.noxinfluencer.com/youtube/channel/UCWtTkrJdAbRvJqhyN9gpIvg,0,badcase,野生动物搞笑向，宠粮受众不对
389,UCL9WoenIhk65aRPJirCX6sA,Soft Hour Lofi,https://cn.noxinfluencer.com/youtube/channel/UCL9WoenIhk65aRPJirCX6sA,-8,badcase,Lofi氛围音频格式，和实物宠粮不匹配
390,UCn6ROiPgCiE0RtvcfavGTZw,Horog Julien,https://cn.noxinfluencer.com/youtube/channel/UCn6ROiPgCiE0RtvcfavGTZw,0,badcase,无有效宠物相关信号
392,UCWbXNkO5rJelUe1dpGqFHrA,Gleaming Echoes,https://cn.noxinfluencer.com/youtube/channel/UCWbXNkO5rJelUe1dpGqFHrA,0,badcase,无宠物内容证据，难以做宠粮投放
393,UCNrN8cBTkOfdEaON9z0PCyQ,Pura fishing,https://cn.noxinfluencer.com/youtube/channel/UCNrN8cBTkOfdEaON9z0PCyQ,-15,badcase,儿童童话娱乐频道，与宠粮无关
394,UCk6eDzbrH8Z3PU7-7pf7QUg,Freight Relocators Live,https://cn.noxinfluencer.com/youtube/channel/UCk6eDzbrH8Z3PU7-7pf7QUg,0,badcase,货运内容与宠物消费场景弱相关
397,UCvBBbyTZxH1CYIfSNsMlzEQ,Maz,https://cn.noxinfluencer.com/youtube/channel/UCvBBbyTZxH1CYIfSNsMlzEQ,0,badcase,无标签信息，无法判断为宠粮频道
398,UCcEXzVtLrZVpDOiasnR-DMw,GS BuPi,https://cn.noxinfluencer.com/youtube/channel/UCcEXzVtLrZVpDOiasnR-DMw,-15,badcase,ASMR解压格式，不适合宠粮推广
399,UCJz3BHgt8CPEDO8pEXcjFhA,SoloDarlingCreates,https://cn.noxinfluencer.com/youtube/channel/UCJz3BHgt8CPEDO8pEXcjFhA,0,badcase,无有效宠物相关信号
402,UCgFwilOGp9I8HDSQROelxLw,10+ Years Manufacturer of Filling Packing Machines,https://cn.noxinfluencer.com/youtube/channel/UCgFwilOGp9I8HDSQROelxLw,-10,badcase,工业包装设备号，与宠物食品推广无关
404,UC7ruXDIHUdk6EbyklV_n9Ow,Aleena Bokhari,https://cn.noxinfluencer.com/youtube/channel/UC7ruXDIHUdk6EbyklV_n9Ow,0,badcase,无标签无内容证据，无法支持宠物食品投放
407,UC28Z85Z9yaFkhS9eQ4kZl6A,Musemeche Perry,https://cn.noxinfluencer.com/youtube/channel/UC28Z85Z9yaFkhS9eQ4kZl6A,0,badcase,无可用标签与内容线索，相关性不足
410,UCV18GT81oww3kiymsouOrDg,Smart-Packer No.1 Packaging Machines Factory,https://cn.noxinfluencer.com/youtube/channel/UCV18GT81oww3kiymsouOrDg,-10,badcase,工业包装机械频道，不适合宠物食品推广
412,UCYt0r_TWxe0ucKdUlBGq44w,California Bountiful TV,https://cn.noxinfluencer.com/youtube/channel/UCYt0r_TWxe0ucKdUlBGq44w,-5,badcase,人类餐食和食谱频道，不是宠物喂养语境
413,UCDVN2aauibjH09ekBNyVkyg,Factory World,https://cn.noxinfluencer.com/youtube/channel/UCDVN2aauibjH09ekBNyVkyg,0,badcase,无标签与内容证据，相关性不足
414,UCjvcXeCAroc9sUOm9CBSxxQ,Twiggy the Water Skiing Squirrel,https://cn.noxinfluencer.com/youtube/channel/UCjvcXeCAroc9sUOm9CBSxxQ,-5,badcase,松鼠娱乐内容，不是宠物食品投放的有效受众
416,UCTTuT3RK8AxE1PAwB4AQ-Hg,GOOD VIDEO,https://cn.noxinfluencer.com/youtube/channel/UCTTuT3RK8AxE1PAwB4AQ-Hg,0,badcase,无可用标签和内容，无法判断为宠物食品相关
417,UCwzhGbteG_XHux7OIzeAEwQ,Miskey's Muse,https://cn.noxinfluencer.com/youtube/channel/UCwzhGbteG_XHux7OIzeAEwQ,0,badcase,手工缝纫与工艺频道，和宠物食品无关
418,UC-1EKNRui_2lYdY_BR1vaOA,Yapper,https://cn.noxinfluencer.com/youtube/channel/UC-1EKNRui_2lYdY_BR1vaOA,-5,badcase,娱乐和亲子向为主，不是宠物食品推广语境
419,UCyst1ynLjy0CuJ65tnvQRsA,Julian Lowenthal,https://cn.noxinfluencer.com/youtube/channel/UCyst1ynLjy0CuJ65tnvQRsA,-5,badcase,娱乐音乐综艺号，与宠物食品推广不匹配
420,UCsyZlNZkExGLcRhJ_iLU6sw,U.S. Packaging Machine Video Hub,https://cn.noxinfluencer.com/youtube/channel/UCsyZlNZkExGLcRhJ_iLU6sw,-10,badcase,包装机械号，标签却是泛食品健康，非宠物受众
424,UCjhqgUE5lG_lkuZ5yyiaLuw,POBRE AMBISYOSA TV,https://cn.noxinfluencer.com/youtube/channel/UCjhqgUE5lG_lkuZ5yyiaLuw,-15,badcase,ASMR和mukbang音频娱乐为主，不适合宠物食品推广
426,UCvpQIdzIWVssBfp6UGOA3aQ,Mizashi Xigumu,https://cn.noxinfluencer.com/youtube/channel/UCvpQIdzIWVssBfp6UGOA3aQ,0,badcase,无宠物食品相关标签或内容信号
427,UCZkDYigbsq-1IJ77ClO4pdQ,Rigoni Kanosh,https://cn.noxinfluencer.com/youtube/channel/UCZkDYigbsq-1IJ77ClO4pdQ,0,badcase,无宠物食品相关标签或内容信号
428,UC_iW-ALuIjl1tGiVTyMBPRw,Pranks Invasion,https://cn.noxinfluencer.com/youtube/channel/UC_iW-ALuIjl1tGiVTyMBPRw,-15,badcase,娱乐整蛊类，和宠物食品推广明显不匹配
429,UCGksBxNZse0e-OEW-PfY6kA,Tapestry of Tails,https://cn.noxinfluencer.com/youtube/channel/UCGksBxNZse0e-OEW-PfY6kA,0,badcase,无宠物食品相关标签或内容信号
430,UCI6SFp6cEZHKHDzFwcCxt_Q,Floofy Paw Hub,https://cn.noxinfluencer.com/youtube/channel/UCI6SFp6cEZHKHDzFwcCxt_Q,0,badcase,无宠物食品相关标签或内容信号
434,UCz6DpsthEQRlpKN68z5f5zA,Farm & Home Supply Co,https://cn.noxinfluencer.com/youtube/channel/UCz6DpsthEQRlpKN68z5f5zA,0,badcase,只有泛食品/生活标签，缺少宠物意图
435,UCyLAascw5_yXdGTSXoUdsag,Huniju Tuzafi,https://cn.noxinfluencer.com/youtube/channel/UCyLAascw5_yXdGTSXoUdsag,0,badcase,无宠物食品相关标签或内容信号
436,UCIlP2zOEAUj9dilz9Z-s8fw,Thalia Reyes,https://cn.noxinfluencer.com/youtube/channel/UCIlP2zOEAUj9dilz9Z-s8fw,0,badcase,美妆生活为主，和宠物食品无关
437,UC-CnTWnm1ybPng-ZVrzrVVQ,Wanome Hixini,https://cn.noxinfluencer.com/youtube/channel/UC-CnTWnm1ybPng-ZVrzrVVQ,0,badcase,无宠物食品相关标签或内容信号
439,UCIFX-DGqlGnhsdRm9Zc2djg,Golden Retriever Vc,https://cn.noxinfluencer.com/youtube/channel/UCIFX-DGqlGnhsdRm9Zc2djg,-15,badcase,汽车ASMR格式不适合物理产品推广
441,UCCoR1uMn6lztRmoc7EmUFiQ,WEIMI Smart Vending Micron Smart Vending,https://cn.noxinfluencer.com/youtube/channel/UCCoR1uMn6lztRmoc7EmUFiQ,0,badcase,智能售货机内容与宠物食品不相关
442,UCZcsA5CYLtM3U8OMmWYp4JQ,unbusyLee & 5 pets,https://cn.noxinfluencer.com/youtube/channel/UCZcsA5CYLtM3U8OMmWYp4JQ,0,badcase,生活vlog为主，宠物食品信号不足
445,UCZ8vmJ5KT4XC7fLvuXTbOqQ,Battle Team,https://cn.noxinfluencer.com/youtube/channel/UCZ8vmJ5KT4XC7fLvuXTbOqQ,0,badcase,摄像设备主题与宠物食品推广无关
447,UCwcvfG76PhVkfb3_pqewWqw,JTD PACK,https://cn.noxinfluencer.com/youtube/channel/UCwcvfG76PhVkfb3_pqewWqw,0,badcase,无宠物食品相关标签或内容信号
448,UC-vR5TYg-yq3v1he90Q7e7A,Smart Investing,https://cn.noxinfluencer.com/youtube/channel/UC-vR5TYg-yq3v1he90Q7e7A,0,badcase,游戏内容与宠物食品推广无关
450,UCUt7F8qD8uLyeOaN5ggwscw,Hippie Nick Animals,https://cn.noxinfluencer.com/youtube/channel/UCUt7F8qD8uLyeOaN5ggwscw,0,badcase,无宠物食品相关标签或内容信号
452,UCn-9PpjgZpbjN2_PWTDesJA,Ryan Coomer,https://cn.noxinfluencer.com/youtube/channel/UCn-9PpjgZpbjN2_PWTDesJA,-15,badcase,娱乐音乐内容，宠物食品推广不匹配
454,UCDiMp0DoWK6yQhgHU8DIJ8g,The Donna Drake Show Live It Up,https://cn.noxinfluencer.com/youtube/channel/UCDiMp0DoWK6yQhgHU8DIJ8g,-10,badcase,娱乐访谈型频道，宠物食品转化弱
455,UC1MS01D67J8mdBktuUBYJbw,Golden Retriever Eat TV,https://cn.noxinfluencer.com/youtube/channel/UC1MS01D67J8mdBktuUBYJbw,0,badcase,宠物喂食ASMR，形式不适合商品推广
456,UCVBr0qoBjTkpRKERR5wVPfg,SDCCU,https://cn.noxinfluencer.com/youtube/channel/UCVBr0qoBjTkpRKERR5wVPfg,0,badcase,金融抽奖频道，与宠物食品无关
457,UCdQ5pD6Uh8ESQEwAgeh_mMA,Insects and Invaders,https://cn.noxinfluencer.com/youtube/channel/UCdQ5pD6Uh8ESQEwAgeh_mMA,-5,badcase,昆虫内容，与宠物食品目标人群不符
459,UC7j8SnlKscF6Er2_FYZHXfg,Adventures with Blake,https://cn.noxinfluencer.com/youtube/channel/UC7j8SnlKscF6Er2_FYZHXfg,-10,badcase,儿童ASMR玩乐内容，与宠物食品无关
462,UC2GHJWSFxMr9_J_VzZws7LQ,Alex Can,https://cn.noxinfluencer.com/youtube/channel/UC2GHJWSFxMr9_J_VzZws7LQ,0,badcase,无宠物食品相关证据
463,UCqAuw5KBlOIMSM-pRBYMQtw,KHAlib Pontino,https://cn.noxinfluencer.com/youtube/channel/UCqAuw5KBlOIMSM-pRBYMQtw,0,badcase,无宠物食品相关证据
464,UCJmU7zL87c-vTJM9NsBgEGw,Noemi Ellauri03,https://cn.noxinfluencer.com/youtube/channel/UCJmU7zL87c-vTJM9NsBgEGw,-3,badcase,泛娱乐杂乱标签，宠物食品相关性很弱
471,UChoKE8Gz_UzjiXoTOreOH_A,Judy Jack,https://cn.noxinfluencer.com/youtube/channel/UChoKE8Gz_UzjiXoTOreOH_A,0,badcase,无关键信号
473,UCLY6M4NSBXSKS-AXAJzTqcA,Plant Based Briefing,https://cn.noxinfluencer.com/youtube/channel/UCLY6M4NSBXSKS-AXAJzTqcA,0,badcase,泛思想内容，与宠物食品无关
474,UCKz96dNsOimbjCaAICR27Mg,Kider,https://cn.noxinfluencer.com/youtube/channel/UCKz96dNsOimbjCaAICR27Mg,0,badcase,无宠物食品相关证据
475,UClIa3XbxdxbKdGstuL8VcFw,Random Commercials,https://cn.noxinfluencer.com/youtube/channel/UClIa3XbxdxbKdGstuL8VcFw,0,badcase,商业广告杂项频道，缺少宠物食品语境
477,UCiO4HZt86OlWCSpUlUqLn-g,The SAM Cooking,https://cn.noxinfluencer.com/youtube/channel/UCiO4HZt86OlWCSpUlUqLn-g,0,badcase,人类烹饪频道，与宠物粮推广无关
479,UCqFaHhOf6tH6VvefzL-h_zg,TODO MONDE,https://cn.noxinfluencer.com/youtube/channel/UCqFaHhOf6tH6VvefzL-h_zg,1,badcase,仅有泛食品标签，且以旅游娱乐为主
480,UCaWwsHlAbGpCig705EgYEqg,Secia New Material,https://cn.noxinfluencer.com/youtube/channel/UCaWwsHlAbGpCig705EgYEqg,0,badcase,无宠物粮相关信号
481,UCwu93Q8eYi74z6FGdqgejyg,Sh Syorn,https://cn.noxinfluencer.com/youtube/channel/UCwu93Q8eYi74z6FGdqgejyg,0,badcase,无宠物粮相关信号
485,UCbV7vx-KosNgl2ANLLPKm0g,Echo Machinery | Food Packaging Machines,https://cn.noxinfluencer.com/youtube/channel/UCbV7vx-KosNgl2ANLLPKm0g,-15,badcase,工业包装机械频道，和宠物粮推广强错位
487,UCAgMgjYGbSyjf-hP8S4YDhQ,Your Life is your Creation!,https://cn.noxinfluencer.com/youtube/channel/UCAgMgjYGbSyjf-hP8S4YDhQ,0,badcase,无宠物粮相关信号
488,UClP7IOjRIS_6cX8tnqUqciQ,CASHYMART,https://cn.noxinfluencer.com/youtube/channel/UClP7IOjRIS_6cX8tnqUqciQ,0,badcase,无宠物粮相关信号
492,UCD2NozhvKQEsnIuOWR48uWQ,Hari Daily Life,https://cn.noxinfluencer.com/youtube/channel/UCD2NozhvKQEsnIuOWR48uWQ,0,badcase,家常农耕烹饪向，缺少宠物受众
494,UCS4SWx50PsXc9SkDIAQ-z6w,Seamless eCommerce Automations by WebBee,https://cn.noxinfluencer.com/youtube/channel/UCS4SWx50PsXc9SkDIAQ-z6w,0,badcase,B2B自动化频道，不是宠物粮受众
495,UCIJ0zXQLTb8li_o6gy98tWg,The Bao Crew,https://cn.noxinfluencer.com/youtube/channel/UCIJ0zXQLTb8li_o6gy98tWg,0,badcase,无宠物粮相关信号
500,UCZdHU6hsPAEwNZzahFjXSYw,goodtime777,https://cn.noxinfluencer.com/youtube/channel/UCZdHU6hsPAEwNZzahFjXSYw,0,badcase,无宠物粮相关信号
2251,UCNUYpeH8nxV3EINu8lNsLgA,Life with Eny,https://cn.noxinfluencer.com/youtube/channel/UCNUYpeH8nxV3EINu8lNsLgA,0,badcase,无宠粮相关标签或内容，缺乏推广匹配证据
2252,UCNWAErY-HkpRfP_-9sXBEAg,KHUN CHAIY,https://cn.noxinfluencer.com/youtube/channel/UCNWAErY-HkpRfP_-9sXBEAg,0,badcase,无标签与内容证据，无法支持宠物食品推广
2254,UCNWI6Zs8juSzqkUrC1CqmAA,INSTINCT MINDS,https://cn.noxinfluencer.com/youtube/channel/UCNWI6Zs8juSzqkUrC1CqmAA,0,badcase,无标签、无相关视频，缺乏宠物食品推广相关性
2256,UCNXfoNWSjfya2-xxN3_uliA,👑Queen B. Day🐾,https://cn.noxinfluencer.com/youtube/channel/UCNXfoNWSjfya2-xxN3_uliA,0,badcase,无标签与内容证据，无法支持宠物食品推广
2257,UCNYZTC9bZ0l3u8pEXz1NAcg,Easy Healthy & Delicious,https://cn.noxinfluencer.com/youtube/channel/UCNYZTC9bZ0l3u8pEXz1NAcg,1,badcase,人类健康饮食频道，与宠物食品受众不符
2258,UCNZdQH7MI4wyKWVICgbNg0w,Aci~Cats,https://cn.noxinfluencer.com/youtube/channel/UCNZdQH7MI4wyKWVICgbNg0w,2,badcase,仅有猫/宠物泛标签，缺少宠物食品购买或护理意图
2259,UCNabv_OmcP3aTvJ5_gmVKxw,Meilleur,https://cn.noxinfluencer.com/youtube/channel/UCNabv_OmcP3aTvJ5_gmVKxw,0,badcase,无标签和内容信号，无法支持宠物食品推广
2260,UCNalvig1uQIQaTOuCNquo0Q,Mumuah~,https://cn.noxinfluencer.com/youtube/channel/UCNalvig1uQIQaTOuCNquo0Q,0,badcase,无标签、无内容证据，无法支持宠物食品推广
2261,UCNbRn2hCzqgnZcEDhTlXieA,Khatiya Korner,https://cn.noxinfluencer.com/youtube/channel/UCNbRn2hCzqgnZcEDhTlXieA,2,badcase,仅有泛食物/烹饪标签，缺少宠物食品受众与购买意图
2262,UCNdKWTvOGgE0CrpBTTOtHJg,Eurofins US Food Group,https://cn.noxinfluencer.com/youtube/channel/UCNdKWTvOGgE0CrpBTTOtHJg,1,badcase,食品检测/商业号，缺少宠物食品受众与选购语境
2264,UCNeInJ0Wcuoj0bQTONH8sFA,HePlaysIt,https://cn.noxinfluencer.com/youtube/channel/UCNeInJ0Wcuoj0bQTONH8sFA,0,badcase,无标签与内容证据，和宠物食品推广无明显相关性
2269,UCNi0fmF44zlseNeaF512zrA,Destination Fulltime,https://cn.noxinfluencer.com/youtube/channel/UCNi0fmF44zlseNeaF512zrA,0,badcase,RV旅行频道与宠物食品推广无明确受众或场景相关性
2271,UCNjnDhgKqV0yAeV98bXQpsw,RDRNEXUS,https://cn.noxinfluencer.com/youtube/channel/UCNjnDhgKqV0yAeV98bXQpsw,-15,badcase,游戏频道与宠物食品投放目标无关，缺乏宠物/养宠语义
2273,UCNkO2uz1M31ONz4fL6uYo-Q,MonkeyLillianLouise,https://cn.noxinfluencer.com/youtube/channel/UCNkO2uz1M31ONz4fL6uYo-Q,-15,badcase,频道核心是猴子内容，与宠物食品推广场景明显不符
2277,UCNm_FeqN72B71R_aTYwDh_Q,Escalate Capital,https://cn.noxinfluencer.com/youtube/channel/UCNm_FeqN72B71R_aTYwDh_Q,0,badcase,商业综艺向，与宠物食品推广无关
2280,UCNqw1ucZBUP50IXhWHXwQbA,rocksiphone,https://cn.noxinfluencer.com/youtube/channel/UCNqw1ucZBUP50IXhWHXwQbA,0,badcase,无可用标签与宠物食品相关性
2282,UCNvvWGRW5KZ0AfesPzccRvA,Changing Methods,https://cn.noxinfluencer.com/youtube/channel/UCNvvWGRW5KZ0AfesPzccRvA,0,badcase,新闻泛资讯，与宠物食品无关
2284,UCNw_hMqKKBVv06HUB9yJsDQ,Cosmic Glare New,https://cn.noxinfluencer.com/youtube/channel/UCNw_hMqKKBVv06HUB9yJsDQ,0,badcase,无标签，无宠物食品相关信号
2285,UCNwbLowTVyc6tVYAcFEGTUQ,FlushMind HealthTips,https://cn.noxinfluencer.com/youtube/channel/UCNwbLowTVyc6tVYAcFEGTUQ,0,badcase,健康科普泛频道，缺少宠物受众
2286,UCNxfIwzEmWPqqLHO3hwbPeA,Moriarty Family Fans,https://cn.noxinfluencer.com/youtube/channel/UCNxfIwzEmWPqqLHO3hwbPeA,0,badcase,无标签，无法判断为宠物食品相关
2288,UCO-5CYjhf56OI7TV1a2df1Q,Amazon 2025 Discount Hub,https://cn.noxinfluencer.com/youtube/channel/UCO-5CYjhf56OI7TV1a2df1Q,0,badcase,宗教短讲频道，与宠物食品无关
2290,UCO1SasMJdmlfrCS5pNJJFQA,TommyBryson,https://cn.noxinfluencer.com/youtube/channel/UCO1SasMJdmlfrCS5pNJJFQA,0,badcase,财经内容，与宠物食品投放无关
2291,UCO1WGqiQlmm5cpRDLmNWL1A,Furry Fables,https://cn.noxinfluencer.com/youtube/channel/UCO1WGqiQlmm5cpRDLmNWL1A,0,badcase,无标签，无宠物食品相关线索
2292,UCO3tVM3I2-ucusIp68a_p1g,Star Pet Club,https://cn.noxinfluencer.com/youtube/channel/UCO3tVM3I2-ucusIp68a_p1g,0,badcase,仅名称像宠物频道，缺少可用标签
2293,UCO44F8RJ2cgM8iwvp5JYI8g,Nashville PBS,https://cn.noxinfluencer.com/youtube/channel/UCO44F8RJ2cgM8iwvp5JYI8g,0,badcase,公共电视内容，与宠物食品无关
2294,UCO49SnRCiNRiRO3FPfWLCGw,Net Trends Daily,https://cn.noxinfluencer.com/youtube/channel/UCO49SnRCiNRiRO3FPfWLCGw,0,badcase,孕期生活向，不是宠物受众
2298,UCO6kzQ-7wcG0x8W5LpBA9RQ,NewsChannel 5,https://cn.noxinfluencer.com/youtube/channel/UCO6kzQ-7wcG0x8W5LpBA9RQ,0,badcase,本地新闻频道，与宠物食品无关
2300,UCO8QVJrWsUMs6KM6fxO5nyw,health🧠 memory,https://cn.noxinfluencer.com/youtube/channel/UCO8QVJrWsUMs6KM6fxO5nyw,0,badcase,无宠物相关信号
2301,UCO8lXo5DYw2GJh6LR68L_OA,iSelectFund,https://cn.noxinfluencer.com/youtube/channel/UCO8lXo5DYw2GJh6LR68L_OA,0,badcase,商业科技/农业创新频道，缺少宠物食品受众与购买意图
2302,UCOA5u1CDj_Sy1hDbsYaglNA,Phillip Silverstone,https://cn.noxinfluencer.com/youtube/channel/UCOA5u1CDj_Sy1hDbsYaglNA,-15,badcase,娱乐/电影类频道，与宠物食品推广场景明显不匹配
2303,UCODEnmBa1QjecDau3qck9Mg,Tail Tale,https://cn.noxinfluencer.com/youtube/channel/UCODEnmBa1QjecDau3qck9Mg,0,badcase,无标签、无相关视频，缺少宠物食品推广相关证据
2304,UCODI8AVdlbgTZMCTvpny5Iw,Downtown Dvo,https://cn.noxinfluencer.com/youtube/channel/UCODI8AVdlbgTZMCTvpny5Iw,0,badcase,无标签无内容，缺少宠物食品推广相关信号
2305,UCOEfD-jwP8ivu0KwGNPgVdg,Truly Dana,https://cn.noxinfluencer.com/youtube/channel/UCOEfD-jwP8ivu0KwGNPgVdg,0,badcase,无标签、无相关视频，缺少宠物食品推广相关信号
2307,UCOIcdUqBYfle-rc0x4vfQbQ,izzoaum,https://cn.noxinfluencer.com/youtube/channel/UCOIcdUqBYfle-rc0x4vfQbQ,0,badcase,无标签和视频证据，缺少宠物食品推广相关性
2308,UCOJCvBHbRIb7ZaFNDw6UxNQ,Nhim Single Mom,https://cn.noxinfluencer.com/youtube/channel/UCOJCvBHbRIb7ZaFNDw6UxNQ,0,badcase,生活方式频道，与宠物食品推广无关，缺少宠物/养宠信号
2309,UCOJRca-5MnPWR76_bn0HixA,spring summer family,https://cn.noxinfluencer.com/youtube/channel/UCOJRca-5MnPWR76_bn0HixA,-15,badcase,游戏频道，和宠物食品受众无关
2310,UCOKAQBnRzzE-4UBFtcXzvlA,PawPop,https://cn.noxinfluencer.com/youtube/channel/UCOKAQBnRzzE-4UBFtcXzvlA,3,badcase,猫宠娱乐频道，只有泛宠物/猫标签，缺少宠物食品购买或测评意图
2311,UCOLqzAFtFa1ltTWGfdCpakA,Recoguru,https://cn.noxinfluencer.com/youtube/channel/UCOLqzAFtFa1ltTWGfdCpakA,0,badcase,无标签、无相关视频，缺少宠物食品推广相关证据
2312,UCOOwEHyzn4msD74KOeZEdRA,Snoozing Dino,https://cn.noxinfluencer.com/youtube/channel/UCOOwEHyzn4msD74KOeZEdRA,-15,badcase,娱乐/游戏频道，与宠物食品推广场景明显不符
2313,UCOP2Rs8sHQ_0dmk_WdlvK4w,Steelofunkboogi,https://cn.noxinfluencer.com/youtube/channel/UCOP2Rs8sHQ_0dmk_WdlvK4w,1,badcase,仅有泛宠物标签，缺少宠物食品购买/测评/喂养语境
2316,UCOQ10Yw_c7DxDL017F3Ykng,WildCountry Daily Entertainment,https://cn.noxinfluencer.com/youtube/channel/UCOQ10Yw_c7DxDL017F3Ykng,-10,badcase,无宠物食品相关信号，频道名偏娱乐，促销相关性弱
2318,UCOR--fxbiyGqOR1mdW-5D5w,Respect Shinigami,https://cn.noxinfluencer.com/youtube/channel/UCOR--fxbiyGqOR1mdW-5D5w,0,badcase,无宠物食品或养宠相关信号，无法支持推广
2319,UCOT-OodgHSaVlzKoRy948sQ,Fluffy crafts,https://cn.noxinfluencer.com/youtube/channel/UCOT-OodgHSaVlzKoRy948sQ,-13,badcase,宠物ASMR手工频道，只有泛宠物标签，缺少宠粮购买/营养意图，格式不适合
2320,UCOVIfCLQG3C8MOZoVbqSqVA,52 City Walks,https://cn.noxinfluencer.com/youtube/channel/UCOVIfCLQG3C8MOZoVbqSqVA,0,badcase,无宠物食品相关信号，频道偏城市漫步内容
2321,UCOVbla2gzKte5KSG90T1Cmw,Onyx Omelette Orbit,https://cn.noxinfluencer.com/youtube/channel/UCOVbla2gzKte5KSG90T1Cmw,0,badcase,无标签、无相关内容，缺少宠物食品推广相关性
2322,UCOVgQlHNqko59iTIGbmuUDw,SashaMoniqueTalks,https://cn.noxinfluencer.com/youtube/channel/UCOVgQlHNqko59iTIGbmuUDw,1,badcase,仅有泛化 food 标签，内容偏时尚/娱乐，缺少宠物食品推广意图
2323,UCOW5WH9s5fDaM15m9iIGoow,Chris Marrano,https://cn.noxinfluencer.com/youtube/channel/UCOW5WH9s5fDaM15m9iIGoow,0,badcase,无宠物/食品相关信号，营销教程频道，与宠物食品推广不匹配
2324,UCOWFeCQA8bh_9wFYn7YENaw,Sohrab khan,https://cn.noxinfluencer.com/youtube/channel/UCOWFeCQA8bh_9wFYn7YENaw,0,badcase,人类美食频道，缺少宠物食品或养宠购买意图
2325,UCOXsJedRCYUIV61C_-lfZoA,MamaDee,https://cn.noxinfluencer.com/youtube/channel/UCOXsJedRCYUIV61C_-lfZoA,0,badcase,家居/家庭生活频道，缺少宠物或喂养相关信号
2328,UCO_R44Y3EB8_wtdunY_GlhA,MilkyClay,https://cn.noxinfluencer.com/youtube/channel/UCO_R44Y3EB8_wtdunY_GlhA,-15,badcase,内容是FNAF黏土手作，与宠物食品推广场景无关
2330,UCOb9Sg7fyA-gKNXByTGIzKg,Paws & Laughs | Funny Animal Videos,https://cn.noxinfluencer.com/youtube/channel/UCOb9Sg7fyA-gKNXByTGIzKg,0,badcase,仅动物娱乐内容，无宠物食品采购或喂养信号
2331,UCObWH9AaVY_ITGMzqINpYog,Petlytical,https://cn.noxinfluencer.com/youtube/channel/UCObWH9AaVY_ITGMzqINpYog,0,badcase,无标签、无视频内容证据，无法支持宠物食品推广相关性
2332,UCOdFJsWE-Lbt2iAaB2eBT4A,White Women Comedy,https://cn.noxinfluencer.com/youtube/channel/UCOdFJsWE-Lbt2iAaB2eBT4A,-8,badcase,娱乐搞笑频道，虽有宠物/狗标签，但缺少宠物食品购买或评测语境
2333,UCOdWWayZ1zMicBODw9KV-rQ,Juice Jayy,https://cn.noxinfluencer.com/youtube/channel/UCOdWWayZ1zMicBODw9KV-rQ,2,badcase,人类饮食/烹饪频道，缺少宠物与养宠购买意图，不适合宠物食品投放
2334,UCOdwHPw6W5jo2cHonFtKMGA,Zezel-E,https://cn.noxinfluencer.com/youtube/channel/UCOdwHPw6W5jo2cHonFtKMGA,0,badcase,无标签、无内容证据，无法支持宠物食品推广
2335,UCOf1dnm5SDlI3d5pr3bCCwQ,Du Shiniang Huohuo Team,https://cn.noxinfluencer.com/youtube/channel/UCOf1dnm5SDlI3d5pr3bCCwQ,0,badcase,无标签、无内容证据，无法支持宠物食品推广
2339,UCOgfhqvLJrmrek_yFzevRJw,Jessica Chanel,https://cn.noxinfluencer.com/youtube/channel/UCOgfhqvLJrmrek_yFzevRJw,0,badcase,无标签和内容信号，缺乏宠物食品推广相关性
2340,UCOgz3tPVNCSvxLy-A0vp_Zw,Schlesser Breithaupt,https://cn.noxinfluencer.com/youtube/channel/UCOgz3tPVNCSvxLy-A0vp_Zw,0,badcase,无标签、无相关视频，缺少宠物食品推广相关性证据
2341,UCOhZpJ_NVEiHNpSI-Rgxg3Q,Wartime TV Actor,https://cn.noxinfluencer.com/youtube/channel/UCOhZpJ_NVEiHNpSI-Rgxg3Q,1,badcase,仅有泛宠物标签，缺少宠粮/营养/购买意图，推广相关性弱
2343,UCOj_HvZGmXosyfGznHn6V0Q,Frank Wu,https://cn.noxinfluencer.com/youtube/channel/UCOj_HvZGmXosyfGznHn6V0Q,0,badcase,无标签、无视频内容证据，缺乏宠物食品推广相关性
2346,UCOmjf4eXoibEHOQcH3_2s3Q,Jonas art studio,https://cn.noxinfluencer.com/youtube/channel/UCOmjf4eXoibEHOQcH3_2s3Q,0,badcase,无宠物食品相关信号，频道主题不匹配推广场景
2347,UCOmtoTHPDZQ08kT1lrUgatg,The Eureka Springs Channel,https://cn.noxinfluencer.com/youtube/channel/UCOmtoTHPDZQ08kT1lrUgatg,0,badcase,无标签、无相关视频，缺少宠物食品推广相关性信号
2348,UCOnFxOApCM6C-bvqc-wHp8Q,Mr. Kitty & Whiskers,https://cn.noxinfluencer.com/youtube/channel/UCOnFxOApCM6C-bvqc-wHp8Q,0,badcase,标签均为泛生活类，缺少宠物食品推广相关信号
2350,UCOolMDn61XQ8x_xkKuqVmQw,Allen Brooks,https://cn.noxinfluencer.com/youtube/channel/UCOolMDn61XQ8x_xkKuqVmQw,-15,badcase,音乐娱乐频道，与宠物食品推广目标明显不匹配
2351,UCOq0kvfOXZSdpg47jKvya2Q,King_aNuBiz,https://cn.noxinfluencer.com/youtube/channel/UCOq0kvfOXZSdpg47jKvya2Q,0,badcase,无标签、无内容信号，与宠物食品推广无相关证据
2352,UCOrCugMRzX49mVUjM2jEu9w,Chef Rush,https://cn.noxinfluencer.com/youtube/channel/UCOrCugMRzX49mVUjM2jEu9w,1,badcase,美食烹饪频道，缺少宠物喂养/测评/购买意图，做宠物粮推广相关性弱
2353,UCOrb8_nBSpjnjM_zvSmSQEA,Sneed Coding Solutions,https://cn.noxinfluencer.com/youtube/channel/UCOrb8_nBSpjnjM_zvSmSQEA,0,badcase,无宠物食品相关信号，且频道名偏编程，推广相关性很低
2355,UCOtJdEYxVI83ooKPfo1yOFQ,My Buddy Blitzen,https://cn.noxinfluencer.com/youtube/channel/UCOtJdEYxVI83ooKPfo1yOFQ,0,badcase,无标签无内容信号，缺乏宠物食品推广相关性
2356,UCOvIn_u4cXW2TR-DHEvDO9w,Adventures of an Intentional Parent!!,https://cn.noxinfluencer.com/youtube/channel/UCOvIn_u4cXW2TR-DHEvDO9w,0,badcase,无宠物食品相关信号，且频道偏人类育儿内容
2357,UCOvzf5dY9vAg7xAry27lS3w,Chad Bray,https://cn.noxinfluencer.com/youtube/channel/UCOvzf5dY9vAg7xAry27lS3w,0,badcase,无标签无相关内容，缺少宠物食品推广相关性
2359,UCOwzE7ca4zPbYfL7O46uSuw,Mr Sigo,https://cn.noxinfluencer.com/youtube/channel/UCOwzE7ca4zPbYfL7O46uSuw,-10,badcase,娱乐搞笑频道，与宠物食品推广场景不匹配
2360,UCOxIKY-MpSV5TKJfXFnTsAg,Filmaru,https://cn.noxinfluencer.com/youtube/channel/UCOxIKY-MpSV5TKJfXFnTsAg,-15,badcase,娱乐/游戏向频道，与宠物食品推广场景明显不符
2361,UCOxVbFInVe2sPFVj7g2_kjg,KTravel,https://cn.noxinfluencer.com/youtube/channel/UCOxVbFInVe2sPFVj7g2_kjg,0,badcase,无标签与内容证据，无法支持宠物食品推广
2363,UCOxxNlVz3M0EcR3vTKVwVlQ,PhonicsMan,https://cn.noxinfluencer.com/youtube/channel/UCOxxNlVz3M0EcR3vTKVwVlQ,0,badcase,内容为健身/体育娱乐，与宠物食品推广无关
2364,UCOynT_ma99o7l-1DGG2wcug,That Guy Reviews,https://cn.noxinfluencer.com/youtube/channel/UCOynT_ma99o7l-1DGG2wcug,0,badcase,偏杂项评测，无宠物食品信号
2365,UCOz8E0vVvX6xiPA1d6SuV1g,WeRV4U,https://cn.noxinfluencer.com/youtube/channel/UCOz8E0vVvX6xiPA1d6SuV1g,0,badcase,无标签和内容证据，无法支持宠物食品推广
2366,UCOzJTPsRjFviJ746AIfhQXg,Winter Munoz,https://cn.noxinfluencer.com/youtube/channel/UCOzJTPsRjFviJ746AIfhQXg,-15,badcase,动漫cos向，和宠物食品不匹配
2367,UCP-lGkEiJXfVhPFdRq4aAIQ,Hector Corrales,https://cn.noxinfluencer.com/youtube/channel/UCP-lGkEiJXfVhPFdRq4aAIQ,0,badcase,无可用标签，无法判断宠物相关性
2368,UCP0jEJ-9HeposNTowa2kz2A,pplzdude,https://cn.noxinfluencer.com/youtube/channel/UCP0jEJ-9HeposNTowa2kz2A,-15,badcase,纯游戏频道，不适合宠物食品推广
2370,UCP2OuLWJjYDqSrlY53cN_6Q,SunShine,https://cn.noxinfluencer.com/youtube/channel/UCP2OuLWJjYDqSrlY53cN_6Q,-15,badcase,人类健康频道，宠物食品受众错位
2371,UCP4pMWhxfZ4oywkrelVt0bA,Modern Process Vault,https://cn.noxinfluencer.com/youtube/channel/UCP4pMWhxfZ4oywkrelVt0bA,0,badcase,工厂流程向，缺少宠物消费场景
2372,UCP5g8-y7kdChqQea6zz3zpw,Hà Thị Diện,https://cn.noxinfluencer.com/youtube/channel/UCP5g8-y7kdChqQea6zz3zpw,0,badcase,荒野生存向，和宠物食品无关
2373,UCP6PzPKK56HPoL3SCt1eDJg,Liberty Raptor,https://cn.noxinfluencer.com/youtube/channel/UCP6PzPKK56HPoL3SCt1eDJg,0,badcase,无标签无内容，无法建立宠物相关性
2374,UCPBpCJWqLdbNPDKJVBAigYg,Chew On This Podcast - Digestible DTC Content,https://cn.noxinfluencer.com/youtube/channel/UCPBpCJWqLdbNPDKJVBAigYg,0,badcase,B2B营销播客，非宠物消费受众
2376,UCPGCdJz2Ai3EKrRmyH0vb0w,loveline shorts,https://cn.noxinfluencer.com/youtube/channel/UCPGCdJz2Ai3EKrRmyH0vb0w,-15,badcase,短故事娱乐号，和宠物食品不匹配
2378,UCPHZcYYjYFKHnhYZXOiOsfA,Deal Finder Shops,https://cn.noxinfluencer.com/youtube/channel/UCPHZcYYjYFKHnhYZXOiOsfA,0,badcase,旅行车生活向，与宠物食品无关
2380,UCPI26tJWCQd5He7k-dbsS6w,Novielyn Labitoria vlog,https://cn.noxinfluencer.com/youtube/channel/UCPI26tJWCQd5He7k-dbsS6w,-15,badcase,ASMR/娱乐向，存在强格式错配
2382,UCPKobolzcxFEA_gKKte-npA,Mnm Blox - Overlook Bay,https://cn.noxinfluencer.com/youtube/channel/UCPKobolzcxFEA_gKKte-npA,-15,badcase,Roblox角色扮演，属于错位流量
2383,UCPKvX6mJ9egdzTKOQ9EGESg,Arts and Craft Chica,https://cn.noxinfluencer.com/youtube/channel/UCPKvX6mJ9egdzTKOQ9EGESg,0,badcase,手工内容与宠物食品无关
2384,UCPME077OjJNHAxrRZErD47g,KUTV Fresh Living,https://cn.noxinfluencer.com/youtube/channel/UCPME077OjJNHAxrRZErD47g,0,badcase,生活方式节目，缺少宠物食品场景
2385,UCPMbFbKC9rayrvZFKVaBxvg,MACKnificent Curls,https://cn.noxinfluencer.com/youtube/channel/UCPMbFbKC9rayrvZFKVaBxvg,0,badcase,无标签无内容，无法判断宠物相关性
2386,UCPO-tMLqdMuyq8lfANA8Fvw,Bodin,https://cn.noxinfluencer.com/youtube/channel/UCPO-tMLqdMuyq8lfANA8Fvw,0,badcase,有宠物线索，但主内容仍是艺术娱乐
2387,UCPOcOcFSlEmmyRqVfbZV1gA,Devoured Daily,https://cn.noxinfluencer.com/youtube/channel/UCPOcOcFSlEmmyRqVfbZV1gA,3,badcase,仅有泛食品/健康词，缺少宠物受众
2388,UCPOwEqBaICLvO0ioQ46eZjQ,Share Useful Things,https://cn.noxinfluencer.com/youtube/channel/UCPOwEqBaICLvO0ioQ46eZjQ,0,badcase,无相关标签或内容信号
2390,UCPPMaFcMyNy_mDlivP6GQ2Q,Bryghtpath LLC,https://cn.noxinfluencer.com/youtube/channel/UCPPMaFcMyNy_mDlivP6GQ2Q,0,badcase,无宠物食品相关证据
2391,UCPPklDMLYS5WkxF2AeSqFtQ,Plague Editz,https://cn.noxinfluencer.com/youtube/channel/UCPPklDMLYS5WkxF2AeSqFtQ,-15,badcase,游戏娱乐向频道，和宠物食品错位
2392,UCPQ5ikc_moDzeOZaZ74e_dQ,BizMove,https://cn.noxinfluencer.com/youtube/channel/UCPQ5ikc_moDzeOZaZ74e_dQ,2,badcase,只有泛食品/健康词，缺少宠物语境
2393,UCPQVjsisdIbtLZWeWgv3-fQ,Prophecy Update Videos,https://cn.noxinfluencer.com/youtube/channel/UCPQVjsisdIbtLZWeWgv3-fQ,-5,badcase,宠物词存在，但宗教新闻娱乐主域压制
2394,UCPSQSNSbx6gTV_m4V1DN5IA,Cain Brands Reviews,https://cn.noxinfluencer.com/youtube/channel/UCPSQSNSbx6gTV_m4V1DN5IA,0,badcase,无宠物食品相关证据
2396,UCPSsfWDYt0ipy5WqmCho88A,FUNNY OLD HUSBAND,https://cn.noxinfluencer.com/youtube/channel/UCPSsfWDYt0ipy5WqmCho88A,-14,badcase,娱乐内容为主，泛食品词不足
2397,UCPUfW6VibaM2xGCbf-15ApA,fashionkoki935,https://cn.noxinfluencer.com/youtube/channel/UCPUfW6VibaM2xGCbf-15ApA,-15,badcase,ASMR解压格式，不适合实体产品推广
2398,UCPUpMrttxWDhodUgKD47TJA,React & Laugh TV,https://cn.noxinfluencer.com/youtube/channel/UCPUpMrttxWDhodUgKD47TJA,0,badcase,无相关标签或内容信号
2399,UCPUxgZDCCOdsQ0R0wpzTtdg,animaljake3886,https://cn.noxinfluencer.com/youtube/channel/UCPUxgZDCCOdsQ0R0wpzTtdg,0,badcase,缺少宠物食品相关标签或内容证据
2400,UCPVHuqJdGRrt6FaRPt9Wjvg,Sky Fantasy AI,https://cn.noxinfluencer.com/youtube/channel/UCPVHuqJdGRrt6FaRPt9Wjvg,0,badcase,无相关标签或内容信号
2401,UCPVia2f3uskQ7s3887QKNiA,Things That I Want,https://cn.noxinfluencer.com/youtube/channel/UCPVia2f3uskQ7s3887QKNiA,0,badcase,无相关标签或内容信号
2402,UCPVrNkr4Ur0dDFusPFk29Fg,ZipZyme™ Omega,https://cn.noxinfluencer.com/youtube/channel/UCPVrNkr4Ur0dDFusPFk29Fg,0,badcase,无相关标签或内容信号
2403,UCPWQWav6BpPvtanCtloXkiw,The CW Network,https://cn.noxinfluencer.com/youtube/channel/UCPWQWav6BpPvtanCtloXkiw,-15,badcase,体育娱乐主域，和宠物食品推广不匹配
2404,UCPWQkUFal2qg0W3_N0z_j2g,Alex Terranova,https://cn.noxinfluencer.com/youtube/channel/UCPWQkUFal2qg0W3_N0z_j2g,0,badcase,无宠物食品相关证据
2405,UCPXnpI8CdHVOnfGibwBJV9Q,putyourminetoit,https://cn.noxinfluencer.com/youtube/channel/UCPXnpI8CdHVOnfGibwBJV9Q,0,badcase,乡村生活向但缺少宠物食品受众证据
2406,UCPYj22IZxLVC1YLspPwB1Ag,Treasure on Paper,https://cn.noxinfluencer.com/youtube/channel/UCPYj22IZxLVC1YLspPwB1Ag,0,badcase,无相关标签或内容信号
2407,UCPYjlcJncpS6_nil7f-ICwA,Stephen Haws,https://cn.noxinfluencer.com/youtube/channel/UCPYjlcJncpS6_nil7f-ICwA,0,badcase,无相关标签或内容信号
2408,UCPbYdkSAju8kSIDWqajum8A,Kaylynn scope,https://cn.noxinfluencer.com/youtube/channel/UCPbYdkSAju8kSIDWqajum8A,4,badcase,仅有泛食品/做饭词，缺少宠物受众
2409,UCPddytGZ512szQmDPmBAA0A,Baricousin,https://cn.noxinfluencer.com/youtube/channel/UCPddytGZ512szQmDPmBAA0A,1,badcase,以反应和减重话题为主，和宠物食品不相关
2410,UCPdeYfSVheQ95CZ-OulR24w,Mike Fetscher,https://cn.noxinfluencer.com/youtube/channel/UCPdeYfSVheQ95CZ-OulR24w,-15,badcase,体育旅游主导，缺少宠物食品受众
2412,UCPfopSn1vuQWj8qlCo_reog,JaiShare,https://cn.noxinfluencer.com/youtube/channel/UCPfopSn1vuQWj8qlCo_reog,-15,badcase,音乐娱乐频道，与宠物食品推广不符
2413,UCPhWNglXnkSjUYmRVj7rGbQ,GiggleShot,https://cn.noxinfluencer.com/youtube/channel/UCPhWNglXnkSjUYmRVj7rGbQ,-15,badcase,Kpop娱乐向内容，和宠物食品不匹配
2414,UCPidYK81ww1Gv0SkLiHN5Sg,MAY THE SHORTS BE WITH YOU,https://cn.noxinfluencer.com/youtube/channel/UCPidYK81ww1Gv0SkLiHN5Sg,0,badcase,缺少任何宠物或食品相关信号
2415,UCPj-OZyev7f_dxGam7wCZmQ,The Desire Company,https://cn.noxinfluencer.com/youtube/channel/UCPj-OZyev7f_dxGam7wCZmQ,-10,badcase,人类食谱/健身频道，不适合宠物食品推广
2417,UCPlOfJ0GbgqrOzdusZZEEKg,Melissa Chee,https://cn.noxinfluencer.com/youtube/channel/UCPlOfJ0GbgqrOzdusZZEEKg,0,badcase,美妆旅行向，几乎无宠物食品相关性
2418,UCPnmLoCXZVMuQmQ56baH0Sw,Heison Playmate,https://cn.noxinfluencer.com/youtube/channel/UCPnmLoCXZVMuQmQ56baH0Sw,0,badcase,以英语学习和游戏为主，缺少相关受众
2419,UCPppVjrM6npvaxNW7DpSEcA,Sol6,https://cn.noxinfluencer.com/youtube/channel/UCPppVjrM6npvaxNW7DpSEcA,-15,badcase,喜剧娱乐频道，和宠物食品推广不匹配
2420,UCPpubFIcwGvLytL_XMtJJEw,Couple Walking,https://cn.noxinfluencer.com/youtube/channel/UCPpubFIcwGvLytL_XMtJJEw,0,badcase,无标签无内容，无法支持推广判断
2421,UCPq83EY9gf_nPGX9Zz3ZFyg,Above the Noise,https://cn.noxinfluencer.com/youtube/channel/UCPq83EY9gf_nPGX9Zz3ZFyg,0,badcase,无标签无内容，无法支持推广判断
2423,UCPrKsKee92-ANeRvyPXScpw,Minnesota Vlogs (Vlog MN),https://cn.noxinfluencer.com/youtube/channel/UCPrKsKee92-ANeRvyPXScpw,0,badcase,LGBTQ生活向内容，和宠物食品关联弱
2425,UCPsZOY31cpXxzRy9QNM5Cng,RayJoni05,https://cn.noxinfluencer.com/youtube/channel/UCPsZOY31cpXxzRy9QNM5Cng,0,badcase,技术/出行/饮食泛话题，相关性不足
2426,UCPuUq_CxRta9xw2JtAkul8A,"Heat and Control, Inc.",https://cn.noxinfluencer.com/youtube/channel/UCPuUq_CxRta9xw2JtAkul8A,0,badcase,工业食品设备频道，不是宠物食品受众
2428,UCPyEd9_qtM3IDXFhiAygSoQ,Léa Marie,https://cn.noxinfluencer.com/youtube/channel/UCPyEd9_qtM3IDXFhiAygSoQ,1,badcase,家庭生活频道仅轻微沾边，相关性不足
2429,UCPypWAHpOe4oML00FyvzZEw,GlowBeats,https://cn.noxinfluencer.com/youtube/channel/UCPypWAHpOe4oML00FyvzZEw,-15,badcase,短片叙事/救援题材，格式不适合投放
2430,UCPyurvKyYW-MKqCgoXOLb7w,LavenderLushLuxury,https://cn.noxinfluencer.com/youtube/channel/UCPyurvKyYW-MKqCgoXOLb7w,0,badcase,无标签，无法判断为宠物食品相关
2431,UCQ00zWTLrgRQJUb8MHQg21A,Come Play With Me,https://cn.noxinfluencer.com/youtube/channel/UCQ00zWTLrgRQJUb8MHQg21A,0,badcase,儿童玩具频道，与宠物食品完全不符
2432,UCQ1CGD-2qTTC2HbYuiZTtRw,Joe Ditzel,https://cn.noxinfluencer.com/youtube/channel/UCQ1CGD-2qTTC2HbYuiZTtRw,-15,badcase,搞笑娱乐频道，与宠物食品推广不符
2433,UCQ1Ng-4KN1xDzUynwC39aTA,Noble Facts Today,https://cn.noxinfluencer.com/youtube/channel/UCQ1Ng-4KN1xDzUynwC39aTA,0,badcase,励志话题，和宠物食品关联很弱
2434,UCQ1tideMxdptgrm9gcC2n9A,Joe Cross,https://cn.noxinfluencer.com/youtube/channel/UCQ1tideMxdptgrm9gcC2n9A,0,badcase,泛食品知识频道，缺少宠物食品语境
2435,UCQ28jbcPIAC6LfDnmxHBj9Q,Blessing the Streets,https://cn.noxinfluencer.com/youtube/channel/UCQ28jbcPIAC6LfDnmxHBj9Q,0,badcase,公益救助频道，和宠物食品推广不匹配
2436,UCQ2gWxh780K8f2Wzv_NPyUA,ToyLand SpotComs,https://cn.noxinfluencer.com/youtube/channel/UCQ2gWxh780K8f2Wzv_NPyUA,0,badcase,街拍购物内容略相关，但宠物意图不足
2438,UCQ5JK6bSa9Q7v7MyCSv2NiQ,SaraLee's Deals Steals and Giveaways,https://cn.noxinfluencer.com/youtube/channel/UCQ5JK6bSa9Q7v7MyCSv2NiQ,-10,badcase,鸡只和野生动物占主导，和宠物食品推广不匹配
2440,UCQ5n4n7sv2PSvp9_xJHps4A,I Tested It,https://cn.noxinfluencer.com/youtube/channel/UCQ5n4n7sv2PSvp9_xJHps4A,0,badcase,缺少任何宠物相关信号
2443,UCQ6d7ISLj-t3B7ViDsZcQJA,THE SMOKIN'BEAR BBQ,https://cn.noxinfluencer.com/youtube/channel/UCQ6d7ISLj-t3B7ViDsZcQJA,0,badcase,偏人类餐饮/烧烤内容，宠物食品不对口
2444,UCQAQ2HOtCmtPsEfp6UwCixg,Rifat Khandaker,https://cn.noxinfluencer.com/youtube/channel/UCQAQ2HOtCmtPsEfp6UwCixg,0,badcase,缺少主题信号
2445,UCQD5922sMARMfQPejSiBCzw,Animals are great!,https://cn.noxinfluencer.com/youtube/channel/UCQD5922sMARMfQPejSiBCzw,-8,badcase,野生动物内容为主，宠物食品不适合
2446,UCQEqkIvN2y--gkCG3JE4NaA,heysweetkay,https://cn.noxinfluencer.com/youtube/channel/UCQEqkIvN2y--gkCG3JE4NaA,0,badcase,生活方式泛内容，和宠物食品关联弱
2447,UCQF9FM1hzaeogDuqr8PQg8Q,Lý Thị Hoa 4,https://cn.noxinfluencer.com/youtube/channel/UCQF9FM1hzaeogDuqr8PQg8Q,0,badcase,缺少主题信号
2448,UCQGTM-b1xms_y0NpaqJ-Glw,Simple Bites,https://cn.noxinfluencer.com/youtube/channel/UCQGTM-b1xms_y0NpaqJ-Glw,-15,badcase,游戏频道，与宠物食品推广域不匹配
2452,UCQKU54Ig9JBdtJx0rMolFWw,Ella Magers | Evolution of Fitness,https://cn.noxinfluencer.com/youtube/channel/UCQKU54Ig9JBdtJx0rMolFWw,0,badcase,人类素食健身内容，不是宠物喂养受众
2453,UCQMTElDKVliGdLBoaPxwYlA,K2RaW,https://cn.noxinfluencer.com/youtube/channel/UCQMTElDKVliGdLBoaPxwYlA,0,badcase,生活科技向，和宠物食品无关
2455,UCQNo5gs2Ja6-ErLzezo8NWw,iCutie,https://cn.noxinfluencer.com/youtube/channel/UCQNo5gs2Ja6-ErLzezo8NWw,-4,badcase,喂养救助题材相关，但剧情娱乐占主导
2457,UCQOPbbYmbpavmaToEPMc3Hw,Phamdily,https://cn.noxinfluencer.com/youtube/channel/UCQOPbbYmbpavmaToEPMc3Hw,0,badcase,娱乐和生活向泛频道，宠物食品关联弱
2459,UCQOcC69izcQucP1vG3Lg3pw,IMARC Group,https://cn.noxinfluencer.com/youtube/channel/UCQOcC69izcQucP1vG3Lg3pw,0,badcase,无宠物相关信号
2461,UCQSy0HbaLvIKRjX3cs7dKRA,Luis Bolinao - Amazon For Beginners,https://cn.noxinfluencer.com/youtube/channel/UCQSy0HbaLvIKRjX3cs7dKRA,0,badcase,缺少主题信号
2465,UCQVHZeogOoQ-IeuGfGCrqig,Boopa Funny,https://cn.noxinfluencer.com/youtube/channel/UCQVHZeogOoQ-IeuGfGCrqig,0,badcase,无有效标签与内容信号，无法判断为宠粮相关
2467,UCQXwKfM06yQZ2PIJeqj9JFg,Slot Peach,https://cn.noxinfluencer.com/youtube/channel/UCQXwKfM06yQZ2PIJeqj9JFg,0,badcase,无有效标签与内容信号，无法判断为宠粮相关
2469,UCQYNW5vJWBBjiep062NwMEA,Browse & Buy Stuff,https://cn.noxinfluencer.com/youtube/channel/UCQYNW5vJWBBjiep062NwMEA,0,badcase,无有效标签与内容信号，无法判断为宠粮相关
2472,UCQaDjAIpg-pd44ats-HXCyA,WCPO 9,https://cn.noxinfluencer.com/youtube/channel/UCQaDjAIpg-pd44ats-HXCyA,0,badcase,与宠物食品无关，缺少可投放受众信号
2473,UCQbS_fuaSWc9e9m11rl6DRQ,Easy DIY Miniatures,https://cn.noxinfluencer.com/youtube/channel/UCQbS_fuaSWc9e9m11rl6DRQ,0,badcase,内容偏手作微缩，与宠物食品推广无关
2475,UCQjWTEnVsg0WrwzZehM7XFA,grizzlys adventure,https://cn.noxinfluencer.com/youtube/channel/UCQjWTEnVsg0WrwzZehM7XFA,0,badcase,与宠物食品无关，缺少可投放受众信号
2476,UCQkUyP0UWRXyKq5Gr8LTGVw,RFB Paw Prints,https://cn.noxinfluencer.com/youtube/channel/UCQkUyP0UWRXyKq5Gr8LTGVw,0,badcase,无有效标签与内容信号，无法判断为宠粮相关
2477,UCQkdyItqFBMX3JWOUk9j-jA,Nurture Your Pet,https://cn.noxinfluencer.com/youtube/channel/UCQkdyItqFBMX3JWOUk9j-jA,0,badcase,仅凭名称不足以确认宠物食品相关性
2479,UCQm3t4nhRZcmn7Lsekrnn5A,Viral Frame,https://cn.noxinfluencer.com/youtube/channel/UCQm3t4nhRZcmn7Lsekrnn5A,0,badcase,无有效标签与内容信号，无法判断为宠粮相关
2480,UCQn7JQs-MQGQ4FD6Ar66YJQ,TikTok Shorts,https://cn.noxinfluencer.com/youtube/channel/UCQn7JQs-MQGQ4FD6Ar66YJQ,0,badcase,娱乐短视频频道，与宠物食品投放不匹配
2481,UCQpiGqTVcVBA9bitSXdqqZw,Animals CMBD,https://cn.noxinfluencer.com/youtube/channel/UCQpiGqTVcVBA9bitSXdqqZw,-15,badcase,ASMR美食流与产品推广格式强冲突
2483,UCQqifhwN26l0oZqFaDAitng,Gotcha! Yes,https://cn.noxinfluencer.com/youtube/channel/UCQqifhwN26l0oZqFaDAitng,0,badcase,与宠物食品无关，缺少可投放受众信号
2484,UCQs-tWGqacJ7vuuJDtXq28w,KOYA with,https://cn.noxinfluencer.com/youtube/channel/UCQs-tWGqacJ7vuuJDtXq28w,0,badcase,泛娱乐频道，与宠物食品投放不匹配
2485,UCQsrMsqH4yewRJ6AKjDNS-w,Xiao Daily Life,https://cn.noxinfluencer.com/youtube/channel/UCQsrMsqH4yewRJ6AKjDNS-w,0,badcase,无有效标签与内容信号，无法判断为宠粮相关
2486,UCQu5s90PEPy8aEbmF4tM_2w,cursedneural,https://cn.noxinfluencer.com/youtube/channel/UCQu5s90PEPy8aEbmF4tM_2w,0,badcase,无有效标签与内容信号，无法判断为宠粮相关
2488,UCR1X2skg3UYwsKd5b9RjGTQ,PlaneCrazySim,https://cn.noxinfluencer.com/youtube/channel/UCR1X2skg3UYwsKd5b9RjGTQ,0,badcase,飞机模拟内容，和宠物食品推广无关
2489,UCR3iaBgJoLcloYJCifdI7ew,Soothing Healing Music,https://cn.noxinfluencer.com/youtube/channel/UCR3iaBgJoLcloYJCifdI7ew,-11,badcase,冥想音乐频道，音频放松型与宠物食品推广错位
2490,UCR4u4zBm37-uODgDlvsu7Bg,Freakin Frugal,https://cn.noxinfluencer.com/youtube/channel/UCR4u4zBm37-uODgDlvsu7Bg,0,badcase,极简省钱内容偏人类食品，不指向宠物食品
2492,UCR6AGNswDItSKNNcd9214xQ,Celebrity & Sports Insider,https://cn.noxinfluencer.com/youtube/channel/UCR6AGNswDItSKNNcd9214xQ,0,badcase,名人体育资讯，与宠物食品无关
2494,UCRAoLjIeDYFOSuXFImfecqg,Matt Mitchell,https://cn.noxinfluencer.com/youtube/channel/UCRAoLjIeDYFOSuXFImfecqg,0,badcase,泛生活/体育/健康内容，和宠物食品关联弱
2495,UCRD7ETElgztp-tS6hbw4umA,Rooted Creations,https://cn.noxinfluencer.com/youtube/channel/UCRD7ETElgztp-tS6hbw4umA,0,badcase,手工教程频道，和宠物食品推广不匹配
2496,UCRDktkJBNlx8BA7VGKnW3yw,EverydaySkills,https://cn.noxinfluencer.com/youtube/channel/UCRDktkJBNlx8BA7VGKnW3yw,0,badcase,家居DIY为主，虽有pets但不够聚焦
2497,UCRF9gXejJEB0shBEbM2hb0Q,MrAlanC,https://cn.noxinfluencer.com/youtube/channel/UCRF9gXejJEB0shBEbM2hb0Q,0,badcase,地域杂谈为主，缺少宠物或喂养语境
2498,UCRGCKpUzCLqtG4qv8seBqFA,Tony Thorn,https://cn.noxinfluencer.com/youtube/channel/UCRGCKpUzCLqtG4qv8seBqFA,0,badcase,频道信息不足，无法建立宠物食品相关性
2499,UCRHVXw7nzUhGlHy_LYrVsbw,Cambriea & Bobby,https://cn.noxinfluencer.com/youtube/channel/UCRHVXw7nzUhGlHy_LYrVsbw,0,badcase,家庭vlog，缺少宠物食品相关受众证据
2500,UCRI_dYvkAA_gQfshKFzeHNg,Emagine Reacts,https://cn.noxinfluencer.com/youtube/channel/UCRI_dYvkAA_gQfshKFzeHNg,-15,badcase,reaction短视频，娱乐属性强，不适合宠物食品
2501,UCRJYvYT6Sy8DsSRruoV30Cg,House Of Justice,https://cn.noxinfluencer.com/youtube/channel/UCRJYvYT6Sy8DsSRruoV30Cg,-15,badcase,电影娱乐频道，和宠物食品推广不匹配
2502,UCRKOWvWKDGi9K2G_SqOwbhA,ky,https://cn.noxinfluencer.com/youtube/channel/UCRKOWvWKDGi9K2G_SqOwbhA,-5,badcase,娱乐短视频为主，宠物食品相关性弱
2503,UCRKgtsTESvEuW07Q7g7-_sQ,Chillstar 08,https://cn.noxinfluencer.com/youtube/channel/UCRKgtsTESvEuW07Q7g7-_sQ,0,badcase,商业赚钱频道，与宠物食品受众不符
2505,UCRMCB5M4gopfTg1aN4OEGPA,Chicago Talk Show Host,https://cn.noxinfluencer.com/youtube/channel/UCRMCB5M4gopfTg1aN4OEGPA,0,badcase,谈话节目，和宠物食品无关
2508,UCRT0X3EyhVoIBSjSBXLhAIw,MilkSheikh,https://cn.noxinfluencer.com/youtube/channel/UCRT0X3EyhVoIBSjSBXLhAIw,0,badcase,频道信息不足，和宠物食品无关
2509,UCRTQP7mgOnlanSAWdHSKTcQ,SD STUDIO,https://cn.noxinfluencer.com/youtube/channel/UCRTQP7mgOnlanSAWdHSKTcQ,0,badcase,烹饪频道，但缺少宠物喂养语境
2510,UCRTqDGku3E5Dum3BzdNjIeg,Tested In Real Life,https://cn.noxinfluencer.com/youtube/channel/UCRTqDGku3E5Dum3BzdNjIeg,0,badcase,频道信息不足，和宠物食品无关
2511,UCRUXnz5cjcTU-ulm32QLEqw,Miu Miu's Corner,https://cn.noxinfluencer.com/youtube/channel/UCRUXnz5cjcTU-ulm32QLEqw,0,badcase,个人角落类名称，缺少宠物食品证据
2513,UCRYYR1Zeu7ULiLyN44HTgkA,Exposing Our Waste,https://cn.noxinfluencer.com/youtube/channel/UCRYYR1Zeu7ULiLyN44HTgkA,-15,badcase,废弃物/捡垃圾主题，与宠物粮投放明显不符
2514,UCRYxPR-NO09MQz17jkJOYoQ,Lumoar Monetu,https://cn.noxinfluencer.com/youtube/channel/UCRYxPR-NO09MQz17jkJOYoQ,0,badcase,无标签无内容证据，无法判断相关性
2515,UCRZHZXap5tHAwZuKkAWub3g,NillaGRoRilla,https://cn.noxinfluencer.com/youtube/channel/UCRZHZXap5tHAwZuKkAWub3g,0,badcase,无标签无内容证据，无法判断相关性
2516,UCRZbBsZqiUEr0pH_VDkY1Tg,Top & Best,https://cn.noxinfluencer.com/youtube/channel/UCRZbBsZqiUEr0pH_VDkY1Tg,0,badcase,仅有泛化名称，无宠物或喂养相关信号
2517,UCRb2F_IcFlunJ2BIpaudWIQ,Charlie Noe,https://cn.noxinfluencer.com/youtube/channel/UCRb2F_IcFlunJ2BIpaudWIQ,0,badcase,无标签无内容证据，无法判断相关性
2518,UCRbCPrLzgOnIIzhzEI_dATw,RetroStation,https://cn.noxinfluencer.com/youtube/channel/UCRbCPrLzgOnIIzhzEI_dATw,0,badcase,无标签无内容证据，无法判断相关性
2520,UCRdDIj4rNHEMZdJFNXG4_vg,Life with Luna & Arun,https://cn.noxinfluencer.com/youtube/channel/UCRdDIj4rNHEMZdJFNXG4_vg,0,badcase,无标签无内容证据，无法判断相关性
2522,UCRfxhoK3EMCE4iL48SkBBtA,GAMO Production,https://cn.noxinfluencer.com/youtube/channel/UCRfxhoK3EMCE4iL48SkBBtA,0,badcase,仅泛食物内容，缺少宠物消费或喂养上下文
2525,UCRgRH93IrJrxeHXp_o8OBPQ,Doll Meets World,https://cn.noxinfluencer.com/youtube/channel/UCRgRH93IrJrxeHXp_o8OBPQ,0,badcase,儿童玩具娱乐向，与宠物食品受众不匹配
2526,UCRi28IpYY25KfklcsFKH1_Q,Chin-Sun's Daily life진선의 일상,https://cn.noxinfluencer.com/youtube/channel/UCRi28IpYY25KfklcsFKH1_Q,-12,badcase,ASMR/日常吃播格式，不适合宠物食品投放
2527,UCRixkkcgt8Qv2TjoFxYj4mA,Max's Mom's Creations,https://cn.noxinfluencer.com/youtube/channel/UCRixkkcgt8Qv2TjoFxYj4mA,0,badcase,无标签无内容证据，无法判断相关性
2528,UCRj8Mp_OpTVaSAjA1kEV4sQ,Susan Lynn - Spirit Navigator,https://cn.noxinfluencer.com/youtube/channel/UCRj8Mp_OpTVaSAjA1kEV4sQ,-15,badcase,政治玄学向，和宠物食品推广完全不在同一受众
2530,UCRmVrFuuTLLnPv7GMiZg69A,breafkast,https://cn.noxinfluencer.com/youtube/channel/UCRmVrFuuTLLnPv7GMiZg69A,-15,badcase,捡废食内容，与宠物粮投放相反
2531,UCRnP-W64PbDLskajdoV5Tfg,Mirca The Husky,https://cn.noxinfluencer.com/youtube/channel/UCRnP-W64PbDLskajdoV5Tfg,8,badcase,命中狗粮词，但ASMR吃播是明显格式不匹配
2534,UCRoznu-M3T-l2YoP6hah1Ng,Prime Shoppers World,https://cn.noxinfluencer.com/youtube/channel/UCRoznu-M3T-l2YoP6hah1Ng,0,badcase,泛购物账号，无宠物食品相关证据
2535,UCRqLN0uwZxdeJFyExkczUtw,Ich Bin Rasu,https://cn.noxinfluencer.com/youtube/channel/UCRqLN0uwZxdeJFyExkczUtw,0,badcase,时尚娱乐向，与宠物食品推广不匹配
2536,UCRqVDWoenRWnt-Mn3-BgYgg,Mo and friends,https://cn.noxinfluencer.com/youtube/channel/UCRqVDWoenRWnt-Mn3-BgYgg,0,badcase,儿童教育向，和宠物食品受众不匹配
2537,UCRr3jU_F6prvhVapEVEcOiA,Daily Animal Chaos Arena,https://cn.noxinfluencer.com/youtube/channel/UCRr3jU_F6prvhVapEVEcOiA,0,badcase,无宠物食品或宠物受众信号
2538,UCRr536uCAB89kx9afdxnnQw,Liya’s Face,https://cn.noxinfluencer.com/youtube/channel/UCRr536uCAB89kx9afdxnnQw,0,badcase,时尚生活向，和宠物食品受众无关
2539,UCRrfOvOO-Cni3xwvo6rDzhw,sylverclaws,https://cn.noxinfluencer.com/youtube/channel/UCRrfOvOO-Cni3xwvo6rDzhw,0,badcase,缺少任何可用的宠物相关标签
2540,UCRsdKFtohxcOTiXOcnQgJ3w,Funny Liu Xiao,https://cn.noxinfluencer.com/youtube/channel/UCRsdKFtohxcOTiXOcnQgJ3w,0,badcase,泛娱乐且无宠物消费场景
2541,UCRtCvdCttiwoEf7psS9Q2mQ,Melissa Wade,https://cn.noxinfluencer.com/youtube/channel/UCRtCvdCttiwoEf7psS9Q2mQ,0,badcase,无标签无内容，无法判断相关
2542,UCRtzBcDRqa9AbcDI-Qgyf0Q,Mr. Skinny TV,https://cn.noxinfluencer.com/youtube/channel/UCRtzBcDRqa9AbcDI-Qgyf0Q,0,badcase,娱乐/名人向，和宠物食品推广不符
2543,UCRuB_10xK7wYougU6SfqOpw,Genius Store Shorts,https://cn.noxinfluencer.com/youtube/channel/UCRuB_10xK7wYougU6SfqOpw,0,badcase,无宠物或购买意图信号
2544,UCRuQDG5vBOWqDObLJgodX4Q,Dragon_Misty Diaries,https://cn.noxinfluencer.com/youtube/channel/UCRuQDG5vBOWqDObLJgodX4Q,0,badcase,无内容线索，相关性不足
2545,UCRukFN9U2SUAcVYkxO1illQ,Joshua Thomas,https://cn.noxinfluencer.com/youtube/channel/UCRukFN9U2SUAcVYkxO1illQ,1,badcase,仅有pets弱信号，主体是钓鱼狩猎
2546,UCRwu8FfXFI6g9ZktVHuzTCg,Orphans Boys Daily Life,https://cn.noxinfluencer.com/youtube/channel/UCRwu8FfXFI6g9ZktVHuzTCg,0,badcase,生存/孤儿日常，非宠物消费场景
2548,UCRzDUbUqSrTZv47prIS7kfA,Sakthi's Tiger,https://cn.noxinfluencer.com/youtube/channel/UCRzDUbUqSrTZv47prIS7kfA,0,badcase,无宠物相关标签或内容
2549,UCRzTqKrs4Ws5FqvyiDiklXA,Miles&MeTarot,https://cn.noxinfluencer.com/youtube/channel/UCRzTqKrs4Ws5FqvyiDiklXA,0,badcase,娱乐音乐向，和宠物食品无关
2551,UCS5BtqnwRTbZY-gvXWgN6VQ,PetsYlo,https://cn.noxinfluencer.com/youtube/channel/UCS5BtqnwRTbZY-gvXWgN6VQ,0,badcase,无标签无内容，相关性不足
2552,UCS81O5zAYMzKFWX1-RSqEIw,CreativeMuse,https://cn.noxinfluencer.com/youtube/channel/UCS81O5zAYMzKFWX1-RSqEIw,0,badcase,无可用宠物或购买场景信号
2554,UCSAEgEP74Ou8lA9jcNrMhFA,Coffee with Rohan  lifestyle,https://cn.noxinfluencer.com/youtube/channel/UCSAEgEP74Ou8lA9jcNrMhFA,0,badcase,泛生活娱乐号，宠物食品相关性弱
2555,UCSAF9TeJeWnxHhpNees1mng,ReaderandMediumRosalind,https://cn.noxinfluencer.com/youtube/channel/UCSAF9TeJeWnxHhpNees1mng,0,badcase,塔罗占卜号，和宠物食品无关
2556,UCSBeGObKlN-_ZPepn_Hf5Rw,Tongue Tied Games,https://cn.noxinfluencer.com/youtube/channel/UCSBeGObKlN-_ZPepn_Hf5Rw,-15,badcase,游戏故事向，明显不适合宠物食品投放
2557,UCSC6ZHhHEkzMWfdhMa2s5GQ,K9Tay The Shiba Way,https://cn.noxinfluencer.com/youtube/channel/UCSC6ZHhHEkzMWfdhMa2s5GQ,0,badcase,无标签，无法判断为宠物食品相关
2559,UCSE8wETXNcZBLVBhTw4AmDA,"Cynthia Thurlow, NP",https://cn.noxinfluencer.com/youtube/channel/UCSE8wETXNcZBLVBhTw4AmDA,0,badcase,人类健康向，与宠物食品不匹配
2560,UCSEahLRrOijFqvnDNTvGyuA,Baby story,https://cn.noxinfluencer.com/youtube/channel/UCSEahLRrOijFqvnDNTvGyuA,-15,badcase,故事娱乐向，明显不适合宠物食品推广
2562,UCSHJC5ARytsFdE4v2TlZLbQ,Ask About Life & How-To,https://cn.noxinfluencer.com/youtube/channel/UCSHJC5ARytsFdE4v2TlZLbQ,0,badcase,无宠物食品信号，主题不匹配
2563,UCSIpSqRea9CXOrq2w5vjvRQ,Free and Paid,https://cn.noxinfluencer.com/youtube/channel/UCSIpSqRea9CXOrq2w5vjvRQ,0,badcase,修复类内容，和宠物食品无关
2564,UCSJEZ6JtZzd9hSbeA0OwolA,Craftopia,https://cn.noxinfluencer.com/youtube/channel/UCSJEZ6JtZzd9hSbeA0OwolA,0,badcase,手作内容为主，缺少宠物食品场景
2567,UCSNEns8iY_joDMOYY2lkMOQ,Blasi Sabet,https://cn.noxinfluencer.com/youtube/channel/UCSNEns8iY_joDMOYY2lkMOQ,0,badcase,无可用标签，无法判断宠物食品相关
2568,UCSPNGRuHcL8f9JhnN1KIo5g,Ultraman Zeta Foodie,https://cn.noxinfluencer.com/youtube/channel/UCSPNGRuHcL8f9JhnN1KIo5g,1,badcase,人类美食为主，宠物食品受众不清晰
2569,UCSPSG4QPjN3pS78lroxww4A,Boston University School of Public Health,https://cn.noxinfluencer.com/youtube/channel/UCSPSG4QPjN3pS78lroxww4A,0,badcase,公共健康方向，和宠物食品无关
2570,UCSPS_4pGiWmjWgLa8iR-nVg,Travel Secret Talks,https://cn.noxinfluencer.com/youtube/channel/UCSPS_4pGiWmjWgLa8iR-nVg,0,badcase,旅行话题，缺少宠物食品场景
2571,UCSPkIh43YOv-nIlJ7EUvIBw,Chef Sketti,https://cn.noxinfluencer.com/youtube/channel/UCSPkIh43YOv-nIlJ7EUvIBw,1,badcase,泛美食频道，宠物食品转化弱
2573,UCSRIkxITk97y-kOKyutMjkQ,Nom Nom,https://cn.noxinfluencer.com/youtube/channel/UCSRIkxITk97y-kOKyutMjkQ,0,badcase,缺少宠物食品相关信号
2574,UCSRO0JNUYTCjsk7VmMdNYKw,Gearbox,https://cn.noxinfluencer.com/youtube/channel/UCSRO0JNUYTCjsk7VmMdNYKw,0,badcase,游戏车类内容，和宠物食品无关
2576,UCSUi9S7nMEzk6UGMD_QoLVQ,low96hb,https://cn.noxinfluencer.com/youtube/channel/UCSUi9S7nMEzk6UGMD_QoLVQ,1,badcase,RC汽车频道，宠物食品相关度很弱
2577,UCSWJH7nrsI5daIBd2Zntk7Q,ZERNAZ,https://cn.noxinfluencer.com/youtube/channel/UCSWJH7nrsI5daIBd2Zntk7Q,0,badcase,无标签，缺少判断依据
2578,UCSWdxbCvV6kmcRSsY1hSFaA,HackHop,https://cn.noxinfluencer.com/youtube/channel/UCSWdxbCvV6kmcRSsY1hSFaA,0,badcase,生活技巧泛内容，宠物食品不匹配
2579,UCSXHLi9HG56oCZwtgD0f5ew,Rocks Cousteau,https://cn.noxinfluencer.com/youtube/channel/UCSXHLi9HG56oCZwtgD0f5ew,0,badcase,古董收藏内容，和宠物食品无关
2580,UCSX_bX3hujy4R0f25hao5Zw,Noman's Vlogs USA.,https://cn.noxinfluencer.com/youtube/channel/UCSX_bX3hujy4R0f25hao5Zw,0,badcase,泛Vlog频道，缺少宠物食品场景
2584,UCSbRsWDMYeCZCZUtjPlSvAw,Half Moon Bay,https://cn.noxinfluencer.com/youtube/channel/UCSbRsWDMYeCZCZUtjPlSvAw,0,badcase,无有效标签，宠物食品相关性不足
2585,UCSbdgMm0od-75IpuyPSP_yQ,Aethia AI,https://cn.noxinfluencer.com/youtube/channel/UCSbdgMm0od-75IpuyPSP_yQ,0,badcase,AI内容与宠物食品无关
2587,UCScTG7JDyJBVHdpWUMJx1Qw,Cooler depot,https://cn.noxinfluencer.com/youtube/channel/UCScTG7JDyJBVHdpWUMJx1Qw,1,badcase,仅有泛食品标签，缺少宠物受众和宠粮意图
2589,UCSh2BRhXXMveamBDeOhubfQ,Irene Iron Travels,https://cn.noxinfluencer.com/youtube/channel/UCSh2BRhXXMveamBDeOhubfQ,0,badcase,RV旅行垂类，与宠粮投放无关
2590,UCSh3cchi5vBcPBUxB4TI1Iw,Political_Grunt510,https://cn.noxinfluencer.com/youtube/channel/UCSh3cchi5vBcPBUxB4TI1Iw,0,badcase,无标签无内容证据
2591,UCSha26BPh5RYcsJONn61t4w,Wild Wild Pets,https://cn.noxinfluencer.com/youtube/channel/UCSha26BPh5RYcsJONn61t4w,0,badcase,无标签且缺少可验证宠物相关证据
2594,UCSkv8NjCdlgybKb4P6t3-OQ,Влад,https://cn.noxinfluencer.com/youtube/channel/UCSkv8NjCdlgybKb4P6t3-OQ,0,badcase,无标签无内容证据
2596,UCSm3v7ef6-aWtAVdvatmAFA,thepovertyprincess sharon sartori,https://cn.noxinfluencer.com/youtube/channel/UCSm3v7ef6-aWtAVdvatmAFA,0,badcase,人类食物救助内容，非宠粮场景
2598,UCSoAZhsSeqGUCe9BLHeM2Mw,WDBJ7,https://cn.noxinfluencer.com/youtube/channel/UCSoAZhsSeqGUCe9BLHeM2Mw,1,badcase,新闻政治为主，宠物标签只是附带
2599,UCSoIu2eyZeyQTqKPUi_6mWg,Movie-Penny,https://cn.noxinfluencer.com/youtube/channel/UCSoIu2eyZeyQTqKPUi_6mWg,-15,badcase,影视娱乐频道，和宠粮推广格式不匹配
2600,UCSq-l6jECCxxw7x2GvDhjtw,Xynix,https://cn.noxinfluencer.com/youtube/channel/UCSq-l6jECCxxw7x2GvDhjtw,0,badcase,无标签无内容证据
2602,UCSr_9DIDnXlPxxSbW9-w-BQ,Dan Dillman,https://cn.noxinfluencer.com/youtube/channel/UCSr_9DIDnXlPxxSbW9-w-BQ,0,badcase,历史悬疑知识频道，与宠粮无关
2606,UCSvVjznygXVr7JC01fx_XrQ,GemmiYup,https://cn.noxinfluencer.com/youtube/channel/UCSvVjznygXVr7JC01fx_XrQ,0,badcase,无标签无内容证据
2607,UCSyHWJ8E7egBDeyyzG1dNNg,Ultimate Vumli,https://cn.noxinfluencer.com/youtube/channel/UCSyHWJ8E7egBDeyyzG1dNNg,0,badcase,无标签无内容证据
2608,UCSzWJHK2rRVzL1Lw0FqJ4jg,Dove Calderwood,https://cn.noxinfluencer.com/youtube/channel/UCSzWJHK2rRVzL1Lw0FqJ4jg,0,badcase,无标签无内容证据
2610,UCT1zGK1xXQWGFB8yEUevcIQ,Buying Advisor,https://cn.noxinfluencer.com/youtube/channel/UCT1zGK1xXQWGFB8yEUevcIQ,0,badcase,无标签无内容证据
2613,UCT695JkHMQTwNl9rsPIB8tg,SAINT N MIKE,https://cn.noxinfluencer.com/youtube/channel/UCT695JkHMQTwNl9rsPIB8tg,0,badcase,无有效标签，无法判断宠粮相关性
2614,UCT85XIBOTu3nEsKhdCISj3Q,Delkor Systems,https://cn.noxinfluencer.com/youtube/channel/UCT85XIBOTu3nEsKhdCISj3Q,0,badcase,科技/生活方式向，和宠粮推广无关
2616,UCTD47En66AtZSVigfpYGhvw,MyWyoStyle,https://cn.noxinfluencer.com/youtube/channel/UCTD47En66AtZSVigfpYGhvw,0,badcase,无有效标签，无法判断相关性
2617,UCTEii27GtHKxq8xK1NJzppA,Juno,https://cn.noxinfluencer.com/youtube/channel/UCTEii27GtHKxq8xK1NJzppA,-15,badcase,Gacha/娱乐向，和宠粮推广受众与场景不匹配
2619,UCTFHE2ni0-GAtP9SVHkSoeQ,SweetsRose⭐️,https://cn.noxinfluencer.com/youtube/channel/UCTFHE2ni0-GAtP9SVHkSoeQ,-15,badcase,儿童娱乐/玩具向，与宠粮推广人群不匹配
2620,UCTG-3XWq6wM_MK2roqxdFdA,uHonKon Fun and Relax World,https://cn.noxinfluencer.com/youtube/channel/UCTG-3XWq6wM_MK2roqxdFdA,0,badcase,无有效标签，无法判断相关性
2622,UCTIL7gKhvJquvIeji4UfPpw,NextPhase Process,https://cn.noxinfluencer.com/youtube/channel/UCTIL7gKhvJquvIeji4UfPpw,0,badcase,无有效标签，无法判断相关性
2623,UCTIZyFR1utT76SxJ0vmXxZA,Bonaar Shimexi,https://cn.noxinfluencer.com/youtube/channel/UCTIZyFR1utT76SxJ0vmXxZA,0,badcase,无有效标签，无法判断相关性
2624,UCTIxI4IRZ7sM8DG_CAB8Flw,DHgate,https://cn.noxinfluencer.com/youtube/channel/UCTIxI4IRZ7sM8DG_CAB8Flw,-15,badcase,故事/娱乐短视频向，不适合宠粮推广
2626,UCTKzTNQGblVtuHG8rIzxH0Q,Uncle Denis: No Filter,https://cn.noxinfluencer.com/youtube/channel/UCTKzTNQGblVtuHG8rIzxH0Q,-15,badcase,挑战娱乐向，和宠粮推广受众不匹配
2628,UCTNogy7XJqyxRe9O0y2Kmlw,News Trends Stand,https://cn.noxinfluencer.com/youtube/channel/UCTNogy7XJqyxRe9O0y2Kmlw,-15,badcase,新闻/体育娱乐向，不适合宠粮推广
2631,UCTR5ABBKMyw-pRfMT19kIsA,Aquarium Surge,https://cn.noxinfluencer.com/youtube/channel/UCTR5ABBKMyw-pRfMT19kIsA,0,badcase,无有效标签，无法判断相关性
2632,UCTS8VyZH5HU-xhYUIjxyTtg,𝔪𝔦𝔠𝔥𝔢𝔩𝔩𝔢,https://cn.noxinfluencer.com/youtube/channel/UCTS8VyZH5HU-xhYUIjxyTtg,-15,badcase,游戏直播为主，宠物词仅边缘出现，不适合宠粮推广
2633,UCTTYccSBNghxcxULTGaO1bA,NerdWallet,https://cn.noxinfluencer.com/youtube/channel/UCTTYccSBNghxcxULTGaO1bA,-15,badcase,财经教育向，和宠粮推广无关
2634,UCTVgj_hPohujVQvQMSKEMMw,Wilson Brothers Ranch®,https://cn.noxinfluencer.com/youtube/channel/UCTVgj_hPohujVQvQMSKEMMw,1,badcase,仅有pets泛相关，缺少宠物食品购买/测评意图
2635,UCTVveg4toj4HjGk21nxzwyg,Healing Fur-Friends Forest,https://cn.noxinfluencer.com/youtube/channel/UCTVveg4toj4HjGk21nxzwyg,0,badcase,无有效标签，无法判断相关性
2636,UCTX4QuK0_p8SvBUopIxKpWA,Life With Ron,https://cn.noxinfluencer.com/youtube/channel/UCTX4QuK0_p8SvBUopIxKpWA,0,badcase,泛短视频内容，几乎没有宠粮受众信号
2637,UCTZRgA7H6MZhMz_V5WixSGg,Ai generation,https://cn.noxinfluencer.com/youtube/channel/UCTZRgA7H6MZhMz_V5WixSGg,0,badcase,无宠物粮标签或宠物受众信号
2638,UCT_-LF83L-b11y3A9nGTJ4g,Dr. Pedi Natural Health,https://cn.noxinfluencer.com/youtube/channel/UCT_-LF83L-b11y3A9nGTJ4g,1,badcase,只有food泛词，主体是人类健康/杂货场景
2639,UCT_ptqQij_yiuhPGrKxJDwg,The 5 Best,https://cn.noxinfluencer.com/youtube/channel/UCT_ptqQij_yiuhPGrKxJDwg,-15,badcase,相机科技频道，和宠物粮投放人群不匹配
2640,UCTa8Jp9zk-SCz0UjpLOztag,Odd Things Only,https://cn.noxinfluencer.com/youtube/channel/UCTa8Jp9zk-SCz0UjpLOztag,0,badcase,无有效标签，无法判断宠物粮相关性
2641,UCTaEg4-8VFgpbsu20EOFKXA,Doggy Poo,https://cn.noxinfluencer.com/youtube/channel/UCTaEg4-8VFgpbsu20EOFKXA,0,badcase,无标签，仅凭名称不足以确认宠物粮相关性
2642,UCTbG0T4mMASNEF3xZLq2Zew,American Ai,https://cn.noxinfluencer.com/youtube/channel/UCTbG0T4mMASNEF3xZLq2Zew,3,badcase,偏人类食谱内容，只有泛食物信号
2644,UCTcjJQkp3KcKqIhj6zst4YA,NaturePest Natural Pest Control,https://cn.noxinfluencer.com/youtube/channel/UCTcjJQkp3KcKqIhj6zst4YA,-15,badcase,害虫防治频道，和宠物粮受众相反
2645,UCTcy8JzLiqq4iMJRlUFgHCw,Spotlight STL from HEC Media,https://cn.noxinfluencer.com/youtube/channel/UCTcy8JzLiqq4iMJRlUFgHCw,-5,badcase,娱乐频道，缺少宠物消费场景
2647,UCTfDwKHWZ_mJQVE1_mN4Veg,Welcome Back to the Kitchen!,https://cn.noxinfluencer.com/youtube/channel/UCTfDwKHWZ_mJQVE1_mN4Veg,0,badcase,厨房人类饮食场景，与宠物粮无关
2648,UCTfLsuocSTKRXK7d6y9BKtw,Ms Florida Hot Picks,https://cn.noxinfluencer.com/youtube/channel/UCTfLsuocSTKRXK7d6y9BKtw,-15,badcase,彩票投教频道，与宠物粮投放无关
2649,UCTgPiw0yi4jzF8ji__wdpGQ,Sheri Lyee,https://cn.noxinfluencer.com/youtube/channel/UCTgPiw0yi4jzF8ji__wdpGQ,0,badcase,无标签无内容信号，无法判断宠物相关性
2651,UCTh3vdQ7SDH5WYFFr9pDtag,"Dr. Kyle Burton, DAOM, NCCAOM, LAC",https://cn.noxinfluencer.com/youtube/channel/UCTh3vdQ7SDH5WYFFr9pDtag,0,badcase,无宠物相关标签，缺少明确受众
2652,UCThEOJU_4JA4JL5B4npVksA,Fimi,https://cn.noxinfluencer.com/youtube/channel/UCThEOJU_4JA4JL5B4npVksA,0,badcase,无宠物相关标签，缺少明确受众
2653,UCThc549mc0dPkHjJFagubxA,BLOONDL,https://cn.noxinfluencer.com/youtube/channel/UCThc549mc0dPkHjJFagubxA,0,badcase,无宠物相关标签，缺少明确受众
2654,UCTi9-lLw5RqQenEy6il527A,WOA Funny,https://cn.noxinfluencer.com/youtube/channel/UCTi9-lLw5RqQenEy6il527A,-15,badcase,搞笑娱乐频道，非宠物粮投放场景
2655,UCTiHb8k4CjS7se3XXwBVg8g,Really No Really Podcast,https://cn.noxinfluencer.com/youtube/channel/UCTiHb8k4CjS7se3XXwBVg8g,-5,badcase,播客娱乐向，缺少宠物消费场景
2656,UCTkDZbEs6MhUAHdLj6PPeFg,Chug Waggin,https://cn.noxinfluencer.com/youtube/channel/UCTkDZbEs6MhUAHdLj6PPeFg,0,badcase,无可用标签，无法确认宠物粮相关性
2657,UCTkhetliOHCDUPIKWI8o_1A,Tactic TV,https://cn.noxinfluencer.com/youtube/channel/UCTkhetliOHCDUPIKWI8o_1A,-15,badcase,游戏频道，和宠物粮受众不匹配
2658,UCTl26A7Nfomqu7F0HciEnRA,Aliexpress Fast Shipping,https://cn.noxinfluencer.com/youtube/channel/UCTl26A7Nfomqu7F0HciEnRA,0,badcase,无宠物相关标签，仅见泛购物名称
2659,UCTlcR_PxTjEA3iE5xRIgm9g,Pets Vibe,https://cn.noxinfluencer.com/youtube/channel/UCTlcR_PxTjEA3iE5xRIgm9g,0,badcase,名称像宠物向，但缺少标签与内容证据
2661,UCTm1mspJMJ0br4G8UWpkXqg,Will Chu,https://cn.noxinfluencer.com/youtube/channel/UCTm1mspJMJ0br4G8UWpkXqg,0,badcase,无宠物相关标签，缺少明确受众
2663,UCTnTPk_Ss-wpfU_YRSw5eiA,bareskinjj,https://cn.noxinfluencer.com/youtube/channel/UCTnTPk_Ss-wpfU_YRSw5eiA,-15,badcase,美妆护肤受众与宠物食品推广明显不符
2664,UCTnY5ZTCQ3uIWmvYnO_r9dA,ENDLESS JOKES,https://cn.noxinfluencer.com/youtube/channel/UCTnY5ZTCQ3uIWmvYnO_r9dA,0,badcase,无标签无标题证据，宠物食品相关性不足
2665,UCTo1g9be552RF0ZPcwIc2ZA,faroutvids,https://cn.noxinfluencer.com/youtube/channel/UCTo1g9be552RF0ZPcwIc2ZA,0,badcase,无标签无标题证据，宠物食品相关性不足
2669,UCTrOpeOhIAQVCyAh05DkHXQ,Cool Tool,https://cn.noxinfluencer.com/youtube/channel/UCTrOpeOhIAQVCyAh05DkHXQ,-12,badcase,ASMR工坊类内容，明显不适合宠物食品推广
2670,UCTrpQ1vLvomyh8CDzoTJxgQ,Woodworking Arts,https://cn.noxinfluencer.com/youtube/channel/UCTrpQ1vLvomyh8CDzoTJxgQ,-12,badcase,ASMR木工内容偏感官娱乐，不适合宠物食品推广
2671,UCTrsnfoHgZ9joSW2AaErbIg,Let's Go Liz,https://cn.noxinfluencer.com/youtube/channel/UCTrsnfoHgZ9joSW2AaErbIg,0,badcase,旅行生活频道，缺少宠物或喂养语境
2672,UCTsqwIsZQPWkmwsxQqly8Vg,cbatilo,https://cn.noxinfluencer.com/youtube/channel/UCTsqwIsZQPWkmwsxQqly8Vg,-10,badcase,车和科技向频道，与宠物食品推广不匹配
2674,UCTv8qU3VRWMVQPtlGMGp37g,Nexa Shorts,https://cn.noxinfluencer.com/youtube/channel/UCTv8qU3VRWMVQPtlGMGp37g,-15,badcase,影视综艺向频道，几乎不具备宠物食品推广场景
2675,UCTvV7op96n8DlEpjJnHomaw,KJLindenmuth,https://cn.noxinfluencer.com/youtube/channel/UCTvV7op96n8DlEpjJnHomaw,0,badcase,无标签无标题证据，宠物食品相关性不足
2676,UCTwQtTA1VKfj7tX5TlPUaAA,Tinsley Equipment Company,https://cn.noxinfluencer.com/youtube/channel/UCTwQtTA1VKfj7tX5TlPUaAA,0,badcase,无标签无标题证据，宠物食品相关性不足
2677,UCTwXGEG2_gBraHdSqwArjFw,BluEyed Ninja,https://cn.noxinfluencer.com/youtube/channel/UCTwXGEG2_gBraHdSqwArjFw,0,badcase,偏搞笑/户外内容，和宠物食品推广关联弱
2680,UCTxnE_wlCFES24LqfBrZ1Ew,Shalom5,https://cn.noxinfluencer.com/youtube/channel/UCTxnE_wlCFES24LqfBrZ1Ew,0,badcase,无标签无标题证据，宠物食品相关性不足
2683,UCTziSAUDEP2V2XhT1ZQbY9Q,tequila,https://cn.noxinfluencer.com/youtube/channel/UCTziSAUDEP2V2XhT1ZQbY9Q,0,badcase,无标签无标题证据，宠物食品相关性不足
2684,UCU-1Q1DmwOXGUJftrqdxpUQ,Jeanette Beautie TV,https://cn.noxinfluencer.com/youtube/channel/UCU-1Q1DmwOXGUJftrqdxpUQ,-10,badcase,美妆发型向频道，与宠物食品推广不符
2685,UCU1Ci0eYSHLm2G2zykfIVsA,TwoLuckyHearts,https://cn.noxinfluencer.com/youtube/channel/UCU1Ci0eYSHLm2G2zykfIVsA,0,badcase,无标签无标题证据，宠物食品相关性不足
2686,UCU3K1lqW6lY6deqjTAO5Z3w,Isaac Bradshaw,https://cn.noxinfluencer.com/youtube/channel/UCU3K1lqW6lY6deqjTAO5Z3w,0,badcase,无标签无标题证据，宠物食品相关性不足
2687,UCU4ytu15ne5hV8D4A_dVbHA,THE HAWK - Nature animal documentary,https://cn.noxinfluencer.com/youtube/channel/UCU4ytu15ne5hV8D4A_dVbHA,-10,badcase,动物纪录片/野生动物向，缺少宠物喂养与购买场景
2688,UCU5fuplXj_5gwSM6up-hHdw,Ads of Brands,https://cn.noxinfluencer.com/youtube/channel/UCU5fuplXj_5gwSM6up-hHdw,0,badcase,娱乐/品牌杂项频道，与宠物食品推广几乎无关
2690,UCU6RU5AhEjgtBU6SxMm2i-g,Locale,https://cn.noxinfluencer.com/youtube/channel/UCU6RU5AhEjgtBU6SxMm2i-g,0,badcase,旅游餐饮本地生活向，主要是人类食品话题
2691,UCU7YbVpxfKmZ8gZxp4P1XiA,tec foryou,https://cn.noxinfluencer.com/youtube/channel/UCU7YbVpxfKmZ8gZxp4P1XiA,0,badcase,无相关标签与内容证据，缺少宠物食品受众信号
2692,UCU86c0WOmWEsK0WrNTE1klA,asoftdolphin,https://cn.noxinfluencer.com/youtube/channel/UCU86c0WOmWEsK0WrNTE1klA,0,badcase,无标签与内容证据，无法判断相关
2695,UCUBfEG0eIGdB88bxw1vTfzw,Vibes To,https://cn.noxinfluencer.com/youtube/channel/UCUBfEG0eIGdB88bxw1vTfzw,0,badcase,喜剧短视频为主，宠物食品相关信号缺失
2696,UCUDBrgi6cmqCi0AFuN80iLQ,Diego Hernandez-Romero VHS Openings And Closing,https://cn.noxinfluencer.com/youtube/channel/UCUDBrgi6cmqCi0AFuN80iLQ,0,badcase,VHS/电影音乐娱乐向，和宠物食品不相关
2697,UCUHW9oR4Ti3nxIgVwln2KuA,"Qualys, Inc.",https://cn.noxinfluencer.com/youtube/channel/UCUHW9oR4Ti3nxIgVwln2KuA,0,badcase,网络安全科技号，受众与宠物食品不匹配
2699,UCUIp4ATqILS6ZpIJEWCckGA,I Like Food,https://cn.noxinfluencer.com/youtube/channel/UCUIp4ATqILS6ZpIJEWCckGA,0,badcase,餐饮向，不是宠物食品受众
2700,UCUJxiaLOQiaD6mUP5Xj9YTA,VLADHQ,https://cn.noxinfluencer.com/youtube/channel/UCUJxiaLOQiaD6mUP5Xj9YTA,0,badcase,音乐娱乐频道，缺少宠物消费场景
2702,UCULi8JLqMAM2o9K4sIU4NDQ,Sauce Queen,https://cn.noxinfluencer.com/youtube/channel/UCULi8JLqMAM2o9K4sIU4NDQ,0,badcase,人类美食/吃播向，和宠物食品无关
2704,UCUMPlgTI685TukAJrDESb-w,Rudolfio,https://cn.noxinfluencer.com/youtube/channel/UCUMPlgTI685TukAJrDESb-w,0,badcase,纯娱乐短视频号，宠物食品不匹配
2705,UCUN-JOiDi3lF3O_Vdpm4QOA,Nameless Animals,https://cn.noxinfluencer.com/youtube/channel/UCUN-JOiDi3lF3O_Vdpm4QOA,-10,badcase,动物娱乐/纪录片向，不是宠物喂养场景
2706,UCUNeWEiruH3eoBMb17WIrRQ,Fauzia Zahid,https://cn.noxinfluencer.com/youtube/channel/UCUNeWEiruH3eoBMb17WIrRQ,0,badcase,无可用标签与内容证据
2707,UCUOtXjq6FO6FpJzQRZGWk8Q,WhiskersAndGiggles,https://cn.noxinfluencer.com/youtube/channel/UCUOtXjq6FO6FpJzQRZGWk8Q,0,badcase,仅从名字看像宠物号，但缺少可验证标签
2708,UCUQynf9NUp2otxYoDnXEV_Q,Food Media Network,https://cn.noxinfluencer.com/youtube/channel/UCUQynf9NUp2otxYoDnXEV_Q,0,badcase,人类食品教育/烹饪向，不是宠物食品
2709,UCURUU6J6c849o4zYVHSpPwA,Kigaa,https://cn.noxinfluencer.com/youtube/channel/UCURUU6J6c849o4zYVHSpPwA,0,badcase,无相关标签与内容证据
2711,UCUSQ3AcOX813rRXzAu6-FsQ,Fact Queen,https://cn.noxinfluencer.com/youtube/channel/UCUSQ3AcOX813rRXzAu6-FsQ,0,badcase,泛娱乐资讯号，宠物食品相关性弱
2713,UCUTIMTSWBP35U4VlF78LhCQ,Alex King,https://cn.noxinfluencer.com/youtube/channel/UCUTIMTSWBP35U4VlF78LhCQ,0,badcase,无频道信息，无法判断为宠粮相关
2714,UCUU5ywPQQN_wTdzrebvRocA,Nevada County Media,https://cn.noxinfluencer.com/youtube/channel/UCUU5ywPQQN_wTdzrebvRocA,0,badcase,本地媒体泛内容，宠粮受众不明确
2715,UCUVPX_rHwCZ6drs9jyhP-8w,Tech Hack,https://cn.noxinfluencer.com/youtube/channel/UCUVPX_rHwCZ6drs9jyhP-8w,0,badcase,科技数码向，与宠物食品无关
2716,UCUVwO0SKQmdUmDJwmfe2smA,X-Tremevidpro,https://cn.noxinfluencer.com/youtube/channel/UCUVwO0SKQmdUmDJwmfe2smA,1,badcase,仅有泛食品弱相关，无宠物购买意图
2717,UCUVzjyDLHOkR32nFb6T8z9Q,Sightbox,https://cn.noxinfluencer.com/youtube/channel/UCUVzjyDLHOkR32nFb6T8z9Q,0,badcase,无标签和标题信息，缺少相关证据
2718,UCUWLW6XTej-Q2YMW6CcDM5A,Dojo Kun Comics,https://cn.noxinfluencer.com/youtube/channel/UCUWLW6XTej-Q2YMW6CcDM5A,0,badcase,无标签和标题信息，缺少相关证据
2720,UCUYjfOF9aC0h9-uNpTeMffA,Jackson Animation,https://cn.noxinfluencer.com/youtube/channel/UCUYjfOF9aC0h9-uNpTeMffA,-10,badcase,动画娱乐为主，宠物内容不足
2722,UCUZ36JQYNnWAyTt-qW8UXkg,Goat Movie,https://cn.noxinfluencer.com/youtube/channel/UCUZ36JQYNnWAyTt-qW8UXkg,-5,badcase,山羊题材偏动物娱乐，不是宠物粮受众
2724,UCUaxWT6w9lDIH8cSbD48qfw,Alicia's Vlog,https://cn.noxinfluencer.com/youtube/channel/UCUaxWT6w9lDIH8cSbD48qfw,0,badcase,无宠物食品相关标签，整体方向不匹配
2725,UCUcjZhqCFosxUGA5t2eUVDw,Dumpster diving momma of 2,https://cn.noxinfluencer.com/youtube/channel/UCUcjZhqCFosxUGA5t2eUVDw,0,badcase,无宠物食品相关标签，整体方向不匹配
2726,UCUdJZSkKOQPpoDyqPz-lSjA,K-State,https://cn.noxinfluencer.com/youtube/channel/UCUdJZSkKOQPpoDyqPz-lSjA,0,badcase,无宠物食品相关标签，整体方向不匹配
2729,UCUhXmLtlixpcs6tEhcdOVfw,Better Meow,https://cn.noxinfluencer.com/youtube/channel/UCUhXmLtlixpcs6tEhcdOVfw,0,badcase,无宠物食品相关标签，整体方向不匹配
2730,UCUhkqRn2ygxlwyOdD0VfRuQ,Bowma Begom,https://cn.noxinfluencer.com/youtube/channel/UCUhkqRn2ygxlwyOdD0VfRuQ,1,badcase,仅泛宠物标签，缺少宠物食品或购买场景
2731,UCUiDE-dYwpAN8NEfnKq7cxQ,Mr Las Official,https://cn.noxinfluencer.com/youtube/channel/UCUiDE-dYwpAN8NEfnKq7cxQ,0,badcase,无宠物食品相关标签，整体方向不匹配
2733,UCUjtw_c06djDmp5aHymT4RQ,Chenly Creative,https://cn.noxinfluencer.com/youtube/channel/UCUjtw_c06djDmp5aHymT4RQ,0,badcase,无宠物食品相关标签，整体方向不匹配
2734,UCUkFLGKdIELdrPicD-PTYJQ,Alisha Benson,https://cn.noxinfluencer.com/youtube/channel/UCUkFLGKdIELdrPicD-PTYJQ,0,badcase,无宠物食品相关标签，整体方向不匹配
2735,UCUkNljWXYlKxn36Dr3YAqrw,Fijuho Meboge,https://cn.noxinfluencer.com/youtube/channel/UCUkNljWXYlKxn36Dr3YAqrw,0,badcase,无宠物食品相关标签，整体方向不匹配
2736,UCUknL1K-YGAa5sIss9t0_ug,KOAA 5,https://cn.noxinfluencer.com/youtube/channel/UCUknL1K-YGAa5sIss9t0_ug,0,badcase,无宠物食品相关标签，整体方向不匹配
2737,UCUldPQCtWVa7Iw4va8MKpBA,Daily Savage Fun,https://cn.noxinfluencer.com/youtube/channel/UCUldPQCtWVa7Iw4va8MKpBA,0,badcase,无宠物食品相关标签，整体方向不匹配
2738,UCUnVz4yrqPkrQz_6t6TxdQw,BarkAndDrama,https://cn.noxinfluencer.com/youtube/channel/UCUnVz4yrqPkrQz_6t6TxdQw,0,badcase,无宠物食品相关标签，整体方向不匹配
2739,UCUntg87EmVsfzFA59rN_Slw,Cooking With Pc9,https://cn.noxinfluencer.com/youtube/channel/UCUntg87EmVsfzFA59rN_Slw,0,badcase,无宠物食品相关标签，整体方向不匹配
2740,UCUodCJqNkqZXyLRdaToO15Q,Gabriel's 3D Printing,https://cn.noxinfluencer.com/youtube/channel/UCUodCJqNkqZXyLRdaToO15Q,0,badcase,无宠物食品相关标签，整体方向不匹配
2741,UCUouiRj1SKi4NQxvtFevZIg,ALLIEDFLEX Technologies,https://cn.noxinfluencer.com/youtube/channel/UCUouiRj1SKi4NQxvtFevZIg,0,badcase,偏包装设备与技术，不适合宠物食品创作者推广
2743,UCUrrjRVvosKy_KkYjF_WZvg,SurfboardAstronaut89,https://cn.noxinfluencer.com/youtube/channel/UCUrrjRVvosKy_KkYjF_WZvg,0,badcase,无宠物食品相关标签，整体方向不匹配
2744,UCUrvpUO0pmF447Dp1WgFJBA,WambuiSRBabangida,https://cn.noxinfluencer.com/youtube/channel/UCUrvpUO0pmF447Dp1WgFJBA,0,badcase,无宠物食品相关标签，整体方向不匹配
2745,UCUsOE78cRjMN1JUA6neyoug,TheStrawberryAnia Home & Garden,https://cn.noxinfluencer.com/youtube/channel/UCUsOE78cRjMN1JUA6neyoug,0,badcase,无宠物食品相关标签，整体方向不匹配
2746,UCUtKyaQabgD_A3Csx6yi5uQ,Shawon Vlogs,https://cn.noxinfluencer.com/youtube/channel/UCUtKyaQabgD_A3Csx6yi5uQ,0,badcase,偏车辆和综合日志，不适合宠物食品推广
2749,UCUwFm6dybSBRZ6GQRLZLkLQ,Sam 🇵🇷Bad Bunny,https://cn.noxinfluencer.com/youtube/channel/UCUwFm6dybSBRZ6GQRLZLkLQ,1,badcase,娱乐内容为主，食品标签过泛
4502,UCtIvUuy9ZX7bV5JxW_rrIDg,Nizage Gojoqu,https://cn.noxinfluencer.com/youtube/channel/UCtIvUuy9ZX7bV5JxW_rrIDg,0,badcase,无相关标签，无法判断为宠粮频道
4503,UCtJO_mSM2PL2mnNsV36sMig,CG14,https://cn.noxinfluencer.com/youtube/channel/UCtJO_mSM2PL2mnNsV36sMig,-15,badcase,ASMR+娱乐为主，不适合宠粮推广
4506,UCtKqDAdoV_QJZNNwN3n0M7g,Josh Lindsey,https://cn.noxinfluencer.com/youtube/channel/UCtKqDAdoV_QJZNNwN3n0M7g,0,badcase,无标签无内容证据，不适合做宠物食品推广
4507,UCtL1EP2pIOIprhk6GVoFtIQ,Bubble’s Mini Show,https://cn.noxinfluencer.com/youtube/channel/UCtL1EP2pIOIprhk6GVoFtIQ,0,badcase,无标签和标题信息，缺少相关证据
4509,UCtMWfGD23V-eSOnRAt0sq6w,Nestlé USA,https://cn.noxinfluencer.com/youtube/channel/UCtMWfGD23V-eSOnRAt0sq6w,1,badcase,食品/健康泛品牌，缺少宠物受众
4510,UCtMZA6ATyNsCPJ2sXCmGtGw,Jessica Art JT,https://cn.noxinfluencer.com/youtube/channel/UCtMZA6ATyNsCPJ2sXCmGtGw,0,badcase,手工DIY向，与宠粮无关
4511,UCtNUdFOIDSZSTXdw0IfB1TQ,24KGTV,https://cn.noxinfluencer.com/youtube/channel/UCtNUdFOIDSZSTXdw0IfB1TQ,-5,badcase,动物/野生动物偏泛，非宠物食品受众
4512,UCtOQTD3Siv7J1XZbVUuw7Cg,Timi Nadela,https://cn.noxinfluencer.com/youtube/channel/UCtOQTD3Siv7J1XZbVUuw7Cg,0,badcase,无宠物或食品相关信号，难以承接宠物粮推广
4513,UCtOd-MeLARvZGcA0w8RCAlQ,Voyager AI,https://cn.noxinfluencer.com/youtube/channel/UCtOd-MeLARvZGcA0w8RCAlQ,0,badcase,无频道主题信号，与宠物粮推广无关
4514,UCtS501firADMhpCfJtdX2Xg,2nd Update,https://cn.noxinfluencer.com/youtube/channel/UCtS501firADMhpCfJtdX2Xg,0,badcase,舞蹈音乐手工向，和宠物粮促销不相关
4515,UCtVsx83lS0OSmRNn6f_vfEQ,TIMON SHOW,https://cn.noxinfluencer.com/youtube/channel/UCtVsx83lS0OSmRNn6f_vfEQ,0,badcase,实验对比类频道，与宠物食品推广不匹配
4516,UCtVyXpb7vzWYcZytGXOuM2Q,PopTeenToons - Funny Cartoons,https://cn.noxinfluencer.com/youtube/channel/UCtVyXpb7vzWYcZytGXOuM2Q,-15,badcase,动画娱乐内容为主，属于明显不适合的推广场景
4517,UCtW5p21aB_F_7p961ebaoXA,VR360 - AVATAR,https://cn.noxinfluencer.com/youtube/channel/UCtW5p21aB_F_7p961ebaoXA,0,badcase,VR视觉内容偏展示娱乐，不是宠物粮创作者场景
4519,UCtXBm0tp_xCzz4gEizYfN8w,SiriStarTrailer Export,https://cn.noxinfluencer.com/youtube/channel/UCtXBm0tp_xCzz4gEizYfN8w,0,badcase,食品车/拖车业务与宠物粮受众不匹配
4520,UCtZEGixmrR0vR2vxUiuUsMg,Cyder,https://cn.noxinfluencer.com/youtube/channel/UCtZEGixmrR0vR2vxUiuUsMg,0,badcase,游戏建造向频道，与宠物食品推广无关
4522,UCt_AdeNpmJXf-N-LwEYk87w,Entertainment channel,https://cn.noxinfluencer.com/youtube/channel/UCt_AdeNpmJXf-N-LwEYk87w,-10,badcase,娱乐电影向频道，和宠物粮推广匹配度低
4524,UCta-IjIkUozU9AnBRuU0FoA,KatieG8tor,https://cn.noxinfluencer.com/youtube/channel/UCta-IjIkUozU9AnBRuU0FoA,0,badcase,无宠物相关标签，内容偏生活/人类美食
4525,UCtcO6Q9fwWQ_nKNSG4dlB6g,winter,https://cn.noxinfluencer.com/youtube/channel/UCtcO6Q9fwWQ_nKNSG4dlB6g,0,badcase,无标签无内容证据
4528,UCtdZbXnHqtwLrxhylQuQtVg,Subarnas Animal Point,https://cn.noxinfluencer.com/youtube/channel/UCtdZbXnHqtwLrxhylQuQtVg,0,badcase,无宠物相关证据
4529,UCteJQ01qoCPOZT0P0CApQ9A,Auzzie,https://cn.noxinfluencer.com/youtube/channel/UCteJQ01qoCPOZT0P0CApQ9A,0,badcase,无宠物相关证据
4531,UCtgEbGUdXZ1CBohAlu9OQdA,Off Label Veterinary News,https://cn.noxinfluencer.com/youtube/channel/UCtgEbGUdXZ1CBohAlu9OQdA,0,badcase,无标签证据，无法支持宠物食品投放
4532,UCtgVtiZ4ZhUc5UiqNJ4_shQ,Hometown Station 11 Production,https://cn.noxinfluencer.com/youtube/channel/UCtgVtiZ4ZhUc5UiqNJ4_shQ,-15,badcase,新闻娱乐类频道，与宠物食品推广场景不匹配
4534,UCtjyNP9Vy9W2ZFishqfnqKg,RacaRobert,https://cn.noxinfluencer.com/youtube/channel/UCtjyNP9Vy9W2ZFishqfnqKg,0,badcase,无宠物相关证据
4535,UCtpDaGwY_Vb267MaFnD7WQA,Finders Review,https://cn.noxinfluencer.com/youtube/channel/UCtpDaGwY_Vb267MaFnD7WQA,0,badcase,无宠物相关证据
4536,UCtqIjbyhRxhBIxsO89mRykw,Miscelaneosusa Store,https://cn.noxinfluencer.com/youtube/channel/UCtqIjbyhRxhBIxsO89mRykw,0,badcase,无宠物相关证据
4538,UCtrpVw5u_JAobWM4XSRRrlA,Online Shopping,https://cn.noxinfluencer.com/youtube/channel/UCtrpVw5u_JAobWM4XSRRrlA,0,badcase,无宠物相关证据
4539,UCtsZn52K8qGCrWq11jTmjEA,Reddit Tale Teller,https://cn.noxinfluencer.com/youtube/channel/UCtsZn52K8qGCrWq11jTmjEA,0,badcase,无宠物相关证据
4540,UCtsyIK8C33szxz-mskM0XZA,Delicious Food ®,https://cn.noxinfluencer.com/youtube/channel/UCtsyIK8C33szxz-mskM0XZA,-15,badcase,人类美食频道，和宠物食品明显错位
4542,UCttB5CXMadukUg0_e7q13Bw,Great Measures,https://cn.noxinfluencer.com/youtube/channel/UCttB5CXMadukUg0_e7q13Bw,-15,badcase,音乐频道，和宠物食品投放不匹配
4543,UCttOZEGJLZU7la96z33Y-Pg,Awetu Jatt Gbagyi,https://cn.noxinfluencer.com/youtube/channel/UCttOZEGJLZU7la96z33Y-Pg,-15,badcase,娱乐梗图为主，缺少宠物食品相关受众
4545,UCtvJbVH3XlANcnBO8o3VP5Q,mrhumboldthippy,https://cn.noxinfluencer.com/youtube/channel/UCtvJbVH3XlANcnBO8o3VP5Q,0,badcase,无宠物相关证据
4546,UCtvo15qApgZF8sHIVMEADwA,Eva the Steam Oven Diva,https://cn.noxinfluencer.com/youtube/channel/UCtvo15qApgZF8sHIVMEADwA,-15,badcase,蒸烤箱美食频道，和宠物食品不匹配
4547,UCtwZRcM1fPKWmeaKWzD0bdA,IAB - Interactive Advertising Bureau,https://cn.noxinfluencer.com/youtube/channel/UCtwZRcM1fPKWmeaKWzD0bdA,0,badcase,无宠物相关证据
4548,UCtxn9ytbExBiQbHA1hbMDRQ,Coral Bay Films,https://cn.noxinfluencer.com/youtube/channel/UCtxn9ytbExBiQbHA1hbMDRQ,0,badcase,体育内容为主，和宠物食品无关
4549,UCtxo0nTZjzlKJq5-vJq6s6g,The Dr. Gundry Podcast,https://cn.noxinfluencer.com/youtube/channel/UCtxo0nTZjzlKJq5-vJq6s6g,0,badcase,人类营养播客，不是宠物喂养场景
4550,UCtyIFoylPNcgMzUwIdR44Dw,Top 5 Zone,https://cn.noxinfluencer.com/youtube/channel/UCtyIFoylPNcgMzUwIdR44Dw,0,badcase,无内容信号，无法判断为宠物粮相关
4553,UCu-SHbNmcwYXqqe2iA8Iy_Q,วรรณิพา โพธิไธสง,https://cn.noxinfluencer.com/youtube/channel/UCu-SHbNmcwYXqqe2iA8Iy_Q,-5,badcase,销售娱乐混合但无宠物受众，匹配度低
4554,UCu-W9pOHApYm40kC7OIS5Wg,Master D Chul,https://cn.noxinfluencer.com/youtube/channel/UCu-W9pOHApYm40kC7OIS5Wg,-15,badcase,短视频娱乐为主，属于明显不适合场景
4555,UCu-xBV7YaXq1ZeWMB4XHjqg,jade,https://cn.noxinfluencer.com/youtube/channel/UCu-xBV7YaXq1ZeWMB4XHjqg,0,badcase,无可用主题信号，与宠物粮无关
4557,UCu0Gn50PSjozOgwgPVTBB4A,WLOS News 13,https://cn.noxinfluencer.com/youtube/channel/UCu0Gn50PSjozOgwgPVTBB4A,0,badcase,本地新闻频道，不是宠物食品投放场景
4558,UCu1tTKG4KCT1VPok8wASfVA,One Click Help,https://cn.noxinfluencer.com/youtube/channel/UCu1tTKG4KCT1VPok8wASfVA,0,badcase,无可识别内容主题，无法判断为相关创作者
4559,UCu2alrvMeIHJNZQroacF8Uw,Mahbuba Shahrin,https://cn.noxinfluencer.com/youtube/channel/UCu2alrvMeIHJNZQroacF8Uw,0,badcase,无可识别内容主题，无法判断为相关创作者
4561,UCu4IFA4Xo654oeqj80zd1Dg,The Tabby Cat Diaries,https://cn.noxinfluencer.com/youtube/channel/UCu4IFA4Xo654oeqj80zd1Dg,-10,badcase,娱乐短视频为主，猫主题不足以抵消格式不匹配
4562,UCu5na57EYN3EPAHsESBXtmg,Travel Pockets,https://cn.noxinfluencer.com/youtube/channel/UCu5na57EYN3EPAHsESBXtmg,-15,badcase,旅行时尚旅游向，宠物食品受众不匹配，corgi只是零散提及
4563,UCu5y2nhhFwzIJL2j3jl6Z5w,Mark Sanborn Official Booking Site,https://cn.noxinfluencer.com/youtube/channel/UCu5y2nhhFwzIJL2j3jl6Z5w,0,badcase,社会/个人主页，和宠物食品无关
4564,UCu9WxoO4lEX4asE6iNdYBew,TinyCrafts,https://cn.noxinfluencer.com/youtube/channel/UCu9WxoO4lEX4asE6iNdYBew,0,badcase,财富教育泛内容，无宠物或食品购买信号
4566,UCuDEGJ04ZUdfw5Bpad5urpQ,Laundry Soup,https://cn.noxinfluencer.com/youtube/channel/UCuDEGJ04ZUdfw5Bpad5urpQ,0,badcase,无标签无内容证据
4567,UCuDFRTAOWU7D3uZWsBGEYJg,Forest life,https://cn.noxinfluencer.com/youtube/channel/UCuDFRTAOWU7D3uZWsBGEYJg,1,badcase,农场/生活记录为主，只有food弱相关
4568,UCuE7899MYdiiqiDs2BmKrig,Rose Mhe,https://cn.noxinfluencer.com/youtube/channel/UCuE7899MYdiiqiDs2BmKrig,0,badcase,无标签无内容证据
4569,UCuEnyJNRt1-wM1CxvdqrNwQ,hollywoodfrodo,https://cn.noxinfluencer.com/youtube/channel/UCuEnyJNRt1-wM1CxvdqrNwQ,0,badcase,测评开箱电子产品为主，宠物食品人群不匹配
4570,UCuFfs3Aq_vQwpWIEkHGn4UQ,Kibbles Gaming,https://cn.noxinfluencer.com/youtube/channel/UCuFfs3Aq_vQwpWIEkHGn4UQ,-15,badcase,游戏攻略频道，和宠物食品推广场景不匹配
4571,UCuGmVxndKgSJf-0ofRsKzYw,Living Miracle Homestead,https://cn.noxinfluencer.com/youtube/channel/UCuGmVxndKgSJf-0ofRsKzYw,0,badcase,农场手作烹饪为主，没有宠物食品受众
4572,UCuH7erc4YdT203LxKyLlTxg,Jasxciii,https://cn.noxinfluencer.com/youtube/channel/UCuH7erc4YdT203LxKyLlTxg,0,badcase,lgbt/潮流/短视频向，和宠物食品无关
4576,UCuKffC5-gAt00igUd7J1bQw,Jynn,https://cn.noxinfluencer.com/youtube/channel/UCuKffC5-gAt00igUd7J1bQw,-15,badcase,游戏频道，与宠物食品受众无关
4577,UCuN6dwu-NerTGgAEqdfYrZg,GraceDeGrace,https://cn.noxinfluencer.com/youtube/channel/UCuN6dwu-NerTGgAEqdfYrZg,-5,badcase,绘画内容，缺少宠物或购买相关信号
4578,UCuNdH-TqROabmTeiWwDUbHg,Santellan Raheja,https://cn.noxinfluencer.com/youtube/channel/UCuNdH-TqROabmTeiWwDUbHg,0,badcase,无标签与内容线索，无法判断相关性
4579,UCuPraEfwjFrd0q73DII_01w,Doi Hin,https://cn.noxinfluencer.com/youtube/channel/UCuPraEfwjFrd0q73DII_01w,0,badcase,无标签与内容线索，无法判断相关性
4582,UCuRWwaSGUTEY5UMEpkQKcfg,Steel and Nunu,https://cn.noxinfluencer.com/youtube/channel/UCuRWwaSGUTEY5UMEpkQKcfg,0,badcase,无标签与内容线索，无法判断相关性
4583,UCuSO0qrhLo4c-7wn0dPcZZA,Nitaqu Vikiva,https://cn.noxinfluencer.com/youtube/channel/UCuSO0qrhLo4c-7wn0dPcZZA,0,badcase,无标签与内容线索，无法判断相关性
4585,UCuSokxhnJtBQyzzc39IF5Hg,Mr Bloopy,https://cn.noxinfluencer.com/youtube/channel/UCuSokxhnJtBQyzzc39IF5Hg,0,badcase,无标签与内容线索，无法判断相关性
4586,UCuT5pb5NZEtBfKECtxZHQLQ,BEAU & BRUNO,https://cn.noxinfluencer.com/youtube/channel/UCuT5pb5NZEtBfKECtxZHQLQ,0,badcase,无标签与内容线索，无法判断相关性
4587,UCuTEe7TzYsFR5Q21q455c5w,Technology Lover,https://cn.noxinfluencer.com/youtube/channel/UCuTEe7TzYsFR5Q21q455c5w,-5,badcase,科技频道，和宠物食品无关
4588,UCuTy8PKPOVA5z_AC7qwfHiw,iChoose Wellness Center,https://cn.noxinfluencer.com/youtube/channel/UCuTy8PKPOVA5z_AC7qwfHiw,0,badcase,偏健康中心，但非宠物食品场景
4590,UCuUsZU_8IX6s83dQ1hx9Ntg,iPICKmyBUTT,https://cn.noxinfluencer.com/youtube/channel/UCuUsZU_8IX6s83dQ1hx9Ntg,-15,badcase,游戏频道，与宠物食品推广无关
4591,UCuVYwpA2i06Otp-W4tXYCBw,Guide Nation,https://cn.noxinfluencer.com/youtube/channel/UCuVYwpA2i06Otp-W4tXYCBw,-5,badcase,科技/汽车/太空向，缺少宠物消费场景
4592,UCuVsp53MuaBPYcAHMqc-8vA,Mix Fitness,https://cn.noxinfluencer.com/youtube/channel/UCuVsp53MuaBPYcAHMqc-8vA,-5,badcase,山羊/农场内容，不是宠物食品场景
4593,UCuXPwr027xRAtGk7kNYMGaA,Verbotene Korrekturen,https://cn.noxinfluencer.com/youtube/channel/UCuXPwr027xRAtGk7kNYMGaA,-15,badcase,故事/情绪向内容，和商品推广目标冲突
4594,UCuXc8B2xvsD9gBtgdw0MMUg,Lý Tu Duyên,https://cn.noxinfluencer.com/youtube/channel/UCuXc8B2xvsD9gBtgdw0MMUg,1,badcase,仅有宠物泛标签，整体偏农园生活
4595,UCuY80SbgTlOTnLIXw3jPcjQ,Carlos Alberto,https://cn.noxinfluencer.com/youtube/channel/UCuY80SbgTlOTnLIXw3jPcjQ,-5,badcase,泛娱乐短视频，缺少宠物食品场景
4597,UCuZ8x9iP_NE8IIKYjNcUYTA,Enlighten Era,https://cn.noxinfluencer.com/youtube/channel/UCuZ8x9iP_NE8IIKYjNcUYTA,-5,badcase,泛娱乐/宗教向，缺少宠物消费场景
4599,UCuZrVCPV4Tp1r03eVmUX9Jw,Richard Vernadeau,https://cn.noxinfluencer.com/youtube/channel/UCuZrVCPV4Tp1r03eVmUX9Jw,-15,badcase,影视娱乐为主，和宠物粮投放无关
4600,UCuc-xNV6XemPTAcNbeKUYwg,SAVING_WITH_STACY,https://cn.noxinfluencer.com/youtube/channel/UCuc-xNV6XemPTAcNbeKUYwg,-15,badcase,时尚奢侈品向，与宠物粮推广不匹配
4602,UCucd9UnvHFV0ieKgSZ2fffg,Beauty and the Berners,https://cn.noxinfluencer.com/youtube/channel/UCucd9UnvHFV0ieKgSZ2fffg,0,badcase,缺少标签与内容证据，无法判断相关性
4603,UCucxjMCT02U_jFn_SGZ-9Ug,GingerGeekStudios,https://cn.noxinfluencer.com/youtube/channel/UCucxjMCT02U_jFn_SGZ-9Ug,0,badcase,缺少标签与内容证据，无法判断相关性
4604,UCudmf9w7PWmKirnXeBNXtBw,Cooking at Home with Keke 💞,https://cn.noxinfluencer.com/youtube/channel/UCudmf9w7PWmKirnXeBNXtBw,0,badcase,家庭烹饪内容为主，不是宠物粮受众
4605,UCueNMkAkp5hpCrGHeGa0lUg,Helping Hand,https://cn.noxinfluencer.com/youtube/channel/UCueNMkAkp5hpCrGHeGa0lUg,-15,badcase,音乐放松向，和宠物粮推广不匹配
4607,UCuiAkZZ-7GqqkyDCRnCGdvg,Kombat Cup,https://cn.noxinfluencer.com/youtube/channel/UCuiAkZZ-7GqqkyDCRnCGdvg,-15,badcase,游戏直播频道，与宠物粮投放无关
4609,UCuiTLfqeW6IBBfNfYyKM5oA,Tommy Gamba,https://cn.noxinfluencer.com/youtube/channel/UCuiTLfqeW6IBBfNfYyKM5oA,0,badcase,体育游戏向，与宠物粮投放不相关
4611,UCukJJ66lLslPdjl6Kx7AXoA,Lets Help You Grow Now,https://cn.noxinfluencer.com/youtube/channel/UCukJJ66lLslPdjl6Kx7AXoA,-15,badcase,音乐说唱向，与宠物粮受众不匹配
4613,UCuo0ikC6qmXrXPvqWUNzY7w,Wow StudyFinds!,https://cn.noxinfluencer.com/youtube/channel/UCuo0ikC6qmXrXPvqWUNzY7w,0,badcase,科学资讯向，和宠物粮推广关联弱
4615,UCusC1WFKMMbYqKpFJak7mRg,Scrap It Up!,https://cn.noxinfluencer.com/youtube/channel/UCusC1WFKMMbYqKpFJak7mRg,0,badcase,拾荒寻宝类内容，和宠物粮投放不相关
4616,UCusvsBM7exXoqYVKdXmVNXQ,SCO Reviews,https://cn.noxinfluencer.com/youtube/channel/UCusvsBM7exXoqYVKdXmVNXQ,0,badcase,缺少标签与内容证据，无法判断相关性
4617,UCuuNbfDG-U4l_U6anjNlStw,凱特大貓的旅美生活,https://cn.noxinfluencer.com/youtube/channel/UCuuNbfDG-U4l_U6anjNlStw,0,badcase,缺少标签与内容证据，无法判断相关性
4620,UCuzhnYtDTbhfuBQHbYwo5Zg,KTVZ News,https://cn.noxinfluencer.com/youtube/channel/UCuzhnYtDTbhfuBQHbYwo5Zg,-15,badcase,新闻政论频道，与宠物粮投放不匹配
4621,UCv-I3idche0fScBWES-4HtA,Vlogs by Pollys World,https://cn.noxinfluencer.com/youtube/channel/UCv-I3idche0fScBWES-4HtA,0,badcase,日常vlog为主，与宠物粮投放无关
4622,UCv-ezoLyFuyRNDrCTiOJtgA,K4K channel,https://cn.noxinfluencer.com/youtube/channel/UCv-ezoLyFuyRNDrCTiOJtgA,0,badcase,软件与反应内容为主，和宠物粮无关
4625,UCv542HrgnKhQx_VjCDh2LWA,Macaque News,https://cn.noxinfluencer.com/youtube/channel/UCv542HrgnKhQx_VjCDh2LWA,-14,badcase,野生动物娱乐向，宠粮投放场景不匹配
4626,UCv56-d1AgCSESjJuQrXOz_w,Vinny Ho,https://cn.noxinfluencer.com/youtube/channel/UCv56-d1AgCSESjJuQrXOz_w,0,badcase,仅 food 泛标签，缺少宠物食品意图
4628,UCv5DMnPHwBJFljUnUz-WeLQ,LIT🔥BRISTOL BAY ALASKA,https://cn.noxinfluencer.com/youtube/channel/UCv5DMnPHwBJFljUnUz-WeLQ,-15,badcase,纯娱乐梗号，和宠粮推广不符
4630,UCv5rCppaRDmQ8ohPIyvdFcg,TootiLo,https://cn.noxinfluencer.com/youtube/channel/UCv5rCppaRDmQ8ohPIyvdFcg,-15,badcase,儿童内容号，宠物食品投放不合适
4631,UCv6ycrTS6JXAEfs5dFZfijg,Crime Scene Cleaning,https://cn.noxinfluencer.com/youtube/channel/UCv6ycrTS6JXAEfs5dFZfijg,0,badcase,清洁/培训号，与宠粮无关
4634,UCvC8WJzq0avV02X15-Ar85g,That One Super Saiyan,https://cn.noxinfluencer.com/youtube/channel/UCvC8WJzq0avV02X15-Ar85g,-15,badcase,游戏号，和宠粮推广场景不符
4635,UCvCmQqULKilWk3YggMsc1bA,Jair Martinez-Johnson,https://cn.noxinfluencer.com/youtube/channel/UCvCmQqULKilWk3YggMsc1bA,0,badcase,无标签无宠物相关信号
4636,UCvD8hoKwrcbAawDI04fgQug,Stock Sharks | Official,https://cn.noxinfluencer.com/youtube/channel/UCvD8hoKwrcbAawDI04fgQug,-15,badcase,金融投资号，与宠粮无关
4637,UCvFPg9dgIvv54m6FBirJXmQ,Care Kids Games,https://cn.noxinfluencer.com/youtube/channel/UCvFPg9dgIvv54m6FBirJXmQ,-10,badcase,儿童游戏号，宠物食品投放不合适
4639,UCvFYjkRkEK96SGXgE40BGVg,ThriftyShells,https://cn.noxinfluencer.com/youtube/channel/UCvFYjkRkEK96SGXgE40BGVg,0,badcase,无标签且无宠物相关信号
4640,UCvGSWeZfm1RQZXxzUdXyUZA,Pics-Are-Ai,https://cn.noxinfluencer.com/youtube/channel/UCvGSWeZfm1RQZXxzUdXyUZA,-15,badcase,AI/娱乐号，非宠粮推广场景
4641,UCvHqfof02oy4P9dw2_jWgfA,ExplainIt All,https://cn.noxinfluencer.com/youtube/channel/UCvHqfof02oy4P9dw2_jWgfA,0,badcase,设计/知识向，与宠粮无关
4643,UCvJJX-APTU4hbkKAS7No3ug,Cosmic GlowUP,https://cn.noxinfluencer.com/youtube/channel/UCvJJX-APTU4hbkKAS7No3ug,-15,badcase,吃播减脂号，宠粮转化不匹配
4644,UCvJiYiBUbw4tmpRSZT2r1Hw,Science Channel,https://cn.noxinfluencer.com/youtube/channel/UCvJiYiBUbw4tmpRSZT2r1Hw,0,badcase,科普娱乐号，缺少宠物食品相关性
4645,UCvJxRBlKNlUx8Ouou5ZVCqg,Jiji Today,https://cn.noxinfluencer.com/youtube/channel/UCvJxRBlKNlUx8Ouou5ZVCqg,0,badcase,家居家电号，和宠粮转化不搭
4649,UCvL1LUi2O5bjKFD5yzbHOAg,Shohei U,https://cn.noxinfluencer.com/youtube/channel/UCvL1LUi2O5bjKFD5yzbHOAg,0,badcase,无标签无内容，缺少宠物食品相关受众信号
4651,UCvNcLMWOhlfbST5L-J248sg,Senaida Gus,https://cn.noxinfluencer.com/youtube/channel/UCvNcLMWOhlfbST5L-J248sg,0,badcase,无标签无内容，无法判断宠物食品相关性
4653,UCvQhV0impINSA08m-Dv_l-g,J7409,https://cn.noxinfluencer.com/youtube/channel/UCvQhV0impINSA08m-Dv_l-g,0,badcase,天气新闻频道，与宠物食品推广无关
4654,UCvR2IxEiPxTfMKrA79kVHMg,Shisana Zevedi,https://cn.noxinfluencer.com/youtube/channel/UCvR2IxEiPxTfMKrA79kVHMg,0,badcase,人类烹饪频道，不是宠物喂养或宠物消费场景
4655,UCvRacwV6D3YhESH1fGMXqHQ,Denver And Friends,https://cn.noxinfluencer.com/youtube/channel/UCvRacwV6D3YhESH1fGMXqHQ,0,badcase,无标签无内容，无法承接宠物食品投放
4656,UCvRw8OyWw09DA1ndw-PWGFA,WFRV Local 5,https://cn.noxinfluencer.com/youtube/channel/UCvRw8OyWw09DA1ndw-PWGFA,0,badcase,新闻频道，近期标签无宠物或喂养语境
4657,UCvUcsbXGuew0JhndLGrFXmg,WBM MART USA,https://cn.noxinfluencer.com/youtube/channel/UCvUcsbXGuew0JhndLGrFXmg,0,badcase,无标签无内容，无法判断宠物食品相关性
4658,UCvVXgMQ1ONgUIEWe6k1uUEw,Seb & Mich • GominPlanet,https://cn.noxinfluencer.com/youtube/channel/UCvVXgMQ1ONgUIEWe6k1uUEw,0,badcase,无标签无内容，缺少宠物食品相关受众信号
4659,UCvW9wZWXZM1zttJq0SLRk7A,Funny Videos of Animals,https://cn.noxinfluencer.com/youtube/channel/UCvW9wZWXZM1zttJq0SLRk7A,0,badcase,仅动物娱乐标题，无宠物食品投放证据
4660,UCvWc3aktIAqk-WEAANp9SKg,Clevyr Creatures Fox Sanctuary,https://cn.noxinfluencer.com/youtube/channel/UCvWc3aktIAqk-WEAANp9SKg,-10,badcase,ASMR宠物狐狸频道，娱乐/音频导向，不适合宠物食品投放
4661,UCvWeB6niaqRofgXqRwDxi6A,Faith Titus,https://cn.noxinfluencer.com/youtube/channel/UCvWeB6niaqRofgXqRwDxi6A,0,badcase,无标签无内容，无法判断宠物食品相关性
4663,UCvYMGJ7F-w8gavHmwstc0jQ,BW Packaging,https://cn.noxinfluencer.com/youtube/channel/UCvYMGJ7F-w8gavHmwstc0jQ,0,badcase,无标签无内容，缺少宠物食品相关受众信号
4665,UCvYvoXhOUym11Qgre8J6ABA,THE 3 AMIGO's,https://cn.noxinfluencer.com/youtube/channel/UCvYvoXhOUym11Qgre8J6ABA,0,badcase,无标签无内容，无法判断宠物食品相关性
4668,UCv_K1tVoAwjyQ1g6_as0sOQ,Whose Line?,https://cn.noxinfluencer.com/youtube/channel/UCv_K1tVoAwjyQ1g6_as0sOQ,0,badcase,无标签无内容，缺少宠物食品相关受众信号
4669,UCvbGsTI5QJmYcLLiT27owrw,Facts Storm,https://cn.noxinfluencer.com/youtube/channel/UCvbGsTI5QJmYcLLiT27owrw,2,badcase,动物娱乐向内容，缺少喂养和购买语境
4670,UCvc1B-ADSZGE4KPePbBKJaw,Animal Marvel,https://cn.noxinfluencer.com/youtube/channel/UCvc1B-ADSZGE4KPePbBKJaw,2,badcase,偏动物娱乐/野生动物向，和宠物食品转化不匹配
4671,UCvdfCDAJa_Q9ti8UzTxmJEA,Best Of Pets,https://cn.noxinfluencer.com/youtube/channel/UCvdfCDAJa_Q9ti8UzTxmJEA,0,badcase,只有宠物名称，无具体可用标签证据
4672,UCvdj7PUDS4Zrs0KcwkOZmQA,Ayesha-in-America,https://cn.noxinfluencer.com/youtube/channel/UCvdj7PUDS4Zrs0KcwkOZmQA,0,badcase,无标签无内容，缺少宠物食品相关受众信号
4673,UCveyHwJCcWQjIKlS6nzLsUA,Best Review,https://cn.noxinfluencer.com/youtube/channel/UCveyHwJCcWQjIKlS6nzLsUA,0,badcase,无标签无内容，缺少宠物食品相关受众信号
4674,UCvgwZcpdDPqiCZCGnN9MRKg,Stranger in My Own Hometown,https://cn.noxinfluencer.com/youtube/channel/UCvgwZcpdDPqiCZCGnN9MRKg,-10,badcase,音乐/旅游类频道，与宠物食品推广明显不匹配
4675,UCviuyyDi5lvFKweMJb4czpg,Double A,https://cn.noxinfluencer.com/youtube/channel/UCviuyyDi5lvFKweMJb4czpg,-10,badcase,娱乐短视频为主，偏玩具人设，和宠物食品无关
4676,UCvjXYvlpLg1d9naZMMrKqUQ,BacktoNature,https://cn.noxinfluencer.com/youtube/channel/UCvjXYvlpLg1d9naZMMrKqUQ,0,badcase,无标签无内容证据，无法支持宠物食品投放
4677,UCvkLX_Fe3bAShb1yzn79vzQ,Autism: Our Daily View,https://cn.noxinfluencer.com/youtube/channel/UCvkLX_Fe3bAShb1yzn79vzQ,0,badcase,仅有泛化food标签，主体是自闭症家庭内容
4678,UCvn0XQEG3DEbw_1LzGRu5sw,DC Creative TV,https://cn.noxinfluencer.com/youtube/channel/UCvn0XQEG3DEbw_1LzGRu5sw,0,badcase,无标签无内容证据，无法判断为宠物受众
4681,UCvoSNwKpKXqAtlICjW0kazA,Bloodworks Northwest,https://cn.noxinfluencer.com/youtube/channel/UCvoSNwKpKXqAtlICjW0kazA,0,badcase,健康/音乐/社会泛题，缺少宠物受众信号
4682,UCvp2pkvp_uW9rs5sRDRMOZg,BreeAnn Marie,https://cn.noxinfluencer.com/youtube/channel/UCvp2pkvp_uW9rs5sRDRMOZg,0,badcase,美妆穿搭频道，与宠物食品受众不相关
4684,UCvpvX2QDeHiovR-5qAfJ1Hw,JBG TRAVELS,https://cn.noxinfluencer.com/youtube/channel/UCvpvX2QDeHiovR-5qAfJ1Hw,0,badcase,旅行车载内容，与宠物食品无关
4685,UCvujPjjq1GM_wpG7BT4_5tQ,NatureWhimsy,https://cn.noxinfluencer.com/youtube/channel/UCvujPjjq1GM_wpG7BT4_5tQ,-10,badcase,萌宠+娱乐/dj为主，偏内容消费而非产品推广
4686,UCvuvpOzVV-mTUd9exZNi8jQ,Richard Arent,https://cn.noxinfluencer.com/youtube/channel/UCvuvpOzVV-mTUd9exZNi8jQ,-10,badcase,娱乐/游戏混合，和宠物食品推广不匹配
4687,UCvvAZIZpaEo0Vt2YFpn_CgQ,Munchie Daddy,https://cn.noxinfluencer.com/youtube/channel/UCvvAZIZpaEo0Vt2YFpn_CgQ,0,badcase,美食旅行向，非宠物受众
4689,UCvxBhXzcCLtsSXsrq0h1U0Q,Thane Walton,https://cn.noxinfluencer.com/youtube/channel/UCvxBhXzcCLtsSXsrq0h1U0Q,2,badcase,生活类泛内容，food/health仅弱相关
4690,UCvxHOxsI9YgTo8CQMmi4JQA,FashionKnowledgy,https://cn.noxinfluencer.com/youtube/channel/UCvxHOxsI9YgTo8CQMmi4JQA,0,badcase,时尚知识频道，与宠物食品无关
4691,UCvxkbyhtsUFkBfZoEo_nPfg,Smart Cat 33,https://cn.noxinfluencer.com/youtube/channel/UCvxkbyhtsUFkBfZoEo_nPfg,-15,badcase,娱乐/儿童/玩具占主导，宠物食品不适配
4692,UCvyOQDGJmzlChev6ETs1-sg,Consumer Insights,https://cn.noxinfluencer.com/youtube/channel/UCvyOQDGJmzlChev6ETs1-sg,-10,badcase,影视娱乐类频道，和宠物食品无关
4696,UCw02TejclNZzsE2sExw2tQA,FeroFire,https://cn.noxinfluencer.com/youtube/channel/UCw02TejclNZzsE2sExw2tQA,-15,badcase,游戏/梗图频道，和宠物食品无关
4697,UCw13NrSKD-nD_8E0vBHt5hA,Miss Understood Podcast,https://cn.noxinfluencer.com/youtube/channel/UCw13NrSKD-nD_8E0vBHt5hA,-10,badcase,播客娱乐类频道，与宠物食品无关
4699,UCw5hxC9BldHV8cU8PgbNY9g,Kluna Tik,https://cn.noxinfluencer.com/youtube/channel/UCw5hxC9BldHV8cU8PgbNY9g,-21,badcase,ASMR吃播为主，与宠物食品推广错位
4700,UCw6RjFgZrggIeCsWPCsRbVg,BestShortOfficial,https://cn.noxinfluencer.com/youtube/channel/UCw6RjFgZrggIeCsWPCsRbVg,1,badcase,仅有泛食品标签，缺少宠物食品受众与场景
4701,UCw6pZ2JagqV58abfvcVDceQ,furniturefl,https://cn.noxinfluencer.com/youtube/channel/UCw6pZ2JagqV58abfvcVDceQ,0,badcase,无标签无内容信号，无法支持宠物食品投放
4703,UCw98-O5dJwfmnZKrblUiTLQ,BrentWeinbach,https://cn.noxinfluencer.com/youtube/channel/UCw98-O5dJwfmnZKrblUiTLQ,-15,badcase,纯娱乐播客，和宠物食品投放无关
4704,UCw9EIKEEFLYnORVlxy0098w,The Hungry Paws 🐾,https://cn.noxinfluencer.com/youtube/channel/UCw9EIKEEFLYnORVlxy0098w,2,badcase,有泛健康/食品词，但缺少宠物受众与投放场景
4705,UCwACkX9cFJbYKFR5GQmbpFQ,2407,https://cn.noxinfluencer.com/youtube/channel/UCwACkX9cFJbYKFR5GQmbpFQ,0,badcase,宠物类型不明确且无有效标签，相关性不足
4707,UCwCJte3wxW_caSC13od5zag,Adriana Tangeten03,https://cn.noxinfluencer.com/youtube/channel/UCwCJte3wxW_caSC13od5zag,0,badcase,无标签无内容信号，无法判断相关性
4708,UCwCQ9WphcKif-VEEhKiT2Qg,Ballin' Under Budget,https://cn.noxinfluencer.com/youtube/channel/UCwCQ9WphcKif-VEEhKiT2Qg,0,badcase,无标签无内容信号，无法判断相关性
4709,UCwC_6BwJWfM6bp1F-rl2GTw,SHARE MY DAILY,https://cn.noxinfluencer.com/youtube/channel/UCwC_6BwJWfM6bp1F-rl2GTw,-8,badcase,以Fortnite游戏为主，宠物食品受众不匹配
4710,UCwFFp9K3zOLCEiLDg2RI-kg,Seyla Nuon,https://cn.noxinfluencer.com/youtube/channel/UCwFFp9K3zOLCEiLDg2RI-kg,-15,badcase,影视游戏娱乐向，与宠物食品推广无关
4711,UCwFWxZ6jYFZOQW1XwqENGWA,Aevatrex,https://cn.noxinfluencer.com/youtube/channel/UCwFWxZ6jYFZOQW1XwqENGWA,-15,badcase,游戏频道为主，不适合宠物食品投放
4712,UCwGJK7qt1TlSbjvI4Cg03fA,Cooking with GangstaChef Cabrini,https://cn.noxinfluencer.com/youtube/channel/UCwGJK7qt1TlSbjvI4Cg03fA,0,badcase,无标签无内容信号，无法判断相关性
4713,UCwHs5JMybN9zOLgsvuSE2JA,Sunglasses Cat,https://cn.noxinfluencer.com/youtube/channel/UCwHs5JMybN9zOLgsvuSE2JA,0,badcase,无标签无内容信号，相关性不足
4714,UCwKPOImuAFLgzofmoveM1eQ,Handy Photography,https://cn.noxinfluencer.com/youtube/channel/UCwKPOImuAFLgzofmoveM1eQ,0,badcase,摄影创意频道，与宠物食品推广无关
4715,UCwLKQnOcrmfhde6d9v7MJ6g,Teresa F Tullos,https://cn.noxinfluencer.com/youtube/channel/UCwLKQnOcrmfhde6d9v7MJ6g,0,badcase,学校生活向，宠物食品相关性很弱
4716,UCwNhk8zcGpBkey4AfgCapzg,YaBoyCarly,https://cn.noxinfluencer.com/youtube/channel/UCwNhk8zcGpBkey4AfgCapzg,-15,badcase,滤镜游戏娱乐向，宠物食品受众不匹配
4717,UCwO310L49t0KX7gFX6Scf_w,Amazing Kay,https://cn.noxinfluencer.com/youtube/channel/UCwO310L49t0KX7gFX6Scf_w,0,badcase,无标签无内容信号，无法判断相关性
4720,UCwTJmkKiK741l86GvtTUjKg,ExxonMobil Chemical,https://cn.noxinfluencer.com/youtube/channel/UCwTJmkKiK741l86GvtTUjKg,0,badcase,无标签无内容信号，无法判断相关性
4722,UCwUAwQEVC0YOQ3Xl0Kz3_ag,Ka Mommy A,https://cn.noxinfluencer.com/youtube/channel/UCwUAwQEVC0YOQ3Xl0Kz3_ag,-13,badcase,宠物护理相关但ASMR格式不适合宠物食品投放
4723,UCwUjKHqQJB1aVLK2WjcGYOA,LegendofTroZZReacts,https://cn.noxinfluencer.com/youtube/channel/UCwUjKHqQJB1aVLK2WjcGYOA,0,badcase,泛生活娱乐向，与宠物食品无关
4724,UCwVj9VKd3T5Y9kqIhxrv4-A,IamNotAtlas,https://cn.noxinfluencer.com/youtube/channel/UCwVj9VKd3T5Y9kqIhxrv4-A,0,badcase,无宠物食品相关标签或内容信号
4725,UCwXZuaiawZFpGS76bn0cxEQ,USACostcoLovers,https://cn.noxinfluencer.com/youtube/channel/UCwXZuaiawZFpGS76bn0cxEQ,0,badcase,无可用相关信号
4727,UCweAsi2qS9OIfUc15b7B9Bg,Grandma Gets Real,https://cn.noxinfluencer.com/youtube/channel/UCweAsi2qS9OIfUc15b7B9Bg,1,badcase,仅有泛food词，主体是微缩手作
4728,UCweEJNgnfjQoKD0FZAGoyWA,Aquarium Tools,https://cn.noxinfluencer.com/youtube/channel/UCweEJNgnfjQoKD0FZAGoyWA,1,badcase,偏吃播/饮食娱乐，和宠物食品投放不匹配
4729,UCwgnd9mYrJNihPC5fjRm-ig,Miqaju Chilobe,https://cn.noxinfluencer.com/youtube/channel/UCwgnd9mYrJNihPC5fjRm-ig,0,badcase,无相关信号
4731,UCwiLdS1HgOnj7MNlDBprxGQ,Alia OC,https://cn.noxinfluencer.com/youtube/channel/UCwiLdS1HgOnj7MNlDBprxGQ,0,badcase,无相关信号
4732,UCwihHIYYSjwXtmdKiDMdEfg,DoggiesBearSupplies,https://cn.noxinfluencer.com/youtube/channel/UCwihHIYYSjwXtmdKiDMdEfg,0,badcase,仅从名称看像宠物向，但缺少标签证据
4733,UCwirXP3xFVFWMUojRQ0W47g,Drama Theory,https://cn.noxinfluencer.com/youtube/channel/UCwirXP3xFVFWMUojRQ0W47g,0,badcase,无相关信号
4734,UCwj0BB4F83ZjuqYzQtMYQKw,LTPKMACHINERY,https://cn.noxinfluencer.com/youtube/channel/UCwj0BB4F83ZjuqYzQtMYQKw,0,badcase,无相关信号
4735,UCwj6RK2JKEkzoOYjpY_E0bA,sibghatullah,https://cn.noxinfluencer.com/youtube/channel/UCwj6RK2JKEkzoOYjpY_E0bA,0,badcase,无相关信号
4736,UCwjYxGouOleYaUvrS6OHp2w,Yew Outdoors,https://cn.noxinfluencer.com/youtube/channel/UCwjYxGouOleYaUvrS6OHp2w,1,badcase,仅有pets弱信号，整体偏户外渔猎
4737,UCwjeADcja-HBmDZOuySOq2Q,Insects @ Large & NW Redworms,https://cn.noxinfluencer.com/youtube/channel/UCwjeADcja-HBmDZOuySOq2Q,0,badcase,昆虫主题，与宠物食品无关
4738,UCwjm4Wz-TXSrYlajmfRJxSQ,Annex,https://cn.noxinfluencer.com/youtube/channel/UCwjm4Wz-TXSrYlajmfRJxSQ,0,badcase,无相关信号
4740,UCwm6mogaDnoH2T63J8xEL_Q,Chúc Thị Phấn Daily Life,https://cn.noxinfluencer.com/youtube/channel/UCwm6mogaDnoH2T63J8xEL_Q,0,badcase,无相关信号
4741,UCwmPtxU6lR0ZaJ9Vyplilhw,Lkaajyhya Gata faf,https://cn.noxinfluencer.com/youtube/channel/UCwmPtxU6lR0ZaJ9Vyplilhw,0,badcase,无相关信号
4742,UCwn4jklWg3_YwpkB2yYoCag,ChaseandHarley,https://cn.noxinfluencer.com/youtube/channel/UCwn4jklWg3_YwpkB2yYoCag,0,badcase,无相关信号
4743,UCwnHPA8BJgzAL0KhX8LChsw,Szabo Woodworks,https://cn.noxinfluencer.com/youtube/channel/UCwnHPA8BJgzAL0KhX8LChsw,0,badcase,无相关信号
4744,UCwo8c7JSR5aaKk63UPSRtEg,Qaroka Fomuni,https://cn.noxinfluencer.com/youtube/channel/UCwo8c7JSR5aaKk63UPSRtEg,0,badcase,无相关信号
4745,UCwoi8HRUodlOQJooMZ5W59Q,CampDotCom,https://cn.noxinfluencer.com/youtube/channel/UCwoi8HRUodlOQJooMZ5W59Q,0,badcase,无相关信号
4746,UCwv6VOS6J898KOAgT076X3Q,Pet Logic,https://cn.noxinfluencer.com/youtube/channel/UCwv6VOS6J898KOAgT076X3Q,0,badcase,名称像宠物向，但无标签/视频证据
4747,UCww3bTXTQHjmk0kkPIcvoUw,Izzyproductions,https://cn.noxinfluencer.com/youtube/channel/UCww3bTXTQHjmk0kkPIcvoUw,-14,badcase,动漫娱乐为主，和宠物食品明显不符
4749,UCwxyoDG4qK0NKSZwP8CvoYw,Seb Smith Exciting Stories for Life,https://cn.noxinfluencer.com/youtube/channel/UCwxyoDG4qK0NKSZwP8CvoYw,-10,badcase,剧情故事号，强娱乐叙事，和宠物食品推广不匹配
4750,UCwy7vBWqda04q2wwout-twg,Amazon ProBox,https://cn.noxinfluencer.com/youtube/channel/UCwy7vBWqda04q2wwout-twg,1,badcase,仅有泛化 food 标签，无宠物受众或购买意图
4751,UCwytY81nbge-NZgsMIRYGBQ,Zomix Ali Tv,https://cn.noxinfluencer.com/youtube/channel/UCwytY81nbge-NZgsMIRYGBQ,0,badcase,无标签无内容信号，无法判断相关性
4752,UCwz3jAzVeMoTEbw2LHP-WZg,Jose Escamilla,https://cn.noxinfluencer.com/youtube/channel/UCwz3jAzVeMoTEbw2LHP-WZg,0,badcase,无标签无内容信号，无法判断相关性
4753,UCwztgKlahpckZcU--vqEpaQ,Ben Jaye,https://cn.noxinfluencer.com/youtube/channel/UCwztgKlahpckZcU--vqEpaQ,0,badcase,音乐访谈型频道，缺少宠物食品受众与购买场景
4754,UCx-Ox0FiJpShp-y-0nCyLqA,Southern Idaho Economic Development,https://cn.noxinfluencer.com/youtube/channel/UCx-Ox0FiJpShp-y-0nCyLqA,0,badcase,无标签无内容信号，无法判断相关性
4755,UCx0qxLA4cVMFVZ6NXLcPeEQ,Vitaltheatre,https://cn.noxinfluencer.com/youtube/channel/UCx0qxLA4cVMFVZ6NXLcPeEQ,0,badcase,无标签无内容信号，无法判断相关性
4756,UCx3Jp1qi88hwrl2wg2WsaHQ,Ask About Home & Family,https://cn.noxinfluencer.com/youtube/channel/UCx3Jp1qi88hwrl2wg2WsaHQ,1,badcase,只有泛化 health 标签，缺少宠物受众与喂养场景
4757,UCx3yjDo5W11XjD0wT_4GXWg,Heart Stories,https://cn.noxinfluencer.com/youtube/channel/UCx3yjDo5W11XjD0wT_4GXWg,0,badcase,无标签无内容信号，无法判断相关性
4758,UCx4AKVmxLIml_i7o3QI5BUA,The Adventures of Willy and Tilly,https://cn.noxinfluencer.com/youtube/channel/UCx4AKVmxLIml_i7o3QI5BUA,0,badcase,无标签无内容信号，无法判断相关性
4760,UCx6w1IPr3z6WnY3Pj9KIz2w,Furr Sure AI Fun,https://cn.noxinfluencer.com/youtube/channel/UCx6w1IPr3z6WnY3Pj9KIz2w,0,badcase,无标签无内容信号，无法判断相关性
4761,UCx73VhPAbTtkMChd6jZ3bhA,ʀᴀᴛʜᴀ ꜱᴜɴ ᴋʜ,https://cn.noxinfluencer.com/youtube/channel/UCx73VhPAbTtkMChd6jZ3bhA,0,badcase,无标签无内容信号，无法判断相关性
4763,UCxC9kztrp86Xjh0ysEpY9fA,Koala Videos,https://cn.noxinfluencer.com/youtube/channel/UCxC9kztrp86Xjh0ysEpY9fA,-14,badcase,影视短剧娱乐为主，宠物食品弱信号被娱乐内容压制
4765,UCxDkwDOxhHS-t3eTDvXEEog,UnStoPPablE FaTMaN,https://cn.noxinfluencer.com/youtube/channel/UCxDkwDOxhHS-t3eTDvXEEog,0,badcase,无标签无内容信号，无法判断相关性
4766,UCxEem0UJG0t1PWfDinOEfdQ,Nitro Country,https://cn.noxinfluencer.com/youtube/channel/UCxEem0UJG0t1PWfDinOEfdQ,0,badcase,短视频杂娱为主，无宠物食品相关受众
4768,UCxF3OWYDgpj31Mi2b5mjNXg,Holan Cosme,https://cn.noxinfluencer.com/youtube/channel/UCxF3OWYDgpj31Mi2b5mjNXg,0,badcase,无标签无内容信号，无法判断相关性
4769,UCxGI3dgFQrLhaNqp6XiOHhg,OopsFunTube,https://cn.noxinfluencer.com/youtube/channel/UCxGI3dgFQrLhaNqp6XiOHhg,0,badcase,无标签无内容信号，无法判断相关性
4771,UCxGStGMRaOI2r8FY13-jESg,Wee Animation,https://cn.noxinfluencer.com/youtube/channel/UCxGStGMRaOI2r8FY13-jESg,0,badcase,动画娱乐号，无宠物食品相关受众
4773,UCxIUSG_71PIJfBY8UnCsrXw,KAMION_TATA,https://cn.noxinfluencer.com/youtube/channel/UCxIUSG_71PIJfBY8UnCsrXw,0,badcase,无标签无内容信号，无法判断相关性
4775,UCxIpMIdls-rwgEqQ5OcokrA,Lò Thị Vân Daily Life,https://cn.noxinfluencer.com/youtube/channel/UCxIpMIdls-rwgEqQ5OcokrA,0,badcase,无标签与视频证据，无法判断为宠物食品相关
4776,UCxJJbFtmltBE5USgn9wJQaw,LarryTheDramaParrot,https://cn.noxinfluencer.com/youtube/channel/UCxJJbFtmltBE5USgn9wJQaw,0,badcase,无标签与视频证据，宠物食品相关性不足
4778,UCxK1pACjB67bw-P4OiOoc0w,BestReviews,https://cn.noxinfluencer.com/youtube/channel/UCxK1pACjB67bw-P4OiOoc0w,0,badcase,以泛生活/科技为主，缺少宠物食品受众信号
4779,UCxLPJeB3Cr1OYJnZyNraR1Q,HicksInOk,https://cn.noxinfluencer.com/youtube/channel/UCxLPJeB3Cr1OYJnZyNraR1Q,0,badcase,以娱乐户外为主，宠物食品相关性弱
4780,UCxN6fON-gd9nLi53dvlJRQA,Nicole Is Making It Happen,https://cn.noxinfluencer.com/youtube/channel/UCxN6fON-gd9nLi53dvlJRQA,0,badcase,折扣/生活类账号，未见宠物食品或宠物受众
4781,UCxNLbZR-u7Rip61dzv3k6rw,Zahir Kerimov Reviews,https://cn.noxinfluencer.com/youtube/channel/UCxNLbZR-u7Rip61dzv3k6rw,0,badcase,无标签与视频证据，无法支持宠物食品推广
4782,UCxP22MCLSlDFUF0-7aQXd2w,Knit with Linda,https://cn.noxinfluencer.com/youtube/channel/UCxP22MCLSlDFUF0-7aQXd2w,0,badcase,手工艺频道，和宠物食品投放场景不匹配
4783,UCxQ1g4ABCly24HLfdPlNGCg,Odorcide,https://cn.noxinfluencer.com/youtube/channel/UCxQ1g4ABCly24HLfdPlNGCg,0,badcase,无标签与视频证据，无法判断相关
4784,UCxTc3IyiI_of3FcJ8Yh7Gnw,sodany khan,https://cn.noxinfluencer.com/youtube/channel/UCxTc3IyiI_of3FcJ8Yh7Gnw,0,badcase,无标签与视频证据，宠物食品相关性不足
4785,UCxWFEt3pxu1H_qD9jzuAUFQ,Sung A Pao,https://cn.noxinfluencer.com/youtube/channel/UCxWFEt3pxu1H_qD9jzuAUFQ,0,badcase,生活烹饪类为主，未见宠物食品受众
4786,UCxXvkYVqXKMuU-Alt20c3Kw,Corgi And Kitty,https://cn.noxinfluencer.com/youtube/channel/UCxXvkYVqXKMuU-Alt20c3Kw,0,badcase,无标签与视频证据，无法支持宠物食品推广
4787,UCxYdJI_TzpBSubFuO3wQVSA,Liz En Route,https://cn.noxinfluencer.com/youtube/channel/UCxYdJI_TzpBSubFuO3wQVSA,0,badcase,无标签与视频证据，相关性不足
4788,UCxbm-l-A3flIfU4h3jgI_bA,CajunVodou,https://cn.noxinfluencer.com/youtube/channel/UCxbm-l-A3flIfU4h3jgI_bA,0,badcase,无标签与视频证据，宠物食品相关性不足
4790,UCxfdDztoJp0zzEtITQJB8Rw,RocketG,https://cn.noxinfluencer.com/youtube/channel/UCxfdDztoJp0zzEtITQJB8Rw,0,badcase,无标签与视频证据，相关性不足
4791,UCxfjWdemdesa-X-UuAeEBCw,Chiliad Gaming,https://cn.noxinfluencer.com/youtube/channel/UCxfjWdemdesa-X-UuAeEBCw,0,badcase,游戏娱乐向，和宠物食品投放不相关
4792,UCxfvxMgKxaBsC0nxxbVV_7g,IMotionMarrTV,https://cn.noxinfluencer.com/youtube/channel/UCxfvxMgKxaBsC0nxxbVV_7g,0,badcase,音乐播客向，缺少宠物食品相关受众
4793,UCxgKr2SDkl9r5BULsJUrteg,Adams Reviews,https://cn.noxinfluencer.com/youtube/channel/UCxgKr2SDkl9r5BULsJUrteg,0,badcase,偏家电评测，和宠物食品受众不一致
4794,UCxgTDcDfXaP95P7w7rzyB-g,Laviemate,https://cn.noxinfluencer.com/youtube/channel/UCxgTDcDfXaP95P7w7rzyB-g,0,badcase,无标签与视频证据，无法判断相关
4796,UCxhjx7V6e8CifP4L4RL0ESQ,Beyond Gadget Zone,https://cn.noxinfluencer.com/youtube/channel/UCxhjx7V6e8CifP4L4RL0ESQ,0,badcase,无标签与视频证据，相关性不足
4797,UCxj1L3OknTucp4JJ02V35uw,Wild Soul Connection,https://cn.noxinfluencer.com/youtube/channel/UCxj1L3OknTucp4JJ02V35uw,0,badcase,无标签与视频证据，无法支持投放判断
4798,UCxjuFM6VcOj-Vt-yEJBNKOQ,KIFI Local News 8,https://cn.noxinfluencer.com/youtube/channel/UCxjuFM6VcOj-Vt-yEJBNKOQ,0,badcase,新闻政治类，和宠物食品创作者召回不匹配
4799,UCxkXdmrIc5HG_ClUKrDMA_g,Happy Songs,https://cn.noxinfluencer.com/youtube/channel/UCxkXdmrIc5HG_ClUKrDMA_g,-15,badcase,儿童娱乐频道，与宠物食品推广完全不符
4801,UCxmdvhiYNxeSbz7gBOw7W3w,Lucky BEAR SENSORY,https://cn.noxinfluencer.com/youtube/channel/UCxmdvhiYNxeSbz7gBOw7W3w,-15,badcase,表情包短视频，和宠物食品推广无关
4802,UCxo2UqqIolDG87hbjBn9RVA,Sea Siren Janine,https://cn.noxinfluencer.com/youtube/channel/UCxo2UqqIolDG87hbjBn9RVA,-15,badcase,真罪案娱乐向，和宠物食品推广不匹配
4803,UCxqngT-Nrczfe1H_MSKg__g,Mimi Ms Monica2U,https://cn.noxinfluencer.com/youtube/channel/UCxqngT-Nrczfe1H_MSKg__g,0,badcase,生活/风景类频道，缺少宠物相关语义
4805,UCxsDLqSLOOZfaq6cparBueQ,James Olivar,https://cn.noxinfluencer.com/youtube/channel/UCxsDLqSLOOZfaq6cparBueQ,0,badcase,无标签、无内容证据，无法判断相关性
4806,UCxsDknsQGC8WDc9i3mC9CqA,Aphrodite Miyashiroh,https://cn.noxinfluencer.com/youtube/channel/UCxsDknsQGC8WDc9i3mC9CqA,0,badcase,无标签，缺少任何宠物或商品信号
4809,UCxvOBLC955EiIcysRYspKZg,AI Health,https://cn.noxinfluencer.com/youtube/channel/UCxvOBLC955EiIcysRYspKZg,0,badcase,无标签，和宠物食品缺少关联
4812,UCxyD9pZDXkVOavccFGcjf-Q,BossDT,https://cn.noxinfluencer.com/youtube/channel/UCxyD9pZDXkVOavccFGcjf-Q,-10,badcase,娱乐幽默为主，宠物信号很弱
4813,UCxyXZSfZIBuBUrqCRp3JUvA,Entertainment & FuN,https://cn.noxinfluencer.com/youtube/channel/UCxyXZSfZIBuBUrqCRp3JUvA,0,badcase,纯娱乐频道，和宠物食品无关
4814,UCxysRLuAGn_KiUcS7YK2GJA,Paula Stewart,https://cn.noxinfluencer.com/youtube/channel/UCxysRLuAGn_KiUcS7YK2GJA,0,badcase,科技评测向，缺少宠物食品受众
4817,UCy1yWXGgr7a4bLq_2EsiXww,Sweet Amy's Life,https://cn.noxinfluencer.com/youtube/channel/UCy1yWXGgr7a4bLq_2EsiXww,0,badcase,旅行生活为主，宠物只是弱辅助信号
4818,UCy3T2bgmhSrbHZGqv7R2DZg,Ed Mace,https://cn.noxinfluencer.com/youtube/channel/UCy3T2bgmhSrbHZGqv7R2DZg,0,badcase,游戏娱乐频道，与宠物食品受众不符
4819,UCy4earvTTlP5OUpNRvPI7TQ,wowcrendor,https://cn.noxinfluencer.com/youtube/channel/UCy4earvTTlP5OUpNRvPI7TQ,0,badcase,游戏内容，和宠物食品推广无关
4821,UCy5OAqaav5nT9bDCoelJxYw,PEKOKO TECHNOLOGY,https://cn.noxinfluencer.com/youtube/channel/UCy5OAqaav5nT9bDCoelJxYw,0,badcase,工业设备频道，和宠物食品毫无关联
4822,UCy5Y4sqHizWeu2UXcDqfW4A,Food Masala,https://cn.noxinfluencer.com/youtube/channel/UCy5Y4sqHizWeu2UXcDqfW4A,0,badcase,做菜频道，主题是人类食品不是宠粮
4823,UCy6j8gvuKZrN8yTAAMTYv0w,Wander Dano,https://cn.noxinfluencer.com/youtube/channel/UCy6j8gvuKZrN8yTAAMTYv0w,0,badcase,房车旅行频道，和宠物食品不相关
4824,UCy8LfEjAzL-5ZHgLUmeExUA,Fact Quickie,https://cn.noxinfluencer.com/youtube/channel/UCy8LfEjAzL-5ZHgLUmeExUA,0,badcase,娱乐科普向，缺少宠物食品受众与购买意图
4825,UCy9s9GVWn-glrF9GiBWJWAg,TheSoul Music FUN,https://cn.noxinfluencer.com/youtube/channel/UCy9s9GVWn-glrF9GiBWJWAg,0,badcase,音乐娱乐频道，缺少宠物食品推广语境
4826,UCyA6awNDgzEYgHMVwU464cA,Hằng Family Life,https://cn.noxinfluencer.com/youtube/channel/UCyA6awNDgzEYgHMVwU464cA,0,badcase,无标签且主题不明，宠物食品相关性弱
4829,UCyECd6e2H3NkjFEMumcR00w,말소부부 MalssoCouple,https://cn.noxinfluencer.com/youtube/channel/UCyECd6e2H3NkjFEMumcR00w,0,badcase,无宠物相关证据，主题不明
4831,UCyHVfRN36dd7PbKhpJwsBCw,Gildre - Level Up with Founders and Advisors,https://cn.noxinfluencer.com/youtube/channel/UCyHVfRN36dd7PbKhpJwsBCw,0,badcase,创始人内容向，缺少宠物食品受众
4837,UCyJ3meVCfs7muUhNwix121A,The best of everything,https://cn.noxinfluencer.com/youtube/channel/UCyJ3meVCfs7muUhNwix121A,0,badcase,泛内容频道，缺少宠物食品语境
4838,UCyJMYNgC5gwzj3_LUn3JbTg,Tony DiCola,https://cn.noxinfluencer.com/youtube/channel/UCyJMYNgC5gwzj3_LUn3JbTg,0,badcase,无宠物食品相关信号
4839,UCyK3vbQ93wfF3_phSkNvqkg,Professor Science Cat and Friends,https://cn.noxinfluencer.com/youtube/channel/UCyK3vbQ93wfF3_phSkNvqkg,0,badcase,仅名称含cat，无宠物食品投放证据
4840,UCyLCrC3oQDIevujCDeodJnA,Bank Gaye,https://cn.noxinfluencer.com/youtube/channel/UCyLCrC3oQDIevujCDeodJnA,0,badcase,艺术校园娱乐向，不适合宠物食品
4842,UCyN6X3hJ2toKm0l6v9l6IDA,ItsMightyMochi,https://cn.noxinfluencer.com/youtube/channel/UCyN6X3hJ2toKm0l6v9l6IDA,0,badcase,无宠物相关证据，主题不明
4844,UCyQaHCw0EAfwlktewYSia9A,Green forest life,https://cn.noxinfluencer.com/youtube/channel/UCyQaHCw0EAfwlktewYSia9A,-5,badcase,猪/野猪内容偏畜养，不是宠物食品受众
4845,UCyRPKBHJoOxWFkctj8QP0nQ,Teri&Soul,https://cn.noxinfluencer.com/youtube/channel/UCyRPKBHJoOxWFkctj8QP0nQ,0,badcase,无宠物食品受众，偏家庭/生活内容
4846,UCySM6Pe2sZsargNlQK-n8tg,Rose Berigan - Thee Rose of Real Estate,https://cn.noxinfluencer.com/youtube/channel/UCySM6Pe2sZsargNlQK-n8tg,0,badcase,地产频道，与宠物食品无关
4847,UCySpWP2dRrHilJ-ssyH3z3A,Lilly Bean,https://cn.noxinfluencer.com/youtube/channel/UCySpWP2dRrHilJ-ssyH3z3A,0,badcase,无可用宠物食品相关信号
4848,UCyUG2htFsMtlhuvBHKYxPrQ,Pete B: East Texas Homesteading,https://cn.noxinfluencer.com/youtube/channel/UCyUG2htFsMtlhuvBHKYxPrQ,0,badcase,homesteading/储粮向，非宠物食品受众
4849,UCyUaCr03csY9UWwVT_4JvxA,Doorbell Dispatch,https://cn.noxinfluencer.com/youtube/channel/UCyUaCr03csY9UWwVT_4JvxA,-15,badcase,家居安防垂类，与宠物食品完全不相关
4850,UCyUbAe2_BAeYUmq3XcSyR7Q,Wildcam Video USA,https://cn.noxinfluencer.com/youtube/channel/UCyUbAe2_BAeYUmq3XcSyR7Q,0,badcase,无标签，名称偏野外监控，缺少宠物消费信号
4851,UCyX97mkNpLrSPeIY4OLWjAA,Joy Shopish,https://cn.noxinfluencer.com/youtube/channel/UCyX97mkNpLrSPeIY4OLWjAA,0,badcase,无有效标签，无法判断与宠物食品相关
4852,UCyXDZHJogWbLotODIOYzSFA,Big Bend Guide,https://cn.noxinfluencer.com/youtube/channel/UCyXDZHJogWbLotODIOYzSFA,0,badcase,无有效标签，旅游/指南倾向，不见宠物信号
4854,UCyY8J_qXE7qJvKkHHAOv_ww,Leoloom,https://cn.noxinfluencer.com/youtube/channel/UCyY8J_qXE7qJvKkHHAOv_ww,0,badcase,无有效标签，缺少宠物食品相关信号
4860,UCycgMFO8Toq4Lhteg2-nRdw,Hooked on Pickin' Amazon FBA Seller,https://cn.noxinfluencer.com/youtube/channel/UCycgMFO8Toq4Lhteg2-nRdw,0,badcase,偏FBA卖货，不是宠物消费场景
4861,UCych-Fn1w8dBF_RU6J8N6UA,Quick Line Comedy,https://cn.noxinfluencer.com/youtube/channel/UCych-Fn1w8dBF_RU6J8N6UA,-10,badcase,纯喜剧娱乐，和宠物食品推广不匹配
4862,UCycrzA2LboVshHJfmj0DvGg,Orphans Hoàng Nhân,https://cn.noxinfluencer.com/youtube/channel/UCycrzA2LboVshHJfmj0DvGg,0,badcase,日常生存内容，缺少宠物/食品购买信号
4863,UCyfjNtxbjHeBw4f9v501iUg,VIRAL PREMIUM,https://cn.noxinfluencer.com/youtube/channel/UCyfjNtxbjHeBw4f9v501iUg,0,badcase,无有效标签，无法建立宠物食品相关性
4864,UCyfxIVRGeIf207Xq5N55Acg,Good Guy's Winning,https://cn.noxinfluencer.com/youtube/channel/UCyfxIVRGeIf207Xq5N55Acg,0,badcase,旅游音乐频道，与宠物食品无关
4865,UCyfxcDBRkptxZz5HmlODvuA,The Champ Show Hawaii,https://cn.noxinfluencer.com/youtube/channel/UCyfxcDBRkptxZz5HmlODvuA,0,badcase,无有效标签，缺少宠物食品推广语境
4866,UCyfzkRDlRac5GK5tz8_RLqw,NewsInfusion NBN,https://cn.noxinfluencer.com/youtube/channel/UCyfzkRDlRac5GK5tz8_RLqw,0,badcase,无有效标签，缺少宠物食品相关性
4867,UCyg7Ov1d5ZpiKkqE0-w6OVQ,Fernando Vaca03,https://cn.noxinfluencer.com/youtube/channel/UCyg7Ov1d5ZpiKkqE0-w6OVQ,0,badcase,无有效标签，无法判断宠物食品相关
4868,UCyid9gTC9z4p3YGyWEtb6rQ,E VISION LIFE STYLE,https://cn.noxinfluencer.com/youtube/channel/UCyid9gTC9z4p3YGyWEtb6rQ,0,badcase,无有效标签，缺少宠物消费信号
4869,UCylWVheAHNNWLJxSRn2nx0g,BodegaCooler,https://cn.noxinfluencer.com/youtube/channel/UCylWVheAHNNWLJxSRn2nx0g,0,badcase,无有效标签，无法判断与宠物食品相关
4870,UCypq69KU6c9xXM-fCQ0LXKw,Vicks Cooler Chicken BBQ,https://cn.noxinfluencer.com/youtube/channel/UCypq69KU6c9xXM-fCQ0LXKw,0,badcase,鸡肉烧烤频道，不是宠物食品场景
4872,UCyqDqEL0bZWRRZUhLB5u77A,Grow Differently,https://cn.noxinfluencer.com/youtube/channel/UCyqDqEL0bZWRRZUhLB5u77A,0,badcase,无有效标签，无法判断宠物食品相关
4873,UCyr8MLMwD_nqFqA9TNVc15w,Cup Of Jordy,https://cn.noxinfluencer.com/youtube/channel/UCyr8MLMwD_nqFqA9TNVc15w,0,badcase,服饰/穿搭频道，与宠物食品无关
4874,UCys6oszAdJB67mn__6Ch84Q,Brain Pop ai,https://cn.noxinfluencer.com/youtube/channel/UCys6oszAdJB67mn__6Ch84Q,-15,badcase,游戏向频道，与宠物食品推广完全不符
4875,UCysS5KC4XSYOUZJpb231iig,QuietPlaces,https://cn.noxinfluencer.com/youtube/channel/UCysS5KC4XSYOUZJpb231iig,0,badcase,以旅游和生活为主，缺少宠物食品受众信号
4876,UCytC4EWnnJNT05zP9TMhM_A,Viv and Denny - Shorts,https://cn.noxinfluencer.com/youtube/channel/UCytC4EWnnJNT05zP9TMhM_A,-15,badcase,儿童动画频道，宠物食品投放不适配
4877,UCyuPbNP3YfxfB83XyVhy8Cg,Reptilian Wonders,https://cn.noxinfluencer.com/youtube/channel/UCyuPbNP3YfxfB83XyVhy8Cg,0,badcase,无标签无内容证据，相关性无法判断
4878,UCyvB80U3HuaWVQPNSDGr94Q,Bla Bla Jam!,https://cn.noxinfluencer.com/youtube/channel/UCyvB80U3HuaWVQPNSDGr94Q,-10,badcase,娱乐挑战向频道，和宠物食品推广不匹配
4879,UCywGBDSlAWYNWMbZ19vaFcg,Shay Budgets,https://cn.noxinfluencer.com/youtube/channel/UCywGBDSlAWYNWMbZ19vaFcg,0,badcase,规划类频道，缺少宠物消费场景
4880,UCyyPshhPqwNpyWC2qZAH5pw,Warren K. Cotton,https://cn.noxinfluencer.com/youtube/channel/UCyyPshhPqwNpyWC2qZAH5pw,0,badcase,无标签无内容，无法建立宠物食品相关性
4881,UCz-Rq17PvTVcxtOBq0y_huw,"WMTV | News, Weather & Sports",https://cn.noxinfluencer.com/youtube/channel/UCz-Rq17PvTVcxtOBq0y_huw,0,badcase,新闻类频道，和宠物食品创作者推广不贴合
4882,UCz-V4wUb0exF0sjFJ6WAqfA,MissWorld,https://cn.noxinfluencer.com/youtube/channel/UCz-V4wUb0exF0sjFJ6WAqfA,0,badcase,无标签无标题，缺少可用受众信号
4883,UCz0a2OIAVFz9y6rFq9viP4g,small world,https://cn.noxinfluencer.com/youtube/channel/UCz0a2OIAVFz9y6rFq9viP4g,0,badcase,无标签无内容，相关性证据不足
4884,UCz0hJVGuK4--b3t1u3WavYQ,MH Media Express,https://cn.noxinfluencer.com/youtube/channel/UCz0hJVGuK4--b3t1u3WavYQ,0,badcase,无标签无内容，缺少宠物食品相关证据
4886,UCz15Wx9BHTPvdZhtCvsIOfw,Tabitha Blue,https://cn.noxinfluencer.com/youtube/channel/UCz15Wx9BHTPvdZhtCvsIOfw,-10,badcase,ASMR内容是强格式不匹配，不适合宠物食品投放
4887,UCz1JlFJSqwxkL9Dwa0eYLVw,Pet Spot Market,https://cn.noxinfluencer.com/youtube/channel/UCz1JlFJSqwxkL9Dwa0eYLVw,0,badcase,无标签，无法判断与宠物食品的匹配度
4888,UCz1qRqjpPhzv9drLFsmMKFQ,KYLEY SUMRALL,https://cn.noxinfluencer.com/youtube/channel/UCz1qRqjpPhzv9drLFsmMKFQ,-10,badcase,ASMR/满足感格式明显不适合宠物食品推广
4889,UCz1vDiKqqj55knUlY2GIMCg,PERFUME PLAYGROUND,https://cn.noxinfluencer.com/youtube/channel/UCz1vDiKqqj55knUlY2GIMCg,0,badcase,美妆香氛频道，与宠物食品推广不相关
4890,UCz3vdP_R3hdHgKk0t6gbJWQ,Fun Toy Station,https://cn.noxinfluencer.com/youtube/channel/UCz3vdP_R3hdHgKk0t6gbJWQ,0,badcase,玩具类频道证据不足，难支撑宠物食品投放
4891,UCz47i3ZwAKNGa_2w-qd8zsQ,Leena's Kitchen,https://cn.noxinfluencer.com/youtube/channel/UCz47i3ZwAKNGa_2w-qd8zsQ,0,badcase,人类料理频道，和宠物食品受众不一致
4893,UCz5dsjTEt6b8SLAQHBTzMaw,LivingAload,https://cn.noxinfluencer.com/youtube/channel/UCz5dsjTEt6b8SLAQHBTzMaw,0,badcase,无标签无内容，无法判断相关性
4894,UCz8QsOYD8s3RcQ_-mAWbGBg,FOX 5 San Diego,https://cn.noxinfluencer.com/youtube/channel/UCz8QsOYD8s3RcQ_-mAWbGBg,0,badcase,新闻频道为主，和宠物食品创作者不匹配
4896,UCzBrnjM4ulFjaJcYUP4QXcw,WingFrankClipper,https://cn.noxinfluencer.com/youtube/channel/UCzBrnjM4ulFjaJcYUP4QXcw,0,badcase,无标签无内容，相关性证据不足
4897,UCzDHhTWia3Bqze-5nrplRDA,Life With My Animals,https://cn.noxinfluencer.com/youtube/channel/UCzDHhTWia3Bqze-5nrplRDA,0,badcase,动物主题过泛，缺少宠物食品投放证据
4898,UCzDIWw2DijA-tNzMc1ZDfNw,Magnet Satisfying,https://cn.noxinfluencer.com/youtube/channel/UCzDIWw2DijA-tNzMc1ZDfNw,-10,badcase,满足感/ASMR类格式与宠物食品推广不匹配
4900,UCzEojE1cN4CYK86BT25e5lg,Carepet tips,https://cn.noxinfluencer.com/youtube/channel/UCzEojE1cN4CYK86BT25e5lg,0,badcase,标签为空，缺少可核验的宠物食品相关证据
4902,UCzHXTZOC0RvHEWZdnUUQrxQ,Main Street Grit,https://cn.noxinfluencer.com/youtube/channel/UCzHXTZOC0RvHEWZdnUUQrxQ,0,badcase,无标签无内容证据
4903,UCzIE7obEXJpNKQ0A7n93VRw,AI TRENDX,https://cn.noxinfluencer.com/youtube/channel/UCzIE7obEXJpNKQ0A7n93VRw,0,badcase,无标签无内容证据
4904,UCzKh_wNgJ-PDJkP1q5KAgdA,Entertainment on the road,https://cn.noxinfluencer.com/youtube/channel/UCzKh_wNgJ-PDJkP1q5KAgdA,-15,badcase,娱乐器材向，和宠物食品推广场景不匹配
4905,UCzLHFxgZ-tFUq3ymC8BxQEQ,Flat Necked Gecko,https://cn.noxinfluencer.com/youtube/channel/UCzLHFxgZ-tFUq3ymC8BxQEQ,0,badcase,无标签证据，无法判断为宠物食品相关
4906,UCzLXO-ZSi-JtCR7LKedoqZQ,English Duo,https://cn.noxinfluencer.com/youtube/channel/UCzLXO-ZSi-JtCR7LKedoqZQ,0,badcase,无标签无内容证据
4909,UCzPjC8WaF31N8uJTk4P_p_Q,Gremlina (gremlina1122),https://cn.noxinfluencer.com/youtube/channel/UCzPjC8WaF31N8uJTk4P_p_Q,0,badcase,无标签无内容证据
4910,UCzQFr2-Hf5cComilH34AnfQ,Tài Xỉu,https://cn.noxinfluencer.com/youtube/channel/UCzQFr2-Hf5cComilH34AnfQ,-5,badcase,野生动物向，和宠物食品受众不一致
4911,UCzR4YJyY1Y-gIt1xf05ZQ3A,SnappyToons,https://cn.noxinfluencer.com/youtube/channel/UCzR4YJyY1Y-gIt1xf05ZQ3A,0,badcase,无相关标签和内容信号，缺少宠物食品推广受众
4912,UCzRB0Ec4bfOQsV7B2TXHpDQ,Modern Trend Seeker,https://cn.noxinfluencer.com/youtube/channel/UCzRB0Ec4bfOQsV7B2TXHpDQ,0,badcase,无相关标签和内容信号，缺少宠物食品推广受众
4913,UCzRJVM0G9SXkB8cB2AldhoA,"Daifuku Global Channel ""D-Tube!""",https://cn.noxinfluencer.com/youtube/channel/UCzRJVM0G9SXkB8cB2AldhoA,0,badcase,半导体知识向，和宠物食品投放语境不相关
4914,UCzSCLqkaX-IW26Vxux-_Jqw,No Beard Papa,https://cn.noxinfluencer.com/youtube/channel/UCzSCLqkaX-IW26Vxux-_Jqw,-12,badcase,ASMR吃播/mukbang形式与宠物食品投放强错配
4915,UCzTVAgWNB_5M65UhWxntcSQ,Mr.Tangerine,https://cn.noxinfluencer.com/youtube/channel/UCzTVAgWNB_5M65UhWxntcSQ,0,badcase,娱乐向为主，宠物食品相关信号不在前列
4916,UCzTv1mLv8ykBaSuSa7pLhcw,kamran Reacts,https://cn.noxinfluencer.com/youtube/channel/UCzTv1mLv8ykBaSuSa7pLhcw,0,badcase,娱乐美妆为主，food标签过弱，推广相关性不足
4919,UCzUup4FwgeeGj65opJBZeMA,Baldoxxx4000,https://cn.noxinfluencer.com/youtube/channel/UCzUup4FwgeeGj65opJBZeMA,0,badcase,无标签无内容信号，无法支撑宠物食品投放
4921,UCzWJW9JCfTyHwQuY31Pd2Yg,Daily Anime,https://cn.noxinfluencer.com/youtube/channel/UCzWJW9JCfTyHwQuY31Pd2Yg,0,badcase,动漫娱乐为主，与宠物食品推广不相关
4922,UCzWOX1N0-wa3ecliV6tpojg,X-Terror.Gaming,https://cn.noxinfluencer.com/youtube/channel/UCzWOX1N0-wa3ecliV6tpojg,0,badcase,无相关标签和内容信号，无法判断为宠物食品相关
4923,UCzXU6CHe_cGnQybRN6UxGEg,N.C. Wildlife Resources Commission,https://cn.noxinfluencer.com/youtube/channel/UCzXU6CHe_cGnQybRN6UxGEg,-5,badcase,野生动物/枪械相关，和宠物食品投放明显不匹配
4924,UCz_334E-zEydrH3oJn3t3yw,Sơn's Life,https://cn.noxinfluencer.com/youtube/channel/UCz_334E-zEydrH3oJn3t3yw,-15,badcase,猴类/农场内容，非宠物食品受众
4925,UCza1Pb0xlbF9lgkvMhS75kw,Travel Channel YT,https://cn.noxinfluencer.com/youtube/channel/UCza1Pb0xlbF9lgkvMhS75kw,0,badcase,旅游餐饮内容，缺少宠物受众与喂养意图
4926,UCzaVgdCEPDQkrDTT28G3MmA,Shakopee Mdewakanton Sioux Community,https://cn.noxinfluencer.com/youtube/channel/UCzaVgdCEPDQkrDTT28G3MmA,0,badcase,原住民播客/知识向，与宠物食品无关
4927,UCzb8hoHl1eGnzlSfdiPBH3Q,Novian,https://cn.noxinfluencer.com/youtube/channel/UCzb8hoHl1eGnzlSfdiPBH3Q,0,badcase,娱乐访谈内容，缺少宠物消费场景
4929,UCzd83WFCSUpfRbmWspuUXBA,Fat Orange Play Box,https://cn.noxinfluencer.com/youtube/channel/UCzd83WFCSUpfRbmWspuUXBA,0,badcase,无有效标签，无法判断为宠物食品相关
4931,UCzeNt_bX_FsfuCluF2fx0WQ,FOOD STOP AI,https://cn.noxinfluencer.com/youtube/channel/UCzeNt_bX_FsfuCluF2fx0WQ,0,badcase,无有效标签，无法判断为宠物食品相关
4934,UCzgnr0Z1v0dN8HHBXafWv_w,Làng Việt Florida USA,https://cn.noxinfluencer.com/youtube/channel/UCzgnr0Z1v0dN8HHBXafWv_w,0,badcase,无标签且无宠物受众信号
4936,UCziqlpzL4-1gAd5XMVb5bug,Alla Lighting Automotive LED Bulbs,https://cn.noxinfluencer.com/youtube/channel/UCziqlpzL4-1gAd5XMVb5bug,0,badcase,汽车配件号，与宠物食品无关
4939,UCzmZi-DTVBiIjq-hO-eNCnw,Ashlynne,https://cn.noxinfluencer.com/youtube/channel/UCzmZi-DTVBiIjq-hO-eNCnw,0,badcase,露营生活号，缺少宠物食品受众
4940,UCzm_skdphUSCqp9XrC5Xj5A,IKnowGadgets,https://cn.noxinfluencer.com/youtube/channel/UCzm_skdphUSCqp9XrC5Xj5A,0,badcase,无有效标签，无法判断为宠物食品相关
4942,UCzoRyR_nlesKZuOlEjWRXQQ,Anthony Chaffee MD,https://cn.noxinfluencer.com/youtube/channel/UCzoRyR_nlesKZuOlEjWRXQQ,0,badcase,人类健康营养号，非宠物食品受众
4943,UCzqBLrRNOtlymU6zMnQHmiw,Chef Yun Ha,https://cn.noxinfluencer.com/youtube/channel/UCzqBLrRNOtlymU6zMnQHmiw,0,badcase,无标签且无宠物相关信号
4944,UCzrVBV2Q10aH0lTLoS03F0Q,Juberu Yaqafi,https://cn.noxinfluencer.com/youtube/channel/UCzrVBV2Q10aH0lTLoS03F0Q,0,badcase,无标签且无宠物相关信号
4945,UCzsluooGNR7WKWbEOzP6voA,PRADIP SHORTS,https://cn.noxinfluencer.com/youtube/channel/UCzsluooGNR7WKWbEOzP6voA,0,badcase,短视频泛娱乐号，与宠物食品无关
4946,UCztUhkO1jih0JnxjiyywFjw,Dennis Michael Hona,https://cn.noxinfluencer.com/youtube/channel/UCztUhkO1jih0JnxjiyywFjw,0,badcase,无标签且无宠物相关信号
4948,UCztmIyTPlte1xz6OiJjBdQQ,Curiosity-in-Motion,https://cn.noxinfluencer.com/youtube/channel/UCztmIyTPlte1xz6OiJjBdQQ,0,badcase,无标签且无宠物相关信号
4950,UCzvvcVCxQuj2NldFGHxxoFg,Washington Grown,https://cn.noxinfluencer.com/youtube/channel/UCzvvcVCxQuj2NldFGHxxoFg,2,badcase,农业/家常料理频道，缺少宠物受众和宠物食品意图
4951,UCzwJ6qI4PoMvl7LiBntZMEA,SharonLynneDesigns,https://cn.noxinfluencer.com/youtube/channel/UCzwJ6qI4PoMvl7LiBntZMEA,-9,badcase,猫视频娱乐号，偏娱乐而非宠物食品推广
4952,UCzyHDlqpGCYv-QVQt-IxmVg,AiDog7,https://cn.noxinfluencer.com/youtube/channel/UCzyHDlqpGCYv-QVQt-IxmVg,-7,badcase,AI狗故事娱乐号，非宠物食品推广场景
