rank,channel_id,channel_name,channel_url,score,suggested_label,why_short
7,UC2AUc-4_yMsFHLfPP9Ub8ZA,George Fan,https://www.youtube.com/channel/UC2AUc-4_yMsFHLfPP9Ub8ZA,0,badcase,无咖啡机相关标签，频道偏泛家电
8,UC8Nr144OO16a0Vt8kTXGYsg,Billy Aiken,https://www.youtube.com/channel/UC8Nr144OO16a0Vt8kTXGYsg,0,badcase,前五标签偏杂，咖啡机仅在次级标签
11,UCp6dlBkDSU-Pq591L3nRhlQ,Mcilpoog,https://www.youtube.com/channel/UCp6dlBkDSU-Pq591L3nRhlQ,0,badcase,无可用标签，无法判断为咖啡机相关
24,UCF93kQGx2jXDxcGOkRyw8Eg,Natalie Minassian,https://www.youtube.com/channel/UCF93kQGx2jXDxcGOkRyw8Eg,-10,badcase,偏咖啡饮用与生活方式，ASMR格式不适合咖啡机推广
33,UClACkwySPPiNneu8pGT5mHA,Penglai Machine,https://www.youtube.com/channel/UClACkwySPPiNneu8pGT5mHA,0,badcase,工业自动化/包装机械频道，与咖啡机受众不匹配
36,UC0m33OrU-_JpvIjxyh3RtyQ,BrewTube Cafe: Coffee Creations,https://www.youtube.com/channel/UC0m33OrU-_JpvIjxyh3RtyQ,-10,badcase,ASMR/氛围音频频道，属于强形式不匹配
42,UCCb1R887gL1pxuL7iObUY4g,Power Gadgets,https://www.youtube.com/channel/UCCb1R887gL1pxuL7iObUY4g,0,badcase,无有效标签，无法建立咖啡机相关性
44,UCvBIv0lK8_WCNQveoAPktUg,Car Sharing Jho,https://www.youtube.com/channel/UCvBIv0lK8_WCNQveoAPktUg,0,badcase,汽车共享频道，与咖啡机推广无关
48,UC19syw_O9tICDkb8jq4iTaw,FUBO PACKAGING MACHINERY,https://www.youtube.com/channel/UC19syw_O9tICDkb8jq4iTaw,0,badcase,包装机械工厂号，与咖啡机推广方向不符
52,UCuSj0AwIzrEgLkdMw4omzUQ,"Suzhou automation equipment technology co., LTD.",https://www.youtube.com/channel/UCuSj0AwIzrEgLkdMw4omzUQ,0,badcase,无标签无内容证据，无法确认咖啡机受众
53,UCDT-RC28894JKnf1PqnXCYw,StayCaffeinated,https://www.youtube.com/channel/UCDT-RC28894JKnf1PqnXCYw,0,badcase,无标签和视频信息，缺少咖啡机相关证据
58,UCoYBnzipbufk1HY5zB9f93Q,Golemzy,https://www.youtube.com/channel/UCoYBnzipbufk1HY5zB9f93Q,0,badcase,无标签无内容，无法判断与咖啡机的相关性
61,UCifkdYQHGplGHn9RQYzj8MQ,SHANGHAI FUBO PACKAGING MACHINERY,https://www.youtube.com/channel/UCifkdYQHGplGHn9RQYzj8MQ,0,badcase,包装机械方向，与咖啡机推广无关
64,UCe1BOLqwnextHEgShSIOnWw,Landpack Packing Filling Machine,https://www.youtube.com/channel/UCe1BOLqwnextHEgShSIOnWw,0,badcase,填充包装机械频道，与咖啡机投放不匹配
66,UCieRWoegEypfPPDj4NiqVcw,disposable paper making machines,https://www.youtube.com/channel/UCieRWoegEypfPPDj4NiqVcw,0,badcase,纸杯/纸餐具机械方向，与咖啡机不相关
69,UCOAOh1yMMRGFM395zjN-B9A,Loving B,https://www.youtube.com/channel/UCOAOh1yMMRGFM395zjN-B9A,1,badcase,仅日常生活+咖啡泛兴趣，投放意图很弱
70,UCXBDuP-XxB4xlvRegaE3poA,The crazy coffee queen,https://www.youtube.com/channel/UCXBDuP-XxB4xlvRegaE3poA,3,badcase,冷饮咖啡内容偏饮品，不是咖啡机推广场景
71,UCau9-mxOSLEXf8ATqBlguxQ,Yantracart,https://www.youtube.com/channel/UCau9-mxOSLEXf8ATqBlguxQ,0,badcase,无标签无内容，缺少咖啡机相关信号
82,UC_tH0w071zxKAwnz0WZvEgQ,Shuliy Packing Machinery,https://www.youtube.com/channel/UC_tH0w071zxKAwnz0WZvEgQ,-15,badcase,工业包装机械频道，与咖啡机推广不符
83,UCDYFYolZUJyXFUGGrOKe_nw,CHEF ARSENE,https://www.youtube.com/channel/UCDYFYolZUJyXFUGGrOKe_nw,2,badcase,仅有泛饮食词，缺少咖啡机推广信号
84,UC4BJADxaaeRCNhmVzIV3jaQ,Pralex Media,https://www.youtube.com/channel/UC4BJADxaaeRCNhmVzIV3jaQ,0,badcase,无标签可判断，缺少相关性证据
85,UCEP2IGsO_Eh_kSrbjNA5JGQ,Celo Kim,https://www.youtube.com/channel/UCEP2IGsO_Eh_kSrbjNA5JGQ,10,badcase,有机型词，但 ASMR/咖啡馆 vlog 形态不适合种草
86,UC3z1Viu8O8Wy7SW3uzzYnaw,"Ruian Huajing Machinery Co., Ltd.",https://www.youtube.com/channel/UC3z1Viu8O8Wy7SW3uzzYnaw,-15,badcase,塑料热成型工业机台，与咖啡机受众不匹配
87,UCDoUAHpuh573WBcXKsJQLvw,FreshlySqueezedLLC,https://www.youtube.com/channel/UCDoUAHpuh573WBcXKsJQLvw,0,badcase,果汁/食品加工机械为主，和咖啡机关联弱
98,UCDLaO4pacpiHLmDUWGrWQ4w,Blokkzy,https://www.youtube.com/channel/UCDLaO4pacpiHLmDUWGrWQ4w,0,badcase,游戏内容，和咖啡机推广无关
100,UC0zeRjDDukrdqAnm2qRKwsA,George Giannaris,https://www.youtube.com/channel/UC0zeRjDDukrdqAnm2qRKwsA,1,badcase,家庭烹饪为主，咖啡词太泛
103,UCNXiRWMUpxAysZG-_Te3zHQ,PENGLAI Machines Limited,https://www.youtube.com/channel/UCNXiRWMUpxAysZG-_Te3zHQ,-15,badcase,工业包装机械赛道，和咖啡机品类完全不匹配
104,UC-Nb0E9a45Tj4-HKoZIT_tA,My AC Support,https://www.youtube.com/channel/UC-Nb0E9a45Tj4-HKoZIT_tA,-10,badcase,空调/洗衣机维修频道，家电类但与咖啡机品类不对口
105,UCjPEsmTmhtT1aJKZ-5znwOg,Basemeant WRX,https://www.youtube.com/channel/UCjPEsmTmhtT1aJKZ-5znwOg,0,badcase,DIY/木作内容为主，和咖啡机推广关联弱
106,UCDNCLa0ZpQtwxjpAU7H3j5g,Penglai Pack,https://www.youtube.com/channel/UCDNCLa0ZpQtwxjpAU7H3j5g,-15,badcase,工业包装设备频道，目标受众与咖啡机不一致
107,UCQ72hR86RHBS9tOWc4E-5jg,Packaging Machinery,https://www.youtube.com/channel/UCQ72hR86RHBS9tOWc4E-5jg,-15,badcase,包装机械赛道，非咖啡机消费场景
109,UCV18GT81oww3kiymsouOrDg,Smart-Packer No.1 Packaging Machines Factory,https://www.youtube.com/channel/UCV18GT81oww3kiymsouOrDg,-15,badcase,工业包装线内容，和咖啡机受众错位
111,UCuWvdsYhZVEhZCzB0UWC70w,Belinda Yang,https://www.youtube.com/channel/UCuWvdsYhZVEhZCzB0UWC70w,-15,badcase,贴标设备工厂，和咖啡机品类无关
113,UC1CD3f0PrH2iYN65ZqN-CwA,FA Printing Machine Manufacturer Limited,https://www.youtube.com/channel/UC1CD3f0PrH2iYN65ZqN-CwA,-15,badcase,印刷设备赛道，和咖啡机推广无关
114,UC-ccl2yHayFmNUVYo9Vukcw,CNBOBOMACHINE,https://www.youtube.com/channel/UC-ccl2yHayFmNUVYo9Vukcw,-15,badcase,管材加工设备频道，与咖啡机目标受众不匹配
115,UCVmN4bpV_LtsfUxheaPWbyg,HONGKONG SINBON  INDUSTRIAL LIMITED,https://www.youtube.com/channel/UCVmN4bpV_LtsfUxheaPWbyg,-15,badcase,灌装封口设备频道，和咖啡机品类不相干
117,UCTSU4qWr-1NePOm46KJzJjg,Điện tử cho mọi người (Điện tử cho mọi người),https://www.youtube.com/channel/UCTSU4qWr-1NePOm46KJzJjg,0,badcase,泛科技频道，缺少咖啡机或家电购买场景
122,UCo4XjYB_mRONyQKah8jbjVw,Tracy,https://www.youtube.com/channel/UCo4XjYB_mRONyQKah8jbjVw,-15,badcase,包装方案与灌装设备为主，和咖啡机错位
123,UCs-Z-nopUbhe9LaGRJcVwyw,SIPUXIN TECHNOLOGY,https://www.youtube.com/channel/UCs-Z-nopUbhe9LaGRJcVwyw,-15,badcase,灌装/封口/化妆品机械频道，目标品类不对
125,UCtwRB64-aeSu5mmFYAWdQxQ,Pad printer hot stamping machine screen machines,https://www.youtube.com/channel/UCtwRB64-aeSu5mmFYAWdQxQ,-15,badcase,丝印/热转印设备频道，与咖啡机推广无关
126,UCPOrLvlW1NGake9mdO2SWiQ,Coffee Showcase,https://www.youtube.com/channel/UCPOrLvlW1NGake9mdO2SWiQ,0,badcase,无标签且无相关内容，难判断为咖啡机推广对象
130,UCC-3cubP7yg6puXb4twsKDw,XUANHAI-MACHINE,https://www.youtube.com/channel/UCC-3cubP7yg6puXb4twsKDw,-10,badcase,工业包装机械频道，和咖啡机消费推广明显不符
132,UC4bELHz0YfXiWaMc39gmHqw,Jason Tong,https://www.youtube.com/channel/UC4bELHz0YfXiWaMc39gmHqw,-10,badcase,工业灌装贴标设备，和咖啡机推广几乎无关
133,UCtHPYmKePr5uFf93Nlm1NzQ,Nova Vending | Smart Vending Machine Innovations,https://www.youtube.com/channel/UCtHPYmKePr5uFf93Nlm1NzQ,-5,badcase,智能售货机偏B2B设备，不是咖啡机推广场景
135,UC0bXm7SnF_ssc47s6Ab8Yhg,Jack Du,https://www.youtube.com/channel/UC0bXm7SnF_ssc47s6Ab8Yhg,-10,badcase,工业包装制造频道，受众与咖啡机消费推广不匹配
140,UCvRFyrlH65q4XenNOITKiIQ,Maomao Lee,https://www.youtube.com/channel/UCvRFyrlH65q4XenNOITKiIQ,1,badcase,泛机械制造类，缺少咖啡机推广所需的评测/购买信号
142,UCdiZcFqKnCbMT6_jYvCqdEw,The Modgils Vlog,https://www.youtube.com/channel/UCdiZcFqKnCbMT6_jYvCqdEw,0,badcase,家庭vlog为主，仅有泛化Coffee标签，无咖啡机推广/评测意图
144,UCh6edSCdr2RP0bqCDWgDOvA,Angel-Thermoforming Machine ( Yiyou&Hongyouxing),https://www.youtube.com/channel/UCh6edSCdr2RP0bqCDWgDOvA,-10,badcase,热成型工业设备频道，与咖啡机消费推广无关
145,UCCoR1uMn6lztRmoc7EmUFiQ,WEIMI Smart Vending Micron Smart Vending,https://www.youtube.com/channel/UCCoR1uMn6lztRmoc7EmUFiQ,-5,badcase,售货机/无人零售频道，和咖啡机目标不一致
146,UCZrt_N0kp1BEqdcYl_vdCqw,MR. NOBODY,https://www.youtube.com/channel/UCZrt_N0kp1BEqdcYl_vdCqw,-10,badcase,音乐咖啡馆氛围+游戏娱乐，属于格式不匹配
151,UCuBvI7FtVyWDbOm-6rFq8Vw,RIFU Machine,https://www.youtube.com/channel/UCuBvI7FtVyWDbOm-6rFq8Vw,-15,badcase,工业包装机频道，主场景偏产线设备，和咖啡机推广不符
153,UCimzx1na0dB5XHEL5sBrCCw,Mommy Che Dugan,https://www.youtube.com/channel/UCimzx1na0dB5XHEL5sBrCCw,0,badcase,泛产品测评号，缺少咖啡机或厨房家电信号
154,UC28pLRWhwtbDvoHbzPNPmcQ,Romiter Machinery,https://www.youtube.com/channel/UC28pLRWhwtbDvoHbzPNPmcQ,-15,badcase,工业机械/食品加工场景，和家用咖啡机不匹配
155,UC9bgTpaJcfxgvr_Y8mHMDfA,mariia grey,https://www.youtube.com/channel/UC9bgTpaJcfxgvr_Y8mHMDfA,-15,badcase,ASMR日常重置向，偏氛围内容，不适合咖啡机推广
157,UCfegl3OG7LXlQS7-YL5Tvmg,Julk Zhang,https://www.youtube.com/channel/UCfegl3OG7LXlQS7-YL5Tvmg,-15,badcase,自动包装与食品加工频道，和咖啡机人群不符
158,UCIfegga3H2Jh3O-abpXBqpw,The Holistic Hazelnut Reviews,https://www.youtube.com/channel/UCIfegga3H2Jh3O-abpXBqpw,0,badcase,缺少标签与内容证据，无法判断相关性
163,UCmsAwNJKAGI2ibq--B-unKw,Jaime Ibanez,https://www.youtube.com/channel/UCmsAwNJKAGI2ibq--B-unKw,-5,badcase,偏 vending machine 生意内容，与咖啡机推广人群不符
164,UCglHNe1Qps5YPTm7I3JtWeQ,Alexander Zapata,https://www.youtube.com/channel/UCglHNe1Qps5YPTm7I3JtWeQ,-10,badcase,ASMR/咖啡氛围向，强格式错配，不利产品推广
168,UCk8Zk8tUAwBN_NKkORh4q2Q,EcoFlow,https://www.youtube.com/channel/UCk8Zk8tUAwBN_NKkORh4q2Q,0,badcase,备用电源频道，与咖啡机购买场景不相关
169,UCwj0BB4F83ZjuqYzQtMYQKw,LTPKMACHINERY,https://www.youtube.com/channel/UCwj0BB4F83ZjuqYzQtMYQKw,0,badcase,无标签无内容证据，无法判定为相关
170,UChh44o6Ndt3P4Atpuq4VUsA,ZONESUN,https://www.youtube.com/channel/UChh44o6Ndt3P4Atpuq4VUsA,-15,badcase,工业包装设备频道，明显偏离咖啡机消费场景
173,UCrChI668Vcdy3AC-mv038_A,Product zone,https://www.youtube.com/channel/UCrChI668Vcdy3AC-mv038_A,0,badcase,泛商品频道偏补剂/宠物，咖啡机相关性弱
175,UCsz-dhsLM6VTYH1yUf5EkfQ,3DModels org,https://www.youtube.com/channel/UCsz-dhsLM6VTYH1yUf5EkfQ,0,badcase,人体/医学3D模型频道，和咖啡机完全不相干
176,UCSGuEFPFgOTBtBpyiX9FxQw,Shenzhen Chuangsaijie Technology Co Ltd,https://www.youtube.com/channel/UCSGuEFPFgOTBtBpyiX9FxQw,0,badcase,工业印刷设备频道，与咖啡机推广场景不符
177,UCfolmMYcTjcdWe3janTnMAw,Gear Elevation,https://www.youtube.com/channel/UCfolmMYcTjcdWe3janTnMAw,0,badcase,泛生活宠物杂项频道，缺少咖啡机购买语境
180,UCxG83ISSA3nl3M7Uvfc7tVw,Mrs. Coffee,https://www.youtube.com/channel/UCxG83ISSA3nl3M7Uvfc7tVw,0,badcase,以游戏手作为主，咖啡机相关性很弱
182,UCgGlyaPWWxKtjHeI-khbHWg,Dobot Robotics,https://www.youtube.com/channel/UCgGlyaPWWxKtjHeI-khbHWg,0,badcase,工业机器人频道，和咖啡机无关
184,UCcuOsZLaEg8nidzaqCRwo5w,gracieshotstuff,https://www.youtube.com/channel/UCcuOsZLaEg8nidzaqCRwo5w,0,badcase,泛生活杂项频道，缺少咖啡机受众
185,UCsnvOo6bEI-iHHzobtyBZWw,Tony USmachines,https://www.youtube.com/channel/UCsnvOo6bEI-iHHzobtyBZWw,0,badcase,工业包装设备频道，不适合咖啡机
187,UCKlcj9KFm_wVjOg_qyzWiZQ,Darius Brodesser,https://www.youtube.com/channel/UCKlcj9KFm_wVjOg_qyzWiZQ,0,badcase,无有效标签，无法判断相关性
189,UCN4ealNWlnjK12DO26avopg,SANTSAi,https://www.youtube.com/channel/UCN4ealNWlnjK12DO26avopg,0,badcase,注塑机械频道，与咖啡机推广无关
191,UCuFO9uQvdWxw9-Vxi37mz2Q,Sailin Gomez,https://www.youtube.com/channel/UCuFO9uQvdWxw9-Vxi37mz2Q,-12,badcase,ASMR为主，属于强格式不匹配
192,UCcCogWEcCcaXWVa1Ik5j1fg,Nate Matthews,https://www.youtube.com/channel/UCcCogWEcCcaXWVa1Ik5j1fg,0,badcase,健身生活为主，咖啡机仅弱相关
195,UCbV7vx-KosNgl2ANLLPKm0g,Echo Machinery | Food Packaging Machines,https://www.youtube.com/channel/UCbV7vx-KosNgl2ANLLPKm0g,0,badcase,工业包装设备频道，与咖啡机无关
198,UCZSxEOqXVZOdfl-wm9w1k9g,FreshFindss,https://www.youtube.com/channel/UCZSxEOqXVZOdfl-wm9w1k9g,-15,badcase,ASMR玩具内容，和咖啡机完全不符
200,UCCVbqUL-PPkRDjiludphcgA,Gelgoog Pastry Processing Solutions,https://www.youtube.com/channel/UCCVbqUL-PPkRDjiludphcgA,0,badcase,工业食品包装线，与咖啡机无关
201,UCBybuLS1Abw5EQ9jAi4Q26Q,Đoàn Bánh Tét,https://www.youtube.com/channel/UCBybuLS1Abw5EQ9jAi4Q26Q,0,badcase,无咖啡机相关标签，主题泛化
202,UCtxpVVari-95y-N2HtF4RZw,KeyNoel,https://www.youtube.com/channel/UCtxpVVari-95y-N2HtF4RZw,-10,badcase,娱乐搞笑为主，和咖啡机推广不匹配
203,UCUma6mjYMjRHj9La8ye7mSA,Penglai Machines,https://www.youtube.com/channel/UCUma6mjYMjRHj9La8ye7mSA,0,badcase,工业包装设备频道，和咖啡机品类不匹配
204,UC7JDz-2xZew4ZLwmswkL09A,CBFI Icesource Group,https://www.youtube.com/channel/UC7JDz-2xZew4ZLwmswkL09A,0,badcase,主打制冰设备，非咖啡机受众
205,UCHH_3lX8QShJnhHVA422OCQ,JJ Shankles,https://www.youtube.com/channel/UCHH_3lX8QShJnhHVA422OCQ,0,badcase,3D打印与玩具内容，缺少家电推广场景
206,UCyzAjaUa79dPJWafs7_8N2g,Benisa’s Cafe Podcast,https://www.youtube.com/channel/UCyzAjaUa79dPJWafs7_8N2g,0,badcase,无标签且像播客频道，缺少产品推广证据
207,UCv8J61d1tw1KL_EBWJ6G-Tg,Tom's Do it Yourself,https://www.youtube.com/channel/UCv8J61d1tw1KL_EBWJ6G-Tg,0,badcase,生活方式内容与咖啡机无明显关联
208,UCV0XZQdwW5H4LCA3OPegd_w,Warlanda's Cup of Coffee with Scream,https://www.youtube.com/channel/UCV0XZQdwW5H4LCA3OPegd_w,-15,badcase,灵异播客为主，不适合咖啡机推广
209,UCj6VbwWHs93v4zgRqKLhuMw,Michael Meurett,https://www.youtube.com/channel/UCj6VbwWHs93v4zgRqKLhuMw,0,badcase,宗教讲经频道，缺少咖啡机相关语境
210,UCJSktAH5v9JBp3E3-2d3UmA,Honetop Machine,https://www.youtube.com/channel/UCJSktAH5v9JBp3E3-2d3UmA,0,badcase,工业包装机械，不是咖啡机受众
213,UCCKr7cyffNWDxibN9--KjqA,Toption Instrument,https://www.youtube.com/channel/UCCKr7cyffNWDxibN9--KjqA,0,badcase,实验室仪器频道，和咖啡机品类不匹配
216,UCXHDUAaJvGfdQrDOs2ljKzg,Powder Handling Equipments I Yinda Machinery,https://www.youtube.com/channel/UCXHDUAaJvGfdQrDOs2ljKzg,0,badcase,粉体工业设备，不适合咖啡机推广
217,UC6aO46Vds23q4WI87zaaFqg,RISHENG MACHINERY,https://www.youtube.com/channel/UC6aO46Vds23q4WI87zaaFqg,0,badcase,灌装机械频道，和咖啡机受众不一致
223,UCqvqCqon1qBSxUl6w4E9JDw,Creative Tips,https://www.youtube.com/channel/UCqvqCqon1qBSxUl6w4E9JDw,0,badcase,DIY创意内容，缺少咖啡机购买场景
224,UCgGePDndo_3Wa17Fi5nzXTQ,Relaxify,https://www.youtube.com/channel/UCgGePDndo_3Wa17Fi5nzXTQ,-5,badcase,娱乐短视频为主，不适合咖啡机推广
226,UC2BypsdM1Ogs-sf0g3-tG0Q,South OC Cars And Coffee,https://www.youtube.com/channel/UC2BypsdM1Ogs-sf0g3-tG0Q,-15,badcase,汽车垂类，前5标签全是车系，与咖啡机推广不匹配
228,UCQGLrtjbF2wXDlQfPrilVdA,Ina Pandora,https://www.youtube.com/channel/UCQGLrtjbF2wXDlQfPrilVdA,0,badcase,美妆内容为主，和咖啡机购买场景基本无关
231,UC8Mi7vT8rH_tlM0Jp4EATMg,Bestar Packaging Rachel,https://www.youtube.com/channel/UC8Mi7vT8rH_tlM0Jp4EATMg,-15,badcase,工业包装设备频道，和家用咖啡机受众不一致
232,UCNzPe4qJsRUuEc3-wmj5ORA,Top 3 Wiki,https://www.youtube.com/channel/UCNzPe4qJsRUuEc3-wmj5ORA,-15,badcase,安防监控垂类，和咖啡机推广场景不搭
236,UC5F30RbiST7nmM5NisOrIiA,Crafted Construction,https://www.youtube.com/channel/UC5F30RbiST7nmM5NisOrIiA,-15,badcase,木工制造设备频道，和咖啡机受众差异很大
237,UCLiwXZ55F9bA5eY381Tbgeg,KUKO PACKING MACHINERY,https://www.youtube.com/channel/UCLiwXZ55F9bA5eY381Tbgeg,-15,badcase,包装机械垂类，和咖啡机推广不相关
238,UCil5vMUvD5L0XM5Qlou-3Dw,Zhongli Strpack,https://www.youtube.com/channel/UCil5vMUvD5L0XM5Qlou-3Dw,-15,badcase,灌装/封口工业设备频道，不适合家用咖啡机
240,UCrdVKa_SOy_SaFx6zcyzaag,ZHONGBAIPACK,https://www.youtube.com/channel/UCrdVKa_SOy_SaFx6zcyzaag,-15,badcase,包装/计数机械垂类，和咖啡机不在同一受众
242,UCHgfgkr2b7WBCx8yr462gQQ,Pristine Vending,https://www.youtube.com/channel/UCHgfgkr2b7WBCx8yr462gQQ,-15,badcase,Vending业务频道偏工业侧，与家用咖啡机不符
246,UCsiLXfF5pggZ0CcWWFBGDVg,STYLECNC,https://www.youtube.com/channel/UCsiLXfF5pggZ0CcWWFBGDVg,-15,badcase,工业加工频道，和咖啡机推广受众与场景明显不符
247,UC9idPnEDYvpEDeKJb579ztQ,Brick&Build,https://www.youtube.com/channel/UC9idPnEDYvpEDeKJb579ztQ,-15,badcase,玩具/LEGO娱乐频道，与咖啡机推广场景明显不符
251,UCsZSA7frwa5Kc3eN2TexECQ,HYDRO DIPPING ARTIST,https://www.youtube.com/channel/UCsZSA7frwa5Kc3eN2TexECQ,0,badcase,工艺定制向，与咖啡机推广无关
254,UCUP9EsKd02hSe7zvAJYqoQg,Pacis Vibes 🟢,https://www.youtube.com/channel/UCUP9EsKd02hSe7zvAJYqoQg,0,badcase,无有效标签，无法判断为咖啡机相关
257,UC258hsuWLbWFKapms32rfMg,JAKA Robotics,https://www.youtube.com/channel/UC258hsuWLbWFKapms32rfMg,0,badcase,机器人工业内容，与咖啡机促销无关
261,UCDjS6fcADNqUh72fEriHqbQ,"Guangzhou Jiuhong Printing Machinery Co.,Ltd.",https://www.youtube.com/channel/UCDjS6fcADNqUh72fEriHqbQ,0,badcase,印刷机械工厂号，与咖啡机推广不匹配
269,UCDBRkd8deH-Vk1nWQKWJ72w,Captain Discovery,https://www.youtube.com/channel/UCDBRkd8deH-Vk1nWQKWJ72w,0,badcase,工厂/制作过程内容，不是咖啡机推广场景
270,UC4wBPUcZUvBM4a5IuIHr9gQ,Jurassic Park Boom,https://www.youtube.com/channel/UC4wBPUcZUvBM4a5IuIHr9gQ,-15,badcase,ASMR/娱乐为主，和咖啡机带货不匹配
272,UCwZ-Hjk7H8yYhVYRIvCzIeQ,Jozi’s Page,https://www.youtube.com/channel/UCwZ-Hjk7H8yYhVYRIvCzIeQ,0,badcase,黑帮访谈娱乐号，与咖啡机促销无关
278,UCjj19UfWrwOXwhkXZDiFH6w,brookelynlikesespresso,https://www.youtube.com/channel/UCjj19UfWrwOXwhkXZDiFH6w,5,badcase,有咖啡机词但内容偏ASMR/生活方式，缺少评测购买意图
279,UCIsILxRVbgSPs6HyxUmPUZg,Best Thing Ever Review,https://www.youtube.com/channel/UCIsILxRVbgSPs6HyxUmPUZg,3,badcase,泛购物种草频道，缺少厨电/咖啡机垂直信号
280,UC-W2u7Y8i_6jmeTEtQqUqJQ,Stemon,https://www.youtube.com/channel/UC-W2u7Y8i_6jmeTEtQqUqJQ,-15,badcase,工业粉体设备频道，和家用咖啡机受众不匹配
281,UC-l0S-PYYkK6HFcfQkkZ6dg,Mike Healy Product Reviews,https://www.youtube.com/channel/UC-l0S-PYYkK6HFcfQkkZ6dg,1,badcase,泛产品评测但偏健身装备，咖啡机相关性弱
283,UCFTjhKAa97QC1EFZ6uxqZrA,"Foshan Sayok Packaging Machinery Co.,LTD",https://www.youtube.com/channel/UCFTjhKAa97QC1EFZ6uxqZrA,-15,badcase,包装机械工厂向，和咖啡机推广场景不符
284,UCF7PHFpNLmQopXCMHEZg3Pg,Busineer,https://www.youtube.com/channel/UCF7PHFpNLmQopXCMHEZg3Pg,-10,badcase,制造业/机器科普为主，不是咖啡机消费推广场
287,UCUYlSrRVd4CWY3yGSyKd-pg,Working Planet Shorts,https://www.youtube.com/channel/UCUYlSrRVd4CWY3yGSyKd-pg,1,badcase,手作/机械短视频为主，缺少咖啡机购买意图
289,UCuMMBa_c3g4uLLogFpzt57Q,Best Electronics,https://www.youtube.com/channel/UCuMMBa_c3g4uLLogFpzt57Q,1,badcase,泛电子产品频道，和咖啡机厨电场景不够贴
292,UC9j0co1a2Whik1T0BZygWYA,Smart Home Daily,https://www.youtube.com/channel/UC9j0co1a2Whik1T0BZygWYA,2,badcase,家居DIY为主，咖啡机转化意图偏弱
296,UCVasi32ZMkyn548MUyzLnKQ,Ry Williamz,https://www.youtube.com/channel/UCVasi32ZMkyn548MUyzLnKQ,1,badcase,以游戏/娱乐为主，仅有泛咖啡兴趣，缺少咖啡机购买或评测信号
298,UCnv0gfLQFNGPJ5MHSGuIAkw,HACKADAY,https://www.youtube.com/channel/UCnv0gfLQFNGPJ5MHSGuIAkw,-10,badcase,硬件/工程内容偏技术展示，不是咖啡机消费推广
299,UCpIUKbFarxW3wNfRoMVjd5A,Rank On Top,https://www.youtube.com/channel/UCpIUKbFarxW3wNfRoMVjd5A,2,badcase,泛榜单选品频道，缺少厨电和咖啡机垂直信号
301,UCJuSLndcC9G6werRJFoy8cA,Glam Dapper Family,https://www.youtube.com/channel/UCJuSLndcC9G6werRJFoy8cA,1,badcase,生活方式/时尚号，咖啡机购买与评测意图弱
306,UCXXymA8WbMTn0KLCYeq3Lbg,Stone Age 2.0,https://www.youtube.com/channel/UCXXymA8WbMTn0KLCYeq3Lbg,-5,badcase,喜剧娱乐为主，与家电推广明显不匹配
307,UCUyfiAPZ0ueefvdavcq0k9Q,Randall Burg,https://www.youtube.com/channel/UCUyfiAPZ0ueefvdavcq0k9Q,0,badcase,航海钓鱼垂类，和咖啡机场景无关
310,UCONBWwygG9AkiQE9q2q1coA,mcble,https://www.youtube.com/channel/UCONBWwygG9AkiQE9q2q1coA,0,badcase,露营户外号，和咖啡机推广关联弱
314,UCaKuEkZXN99H5vbKcw9ns_g,ARNO,https://www.youtube.com/channel/UCaKuEkZXN99H5vbKcw9ns_g,0,badcase,财经/励志杂内容，与咖啡机无关
321,UC6P8royRqLWesRIjKWi3z4A,AI Investing Pros,https://www.youtube.com/channel/UC6P8royRqLWesRIjKWi3z4A,0,badcase,电商创业号，与咖啡机内容场景不匹配
325,UCRix1GJvSBNDpEFY561eSzw,Laura Kampf,https://www.youtube.com/channel/UCRix1GJvSBNDpEFY561eSzw,0,badcase,木工DIY频道，和咖啡机推广场景不相关
326,UCeH_w0BHRD3ttxdkctjpbsw,Trending Knowledge,https://www.youtube.com/channel/UCeH_w0BHRD3ttxdkctjpbsw,0,badcase,前5标签偏清洁和汽车工具，和咖啡机无关
328,UCy-r5zrAvTfpqmcdCILZO4Q,Unbox Evaluate,https://www.youtube.com/channel/UCy-r5zrAvTfpqmcdCILZO4Q,0,badcase,机油/车品为主，和咖啡机推广不相关
329,UCbMMUhppcgsQ5KK4mesC2SQ,Jordan Vanderplate,https://www.youtube.com/channel/UCbMMUhppcgsQ5KK4mesC2SQ,0,badcase,露营旅行向，缺少咖啡机或家电推广语境
330,UCPApobRbtECCSnVKiAZMhCA,SEO Tech,https://www.youtube.com/channel/UCPApobRbtECCSnVKiAZMhCA,0,badcase,工业机器和DIY满足感内容，不适合咖啡机投放
334,UC44P44ueGlfvRqxlpO7t2wA,Ray Rambles,https://www.youtube.com/channel/UC44P44ueGlfvRqxlpO7t2wA,0,badcase,仅有露营场景，产品推广意图弱
336,UCDfX41sMJRIeG8kqAGTz6mg,BarChemistry,https://www.youtube.com/channel/UCDfX41sMJRIeG8kqAGTz6mg,0,badcase,鸡尾酒/调酒内容为主，和咖啡机不匹配
339,UCntxIE8FKow3FbWG-BCApeQ,cuoredicioccolato,https://www.youtube.com/channel/UCntxIE8FKow3FbWG-BCApeQ,0,badcase,酿酒和食谱为主，咖啡机相关性弱
344,UC9vNlMUHrafar-4HRoa026A,Lanphan Henan,https://www.youtube.com/channel/UC9vNlMUHrafar-4HRoa026A,0,badcase,只看见冻干机安装清洁，和咖啡机不相关
345,UC5uzUVmeS-24b74ecF-Akog,Satisfyra ASMR,https://www.youtube.com/channel/UC5uzUVmeS-24b74ecF-Akog,-15,badcase,ASMR/放松音效是明显格式冲突
346,UCundkFqgbkoquXP4sX3RSKg,Mellif Tools,https://www.youtube.com/channel/UCundkFqgbkoquXP4sX3RSKg,0,badcase,工具和园艺为主，不像咖啡机投放场景
347,UCrz1B4nIZhWMGQ9CnXEVvNg,Indigo Nili,https://www.youtube.com/channel/UCrz1B4nIZhWMGQ9CnXEVvNg,0,badcase,健康饮食/Keto 为主，缺少咖啡机购买语境
349,UCgMinHmhaV5k2335FZpMucQ,Marissa Bell,https://www.youtube.com/channel/UCgMinHmhaV5k2335FZpMucQ,0,badcase,婚礼旅行美妆为主，和咖啡机无关
350,UCJD7NQgRKMtgPUmX6OsSylg,The Maker Orbit,https://www.youtube.com/channel/UCJD7NQgRKMtgPUmX6OsSylg,0,badcase,无标签，无法判断相关性
352,UCBAGtBjmMhfVUrv1Lc3Mdqw,Nathaly Cuevas,https://www.youtube.com/channel/UCBAGtBjmMhfVUrv1Lc3Mdqw,0,badcase,仅泛生活vlog标签，缺少咖啡机购买或使用相关性
354,UCmJQrzb2kQhk-31ke5eVtmA,Gundam-san,https://www.youtube.com/channel/UCmJQrzb2kQhk-31ke5eVtmA,-5,badcase,以游戏动漫为主，和咖啡机推广场景明显不符
357,UCbcLdR2iUQIiHJ1y0_LnnfA,Beyond Soup by Jaed Arzadon,https://www.youtube.com/channel/UCbcLdR2iUQIiHJ1y0_LnnfA,-15,badcase,频道主轴是音频设备，与咖啡机推广明显不符
361,UCoKaDRDRtzyBkx7V0GiheRw,garnet isajewel,https://www.youtube.com/channel/UCoKaDRDRtzyBkx7V0GiheRw,2,badcase,手作编织频道，与咖啡机推广缺少产品或购买语境
362,UCzAsugFMifN8AHeFzvwZ0jg,Toy Playset,https://www.youtube.com/channel/UCzAsugFMifN8AHeFzvwZ0jg,-15,badcase,玩具/ASMR频道，和咖啡机推广场景明显不符
368,UCrdEfOeoe0VQx2wV9n2GDEw,kate kei ☆,https://www.youtube.com/channel/UCrdEfOeoe0VQx2wV9n2GDEw,0,badcase,时尚旅行类频道，缺少咖啡机评测/购买/使用内容
369,UC2KTnJj2pk_8DeQLhG3v5aw,This Vs That,https://www.youtube.com/channel/UC2KTnJj2pk_8DeQLhG3v5aw,1,badcase,仅有厨房小工具泛相关，缺少咖啡机购买/测评意图
371,UCm6M5tsf0xcYmO_JQGnLPpg,Techno Vision HD,https://www.youtube.com/channel/UCm6M5tsf0xcYmO_JQGnLPpg,2,badcase,以游戏内容为主，只有泛化评测/数码弱相关，咖啡机推广不匹配
373,UCMwLO4gZcxHqVYEa_f-AaZg,The Birch Cottage,https://www.youtube.com/channel/UCMwLO4gZcxHqVYEa_f-AaZg,0,badcase,手工DIY频道，和咖啡机推广无明显受众或购买意图相关
378,UC86J9-VY7r7IWXlLStIk2xQ,Flavored With Love,https://www.youtube.com/channel/UC86J9-VY7r7IWXlLStIk2xQ,1,badcase,以烹饪为主，咖啡机投放关联较弱
379,UCWX5VmDkBE6lsW-ylkhGnbA,KmiX,https://www.youtube.com/channel/UCWX5VmDkBE6lsW-ylkhGnbA,0,badcase,DIY手工向，和咖啡机销售场景不匹配
380,UCxdCeHBUOlcCWr6RM8acEog,Winston Moy,https://www.youtube.com/channel/UCxdCeHBUOlcCWr6RM8acEog,0,badcase,CNC/木工制作向，缺少咖啡机购买场景
381,UCfXkxalrXN75IjbEUofr_aQ,Awesome Gameplays,https://www.youtube.com/channel/UCfXkxalrXN75IjbEUofr_aQ,-15,badcase,游戏娱乐频道，和家电推广明显不符
382,UC574pFBByogKF5GIj4rAkTA,HP Mini DIY Tractor,https://www.youtube.com/channel/UC574pFBByogKF5GIj4rAkTA,0,badcase,农机/工程玩具向，与咖啡机无关
383,UCtPUAfOQhgrg98z41LjtBBg,Ace Artificial Intelligence,https://www.youtube.com/channel/UCtPUAfOQhgrg98z41LjtBBg,0,badcase,AI美图/时尚向，非家电消费场景
384,UCbO3RulzTRpRdmwfriOtgow,One Simple Crafts,https://www.youtube.com/channel/UCbO3RulzTRpRdmwfriOtgow,0,badcase,迷你手工内容，咖啡机推广不相关
386,UC0cT2R9_NPM7_6BKhOLzxow,Eric Froemling,https://www.youtube.com/channel/UC0cT2R9_NPM7_6BKhOLzxow,-15,badcase,纯游戏频道，家电推广不适配
391,UCpm3qyrdIXYTpOTj8mi7dvw,Watch2DIY,https://www.youtube.com/channel/UCpm3qyrdIXYTpOTj8mi7dvw,0,badcase,生活/食物泛内容，缺少家电测评意图
392,UCcPULY8aCK3Pe9PVLB0F9bw,Neixo UV DTG DTF Flatbed Printer,https://www.youtube.com/channel/UCcPULY8aCK3Pe9PVLB0F9bw,0,badcase,打印设备频道，和咖啡机品类不相关
395,UCIFQO-6itPKGUjG0bkMqocA,Ally Dore,https://www.youtube.com/channel/UCIFQO-6itPKGUjG0bkMqocA,0,badcase,母婴/信仰日常内容，和咖啡机受众不符
397,UCP0rR1A_kau-IJD1IlNUpHQ,Logan Coble,https://www.youtube.com/channel/UCP0rR1A_kau-IJD1IlNUpHQ,-15,badcase,街机娱乐频道，和家电推广不适配
400,UCKzyP078Cy0qWScrBL1C6kQ,Anna - USA,https://www.youtube.com/channel/UCKzyP078Cy0qWScrBL1C6kQ,0,badcase,泛流量短内容，缺少家电购买意图
401,UCRT9xGB--fZu1pCEevjKhRg,MakeupMesha,https://www.youtube.com/channel/UCRT9xGB--fZu1pCEevjKhRg,0,badcase,以美妆穿搭为主，无咖啡机或家电推广相关信号
403,UCCzsFZB4k9f0YIIGO92HRvg,DIY tractor,https://www.youtube.com/channel/UCCzsFZB4k9f0YIIGO92HRvg,1,badcase,仅有DIY等泛标签，缺少咖啡机/家电购买或评测意图
405,UCTjntcMfncwVbWVGuNQwEhg,S.W. OUTDOORS,https://www.youtube.com/channel/UCTjntcMfncwVbWVGuNQwEhg,3,badcase,露营户外为主，仅有弱场景关联，缺少咖啡机推广意图
409,UC8Vym8A6oGfC55nmgLFRgDw,emilie.studygram,https://www.youtube.com/channel/UC8Vym8A6oGfC55nmgLFRgDw,0,badcase,学习/效率类频道，与咖啡机推广缺少购买或评测关联
413,UC-hOof8hD-mK_8tDYEOWWXQ,MrAjae Workshop,https://www.youtube.com/channel/UC-hOof8hD-mK_8tDYEOWWXQ,-12,badcase,ASMR手作频道为主，缺少咖啡机评测/购买信号，格式不适合推广
414,UCuyRHb0dPgr0H92_Op59Waw,OUR ALL IN ONE,https://www.youtube.com/channel/UCuyRHb0dPgr0H92_Op59Waw,1,badcase,仅有美食泛相关，缺少咖啡机评测或购买意图
424,UCrSKmybI_Ea8naSSB2AEBgA,Dj Jambo - Deep House,https://www.youtube.com/channel/UCrSKmybI_Ea8naSSB2AEBgA,-10,badcase,纯音乐混音频道，和咖啡机推广场景不匹配
425,UC9nCmYxxdhXNqffr5wkwGRg,Creative HD,https://www.youtube.com/channel/UC9nCmYxxdhXNqffr5wkwGRg,0,badcase,木工/DIY频道，和咖啡机推广无直接或场景相关
427,UC4JaijEnlYJqcHkRyIbsouQ,MO Awesome,https://www.youtube.com/channel/UC4JaijEnlYJqcHkRyIbsouQ,0,badcase,杂项娱乐/运动/宠物为主，与咖啡机推广无关
434,UC__Tu8lHDpThTB2EIpfbJ7Q,BLUETTI,https://www.youtube.com/channel/UC__Tu8lHDpThTB2EIpfbJ7Q,0,badcase,主轴是太阳能/户外电源，与咖啡机受众不匹配
437,UCM4IHEg4jh7X_dJhzw_O4Gw,Intelligent Machines,https://www.youtube.com/channel/UCM4IHEg4jh7X_dJhzw_O4Gw,0,badcase,AI/云科技资讯为主，与咖啡机无关
443,UCzrx2xv3BXgPNZKWBp7VzqA,Đồ tự chế sáng tạo,https://www.youtube.com/channel/UCzrx2xv3BXgPNZKWBp7VzqA,0,badcase,DIY自制工具为主，不是咖啡机消费场景
452,UC57haygBTuywPaaW7PRkGHQ,Karyna Cast,https://www.youtube.com/channel/UC57haygBTuywPaaW7PRkGHQ,0,badcase,母婴/育儿为主，与咖啡机推广关联弱
454,UCu0l4tapSKohQ9sCNA6x_3g,Mirkojax,https://www.youtube.com/channel/UCu0l4tapSKohQ9sCNA6x_3g,0,badcase,深度换脸/娱乐向，非产品推广场景
460,UCjRBGG5QO_p03mpHuqZBWZQ,Ben Eshagpoor,https://www.youtube.com/channel/UCjRBGG5QO_p03mpHuqZBWZQ,0,badcase,音乐制作内容，和咖啡机推广场景不符
462,UCwID78xM-YPqZzGy04zBuJQ,Jammy Cooks,https://www.youtube.com/channel/UCwID78xM-YPqZzGy04zBuJQ,-15,badcase,游戏娱乐为主，明显不适合咖啡机投放
469,UCxaZ0oJZJlRQ8wQihzwzsWg,Tina Unboxing Toys,https://www.youtube.com/channel/UCxaZ0oJZJlRQ8wQihzwzsWg,-15,badcase,ASMR玩具开箱为主，属于强格式错配
470,UCQeSqKQ4vI6OcvbQz2uPttQ,Henry & Jane,https://www.youtube.com/channel/UCQeSqKQ4vI6OcvbQz2uPttQ,-10,badcase,ASMR工具内容偏听觉体验，不适合家电推广
471,UCQLjpyiTO7IamPCfpm_EWOQ,LocalBrickBoy,https://www.youtube.com/channel/UCQLjpyiTO7IamPCfpm_EWOQ,-10,badcase,积木速建/娱乐向，和咖啡机推广不符
474,UCAEcl-q7LRHR89obvygeiDg,Altair,https://www.youtube.com/channel/UCAEcl-q7LRHR89obvygeiDg,0,badcase,工程仿真/AI主题，与咖啡机推广无关
475,UCm3B_8DYaxvCoK_337_ACGw,Adventure Gear TV,https://www.youtube.com/channel/UCm3B_8DYaxvCoK_337_ACGw,0,badcase,户外自驾/露营为主，不是咖啡机主场景
476,UCm9Ut_Qn2F3Ej9uJyIlk-Hg,Meecat Movie - The Dollhouse Therapy,https://www.youtube.com/channel/UCm9Ut_Qn2F3Ej9uJyIlk-Hg,-12,badcase,ASMR微缩疗愈内容，咖啡机推广格式严重不匹配
478,UCg3BV5Iu2GH5J-jatWIxZDg,Alex Content Creator,https://www.youtube.com/channel/UCg3BV5Iu2GH5J-jatWIxZDg,0,badcase,无标签，无相关证据
484,UCSP5rqvReUaGUEbY3n6yvTA,iSpring Water Systems,https://www.youtube.com/channel/UCSP5rqvReUaGUEbY3n6yvTA,1,badcase,偏净水/家居维修，缺少咖啡机选购或测评场景
486,UCGw6DAplAL29yWxQY0HHzuw,Hauswirt,https://www.youtube.com/channel/UCGw6DAplAL29yWxQY0HHzuw,2,badcase,仅烘焙/食谱泛相关，咖啡机投放偏弱
487,UCaRj2STiVJKzI6abc0p9jQA,Amani Couture,https://www.youtube.com/channel/UCaRj2STiVJKzI6abc0p9jQA,0,badcase,旅行时尚向，与咖啡机无关
488,UCP6luQw_Sdfks9W9Dc8Zmwg,Kabatos Studio,https://www.youtube.com/channel/UCP6luQw_Sdfks9W9Dc8Zmwg,0,badcase,设计自动化教程，与咖啡机无关
489,UCcRHcEmg5Cv9oQ5t6COoWag,Rora,https://www.youtube.com/channel/UCcRHcEmg5Cv9oQ5t6COoWag,-15,badcase,故事口播娱乐向，不适合产品推广
491,UCny4Xaw4qNE4yH6dc50Xi_w,Clockwork 9,https://www.youtube.com/channel/UCny4Xaw4qNE4yH6dc50Xi_w,-12,badcase,ASMR/影像制作向，格式不适合家电推广
494,UCX7GxlJm9WoPTHh53TBllpA,Deep Consumer Breakdowns,https://www.youtube.com/channel/UCX7GxlJm9WoPTHh53TBllpA,0,badcase,偏安防和通用电子，与咖啡机无关
496,UCAEAWYVvSuZdIeZqc8u2xSQ,Lake Tube,https://www.youtube.com/channel/UCAEAWYVvSuZdIeZqc8u2xSQ,0,badcase,编程教育向，无关
498,UCv4UeD4hOyFYTnt1ox2aSRA,CPO Outlets,https://www.youtube.com/channel/UCv4UeD4hOyFYTnt1ox2aSRA,0,badcase,偏工具类产品，和咖啡机受众不匹配
1951,UC5OO-uYDNMsVIE0-vhyx7xg,WWCC Shorts,https://www.youtube.com/channel/UC5OO-uYDNMsVIE0-vhyx7xg,-15,badcase,WWE娱乐向，和咖啡机推广完全不匹配
1952,UCpqIwEBhlnWbhOqjszfGb7w,NO EXCUSE® ENT,https://www.youtube.com/channel/UCpqIwEBhlnWbhOqjszfGb7w,0,badcase,旅行vlog向，和咖啡机推广缺少场景关联
1953,UCHIxGwHD4nzxJFpaXIONe6g,Vasiliy Agiy,https://www.youtube.com/channel/UCHIxGwHD4nzxJFpaXIONe6g,0,badcase,政治/游戏/电影混合，咖啡机相关性弱
1954,UCEBUHgOQ-P9Zaen1g4quUWA,Justice Fury,https://www.youtube.com/channel/UCEBUHgOQ-P9Zaen1g4quUWA,-10,badcase,真人秀八卦向，和家电推广错位
1955,UCrtZXCQfRrp0krQz-8TCmCg,Nutrition Coach,https://www.youtube.com/channel/UCrtZXCQfRrp0krQz-8TCmCg,-10,badcase,ASMR氛围内容，偏音效不偏家电种草
1957,UCuzmWTyfDTdeHsmNkLv5cFA,Charlotte Summers- Brown,https://www.youtube.com/channel/UCuzmWTyfDTdeHsmNkLv5cFA,0,badcase,纯时尚生活账号，和咖啡机缺少相关场景
1958,UC99ZVZwH69Ji2NNQ1T7Tk5Q,Creature Planet,https://www.youtube.com/channel/UC99ZVZwH69Ji2NNQ1T7Tk5Q,-15,badcase,野生动物内容，和人用咖啡机受众不符
1959,UC6UOPAQB4ttfzEprLYKIQrA,Stardom Jet,https://www.youtube.com/channel/UC6UOPAQB4ttfzEprLYKIQrA,-15,badcase,成人娱乐向，和咖啡机推广不匹配
1960,UCjvKcFmBZuHUS9KKqisfiCw,Taar Media,https://www.youtube.com/channel/UCjvKcFmBZuHUS9KKqisfiCw,0,badcase,娱乐新闻/戏剧向，缺少咖啡机购买意图
1962,UC2CP-eoctMEvgRe47-57lBA,Homestead Patch,https://www.youtube.com/channel/UC2CP-eoctMEvgRe47-57lBA,0,badcase,减脂饮食账号，和咖啡机推广关联不足
1965,UCTRycE7shej64mQbS5EUc-w,I Go By Karen Life,https://www.youtube.com/channel/UCTRycE7shej64mQbS5EUc-w,0,badcase,无标签，无法判断为咖啡机相关频道
1966,UC-lU7snsaofE1qFBRBw0cDA,TravelWritePaint,https://www.youtube.com/channel/UC-lU7snsaofE1qFBRBw0cDA,0,badcase,徒步户外向，和咖啡机的使用场景不一致
1967,UCXRGuV8iAZx3_McLF266DGg,olivia anelise,https://www.youtube.com/channel/UCXRGuV8iAZx3_McLF266DGg,0,badcase,旅行生活账号，咖啡机相关性很弱
1968,UCIYhz2vmrvoR30DZynpkJJQ,World Info 360s,https://www.youtube.com/channel/UCIYhz2vmrvoR30DZynpkJJQ,0,badcase,榜单资讯向，缺少咖啡机购买或评测意图
1969,UC9TaTTdbtm7COnHvIa6KDIw,CASHTREES,https://www.youtube.com/channel/UC9TaTTdbtm7COnHvIa6KDIw,-15,badcase,音乐/说唱娱乐向，属于明显错配
1970,UCUxCGFMNAiydfUJSPO0I74A,Aimee Sher Makes,https://www.youtube.com/channel/UCUxCGFMNAiydfUJSPO0I74A,0,badcase,编织手作账号，与咖啡机推广关联不足
1971,UCC4obukrpuHBWZqQ0J5FRig,American Fugitive in Russia,https://www.youtube.com/channel/UCC4obukrpuHBWZqQ0J5FRig,0,badcase,政治/社会/生活混合，缺少家电推广信号
1972,UCpcJHYjCybrPcW3TNr6q6pw,MILITARY TUBE TODAY,https://www.youtube.com/channel/UCpcJHYjCybrPcW3TNr6q6pw,-15,badcase,军事内容，和咖啡机完全不同受众
1973,UCoDjyXSpcoMgYN9tXkUNxQA,Maria Davids,https://www.youtube.com/channel/UCoDjyXSpcoMgYN9tXkUNxQA,0,badcase,社群话题账号，和咖啡机推广缺少交集
1974,UCdYaI4y0HOVMjLLGHSUCLlg,4CyclesofLife.com,https://www.youtube.com/channel/UCdYaI4y0HOVMjLLGHSUCLlg,0,badcase,草本养生向，非咖啡机消费场景
1976,UCkkTRCyYpBtVn403Rj6X06A,Best For Living,https://www.youtube.com/channel/UCkkTRCyYpBtVn403Rj6X06A,-15,badcase,动物救援/宠物内容，与咖啡机推广目标明显不符
1977,UC79y2fMphBseiVOK70I6aog,splash.mp3,https://www.youtube.com/channel/UC79y2fMphBseiVOK70I6aog,-15,badcase,音乐说唱频道，缺少家电或购买导购语义
1978,UCPzv4P9ZvVKhr7IFpAdIdDg,Loving Freedom,https://www.youtube.com/channel/UCPzv4P9ZvVKhr7IFpAdIdDg,1,badcase,旅行生活向，只有弱场景重叠
1979,UCzVPJ7-3fmrrjAflleOiHSQ,iamDonareen,https://www.youtube.com/channel/UCzVPJ7-3fmrrjAflleOiHSQ,2,badcase,母婴日常/DIY，缺少咖啡机导购语义
1980,UCQI8HshwqZqAZoDi1YvOtVQ,The Wee Family,https://www.youtube.com/channel/UCQI8HshwqZqAZoDi1YvOtVQ,0,badcase,自闭症家庭日常，和咖啡机推广关联弱
1982,UCND_2Ke3tDZ8fO3FnGnSbAw,What's Uptin?,https://www.youtube.com/channel/UCND_2Ke3tDZ8fO3FnGnSbAw,3,badcase,旅行美食内容，只有弱场景重叠
1983,UCOLGpIPvRGRo9yODVPZDFLw,TalkxLPBW,https://www.youtube.com/channel/UCOLGpIPvRGRo9yODVPZDFLw,-15,badcase,现实电视八卦娱乐，和家电推广不匹配
1984,UCDE-Y84yXGb_CCfT2AIA8eg,Historical Figures,https://www.youtube.com/channel/UCDE-Y84yXGb_CCfT2AIA8eg,2,badcase,科普实验频道，只有弱技术场景
1985,UCplO65nXBimcx0diaHmZbQg,Nick Forell,https://www.youtube.com/channel/UCplO65nXBimcx0diaHmZbQg,-15,badcase,音乐翻唱反应类，主体与咖啡机不符
1986,UCAXrO7iuHnHtRiMy43WNUQg,Real Commander Vlogs,https://www.youtube.com/channel/UCAXrO7iuHnHtRiMy43WNUQg,-15,badcase,动物宠物频道，属于明显互斥领域
1987,UC8gTrRk2MhMsl37nzwfVDMg,Gigle Haven,https://www.youtube.com/channel/UC8gTrRk2MhMsl37nzwfVDMg,-15,badcase,ASMR/吃播型格式，强推广错配
1988,UCj4U-Wj6_5-6Fcx9F1GXdzg,Sun Village Animal Rescue,https://www.youtube.com/channel/UCj4U-Wj6_5-6Fcx9F1GXdzg,-15,badcase,动物救助与宠物内容，和咖啡机无关
1990,UCxLmzK3vIaGrP1OFEh4pwaw,AFRICAN DIASPORA TRANSITION,https://www.youtube.com/channel/UCxLmzK3vIaGrP1OFEh4pwaw,0,badcase,政治社会议题频道，和咖啡机推广关联弱
1991,UCwIaqtjczCaEaNxyv61lHNQ,Business Geek,https://www.youtube.com/channel/UCwIaqtjczCaEaNxyv61lHNQ,0,badcase,创业税务类频道，缺少咖啡机品类语义
1992,UCezVzu6BmY_HHgBbsgnSDQA,Life Narrated,https://www.youtube.com/channel/UCezVzu6BmY_HHgBbsgnSDQA,-15,badcase,剧情故事音频号，属于互斥叙事娱乐
1996,UC-U-dH9DeNIdXEPYwouw5UA,GeekChef Air Fryer Recipes,https://www.youtube.com/channel/UC-U-dH9DeNIdXEPYwouw5UA,0,badcase,空气炸锅食谱号，不是咖啡机受众
1998,UCJH56qlZK4EmIBg8H-CMXiw,Kitchen Kapers,https://www.youtube.com/channel/UCJH56qlZK4EmIBg8H-CMXiw,3,badcase,厨房泛内容，只有弱场景重叠
2003,UCan-YDWrHGtmKRLiNa9dEYA,Rachael Tatman,https://www.youtube.com/channel/UCan-YDWrHGtmKRLiNa9dEYA,0,badcase,NLP/AI技术向，与咖啡机推广无关
2004,UCRUbMWqqTVV1UIUe6AZgMyw,TOPSFLO Micro Pump,https://www.youtube.com/channel/UCRUbMWqqTVV1UIUe6AZgMyw,0,badcase,工业泵类主题，缺少咖啡机受众
2006,UCh_6ZtvQC3qTMajifcsflZw,Today Machine,https://www.youtube.com/channel/UCh_6ZtvQC3qTMajifcsflZw,-15,badcase,包装机械为主，工业受众与咖啡机不符
2007,UCUfSHJezFnNsbdPti-NgNmQ,Kerry-Packaging Machinery,https://www.youtube.com/channel/UCUfSHJezFnNsbdPti-NgNmQ,-10,badcase,包装/装盒机械方向，和咖啡机推广不匹配
2008,UCEtJ28X72GHVN6eVKBPtEtw,sen III Lin,https://www.youtube.com/channel/UCEtJ28X72GHVN6eVKBPtEtw,-15,badcase,杯成型和热成型设备，属工业制造场景
2010,UC6fWVZBr1aS30kR9QjJXw9Q,Olivia Review Point,https://www.youtube.com/channel/UC6fWVZBr1aS30kR9QjJXw9Q,0,badcase,无标签无内容证据，无法判断相关
2011,UC418VvdezlrTIORPjTywswQ,Drip coffee & Tea bag packing machine Manufacturer,https://www.youtube.com/channel/UC418VvdezlrTIORPjTywswQ,-15,badcase,名称显示包装设备制造，和咖啡机推广不匹配
2012,UCgFwilOGp9I8HDSQROelxLw,10+ Years Manufacturer of Filling Packing Machines,https://www.youtube.com/channel/UCgFwilOGp9I8HDSQROelxLw,-15,badcase,填充包装机械为主，明显偏离咖啡机
2013,UCm2nzT3x2Nwj7sA-I-zkw6A,chris watson,https://www.youtube.com/channel/UCm2nzT3x2Nwj7sA-I-zkw6A,0,badcase,无可用相关信号
2016,UCNEcpxJSIDpPslX_At0pzdg,ZONESUN,https://www.youtube.com/channel/UCNEcpxJSIDpPslX_At0pzdg,-15,badcase,包装/灌装机械工业场景，不适合咖啡机推广
2017,UCrluHXuBNCnnvPDL7xkLc0Q,HM Mikdat,https://www.youtube.com/channel/UCrluHXuBNCnnvPDL7xkLc0Q,0,badcase,无相关标签或内容证据
2020,UCsLeZ47aXwsLhovxVLWwvIA,Frilly Deal,https://www.youtube.com/channel/UCsLeZ47aXwsLhovxVLWwvIA,0,badcase,泛促销主题过宽，咖啡机定向不清晰
2021,UCjeNfGc5_Y4mQOQw65pkSbQ,Parts Guru,https://www.youtube.com/channel/UCjeNfGc5_Y4mQOQw65pkSbQ,0,badcase,偏零件/维修方向，缺少咖啡机受众证据
2022,UCUS8piyBZjlepoLz3ojn7OQ,Express Tech,https://www.youtube.com/channel/UCUS8piyBZjlepoLz3ojn7OQ,0,badcase,技术向泛题材，咖啡机推广相关性弱
2025,UCotjQd0hFEa36GyXqvOLBGQ,Laura 🫶🏻,https://www.youtube.com/channel/UCotjQd0hFEa36GyXqvOLBGQ,0,badcase,无相关标签，难以判断为有效推广位
2026,UCqX20LwLBIO5-ASaWBmd5lw,Coffee Machine Depot USA,https://www.youtube.com/channel/UCqX20LwLBIO5-ASaWBmd5lw,0,badcase,无标签无内容，且更像经销/店铺，不像创作者
2030,UCCwbbrFw8FbE2J1rQXvyyzw,Home Truth Reviews,https://www.youtube.com/channel/UCCwbbrFw8FbE2J1rQXvyyzw,0,badcase,无可用标签和内容，无法判断为咖啡机相关
2031,UCBP8CfEyQ6zg0hrht2T80pQ,Porfirio Lickiss,https://www.youtube.com/channel/UCBP8CfEyQ6zg0hrht2T80pQ,0,badcase,缺少任何品类信号
2032,UCxjfBURvVbQrMqYmGaW9uzA,Wolf Gadget,https://www.youtube.com/channel/UCxjfBURvVbQrMqYmGaW9uzA,-15,badcase,汽车诊断工具垂直，和咖啡机促销明显不相干
2033,UCHr5ZTUsNS_8ZywlbdLBbNA,NewSaier,https://www.youtube.com/channel/UCHr5ZTUsNS_8ZywlbdLBbNA,0,badcase,无标签无内容，相关性证据不足
2035,UCg7pkqVlbn672Nz8Vei0y0A,L&L Family Vlogs,https://www.youtube.com/channel/UCg7pkqVlbn672Nz8Vei0y0A,0,badcase,家庭宠物日常为主，咖啡机推广承接弱
2037,UCJb4lH_DltSg9EBUj0aaJ3w,Kitchen Creations,https://www.youtube.com/channel/UCJb4lH_DltSg9EBUj0aaJ3w,0,badcase,只有泛厨房名，无标签和内容支撑
2039,UCW_Li2nfC-8NA82RMFFvGZA,SHANGHAI CHENGXIANG MACHINERY,https://www.youtube.com/channel/UCW_Li2nfC-8NA82RMFFvGZA,0,badcase,工业灌装包装设备为主，不是咖啡机受众
2041,UCsCJsG5Q4BocF63GXJ1YmOA,iForcePack,https://www.youtube.com/channel/UCsCJsG5Q4BocF63GXJ1YmOA,0,badcase,包装灌装设备垂直，和咖啡机受众不符
2043,UCWEg4WytP0f_D7YgYawuqKA,The Buscemi Family,https://www.youtube.com/channel/UCWEg4WytP0f_D7YgYawuqKA,0,badcase,健身宠物生活向，缺少家电推广语境
2046,UCtZdCywgvXi4oPU-GzgSGaA,K1 Videos,https://www.youtube.com/channel/UCtZdCywgvXi4oPU-GzgSGaA,0,badcase,无标签无内容，无法建立相关性
2050,UCoE6sekU-vuGxKnKi2kZidQ,Alena Michaelson,https://www.youtube.com/channel/UCoE6sekU-vuGxKnKi2kZidQ,-15,badcase,娱乐音乐标签占主导，和咖啡机推广明显冲突
2051,UCdDOZuoi4kkWtTVhYlZr0Kw,Darrin's Coffee Company,https://www.youtube.com/channel/UCdDOZuoi4kkWtTVhYlZr0Kw,0,badcase,无标签与内容证据，难支撑咖啡机推广
2053,UC86TD7GWJqrauBYJgIE3KvA,VJohnDIY,https://www.youtube.com/channel/UC86TD7GWJqrauBYJgIE3KvA,0,badcase,缺少任何家电或测评证据
2057,UC4RlE6nMP_jqPjmISNBIspA,MK Packing Machinery,https://www.youtube.com/channel/UC4RlE6nMP_jqPjmISNBIspA,0,badcase,无标签证据，难判断是否适合咖啡机
2060,UCdqfCrluseA6qa5JEzaPh6w,Atherton Appliance & Kitchens and BSC Culinary,https://www.youtube.com/channel/UCdqfCrluseA6qa5JEzaPh6w,0,badcase,无结构标签，证据不足
2061,UCnOV1NZ4F-KeZvTtHQKBvjw,DataMesh,https://www.youtube.com/channel/UCnOV1NZ4F-KeZvTtHQKBvjw,-15,badcase,工业培训/重型设备向，与咖啡机推广不符
2064,UCe_bbW7yBD63h8JzTjeEGAg,Ruby Whiska,https://www.youtube.com/channel/UCe_bbW7yBD63h8JzTjeEGAg,-15,badcase,游戏恐怖内容，与咖啡机推广明显冲突
2065,UCA6F-vBRZ3Pek93M5Or0rxw,ONLINE TESTS AND REVIEWS,https://www.youtube.com/channel/UCA6F-vBRZ3Pek93M5Or0rxw,0,badcase,仅有名称信息，缺少可用的家电相关标签
2066,UCnmAspON_fPxVvJF5I4LiXg,PsyOn Gamer,https://www.youtube.com/channel/UCnmAspON_fPxVvJF5I4LiXg,-15,badcase,游戏无解说内容，和咖啡机推广不匹配
2067,UCZhhPWqA_0IWr_SnUPIgL-g,Plastic Shredder Recycling Machines,https://www.youtube.com/channel/UCZhhPWqA_0IWr_SnUPIgL-g,-15,badcase,工业回收机械号，和咖啡机受众不一致
2068,UCxemiZq0vDZknSjeV4UFyng,CBD machine,https://www.youtube.com/channel/UCxemiZq0vDZknSjeV4UFyng,-15,badcase,灌装贴标机械号，不是咖啡家电推广场景
2069,UC26vm15-mU7Q6aBZj3KhkUw,Kitchen Maniac,https://www.youtube.com/channel/UC26vm15-mU7Q6aBZj3KhkUw,0,badcase,无标签证据，无法确认适配
2070,UCPBjNk8xUxZ1b0tY6vzOIBw,Packaging Arts,https://www.youtube.com/channel/UCPBjNk8xUxZ1b0tY6vzOIBw,0,badcase,无标签证据，无法确认适配
2073,UCJW_QBZbOxHz4hIydtAo3ZQ,USA Goods,https://www.youtube.com/channel/UCJW_QBZbOxHz4hIydtAo3ZQ,0,badcase,文具手作玩具向，与咖啡机推广无关
2078,UCivUdSx6e4mVKDZClCEjtgg,JYT Automation Equipment,https://www.youtube.com/channel/UCivUdSx6e4mVKDZClCEjtgg,0,badcase,无相关标签，缺少任何咖啡机推广证据
2079,UCsyZlNZkExGLcRhJ_iLU6sw,U.S. Packaging Machine Video Hub,https://www.youtube.com/channel/UCsyZlNZkExGLcRhJ_iLU6sw,-15,badcase,工业包装/灌装机器频道，与咖啡机推广明显错位
2082,UC_5FyNHD4vh5w7S9U6WMK1Q,Coffee Maker,https://www.youtube.com/channel/UC_5FyNHD4vh5w7S9U6WMK1Q,0,badcase,仅频道名像咖啡机，标签缺失，无法确认内容相关
2084,UCVJtRW6LFhLjBSELiHsMluw,Sebibu Kids,https://www.youtube.com/channel/UCVJtRW6LFhLjBSELiHsMluw,0,badcase,儿童歌曲娱乐频道，不适合咖啡机推广
2085,UCnvbcqmt9_PEXW6neQF7V7A,OVR Chef,https://www.youtube.com/channel/UCnvbcqmt9_PEXW6neQF7V7A,0,badcase,无标签，无内容证据，无法判断相关性
2086,UCnJ7oqQSnxBzmrHzgfb00BQ,Weibang Packaging Machines & Bottle Filling Line,https://www.youtube.com/channel/UCnJ7oqQSnxBzmrHzgfb00BQ,0,badcase,工业包装机方向，和咖啡机受众不匹配
2087,UCDVYSMM-keKG-UidQFz9V0w,Buy On Reviews,https://www.youtube.com/channel/UCDVYSMM-keKG-UidQFz9V0w,0,badcase,无标签，仅泛化‘购买/测评’命名，证据不足
2088,UCoI_XF5Jm9k0ZjhCLI0shig,Amazon Shopping,https://www.youtube.com/channel/UCoI_XF5Jm9k0ZjhCLI0shig,0,badcase,仅食物/生活方式泛标签，和咖啡机关系弱
2089,UCeRF0mChKYoGI2wPjppr_LA,Gadgets Informer,https://www.youtube.com/channel/UCeRF0mChKYoGI2wPjppr_LA,0,badcase,泛数码导购，缺少咖啡机或厨房家电语义
2092,UCVZWQcViqH0hriQ_KmlHHZg,Girl's Toy Discovery,https://www.youtube.com/channel/UCVZWQcViqH0hriQ_KmlHHZg,0,badcase,玩具发现频道，和咖啡机受众不符
2094,UC0L1QGMVrapUOGU41xkJuyA,green dragonfly,https://www.youtube.com/channel/UC0L1QGMVrapUOGU41xkJuyA,0,badcase,短视频菜谱/泛娱乐，缺少家电导购意图
2095,UCEZ-A8iGAaCIJ0zOmiDsToA,plastic bag making machine,https://www.youtube.com/channel/UCEZ-A8iGAaCIJ0zOmiDsToA,0,badcase,工业制袋机频道，与咖啡机推广无关
2098,UCINvRX7koogBIYdFOvyTVhw,ForYouMini,https://www.youtube.com/channel/UCINvRX7koogBIYdFOvyTVhw,0,badcase,无标签，无任何可用相关信号
2100,UCSu6E-IoNdJpL7zcB0kMoQA,ZONESUN PACKAGING MACHINE,https://www.youtube.com/channel/UCSu6E-IoNdJpL7zcB0kMoQA,0,badcase,工业包装机方向，与咖啡机推广不匹配
2102,UCRWn8wBSe6-gmhZN8zvA6Rw,Memori masa kecil Channel,https://www.youtube.com/channel/UCRWn8wBSe6-gmhZN8zvA6Rw,0,badcase,无标签无内容，缺少投放依据
2103,UCuU51NRqzaULXj5_8nRZZjQ,PartsFe,https://www.youtube.com/channel/UCuU51NRqzaULXj5_8nRZZjQ,0,badcase,无标签无内容，缺少投放依据
2104,UCWXL3ll_oXjLsnoZZBz_5GA,Rick,https://www.youtube.com/channel/UCWXL3ll_oXjLsnoZZBz_5GA,0,badcase,无标签无内容，缺少投放依据
2108,UCPvHc82p_mXOOIai-hQ3jHQ,HAPPY HOUSE,https://www.youtube.com/channel/UCPvHc82p_mXOOIai-hQ3jHQ,0,badcase,无标签无内容，缺少投放依据
2112,UC5SMFivkH6TlcplA-PFB2jA,Review Kitchens,https://www.youtube.com/channel/UC5SMFivkH6TlcplA-PFB2jA,0,badcase,无标签无内容，缺少投放依据
2115,UC4OY3i-Ft_M5gK1mAVtoVtA,HOT PRODUCT TODAY,https://www.youtube.com/channel/UC4OY3i-Ft_M5gK1mAVtoVtA,0,badcase,无标签无内容，缺少投放依据
2118,UC4ljJZp6Rly2OJakRtfB4AQ,Jilly Mucciarone,https://www.youtube.com/channel/UC4ljJZp6Rly2OJakRtfB4AQ,-15,badcase,宠物狗美容内容，与人用咖啡机投放明显不符
2119,UCibuWPs5Myfvu1L0ilHqWeA,NAT For Island Living,https://www.youtube.com/channel/UCibuWPs5Myfvu1L0ilHqWeA,0,badcase,旅行/食谱/生活类，缺少咖啡机相关信号
2122,UCqh1HGaPselCYbqcYvXCL1A,Clever Goods 4 U,https://www.youtube.com/channel/UCqh1HGaPselCYbqcYvXCL1A,0,badcase,无标签无内容，缺少投放依据
2124,UCT-7zfH-Nc4doj9zVZN39GA,Wow Stuff,https://www.youtube.com/channel/UCT-7zfH-Nc4doj9zVZN39GA,0,badcase,无标签无内容，缺少投放依据
2125,UC_hCYielCZKDtBDHh8nkOgg,Relax Mental,https://www.youtube.com/channel/UC_hCYielCZKDtBDHh8nkOgg,0,badcase,无标签无内容，缺少投放依据
2126,UCNEUwPbay41SRoH39VdRaxQ,AnimeRoll,https://www.youtube.com/channel/UCNEUwPbay41SRoH39VdRaxQ,-15,badcase,娱乐故事频道，和咖啡机推广目的冲突
2130,UClwYuH7DJ8fP7G_kcudDQxw,Printing & Packaging Machinery,https://www.youtube.com/channel/UClwYuH7DJ8fP7G_kcudDQxw,0,badcase,缺少相关标签，且工业包装机械域不匹配
2135,UC24OHIt0SdG8w8XzvjvPNOA,laba muss,https://www.youtube.com/channel/UC24OHIt0SdG8w8XzvjvPNOA,0,badcase,内容偏财经和天气，和咖啡机无关
2137,UCk-uiUcwVGVkAfyd59LGjcQ,Viral news,https://www.youtube.com/channel/UCk-uiUcwVGVkAfyd59LGjcQ,0,badcase,新闻泛内容，缺少咖啡机相关信号
2140,UCRqmN8dWgf_iGYRdzW4SfBw,Amina Bands,https://www.youtube.com/channel/UCRqmN8dWgf_iGYRdzW4SfBw,0,badcase,生活vlog频道，与咖啡机投放无关
2142,UCYy2Spb96OLKqqjKnijM4yQ,Mixhup Official,https://www.youtube.com/channel/UCYy2Spb96OLKqqjKnijM4yQ,0,badcase,标签缺失，无法判断为咖啡机相关
2143,UCOIMLleJh6sVhQ9Km6hniPQ,Linsen,https://www.youtube.com/channel/UCOIMLleJh6sVhQ9Km6hniPQ,0,badcase,标签缺失，无法判断为咖啡机相关
2146,UCDeyVKPckleVh0PrMKBkPOw,Demise Media,https://www.youtube.com/channel/UCDeyVKPckleVh0PrMKBkPOw,0,badcase,娱乐美食向，和咖啡机不匹配
2147,UC3dNgDLsbrPb6e04HZDHAKA,diy cement projects,https://www.youtube.com/channel/UC3dNgDLsbrPb6e04HZDHAKA,0,badcase,DIY水泥项目与咖啡机受众不一致
2148,UCu74sIgoxux2H_Hf1AKmJvg,Blaser Swisslube,https://www.youtube.com/channel/UCu74sIgoxux2H_Hf1AKmJvg,-15,badcase,工业加工频道，和咖啡机受众不匹配
2151,UCZRkL3XQcz25kDEw1ijA5Pw,Value Hunters,https://www.youtube.com/channel/UCZRkL3XQcz25kDEw1ijA5Pw,0,badcase,标签与咖啡机无明显关联，内容面也不支持推广
2153,UC8c4Da1qe-sC0QwlcgdFzzA,First kiss Cafe,https://www.youtube.com/channel/UC8c4Da1qe-sC0QwlcgdFzzA,0,badcase,无标签与内容证据，无法支撑咖啡机推广
2154,UC1MojJcfZlwDEVMpTDn4cgQ,xonotrix,https://www.youtube.com/channel/UC1MojJcfZlwDEVMpTDn4cgQ,0,badcase,仅有泛兴趣标签，和咖啡机推广无关
2157,UCltg1D_WXwT1KOH79Udg37w,Search Mastery,https://www.youtube.com/channel/UCltg1D_WXwT1KOH79Udg37w,0,badcase,游戏与工具类标签为主，和咖啡机无关
2158,UCzN8qUKSlGl5f5B0km17fAQ,BlitzKreke,https://www.youtube.com/channel/UCzN8qUKSlGl5f5B0km17fAQ,0,badcase,咖啡仅为泛话题，且不在前五标签内
2159,UCtM0UV6YmDaQ4XAfTLI9tNQ,Leeann Elisha,https://www.youtube.com/channel/UCtM0UV6YmDaQ4XAfTLI9tNQ,0,badcase,偏数码影音类，缺少咖啡机推广相关信号
2161,UCcS7yY1GaiLJ0i-nOdcg7pg,ProDuct HuNt,https://www.youtube.com/channel/UCcS7yY1GaiLJ0i-nOdcg7pg,0,badcase,无有效标签和内容，不能支撑咖啡机推广
2163,UCKJ65pTxdsnzqrP3ExtDZxA,L'OR Coffee USA,https://www.youtube.com/channel/UCKJ65pTxdsnzqrP3ExtDZxA,0,badcase,品牌名含咖啡，但缺少可用推广信号
2165,UCNZ6aYskuwmXUvTELgZ1R0w,Bixls,https://www.youtube.com/channel/UCNZ6aYskuwmXUvTELgZ1R0w,0,badcase,游戏宠物混合频道，和咖啡机推广无关
2166,UCh4Ebmxx9-LZZym6ZV1brjw,Kanas Review,https://www.youtube.com/channel/UCh4Ebmxx9-LZZym6ZV1brjw,0,badcase,标签偏汽车数码，咖啡机相关性不足
2167,UC5mHFrDWk7k59-mNSk_JSPQ,Best Quality Reviews,https://www.youtube.com/channel/UC5mHFrDWk7k59-mNSk_JSPQ,0,badcase,无标签与内容，无法判断为咖啡机相关
2168,UCA-MyFYMW2ZU4nrSWkIIeTw,FuturisticDecors,https://www.youtube.com/channel/UCA-MyFYMW2ZU4nrSWkIIeTw,0,badcase,偏娱乐家居氛围，缺少咖啡机推广场景
2170,UCudEXKIV5kEuaTSMhWF2YIQ,KFLOW,https://www.youtube.com/channel/UCudEXKIV5kEuaTSMhWF2YIQ,0,badcase,缺少任何相关标签，无法支撑投放
2171,UCA5xxQ2fLJLvLZNQmlpyD_g,AR Express,https://www.youtube.com/channel/UCA5xxQ2fLJLvLZNQmlpyD_g,0,badcase,咖啡研磨器不在前五标签，相关性不足
2172,UCcYzt5o_Dp40qZHs93R1YGw,4KGearLab,https://www.youtube.com/channel/UCcYzt5o_Dp40qZHs93R1YGw,0,badcase,无标签和内容，不能判断为咖啡机相关
2173,UCQqBCHH5OUA2d1mQxD1lbKA,Pure Billionaire Vibes,https://www.youtube.com/channel/UCQqBCHH5OUA2d1mQxD1lbKA,0,badcase,财经变现频道，与咖啡机推广无关
2175,UCF9GYL6WmYWvs58vdEMkSKg,2Cents,https://www.youtube.com/channel/UCF9GYL6WmYWvs58vdEMkSKg,0,badcase,无相关标签，和咖啡机推广无关
2176,UCxkYSkLia30j-E0KxkXZY4g,Milk Frother,https://www.youtube.com/channel/UCxkYSkLia30j-E0KxkXZY4g,0,badcase,无标签无内容，缺少可用于咖啡机推广的证据
2177,UCUtMJYou53sImB5wBWA4oGg,Spiceda Jackson,https://www.youtube.com/channel/UCUtMJYou53sImB5wBWA4oGg,0,badcase,无标签无内容，缺少相关性信号
2178,UCPD5YyJUeFDR89xhACq_QnQ,KiWAV.com,https://www.youtube.com/channel/UCPD5YyJUeFDR89xhACq_QnQ,-15,badcase,摩托车配件垂类，与咖啡机消费场景明显不相干
2179,UCjEAGotYHyPJSNCn7YiqvAw,Stable Mechanic,https://www.youtube.com/channel/UCjEAGotYHyPJSNCn7YiqvAw,0,badcase,无标签无内容，缺少相关性信号
2181,UC658hR7Y6K5STUzyp4Q2N9g,Health & Life,https://www.youtube.com/channel/UC658hR7Y6K5STUzyp4Q2N9g,1,badcase,仅有Recipes等泛生活标签，和咖啡机购买场景很弱
2182,UCdYW9hAzY8ninEGZDzXk9rg,What's that,https://www.youtube.com/channel/UCdYW9hAzY8ninEGZDzXk9rg,0,badcase,无标签无内容，缺少相关性信号
2184,UClmbP2r1XAVKjQH82tL7HKg,Listen Up Human,https://www.youtube.com/channel/UClmbP2r1XAVKjQH82tL7HKg,0,badcase,无标签无内容，缺少相关性信号
2186,UCssWN569GOTClTqHqMclWoA,Pinay Fit,https://www.youtube.com/channel/UCssWN569GOTClTqHqMclWoA,1,badcase,仅有Coffee泛词，整体偏健身生活，转化相关弱
2187,UCL9fidhgESHW2CyT7S7-uSg,Smart Tool X,https://www.youtube.com/channel/UCL9fidhgESHW2CyT7S7-uSg,0,badcase,无标签无内容，缺少相关性信号
2188,UCAph3y3ORkZxGwaVVOLjLvQ,Skincare TV,https://www.youtube.com/channel/UCAph3y3ORkZxGwaVVOLjLvQ,0,badcase,偏护肤/数码混合，咖啡机投放相关性低
2189,UCvn-N39O_EL-ZQH6ubFQs1A,Hausmojo,https://www.youtube.com/channel/UCvn-N39O_EL-ZQH6ubFQs1A,0,badcase,无标签无内容，缺少相关性信号
2191,UC-DJcSqRfqw4jAz6yi3_2Iw,sannyy yoy,https://www.youtube.com/channel/UC-DJcSqRfqw4jAz6yi3_2Iw,0,badcase,无标签无内容，缺少相关性信号
2192,UCsQlDf6AdJyKKJkj9nElDog,Sassy Appliances,https://www.youtube.com/channel/UCsQlDf6AdJyKKJkj9nElDog,0,badcase,无标签但名称偏家电，证据不足，先判不相关
2196,UCpYWocqssWW7h9O2dNaALZw,Ellie,https://www.youtube.com/channel/UCpYWocqssWW7h9O2dNaALZw,0,badcase,无标签无内容，缺少相关性信号
2198,UCsZpKjrdJv-KDnHtg4l2-eg,"Tools, Trucks & Tractors",https://www.youtube.com/channel/UCsZpKjrdJv-KDnHtg4l2-eg,0,badcase,农机工具垂类，和咖啡机推广目标不匹配
2199,UCUQjyiW0T8JIqKZb3AcHMWg,HomeWerks SA TV,https://www.youtube.com/channel/UCUQjyiW0T8JIqKZb3AcHMWg,0,badcase,无标签无内容，缺少相关性信号
2200,UCd_v688n6hh9tJzcElhudHw,BOEVAN PACK,https://www.youtube.com/channel/UCd_v688n6hh9tJzcElhudHw,-15,badcase,工业包装设备频道，与咖啡机消费品推广目标错位严重
2201,UCaXkcEG3c_f8gYlbEL17Ddg,FowsiaSRHenyekane,https://www.youtube.com/channel/UCaXkcEG3c_f8gYlbEL17Ddg,-15,badcase,时尚服饰为主，和咖啡机投放场景明显不匹配
2204,UCkXS3Ia1IhkdZ81C2Nbcz5w,Monstur,https://www.youtube.com/channel/UCkXS3Ia1IhkdZ81C2Nbcz5w,-15,badcase,游戏/剧情/娱乐为主，与咖啡机促销错位
2205,UC94oXOwAhF0Pa6uBOyKScPQ,Trending Watches,https://www.youtube.com/channel/UC94oXOwAhF0Pa6uBOyKScPQ,0,badcase,无可用标签，难判断为咖啡机相关
2207,UCmuZBpd-oXDK1NBNUYgNofA,YuzhuoMachinery,https://www.youtube.com/channel/UCmuZBpd-oXDK1NBNUYgNofA,0,badcase,无标签，且未见咖啡机或家电信号
2210,UC8Psd-Pn7Z0BGN_rsnaZCpQ,put me in apalachicola,https://www.youtube.com/channel/UC8Psd-Pn7Z0BGN_rsnaZCpQ,0,badcase,缝纫机主题和咖啡机类别不一致
2212,UClx4UFI5-Yf7QTrjW2KG9hw,Bot Gone Wild,https://www.youtube.com/channel/UClx4UFI5-Yf7QTrjW2KG9hw,0,badcase,AI泛话题，和咖啡机推广无关
2219,UC-xs60JPe1BhaaJE0bWdsVg,Norweegie,https://www.youtube.com/channel/UC-xs60JPe1BhaaJE0bWdsVg,0,badcase,无标签且无相关信号
2220,UCx52UKgXRPVEfShmldAAaog,LevelLord®,https://www.youtube.com/channel/UCx52UKgXRPVEfShmldAAaog,-15,badcase,游戏频道为主，和咖啡机促销完全错位
2222,UCqkRd_ZpdUmrq5ONusV1hDQ,Marchetti Gold,https://www.youtube.com/channel/UCqkRd_ZpdUmrq5ONusV1hDQ,-15,badcase,赌场/车类娱乐/ASMR，和咖啡机不匹配
2223,UCvnBAXrg32Z3KCs1HRNdd-Q,Journey Of Kindness,https://www.youtube.com/channel/UCvnBAXrg32Z3KCs1HRNdd-Q,-15,badcase,剧情故事频道，和产品促销场景不符
2224,UCGT2HF3WtH7fKmTGSFKyLzQ,CHOISE BETTER,https://www.youtube.com/channel/UCGT2HF3WtH7fKmTGSFKyLzQ,0,badcase,无标签，缺少有效判断依据
2227,UCTXlgshzLWTYLMqRgrPIiqQ,TikTech,https://www.youtube.com/channel/UCTXlgshzLWTYLMqRgrPIiqQ,0,badcase,无标签无内容，缺少可用相关性信号
2230,UCpr6CnD9TJGX7IepUlelYCQ,Review Hub,https://www.youtube.com/channel/UCpr6CnD9TJGX7IepUlelYCQ,0,badcase,无标签无内容，无法判断为咖啡机相关
2231,UCyCvRw2YEa7WhkKftuJ8VWQ,Big Discounts - Technology Reviews,https://www.youtube.com/channel/UCyCvRw2YEa7WhkKftuJ8VWQ,0,badcase,科技折扣泛频道，缺少咖啡机导购信号
2232,UCajItom5w8SYVkNlY5kivQA,pukimaxxxcc,https://www.youtube.com/channel/UCajItom5w8SYVkNlY5kivQA,0,badcase,无标签无内容，相关性证据不足
2236,UCSeqeN0B8h--9J0SL7AO-nA,Sera Rose,https://www.youtube.com/channel/UCSeqeN0B8h--9J0SL7AO-nA,-15,badcase,娱乐短视频号，与咖啡机推广明显不匹配
2237,UCwUl3NjVh4FaMGOE0ZFEr4w,Jxin Auto Printing Machine Direct Manufacturer,https://www.youtube.com/channel/UCwUl3NjVh4FaMGOE0ZFEr4w,0,badcase,自动打印机制造商，和咖啡机类目不一致
2238,UCFhLbRGfQVd-bZizXV0iS9A,Savor with dmurph,https://www.youtube.com/channel/UCFhLbRGfQVd-bZizXV0iS9A,0,badcase,美食生活内容为主，缺少咖啡机导购上下文
2239,UCA-rp1zr6dBDyycJD000qKA,Best Seller Product,https://www.youtube.com/channel/UCA-rp1zr6dBDyycJD000qKA,0,badcase,空标签且无内容，无法支撑投放判断
2242,UCmzBQv8dNUY86hR8d33KgRA,Griffin Kelley,https://www.youtube.com/channel/UCmzBQv8dNUY86hR8d33KgRA,0,badcase,无标签无内容，无法形成相关判断
2247,UCHteST9ctlE8eDk_C62uo-A,Hibah_Canada,https://www.youtube.com/channel/UCHteST9ctlE8eDk_C62uo-A,0,badcase,生活杂项频道，咖啡机相关性很弱
2248,UCIzMKUc5QvaqIrF32KBakwA,Cozy Farm Build,https://www.youtube.com/channel/UCIzMKUc5QvaqIrF32KBakwA,0,badcase,农场建造内容，和咖啡机推广无关
2249,UCWksI5LVc4BBbQcojL9dN9Q,Funzotoys,https://www.youtube.com/channel/UCWksI5LVc4BBbQcojL9dN9Q,0,badcase,无标签无内容，不适合咖啡机投放
2250,UCQYJMb7LM1zZSIAHcyXY5Nw,Flavy's creations,https://www.youtube.com/channel/UCQYJMb7LM1zZSIAHcyXY5Nw,0,badcase,手作纸艺频道，和咖啡机导购场景不符
2255,UCkP7E0msPy4Kraep-HFzi7w,Own the moment,https://www.youtube.com/channel/UCkP7E0msPy4Kraep-HFzi7w,0,badcase,频道名过于抽象，无法判断咖啡机相关性
2258,UCi669HHj8xlBNonS-z8FbMw,Kwik Tuts,https://www.youtube.com/channel/UCi669HHj8xlBNonS-z8FbMw,0,badcase,无标签无内容，缺少可判定的相关性信号
2260,UCSqVvlrub0TBb-KwFWJv5Vg,Sanhok Group,https://www.youtube.com/channel/UCSqVvlrub0TBb-KwFWJv5Vg,1,badcase,制造/工业向，和咖啡机推广的消费场景不匹配
2262,UCQTtoMdYUVlXWyko0kIf4Pg,Missy & Ted's Adventures with our 4 Legged Friends,https://www.youtube.com/channel/UCQTtoMdYUVlXWyko0kIf4Pg,-10,badcase,宠物犬内容，和人用咖啡机推广明显不符
2282,UC9ecbkpg15nolgwJXJijMgg,BEST GADGET,https://www.youtube.com/channel/UC9ecbkpg15nolgwJXJijMgg,0,badcase,无有效标签，缺少咖啡机推广相关信号
2285,UCH_XrMXNblXUc1NpChSP3DQ,Pauline Muscat,https://www.youtube.com/channel/UCH_XrMXNblXUc1NpChSP3DQ,0,badcase,书评/花滑频道，与咖啡机推广无关
2288,UC-IcQMlrJlRjGu1XIR0tcKQ,Gadgets Reviewer,https://www.youtube.com/channel/UC-IcQMlrJlRjGu1XIR0tcKQ,0,badcase,无标签无内容依据，无法判断相关性
2289,UCk40ZANDVyo7G0iKi8fa4QQ,Alyssa Martinez,https://www.youtube.com/channel/UCk40ZANDVyo7G0iKi8fa4QQ,0,badcase,母婴生活号，和咖啡机推广场景不匹配
2290,UCox9yheFGP4uypN8YDos-fg,Doll Duchess,https://www.youtube.com/channel/UCox9yheFGP4uypN8YDos-fg,0,badcase,无标签无内容依据，相关性不足
2291,UCgXl0yz597uzUJUgs63vi8A,Power Forge & Workshop,https://www.youtube.com/channel/UCgXl0yz597uzUJUgs63vi8A,0,badcase,杂项生活/短视频号，缺少家电推广场景
2294,UCM1yTRTpnLfHJO0ODo-FH6Q,AIRMSEN,https://www.youtube.com/channel/UCM1yTRTpnLfHJO0ODo-FH6Q,0,badcase,无标签，无法建立咖啡机相关性
2296,UCyg33r8GHyoBwu4ZT_I_AVw,Hoplon InfoSec,https://www.youtube.com/channel/UCyg33r8GHyoBwu4ZT_I_AVw,0,badcase,安全技术号，与咖啡机无关
2297,UCH7FjOeJffOGzBUmC45gldg,Home & Fit,https://www.youtube.com/channel/UCH7FjOeJffOGzBUmC45gldg,0,badcase,空标签，缺少可用相关性信号
2298,UCGjDhLc8Q__QzobDE-MM8kA,This Is Anasary,https://www.youtube.com/channel/UCGjDhLc8Q__QzobDE-MM8kA,0,badcase,空标签，缺少可用相关性信号
2300,UCnWcMrhSylVBYdpw3X8nwZw,Trending Hustle Pros,https://www.youtube.com/channel/UCnWcMrhSylVBYdpw3X8nwZw,0,badcase,无标签无内容依据，相关性不足
2301,UCyy_85c86fTvfZ1ozKEfA1g,Its_Me_Suzie_S,https://www.youtube.com/channel/UCyy_85c86fTvfZ1ozKEfA1g,0,badcase,无相关标签或内容信号，无法支撑咖啡机推广
2304,UCeOCRJ4anWmifGZPKPpuslA,心地よい喜び,https://www.youtube.com/channel/UCeOCRJ4anWmifGZPKPpuslA,-15,badcase,ASMR/满足感食品频道，且主内容偏冰淇淋机，不适合咖啡机推广
2305,UCemYs3RSh6r3wTx5A7Mxl1Q,Food Service Jobs,https://www.youtube.com/channel/UCemYs3RSh6r3wTx5A7Mxl1Q,0,badcase,无产品相关标签或内容，和咖啡机推广无关
2308,UCwf_qi2cYywfrAhMhG8uVzA,Amazing Creations,https://www.youtube.com/channel/UCwf_qi2cYywfrAhMhG8uVzA,-10,badcase,LEGO玩具创作频道，和咖啡机推广场景明显不符
2310,UCdE_JoKQjAjHZeyfLqKNXcQ,Sidekick Lefty,https://www.youtube.com/channel/UCdE_JoKQjAjHZeyfLqKNXcQ,-15,badcase,游戏频道与咖啡机推广场景明显不符
2312,UC0nIegzvt-YyVmFefIT98KQ,Lisa Barret,https://www.youtube.com/channel/UC0nIegzvt-YyVmFefIT98KQ,0,badcase,以音乐宠物内容为主，与咖啡机推广无明显相关
2313,UC18JporFOfhgmLvN2TlNSZg,Mallord's Cooking Corner,https://www.youtube.com/channel/UC18JporFOfhgmLvN2TlNSZg,0,badcase,无咖啡机相关标签或内容，频道偏烹饪且缺少推广相关信号
2314,UCUrvpUO0pmF447Dp1WgFJBA,WambuiSRBabangida,https://www.youtube.com/channel/UCUrvpUO0pmF447Dp1WgFJBA,0,badcase,无标签与内容证据，和咖啡机推广相关性不足
2316,UCkdlZXiVuYIvTnfJs8KW2uQ,spyUGC,https://www.youtube.com/channel/UCkdlZXiVuYIvTnfJs8KW2uQ,0,badcase,无标签与内容证据，无法判断咖啡机推广相关性
2317,UCRI_k5t_eSScsNqLNdRigMw,GarageMahal,https://www.youtube.com/channel/UCRI_k5t_eSScsNqLNdRigMw,1,badcase,以拖拉机/车辆工具为主，仅有泛化home标签，和咖啡机推广不相关
2318,UCXtDQBfQ4uAFiZrNqmLpHcQ,Top990,https://www.youtube.com/channel/UCXtDQBfQ4uAFiZrNqmLpHcQ,0,badcase,无标签、无相关视频，缺少咖啡机推广相关性证据
2320,UCLf6BhvP5s545l3ear1uh7g,Grr's Garage,https://www.youtube.com/channel/UCLf6BhvP5s545l3ear1uh7g,0,badcase,无相关标签或内容，缺乏咖啡机推广线索
2323,UCAQccTInLwIJjeJPjdtfXYA,Home and Co.,https://www.youtube.com/channel/UCAQccTInLwIJjeJPjdtfXYA,5,badcase,美妆美发频道，虽有评测标签但与咖啡机推广场景不匹配
2325,UCeA4bqRcnG9Y5CuGc8kbTKA,"Topcn Chemical Machinery Co.,Ltd",https://www.youtube.com/channel/UCeA4bqRcnG9Y5CuGc8kbTKA,0,badcase,标签偏工业灌装设备，和咖啡机推广缺少直接产品相关性
2326,UC5VM8QGnRtlbgGKTlAxypMg,Edward Bargo,https://www.youtube.com/channel/UC5VM8QGnRtlbgGKTlAxypMg,0,badcase,无咖啡机或家电相关信号，近期证据也缺失
2327,UCmen5Q6N7b_6YAQwk8j9NYA,Ccjmama6,https://www.youtube.com/channel/UCmen5Q6N7b_6YAQwk8j9NYA,0,badcase,无咖啡机或家电相关信号，近期证据也缺失
2328,UCHv_-KAryNrSWQDBV5SHxcA,ODDO,https://www.youtube.com/channel/UCHv_-KAryNrSWQDBV5SHxcA,0,badcase,无咖啡机或家电相关信号，近期证据也缺失
2332,UCzSYeE9apguB1sXiCOMWl0Q,fitzness,https://www.youtube.com/channel/UCzSYeE9apguB1sXiCOMWl0Q,0,badcase,健康健身垂类，与咖啡机推广无关
2333,UCq5UMgVYnYr87yI2oEIIiSw,Power Tools Cambodia,https://www.youtube.com/channel/UCq5UMgVYnYr87yI2oEIIiSw,0,badcase,无可用标签或视频证据
2337,UC03cT2GBjD-84-t1t2_Q76g,Nebula Shot,https://www.youtube.com/channel/UC03cT2GBjD-84-t1t2_Q76g,-15,badcase,ASMR/睡眠声格式，与咖啡机推广强冲突
2338,UCLAh-x7caEkg2jsbhNmg-3Q,MLOps Clips,https://www.youtube.com/channel/UCLAh-x7caEkg2jsbhNmg-3Q,0,badcase,无相关标签或内容证据
2341,UCndFo_Ev5IlhPANSCY5sxZw,Roots Ranch,https://www.youtube.com/channel/UCndFo_Ev5IlhPANSCY5sxZw,0,badcase,偏转卖/二手生意，和咖啡机推广不匹配
2343,UC-HgHRCOYv45ecyVmfiqzoA,Eileen Joseph,https://www.youtube.com/channel/UC-HgHRCOYv45ecyVmfiqzoA,0,badcase,无相关标签或内容证据
2344,UCOGVS1y1zB3TSXLbbMuArEQ,Alex Rubi,https://www.youtube.com/channel/UCOGVS1y1zB3TSXLbbMuArEQ,0,badcase,无相关标签或内容证据
2345,UCsZ-bbzA4Fz2n8nMyirhibA,Resolve,https://www.youtube.com/channel/UCsZ-bbzA4Fz2n8nMyirhibA,0,badcase,无相关标签或内容证据
2347,UCI4ShYLSzkO6OW1JySvtG1A,velveteengreen | AI ASMR,https://www.youtube.com/channel/UCI4ShYLSzkO6OW1JySvtG1A,-15,badcase,AI ASMR 格式与实体产品推广强冲突
2353,UC-Ec8XFzqt33S_E-5Z-JS-g,GadgetScope,https://www.youtube.com/channel/UC-Ec8XFzqt33S_E-5Z-JS-g,0,badcase,缺少任何相关标签与内容信号
2354,UCboQRy0qvZtpB5nuC9UeXOw,ShoppyExpressTechZon,https://www.youtube.com/channel/UCboQRy0qvZtpB5nuC9UeXOw,0,badcase,缺少任何相关标签与内容信号
2355,UCcRp3XVm_z6nNc6SAPL6X7Q,nocopyrightsounds_NCS,https://www.youtube.com/channel/UCcRp3XVm_z6nNc6SAPL6X7Q,0,badcase,偏音乐/娱乐气质，不适合咖啡机推广
2358,UCGIguNThi-D2O6uKXtN00Kg,Coffee Buzz Club,https://www.youtube.com/channel/UCGIguNThi-D2O6uKXtN00Kg,-15,badcase,咖啡ASMR/娱乐向，格式不适合家电推广
2360,UCbeTf89an6htaexg-UbXyLQ,New World,https://www.youtube.com/channel/UCbeTf89an6htaexg-UbXyLQ,0,badcase,无标签，无有效相关性信号
2361,UCZlaLH59YDXw3KiaqZf0UvA,GarageMahal's Garage Fitness,https://www.youtube.com/channel/UCZlaLH59YDXw3KiaqZf0UvA,0,badcase,无标签，无有效相关性信号
2362,UCIKrNxbQuhiSrCGH-lF8-Bw,Deep Mindset,https://www.youtube.com/channel/UCIKrNxbQuhiSrCGH-lF8-Bw,-15,badcase,动物内容占主导，和咖啡机推广不相干
2364,UCMO8w2LvBbhwNkl0ZFUHNUw,The Best Picker,https://www.youtube.com/channel/UCMO8w2LvBbhwNkl0ZFUHNUw,0,badcase,无标签，无有效相关性信号
2367,UC_VyJrtHrTb3fFW0kuemi8g,Trucks & Stuff,https://www.youtube.com/channel/UC_VyJrtHrTb3fFW0kuemi8g,0,badcase,无标签，无有效相关性信号
2368,UCW5be2zb0NhPaZ2kLw1mEEw,Product Peek,https://www.youtube.com/channel/UCW5be2zb0NhPaZ2kLw1mEEw,0,badcase,无标签，无有效相关性信号
2369,UC50IGU_GSfQXZ5B9J1Il7iA,Calmpurple,https://www.youtube.com/channel/UC50IGU_GSfQXZ5B9J1Il7iA,0,badcase,无标签，无有效相关性信号
2370,UCMa9tANpOSJhLCIXvbjdzKA,Total Care Hub,https://www.youtube.com/channel/UCMa9tANpOSJhLCIXvbjdzKA,5,badcase,健康保健号，和咖啡机类目不匹配
2372,UC2CJ8ihZ-Jhlq4myRWal1Mg,KuzzAlan,https://www.youtube.com/channel/UC2CJ8ihZ-Jhlq4myRWal1Mg,-15,badcase,政治娱乐杂项频道，完全不适合
2373,UCDBMoAkd78H2Wh636JYITWQ,享受旅行的 Kay姐姐,https://www.youtube.com/channel/UCDBMoAkd78H2Wh636JYITWQ,0,badcase,无标签，无有效相关性信号
2376,UCkM42KGUI7POuopn4YqhZkA,Art Juniverse,https://www.youtube.com/channel/UCkM42KGUI7POuopn4YqhZkA,0,badcase,无咖啡机相关信号，频道主题看起来也不适合产品推广
2377,UCqKLdfhdizGjzwncIl-Eipg,Polypack Inc,https://www.youtube.com/channel/UCqKLdfhdizGjzwncIl-Eipg,0,badcase,标签聚焦包装自动化，与咖啡机推广无直接相关
2378,UCqVHUHUHqFJDjKrrYbUFVyg,Modular Nest,https://www.youtube.com/channel/UCqVHUHUHqFJDjKrrYbUFVyg,0,badcase,无标签、无相关视频，缺少咖啡机推广相关证据
2379,UC7041WYK9Tqxnl8r12hfeyg,Dave Fignar,https://www.youtube.com/channel/UC7041WYK9Tqxnl8r12hfeyg,0,badcase,无标签和内容信号，缺少咖啡机推广相关性
2381,UC-9DHPKLYwkI0Lb6DpVcPbQ,Curvy Plus Bio Info,https://www.youtube.com/channel/UC-9DHPKLYwkI0Lb6DpVcPbQ,-13,badcase,ASMR为主且缺少咖啡机选购/评测语境，和产品推广不匹配
2383,UC4_byDtwX_vNI1TNnj0l59A,SCP Archives,https://www.youtube.com/channel/UC4_byDtwX_vNI1TNnj0l59A,-25,badcase,恐怖播客娱乐向，和咖啡机推广场景明显不符
2384,UCJoT8FRXZOIA2szLXTdRfxg,Dr Joseph M Vitolo,https://www.youtube.com/channel/UCJoT8FRXZOIA2szLXTdRfxg,0,badcase,书写/钢笔内容与咖啡机推广无关，缺少购买或评测场景
2386,UC0Q1ogdOGflpkNPL95QqxlA,Austin Richardson,https://www.youtube.com/channel/UC0Q1ogdOGflpkNPL95QqxlA,0,badcase,无标签无内容信号，与咖啡机推广相关性不足
2387,UC7flLJRF2pUNoj8rC1Pry2w,YouTube Video Editor with After Effects,https://www.youtube.com/channel/UC7flLJRF2pUNoj8rC1Pry2w,0,badcase,内容为视频剪辑工具，和咖啡机推广无关
2388,UCqoMooR4c17wg64LIAPKXmw,Brenda Ross,https://www.youtube.com/channel/UCqoMooR4c17wg64LIAPKXmw,0,badcase,以微型住宅/生活方式为主，与咖啡机推广缺乏直接相关性
2389,UCqH_Lb8BdmxjN25gcWzs4_Q,Buried Tech Relics,https://www.youtube.com/channel/UCqH_Lb8BdmxjN25gcWzs4_Q,-15,badcase,AI短剧情娱乐号，和咖啡机种草/评测场景不匹配
2390,UCnJRvHigJvSb2Bx7sDERssw,eTop,https://www.youtube.com/channel/UCnJRvHigJvSb2Bx7sDERssw,0,badcase,无标签且无相关内容，缺少咖啡机推广相关性
2393,UC142CK1yK7U1cYXKv2yp2Kg,ReviewGeny,https://www.youtube.com/channel/UC142CK1yK7U1cYXKv2yp2Kg,0,badcase,户外工具评测为主，缺少咖啡机家电推广信号
2394,UCWl15HP6v3yNttrMUZP9gVA,You Didn't Know?,https://www.youtube.com/channel/UCWl15HP6v3yNttrMUZP9gVA,0,badcase,仅有联盟推广标签，无咖啡机主题或测评购买意图
2395,UCEtsRnJq8K-WxG_XXTcgfTg,Product Guide Daily,https://www.youtube.com/channel/UCEtsRnJq8K-WxG_XXTcgfTg,0,badcase,无标签、无相关视频，无法体现咖啡机推广相关性
2397,UCW6IHTqrOtjw-v43gmhZjFg,tubro noise,https://www.youtube.com/channel/UCW6IHTqrOtjw-v43gmhZjFg,1,badcase,仅有泛科技标签，缺乏咖啡机购买或测评意图，不适合推广
2399,UCMsYAW-SljRfOg0ZqE8acSQ,Gadget Tech Hub,https://www.youtube.com/channel/UCMsYAW-SljRfOg0ZqE8acSQ,0,badcase,无标签和内容证据，和咖啡机推广缺乏相关性
2400,UCFvgvdJn0bfXH2E1G1PWl2w,packagingmachine,https://www.youtube.com/channel/UCFvgvdJn0bfXH2E1G1PWl2w,0,badcase,工业包装机械频道，和咖啡机推广受众不匹配
2401,UCMYXll6W4vJZE2XmNiwKrYw,TheBakingSpree,https://www.youtube.com/channel/UCMYXll6W4vJZE2XmNiwKrYw,0,badcase,无频道标签和内容信号，无法支持咖啡机推广
2405,UCI8FJAgI_KZ4MjGzjiZdZxQ,Jack Mars,https://www.youtube.com/channel/UCI8FJAgI_KZ4MjGzjiZdZxQ,0,badcase,无标签和内容证据，无法支持咖啡机推广
2408,UCceM7Z-y5l78d4LN88Yysxw,Top 5 Best,https://www.youtube.com/channel/UCceM7Z-y5l78d4LN88Yysxw,0,badcase,无标签和内容证据，无法支持咖啡机推广相关性
2409,UCoxN3W7NY10bS_BhkQJhvoA,Wu MD,https://www.youtube.com/channel/UCoxN3W7NY10bS_BhkQJhvoA,0,badcase,无相关标签和视频证据，无法支持咖啡机推广
2410,UCzOoV5Xpw-Y4GuiFghuBIVQ,Marla,https://www.youtube.com/channel/UCzOoV5Xpw-Y4GuiFghuBIVQ,0,badcase,无标签无内容证据，无法支持咖啡机推广
2411,UCTFuWX1Xj8ADIhhVMupgZPQ,Julie Murphy,https://www.youtube.com/channel/UCTFuWX1Xj8ADIhhVMupgZPQ,2,badcase,以缝纫/刺绣机为主，和咖啡机推广目标明显不相关
2415,UCZgQrgzvuumW7ealvZxttZQ,The Home Goods List,https://www.youtube.com/channel/UCZgQrgzvuumW7ealvZxttZQ,0,badcase,无标签无内容信号，缺少咖啡机推广相关性
2416,UCdKHdA9E9M2IEuEN7N47XcQ,Austintacious 24,https://www.youtube.com/channel/UCdKHdA9E9M2IEuEN7N47XcQ,0,badcase,无标签与内容相关证据，难以支持咖啡机推广
2417,UCQyZa5KxQbw-s859ta8bdRQ,Spaceman,https://www.youtube.com/channel/UCQyZa5KxQbw-s859ta8bdRQ,0,badcase,仅有泛生活/饮食标签，缺少咖啡机推广相关性
2418,UCXf8DjqnRCmyXifN3YDsWhg,Gary Wong,https://www.youtube.com/channel/UCXf8DjqnRCmyXifN3YDsWhg,0,badcase,无标签无内容信号，缺少咖啡机推广相关性
2420,UCjpBm78NzprW7uURHyECj_A,Felicitan,https://www.youtube.com/channel/UCjpBm78NzprW7uURHyECj_A,1,badcase,仅有泛购物标签，无咖啡机类产品或购买/测评意图
2421,UCIW1alC9FX2A2AzexHohaMw,Collectibles Products USA,https://www.youtube.com/channel/UCIW1alC9FX2A2AzexHohaMw,0,badcase,无标签和视频证据，缺少咖啡机推广相关性
2422,UCPmfyhM1LgGLMw6kj7uQ3eg,"NOW, THE FUTURE",https://www.youtube.com/channel/UCPmfyhM1LgGLMw6kj7uQ3eg,0,badcase,无标签和标题信号，缺乏咖啡机推广相关性
2423,UCwobFvwzoqOPMckXJelh5Rg,BrickVend,https://www.youtube.com/channel/UCwobFvwzoqOPMckXJelh5Rg,-15,badcase,玩具/Lego/ASMR频道，且有强格式错配，不适合咖啡机推广
2424,UC0E49dIIXZKgP2ay19806NQ,Café Jazz Relax,https://www.youtube.com/channel/UC0E49dIIXZKgP2ay19806NQ,-25,badcase,频道是纯音乐/氛围内容，与咖啡机推广场景明显不符
2425,UCqrY0vyW9GtIJH0Po9lUgag,wosfeyu,https://www.youtube.com/channel/UCqrY0vyW9GtIJH0Po9lUgag,0,badcase,电子配件/摄影类频道，与咖啡机推广无明显相关性
2431,UCSH9VXmjjO7VvgGdjC2NK9A,Braedon Kruse,https://www.youtube.com/channel/UCSH9VXmjjO7VvgGdjC2NK9A,0,badcase,无标签，缺少任何相关信号
2433,UCrpBA6RbKkKnhLjHXRnaNhA,How To: Anything And Everything,https://www.youtube.com/channel/UCrpBA6RbKkKnhLjHXRnaNhA,0,badcase,无标签，缺少任何相关信号
2434,UCYJaqbuTPT74MizK43qDIGQ,Sketch Commerce Live,https://www.youtube.com/channel/UCYJaqbuTPT74MizK43qDIGQ,0,badcase,无标签，缺少任何相关信号
2435,UCSGxDskGl5jWJBn-1buUAsg,Click & Picks,https://www.youtube.com/channel/UCSGxDskGl5jWJBn-1buUAsg,0,badcase,无标签，缺少任何相关信号
2438,UCqP-1Dn3PXR6r8QFXmv24Yg,Review Hub,https://www.youtube.com/channel/UCqP-1Dn3PXR6r8QFXmv24Yg,0,badcase,无标签，缺少任何相关信号
2439,UCCsjjIIpvOxu8VZtx3LZ5ow,Gajet Zone,https://www.youtube.com/channel/UCCsjjIIpvOxu8VZtx3LZ5ow,0,badcase,无标签，缺少任何相关信号
2440,UClCJXUpcDtgq7Qlq1lot_ig,The Gadget Review Guy,https://www.youtube.com/channel/UClCJXUpcDtgq7Qlq1lot_ig,0,badcase,无标签，缺少任何相关信号
2441,UCwPMdk3KkzGM4V6pHMeAjjA,Fun Toy Quest,https://www.youtube.com/channel/UCwPMdk3KkzGM4V6pHMeAjjA,0,badcase,无标签，缺少任何相关信号
2442,UCsMVGompzui_NLmL5MUMmnQ,Best Picks,https://www.youtube.com/channel/UCsMVGompzui_NLmL5MUMmnQ,0,badcase,无标签，缺少任何相关信号
2446,UC6B7mNQ22f3JyR1XMoN5VAw,Acavedo Nicolas,https://www.youtube.com/channel/UC6B7mNQ22f3JyR1XMoN5VAw,0,badcase,无标签，缺少任何相关信号
2448,UChWCEd3xat_EVaLTf-f-Khw,The G Slot,https://www.youtube.com/channel/UChWCEd3xat_EVaLTf-f-Khw,0,badcase,无标签，缺少任何相关信号
2449,UC96SHuYv7ANEnqjTpB5K5oA,Matrix Packaging Machinery,https://www.youtube.com/channel/UC96SHuYv7ANEnqjTpB5K5oA,0,badcase,无标签，缺少任何相关信号
3951,UC2RKG-m6x77R35H83YU6i9A,Click to Cart,https://www.youtube.com/channel/UC2RKG-m6x77R35H83YU6i9A,0,badcase,无咖啡机或评测购买信号，缺少相关内容
3953,UCq77oG-_IgsPTy9ah1p9-Ug,Saffista,https://www.youtube.com/channel/UCq77oG-_IgsPTy9ah1p9-Ug,-15,badcase,ASMR/游戏为主，属于强格式不匹配，不适合咖啡机推广
3954,UC9Zpi3SYUZauLHmkOWUK4Dg,Dimas Joshua,https://www.youtube.com/channel/UC9Zpi3SYUZauLHmkOWUK4Dg,0,badcase,无有效标签或内容，和咖啡机推广无关
3955,UCxofrtVI0SG02qoKPeud7hw,Buyers Guideline,https://www.youtube.com/channel/UCxofrtVI0SG02qoKPeud7hw,0,badcase,无有效标签或内容，和咖啡机推广无关
3956,UCoLmWnDxfIZPP4j7LaW77_A,Laxmi Raghunadh Creations,https://www.youtube.com/channel/UCoLmWnDxfIZPP4j7LaW77_A,1,badcase,仅有家居类泛标签，缺少咖啡机或购买意图
3957,UCxq4YsDpZOcivcLlL4WyvRg,Price Drop,https://www.youtube.com/channel/UCxq4YsDpZOcivcLlL4WyvRg,0,badcase,无有效标签或内容，和咖啡机推广无关
3958,UCx88_UsoNbx6LbNAjW6tzRw,Cam Justice Hub,https://www.youtube.com/channel/UCx88_UsoNbx6LbNAjW6tzRw,1,badcase,以手表为主，只有泛科技信号，和咖啡机推广弱相关
3960,UCGAxYafcDZdcrlQ_VrV0Vlg,Videos Hub,https://www.youtube.com/channel/UCGAxYafcDZdcrlQ_VrV0Vlg,0,badcase,泛知识杂谈，咖啡机推广缺少明确消费语境
3961,UCDhPj68HS7b22YmTsJLi07Q,Misfit Family Network,https://www.youtube.com/channel/UCDhPj68HS7b22YmTsJLi07Q,0,badcase,家庭乐园餐饮内容，不适合咖啡机投放
3963,UCcrbBWCVd0GvTb_Bek7tB7g,The Izzy Life,https://www.youtube.com/channel/UCcrbBWCVd0GvTb_Bek7tB7g,0,badcase,无有效标签或内容，和咖啡机推广无关
3964,UCUDwW_q7vXU50xUYjyHJe4Q,Prasanna R,https://www.youtube.com/channel/UCUDwW_q7vXU50xUYjyHJe4Q,0,badcase,娱乐vlog为主，和咖啡机推广无关
3965,UCuyZH7UOio4Zf2yRp09rnyg,Trei Burns Productions,https://www.youtube.com/channel/UCuyZH7UOio4Zf2yRp09rnyg,0,badcase,无有效标签或内容，和咖啡机推广无关
3966,UCNCXfh-9WeNDMaCVRXrM2rg,Coffeebot Studios,https://www.youtube.com/channel/UCNCXfh-9WeNDMaCVRXrM2rg,0,badcase,仅有咖啡相关命名，无标签内容支撑
3967,UCqlaHZuZHShicDpybCPi6EQ,Green Reviews,https://www.youtube.com/channel/UCqlaHZuZHShicDpybCPi6EQ,0,badcase,无有效标签或内容，和咖啡机推广无关
3968,UCbq3cHDQ9iTSrQbAJOE6dfg,Royal Brew,https://www.youtube.com/channel/UCbq3cHDQ9iTSrQbAJOE6dfg,0,badcase,仅有品牌感命名，无标签内容支撑
3969,UCKB3V4FlEj1kIK-RsOjSUfQ,The Fun Fix,https://www.youtube.com/channel/UCKB3V4FlEj1kIK-RsOjSUfQ,2,badcase,车评为主，只有泛科技/生活标签，咖啡机不贴合
3970,UC6gD0HznedmOM1PaqdZF98Q,CUPCOFF,https://www.youtube.com/channel/UC6gD0HznedmOM1PaqdZF98Q,0,badcase,无有效标签或内容，和咖啡机推广无关
3971,UCFxL3-IpQndoPFp3uLSPCiQ,Mike Mason,https://www.youtube.com/channel/UCFxL3-IpQndoPFp3uLSPCiQ,0,badcase,工程拆除类内容，和咖啡机推广无关
3972,UC-9G8HUnhvaga22t70EdWQw,Coffee Maxs,https://www.youtube.com/channel/UC-9G8HUnhvaga22t70EdWQw,0,badcase,仅有咖啡相关命名，无标签内容支撑
3973,UCgyqxD9wFc93hBex-12mtGg,GoingTube,https://www.youtube.com/channel/UCgyqxD9wFc93hBex-12mtGg,0,badcase,无有效标签或内容，和咖啡机推广无关
3974,UC66CwTvsgUcD_yW9biRPkAg,Coffee with Rauw,https://www.youtube.com/channel/UC66CwTvsgUcD_yW9biRPkAg,0,badcase,仅有咖啡相关命名，无标签内容支撑
3975,UCSpEC160hsFkELczo_FNW8A,The MELVIE family,https://www.youtube.com/channel/UCSpEC160hsFkELczo_FNW8A,-15,badcase,短视频喜剧娱乐为主，与咖啡机推广明显不匹配
3977,UC7BFZIHWQI5xzY5kfZ4DWpw,Tech Kingdom,https://www.youtube.com/channel/UC7BFZIHWQI5xzY5kfZ4DWpw,0,badcase,无相关标签与内容信号
3985,UCZU4HE4VMi_ARb7s64FYIZA,Humbledpie888,https://www.youtube.com/channel/UCZU4HE4VMi_ARb7s64FYIZA,0,badcase,旅游生活向，和咖啡机投放弱相关
3986,UCcu5XeSM4Nfw8UaikxeJRVQ,TECH INSIGHTS,https://www.youtube.com/channel/UCcu5XeSM4Nfw8UaikxeJRVQ,0,badcase,无相关标签与内容信号
3987,UCPIJy0kVEu4KQbPk7CGuYJw,tech express,https://www.youtube.com/channel/UCPIJy0kVEu4KQbPk7CGuYJw,0,badcase,无相关标签与内容信号
3988,UC2afalOJskDvDC02mTAwt3Q,Cute Vlogskavi,https://www.youtube.com/channel/UC2afalOJskDvDC02mTAwt3Q,0,badcase,泛生活vlog，缺少产品测评或厨房电器语境
3994,UC2bocpc-efAxRqeMoUpQB7g,Tulip Art,https://www.youtube.com/channel/UC2bocpc-efAxRqeMoUpQB7g,0,badcase,儿童绘画向，和咖啡机投放不匹配
3995,UCWVbTVnt9RHrWwwMrd2HoEg,Josh Glowzinski,https://www.youtube.com/channel/UCWVbTVnt9RHrWwwMrd2HoEg,0,badcase,无相关标签与内容信号
3998,UCN8JQg4c03xhLlNnGL02NVg,GunMagWarehouse,https://www.youtube.com/channel/UCN8JQg4c03xhLlNnGL02NVg,-15,badcase,军械主题与咖啡机投放完全不匹配
4002,UChn5wGPpmVSl2Pb0t3iNSBg,Whimsical Cynical,https://www.youtube.com/channel/UChn5wGPpmVSl2Pb0t3iNSBg,-15,badcase,游戏内容与咖啡机推广用途明显不符
4003,UCZH9S14sggHaM4gwNXxH3fQ,Stuff To Buy,https://www.youtube.com/channel/UCZH9S14sggHaM4gwNXxH3fQ,0,badcase,无标签无内容证据
4004,UCbURTHqngI5TLn5rj5XX8Cw,The12home,https://www.youtube.com/channel/UCbURTHqngI5TLn5rj5XX8Cw,0,badcase,旅行生活向，缺少厨房电器推广信号
4005,UCx6TQw5asY3IJ00x_9OEb_A,HappyLife & Food Around the World,https://www.youtube.com/channel/UCx6TQw5asY3IJ00x_9OEb_A,0,badcase,美食旅行向偏泛，咖啡机种草证据不足
4007,UC7MH7Dg9wODDj-MzMi5pHAQ,My Appliance Haven,https://www.youtube.com/channel/UC7MH7Dg9wODDj-MzMi5pHAQ,0,badcase,无有效标签，无法判断相关性
4009,UCg-qiP3yaWoHPN7_vsfp8Jw,The Honeymeaners,https://www.youtube.com/channel/UCg-qiP3yaWoHPN7_vsfp8Jw,0,badcase,无标签无内容证据
4011,UCMvpJ04JIMEBFKwvHCrWlTg,Elise Danielle,https://www.youtube.com/channel/UCMvpJ04JIMEBFKwvHCrWlTg,-15,badcase,美妆发型为主，和咖啡机受众不匹配
4012,UC-gdSSQjHJWlW_6SMx51uDQ,Tidbits For The Journey,https://www.youtube.com/channel/UC-gdSSQjHJWlW_6SMx51uDQ,0,badcase,旅行出行向，和咖啡机关联弱
4013,UCcrObSFASKSBXP2Qf6ThHag,Angels on the Battlefield,https://www.youtube.com/channel/UCcrObSFASKSBXP2Qf6ThHag,-15,badcase,音乐演出域，与产品推广场景不符
4014,UCBRB70T3AbRvJCh7t8aMXog,Ambassador J.T Armstrong EMT Today's World of EMS,https://www.youtube.com/channel/UCBRB70T3AbRvJCh7t8aMXog,0,badcase,车旅事件向，缺少家电推广场景
4015,UCB9unkMZyxsZG1E6AiIkbHw,REVIEW GUIDE,https://www.youtube.com/channel/UCB9unkMZyxsZG1E6AiIkbHw,0,badcase,无标签无内容证据
4017,UCSCUtrEva153aAn78NRZVuQ,PickNCatch,https://www.youtube.com/channel/UCSCUtrEva153aAn78NRZVuQ,0,badcase,无标签无内容证据
4018,UCUYSmb7usa2NniddWw4p9sg,Aashish Chandratreya,https://www.youtube.com/channel/UCUYSmb7usa2NniddWw4p9sg,0,badcase,留学旅行车类内容，和咖啡机不匹配
4020,UCKd5zmefVBVQCGIevweCYBA,RebeccasReviews,https://www.youtube.com/channel/UCKd5zmefVBVQCGIevweCYBA,0,badcase,无标签无内容证据
4021,UCpSwFlqS6yklFqv45hHgW4g,Kate Ostre,https://www.youtube.com/channel/UCpSwFlqS6yklFqv45hHgW4g,0,badcase,旅游生活为主，缺少咖啡机推广证据
4022,UCmlPeTSsCAfHnL8sVsSaxbA,Ringtone TV,https://www.youtube.com/channel/UCmlPeTSsCAfHnL8sVsSaxbA,0,badcase,无标签无内容证据
4024,UCGb6A5ungKYhy6RHBenRzcA,Chicklino,https://www.youtube.com/channel/UCGb6A5ungKYhy6RHBenRzcA,0,badcase,无标签无内容证据
4025,UCb1T117Yh7bjoQjIJ8tH0RA,Food Fact Freaks,https://www.youtube.com/channel/UCb1T117Yh7bjoQjIJ8tH0RA,0,badcase,无标签无内容证据
4027,UCQ6Ugh4Wyehf2PjpEhwaZmw,Gumball Gold,https://www.youtube.com/channel/UCQ6Ugh4Wyehf2PjpEhwaZmw,0,badcase,无标签与内容证据，无法支撑咖啡机推广
4029,UCPdnESRlyvpGdXbsv0oo9Pw,Flavia,https://www.youtube.com/channel/UCPdnESRlyvpGdXbsv0oo9Pw,0,badcase,无标签与内容证据，无法判断与咖啡机推广相关
4030,UCaigoNrsdb_dGW8luoEHSUQ,Kaycee Conlee,https://www.youtube.com/channel/UCaigoNrsdb_dGW8luoEHSUQ,0,badcase,无标签与内容证据，无法判断为咖啡机推广频道
4031,UCJaJWu2bsQ0NP0G9lwtek6A,NEXUS,https://www.youtube.com/channel/UCJaJWu2bsQ0NP0G9lwtek6A,0,badcase,无标签与内容证据，相关性不足
4032,UCnHjA4dQYqMzUdXEt6P90GA,AL-Faan Master,https://www.youtube.com/channel/UCnHjA4dQYqMzUdXEt6P90GA,0,badcase,无标签与内容证据，无法支撑咖啡机推广
4034,UCm5bIn2HCUTgpD7a6oTJ5tA,George Jacobson,https://www.youtube.com/channel/UCm5bIn2HCUTgpD7a6oTJ5tA,0,badcase,无标签与内容证据，相关性不足
4035,UCxOwb3uyHu-YDXDXv5_axtg,Smart Tech Haven,https://www.youtube.com/channel/UCxOwb3uyHu-YDXDXv5_axtg,0,badcase,无标签与内容证据，无法判断适合推广咖啡机
4037,UCE3IiR7S0DkqbEvQS4e4FaA,Tech5list,https://www.youtube.com/channel/UCE3IiR7S0DkqbEvQS4e4FaA,0,badcase,无标签与内容证据，相关性不足
4038,UCsl9D9wUu44zOzfSqUUjeOw,videolink,https://www.youtube.com/channel/UCsl9D9wUu44zOzfSqUUjeOw,0,badcase,无标签与内容证据，相关性不足
4039,UCq_6LjwET4rwT3bQQr53iQg,Rae Webb,https://www.youtube.com/channel/UCq_6LjwET4rwT3bQQr53iQg,0,badcase,无标签与内容证据，相关性不足
4040,UCEn7RtlfCvIJYsqkXRvIFbg,Gear Scope,https://www.youtube.com/channel/UCEn7RtlfCvIJYsqkXRvIFbg,0,badcase,无标签与内容证据，相关性不足
4041,UCfz6FJqQOooXy3kkigbJn3g,Vital Wellness,https://www.youtube.com/channel/UCfz6FJqQOooXy3kkigbJn3g,0,badcase,无标签与内容证据，相关性不足
4043,UC3PiqYtgl6V1SGybQByOyXg,Marquee Videos,https://www.youtube.com/channel/UC3PiqYtgl6V1SGybQByOyXg,0,badcase,无标签与内容证据，相关性不足
4046,UCv2nVdEigXjDL0c4s0DY-ag,DK Tech Guy,https://www.youtube.com/channel/UCv2nVdEigXjDL0c4s0DY-ag,0,badcase,无标签与内容证据，相关性不足
4047,UCaQ012uzmd-HURCn0WCtqkQ,SimplyAlma,https://www.youtube.com/channel/UCaQ012uzmd-HURCn0WCtqkQ,0,badcase,无标签与内容证据，相关性不足
4048,UCfhGY6IM7G0esJJPnaBA-KA,Thought Cloud,https://www.youtube.com/channel/UCfhGY6IM7G0esJJPnaBA-KA,0,badcase,无标签与内容证据，相关性不足
4049,UCnKc9vKSq4Ue1FPLUH6iWXw,Klara Elvira,https://www.youtube.com/channel/UCnKc9vKSq4Ue1FPLUH6iWXw,0,badcase,美妆服饰向，和咖啡机推广缺少产品场景重叠
4050,UCPDXMtbC44FNwtRQouRa3gA,Design Your World,https://www.youtube.com/channel/UCPDXMtbC44FNwtRQouRa3gA,0,badcase,无标签与内容证据，相关性不足
4051,UCc221kp3btkMnLSkI9tVoaw,3D Universe,https://www.youtube.com/channel/UCc221kp3btkMnLSkI9tVoaw,0,badcase,无相关标签，无法支撑咖啡机投放
4053,UCEMNmhw0s4lmuA-h3v3T8Kg,Griselda Ly,https://www.youtube.com/channel/UCEMNmhw0s4lmuA-h3v3T8Kg,0,badcase,无相关标签，无法支撑咖啡机投放
4054,UCHAEguOUT91i7yxzFRZBN2A,Hannah McAleer,https://www.youtube.com/channel/UCHAEguOUT91i7yxzFRZBN2A,0,badcase,服饰美妆为主，缺少家电评测场景
4056,UCnJvQQglW5nqn5zHjcHB8dg,"Mitchell Hill, Jr.",https://www.youtube.com/channel/UCnJvQQglW5nqn5zHjcHB8dg,-5,badcase,娱乐向标签命中，和咖啡机推广错位
4057,UC68Z6knzDXnOwvYzREVJYzg,djounow,https://www.youtube.com/channel/UC68Z6knzDXnOwvYzREVJYzg,0,badcase,无相关标签，无法支撑咖啡机投放
4058,UC7hsME4e5EHUcng9mKgNpPQ,The Best ABC,https://www.youtube.com/channel/UC7hsME4e5EHUcng9mKgNpPQ,1,badcase,仅泛科技标签，相关性较弱
4059,UCgCav2IeOILiRvduU0rPhvw,Voice of Law,https://www.youtube.com/channel/UCgCav2IeOILiRvduU0rPhvw,0,badcase,无相关标签，无法支撑咖啡机投放
4064,UC_w1rnJn9NmZrVU1ZjuiI0Q,Charles reviews,https://www.youtube.com/channel/UC_w1rnJn9NmZrVU1ZjuiI0Q,0,badcase,无相关标签，无法支撑咖啡机投放
4066,UC4IC8S_K4DfQGMO4WLVpEZg,Smart Home Zone,https://www.youtube.com/channel/UC4IC8S_K4DfQGMO4WLVpEZg,0,badcase,无相关标签，无法支撑咖啡机投放
4067,UC-vHp4fiPY1ZFaGB-VlOjgg,BuyZen,https://www.youtube.com/channel/UC-vHp4fiPY1ZFaGB-VlOjgg,0,badcase,无相关标签，无法支撑咖啡机投放
4068,UCZ1jelKgNEZ1fvZCKJA644Q,RJC's Product Reviews Down on Conroys Farm,https://www.youtube.com/channel/UCZ1jelKgNEZ1fvZCKJA644Q,0,badcase,无标签支撑，无法确认投放场景
4069,UC89lnQgf7Y7F2-OHwYX7bpA,Amazon Product Review Guide,https://www.youtube.com/channel/UC89lnQgf7Y7F2-OHwYX7bpA,0,badcase,无标签支撑，无法确认投放场景
4071,UCXDkyeWGIPN52bF0aRyk9Vw,SDClips,https://www.youtube.com/channel/UCXDkyeWGIPN52bF0aRyk9Vw,0,badcase,无相关标签，无法支撑咖啡机投放
4073,UC3IEoCxES01_ib-wyYolkDw,Machine Earth,https://www.youtube.com/channel/UC3IEoCxES01_ib-wyYolkDw,0,badcase,无相关标签，无法支撑咖啡机投放
4077,UCDHpfdGoFn-AUW8dTPGwK5A,EXplore_GoBenZ,https://www.youtube.com/channel/UCDHpfdGoFn-AUW8dTPGwK5A,0,badcase,无可见相关信号，无法支持咖啡机推广
4078,UCO0kSvRFkWSxaLI6BmkPRjw,the Frugal Duo,https://www.youtube.com/channel/UCO0kSvRFkWSxaLI6BmkPRjw,1,badcase,仅有泛化教程标签，相关性太弱
4083,UCuchQ_Au8Xm_JWeLoB6zzIg,Omniel Capote,https://www.youtube.com/channel/UCuchQ_Au8Xm_JWeLoB6zzIg,0,badcase,无明显品类或购买场景信号
4084,UCuDPQNfcy8omRu2D8eeic5Q,Mohamadreza Baghayi,https://www.youtube.com/channel/UCuDPQNfcy8omRu2D8eeic5Q,0,badcase,缺少与咖啡机相关的内容线索
4085,UCdgQbgYgm_a0XAWdOfYTGBQ,ActualAutosReview,https://www.youtube.com/channel/UCdgQbgYgm_a0XAWdOfYTGBQ,0,badcase,汽车测评向，和咖啡机品类不匹配
4088,UCDFau6z4QowCThB-dkd-KXQ,Joe Allen Carnivore,https://www.youtube.com/channel/UCDFau6z4QowCThB-dkd-KXQ,0,badcase,健康宗教向，和咖啡机无关
4090,UCaEICcxVXwCPZIuIRNcvIXg,TOP TECNOLOGY,https://www.youtube.com/channel/UCaEICcxVXwCPZIuIRNcvIXg,1,badcase,仅泛科技名义，缺少产品推广信号
4091,UCOrEN6m_h12a-oee2zs2TJw,sakura swann,https://www.youtube.com/channel/UCOrEN6m_h12a-oee2zs2TJw,-15,badcase,动画短片娱乐向，属于强不匹配
4092,UCBgMys8hrQLIABxLOPnz-rg,Wows Products,https://www.youtube.com/channel/UCBgMys8hrQLIABxLOPnz-rg,-15,badcase,娱乐短视频格式，和产品推广不匹配
4093,UChZ_xiOm_4t2S_0SdYHbbWg,Tutorials With Alex,https://www.youtube.com/channel/UChZ_xiOm_4t2S_0SdYHbbWg,0,badcase,设计工具教程号，和咖啡机无关
4094,UC9qah4vVsQQlucCc8GcNx0w,Review phim,https://www.youtube.com/channel/UC9qah4vVsQQlucCc8GcNx0w,-10,badcase,电影解说向，内容域不适合带货
4095,UC9Lk0-LZ_uZy3rGIH9r9ZvA,Funny world videos,https://www.youtube.com/channel/UC9Lk0-LZ_uZy3rGIH9r9ZvA,-15,badcase,宠物/搞笑动物向，强不匹配
4096,UCDBQ2xTAcARKFofVnLx6D_A,Tellico Village Network,https://www.youtube.com/channel/UCDBQ2xTAcARKFofVnLx6D_A,0,badcase,社区资讯号，缺少品类推广语境
4097,UC8Kq7MHOURVARoSidz1AivA,Jaymie and Josh,https://www.youtube.com/channel/UC8Kq7MHOURVARoSidz1AivA,0,badcase,仅泛生活标签，相关性不足
4098,UC4w3mtB2VxQvZQ64wVB-dsA,Craig Searer,https://www.youtube.com/channel/UC4w3mtB2VxQvZQ64wVB-dsA,0,badcase,体育向频道，和咖啡机推广无关
4100,UC3VlCNniO39k4EaGDCbfjrw,chriskernstock,https://www.youtube.com/channel/UC3VlCNniO39k4EaGDCbfjrw,0,badcase,滑板生活频道，缺少咖啡机或家电购买相关信号
4101,UC3VlCNniO39k4EaGDCbfjrw,chriskernstock,https://www.youtube.com/channel/UC3VlCNniO39k4EaGDCbfjrw,-15,badcase,滑板垂类，和咖啡机推广受众不匹配
4102,UCbTJflDoE1hEGw78rKHzM6g,Honest Zaman,https://www.youtube.com/channel/UCbTJflDoE1hEGw78rKHzM6g,0,badcase,无相关标签，无法支撑咖啡机推广
4103,UCJLKSFlzVipNfRA4KmFr1dw,Mohamed Alnuaimi,https://www.youtube.com/channel/UCJLKSFlzVipNfRA4KmFr1dw,0,badcase,无相关标签，无法支撑咖啡机推广
4104,UCHP-mau2TFF5TP5PaCd4aaQ,Wabilogic,https://www.youtube.com/channel/UCHP-mau2TFF5TP5PaCd4aaQ,0,badcase,无相关标签，无法支撑咖啡机推广
4106,UCH_vCtmFWcmOiI12Ed8edMQ,ENZO,https://www.youtube.com/channel/UCH_vCtmFWcmOiI12Ed8edMQ,0,badcase,无相关标签，无法支撑咖啡机推广
4108,UCR5Vq9S7etPcfrfU9_R7Rzg,Gadget Expert,https://www.youtube.com/channel/UCR5Vq9S7etPcfrfU9_R7Rzg,-15,badcase,相机垂类，和咖啡机品类错位
4109,UC24_rcEMw1J5Wcaovf_80-g,Products Maze,https://www.youtube.com/channel/UC24_rcEMw1J5Wcaovf_80-g,0,badcase,无相关标签，无法支撑咖啡机推广
4110,UCIaneK007uZXgEjV3llRqtA,Digital Mom Blog,https://www.youtube.com/channel/UCIaneK007uZXgEjV3llRqtA,0,badcase,仅有泛博客标签，相关性不足
4111,UCIabh7Oj6Qeq9bVW4XVEQ9g,Press Coffee,https://www.youtube.com/channel/UCIabh7Oj6Qeq9bVW4XVEQ9g,0,badcase,无标签无内容，咖啡机相关性不足
4112,UCR_KeGrrTPU4EwA-tkIlWzw,Tech Worth Buying,https://www.youtube.com/channel/UCR_KeGrrTPU4EwA-tkIlWzw,0,badcase,无相关标签，无法支撑咖啡机推广
4113,UCowPyZjEY-xATdcPztHXaqw,Top Gadgets Now,https://www.youtube.com/channel/UCowPyZjEY-xATdcPztHXaqw,0,badcase,无相关标签，无法支撑咖啡机推广
4114,UCeaCUuzNTI_AGs30Wytr8Aw,SugarRayz,https://www.youtube.com/channel/UCeaCUuzNTI_AGs30Wytr8Aw,-15,badcase,搞笑客服/快餐内容，属于娱乐错位
4115,UChOBfYg3J2H0tD6ZWkymtKA,GearGlance,https://www.youtube.com/channel/UChOBfYg3J2H0tD6ZWkymtKA,0,badcase,无相关标签，无法支撑咖啡机推广
4117,UCOsNhkVXPmOZhOxit_tKMUQ,JACKURIOUS,https://www.youtube.com/channel/UCOsNhkVXPmOZhOxit_tKMUQ,0,badcase,无相关标签，无法支撑咖啡机推广
4118,UCPLyj7pOlgJbVr4j_sfNieA,SX-4 TOP,https://www.youtube.com/channel/UCPLyj7pOlgJbVr4j_sfNieA,0,badcase,无相关标签，无法支撑咖啡机推广
4119,UCj_MQihNZukJbzS7eFHg51g,Katelyn,https://www.youtube.com/channel/UCj_MQihNZukJbzS7eFHg51g,0,badcase,无相关标签，无法支撑咖啡机推广
4120,UCu7JEJFoPOVOgvZeilWIM5A,TechSavvyHomez,https://www.youtube.com/channel/UCu7JEJFoPOVOgvZeilWIM5A,0,badcase,无相关标签，无法支撑咖啡机推广
4122,UCa6gqpNvE-xANcsO1mDduNQ,TriNova,https://www.youtube.com/channel/UCa6gqpNvE-xANcsO1mDduNQ,0,badcase,无相关标签，无法支撑咖啡机推广
4123,UC8MumzUuXagLzD9bDnvvpew,Jakub Kroupa,https://www.youtube.com/channel/UC8MumzUuXagLzD9bDnvvpew,0,badcase,无相关标签，无法支撑咖啡机推广
4124,UCAL9qTrNXRzyjKjGVEruaRg,guroxique,https://www.youtube.com/channel/UCAL9qTrNXRzyjKjGVEruaRg,0,badcase,无相关标签，无法支撑咖啡机推广
4125,UCR5cztnG59WuiY8bvWrb2AQ,Danielle LaRocca,https://www.youtube.com/channel/UCR5cztnG59WuiY8bvWrb2AQ,0,badcase,美妆/娱乐向频道，不适合咖啡机投放
4126,UCX_T0XLpV6b3muwWUXyJVSQ,Campfire Outdoor,https://www.youtube.com/channel/UCX_T0XLpV6b3muwWUXyJVSQ,0,badcase,无咖啡机相关信号，纯户外内容不适合投放
4127,UCR5hxGlN8byttQiNkBLLK_Q,AbuZoir,https://www.youtube.com/channel/UCR5hxGlN8byttQiNkBLLK_Q,0,badcase,DIY/生活泛类，缺少咖啡机评测或购买意图
4128,UC55haviDhL42EiCo-jMYYYw,Acacia + Duncan,https://www.youtube.com/channel/UC55haviDhL42EiCo-jMYYYw,0,badcase,无标签无内容，无法判断为咖啡机相关频道
4129,UCGeyj0YOES7Uj10Z1yf30gg,Amazon Trending Products,https://www.youtube.com/channel/UCGeyj0YOES7Uj10Z1yf30gg,0,badcase,仅标题像导购号，缺少可验证的咖啡机相关标签
4130,UCLw3msi7vlacqjUu_jVdIwQ,神秘之旅,https://www.youtube.com/channel/UCLw3msi7vlacqjUu_jVdIwQ,-10,badcase,动物娱乐向频道与咖啡机人类消费场景明显不匹配
4131,UCvgTDOa56uqRulk5kIf5N-A,ProdVue,https://www.youtube.com/channel/UCvgTDOa56uqRulk5kIf5N-A,0,badcase,无咖啡机相关信号，无法支撑投放判断
4132,UCZRzyTNoLftFQoSV27NMHoQ,2 The Point,https://www.youtube.com/channel/UCZRzyTNoLftFQoSV27NMHoQ,0,badcase,无标签无内容，缺少与咖啡机的任何关联
4134,UCVCj9Ntxjcw7PTQu_fYjpMA,Jacey정원yoon,https://www.youtube.com/channel/UCVCj9Ntxjcw7PTQu_fYjpMA,0,badcase,无有效标签，缺少咖啡机相关投放语境
4135,UCVThO4jJ_2rOTD6ji3oArxA,Owirshani Rhea,https://www.youtube.com/channel/UCVThO4jJ_2rOTD6ji3oArxA,2,badcase,仅有食物和生活泛类，且以短内容娱乐为主
4136,UCT-crrVbKsDsr5r8m7AJEQg,Modern Kitchen,https://www.youtube.com/channel/UCT-crrVbKsDsr5r8m7AJEQg,0,badcase,仅有厨房名称，无咖啡机相关标签或内容证据
4138,UCCeAU7CCM-_fzdrjwhckjhg,RICH TECH HUB,https://www.youtube.com/channel/UCCeAU7CCM-_fzdrjwhckjhg,0,badcase,无标签无内容，缺少可用的咖啡机投放信号
4139,UCumM-fO7dAosoy5dKhhSvLw,GearBits,https://www.youtube.com/channel/UCumM-fO7dAosoy5dKhhSvLw,0,badcase,无标签无内容，缺少咖啡机相关证据
4141,UCG79YzpHsCAoFcc7g7CxH5g,fastbulletz,https://www.youtube.com/channel/UCG79YzpHsCAoFcc7g7CxH5g,-10,badcase,游戏直播受众与咖啡机投放场景偏离较大
4142,UCAO2Vh-x2B2M6t5TM4z6w9w,Shop Smart,https://www.youtube.com/channel/UCAO2Vh-x2B2M6t5TM4z6w9w,0,badcase,无标签无内容，缺少咖啡机相关证据
4144,UCf-O3E41sxCABgNVwBUDtAg,Grafile Design Studio,https://www.youtube.com/channel/UCf-O3E41sxCABgNVwBUDtAg,0,badcase,设计与AI内容为主，不适合咖啡机推广
4146,UCgpX_kocVQBGOW0EMOZtF6g,"great inventions fitness, home and technology",https://www.youtube.com/channel/UCgpX_kocVQBGOW0EMOZtF6g,-10,badcase,宠物玩具向内容与人类咖啡机投放不匹配
4147,UCY2tV6_tLa1F9hTvw3Pa12A,Online Knowledge,https://www.youtube.com/channel/UCY2tV6_tLa1F9hTvw3Pa12A,0,badcase,无标签无内容，无法建立与咖啡机的关联
4148,UC_-HPUX5VthXGln8J1rMYIA,GutchiOtaku,https://www.youtube.com/channel/UC_-HPUX5VthXGln8J1rMYIA,-15,badcase,动画影视娱乐频道与咖啡机投放场景明显无关
4149,UCXumztqNWg4h0xF3vQ35SxQ,Best Advisor,https://www.youtube.com/channel/UCXumztqNWg4h0xF3vQ35SxQ,0,badcase,无标签无内容，不足以支持咖啡机投放
4150,UCFKR31Jw75XZzMl7lOsGZVA,Easy Fix,https://www.youtube.com/channel/UCFKR31Jw75XZzMl7lOsGZVA,0,badcase,无标签无内容，无法判断为咖啡机相关频道
4151,UCxppz31K2YVWlaHTA077c7Q,Digital Products Review,https://www.youtube.com/channel/UCxppz31K2YVWlaHTA077c7Q,0,badcase,缺少咖啡机、厨房家电或购买导向信号
4153,UCDfvsHaAnJYyHONiBiYeVtQ,Calm Bamboo Sounds,https://www.youtube.com/channel/UCDfvsHaAnJYyHONiBiYeVtQ,-12,badcase,纯音景/放松向，和咖啡机推广格式严重不符
4155,UCI9rcI6jNq1ifQATw1cppZQ,asia lafaye,https://www.youtube.com/channel/UCI9rcI6jNq1ifQATw1cppZQ,0,badcase,无相关标签与内容信号
4156,UCoh7pbGYBfYNDZ7SqGxlFNA,LesterYTshort,https://www.youtube.com/channel/UCoh7pbGYBfYNDZ7SqGxlFNA,0,badcase,无相关标签与内容信号
4157,UCbv3-nY3JU9803vw8B2YGuQ,theMIND,https://www.youtube.com/channel/UCbv3-nY3JU9803vw8B2YGuQ,0,badcase,无相关标签与内容信号
4158,UCZUzwGJb1IgARSDyOGYsLBA,Gadgetsssss,https://www.youtube.com/channel/UCZUzwGJb1IgARSDyOGYsLBA,0,badcase,无相关标签与内容信号
4159,UCgZAIp27TISiksrctAYqC5w,J-Man,https://www.youtube.com/channel/UCgZAIp27TISiksrctAYqC5w,-15,badcase,游戏恐怖内容，和咖啡机人群不匹配
4160,UCccObyalKPbVvQbTMeUi3YA,Dawson Lee,https://www.youtube.com/channel/UCccObyalKPbVvQbTMeUi3YA,0,badcase,无相关标签与内容信号
4161,UCbKLBKrnnDkfoVA6FDKdx6g,Great  Reviews,https://www.youtube.com/channel/UCbKLBKrnnDkfoVA6FDKdx6g,0,badcase,科技数码评测为主，和咖啡机品类不符
4162,UCcHXXqAL4QNt0yCM7uLw26g,Shazman vloge,https://www.youtube.com/channel/UCcHXXqAL4QNt0yCM7uLw26g,0,badcase,短视频泛娱乐，缺少产品投放语境
4163,UCL-HVWDFgx0OZCmmH0F4mbQ,LEGO Speed Build Central,https://www.youtube.com/channel/UCL-HVWDFgx0OZCmmH0F4mbQ,0,badcase,乐高搭建频道，受众和咖啡机错位
4164,UCG4iP1tX-qR1Gd6BvWWb-FQ,Mark Fauntleroy,https://www.youtube.com/channel/UCG4iP1tX-qR1Gd6BvWWb-FQ,0,badcase,仅有泛生活标签，相关性不足
4167,UCPaIa8zd0IgLgq5caN2FmYw,Reviewable Products,https://www.youtube.com/channel/UCPaIa8zd0IgLgq5caN2FmYw,0,badcase,缺少厨房家电或咖啡机相关标签
4170,UC563MZQbIydxYGilk7Njdrg,Next Gadgets,https://www.youtube.com/channel/UC563MZQbIydxYGilk7Njdrg,0,badcase,无相关标签与内容信号
4171,UCUCeQYAvm76YCUIXAakxH5A,QAVU USA,https://www.youtube.com/channel/UCUCeQYAvm76YCUIXAakxH5A,0,badcase,无相关标签与内容信号
4172,UCONttzksFp6iD-jeJdvZnSg,Smart Cups,https://www.youtube.com/channel/UCONttzksFp6iD-jeJdvZnSg,0,badcase,无相关标签与内容信号
4173,UC2-1MVdaDJDEIXeCByCW1Gg,Ladies Of Justice League,https://www.youtube.com/channel/UC2-1MVdaDJDEIXeCByCW1Gg,0,badcase,超级英雄娱乐向，和产品推广目标不符
4174,UCrJo3L2rn4vhLJXVxNlRc9A,NaturallySimone,https://www.youtube.com/channel/UCrJo3L2rn4vhLJXVxNlRc9A,0,badcase,理财预算向，和咖啡机品类不匹配
4176,UCEnY27JFD4PyFtzAjH8hRmw,ISPY TOYS,https://www.youtube.com/channel/UCEnY27JFD4PyFtzAjH8hRmw,-15,badcase,游戏娱乐内容为主，与咖啡机推广不相关
4177,UC-ccECYyMVDbLViEpQruOkA,The Gadgets Lab,https://www.youtube.com/channel/UC-ccECYyMVDbLViEpQruOkA,0,badcase,无标签和内容证据，相关性不足
4178,UCObjWvHUWrVkbxxO2oTBNYA,Future Lab,https://www.youtube.com/channel/UCObjWvHUWrVkbxxO2oTBNYA,0,badcase,无标签和内容证据，相关性不足
4179,UCQT0V5PnKSNouvMj_mxO7-Q,Stephan’s Diary,https://www.youtube.com/channel/UCQT0V5PnKSNouvMj_mxO7-Q,0,badcase,无标签和内容证据，相关性不足
4180,UCqb8xCij7BtuM2p5rbGfABw,Hazel Nutt,https://www.youtube.com/channel/UCqb8xCij7BtuM2p5rbGfABw,0,badcase,无标签和内容证据，相关性不足
4181,UCRFupts2IE_C59eDrjrXwmg,Top Shopping Point,https://www.youtube.com/channel/UCRFupts2IE_C59eDrjrXwmg,0,badcase,无标签和内容证据，相关性不足
4182,UC9zp9Rdzu7SES-RjVXoHfbA,James Whitehead - All Animals - All the Time!!,https://www.youtube.com/channel/UC9zp9Rdzu7SES-RjVXoHfbA,-15,badcase,动物频道，和咖啡机推广场景不匹配
4184,UC3fhkjq1psjTZ68MaGF5B7w,shopivo store,https://www.youtube.com/channel/UC3fhkjq1psjTZ68MaGF5B7w,0,badcase,无标签和内容证据，相关性不足
4185,UCBlcVLWyAQW77IRcDLaLOVg,ConnyvanderMeer,https://www.youtube.com/channel/UCBlcVLWyAQW77IRcDLaLOVg,-15,badcase,宠物狗内容为主，不适合咖啡机推广
4187,UC2RjWGigsXQKl0PCwUnkz_A,Reviews & Picks,https://www.youtube.com/channel/UC2RjWGigsXQKl0PCwUnkz_A,0,badcase,无标签和内容证据，相关性不足
4188,UCxWOjHNDmtSa-Eslo32ZFUA,Visual IQ Lab,https://www.youtube.com/channel/UCxWOjHNDmtSa-Eslo32ZFUA,0,badcase,无标签和内容证据，相关性不足
4189,UCekBOX4tF7C4jqowcOJHMzg,Carlos Cuba Palanco,https://www.youtube.com/channel/UCekBOX4tF7C4jqowcOJHMzg,0,badcase,无标签和内容证据，相关性不足
4190,UCJ7G4uahfkdnUT2F1Cn3uGg,Tech Purchases,https://www.youtube.com/channel/UCJ7G4uahfkdnUT2F1Cn3uGg,0,badcase,无标签和内容证据，相关性不足
4191,UCkxgxfyxNejUS70EYXJx0Eg,Cozy Tech Reviews,https://www.youtube.com/channel/UCkxgxfyxNejUS70EYXJx0Eg,0,badcase,无标签和内容证据，相关性不足
4192,UC7yYuaXH2-cdzeSGQb-8b4g,The Big Culinary Crush,https://www.youtube.com/channel/UC7yYuaXH2-cdzeSGQb-8b4g,0,badcase,无标签和内容证据，相关性不足
4193,UCrQRBfUqGF2tbyIUIiovP5A,Trendy Turn,https://www.youtube.com/channel/UCrQRBfUqGF2tbyIUIiovP5A,-25,badcase,ASMR/吃播格式与咖啡机推广强冲突
4196,UCdUNByOKm6J14al6Zh4dLww,PositivePulse,https://www.youtube.com/channel/UCdUNByOKm6J14al6Zh4dLww,0,badcase,无标签和内容证据，相关性不足
4197,UCEIErhXL8-rBESSSaesaXxA,Quick Reviews,https://www.youtube.com/channel/UCEIErhXL8-rBESSSaesaXxA,0,badcase,无标签和内容证据，相关性不足
4198,UC38Jfcdx1Q9G6R3kVGt8z3w,DJS,https://www.youtube.com/channel/UC38Jfcdx1Q9G6R3kVGt8z3w,0,badcase,无标签和内容证据，相关性不足
4199,UCodfA2tIzDDk6qYsvAqWTww,Free / Premium Design Resources,https://www.youtube.com/channel/UCodfA2tIzDDk6qYsvAqWTww,0,badcase,设计资源频道，与咖啡机推广无关
4204,UCwwq2pzp9g-uO-RkTcaG-Eg,Brittany Anne,https://www.youtube.com/channel/UCwwq2pzp9g-uO-RkTcaG-Eg,0,badcase,无相关标签或内容证据
4205,UCBN00YENEwkqynH9athLfKQ,WebCatTV,https://www.youtube.com/channel/UCBN00YENEwkqynH9athLfKQ,0,badcase,无相关标签或内容证据
4207,UCdhI0n0d5y4bOMpTFLT--ww,Easy Shopping 365,https://www.youtube.com/channel/UCdhI0n0d5y4bOMpTFLT--ww,0,badcase,无相关标签或内容证据
4208,UCzv3ddQpgKnV2lBkHhhxcXw,Reviews That Actually Work,https://www.youtube.com/channel/UCzv3ddQpgKnV2lBkHhhxcXw,0,badcase,无相关标签与近期内容，难支撑咖啡机推广
4209,UCFrNh4tQe4n6R1c0Ot0A2Jg,Roma's Project Corner,https://www.youtube.com/channel/UCFrNh4tQe4n6R1c0Ot0A2Jg,0,badcase,无相关标签或内容证据
4210,UCETnYn9DqN4PhGAvutq_yWw,Gadgets HD,https://www.youtube.com/channel/UCETnYn9DqN4PhGAvutq_yWw,0,badcase,无相关标签或内容证据
4211,UCF8qQCaCslMMcj6OWkwQLkg,Focoid,https://www.youtube.com/channel/UCF8qQCaCslMMcj6OWkwQLkg,0,badcase,无相关标签或内容证据
4212,UCXDb-reU8SZxDGFXA1Dbnew,Tech Trend Updates,https://www.youtube.com/channel/UCXDb-reU8SZxDGFXA1Dbnew,0,badcase,无相关标签或内容证据
4215,UCGOsPsxZ-G38cbNKcyiOu7g,Visual Bread,https://www.youtube.com/channel/UCGOsPsxZ-G38cbNKcyiOu7g,2,badcase,仅有泛食品/烘焙标签，相关性较弱
4216,UCwvAgANUX6gC0UYTzd6GkMg,Buy Or Skip,https://www.youtube.com/channel/UCwvAgANUX6gC0UYTzd6GkMg,0,badcase,无相关标签或内容证据
4217,UCYSBvbmh-04VUunnmEINsiQ,Mixed Products Review,https://www.youtube.com/channel/UCYSBvbmh-04VUunnmEINsiQ,0,badcase,无相关标签或内容证据
4218,UCFoezzXycn8L0qaMHnqAUxw,‫Quick N’ Learn تعلم الانجليزية مع محمد‬‎,https://www.youtube.com/channel/UCFoezzXycn8L0qaMHnqAUxw,0,badcase,纯英语教学频道，与咖啡机推广无关
4219,UC0iMpcaku2BCxb0KrGPn43Q,Finding Freedom,https://www.youtube.com/channel/UC0iMpcaku2BCxb0KrGPn43Q,1,badcase,仅有泛食物标签，缺少家电购买意图
4220,UC7OP7DNhaKrgP_nEgUs_bvg,TECHLIFE,https://www.youtube.com/channel/UC7OP7DNhaKrgP_nEgUs_bvg,0,badcase,无相关标签或内容证据
4221,UCBbGnkLgo81D7xZiD4XQhHg,FUTURE HOME SECRETS,https://www.youtube.com/channel/UCBbGnkLgo81D7xZiD4XQhHg,0,badcase,无相关标签或内容证据
4222,UC5UNTSW4EAYIFjP1GQMjXNA,Orion Carloto,https://www.youtube.com/channel/UC5UNTSW4EAYIFjP1GQMjXNA,0,badcase,生活方式与娱乐向内容，不适合咖啡机推广
4223,UCJTlWiNnZ-B2Cb4sww2nu4Q,Fashion Tips 7,https://www.youtube.com/channel/UCJTlWiNnZ-B2Cb4sww2nu4Q,0,badcase,时尚穿搭向，和咖啡机推广不匹配
4224,UCG8CyTiAQ_DsaU3SeeOnZVg,Caro&Gera,https://www.youtube.com/channel/UCG8CyTiAQ_DsaU3SeeOnZVg,0,badcase,无相关标签或内容证据
4225,UCsDb-6RGAzBimgAy6yVTnQw,Rare Review,https://www.youtube.com/channel/UCsDb-6RGAzBimgAy6yVTnQw,0,badcase,无相关标签或内容证据
4226,UCnrps5yF8g9GJULCQfp-agg,Love Me Coupons,https://www.youtube.com/channel/UCnrps5yF8g9GJULCQfp-agg,0,badcase,优惠/清单频道偏广泛，缺少咖啡机购买或评测意图
4228,UCLolsFy25G5WDUCNfZSxVvw,7Solutions,https://www.youtube.com/channel/UCLolsFy25G5WDUCNfZSxVvw,0,badcase,无标签无内容，无法判断与咖啡机投放相关
4229,UCqRfHHzlyfcVM5L_TaPRn2A,Amazon Reviews For You,https://www.youtube.com/channel/UCqRfHHzlyfcVM5L_TaPRn2A,0,badcase,缺少可验证的咖啡机或家电测评信号
4230,UCaRs51QKBmEMmIEMyidXUSA,Tech Megatronics,https://www.youtube.com/channel/UCaRs51QKBmEMmIEMyidXUSA,0,badcase,无有效内容信号，和咖啡机关联不足
4231,UCxMT5aIckJkrtZa-k_brQ_A,Lotta,https://www.youtube.com/channel/UCxMT5aIckJkrtZa-k_brQ_A,0,badcase,无标签无内容，相关性证据缺失
4232,UCrLtcz3VG-uYXRCNWXsK_oA,These Hands Show It All,https://www.youtube.com/channel/UCrLtcz3VG-uYXRCNWXsK_oA,-15,badcase,鞋服街头内容与咖啡机促销场景明显不符
4233,UCSF7dGqZ3Ihi2Wij9fkkJHA,Gadgets Compares,https://www.youtube.com/channel/UCSF7dGqZ3Ihi2Wij9fkkJHA,0,badcase,无标签无内容，缺少家电对比证据
4234,UCEOZBDMb8Pv_kYL74vWJcfg,The BelaTexan,https://www.youtube.com/channel/UCEOZBDMb8Pv_kYL74vWJcfg,0,badcase,无标签无内容，难判断咖啡机相关性
4235,UC-CYy57dFauA5WkruNc0JgQ,Amazing Gift Shop,https://www.youtube.com/channel/UC-CYy57dFauA5WkruNc0JgQ,0,badcase,无标签无内容，缺少家电或测评信号
4236,UCnKsAmmpbnNO50HgcfQt8tg,The Mega brand24,https://www.youtube.com/channel/UCnKsAmmpbnNO50HgcfQt8tg,0,badcase,无标签无内容，相关证据不足
4238,UCHTsprSUWkW--rUK4UtwmSg,Withoutink,https://www.youtube.com/channel/UCHTsprSUWkW--rUK4UtwmSg,0,badcase,无标签无内容，相关性证据缺失
4240,UCatNFCuhyZf8fKzA68m2h9g,Wolf,https://www.youtube.com/channel/UCatNFCuhyZf8fKzA68m2h9g,0,badcase,无标签无内容，无法建立咖啡机投放相关性
4241,UCHOogmfjwKf2c_L3hkjIxJw,yourdealstore,https://www.youtube.com/channel/UCHOogmfjwKf2c_L3hkjIxJw,0,badcase,无标签无内容，缺少咖啡机或家电信号
4242,UCIl9KrTT4IQU7M6NHrwT9QA,Pam from Maryland,https://www.youtube.com/channel/UCIl9KrTT4IQU7M6NHrwT9QA,0,badcase,手工内容为主，与咖啡机推广场景不匹配
4244,UCm1-cn7KYn38M0xw5tZpHZw,KaysLife,https://www.youtube.com/channel/UCm1-cn7KYn38M0xw5tZpHZw,0,badcase,旅行家庭生活为主，和咖啡机购买意图弱相关
4245,UCBN7OemDzjM6VdGkl1eFP3A,Find beast,https://www.youtube.com/channel/UCBN7OemDzjM6VdGkl1eFP3A,0,badcase,无标签无内容，相关性证据缺失
4247,UCY8PmQcZGcEsITwNfyo2ErQ,The Value Verdict,https://www.youtube.com/channel/UCY8PmQcZGcEsITwNfyo2ErQ,0,badcase,无标签无内容，相关性证据缺失
4248,UCW1j2xjQwwnbq_kMr3FaaqQ,Morning Coffee Diet,https://www.youtube.com/channel/UCW1j2xjQwwnbq_kMr3FaaqQ,0,badcase,名称含咖啡但缺少家电/测评证据，不足以支持投放
4249,UCO08EFZSERnBkovUmNdHvMw,The Smart Side,https://www.youtube.com/channel/UCO08EFZSERnBkovUmNdHvMw,0,badcase,无标签无内容，相关性证据缺失
4250,UC6-IXqd3e2ifElF4lWeltwA,Vijay Pavan Kolukula,https://www.youtube.com/channel/UC6-IXqd3e2ifElF4lWeltwA,0,badcase,家庭旅行vlog为主，与咖啡机投放关联弱
4251,UCMPuDgpNlDemNkB4V3GcIaQ,irl Media ENTERTAINMENT,https://www.youtube.com/channel/UCMPuDgpNlDemNkB4V3GcIaQ,0,badcase,无品类和购买信号，娱乐向
4252,UCYN90Om64exsgGGV6gddtmA,BestAzon,https://www.youtube.com/channel/UCYN90Om64exsgGGV6gddtmA,0,badcase,偏时尚配饰，和咖啡机类目不符
4253,UCHoY_vQ0W3A31VkIjg7PVhQ,Layla in america,https://www.youtube.com/channel/UCHoY_vQ0W3A31VkIjg7PVhQ,0,badcase,节日儿童向，缺少家电/消费品相关
4255,UCozWfS-Dvm6_s8Jixf6mDaA,Drew Coffman,https://www.youtube.com/channel/UCozWfS-Dvm6_s8Jixf6mDaA,0,badcase,科技泛号，缺少咖啡器具或家电信号
4256,UClMVHhwHjkgcoTX58GMKrSQ,Dquad's Top 5,https://www.youtube.com/channel/UClMVHhwHjkgcoTX58GMKrSQ,0,badcase,无有效标签与内容信号
4259,UC12PivuSh9MhqO4N8CSKtfw,Mitchelele,https://www.youtube.com/channel/UC12PivuSh9MhqO4N8CSKtfw,0,badcase,游戏直播向，和家电投放场景弱
4260,UC4-qYCE0lLaDpKIQ2JYzTtg,aliepss,https://www.youtube.com/channel/UC4-qYCE0lLaDpKIQ2JYzTtg,0,badcase,无有效标签与内容信号
4261,UCPQ314TQn9JHH8U5McwdM2Q,The Cursed Stories,https://www.youtube.com/channel/UCPQ314TQn9JHH8U5McwdM2Q,0,badcase,短视频杂项且动物题材混杂，类目不聚焦
4262,UCu_dlFxHZE_x8SpyxBI6big,Gadget Core,https://www.youtube.com/channel/UCu_dlFxHZE_x8SpyxBI6big,0,badcase,无有效标签与内容信号
4263,UCMKy6aD-XHkC05BESFCzOfA,Reviewsly,https://www.youtube.com/channel/UCMKy6aD-XHkC05BESFCzOfA,0,badcase,无有效标签与内容信号
4264,UCquQZR2yGO98dJ3B87anDWw,Gadget and Tech Bro,https://www.youtube.com/channel/UCquQZR2yGO98dJ3B87anDWw,0,badcase,无有效标签与内容信号
4265,UC9O8FKbbTMyiqpcGPHMWW-w,Vitaliy Sanravskiy,https://www.youtube.com/channel/UC9O8FKbbTMyiqpcGPHMWW-w,0,badcase,直播游戏向，和咖啡机推广不匹配
4266,UCoR6Z_URJUYwxG5mAHITtew,Top Home Review Channel,https://www.youtube.com/channel/UCoR6Z_URJUYwxG5mAHITtew,0,badcase,仅名称像测评号，缺少可用标签证据
4267,UCMtQAP00q-jt2fQDpSvNUSA,John Uncovered ⚙️ • 1.1M  views • 11 hours ago,https://www.youtube.com/channel/UCMtQAP00q-jt2fQDpSvNUSA,0,badcase,无有效标签与内容信号
4268,UCI6SFp6cEZHKHDzFwcCxt_Q,Floofy Paw Hub,https://www.youtube.com/channel/UCI6SFp6cEZHKHDzFwcCxt_Q,0,badcase,宠物向线索不足，且与咖啡机无关
4269,UCFh4Q4lJG0E0PwgbbZeOXag,AI In Action,https://www.youtube.com/channel/UCFh4Q4lJG0E0PwgbbZeOXag,0,badcase,AI创作号，非消费品推广场景
4270,UC0UmYHR1CRYYV2knk2I3m9w,Dunce Reviews,https://www.youtube.com/channel/UC0UmYHR1CRYYV2knk2I3m9w,0,badcase,无有效标签与内容信号
4271,UC3N9Z9bIldZxZQPfzYWg5Ug,TRADER'Squest EATS,https://www.youtube.com/channel/UC3N9Z9bIldZxZQPfzYWg5Ug,0,badcase,美食号可关联厨房，但对咖啡机仍偏弱
4272,UCTVl7NIhe0WHnagSa_HDXSg,Alessandra Traviere,https://www.youtube.com/channel/UCTVl7NIhe0WHnagSa_HDXSg,0,badcase,无有效标签与内容信号
4273,UCtd0KPMRLt-EqNK5gnnsJcg,MommyDonna&Fam,https://www.youtube.com/channel/UCtd0KPMRLt-EqNK5gnnsJcg,0,badcase,家庭号但缺少家电/测评信号
4274,UC27HRMQjuyxZuZaK6NktAUQ,No Tan Diario Chronicles,https://www.youtube.com/channel/UC27HRMQjuyxZuZaK6NktAUQ,0,badcase,生活杂类，和咖啡机投放不聚焦
4277,UCNNV9UvNZ3UKVLKKIi1k_hA,Jasmin Zhang,https://www.youtube.com/channel/UCNNV9UvNZ3UKVLKKIi1k_hA,-10,badcase,ASMR+旅行生活向，偏氛围内容，不是咖啡机推广场景
4279,UC172tNDTs_ufkgZMJ-vCiHA,Who Is #Zammy?,https://www.youtube.com/channel/UC172tNDTs_ufkgZMJ-vCiHA,0,badcase,无咖啡或测评类信号，推广相关性不足
4281,UCUINqNjAa7QN5ZpSYLlVB4A,Bryant Family Values,https://www.youtube.com/channel/UCUINqNjAa7QN5ZpSYLlVB4A,0,badcase,家庭教育向，和咖啡机推广关联弱
4285,UCkjUoAm5rhbDM3VJik-H_wA,Michael Maiale,https://www.youtube.com/channel/UCkjUoAm5rhbDM3VJik-H_wA,0,badcase,无可用内容信号，无法判断为咖啡机相关创作者
4292,UCrIh4Fw-xrZ1N85cSYPZFpw,The Hungry Dachshund,https://www.youtube.com/channel/UCrIh4Fw-xrZ1N85cSYPZFpw,0,badcase,宠物向内容与咖啡机推广不匹配
4295,UCEDEun7sRJuqQSyQAJ8_gyQ,Cat Tales Luminos,https://www.youtube.com/channel/UCEDEun7sRJuqQSyQAJ8_gyQ,-15,badcase,猫宠物短视频受众与咖啡机推广明显不匹配
4297,UCa3lSAp5Gfq3hTrmq5s2afA,RED Arrow,https://www.youtube.com/channel/UCa3lSAp5Gfq3hTrmq5s2afA,0,badcase,内容主题分散，与咖啡机推广无明显重合
4299,UCJ57m-URV-r_NL-jCxtaIFw,Fashion Rain,https://www.youtube.com/channel/UCJ57m-URV-r_NL-jCxtaIFw,0,badcase,时尚内容与咖啡机导购关系不强
4300,UCfJekfym3vC0B5AG_aPg3HQ,Easy Gadgets,https://www.youtube.com/channel/UCfJekfym3vC0B5AG_aPg3HQ,0,badcase,无标签无内容，无法判断与咖啡机推广相关性
4301,UCfJekfym3vC0B5AG_aPg3HQ,Easy Gadgets,https://www.youtube.com/channel/UCfJekfym3vC0B5AG_aPg3HQ,0,badcase,缺少相关标签与内容，难以支撑咖啡机推广
4302,UCjBJ4Re-aDp4hsoLLieVigA,Review Verse,https://www.youtube.com/channel/UCjBJ4Re-aDp4hsoLLieVigA,0,badcase,缺少相关标签与内容，难以支撑咖啡机推广
4303,UCRda-5oLWuIE6IVru4OwOsw,Jr R Nahan,https://www.youtube.com/channel/UCRda-5oLWuIE6IVru4OwOsw,0,badcase,缺少相关标签与内容，难以支撑咖啡机推广
4304,UChqCevK1B154YciGdVxd9fg,MESH HEAD,https://www.youtube.com/channel/UChqCevK1B154YciGdVxd9fg,-10,badcase,游戏/娱乐向频道，和咖啡机推广场景明显不符
4305,UC-R5Vzrbc3TCyX7hGYm1daA,Teana Craft,https://www.youtube.com/channel/UC-R5Vzrbc3TCyX7hGYm1daA,0,badcase,缺少相关标签与内容，难以支撑咖啡机推广
4306,UCcwrGTS8RlzdnRVlwS4fVHg,Jokes Buddy,https://www.youtube.com/channel/UCcwrGTS8RlzdnRVlwS4fVHg,0,badcase,缺少相关标签与内容，难以支撑咖啡机推广
4308,UC4LGEeMQex1HuQmiUzOmt-A,Trusted Tech & Gadgets,https://www.youtube.com/channel/UC4LGEeMQex1HuQmiUzOmt-A,0,badcase,缺少相关标签与内容，难以支撑咖啡机推广
4309,UC24jGFzQYuDdqtbNpKhHTtA,Robin Wilkins,https://www.youtube.com/channel/UC24jGFzQYuDdqtbNpKhHTtA,0,badcase,缺少相关标签与内容，难以支撑咖啡机推广
4310,UCwi5n34OiTSRGHe0nnsQ14Q,JONY REVIEWS,https://www.youtube.com/channel/UCwi5n34OiTSRGHe0nnsQ14Q,0,badcase,缺少相关标签与内容，难以支撑咖啡机推广
4312,UCncXOosuudsd6Cn8Qf5k5WA,Wisetech,https://www.youtube.com/channel/UCncXOosuudsd6Cn8Qf5k5WA,0,badcase,缺少相关标签与内容，难以支撑咖啡机推广
4313,UCK8FSoC7Nq0PP5MDEpfHB1g,Andrea Olie,https://www.youtube.com/channel/UCK8FSoC7Nq0PP5MDEpfHB1g,0,badcase,缺少相关标签与内容，难以支撑咖啡机推广
4314,UC0X_LaTqDzVZMnpJxfMLbsw,BrainSplat Productions,https://www.youtube.com/channel/UC0X_LaTqDzVZMnpJxfMLbsw,0,badcase,缺少相关标签与内容，难以支撑咖啡机推广
4315,UCYKDxtP6xgFjcIfUzvk_qYg,Hidden Gem Picks: Product Reviews,https://www.youtube.com/channel/UCYKDxtP6xgFjcIfUzvk_qYg,0,badcase,缺少相关标签与内容，难以支撑咖啡机推广
4316,UCE52HbnvL6Np_gq-au7-_Aw,Rebekah,https://www.youtube.com/channel/UCE52HbnvL6Np_gq-au7-_Aw,0,badcase,缺少相关标签与内容，难以支撑咖啡机推广
4317,UCx_kZNNPNDKIouL-ydOYulg,r50r,https://www.youtube.com/channel/UCx_kZNNPNDKIouL-ydOYulg,-15,badcase,游戏直播频道，与咖啡机推广不匹配
4320,UCD6avDDGw9LhuYkp7xs0tGw,Next Level Roundup,https://www.youtube.com/channel/UCD6avDDGw9LhuYkp7xs0tGw,0,badcase,缺少相关标签与内容，难以支撑咖啡机推广
4321,UCfz5kFGrhqJSufqZl4Sk1BA,Seven Minute Reviews,https://www.youtube.com/channel/UCfz5kFGrhqJSufqZl4Sk1BA,0,badcase,缺少相关标签与内容，难以支撑咖啡机推广
4325,UCrxFmk6C6vO7OYGge8neAaw,Visiodra,https://www.youtube.com/channel/UCrxFmk6C6vO7OYGge8neAaw,1,badcase,仅有Cooking弱相关，整体与咖啡机推广场景不匹配
4327,UCKNW25pAYJ2sa4noWoRnQdw,essteeyou,https://www.youtube.com/channel/UCKNW25pAYJ2sa4noWoRnQdw,0,badcase,无标签无标题，缺少任何可用信号
4333,UCFNTIK70xKFkjH_mzej2New,NingD Channel,https://www.youtube.com/channel/UCFNTIK70xKFkjH_mzej2New,-5,badcase,宠物狗内容为主，和咖啡机推广不匹配
4334,UCw8wFQ62eERKRRitHO7zDgw,"Kawtco: Dementia & Alzheimer's Support, Simplified",https://www.youtube.com/channel/UCw8wFQ62eERKRRitHO7zDgw,0,badcase,频道主题是痴呆护理，与咖啡机推广无关，且无相关内容证据
4335,UCIxo10w-bJHG69YicSKDwCg,Second Hand TV,https://www.youtube.com/channel/UCIxo10w-bJHG69YicSKDwCg,0,badcase,无标签无标题，无法判断为相关频道
4339,UCroXa80Gi7bgC2pz9gorikg,Sesage Tetizo,https://www.youtube.com/channel/UCroXa80Gi7bgC2pz9gorikg,0,badcase,无标签无标题，相关性不足
4340,UCxyLPDg7mWwnvn6aOX6DjYQ,Benjamin Ramsey,https://www.youtube.com/channel/UCxyLPDg7mWwnvn6aOX6DjYQ,-2,badcase,旅行新闻混合号，和咖啡机推广弱相关
4341,UCA6io_i23FKRvVKd7QgUOSQ,GoodCraft,https://www.youtube.com/channel/UCA6io_i23FKRvVKd7QgUOSQ,-15,badcase,游戏内容为主，属于明显不适配场景
4343,UCGkfRpPtm8F3XHk07Rrd50A,Savor The Moment,https://www.youtube.com/channel/UCGkfRpPtm8F3XHk07Rrd50A,0,badcase,无标签无标题，缺少判断依据
4349,UCcEeF4Z2jbMg0izpInqnIwQ,Man Of Respect,https://www.youtube.com/channel/UCcEeF4Z2jbMg0izpInqnIwQ,0,badcase,无标签无标题，相关性不足
4350,UCy4x55mwh5hlNkX6ND9CBdg,OUR DREAMS,https://www.youtube.com/channel/UCy4x55mwh5hlNkX6ND9CBdg,0,badcase,无标签无标题，相关性不足
4352,UCb6RpqrWMjoZ1I2-ZqFWhNg,Nampeak Solutions,https://www.youtube.com/channel/UCb6RpqrWMjoZ1I2-ZqFWhNg,0,badcase,企业/方案向，缺少咖啡机投放信号
4353,UCv8czpWVEs7Fw5y_ffQvruQ,Cassandra Bromfield,https://www.youtube.com/channel/UCv8czpWVEs7Fw5y_ffQvruQ,0,badcase,个人号，无家电或咖啡机相关信号
4356,UC4L54iZB3APKuRBWCzLGUdg,Money Chronicles,https://www.youtube.com/channel/UC4L54iZB3APKuRBWCzLGUdg,0,badcase,财经内容，与咖啡机投放场景不符
4359,UCzPfCt2PB1MNP5fzLZz_OYQ,Blair Dalar khodagholian,https://www.youtube.com/channel/UCzPfCt2PB1MNP5fzLZz_OYQ,0,badcase,时尚Vlog主导，缺少家电/测评信号
4363,UCgCoeg12o8ZBBlYuN_ZiQBg,Ditch The Map,https://www.youtube.com/channel/UCgCoeg12o8ZBBlYuN_ZiQBg,-15,badcase,旅行旅游主频道，与咖啡机促销不匹配
4365,UC2PuD7tmDa5YGBTdsl92GRg,Vidowa Lokane,https://www.youtube.com/channel/UC2PuD7tmDa5YGBTdsl92GRg,0,badcase,无相关标签和内容信号
4366,UCxJJSPYiTFBCnX6BTzJkrVw,Jay,https://www.youtube.com/channel/UCxJJSPYiTFBCnX6BTzJkrVw,0,badcase,个人号，无咖啡机相关证据
4369,UCWlwyYKZAtskCYTw5PgmH0Q,A Date Night In,https://www.youtube.com/channel/UCWlwyYKZAtskCYTw5PgmH0Q,0,badcase,约会娱乐向，与咖啡机产品投放不符
4376,UCfSjF6xx4OHlgW_OpJIRv6Q,AndyMahnFL411,https://www.youtube.com/channel/UCfSjF6xx4OHlgW_OpJIRv6Q,2,badcase,DIY/How-to 有轻微场景重叠，但缺少咖啡机购买或评测意图
4377,UCB6ABgEowO8MAMuVK9fkhGA,T-Views By Tameca,https://www.youtube.com/channel/UCB6ABgEowO8MAMuVK9fkhGA,0,badcase,无标签，无法判断为相关频道
4379,UCBLPCGPc4iLMJrtgKY6kPxg,Emily's Camera Roll,https://www.youtube.com/channel/UCBLPCGPc4iLMJrtgKY6kPxg,0,badcase,时尚穿搭与咖啡机推广无关
4380,UCdI4rWT6gZmTBLyCy7tDysA,Veteran Stories,https://www.youtube.com/channel/UCdI4rWT6gZmTBLyCy7tDysA,-15,badcase,故事向频道，和咖啡机推广场景不匹配
4381,UCnXj0Q8uw4tYWTtKvO_GUWQ,Leiz International,https://www.youtube.com/channel/UCnXj0Q8uw4tYWTtKvO_GUWQ,0,badcase,无标签，无法判断为相关频道
4384,UCgaMS2DK0Nnz87agbTdSd2Q,Grudgieson,https://www.youtube.com/channel/UCgaMS2DK0Nnz87agbTdSd2Q,0,badcase,无标签，无法判断为相关频道
4388,UCsBC_Q4SIqklFg5_XpcfDtQ,Isaiah Armendariz,https://www.youtube.com/channel/UCsBC_Q4SIqklFg5_XpcfDtQ,-15,badcase,娱乐/音乐/搞笑为主，内容域不适配
4389,UCru8rAdp1dP5gJd7Y7SqfJA,Top 5 Product,https://www.youtube.com/channel/UCru8rAdp1dP5gJd7Y7SqfJA,0,badcase,无标签，无法判断为相关频道
4390,UC36e1PL6NDIMM21jdkTpgmw,Review Cube,https://www.youtube.com/channel/UC36e1PL6NDIMM21jdkTpgmw,0,badcase,无标签，无法判断为相关频道
4391,UCkDRb16p_KiP_VSV3ixeGaw,Wise Buy,https://www.youtube.com/channel/UCkDRb16p_KiP_VSV3ixeGaw,0,badcase,无标签，无法判断为相关频道
4392,UC5RAgC5GjnKBdmrLYrdyb1w,TinyBuzz Reviews,https://www.youtube.com/channel/UC5RAgC5GjnKBdmrLYrdyb1w,0,badcase,无标签，无法判断为相关频道
4393,UCWOilX-kgJhFg0-KTcnAyAQ,SiliconValleyTom,https://www.youtube.com/channel/UCWOilX-kgJhFg0-KTcnAyAQ,0,badcase,无标签，无法判断为相关频道
4394,UCFBsFgAiaqcmlW5WOiUQh_w,Noah Zachary,https://www.youtube.com/channel/UCFBsFgAiaqcmlW5WOiUQh_w,-15,badcase,反应/娱乐/音乐向，和家电推广格式不匹配
4395,UCvOgB2YNIztUlonE7aJGgbA,Home Kits,https://www.youtube.com/channel/UCvOgB2YNIztUlonE7aJGgbA,0,badcase,无标签，无法判断为相关频道
4396,UCeAfMtXAYcwjxdJam9nzeAQ,Furry Friends,https://www.youtube.com/channel/UCeAfMtXAYcwjxdJam9nzeAQ,-15,badcase,宠物行为/宠物护理为主，受众不匹配
4398,UC3mQkFwI9SzdZ1_c2RTOAxg,The Joshua Plan Golf,https://www.youtube.com/channel/UC3mQkFwI9SzdZ1_c2RTOAxg,0,badcase,高尔夫游戏垂类，和咖啡机推广弱相关
4399,UCjP1-bzAr34x45DONlus0RA,Remixedd_ 1,https://www.youtube.com/channel/UCjP1-bzAr34x45DONlus0RA,0,badcase,无标签，无法判断为相关频道
4400,UCZvapT3hnBHJPeaLzYP6LOg,Daniela & Gabby,https://www.youtube.com/channel/UCZvapT3hnBHJPeaLzYP6LOg,0,badcase,无标签，无法判断为相关频道
4401,UC11wLx7z6JGxncU0bACqe4A,Trashwave Lab,https://www.youtube.com/channel/UC11wLx7z6JGxncU0bACqe4A,0,badcase,无标签和视频证据，无法支持咖啡机推广
4402,UC8Z1J_foVpBwlp3d3LeAvTw,Lavatronn,https://www.youtube.com/channel/UC8Z1J_foVpBwlp3d3LeAvTw,-15,badcase,摩托车为主，和咖啡机推广场景明显不符
4403,UCV8u8kx99lg0eCQQDmprUxg,ProductGate,https://www.youtube.com/channel/UCV8u8kx99lg0eCQQDmprUxg,0,badcase,无任何相关标签或内容证据
4404,UCNRctOU8sQcxtZXkObnapFg,PUBLIC PRESS BD,https://www.youtube.com/channel/UCNRctOU8sQcxtZXkObnapFg,0,badcase,纪录片/旅行向，缺少咖啡机推广语境
4405,UCH1yZ47hXkgpSlNOFtdRRgQ,일해라 현아-Work Silicon Valley,https://www.youtube.com/channel/UCH1yZ47hXkgpSlNOFtdRRgQ,0,badcase,职场生活型，只有很弱的生活场景关联
4407,UCD8JNFNZ0Q2i25OIC8igxtA,Bluefat,https://www.youtube.com/channel/UCD8JNFNZ0Q2i25OIC8igxtA,0,badcase,无内容证据，相关性不足
4408,UCesiZ1rxLWAfi8BHB8pWCFA,Peppy Toons,https://www.youtube.com/channel/UCesiZ1rxLWAfi8BHB8pWCFA,0,badcase,动画内容，缺少咖啡机购买或评测语境
