rank,channel_id,channel_name,channel_url,score,suggested_label,why_short
9,UCUHxuPoyNEiA5hNVvpWt-EQ,Haoren Special Effects,https://www.youtube.com/channel/UCUHxuPoyNEiA5hNVvpWt-EQ,10,badcase,娱乐/特效向内容为主，宠物食品推广不匹配
13,UCVyopZsoS91MU_-pwqg1b4g,ShoppingTv,https://www.youtube.com/channel/UCVyopZsoS91MU_-pwqg1b4g,5,badcase,标签杂乱且偏泛商品，不像宠物食品受众
15,UCTha-ni2CTXtK4Cw3kzdGaA,China Saibainuo Machinery,https://www.youtube.com/channel/UCTha-ni2CTXtK4Cw3kzdGaA,10,badcase,做的是宠物食品机械，不是宠物食品受众
28,UCbgm0idoc6cG8HFvxwr9KHw,FxcTablaDholak,https://www.youtube.com/channel/UCbgm0idoc6cG8HFvxwr9KHw,-25,badcase,ASMR吃播为主，和宠物食品推广不匹配
35,UCbta5UYAzeIOQAL7-A4s0WA,Bounce The Pit Bull,https://www.youtube.com/channel/UCbta5UYAzeIOQAL7-A4s0WA,-25,badcase,ASMR吃播和声音向内容，和宠物食品投放不匹配
36,UCEnZnMqeErT_pXlogYLiOog,CuteKitten,https://www.youtube.com/channel/UCEnZnMqeErT_pXlogYLiOog,-5,badcase,打铁手工频道，宠物食品受众不匹配
38,UC_9miWNwjvRIwRFuhSYczIw,Chihuahua Bites,https://www.youtube.com/channel/UC_9miWNwjvRIwRFuhSYczIw,0,badcase,缺少标签与内容证据，无法判断为宠物食品相关
42,UCaoHzhtuszfMwZ6gys82DDg,Henry,https://www.youtube.com/channel/UCaoHzhtuszfMwZ6gys82DDg,0,badcase,娱乐/美妆类频道，与宠物食品无关
47,UCsqX0O8H0eG-H3pDQCMlyRQ,Zooologist,https://www.youtube.com/channel/UCsqX0O8H0eG-H3pDQCMlyRQ,-15,badcase,野生动物和动物搏斗主题，和家宠食品推广冲突
48,UCDnQlLuZm8mOvlfaZrwX46g,Unique Fact Store,https://www.youtube.com/channel/UCDnQlLuZm8mOvlfaZrwX46g,0,badcase,泛宠物热榜内容，缺少食品/营养意图
53,UCJaqtTw0AenRgXxrNNbOlAg,BMC TV-SHOW,https://www.youtube.com/channel/UCJaqtTw0AenRgXxrNNbOlAg,-10,badcase,以搞笑娱乐为主，喂养内容不足且不适合投放
54,UCXC-MAuZ_SKKGs2VmGdwmKQ,"Jinan Arrow Machinery Co., Ltd",https://www.youtube.com/channel/UCXC-MAuZ_SKKGs2VmGdwmKQ,-15,badcase,工业设备频道，和宠物食品推广目标不符
60,UCbK9lZUnc-Pz1YEEed_pWYw,Hen Farm,https://www.youtube.com/channel/UCbK9lZUnc-Pz1YEEed_pWYw,0,badcase,无宠物食品相关标签，且内容域不相关
61,UCq8KXCM-coAj1Ejp0bHTg_w,Pet and Animal,https://www.youtube.com/channel/UCq8KXCM-coAj1Ejp0bHTg_w,2,badcase,有宠物泛受众，但整体是短视频娱乐内容
62,UCbJj8uorzNYvWqky5rN99Zw,Someday Homestead,https://www.youtube.com/channel/UCbJj8uorzNYvWqky5rN99Zw,2,badcase,有猫狗标签，但整体是农场/杂项混合内容
64,UCjAIr97ndhIhz7P1bJ7sGMg,AB12TV,https://www.youtube.com/channel/UCjAIr97ndhIhz7P1bJ7sGMg,0,badcase,通用生活与工具内容，缺少宠物食品受众
66,UCeDR8ciusb0RF4asOuhJO9A,Kanha-cutie,https://www.youtube.com/channel/UCeDR8ciusb0RF4asOuhJO9A,2,badcase,只有狗/宠物泛标签，主体却偏农业设备
70,UCkS6U3-hR9dzqQTXKsyUXBA,Nutrena,https://www.youtube.com/channel/UCkS6U3-hR9dzqQTXKsyUXBA,-10,badcase,家禽饲料频道，和宠物食品投放对象不一致
74,UCRDIBDL4XKVrpGg1IgWkQRw,JUNINZ FF,https://www.youtube.com/channel/UCRDIBDL4XKVrpGg1IgWkQRw,-15,badcase,ASMR/游戏娱乐为主，属于明显格式错配
75,UCIFX-DGqlGnhsdRm9Zc2djg,Golden Retriever Vc,https://www.youtube.com/channel/UCIFX-DGqlGnhsdRm9Zc2djg,-15,badcase,ASMR狗吃内容偏感官娱乐，不适合常规投放
76,UCeiQt3gvyzSrybOldrp637w,Paw Family TV,https://www.youtube.com/channel/UCeiQt3gvyzSrybOldrp637w,5,badcase,有dog food标签但主内容是娱乐吃播/挑战，投放匹配差
78,UCOzJTPsRjFviJ746AIfhQXg,Winter Munoz,https://www.youtube.com/channel/UCOzJTPsRjFviJ746AIfhQXg,-15,badcase,以动漫cosplay娱乐为主，与宠物食品推广无关
79,UCWcpIeCKm9E3q3gbuAPnFbQ,Chihuahua Bites,https://www.youtube.com/channel/UCWcpIeCKm9E3q3gbuAPnFbQ,0,badcase,无标签和内容证据，无法确认适合宠物食品推广
84,UCwgnd9mYrJNihPC5fjRm-ig,Miqaju Chilobe,https://www.youtube.com/channel/UCwgnd9mYrJNihPC5fjRm-ig,-15,badcase,娱乐泛流量号，无宠物食品/选购/喂养相关信号
85,UC8shTy-GHETM8MtUXUmdjuA,Penguin Berry,https://www.youtube.com/channel/UC8shTy-GHETM8MtUXUmdjuA,-3,badcase,动物娱乐号，只有泛宠物词，缺少宠物食品购买意图
87,UC0d6D5jxbmomcvKc9QGldIw,PET NATURE TV,https://www.youtube.com/channel/UC0d6D5jxbmomcvKc9QGldIw,-8,badcase,宠物娱乐型频道，只有弱宠物受众信号，不适合做宠物食品推广
88,UCgVAsokGLLyOW0BnDjurJ5w,li li ai,https://www.youtube.com/channel/UCgVAsokGLLyOW0BnDjurJ5w,0,badcase,无标签和视频证据，无法支持宠物食品推广
89,UCom9LN8FxBVoGjLXfcKQEhw,Ana's Personal Vlog,https://www.youtube.com/channel/UCom9LN8FxBVoGjLXfcKQEhw,-8,badcase,频道偏短视频/生活vlog与宠物食品推广无关
91,UCabMIxPqyncOr9Pcu8JrF8w,Puerto Rican David Torres Jr,https://www.youtube.com/channel/UCabMIxPqyncOr9Pcu8JrF8w,0,badcase,前5标签与宠物食品无关，缺少养宠购买意图信号
95,UCUldPQCtWVa7Iw4va8MKpBA,Daily Savage Fun,https://www.youtube.com/channel/UCUldPQCtWVa7Iw4va8MKpBA,0,badcase,无标签和内容证据，无法支持宠物食品推广
100,UCUbtNwwGILFH--ldbATLcXg,DOGTV,https://www.youtube.com/channel/UCUbtNwwGILFH--ldbATLcXg,-10,badcase,以狗狗放松/陪伴内容为主，宠粮推广场景不匹配
104,UC82a20zvFNpxaIo7Oq_D87Q,Crazy Pig,https://www.youtube.com/channel/UC82a20zvFNpxaIo7Oq_D87Q,2,badcase,仅有宠物/食物泛标签，频道主内容偏猪类，缺少宠物食品推广语境
108,UC0jtVC2BLkYYBZlE4adiWuw,Dumpster Diving Rookie,https://www.youtube.com/channel/UC0jtVC2BLkYYBZlE4adiWuw,-15,badcase,以捡漏/淘宝为主，与宠物食品推广无关
109,UCHXw1nv6FBmVwOGj2GiEQrg,All in One Garden and Kitchen,https://www.youtube.com/channel/UCHXw1nv6FBmVwOGj2GiEQrg,1,badcase,以人类美食/旅行内容为主，缺少宠物喂养与选购意图，宠粮推广相关性弱
110,UCEJlsxdqnkWZGdYySJxfZtA,DAVE,https://www.youtube.com/channel/UCEJlsxdqnkWZGdYySJxfZtA,1,badcase,娱乐游戏频道，缺少宠物喂养信号，仅有泛食品类弱相关
111,UCLu1xVkU5A-4UniJC0OXXmQ,Melt TheStress Out,https://www.youtube.com/channel/UCLu1xVkU5A-4UniJC0OXXmQ,1,badcase,以搞笑整蛊为主，缺少宠物食品推广相关信号
118,UCBabo_Wr8JZtvy3k7jdGWow,Ming Ming De Mi Ni Chu Fang,https://www.youtube.com/channel/UCBabo_Wr8JZtvy3k7jdGWow,-14,badcase,以儿童玩具/迷你厨房为主，和宠物食品推广目标不符
120,UCgoOKrgNFbPvBMUpC2IEU5A,Bicolana Sa America,https://www.youtube.com/channel/UCgoOKrgNFbPvBMUpC2IEU5A,1,badcase,仅有泛“food”词，频道主打翻垃圾找食物，与宠物粮推广关联弱
125,UC4qLWOiNXLjxr8FUsYu3LwQ,Auranest,https://www.youtube.com/channel/UC4qLWOiNXLjxr8FUsYu3LwQ,2,badcase,生活妙招/厨房频道，缺少宠物受众与宠物食品意图
133,UCCJPt2eTQui4wqD_LHKKrzw,Curtis Bryant Jr.,https://www.youtube.com/channel/UCCJPt2eTQui4wqD_LHKKrzw,-15,badcase,娱乐少儿向频道，与宠物食品推广目标不相关
135,UCtIvUuy9ZX7bV5JxW_rrIDg,Nizage Gojoqu,https://www.youtube.com/channel/UCtIvUuy9ZX7bV5JxW_rrIDg,0,badcase,无标签与内容证据，无法判断适合推广宠物食品
137,UCMXMVFrlIM6iT36rKbtqWRg,ANIMAL MIX CHANNEL2,https://www.youtube.com/channel/UCMXMVFrlIM6iT36rKbtqWRg,-8,badcase,人类吃播娱乐号，缺少宠物喂养/营养意图，不适合宠物食品推广
143,UChvX5x6mUb5pa26gslN0LCw,Pickles & Pancake,https://www.youtube.com/channel/UChvX5x6mUb5pa26gslN0LCw,8,badcase,有宠物食品直击标签，但频道主内容偏宠物短视频/ASMR娱乐，推广转化不佳
144,UCiyW59YvpoepJQBlKEMO9dQ,Fun_With_The_Fam,https://www.youtube.com/channel/UCiyW59YvpoepJQBlKEMO9dQ,1,badcase,仅有宠物泛标签，缺少宠粮/喂养/购买意图
145,UCHuqJe_sZz-Tl6vW3I5N5Qg,LokiTheFloof,https://www.youtube.com/channel/UCHuqJe_sZz-Tl6vW3I5N5Qg,0,badcase,无标签与近期内容证据，无法判断适合宠物食品推广
146,UCq_FFmw8L0buW4c-G3AknHw,Deal Discoveries,https://www.youtube.com/channel/UCq_FFmw8L0buW4c-G3AknHw,0,badcase,频道以Deals/科技/奢侈品为主，缺少宠物食品推广相关信号
153,UCUhkqRn2ygxlwyOdD0VfRuQ,Bowma Begom,https://www.youtube.com/channel/UCUhkqRn2ygxlwyOdD0VfRuQ,1,badcase,有宠物受众，但只有弱泛标签，缺少宠物食品场景
154,UCYraPYy3a14ssZh0o0zPU4g,Kerry Chapman,https://www.youtube.com/channel/UCYraPYy3a14ssZh0o0zPU4g,0,badcase,以家庭/娱乐为主，和宠物食品推广关联弱
156,UCuY80SbgTlOTnLIXw3jPcjQ,Carlos Alberto,https://www.youtube.com/channel/UCuY80SbgTlOTnLIXw3jPcjQ,0,badcase,与宠物食品无关，偏泛流量娱乐
160,UCgYN2zhWiqUZTeL5Bog6zEQ,Pebble's TV,https://www.youtube.com/channel/UCgYN2zhWiqUZTeL5Bog6zEQ,1,badcase,AI/企鹅/创意向内容为主，宠物食品转化弱
164,UClK07BI7jiK5CAmr7I-VsrQ,Scoop the Reporter,https://www.youtube.com/channel/UClK07BI7jiK5CAmr7I-VsrQ,2,badcase,反应/喜剧内容为主，宠物食品转化场景不足
167,UCEN0vm0b7CY0S8Pw9FghREA,Interesting Day,https://www.youtube.com/channel/UCEN0vm0b7CY0S8Pw9FghREA,0,badcase,野生动物/AI内容为主，和宠物食品不匹配
169,UCS6JRIepDEKsW4BumsSYkWQ,PKT UP,https://www.youtube.com/channel/UCS6JRIepDEKsW4BumsSYkWQ,2,badcase,挑战/益智娱乐为主，只有狗和进食的弱重叠
170,UCyUG2htFsMtlhuvBHKYxPrQ,Pete B: East Texas Homesteading,https://www.youtube.com/channel/UCyUG2htFsMtlhuvBHKYxPrQ,-15,badcase,人类生酮/健康频道，和宠物食品推广明显不符
171,UCIBV_wY4HAq0z9RzXGMtELw,Pretty Grandma Variety Channel 🥗🎣,https://www.youtube.com/channel/UCIBV_wY4HAq0z9RzXGMtELw,-9,badcase,仅有泛食品/宠物标签，且带ASMR杂类格式，不适合宠物食品推广
175,UCb93oL-S6o2eGE_j2Kt3wUw,My frugal life,https://www.youtube.com/channel/UCb93oL-S6o2eGE_j2Kt3wUw,1,badcase,仅有泛化Food弱相关，缺少宠物食品推广语境
176,UCKx1UJRIXL5bhcOuBP8NB6A,Cat Baby Cute 22,https://www.youtube.com/channel/UCKx1UJRIXL5bhcOuBP8NB6A,0,badcase,无标签和内容信号，缺少宠物食品推广相关性
184,UC8BVVWLHzA3azS2QRD0oWhA,PLANET X,https://www.youtube.com/channel/UC8BVVWLHzA3azS2QRD0oWhA,2,badcase,动物类纪录片为主，缺少宠物食品购买/喂养语境
189,UCl0hRESBLmri_FXwR8aDc5Q,Mario That Ai,https://www.youtube.com/channel/UCl0hRESBLmri_FXwR8aDc5Q,-9,badcase,宠物故事短视频娱乐号，缺少宠物食品测评/喂养/购买意图
191,UCKzeyEahvTa8zEgxFStPD0Q,Ana's Random Vlog & Shorts,https://www.youtube.com/channel/UCKzeyEahvTa8zEgxFStPD0Q,-10,badcase,以娱乐短视频为主，缺少宠物食品/购买意图，且有ASMR格式偏离
192,UCtB_xONmepHz28BwR46gLNw,DuoQuest,https://www.youtube.com/channel/UCtB_xONmepHz28BwR46gLNw,0,badcase,无标签和内容证据，无法判断与宠物食品推广相关
195,UCNCgpczDM32W2i-6DpXrAyA,Galaxy Cats 88,https://www.youtube.com/channel/UCNCgpczDM32W2i-6DpXrAyA,-11,badcase,猫宠娱乐频道，ASMR/搞笑主导，缺少宠物食品喂养与购买意图
197,UCxsDLqSLOOZfaq6cparBueQ,James Olivar,https://www.youtube.com/channel/UCxsDLqSLOOZfaq6cparBueQ,0,badcase,无标签无内容信号，无法判断为宠物食品推广相关
202,UCW_tVHaY44J-KhJ720hA1jA,Martin  Family Forever,https://www.youtube.com/channel/UCW_tVHaY44J-KhJ720hA1jA,1,badcase,仅有泛 food 标签，主体是家庭娱乐和烹饪
203,UC4tARgLuKxaIHv8nJIudbaQ,Baby animal w,https://www.youtube.com/channel/UC4tARgLuKxaIHv8nJIudbaQ,0,badcase,无标签无内容，无法判断宠粮相关性
204,UCIsCILTZvG9bcFdwnzUAVnA,MicroBuzz,https://www.youtube.com/channel/UCIsCILTZvG9bcFdwnzUAVnA,2,badcase,吃播娱乐为主，缺少宠物食品购买和喂养场景
209,UCa_17EwmmHm7FJtIn57c9-w,Happy Tails,https://www.youtube.com/channel/UCa_17EwmmHm7FJtIn57c9-w,0,badcase,无宠粮或宠物养护相关标签，信息不足
212,UCw1CMvrlv4UYXMn4l9xW3QA,hourFunny,https://www.youtube.com/channel/UCw1CMvrlv4UYXMn4l9xW3QA,2,badcase,动物搞笑合集为主，和宠粮投放相关性弱
214,UCgOToFl2vRDCgWXMOm27x6Q,TT SHOW,https://www.youtube.com/channel/UCgOToFl2vRDCgWXMOm27x6Q,-15,badcase,鸟鸣音频型频道，属于明显格式错配
215,UC6S4uC7LPrJk9L9F3DDdMzQ,ManmanHanhan,https://www.youtube.com/channel/UC6S4uC7LPrJk9L9F3DDdMzQ,0,badcase,无有效标签与内容，无法支持投放判断
219,UCWtTkrJdAbRvJqhyN9gpIvg,Crocodile GuanGuan,https://www.youtube.com/channel/UCWtTkrJdAbRvJqhyN9gpIvg,-15,badcase,野生动物和爬宠为主，和宠粮投放不匹配
220,UCjFhIQJKDidN4aFD40_u6rg,Barefoot Gang,https://www.youtube.com/channel/UCjFhIQJKDidN4aFD40_u6rg,1,badcase,仅有猫类弱相关标签，整体仍是娱乐短视频
222,UCSm3v7ef6-aWtAVdvatmAFA,thepovertyprincess sharon sartori,https://www.youtube.com/channel/UCSm3v7ef6-aWtAVdvatmAFA,1,badcase,以人类食物和囤货为主，非宠粮受众
227,UCV5XJ4ysOo0TIOP2nAbGAng,ឃាក ខេង-Kheak kheng,https://www.youtube.com/channel/UCV5XJ4ysOo0TIOP2nAbGAng,-15,badcase,以农场禽类为主，和宠粮投放目标明显不符
230,UCEn77zNbtja2Cs6LrAsiJwA,Dynamic Duo True Reviews,https://www.youtube.com/channel/UCEn77zNbtja2Cs6LrAsiJwA,0,badcase,泛品类测评号，缺少宠物与宠粮相关信号
231,UCHxTpDpegk5Nbd4OuYJkKOg,Clevelandmarko,https://www.youtube.com/channel/UCHxTpDpegk5Nbd4OuYJkKOg,0,badcase,家装巡检与安全话题，和宠粮推广无关
232,UCqT3Z6z9z4YJO4R40_R6v3w,Reaxion Mode,https://www.youtube.com/channel/UCqT3Z6z9z4YJO4R40_R6v3w,0,badcase,人类吃播娱乐号，和宠物食品受众不匹配
233,UCusC1WFKMMbYqKpFJak7mRg,Scrap It Up!,https://www.youtube.com/channel/UCusC1WFKMMbYqKpFJak7mRg,0,badcase,拾荒废品内容，宠物食品投放无关
234,UCZ7wyEoUFqBrRWA9_6Hj9yw,Rocket The Iguana,https://www.youtube.com/channel/UCZ7wyEoUFqBrRWA9_6Hj9yw,-10,badcase,有爬宠/宠物词，但ASMR展示不利于宠粮投放
236,UCd_OSHqf2WLSaMoOcQmFn9A,Kevin and Tracy,https://www.youtube.com/channel/UCd_OSHqf2WLSaMoOcQmFn9A,0,badcase,泛生活测评，宠物相关信号太弱
238,UCEkH84ucxzSvtQ76P0SyjOA,champagneunicorns,https://www.youtube.com/channel/UCEkH84ucxzSvtQ76P0SyjOA,1,badcase,猫类受众弱相关，且以ASMR/开箱为主
243,UCPI26tJWCQd5He7k-dbsS6w,Novielyn Labitoria vlog,https://www.youtube.com/channel/UCPI26tJWCQd5He7k-dbsS6w,-12,badcase,ASMR食物娱乐号，和宠粮投放格式不匹配
246,UCHYoe8kQ-7Gn9ASOlmI0k6Q,The Food Theorists,https://www.youtube.com/channel/UCHYoe8kQ-7Gn9ASOlmI0k6Q,0,badcase,人类食品理论号，和宠物食品无关
252,UCHWJTRkohZncuQTrleAuf-g,Flurry Bureau,https://www.youtube.com/channel/UCHWJTRkohZncuQTrleAuf-g,-15,badcase,ASMR野生动物频道，缺乏宠物食品推广意图，格式不匹配
256,UCMcE4tg412Lz0GmqId_hcwQ,Me Ai  Animation TV,https://www.youtube.com/channel/UCMcE4tg412Lz0GmqId_hcwQ,0,badcase,无宠物食品相关标签或内容，动画频道与推广意图不符
259,UCIB25dXUCFpRJo9IlwlfdNw,Cute Pet TV,https://www.youtube.com/channel/UCIB25dXUCFpRJo9IlwlfdNw,0,badcase,娱乐型宠物搞笑频道，缺少宠粮购买或测评意图
262,UC18zCjNmq0cRE-Ck2CybYEQ,Kitty's Mommy,https://www.youtube.com/channel/UC18zCjNmq0cRE-Ck2CybYEQ,0,badcase,无标签和内容证据，无法判断与宠物食品推广相关
263,UCszPPufgEWs1So_dgHGwJ-g,PrettyBoyBruno,https://www.youtube.com/channel/UCszPPufgEWs1So_dgHGwJ-g,0,badcase,无标签无内容证据，无法支持宠物食品推广
264,UC3q6_TakYx1RYINBJqErhZA,Daniel X Shorts,https://www.youtube.com/channel/UC3q6_TakYx1RYINBJqErhZA,-15,badcase,技术教程号，和宠物食品推广无关，缺乏目标受众与购买意图
265,UCnbeplwxqRgDvRZlLoxQKvA,EL LIFESTYLE USA,https://www.youtube.com/channel/UCnbeplwxqRgDvRZlLoxQKvA,2,badcase,仅有宠物/犬种泛相关标签，主体偏音乐娱乐，缺少宠物食品推广语境
266,UCqiGCOt1g7PK5qms0OUKpOA,Wags Chest,https://www.youtube.com/channel/UCqiGCOt1g7PK5qms0OUKpOA,0,badcase,无标签和内容证据，无法体现宠物食品推广相关性
272,UCzSCLqkaX-IW26Vxux-_Jqw,No Beard Papa,https://www.youtube.com/channel/UCzSCLqkaX-IW26Vxux-_Jqw,-25,badcase,ASMR/吃播为主，缺少宠物食品推广或购买信号，且格式明显不适合
276,UCjxEg_7iqxNGyo9ekzdRWNw,SABAY MERL,https://www.youtube.com/channel/UCjxEg_7iqxNGyo9ekzdRWNw,1,badcase,仅有 pets 泛标签，主体是音乐娱乐，和宠物食品推广弱相关
278,UCxkXdmrIc5HG_ClUKrDMA_g,Happy Songs,https://www.youtube.com/channel/UCxkXdmrIc5HG_ClUKrDMA_g,1,badcase,只有 Pet Songs 弱相关，核心是儿童音乐娱乐，不适合推宠物食品
280,UC5l1Uz1pgcY2w4J1_4p_z5A,Stormith Gale,https://www.youtube.com/channel/UC5l1Uz1pgcY2w4J1_4p_z5A,2,badcase,仅有 dog/pets 泛标签，主体还是娱乐短内容
285,UCox_7rMzHNaK6nzy_O3ZByQ,LHK Funny Shorts,https://www.youtube.com/channel/UCox_7rMzHNaK6nzy_O3ZByQ,3,badcase,宠物爱好者标签有，但核心是娱乐短视频，承载食品推广一般
287,UCKvCeARNon66cFfxI-VsSHA,Elaaf's Gallery,https://www.youtube.com/channel/UCKvCeARNon66cFfxI-VsSHA,-15,badcase,ASMR/吃播为主，属于格式不匹配，宠物食品推广不合适
290,UCu8eOEU6-qmdWaWvwgPqeEQ,Small Kh,https://www.youtube.com/channel/UCu8eOEU6-qmdWaWvwgPqeEQ,-15,badcase,主体是昆虫和野生生物，和常规宠物食品受众不符
294,UCjVHB0LuOkwVL8j9UUuP98g,DailyDoseOfPaws,https://www.youtube.com/channel/UCjVHB0LuOkwVL8j9UUuP98g,-10,badcase,以吃播娱乐为主，和宠物食品推广场景不匹配
301,UCimp79C2Pl9RZRtmib3bOMA,CUTE PETS,https://www.youtube.com/channel/UCimp79C2Pl9RZRtmib3bOMA,2,badcase,宠物娱乐号，缺少宠粮购买/测评/喂养意图
302,UCGIhisHQnFNYBtxLJrcR5ZQ,3D Playhouse,https://www.youtube.com/channel/UCGIhisHQnFNYBtxLJrcR5ZQ,1,badcase,仅有泛宠物标签，缺少宠粮购买/测评/护理意图，偏娱乐频道
304,UC3XgsR9ySa4IH5cfkHvHZmg,Ms Bernees Wayy YouTube,https://www.youtube.com/channel/UC3XgsR9ySa4IH5cfkHvHZmg,2,badcase,仅有泛购物/食品标签，缺少宠物受众与购买意图，不适合推广宠物粮
305,UCoEGtFA11ahS-dTJnao3mdg,Chinese furries,https://www.youtube.com/channel/UCoEGtFA11ahS-dTJnao3mdg,-15,badcase,内容偏furry/cosplay娱乐，与宠物食品推广受众不匹配
306,UCr7sVALwQCKXxZiy36Xb-fg,Bangladeshi Vlogger Lamim,https://www.youtube.com/channel/UCr7sVALwQCKXxZiy36Xb-fg,0,badcase,主内容是人类料理/生活，缺少宠物食品购买或喂养场景
308,UCkEhgSBWtVL7zDXtr_02pFg,TailsOfLOL.mp4,https://www.youtube.com/channel/UCkEhgSBWtVL7zDXtr_02pFg,0,badcase,缺少宠物食品相关标签和内容，无法支持推广判断
310,UC2MBr_eWKR0tCuqsCmU2sjQ,Business Snap,https://www.youtube.com/channel/UC2MBr_eWKR0tCuqsCmU2sjQ,-15,badcase,频道为金融商业类，和宠物食品推广目标明显不符
311,UCi4Ha6ftHqOrOJJNI8P9G3w,Josie Davis,https://www.youtube.com/channel/UCi4Ha6ftHqOrOJJNI8P9G3w,0,badcase,主体是演艺播客，缺少宠物食品推广场景
315,UCTrpQ1vLvomyh8CDzoTJxgQ,Woodworking Arts,https://www.youtube.com/channel/UCTrpQ1vLvomyh8CDzoTJxgQ,-14,badcase,木工/ASMR为主，宠物食品受众不匹配，仅有泛动物弱相关
317,UCdPoXNqsHr78twL4lhcu1Tg,Maker Shorts 2.0 [创客短裤2.0 官方渠道],https://www.youtube.com/channel/UCdPoXNqsHr78twL4lhcu1Tg,-14,badcase,以动物搞笑/攻击类短视频为主，缺少宠物粮购买或测评意图，不适合推广
326,UCyUbAe2_BAeYUmq3XcSyR7Q,Wildcam Video USA,https://www.youtube.com/channel/UCyUbAe2_BAeYUmq3XcSyR7Q,0,badcase,无标签无内容，和宠粮推广无关
328,UCpwiO5wMTv79gCbWWt7swJA,DIAMOND CHRONICLES,https://www.youtube.com/channel/UCpwiO5wMTv79gCbWWt7swJA,0,badcase,泛美食/娱乐，缺少宠物消费场景
333,UCrgQ8tGOeQfei0clUgWrfWw,Animals lovers,https://www.youtube.com/channel/UCrgQ8tGOeQfei0clUgWrfWw,-10,badcase,故事型动物内容，不是宠粮投放位
335,UC1iWjZX8xuGJMBxUMtALFiQ,Wild Rescue Shelter,https://www.youtube.com/channel/UC1iWjZX8xuGJMBxUMtALFiQ,0,badcase,无相关标签，明显不匹配
336,UCv5R_Lzpu-4PopdHiDaH7-A,Chef Cat ChangAn,https://www.youtube.com/channel/UCv5R_Lzpu-4PopdHiDaH7-A,10,badcase,有cat food标签，但主体是猫烹饪娱乐
337,UCqLqVa62259JdlsVVot0kXg,Les Sancho,https://www.youtube.com/channel/UCqLqVa62259JdlsVVot0kXg,0,badcase,旅行内容为主，和宠粮无关
339,UCSbuECwQeGN-Y8vSaX98iVQ,PuffPaw,https://www.youtube.com/channel/UCSbuECwQeGN-Y8vSaX98iVQ,0,badcase,DIY整活频道，缺少宠物消费场景
340,UCicmjUC8pG_3jwFo9m-va1g,The Freeze Dried Business,https://www.youtube.com/channel/UCicmjUC8pG_3jwFo9m-va1g,0,badcase,冻干食品业务偏人食，不是宠粮场景
345,UCB26vLg2PnYvijArYvvg6jQ,Amazing Chinese Gadgets,https://www.youtube.com/channel/UCB26vLg2PnYvijArYvvg6jQ,0,badcase,吃播娱乐向，和宠粮投放无关
346,UCS2qMWCYdmvVH1zVsVWF8qQ,PAP CAT,https://www.youtube.com/channel/UCS2qMWCYdmvVH1zVsVWF8qQ,-10,badcase,猫宠+灵异悬疑，和宠粮推广不匹配
349,UC8rv3EEvlEsk8WwqSYOCYRw,Linda's Pantry,https://www.youtube.com/channel/UC8rv3EEvlEsk8WwqSYOCYRw,0,badcase,家常储粮频道，非宠粮推广场景
352,UC8qMgL_UrkcSO9iRPoCI8lQ,LAURA N NEW YORK,https://www.youtube.com/channel/UC8qMgL_UrkcSO9iRPoCI8lQ,1,badcase,有宠物词但偏病毒短视频，食品意图很弱
354,UCTv8qU3VRWMVQPtlGMGp37g,Nexa Shorts,https://www.youtube.com/channel/UCTv8qU3VRWMVQPtlGMGp37g,0,badcase,泛娱乐短视频频道，和宠物食品推广无关
356,UCW_UWko75EzPm-CEwqKSDYQ,ASMR LEGO Toys  puppies and kitten lovers,https://www.youtube.com/channel/UCW_UWko75EzPm-CEwqKSDYQ,-10,badcase,ASMR/萌宠音效为主，强格式错配，不适合宠物食品
357,UCpl_IzGkoQbiMtbGldqSYSg,PETORA,https://www.youtube.com/channel/UCpl_IzGkoQbiMtbGldqSYSg,1,badcase,动物奇观科普为主，宠物食品相关性很弱
360,UCEfaOn-a-MlohX4E8GI5W7w,Dance Hunter,https://www.youtube.com/channel/UCEfaOn-a-MlohX4E8GI5W7w,0,badcase,无标签且无宠物语境，相关性不足
366,UCos5rC8RExik9MuuncEkmAg,LifeWithFarida,https://www.youtube.com/channel/UCos5rC8RExik9MuuncEkmAg,0,badcase,人类美食频道，与宠物食品目标不匹配
369,UCe5sgViRMl_rDMczPjky_RA,Cat vs Kati,https://www.youtube.com/channel/UCe5sgViRMl_rDMczPjky_RA,-15,badcase,动画吃播+ASMR格式，和宠物食品推广严重错位
373,UCVZp5y-9BtEG0LxEbDuSSuw,DK3B,https://www.youtube.com/channel/UCVZp5y-9BtEG0LxEbDuSSuw,-15,badcase,儿歌/儿童娱乐频道，和宠物食品投放不匹配
374,UCWc8ABtC-vw6WMntrbJH6_g,Car Crash Test,https://www.youtube.com/channel/UCWc8ABtC-vw6WMntrbJH6_g,0,badcase,汽车测试与狗狗混杂，整体不适合宠物食品投放
379,UC-e-_M0sc3vhjuCyZ3GqtmA,All Around,https://www.youtube.com/channel/UC-e-_M0sc3vhjuCyZ3GqtmA,-9,badcase,以动物娱乐短视频为主，缺少宠物食品购买或使用意图
381,UCAzvuW2d4iC7yUjExe43kQA,JAMBRETZ BEAUTIFUL,https://www.youtube.com/channel/UCAzvuW2d4iC7yUjExe43kQA,2,badcase,仅有宠物泛标签，主内容偏游戏，缺少宠物食品推广意图
385,UC-5dIHmtQzHIdNCs7-bEdCA,Adapt 2030,https://www.youtube.com/channel/UC-5dIHmtQzHIdNCs7-bEdCA,3,badcase,仅泛食品/经济议题，与宠物食品推广目标不匹配
391,UC4slX-nzyDqeKS8o6aAjNwA,Happy Crafts Story,https://www.youtube.com/channel/UC4slX-nzyDqeKS8o6aAjNwA,-14,badcase,故事娱乐号，只有宠物泛标签，缺少宠物食品购买/测评意图
392,UCNo_M6MhRkOJ3wsp-YoRpFA,New England Wildlife & More,https://www.youtube.com/channel/UCNo_M6MhRkOJ3wsp-YoRpFA,0,badcase,仅有 pets 泛标签，内容偏人类饮食，缺少宠物食品推广意图
394,UCzyHDlqpGCYv-QVQt-IxmVg,AiDog7,https://www.youtube.com/channel/UCzyHDlqpGCYv-QVQt-IxmVg,-10,badcase,宠物向但以AI狗/卡通娱乐为主，缺少宠粮种草与购买信号
396,UCiTAXzZygN6MCf1YYtAFW5Q,Sheng's Parallel World,https://www.youtube.com/channel/UCiTAXzZygN6MCf1YYtAFW5Q,0,badcase,无标签和视频证据，缺乏宠物食品推广相关性
401,UCTIxI4IRZ7sM8DG_CAB8Flw,DHgate,https://www.youtube.com/channel/UCTIxI4IRZ7sM8DG_CAB8Flw,-5,badcase,无宠物食品相关标签，且内容偏泛娱乐/电商杂项，不适合投放
402,UCNPl63Dw6W4bFHvhYupu1Bg,React N RelateTV,https://www.youtube.com/channel/UCNPl63Dw6W4bFHvhYupu1Bg,-12,badcase,以娱乐/ASMR/mukbang为主，缺少宠物食品购买场景
406,UChj16SbtoV-i1_ugl-_-KDA,EllaLull23,https://www.youtube.com/channel/UChj16SbtoV-i1_ugl-_-KDA,0,badcase,无标签和视频证据，缺少宠物食品推广相关性
407,UC3sEkd6R2w6CS7VUBDmHLsQ,JOON,https://www.youtube.com/channel/UC3sEkd6R2w6CS7VUBDmHLsQ,-15,badcase,娱乐搞笑频道，缺少宠物喂养/购置语境，宠物食品推广不匹配
408,UCbPiAt4g3HPaHjMdITEp-yQ,The Poki guy,https://www.youtube.com/channel/UCbPiAt4g3HPaHjMdITEp-yQ,1,badcase,人类美食频道，标签无宠物受众，宠物食品推广相关性弱
412,UCQ5oY0W85EO3ZE1-1Bvhr8w,Cichlidscape,https://www.youtube.com/channel/UCQ5oY0W85EO3ZE1-1Bvhr8w,0,badcase,水族宠物圈但无宠物食品/购买意图，和投放目标关联弱
413,UCVQGIosXYBSO6rNsEifjJ8A,Little Pawsitives,https://www.youtube.com/channel/UCVQGIosXYBSO6rNsEifjJ8A,-8,badcase,宠物向但以ASMR为主，缺少宠物食品/购买意图，推广格式不匹配
417,UClnhlwspRb071oRpMoTHt5Q,Kobutor People,https://www.youtube.com/channel/UClnhlwspRb071oRpMoTHt5Q,1,badcase,偏鸽鸟繁育内容，缺少宠物食品购买或喂养意图
424,UCNwCvx4nd7WjZl_TnXNMEzw,MariaLovesArt,https://www.youtube.com/channel/UCNwCvx4nd7WjZl_TnXNMEzw,2,badcase,宠物/猫题材但偏娱乐，无宠粮购买或喂养意图
429,UCOP2Rs8sHQ_0dmk_WdlvK4w,Steelofunkboogi,https://www.youtube.com/channel/UCOP2Rs8sHQ_0dmk_WdlvK4w,1,badcase,以游戏杂项为主，宠物词只是边缘露出
431,UCAU0lg5hhTvYYlPQYip53tQ,Cute pet zoo,https://www.youtube.com/channel/UCAU0lg5hhTvYYlPQYip53tQ,-10,badcase,ASMR吃播型内容，和宠粮投放格式明显不匹配
433,UCHvqbvOU_Wg88lqqEp5keHA,Relax Laze,https://www.youtube.com/channel/UCHvqbvOU_Wg88lqqEp5keHA,-15,badcase,放松音乐频道，音频型内容不适合宠粮投放
434,UCWsdY2OyKpCtmco89KclOwQ,Nascar _Nana Gang Official,https://www.youtube.com/channel/UCWsdY2OyKpCtmco89KclOwQ,1,badcase,动物梗图为主，缺少宠粮购买或护理语境
436,UCKfnpgL3eUZd1cT2FFLdf1w,Silver PrettyUSA 🤞,https://www.youtube.com/channel/UCKfnpgL3eUZd1cT2FFLdf1w,-10,badcase,ASMR吃播/满足系内容，明显不适合宠粮推广
437,UCIXXFM0b0qgCX2SgK7h36zA,oddlyfun.02,https://www.youtube.com/channel/UCIXXFM0b0qgCX2SgK7h36zA,-15,badcase,纯ASMR与奇趣视觉内容，和宠粮几乎无关
439,UCHbehFBGoNvTe8JVrRVwHnA,CRAZY CURRY,https://www.youtube.com/channel/UCHbehFBGoNvTe8JVrRVwHnA,1,badcase,烹饪生活频道为主，宠物词过弱，不适合宠粮
443,UCiseIzCWocKYwHvt9CyJH8A,Knox81,https://www.youtube.com/channel/UCiseIzCWocKYwHvt9CyJH8A,-15,badcase,影视娱乐频道，和宠粮推广场景不匹配
446,UCKiN8ZiFwQ1EZozLWCNQPCA,SovandaHOAT,https://www.youtube.com/channel/UCKiN8ZiFwQ1EZozLWCNQPCA,-13,badcase,ASMR+游戏/玩具内容，和宠粮投放格式不匹配
447,UC7B2Q-yO8kZ9q8reb49mIAw,MOCAT SHORT,https://www.youtube.com/channel/UC7B2Q-yO8kZ9q8reb49mIAw,-8,badcase,卡通娱乐为主，宠物受众有但投放场景差
452,UCA3McsOOtI2kXmSJWH_jijw,Furry Adventures,https://www.youtube.com/channel/UCA3McsOOtI2kXmSJWH_jijw,-2,badcase,宠物娱乐为主，缺少宠粮购买意图
453,UCBq0s8QPrgBIUcjnocM7UjQ,Babydraem,https://www.youtube.com/channel/UCBq0s8QPrgBIUcjnocM7UjQ,-9,badcase,动画娱乐向，宠物食品投放不匹配
456,UCvZg16utObatO2A2mmIPfpA,Farmer Boy Art,https://www.youtube.com/channel/UCvZg16utObatO2A2mmIPfpA,0,badcase,纯园艺内容，和宠物食品无关
458,UCaluGkzXLfn9AiPclU2AoVA,safya reacts,https://www.youtube.com/channel/UCaluGkzXLfn9AiPclU2AoVA,-10,badcase,吃播娱乐为主，和宠物食品不匹配
459,UC8qprgFQb5S699jF3KLDPoA,Team Ninjaduece,https://www.youtube.com/channel/UC8qprgFQb5S699jF3KLDPoA,-14,badcase,游戏虚拟宠物语境，非真实宠物投放
460,UCCCKDPfhpXssVfkhXqEAtuA,RicoTrap,https://www.youtube.com/channel/UCCCKDPfhpXssVfkhXqEAtuA,-7,badcase,meme娱乐向，缺少宠物购买语境
461,UC_eDvjK8DcMa-fD3Yc4DnhA,Pets Storey,https://www.youtube.com/channel/UC_eDvjK8DcMa-fD3Yc4DnhA,-7,badcase,猫meme娱乐向，转化场景弱
462,UCGFTXtqO1G7Wq5lXg0wFrxg,Hamidreza Bolhasani,https://www.youtube.com/channel/UCGFTXtqO1G7Wq5lXg0wFrxg,0,badcase,生活杂谈为主，宠物标签很弱
465,UCDhemapRS4OfAfzTn5kYuvA,Judy's WildSense AI,https://www.youtube.com/channel/UCDhemapRS4OfAfzTn5kYuvA,-8,badcase,AI猫短视频娱乐向，不适合投放
467,UC0bXm7SnF_ssc47s6Ab8Yhg,Jack Du,https://www.youtube.com/channel/UC0bXm7SnF_ssc47s6Ab8Yhg,0,badcase,包装机械制造内容，与宠物食品无关
469,UCUyAXYScCdQk9mIRH7rdNZQ,Anita Gifted Creations,https://www.youtube.com/channel/UCUyAXYScCdQk9mIRH7rdNZQ,2,badcase,宠物手工艺术频道，宠粮转化链路弱
471,UCxqngT-Nrczfe1H_MSKg__g,Mimi Ms Monica2U,https://www.youtube.com/channel/UCxqngT-Nrczfe1H_MSKg__g,0,badcase,生活频道为主，宠物信号很弱
472,UCYRDdicBXeo2zYB6Lg-oK7w,Raphael Gomes,https://www.youtube.com/channel/UCYRDdicBXeo2zYB6Lg-oK7w,0,badcase,美食vlog频道，受众与宠物食品无关
473,UCioCFqC37mI3LIBi-k2dLjw,Royal Frenchel Frenchies by Anahata Graceland,https://www.youtube.com/channel/UCioCFqC37mI3LIBi-k2dLjw,0,badcase,名称指向法斗犬，但标签缺失，证据不足
474,UCBH0513-zuvdOFExk_iIfcA,Family Pugs LL,https://www.youtube.com/channel/UCBH0513-zuvdOFExk_iIfcA,0,badcase,名称指向巴哥犬，但标签缺失，证据不足
476,UCBUSJr59NBHHF7_g_WvmNig,The Wonky Compass AdVANtures,https://www.youtube.com/channel/UCBUSJr59NBHHF7_g_WvmNig,2,badcase,旅行家庭频道，仅有泛宠物与泛食品信号
477,UC5_XIWxdiYe1UW3xm2WgL4A,Animals LifeStyle,https://www.youtube.com/channel/UC5_XIWxdiYe1UW3xm2WgL4A,1,badcase,异宠和猫内容为主，宠物食品意图很弱
479,UCZmbyFCcLEq9ePqEAelgI_g,POPPA JOE 2240 TV,https://www.youtube.com/channel/UCZmbyFCcLEq9ePqEAelgI_g,-15,badcase,纯泛娱乐频道，与宠物食品投放无关
481,UCgdqQaSK8_OPflrvaF6rCMw,Great Lakes Country,https://www.youtube.com/channel/UCgdqQaSK8_OPflrvaF6rCMw,0,badcase,人类烹饪频道，不适合宠物食品推广
486,UCZcsA5CYLtM3U8OMmWYp4JQ,unbusyLee & 5 pets,https://www.youtube.com/channel/UCZcsA5CYLtM3U8OMmWYp4JQ,0,badcase,生活方式频道，宠物元素不足
488,UC57u5M-mbI8zsIMrSEd51fQ,Hamza Randhawa,https://www.youtube.com/channel/UC57u5M-mbI8zsIMrSEd51fQ,-5,badcase,动物救助短视频，非宠物食品投放场景
489,UCgXrNUokx_Zgprns3z6zqSg,Nutrition with Judy,https://www.youtube.com/channel/UCgXrNUokx_Zgprns3z6zqSg,0,badcase,人类健康频道，与宠物食品不相关
490,UCaNQVOe9JTIqHO2SZ9nNcQA,frazier hanes,https://www.youtube.com/channel/UCaNQVOe9JTIqHO2SZ9nNcQA,2,badcase,亲子生活泛内容，宠物食品信号很弱
492,UCSuCAO0udbOOxXHQlbY1FxA,AllDogsGoToHeaven,https://www.youtube.com/channel/UCSuCAO0udbOOxXHQlbY1FxA,-10,badcase,犬宠搞笑娱乐为主，投放意图弱
493,UCpnSTUe-9FR5jg9bIsHtvXQ,Shirl’s Strange Thing’s,https://www.youtube.com/channel/UCpnSTUe-9FR5jg9bIsHtvXQ,0,badcase,人类美食频道，和宠物食品无关
495,UCCNwYcOSlx3rMRBfSuNrzPg,Storytime Fun!,https://www.youtube.com/channel/UCCNwYcOSlx3rMRBfSuNrzPg,-9,badcase,故事化娱乐频道，属于明显格式不匹配
496,UCD_v-Mk4sVDwBlX3e6BblaA,Happy Hippos,https://www.youtube.com/channel/UCD_v-Mk4sVDwBlX3e6BblaA,0,badcase,泛娱乐频道，宠物食品相关性不足
498,UC6wCRf6uYNpy8pdYOobJs-A,Cats and other pets,https://www.youtube.com/channel/UC6wCRf6uYNpy8pdYOobJs-A,-8,badcase,猫宠物娱乐频道，缺少食品或营养信号
499,UCVxJxXoBOkuzvFDS1amJGbQ,Pets House,https://www.youtube.com/channel/UCVxJxXoBOkuzvFDS1amJGbQ,-7,badcase,宠物搞笑频道，偏娱乐不偏喂养
500,UCItDmit6Yy5-hazNSdoDYuA,OFF GRID HOMESTEADING With The Boss Of The Swamp,https://www.youtube.com/channel/UCItDmit6Yy5-hazNSdoDYuA,0,badcase,户外自给自足频道，与宠物食品无关
2101,UCamknKoBs8peolwhoL1l6Fg,SugarBlox,https://www.youtube.com/channel/UCamknKoBs8peolwhoL1l6Fg,1,badcase,游戏频道仅有pets弱相关，宠物食品推广价值低
2102,UCaNpHuUK9B_148bmZDkHfRQ,Hamvord,https://www.youtube.com/channel/UCaNpHuUK9B_148bmZDkHfRQ,0,badcase,技术工程类频道，无宠物受众或购买语境
2103,UCPQ5ikc_moDzeOZaZ74e_dQ,BizMove,https://www.youtube.com/channel/UCPQ5ikc_moDzeOZaZ74e_dQ,0,badcase,商业创业频道，和宠物食品缺少受众重叠
2104,UCDp5fEdrUp2XPEvEELy4_iw,TooTool,https://www.youtube.com/channel/UCDp5fEdrUp2XPEvEELy4_iw,0,badcase,DIY工具泛内容，缺少宠物消费场景
2106,UCXscwCVOk653HlNY9wwES_w,Cognizant,https://www.youtube.com/channel/UCXscwCVOk653HlNY9wwES_w,0,badcase,AI企业科技频道，和宠物食品无关
2107,UCoD5Hyc9u5-4vX6aU9hgmdg,Trending Today,https://www.youtube.com/channel/UCoD5Hyc9u5-4vX6aU9hgmdg,0,badcase,泛资讯频道，缺少宠物内容与消费意图
2108,UCfun9Yi9i-TWeAMd3SJq3Qg,MABOLO TWO,https://www.youtube.com/channel/UCfun9Yi9i-TWeAMd3SJq3Qg,0,badcase,汽车骑行内容为主，与宠物食品无关
2109,UC5ocI9-mBt8O-eVZdNOqQ8g,KOB 4,https://www.youtube.com/channel/UC5ocI9-mBt8O-eVZdNOqQ8g,0,badcase,新闻频道，缺少宠物受众和购买场景
2110,UCOW5WH9s5fDaM15m9iIGoow,Chris Marrano,https://www.youtube.com/channel/UCOW5WH9s5fDaM15m9iIGoow,0,badcase,电商营销频道，和宠物食品缺乏直接相关
2112,UCecWeU5eJHtqIygUUL8Tq-w,Las Vegas Ranger Outdoors,https://www.youtube.com/channel/UCecWeU5eJHtqIygUUL8Tq-w,0,badcase,摩托内容占主导，宠物标签不足以支撑投放
2113,UCKuwDeX2qpiADeuuJQWJtMg,Dust of Empires,https://www.youtube.com/channel/UCKuwDeX2qpiADeuuJQWJtMg,0,badcase,历史军事频道，与宠物食品受众不匹配
2114,UCGUP3z1vncxUfKAScmtVAbQ,WaysAndHow,https://www.youtube.com/channel/UCGUP3z1vncxUfKAScmtVAbQ,0,badcase,健身健康频道，不是宠物消费语境
2115,UCbIfhv_oqdnFNthEQ2Pqmxg,EllisLamarMusic,https://www.youtube.com/channel/UCbIfhv_oqdnFNthEQ2Pqmxg,0,badcase,音乐娱乐频道，宠物标签不足以形成投放相关性
2116,UCQMTElDKVliGdLBoaPxwYlA,K2RaW,https://www.youtube.com/channel/UCQMTElDKVliGdLBoaPxwYlA,-15,badcase,恐怖短片娱乐频道，和宠物食品推广明显不匹配
2117,UC-syrKWCDhGPQT9mbhvsfBQ,Katlyn,https://www.youtube.com/channel/UC-syrKWCDhGPQT9mbhvsfBQ,0,badcase,舞蹈娱乐频道，缺少宠物食品受众
2119,UCE-aNy_QiOBa0eCVclzx5LA,Huaisheng Packaging,https://www.youtube.com/channel/UCE-aNy_QiOBa0eCVclzx5LA,0,badcase,包装工厂频道，与宠物食品推广无关
2120,UCVrZ1cUUCFHIvcK6_idWvzA,Ron Flaviano,https://www.youtube.com/channel/UCVrZ1cUUCFHIvcK6_idWvzA,0,badcase,复古广告频道，缺少宠物购买语境
2121,UCSE8wETXNcZBLVBhTw4AmDA,"Cynthia Thurlow, NP",https://www.youtube.com/channel/UCSE8wETXNcZBLVBhTw4AmDA,0,badcase,女性健康营养频道，不是宠物食品场景
2122,UCTkhetliOHCDUPIKWI8o_1A,Tactic TV,https://www.youtube.com/channel/UCTkhetliOHCDUPIKWI8o_1A,1,badcase,混合娱乐频道，仅pets弱相关
2123,UCfhakx4wkmCM8XVu1KHsOww,Fatima Francesa,https://www.youtube.com/channel/UCfhakx4wkmCM8XVu1KHsOww,0,badcase,护理美妆vlog，和宠物食品缺少相关性
2124,UCAKNBgf-Slz1wLU_GGCBtIA,Southernbelle Reacts,https://www.youtube.com/channel/UCAKNBgf-Slz1wLU_GGCBtIA,-15,badcase,反应类恐怖娱乐频道，不适合宠物食品投放
2125,UCkk2iQHE0b8T22QTBYpMEzg,Kung Pao Penny,https://www.youtube.com/channel/UCkk2iQHE0b8T22QTBYpMEzg,0,badcase,AI搞笑娱乐频道，与宠物食品无关
2126,UCpQoq8q2m04AfSilgsxnNqw,The Courage Network,https://www.youtube.com/channel/UCpQoq8q2m04AfSilgsxnNqw,0,badcase,健康励志泛内容，缺少宠物食品受众信号
2127,UCaSJbiE5uKC8PrFMd4QwtTA,Southern Miss Student Media,https://www.youtube.com/channel/UCaSJbiE5uKC8PrFMd4QwtTA,0,badcase,新闻校园向，和宠物食品推广不匹配
2128,UCgpV_dPpYZHAVaQHJI_ERxg,mcpdmedia,https://www.youtube.com/channel/UCgpV_dPpYZHAVaQHJI_ERxg,0,badcase,警务安全内容，与宠物食品关联弱
2129,UC673WfesrYoCgG9VsekGlEQ,LOCAL 12,https://www.youtube.com/channel/UC673WfesrYoCgG9VsekGlEQ,0,badcase,本地新闻为主，缺少宠物相关语境
2130,UCvQhV0impINSA08m-Dv_l-g,J7409,https://www.youtube.com/channel/UCvQhV0impINSA08m-Dv_l-g,0,badcase,天气预报频道，和宠物食品推广无关
2131,UCs50mIETEliF4kD8chdWfIA,Comic Dub,https://www.youtube.com/channel/UCs50mIETEliF4kD8chdWfIA,-15,badcase,漫画配音娱乐向，属内容消费而非推广场景
2132,UC_LbKWZQACLdboZyv6UQreg,Darian Explores,https://www.youtube.com/channel/UC_LbKWZQACLdboZyv6UQreg,0,badcase,旅行vanlife内容，和宠物食品受众不重合
2134,UCtJO_mSM2PL2mnNsV36sMig,CG14,https://www.youtube.com/channel/UCtJO_mSM2PL2mnNsV36sMig,-12,badcase,ASMR/mukbang娱乐向，和宠物食品推广错位
2135,UCetSJNMOgQ-IfkVvjO6D3iQ,AN Productions,https://www.youtube.com/channel/UCetSJNMOgQ-IfkVvjO6D3iQ,0,badcase,历史/游戏杂内容，缺少宠物食品推广信号
2137,UCiU1bkZyYJhZJwDMLb5NLKA,Triệu Dân,https://www.youtube.com/channel/UCiU1bkZyYJhZJwDMLb5NLKA,0,badcase,农场/生存向，缺少宠物食品推广信号
2138,UCAaowto3ZgacleTm_te6PIw,NedaaRabeiنداء ربيع,https://www.youtube.com/channel/UCAaowto3ZgacleTm_te6PIw,-15,badcase,纯娱乐梗视频，和商品推广场景不符
2139,UC-AjFM0ReVJw9M_Pm1Gh8FQ,Happy And Fun,https://www.youtube.com/channel/UC-AjFM0ReVJw9M_Pm1Gh8FQ,-10,badcase,表情包娱乐向，不适合宠物食品推广
2140,UCNPLygwA96bE6VNAvoOlWJQ,𝑭𝒂𝒓𝑪𝒂𝒎𝒔,https://www.youtube.com/channel/UCNPLygwA96bE6VNAvoOlWJQ,0,badcase,旅行娱乐频道，和宠物食品目标不重合
2141,UC-1EkYIf2VU6m129eM6Mn-w,Herald Muse,https://www.youtube.com/channel/UC-1EkYIf2VU6m129eM6Mn-w,-10,badcase,Kpop娱乐向，和宠物食品推广场景不匹配
2142,UC5K-_hLddO4geho8uu19SsA,ACEBOTT,https://www.youtube.com/channel/UC5K-_hLddO4geho8uu19SsA,0,badcase,机器人教育内容，与宠物食品关联弱
2143,UC-iBotsaIl6E6QOew8p8mNg,Dao Farm Life,https://www.youtube.com/channel/UC-iBotsaIl6E6QOew8p8mNg,0,badcase,农场生活内容，缺少宠物食品推广语境
2144,UCi2vY7tw7xbfQgYeLn4pgqg,okayliyah,https://www.youtube.com/channel/UCi2vY7tw7xbfQgYeLn4pgqg,0,badcase,母婴vlog为主，与宠物食品不相关
2145,UC0VIv4SJxG6wtauZv1sqdaQ,carley 🎀,https://www.youtube.com/channel/UC0VIv4SJxG6wtauZv1sqdaQ,0,badcase,手作钩织频道，和宠物食品推广无关
2146,UCnsNYnnppqBuo5tGB8uEtOw,Fixing With Passion,https://www.youtube.com/channel/UCnsNYnnppqBuo5tGB8uEtOw,0,badcase,汽车维修内容，和宠物食品目标不重合
2147,UCJstEhrZIvkkatypuQ3_BDg,Triệu Thị Long,https://www.youtube.com/channel/UCJstEhrZIvkkatypuQ3_BDg,0,badcase,农耕家庭vlog，和宠物食品推广关联弱
2148,UCRwu8FfXFI6g9ZktVHuzTCg,Orphans Boys Daily Life,https://www.youtube.com/channel/UCRwu8FfXFI6g9ZktVHuzTCg,0,badcase,生存叙事内容，不适合宠物食品推广
2149,UCkdG9v97Q4KdH6FD1THLFjw,Applaud Events,https://www.youtube.com/channel/UCkdG9v97Q4KdH6FD1THLFjw,0,badcase,活动旅游混合内容，缺少宠物食品受众
2150,UCZFlnZmt84blMjOqRS5bPGg,MyFixitUpLife home improvement pros Mark & Theresa,https://www.youtube.com/channel/UCZFlnZmt84blMjOqRS5bPGg,0,badcase,家装DIY向，与宠物食品推广不相关
2151,UCbBb6V63E3nX0XhnX94UyYg,R.N.A Music,https://www.youtube.com/channel/UCbBb6V63E3nX0XhnX94UyYg,0,badcase,DIY/户外/宠物混杂，缺少宠物食品购买或喂养语境
2152,UCCW0hoPYh0AOg1h5zGKCvUw,Noah,https://www.youtube.com/channel/UCCW0hoPYh0AOg1h5zGKCvUw,-15,badcase,表情包娱乐为主，和宠物食品推广明显不适配
2154,UCWkz_GCd5F_qKgq1TDoKn6Q,Hydraulic Tools,https://www.youtube.com/channel/UCWkz_GCd5F_qKgq1TDoKn6Q,0,badcase,以救援和机械工具为主，和宠物食品无关
2155,UCB-UY_HpZgYMfkYi2Xxs-lA,Zueljin Gaming,https://www.youtube.com/channel/UCB-UY_HpZgYMfkYi2Xxs-lA,-15,badcase,游戏频道，受众与宠物食品促销不匹配
2156,UClHBXA1DMdd_x5TY0N8svow,TEAM AMERICA,https://www.youtube.com/channel/UClHBXA1DMdd_x5TY0N8svow,-15,badcase,体育政治娱乐混合，和宠物食品推广无关
2157,UC2GcC2fZgX8mgs0CtLuWtFQ,Lý Thị Duyên,https://www.youtube.com/channel/UC2GcC2fZgX8mgs0CtLuWtFQ,0,badcase,农场日常为主，没有宠物食品购买或喂养语境
2158,UC6aj7C4tjSCZZf0hijuaT9A,Mom Belle Of New York,https://www.youtube.com/channel/UC6aj7C4tjSCZZf0hijuaT9A,0,badcase,趋势热视频为主，缺少宠物食品相关受众
2159,UCPWQWav6BpPvtanCtloXkiw,The CW Network,https://www.youtube.com/channel/UCPWQWav6BpPvtanCtloXkiw,-15,badcase,电视综艺和摔角为主，和宠物食品推广不适配
2160,UCeznilKwkw8PzSs3YyuDaVA,Jubi,https://www.youtube.com/channel/UCeznilKwkw8PzSs3YyuDaVA,0,badcase,以二手捡漏和杂货为主，宠物食品相关性弱
2161,UCgjBZi3DnL-7Y40Eqm9C3hQ,Niki D,https://www.youtube.com/channel/UCgjBZi3DnL-7Y40Eqm9C3hQ,0,badcase,书籍内容频道，和宠物食品无关
2162,UC7V7vNmwzCOvRinksNjSvPQ,K8 News,https://www.youtube.com/channel/UC7V7vNmwzCOvRinksNjSvPQ,0,badcase,地方新闻体育频道，与宠物食品推广关联弱
2163,UCeu77-k9p5XxpSMCVNPwLpA,My UP Now,https://www.youtube.com/channel/UCeu77-k9p5XxpSMCVNPwLpA,0,badcase,天气播报为主，和宠物食品投放场景不匹配
2164,UCSh2BRhXXMveamBDeOhubfQ,Irene Iron Travels,https://www.youtube.com/channel/UCSh2BRhXXMveamBDeOhubfQ,0,badcase,房车旅行内容，和宠物食品受众关联弱
2165,UCO_R44Y3EB8_wtdunY_GlhA,MilkyClay,https://www.youtube.com/channel/UCO_R44Y3EB8_wtdunY_GlhA,0,badcase,FNAF手工内容偏娱乐，和宠物食品无关
2166,UCCduGFXXb8Zmt94c4B4ggOw,Badlands Media,https://www.youtube.com/channel/UCCduGFXXb8Zmt94c4B4ggOw,-15,badcase,政治新闻频道，和宠物食品推广不适配
2167,UCu0Gn50PSjozOgwgPVTBB4A,WLOS News 13,https://www.youtube.com/channel/UCu0Gn50PSjozOgwgPVTBB4A,0,badcase,新闻频道为主，宠物食品相关性弱
2168,UCoZhAghn7hIyCbNV1GnFQ8g,Real Talk Stories,https://www.youtube.com/channel/UCoZhAghn7hIyCbNV1GnFQ8g,0,badcase,生活叙事为主，缺少宠物食品语境
2169,UCjk7B2jkHGykr4F9Uu_UTLg,The Big Lenny Show,https://www.youtube.com/channel/UCjk7B2jkHGykr4F9Uu_UTLg,0,badcase,播客生活话题为主，宠物食品相关性弱
2170,UCRHVXw7nzUhGlHy_LYrVsbw,Cambriea & Bobby,https://www.youtube.com/channel/UCRHVXw7nzUhGlHy_LYrVsbw,0,badcase,家庭Vlog为主，没有宠物食品购买语境
2171,UCMqxOgrysy-aYkch38uI-0g,NCCDE,https://www.youtube.com/channel/UCMqxOgrysy-aYkch38uI-0g,0,badcase,政府社区内容，和宠物食品无关
2172,UCcLLeIWDYtttEzvTEhkfshQ,Nik the Booksmith,https://www.youtube.com/channel/UCcLLeIWDYtttEzvTEhkfshQ,0,badcase,书籍装帧教程，和宠物食品无关
2174,UCE1kyhuXNwivOVCREs61XcA,Tài Xỉu,https://www.youtube.com/channel/UCE1kyhuXNwivOVCREs61XcA,-25,badcase,猫ASMR和赌博内容为主，和宠物食品促销不适配
2175,UC9vE3Ck1039qecH6HraNKUA,Lydia Faithful,https://www.youtube.com/channel/UC9vE3Ck1039qecH6HraNKUA,0,badcase,旅游女装内容，与宠物食品推广关联弱
2176,UCpE4-j-UyNujAhe2uNgCG5g,HOTO | Smarter By Design.,https://www.youtube.com/channel/UCpE4-j-UyNujAhe2uNgCG5g,0,badcase,工具DIY内容，和宠物食品推广缺少交集
2177,UC9A_wg1-xyTN00cZwk0xd5g,T Holbrook,https://www.youtube.com/channel/UC9A_wg1-xyTN00cZwk0xd5g,0,badcase,科研/健康知识频道，缺少宠物受众
2178,UCKk6TkLfOoXs2T4vfvdGlnw,Las Vegas Review-Journal,https://www.youtube.com/channel/UCKk6TkLfOoXs2T4vfvdGlnw,-10,badcase,新闻频道，和宠物食品推广不匹配
2179,UCZmcRPDhANeSiShpDGEA3Ag,Professor DIY,https://www.youtube.com/channel/UCZmcRPDhANeSiShpDGEA3Ag,0,badcase,DIY家装内容，缺少宠物食品受众
2180,UCmnwLDFfH0x9AC7kzZqbOLg,Tony Marano,https://www.youtube.com/channel/UCmnwLDFfH0x9AC7kzZqbOLg,0,badcase,政治评论内容，和宠物食品受众不符
2181,UCa_FcpOBe8G6VAR18RYS-aA,Houston Texans,https://www.youtube.com/channel/UCa_FcpOBe8G6VAR18RYS-aA,-15,badcase,体育频道，明显不适合宠物食品推广
2182,UCaWhMr24lXlBatWGMh9yAdg,23ABC News | KERO,https://www.youtube.com/channel/UCaWhMr24lXlBatWGMh9yAdg,-15,badcase,地方新闻内容，不适合宠物食品推广
2183,UCHwNbT5p0tcwHBg6oXorcJw,Nylah Akua,https://www.youtube.com/channel/UCHwNbT5p0tcwHBg6oXorcJw,0,badcase,旅行/时尚内容，缺少宠物食品受众
2184,UC97vB7M89-jUW2C0IoG8E-g,Slashley,https://www.youtube.com/channel/UC97vB7M89-jUW2C0IoG8E-g,-10,badcase,音乐反应/恐怖类娱乐内容，明显不匹配
2185,UCba62UPZyELnO1EdAtgAP2A,It's Juvandy,https://www.youtube.com/channel/UCba62UPZyELnO1EdAtgAP2A,0,badcase,烹饪日常内容，缺少宠物受众
2186,UC9ha3sh4YTCSK83dH6OlWTw,WTVR CBS 6,https://www.youtube.com/channel/UC9ha3sh4YTCSK83dH6OlWTw,0,badcase,地方新闻台内容，与宠物食品不匹配
2187,UCiXIW3CBYWymQGw_EupFB3g,Know The Cause,https://www.youtube.com/channel/UCiXIW3CBYWymQGw_EupFB3g,0,badcase,健康营养内容偏人类受众，相关度低
2188,UCOo9IuXfWzQvsrGcsmYPeyw,BulkLoads,https://www.youtube.com/channel/UCOo9IuXfWzQvsrGcsmYPeyw,0,badcase,物流/农运内容，与宠物食品受众不符
2190,UCaI_PBO7hs14nI7jCFjyafg,Feeding Battle,https://www.youtube.com/channel/UCaI_PBO7hs14nI7jCFjyafg,-15,badcase,博彩游戏/开箱内容，和宠物食品不匹配
2191,UCPXnpI8CdHVOnfGibwBJV9Q,putyourminetoit,https://www.youtube.com/channel/UCPXnpI8CdHVOnfGibwBJV9Q,0,badcase,乡村生活内容，缺少宠物食品受众
2192,UCH3jqfEGefLKWg6o16Q7ExA,Llama Mama Kayla,https://www.youtube.com/channel/UCH3jqfEGefLKWg6o16Q7ExA,0,badcase,手作DIY/购物内容，相关度很弱
2193,UC_Tf03_-lTLvMtD6LEhLWDg,BigDadT,https://www.youtube.com/channel/UC_Tf03_-lTLvMtD6LEhLWDg,-15,badcase,Roblox游戏内容，与宠物食品不符
2194,UCFZPB6ohWhcLemYj2BfwbWw,Tech Rasel,https://www.youtube.com/channel/UCFZPB6ohWhcLemYj2BfwbWw,-15,badcase,游戏/硬件内容，与宠物食品不符
2195,UCfhOAQSM9wTXGsaMbrrj6Ig,DA HOOD BLOGGER,https://www.youtube.com/channel/UCfhOAQSM9wTXGsaMbrrj6Ig,-10,badcase,说唱/播客内容，和宠物食品不匹配
2196,UC0ACi7Dv2ca2JqwkoOSdZPQ,Live Free,https://www.youtube.com/channel/UC0ACi7Dv2ca2JqwkoOSdZPQ,0,badcase,家居工具内容，缺少宠物食品受众
2198,UCZ4OZ-SF_Dtw8xlVPavaiDw,19 News,https://www.youtube.com/channel/UCZ4OZ-SF_Dtw8xlVPavaiDw,0,badcase,地方新闻/政治内容，与宠物食品不匹配
2199,UC1yc3Ad4f70-enMAgqyxUxg,RSSAKChannel,https://www.youtube.com/channel/UC1yc3Ad4f70-enMAgqyxUxg,0,badcase,短视频生活流内容，缺少宠物食品受众
2200,UCOJCvBHbRIb7ZaFNDw6UxNQ,Nhim Single Mom,https://www.youtube.com/channel/UCOJCvBHbRIb7ZaFNDw6UxNQ,0,badcase,乡村单亲生活内容，相关度不足
2201,UCTrOpeOhIAQVCyAh05DkHXQ,Cool Tool,https://www.youtube.com/channel/UCTrOpeOhIAQVCyAh05DkHXQ,-10,badcase,ASMR/手工向，和宠物食品推广场景不匹配
2203,UCycrzA2LboVshHJfmj0DvGg,Orphans Hoàng Nhân,https://www.youtube.com/channel/UCycrzA2LboVshHJfmj0DvGg,0,badcase,农耕生存日常为主，缺少宠物食品受众
2204,UCUtKyaQabgD_A3Csx6yi5uQ,Shawon Vlogs,https://www.youtube.com/channel/UCUtKyaQabgD_A3Csx6yi5uQ,1,badcase,有宠物价格词，但核心是车/数码市场
2205,UCCzbbdYy_d3MRzNtzU8zYSQ,KRCR News Channel 7,https://www.youtube.com/channel/UCCzbbdYy_d3MRzNtzU8zYSQ,0,badcase,新闻政治向，宠物食品受众不集中
2206,UCo7ftLrskZUsoZPKrp2n0EA,Draw Leaf Pages,https://www.youtube.com/channel/UCo7ftLrskZUsoZPKrp2n0EA,0,badcase,手工儿童内容，和宠物食品关联弱
2207,UCnKYBTzfcyzIsd9aqczP0JQ,"KY3 News - Springfield, Mo.",https://www.youtube.com/channel/UCnKYBTzfcyzIsd9aqczP0JQ,0,badcase,新闻本地资讯向，非宠物类创作者
2208,UCYy7QTYaBJjGhJKzak91LAA,Hustla Jones,https://www.youtube.com/channel/UCYy7QTYaBJjGhJKzak91LAA,-10,badcase,塔罗/玄学内容，和宠物食品推广不符
2209,UCuzhnYtDTbhfuBQHbYwo5Zg,KTVZ News,https://www.youtube.com/channel/UCuzhnYtDTbhfuBQHbYwo5Zg,-10,badcase,新闻政治为主，和宠物食品不匹配
2210,UC43Edk-XQLWqeyCdC7s_wcw,Rasmus Auctions,https://www.youtube.com/channel/UC43Edk-XQLWqeyCdC7s_wcw,0,badcase,拍卖交易向，但缺少宠物内容
2211,UC0q6j_EisHf1o_olWCvUHdA,Rockwell Automation,https://www.youtube.com/channel/UC0q6j_EisHf1o_olWCvUHdA,0,badcase,工业自动化 B2B，和宠物食品无关
2212,UCWR9p97QAvCcvjJjEBFmxRw,LOL Jokes,https://www.youtube.com/channel/UCWR9p97QAvCcvjJjEBFmxRw,-10,badcase,喜剧内容为主，不是宠物食品推广场景
2214,UCuiAkZZ-7GqqkyDCRnCGdvg,Kombat Cup,https://www.youtube.com/channel/UCuiAkZZ-7GqqkyDCRnCGdvg,-10,badcase,纯游戏频道，与宠物食品受众无关
2215,UCbY6JRdRgTHIyGAD49N9bTQ,Dorizabelle,https://www.youtube.com/channel/UCbY6JRdRgTHIyGAD49N9bTQ,0,badcase,美妆生活向，缺少宠物受众
2216,UCINo4_cQFgvNeviX0gUnzdQ,It's Kai Denise,https://www.youtube.com/channel/UCINo4_cQFgvNeviX0gUnzdQ,0,badcase,泛生活/产品分享，但宠物相关信号不足
2217,UC3AgxXIspxGB8Mb-6bO9YlA,Hulyan and Maya,https://www.youtube.com/channel/UC3AgxXIspxGB8Mb-6bO9YlA,0,badcase,家庭亲子玩乐为主，和宠物食品不匹配
2218,UC579uNXHiuRAg6tut_NJ7pg,Mahi Art And Craft,https://www.youtube.com/channel/UC579uNXHiuRAg6tut_NJ7pg,0,badcase,纯手工频道，与宠物食品受众无关
2219,UChCndshXRp9_mRt1X-jNWQA,Lý Tiểu Giang,https://www.youtube.com/channel/UChCndshXRp9_mRt1X-jNWQA,0,badcase,单亲农居日常，宠物购买意图不明显
2220,UCaCsyNaCX8KGdL62IMmYchg,Cupid's Pact,https://www.youtube.com/channel/UCaCsyNaCX8KGdL62IMmYchg,0,badcase,多肉植物内容，和宠物食品不相关
2221,UCx3Jp1qi88hwrl2wg2WsaHQ,Ask About Home & Family,https://www.youtube.com/channel/UCx3Jp1qi88hwrl2wg2WsaHQ,0,badcase,家居网络技术向，与宠物食品无关
2223,UCkwHpGCt-C47qKH9uIAMmzw,Barley,https://www.youtube.com/channel/UCkwHpGCt-C47qKH9uIAMmzw,-10,badcase,喜剧/二创为主，不是宠物食品推广场景
2224,UCz8QsOYD8s3RcQ_-mAWbGBg,FOX 5 San Diego,https://www.youtube.com/channel/UCz8QsOYD8s3RcQ_-mAWbGBg,-10,badcase,新闻频道为主，宠物食品受众不集中
2227,UCNeInJ0Wcuoj0bQTONH8sFA,HePlaysIt,https://www.youtube.com/channel/UCNeInJ0Wcuoj0bQTONH8sFA,0,badcase,纯游戏频道，和宠物食品推广无关
2228,UCxGStGMRaOI2r8FY13-jESg,Wee Animation,https://www.youtube.com/channel/UCxGStGMRaOI2r8FY13-jESg,-15,badcase,动画娱乐号，和宠物食品推广场景明显不匹配
2230,UCocV3P8zovG02CfewlksFxA,M Mohan,https://www.youtube.com/channel/UCocV3P8zovG02CfewlksFxA,0,badcase,营销科技频道，与宠物食品受众不一致
2231,UCO44F8RJ2cgM8iwvp5JYI8g,Nashville PBS,https://www.youtube.com/channel/UCO44F8RJ2cgM8iwvp5JYI8g,0,badcase,公共媒体/社区内容为主，宠物食品相关性弱
2232,UCVaXclURQZlakiTMzuwHvRw,News 19 WLTX,https://www.youtube.com/channel/UCVaXclURQZlakiTMzuwHvRw,0,badcase,新闻频道，缺少宠物食品推广所需的宠物受众
2233,UCsc4YVJhxhUkTyxJTva3a2g,CelebScope,https://www.youtube.com/channel/UCsc4YVJhxhUkTyxJTva3a2g,0,badcase,娱乐向为主，宠物标签不足以支撑食品推广
2234,UCvRw8OyWw09DA1ndw-PWGFA,WFRV Local 5,https://www.youtube.com/channel/UCvRw8OyWw09DA1ndw-PWGFA,0,badcase,地方新闻频道，宠物食品相关性不足
2235,UC1Yhy7srC4p4m8BY13dZDYA,Pretty,https://www.youtube.com/channel/UC1Yhy7srC4p4m8BY13dZDYA,0,badcase,美妆教程频道，与宠物食品无关
2236,UCcQUt4yNQFWvijT-eMzegnQ,KPAX-TV,https://www.youtube.com/channel/UCcQUt4yNQFWvijT-eMzegnQ,0,badcase,新闻/天气频道，缺少宠物食品受众信号
2237,UCn5Hl71YTqm-QqEFmAK2wYg,Bubble Gut Brewz TV,https://www.youtube.com/channel/UCn5Hl71YTqm-QqEFmAK2wYg,0,badcase,精酿啤酒评测频道，和宠物食品购买场景不符
2238,UCsUnED0wjp-eOB3Yp0eEnLQ,Creative Makeup Open,https://www.youtube.com/channel/UCsUnED0wjp-eOB3Yp0eEnLQ,0,badcase,以美妆和娱乐为主，宠物标签不足
2239,UCqMr_ck3WaMDq13xqmFM73g,"Showcase Realty, LLC - Nancy Braun",https://www.youtube.com/channel/UCqMr_ck3WaMDq13xqmFM73g,0,badcase,房产频道，不适合宠物食品推广
2240,UCHCS1iVIKzJOIVMgosUZmDw,WBBJ,https://www.youtube.com/channel/UCHCS1iVIKzJOIVMgosUZmDw,0,badcase,地方新闻/社会频道，宠物食品相关性弱
2241,UC51qFOaopS3E2D4sVayxUCA,Tiger Talks,https://www.youtube.com/channel/UC51qFOaopS3E2D4sVayxUCA,-15,badcase,奇幻科幻娱乐向，和宠物食品推广场景冲突
2242,UCHylFFn5XicjRqfLbR0GVhA,Kamran Boss,https://www.youtube.com/channel/UCHylFFn5XicjRqfLbR0GVhA,0,badcase,偏娱乐和数码杂项，宠物食品无明显相关
2243,UCMAJV8fNdbEfvQ59VBqRB-g,Shally Way,https://www.youtube.com/channel/UCMAJV8fNdbEfvQ59VBqRB-g,0,badcase,园艺生活频道，和宠物食品推广场景不一致
2244,UCnHjN7aOxyVqYzijXvA9VQQ,Itz Vortex,https://www.youtube.com/channel/UCnHjN7aOxyVqYzijXvA9VQQ,0,badcase,游戏频道，宠物食品受众匹配度低
2245,UCDFLiE2iGUvlZMmhemzy6eA,NBC4 Columbus,https://www.youtube.com/channel/UCDFLiE2iGUvlZMmhemzy6eA,0,badcase,新闻频道，缺少宠物/喂养场景
2246,UCGAcdi8U6Abtcfgl5jLTGuQ,"WBAY TV-2 | Green Bay, WI",https://www.youtube.com/channel/UCGAcdi8U6Abtcfgl5jLTGuQ,0,badcase,新闻安全类频道，与宠物食品推广不匹配
2247,UCxqQGK59-ezyTK6JG00HhSQ,WCTV Eyewitness News,https://www.youtube.com/channel/UCxqQGK59-ezyTK6JG00HhSQ,0,badcase,以社区新闻为主，宠物食品相关性不足
2248,UCwjmA4KiRZ1AFVGE5SjjF5Q,Brittany Faith,https://www.youtube.com/channel/UCwjmA4KiRZ1AFVGE5SjjF5Q,0,badcase,生活vlog频道，宠物食品仅弱关联
2249,UC8DeHlXVAZQwxnGVSEj-qpw,Eco-Friendly Deals,https://www.youtube.com/channel/UC8DeHlXVAZQwxnGVSEj-qpw,0,badcase,以摄影和环保为主，和宠物食品无关
2250,UCB13JagIINm1I5M7NBJ4x_w,Toad Play,https://www.youtube.com/channel/UCB13JagIINm1I5M7NBJ4x_w,0,badcase,游戏频道，不适合宠物食品推广
2251,UCHY2-UtRFv1WKf4o7cpEp3w,Borderlands,https://www.youtube.com/channel/UCHY2-UtRFv1WKf4o7cpEp3w,0,badcase,游戏剧情频道，和宠粮推广无关
2252,UCI3h674Zg99ChgWd2GfG5cQ,KATC,https://www.youtube.com/channel/UCI3h674Zg99ChgWd2GfG5cQ,0,badcase,新闻天气体育频道，宠粮相关性弱
2255,UCArdOso8r3Z985CEev0o9hg,Hally,https://www.youtube.com/channel/UCArdOso8r3Z985CEev0o9hg,-10,badcase,娱乐梗图频道，和宠粮推广不匹配
2256,UC9jBSAEPF5egz7S2dT7zxEQ,SwimSwam,https://www.youtube.com/channel/UC9jBSAEPF5egz7S2dT7zxEQ,0,badcase,游泳新闻频道，和宠粮无关
2257,UC2AZCrKI5pmHJ0qJCRAz-Ug,Queen Shiba Darling,https://www.youtube.com/channel/UC2AZCrKI5pmHJ0qJCRAz-Ug,-10,badcase,真人秀娱乐频道，非宠粮受众
2258,UCmCEofjQiLDJYUCFu_zlfPA,Not Gonna Lie with Kylie Kelce,https://www.youtube.com/channel/UCmCEofjQiLDJYUCFu_zlfPA,0,badcase,亲子母婴向，非宠物食品受众
2259,UC92ZfE59sx3CTpaJii8Xm_A,Don't Know Where I'm Going Next,https://www.youtube.com/channel/UC92ZfE59sx3CTpaJii8Xm_A,0,badcase,旅行内容，和宠粮推广无关
2260,UCHAL_UurzMKDyrpddriiuXA,Air Bud TV,https://www.youtube.com/channel/UCHAL_UurzMKDyrpddriiuXA,-15,badcase,儿童娱乐向，且狗题材是剧情娱乐，不适合宠粮
2261,UCE1K1u6xQzHYazBFqQBnmlw,RunnyLOL,https://www.youtube.com/channel/UCE1K1u6xQzHYazBFqQBnmlw,0,badcase,娱乐短视频为主，非宠粮推广场景
2262,UCM9cxowXwJ1Rsy94PCF_vJg,Smokin ' Metal CarFun,https://www.youtube.com/channel/UCM9cxowXwJ1Rsy94PCF_vJg,0,badcase,汽车改装维修向，和宠粮无关
2263,UC0TOWN65CFsCWxtQ1uRu--g,"Arrow Systems, Inc.",https://www.youtube.com/channel/UC0TOWN65CFsCWxtQ1uRu--g,0,badcase,无明显内容标签，难以承接宠粮推广
2264,UCvC8WJzq0avV02X15-Ar85g,That One Super Saiyan,https://www.youtube.com/channel/UCvC8WJzq0avV02X15-Ar85g,0,badcase,游戏频道，和宠粮无关
2266,UCHAahQqEGNM-Usc4FJTAVdw,123 GO! FOOD,https://www.youtube.com/channel/UCHAahQqEGNM-Usc4FJTAVdw,-5,badcase,人类美食整活频道，不是宠粮受众
2267,UCTsqwIsZQPWkmwsxQqly8Vg,cbatilo,https://www.youtube.com/channel/UCTsqwIsZQPWkmwsxQqly8Vg,0,badcase,维修家电向，和宠粮无关
2268,UCMIftenASZwDCmalbdEwUig,Max Miles Points,https://www.youtube.com/channel/UCMIftenASZwDCmalbdEwUig,0,badcase,旅行信用卡频道，和宠粮无关
2269,UCm_jb3WuxFzi-2gWOyAi8Aw,KINO Club,https://www.youtube.com/channel/UCm_jb3WuxFzi-2gWOyAi8Aw,-15,badcase,电影解说/预告频道，娱乐属性强
2270,UCIY7gzIJRMjJ0n0t1UsatsA,Monitor Insight,https://www.youtube.com/channel/UCIY7gzIJRMjJ0n0t1UsatsA,0,badcase,显示器科技向，和宠粮无关
2272,UCzmZi-DTVBiIjq-hO-eNCnw,Ashlynne,https://www.youtube.com/channel/UCzmZi-DTVBiIjq-hO-eNCnw,0,badcase,RV生活旅行向，宠粮相关性弱
2273,UC0xQKUG5w7H3iPq3daqYh0A,Erin Branscom Author,https://www.youtube.com/channel/UC0xQKUG5w7H3iPq3daqYh0A,0,badcase,小说作者频道，和宠粮无关
2274,UCshJTmGX4HzSGK7xk2UwgHA,Matt Ross News,https://www.youtube.com/channel/UCshJTmGX4HzSGK7xk2UwgHA,0,badcase,政治新闻频道，和宠粮无关
2275,UCSPSG4QPjN3pS78lroxww4A,Boston University School of Public Health,https://www.youtube.com/channel/UCSPSG4QPjN3pS78lroxww4A,0,badcase,公卫学术频道，和宠粮无关
2276,UC8IPBb58qRabHEt_btMLScg,MR.10,https://www.youtube.com/channel/UC8IPBb58qRabHEt_btMLScg,-15,badcase,真人秀影视频道，和宠物食品推广受众明显不符
2277,UCAxQLWs21-P22TSecy8A0Dw,Balady Dogs,https://www.youtube.com/channel/UCAxQLWs21-P22TSecy8A0Dw,0,badcase,法律直播频道，与宠物食品推广无关
2278,UCDqz-TvqTF8Cupmk0MM6w6Q,Vacation Station TV.,https://www.youtube.com/channel/UCDqz-TvqTF8Cupmk0MM6w6Q,0,badcase,旅行风景频道，缺少宠物食品相关信号
2279,UCwNhk8zcGpBkey4AfgCapzg,YaBoyCarly,https://www.youtube.com/channel/UCwNhk8zcGpBkey4AfgCapzg,-15,badcase,娱乐/游戏向频道，和宠物食品推广不匹配
2280,UCmV2PIZNtP2So6xKEyeSjpA,HASUU TECH,https://www.youtube.com/channel/UCmV2PIZNtP2So6xKEyeSjpA,0,badcase,加密理财/收益内容，与宠物食品无关
2281,UCDkDKxDButZ3ltEDLjbe-_g,New Jersey 101.5,https://www.youtube.com/channel/UCDkDKxDButZ3ltEDLjbe-_g,0,badcase,新闻政治频道，宠物食品相关性很弱
2282,UCTfLsuocSTKRXK7d6y9BKtw,Ms Florida Hot Picks,https://www.youtube.com/channel/UCTfLsuocSTKRXK7d6y9BKtw,0,badcase,彩票投注技巧频道，和宠物食品推广不匹配
2283,UCGS8uESUyLr_74jign-Qfxw,Mamun Vlogs,https://www.youtube.com/channel/UCGS8uESUyLr_74jign-Qfxw,0,badcase,家具报价频道，与宠物食品受众不符
2284,UCNi0fmF44zlseNeaF512zrA,Destination Fulltime,https://www.youtube.com/channel/UCNi0fmF44zlseNeaF512zrA,0,badcase,RV旅行频道，缺少宠物食品相关受众
2285,UCBieDycFNxFmCGVWwwdCexw,MorningCoach,https://www.youtube.com/channel/UCBieDycFNxFmCGVWwwdCexw,0,badcase,效率/晨间/科技内容，与宠物食品无关
2286,UCrcuU0JXXy8oIBqEB13mrwA,WSAZ NewsChannel 3,https://www.youtube.com/channel/UCrcuU0JXXy8oIBqEB13mrwA,0,badcase,本地新闻频道，缺少宠物食品相关信号
2287,UCgat_S4Lv0aRItT0YDSz2Rw,Make Shift Happen Podcast,https://www.youtube.com/channel/UCgat_S4Lv0aRItT0YDSz2Rw,0,badcase,自我成长播客，与宠物食品推广目标偏离
2288,UCK3sZ75IBFD597W9DPB84iQ,SuperAutoGaming,https://www.youtube.com/channel/UCK3sZ75IBFD597W9DPB84iQ,-15,badcase,游戏频道为主，不适合宠物食品推广
2289,UCxjuFM6VcOj-Vt-yEJBNKOQ,KIFI Local News 8,https://www.youtube.com/channel/UCxjuFM6VcOj-Vt-yEJBNKOQ,0,badcase,新闻频道，和宠物食品推广无关
2290,UCSBeGObKlN-_ZPepn_Hf5Rw,Tongue Tied Games,https://www.youtube.com/channel/UCSBeGObKlN-_ZPepn_Hf5Rw,-15,badcase,游戏内容为主，不适合宠物食品推广
2291,UCvoSNwKpKXqAtlICjW0kazA,Bloodworks Northwest,https://www.youtube.com/channel/UCvoSNwKpKXqAtlICjW0kazA,0,badcase,献血健康频道，和宠物食品无关
2292,UCGTUbwceCMibvpbd2NaIP7A,The Weather Channel,https://www.youtube.com/channel/UCGTUbwceCMibvpbd2NaIP7A,0,badcase,天气频道为主，宠物食品相关性不足
2293,UC6f7ZJKjpf5eX4jWUZFhCQA,Patrick O'Connor | Lake Murray & Columbia SC,https://www.youtube.com/channel/UC6f7ZJKjpf5eX4jWUZFhCQA,0,badcase,房产频道，与宠物食品受众不匹配
2294,UCIA6bA_8pxzZtjboE5V3skg,Lesnoy_Duyen,https://www.youtube.com/channel/UCIA6bA_8pxzZtjboE5V3skg,0,badcase,搭建/农场/荒野内容，缺少宠物食品信号
2295,UCnqTK-gPZiJ7hlT4xyvMQ0g,Houston Chronicle,https://www.youtube.com/channel/UCnqTK-gPZiJ7hlT4xyvMQ0g,0,badcase,新闻餐饮频道，缺少宠物食品购买意图
2296,UCGYTC0ZeJjRtpr2jsOmNIXg,Living in the GA & NC Mountains- Rick Andrews,https://www.youtube.com/channel/UCGYTC0ZeJjRtpr2jsOmNIXg,0,badcase,房产山居频道，与宠物食品无关
2297,UCV1SiVuVcbdNwMX5NQGaZqQ,Madeline Montgomery,https://www.youtube.com/channel/UCV1SiVuVcbdNwMX5NQGaZqQ,0,badcase,新闻医疗频道，宠物食品相关性弱
2298,UCItg6ciWtX_T43rITlXPmkQ,Let's Get Into It,https://www.youtube.com/channel/UCItg6ciWtX_T43rITlXPmkQ,-15,badcase,游戏娱乐频道，和宠物食品推广不匹配
2299,UCc9q4YD0u1WPZNYMkXjrM2Q,Promo Pros,https://www.youtube.com/channel/UCc9q4YD0u1WPZNYMkXjrM2Q,0,badcase,折扣/金融频道，非宠物食品受众
2300,UCVvbr58tX9NV8vNu7xBFwqg,nirvgorilla,https://www.youtube.com/channel/UCVvbr58tX9NV8vNu7xBFwqg,0,badcase,软件/历史/音频内容，与宠物食品无关
2301,UCcIypi-g7eCgDPESDCUYy6g,The Henry Ford,https://www.youtube.com/channel/UCcIypi-g7eCgDPESDCUYy6g,0,badcase,博物馆历史频道，与宠物食品无关
2302,UCzTv1mLv8ykBaSuSa7pLhcw,kamran Reacts,https://www.youtube.com/channel/UCzTv1mLv8ykBaSuSa7pLhcw,-9,badcase,ASMR反应娱乐向，宠物食品推广不稳
2303,UCFVUStJ4azXbWMhFO4yTELg,KUTV 2 News Salt Lake City,https://www.youtube.com/channel/UCFVUStJ4azXbWMhFO4yTELg,0,badcase,新闻频道，缺少宠物或购买场景
2304,UCp3zquwHVcDdVqeEZEm_o-A,KLTV 7,https://www.youtube.com/channel/UCp3zquwHVcDdVqeEZEm_o-A,0,badcase,本地新闻为主，宠物食品相关性弱
2305,UCrWtfbfTrZn9penvY3xwWig,KAKE News,https://www.youtube.com/channel/UCrWtfbfTrZn9penvY3xwWig,0,badcase,新闻体育向，宠物食品不匹配
2306,UCrlNXHFqfkPDltPQsNJ_IHw,Christian Trucker (Nate Sanders),https://www.youtube.com/channel/UCrlNXHFqfkPDltPQsNJ_IHw,0,badcase,卡车宗教频道，宠物食品无关
2307,UC5qEPWtHLFRIjhW_3xd5g2A,With Sandra,https://www.youtube.com/channel/UC5qEPWtHLFRIjhW_3xd5g2A,0,badcase,科技证书向，缺少宠物消费场景
2308,UCQOWyPV5w9VbApWrKpjRxCw,Exoman,https://www.youtube.com/channel/UCQOWyPV5w9VbApWrKpjRxCw,1,badcase,只有动物救援弱相关，主线仍偏杂
2309,UC50SSKvkUUBsogzit2bba6w,Along The Way,https://www.youtube.com/channel/UC50SSKvkUUBsogzit2bba6w,0,badcase,旅行历史向，缺少宠物食品语境
2310,UCfZ-FvW2101oXYnPUKdGbmA,BÀN ĐÀO,https://www.youtube.com/channel/UCfZ-FvW2101oXYnPUKdGbmA,0,badcase,农机物流内容，宠物食品无关
2311,UCfjvEhw87LGduwCUPi6jkkQ,Times and Democrat,https://www.youtube.com/channel/UCfjvEhw87LGduwCUPi6jkkQ,0,badcase,体育新闻为主，不适合宠物食品
2312,UC_B1lpgj2DH_wO8T1jJnSYA,FOX10 News,https://www.youtube.com/channel/UC_B1lpgj2DH_wO8T1jJnSYA,0,badcase,新闻频道，宠物食品相关性低
2314,UC6OdKbNVXJisNWSbzq8Y5wA,Mike China Vlog,https://www.youtube.com/channel/UC6OdKbNVXJisNWSbzq8Y5wA,0,badcase,旅行科技向，与宠物食品无关
2315,UCetCK3Vy3xpDFZzABZDwTrA,Daphne's Case Files  🫆,https://www.youtube.com/channel/UCetCK3Vy3xpDFZzABZDwTrA,-15,badcase,真罪叙事为主，宠物标签不改主域
2316,UCe5P7U0QS6TzAJTB0r0iHdA,DunnZWorld,https://www.youtube.com/channel/UCe5P7U0QS6TzAJTB0r0iHdA,0,badcase,时尚穿搭向，宠物食品无关
2317,UCi3d0PYDwLwgOyidFtJpzVg,MAi SOKEA,https://www.youtube.com/channel/UCi3d0PYDwLwgOyidFtJpzVg,0,badcase,旅行美食杂内容，宠物食品语境弱
2318,UCmExSaXVBHIO8_Vohswo4UA,CBS News Atlanta,https://www.youtube.com/channel/UCmExSaXVBHIO8_Vohswo4UA,0,badcase,新闻频道，缺少宠物消费相关性
2320,UCtS501firADMhpCfJtdX2Xg,2nd Update,https://www.youtube.com/channel/UCtS501firADMhpCfJtdX2Xg,0,badcase,情感娱乐频道，与宠物食品无关
2322,UCSAF9TeJeWnxHhpNees1mng,ReaderandMediumRosalind,https://www.youtube.com/channel/UCSAF9TeJeWnxHhpNees1mng,0,badcase,塔罗玄学频道，与宠物食品无关
2323,UCziqlpzL4-1gAd5XMVb5bug,Alla Lighting Automotive LED Bulbs,https://www.youtube.com/channel/UCziqlpzL4-1gAd5XMVb5bug,0,badcase,汽车灯安装向，宠物食品无关
2332,UCqARyNoyVHBlfJIf8pzzRQw,Jackie Bites,https://www.youtube.com/channel/UCqARyNoyVHBlfJIf8pzzRQw,0,badcase,无标签无内容证据，无法支持宠物食品推广
2334,UCbBNUsV6FEk6R4yKt9uSb1A,Darin Food & Feed Treats MFG Tech 达润食品生产科技,https://www.youtube.com/channel/UCbBNUsV6FEk6R4yKt9uSb1A,-5,badcase,无相关标签，偏食品制造技术B2B，不适合宠物食品推广
2338,UC6MPSxUODYVwM4Nw4IhkcXQ,FabiJan,https://www.youtube.com/channel/UC6MPSxUODYVwM4Nw4IhkcXQ,0,badcase,无标签、无标题、无近期内容，缺少宠物食品推广相关信号
2339,UC8Ihn_fmrGLZpG888I-fE0g,Elephant,https://www.youtube.com/channel/UC8Ihn_fmrGLZpG888I-fE0g,0,badcase,无标签无内容证据，和宠物食品推广无相关信号
2342,UCJ2HMjSPrAp7x2JELObeb-A,More Media Production,https://www.youtube.com/channel/UCJ2HMjSPrAp7x2JELObeb-A,0,badcase,科技摄影教程频道，与宠物食品推广目标无关
2343,UCY82AHbxRpoM722t3dQoHXQ,Dog Mukbang ASMR,https://www.youtube.com/channel/UCY82AHbxRpoM722t3dQoHXQ,-13,badcase,犬类ASMR吃播为主，偏娱乐口味，缺少宠物食品购买/评测语境
2344,UCSHAgxSQYpKRZJ1Q2j5SZSw,WhisperAuraTingles,https://www.youtube.com/channel/UCSHAgxSQYpKRZJ1Q2j5SZSw,-8,badcase,ASMR感官内容为主，只有喂食/进食泛化标签，不适合宠物食品推广
2345,UCdhKkCoqxkFJu2sLSXYM9IA,NectarCrunch ASMR,https://www.youtube.com/channel/UCdhKkCoqxkFJu2sLSXYM9IA,-12,badcase,ASMR音频向，缺少宠物食品购买/评测信号，推广匹配度低
2346,UC5tFG3H954z87pW-XvVqG1w,Diyansh Ai,https://www.youtube.com/channel/UC5tFG3H954z87pW-XvVqG1w,0,badcase,无宠物食品相关标签或内容，缺乏推广匹配信号
2353,UCjICGC6mz3dyxgQNY38AJsA,Strobigo,https://www.youtube.com/channel/UCjICGC6mz3dyxgQNY38AJsA,0,badcase,无宠粮相关信号，无法判断为有效投放频道
2354,UCKmhCvI4uR0KfILUyjN4MFQ,Lolyshop,https://www.youtube.com/channel/UCKmhCvI4uR0KfILUyjN4MFQ,0,badcase,美妆服饰珠宝向，和宠粮推广无关
2356,UCDmxyXygt14f9E_vcc9VWLg,43BGM,https://www.youtube.com/channel/UCDmxyXygt14f9E_vcc9VWLg,-14,badcase,冥想放松BGM为主，音频格式不适合宠粮推广
2358,UC4eYwxHNv8ee4NFERbjwAWg,ArtificialAbsurdity,https://www.youtube.com/channel/UC4eYwxHNv8ee4NFERbjwAWg,0,badcase,无可用宠粮相关信号，且频道域不明
2359,UC-SFinduScPUqVuQqS5zOsg,Baby Cow,https://www.youtube.com/channel/UC-SFinduScPUqVuQqS5zOsg,-4,badcase,牛类内容为主，和宠粮推广场景不匹配
2361,UCZ4t9a5rDVlTRwgMfveiJsw,EatingFood Team,https://www.youtube.com/channel/UCZ4t9a5rDVlTRwgMfveiJsw,-13,badcase,ASMR+搞笑短视频为主，偏娱乐而非商品推广
2362,UCHxbqoBMP6nd7DOK_gs7Xgw,🫶J.T.C🫶  Jerome The Creator,https://www.youtube.com/channel/UCHxbqoBMP6nd7DOK_gs7Xgw,-15,badcase,足球赛事频道，和宠粮受众完全不匹配
2364,UC2K32NN1IVukKyVc_oVWW5g,Tom and Jerry 55,https://www.youtube.com/channel/UC2K32NN1IVukKyVc_oVWW5g,0,badcase,无宠粮或宠物受众证据，相关性很弱
2367,UCvEYTL3Ok1o9sfopIoYMcTA,Summer's Place,https://www.youtube.com/channel/UCvEYTL3Ok1o9sfopIoYMcTA,1,badcase,仅有宠物弱相关，主体仍是泛娱乐内容
2372,UCA740MG-F8XR_StFkcwNb8Q,Sylvania News,https://www.youtube.com/channel/UCA740MG-F8XR_StFkcwNb8Q,3,badcase,新闻/自然杂内容为主，宠粮相关性弱
2373,UCpwktX4wWK6WvsmMRY-BzEg,Furry Watch,https://www.youtube.com/channel/UCpwktX4wWK6WvsmMRY-BzEg,0,badcase,仅从名称看似宠物向，但缺少有效内容证据
2374,UC8yTr9mqsZ4k-8r354N48UQ,THE FUNGAMA,https://www.youtube.com/channel/UC8yTr9mqsZ4k-8r354N48UQ,0,badcase,无宠粮相关信号，频道域不明
2375,UC5MfqVw_cF3EqCVDTVMVCJA,Princess Lullaby Music,https://www.youtube.com/channel/UC5MfqVw_cF3EqCVDTVMVCJA,-12,badcase,摇篮曲音乐频道，音频/音乐格式不适合宠粮推广
2379,UCbrAiJRKTNOyC11xTG5l1MQ,Liked EXperiment,https://www.youtube.com/channel/UCbrAiJRKTNOyC11xTG5l1MQ,1,badcase,仅有泛化 food 标签，缺少宠物喂养语境，不适合宠物食品推广
2390,UC8Zxoe-VfsiZbyCSg9dY7-g,Cat TV Birds,https://www.youtube.com/channel/UC8Zxoe-VfsiZbyCSg9dY7-g,-12,badcase,Cat TV/ASMR类音频娱乐，不适合卖宠物食品
2391,UCxlQq5PAw_SiSfj2c2OAmuQ,Ribopi Homojo,https://www.youtube.com/channel/UCxlQq5PAw_SiSfj2c2OAmuQ,0,badcase,无宠物食品相关信号
2392,UC_gXTsZ69hjMtANDlR-1APA,Heyletsplay,https://www.youtube.com/channel/UC_gXTsZ69hjMtANDlR-1APA,-12,badcase,儿童玩具娱乐为主，和宠物食品不匹配
2393,UCaWwsHlAbGpCig705EgYEqg,Secia New Material,https://www.youtube.com/channel/UCaWwsHlAbGpCig705EgYEqg,0,badcase,无宠物食品相关信号
2396,UCBaFxoddQ4LrB5ZCj-Y4uXQ,Hungarian Silent Trucker,https://www.youtube.com/channel/UCBaFxoddQ4LrB5ZCj-Y4uXQ,0,badcase,无宠物食品相关信号
2398,UCCVFdcRg6X3wANWOK4tjubA,Huerta Photography & Designs,https://www.youtube.com/channel/UCCVFdcRg6X3wANWOK4tjubA,2,badcase,仅有零散猫/食物标签，主内容是摄影设计
2401,UCdQ5pD6Uh8ESQEwAgeh_mMA,Insects and Invaders,https://www.youtube.com/channel/UCdQ5pD6Uh8ESQEwAgeh_mMA,1,badcase,仅有Animal Care弱相关，主轴是除虫清洁，不适合宠物食品
2402,UCdRqpaDnT3J7WDW32A2ewwg,Flexible Packaging Solutions by BW Packaging,https://www.youtube.com/channel/UCdRqpaDnT3J7WDW32A2ewwg,0,badcase,包装机械与宠物食品推广人群不匹配
2404,UC8rLiPxOP2U9gkC4dh0Htkw,AlmostEvil 333,https://www.youtube.com/channel/UC8rLiPxOP2U9gkC4dh0Htkw,0,badcase,无有效标签或内容信号
2405,UCd_v688n6hh9tJzcElhudHw,BOEVAN PACK,https://www.youtube.com/channel/UCd_v688n6hh9tJzcElhudHw,0,badcase,包装机械B2B频道，与宠物食品无关
2406,UCkxpepZAoszfdE2JRaX8iYw,Gussys Gut,https://www.youtube.com/channel/UCkxpepZAoszfdE2JRaX8iYw,0,badcase,无标签与内容证据，无法判断为宠物食品创作者
2407,UCsyZlNZkExGLcRhJ_iLU6sw,U.S. Packaging Machine Video Hub,https://www.youtube.com/channel/UCsyZlNZkExGLcRhJ_iLU6sw,0,badcase,包装设备频道，只有food等泛词，缺少宠物消费场景
2408,UCvDBXZnfG_XeKhw9yQqWztA,DumpsterDobbs,https://www.youtube.com/channel/UCvDBXZnfG_XeKhw9yQqWztA,0,badcase,倒垃圾寻宝娱乐向，与宠物食品推广不匹配
2409,UCPxytmRgtUQB_g-O-iTteMA,BW Integrated Systems,https://www.youtube.com/channel/UCPxytmRgtUQB_g-O-iTteMA,0,badcase,工业自动化/机器人频道，不具备宠物食品受众
2410,UCjOwnheGtZBxkokS-Ouyf8w,Sachin Badole,https://www.youtube.com/channel/UCjOwnheGtZBxkokS-Ouyf8w,0,badcase,无有效标签或内容信号
2411,UCIJ0zXQLTb8li_o6gy98tWg,The Bao Crew,https://www.youtube.com/channel/UCIJ0zXQLTb8li_o6gy98tWg,0,badcase,无有效标签或内容信号
2412,UC4e0-Ex5jRs9unGKD23pCTw,Raw Bistro,https://www.youtube.com/channel/UC4e0-Ex5jRs9unGKD23pCTw,0,badcase,无有效标签或内容信号
2414,UCeHjazMPa6tIQzgVGk3BZyA,Soileau Dibblee,https://www.youtube.com/channel/UCeHjazMPa6tIQzgVGk3BZyA,0,badcase,无有效标签或内容信号
2414,UC56M81Rl9y3ADSXjvKmT5_g,The Stray Buffet,https://www.youtube.com/channel/UC56M81Rl9y3ADSXjvKmT5_g,0,badcase,无宠物食品相关标签或内容信号
2415,UC56M81Rl9y3ADSXjvKmT5_g,The Stray Buffet,https://www.youtube.com/channel/UC56M81Rl9y3ADSXjvKmT5_g,0,badcase,无有效标签或内容信号
2415,UCeHjazMPa6tIQzgVGk3BZyA,Soileau Dibblee,https://www.youtube.com/channel/UCeHjazMPa6tIQzgVGk3BZyA,0,badcase,无宠物食品相关标签或内容信号
2417,UC631Zwm3wIi_RmlZHYw8_sQ,V Ggg,https://www.youtube.com/channel/UC631Zwm3wIi_RmlZHYw8_sQ,0,badcase,无有效标签或内容信号
2419,UCKNKZ0MFWNUQCirB2s_f4oA,PetPalPicks,https://www.youtube.com/channel/UCKNKZ0MFWNUQCirB2s_f4oA,0,badcase,无标签与内容证据，无法判断为宠物食品创作者
2420,UCsMb14REtFd57IIPC19Lrww,GamingDude,https://www.youtube.com/channel/UCsMb14REtFd57IIPC19Lrww,0,badcase,无有效标签或内容信号
2422,UCIDoAVV5h-0abfoOvtfar7g,Chegwidden Ghazvini,https://www.youtube.com/channel/UCIDoAVV5h-0abfoOvtfar7g,0,badcase,无有效标签或内容信号
2423,UCV2DufS2qAc_b06bPNaPmWA,Nanthu Vlogs,https://www.youtube.com/channel/UCV2DufS2qAc_b06bPNaPmWA,1,badcase,仅有Animals等泛词，主体仍是儿童故事/生活向
2423,UCv-zmJDVcBoRxwQXQXug0Tg,Hamster Chubby's World,https://www.youtube.com/channel/UCv-zmJDVcBoRxwQXQXug0Tg,0,badcase,仅名称像宠物向，缺少食品/购买语境
2424,UCv-zmJDVcBoRxwQXQXug0Tg,Hamster Chubby's World,https://www.youtube.com/channel/UCv-zmJDVcBoRxwQXQXug0Tg,0,badcase,无有效标签或内容信号
2424,UCV2DufS2qAc_b06bPNaPmWA,Nanthu Vlogs,https://www.youtube.com/channel/UCV2DufS2qAc_b06bPNaPmWA,1,badcase,以童书/故事为主，宠物食品相关性很弱
2425,UCPmcnf9YWiBzOQd_JTHd1TQ,Pet Secrets,https://www.youtube.com/channel/UCPmcnf9YWiBzOQd_JTHd1TQ,0,badcase,无有效标签或内容信号
2427,UCDr-NsKajuHmKl0nuodTGsA,WstaR Mart,https://www.youtube.com/channel/UCDr-NsKajuHmKl0nuodTGsA,0,badcase,无标签和内容证据，无法判断与宠粮相关
2428,UCDVN2aauibjH09ekBNyVkyg,Factory World,https://www.youtube.com/channel/UCDVN2aauibjH09ekBNyVkyg,0,badcase,无标签和内容证据，无法判断与宠粮相关
2434,UCiTh-GOCMjtTITnccXvZSow,PET TAO Holistic Pet Products,https://www.youtube.com/channel/UCiTh-GOCMjtTITnccXvZSow,0,badcase,像品牌号而非创作者，且无标签证据
2435,UCZkDYigbsq-1IJ77ClO4pdQ,Rigoni Kanosh,https://www.youtube.com/channel/UCZkDYigbsq-1IJ77ClO4pdQ,0,badcase,无标签和内容证据，无法判断与宠粮相关
2436,UC1Mm2kmogMXsPI3VaIvl6rw,WellnessPetFood,https://www.youtube.com/channel/UC1Mm2kmogMXsPI3VaIvl6rw,0,badcase,像品牌号而非创作者，且无标签证据
2437,UCTTuT3RK8AxE1PAwB4AQ-Hg,GOOD VIDEO,https://www.youtube.com/channel/UCTTuT3RK8AxE1PAwB4AQ-Hg,0,badcase,无标签和内容证据，无法判断与宠粮相关
2438,UCyLAascw5_yXdGTSXoUdsag,Huniju Tuzafi,https://www.youtube.com/channel/UCyLAascw5_yXdGTSXoUdsag,0,badcase,无标签和内容证据，无法判断与宠粮相关
2439,UCwcvfG76PhVkfb3_pqewWqw,JTD PACK,https://www.youtube.com/channel/UCwcvfG76PhVkfb3_pqewWqw,0,badcase,无标签和内容证据，无法判断与宠粮相关
2440,UC-CnTWnm1ybPng-ZVrzrVVQ,Wanome Hixini,https://www.youtube.com/channel/UC-CnTWnm1ybPng-ZVrzrVVQ,0,badcase,无标签和内容证据，无法判断与宠粮相关
2441,UClVyQ3tsIIaq99YHT_SHmZQ,Very Cool Woman,https://www.youtube.com/channel/UClVyQ3tsIIaq99YHT_SHmZQ,1,badcase,泛生活频道，仅有狗标签，宠粮相关弱
2444,UCnfJyhB7hMqqYl5co2NTCpA,Lovely Pet Stories,https://www.youtube.com/channel/UCnfJyhB7hMqqYl5co2NTCpA,3,badcase,宠物故事娱乐向，缺少宠粮/测评/购买意图
2445,UCu3D4dTpDkoTgowP3x0tytw,Pom Pom Brothers,https://www.youtube.com/channel/UCu3D4dTpDkoTgowP3x0tytw,0,badcase,无标签和内容证据，无法判断与宠粮相关
2448,UCG0Wm1L4rSo9Tr1qsnOso7Q,Outdoors N Moody,https://www.youtube.com/channel/UCG0Wm1L4rSo9Tr1qsnOso7Q,1,badcase,农场/救援向为主，宠物粮投放场景不稳
2449,UCh_6ZtvQC3qTMajifcsflZw,Today Machine,https://www.youtube.com/channel/UCh_6ZtvQC3qTMajifcsflZw,0,badcase,包装机械频道，和宠粮推广目标不匹配
2450,UC09XlyxoioF_xDT50KnUozw,Li Susie,https://www.youtube.com/channel/UC09XlyxoioF_xDT50KnUozw,0,badcase,无标签和内容证据，无法判断与宠粮相关
2451,UCJz3BHgt8CPEDO8pEXcjFhA,SoloDarlingCreates,https://www.youtube.com/channel/UCJz3BHgt8CPEDO8pEXcjFhA,0,badcase,无宠物食品相关标签或内容证据
2452,UCI6SFp6cEZHKHDzFwcCxt_Q,Floofy Paw Hub,https://www.youtube.com/channel/UCI6SFp6cEZHKHDzFwcCxt_Q,0,badcase,缺少宠物食品相关标签和内容
2454,UC2OMJz7q7-tmWZF1-Hfh2kw,Gigsberg,https://www.youtube.com/channel/UC2OMJz7q7-tmWZF1-Hfh2kw,0,badcase,副业赚钱内容，和宠物粮推广不相关
2455,UC7ruXDIHUdk6EbyklV_n9Ow,Aleena Bokhari,https://www.youtube.com/channel/UC7ruXDIHUdk6EbyklV_n9Ow,0,badcase,无可用宠物食品相关信号
2456,UCgFwilOGp9I8HDSQROelxLw,10+ Years Manufacturer of Filling Packing Machines,https://www.youtube.com/channel/UCgFwilOGp9I8HDSQROelxLw,0,badcase,工业包装设备频道，不是宠物食品受众
2459,UCKz96dNsOimbjCaAICR27Mg,Kider,https://www.youtube.com/channel/UCKz96dNsOimbjCaAICR27Mg,0,badcase,无宠物食品相关标签或内容
2460,UCSxi8ahR7Sfd3c0Xl22Y0Wg,Kaboom Zoom,https://www.youtube.com/channel/UCSxi8ahR7Sfd3c0Xl22Y0Wg,-15,badcase,娱乐挑战为主，不适合宠物粮推广
2461,UCZdHU6hsPAEwNZzahFjXSYw,goodtime777,https://www.youtube.com/channel/UCZdHU6hsPAEwNZzahFjXSYw,0,badcase,无标签和内容证据，无法判断相关性
2463,UCqP-q5UJc_GuvQnctXA3bIg,Pets Ben,https://www.youtube.com/channel/UCqP-q5UJc_GuvQnctXA3bIg,0,badcase,无宠物食品相关标签或内容
2464,UCH5tdYbZLVo4bH-nc1PtUaA,The Kibble Queen,https://www.youtube.com/channel/UCH5tdYbZLVo4bH-nc1PtUaA,0,badcase,只有名称线索，缺少标签和视频证据
2466,UChoKE8Gz_UzjiXoTOreOH_A,Judy Jack,https://www.youtube.com/channel/UChoKE8Gz_UzjiXoTOreOH_A,0,badcase,无可用宠物食品相关信号
2467,UCRq-KfQzKXKNpMqfnWm6QUA,Andrew The Pet Guy,https://www.youtube.com/channel/UCRq-KfQzKXKNpMqfnWm6QUA,0,badcase,无宠物食品相关标签或内容
2468,UCKgc0xL-SQoSFGZxkePfQAg,The Pet Show with Warren Eckstein,https://www.youtube.com/channel/UCKgc0xL-SQoSFGZxkePfQAg,0,badcase,只有节目名称线索，缺少可验证标签
2472,UCpX59RKjy4VUbmJpSPpaVgA,Ur link to Pet,https://www.youtube.com/channel/UCpX59RKjy4VUbmJpSPpaVgA,0,badcase,无宠物食品相关标签或内容
2475,UCQGEbYjSGj-sdxZgM0h5qow,Timeline of Life,https://www.youtube.com/channel/UCQGEbYjSGj-sdxZgM0h5qow,0,badcase,野生动物娱乐为主，和宠物粮推广不匹配
2476,UC7j8SnlKscF6Er2_FYZHXfg,Adventures with Blake,https://www.youtube.com/channel/UC7j8SnlKscF6Er2_FYZHXfg,-15,badcase,儿童娱乐为主，受众与宠物食品投放不匹配
2481,UCaKsGYSCXSH_74yT0x7swgw,My Aura & Muse,https://www.youtube.com/channel/UCaKsGYSCXSH_74yT0x7swgw,0,badcase,泛导购频道，无宠物受众或宠粮语义
2492,UCwzhGbteG_XHux7OIzeAEwQ,Miskey's Muse,https://www.youtube.com/channel/UCwzhGbteG_XHux7OIzeAEwQ,0,badcase,纯手作缝纫内容，与宠物食品无关
2493,UCVBr0qoBjTkpRKERR5wVPfg,SDCCU,https://www.youtube.com/channel/UCVBr0qoBjTkpRKERR5wVPfg,0,badcase,金融/银行频道，和宠物食品投放无关
2497,UCc58YrlTNmJDEYH2uG_VZag,pets golf,https://www.youtube.com/channel/UCc58YrlTNmJDEYH2uG_VZag,0,badcase,主题过于混杂，无法确认宠粮相关受众
2498,UCz6DpsthEQRlpKN68z5f5zA,Farm & Home Supply Co,https://www.youtube.com/channel/UCz6DpsthEQRlpKN68z5f5zA,0,badcase,泛食品/旅游/钓鱼频道，无宠物食品信号
2501,UCRuQDG5vBOWqDObLJgodX4Q,Dragon_Misty Diaries,https://www.youtube.com/channel/UCRuQDG5vBOWqDObLJgodX4Q,0,badcase,无标签和视频证据，无法判断为宠物食品推广位
2502,UCzEojE1cN4CYK86BT25e5lg,Carepet tips,https://www.youtube.com/channel/UCzEojE1cN4CYK86BT25e5lg,0,badcase,无标签和视频证据，无法判断为宠物食品推广位
2503,UCso5aSDeLisxmaukHcTqvHw,Bokamu Poelka,https://www.youtube.com/channel/UCso5aSDeLisxmaukHcTqvHw,0,badcase,无标签和视频证据，无法判断为宠物食品推广位
2504,UC2NqnUlVDPQhICUGg0FOk7A,Zopoan Gokuta,https://www.youtube.com/channel/UC2NqnUlVDPQhICUGg0FOk7A,0,badcase,无标签和视频证据，无法判断为宠物食品推广位
2506,UCyuPbNP3YfxfB83XyVhy8Cg,Reptilian Wonders,https://www.youtube.com/channel/UCyuPbNP3YfxfB83XyVhy8Cg,0,badcase,无标签和视频证据，无法判断为宠物食品推广位
2508,UCOR--fxbiyGqOR1mdW-5D5w,Respect Shinigami,https://www.youtube.com/channel/UCOR--fxbiyGqOR1mdW-5D5w,0,badcase,无标签和视频证据，无法判断为宠物食品推广位
2509,UCCxEdfoQ_8BdMVG05lYH2ag,Roland's Reviews,https://www.youtube.com/channel/UCCxEdfoQ_8BdMVG05lYH2ag,0,badcase,无标签和视频证据，无法判断为宠物食品推广位
2510,UCBnyezByBHiChFfx4bVVrCA,Tier 1 Veterinary Medical Center,https://www.youtube.com/channel/UCBnyezByBHiChFfx4bVVrCA,0,badcase,兽医机构名但无内容证据，暂判不适合投宠粮
2511,UCOmjf4eXoibEHOQcH3_2s3Q,Jonas art studio,https://www.youtube.com/channel/UCOmjf4eXoibEHOQcH3_2s3Q,0,badcase,无标签和视频证据，无法判断为宠物食品推广位
2512,UC0P4PiHawiLM8HgMbAQCogw,WOPET,https://www.youtube.com/channel/UC0P4PiHawiLM8HgMbAQCogw,0,badcase,品牌名有宠物指向，但无标签/视频证据，判断不足
2513,UCDzJ5Yk4JaPhLn3SDYY5_cw,Dailydose Of Pets,https://www.youtube.com/channel/UCDzJ5Yk4JaPhLn3SDYY5_cw,0,badcase,宠物日常号但无宠粮内容证据，相关性不足
2514,UCRTQP7mgOnlanSAWdHSKTcQ,SD STUDIO,https://www.youtube.com/channel/UCRTQP7mgOnlanSAWdHSKTcQ,-15,badcase,剧情/娱乐解说为主，与宠物食品投放不匹配
2515,UCS81O5zAYMzKFWX1-RSqEIw,CreativeMuse,https://www.youtube.com/channel/UCS81O5zAYMzKFWX1-RSqEIw,0,badcase,无标签和视频证据，无法判断为宠物食品推广位
2516,UCZVsMd2cE0tJkch1Ytv2NAw,Kind Cat,https://www.youtube.com/channel/UCZVsMd2cE0tJkch1Ytv2NAw,0,badcase,仅有猫类名称，无宠粮内容证据，相关性不足
2517,UCRixkkcgt8Qv2TjoFxYj4mA,Max's Mom's Creations,https://www.youtube.com/channel/UCRixkkcgt8Qv2TjoFxYj4mA,0,badcase,无标签和视频证据，无法判断为宠物食品推广位
2518,UC-XNyjitfuJJLPwEF-fqtGw,Honey Guaridan,https://www.youtube.com/channel/UC-XNyjitfuJJLPwEF-fqtGw,0,badcase,无标签和视频证据，无法判断为宠物食品推广位
2519,UCbpnj9TMfAIQdG0nwFDGRYQ,Flow pack machine & packing system manufacturer,https://www.youtube.com/channel/UCbpnj9TMfAIQdG0nwFDGRYQ,0,badcase,包装机械制造号，与宠物食品创作者投放不相关
2521,UCc2fyibFamull_P1sBIpHzw,PawPowerNutrition,https://www.youtube.com/channel/UCc2fyibFamull_P1sBIpHzw,0,badcase,宠物营养名义明显，但无标签/视频证据，判断不足
2523,UCj701CBeoTL6UMcHpr5aGtQ,Joey Hudson,https://www.youtube.com/channel/UCj701CBeoTL6UMcHpr5aGtQ,0,badcase,新闻时政号，与宠物食品投放无关
2524,UCQ6d7ISLj-t3B7ViDsZcQJA,THE SMOKIN'BEAR BBQ,https://www.youtube.com/channel/UCQ6d7ISLj-t3B7ViDsZcQJA,0,badcase,人类烹饪/烧烤内容，不适合宠物食品推广
2525,UCi_Z-ZHr_oRah4xjcBM9ZRA,Harben Deraps,https://www.youtube.com/channel/UCi_Z-ZHr_oRah4xjcBM9ZRA,-15,badcase,动漫/故事解说娱乐向，与宠物食品推广不匹配
2530,UCvL1LUi2O5bjKFD5yzbHOAg,Shohei U,https://www.youtube.com/channel/UCvL1LUi2O5bjKFD5yzbHOAg,-15,badcase,爵士音乐频道，与宠物食品推广场景不符
2534,UC7C5gSinwtuZN_NSNrKDrIQ,My funny pet,https://www.youtube.com/channel/UC7C5gSinwtuZN_NSNrKDrIQ,0,badcase,偏宠物搞笑娱乐向，缺少食品购买语境
2535,UCtKqDAdoV_QJZNNwN3n0M7g,Josh Lindsey,https://www.youtube.com/channel/UCtKqDAdoV_QJZNNwN3n0M7g,0,badcase,无相关信号
2537,UCwCJte3wxW_caSC13od5zag,Adriana Tangeten03,https://www.youtube.com/channel/UCwCJte3wxW_caSC13od5zag,0,badcase,无相关信号
2538,UCGECO0wMtNgNGVLkLKZBssw,Play Random Games,https://www.youtube.com/channel/UCGECO0wMtNgNGVLkLKZBssw,0,badcase,游戏频道，与宠物食品投放无关
2539,UCqhS56cyK-fz6S_OJCXT63w,Yaya the Tango Duck,https://www.youtube.com/channel/UCqhS56cyK-fz6S_OJCXT63w,0,badcase,动物名向频道，但无宠物食品相关证据
2540,UCP0jEJ-9HeposNTowa2kz2A,pplzdude,https://www.youtube.com/channel/UCP0jEJ-9HeposNTowa2kz2A,-15,badcase,纯游戏频道，与宠物食品完全不相关
2543,UCtW5p21aB_F_7p961ebaoXA,VR360 - AVATAR,https://www.youtube.com/channel/UCtW5p21aB_F_7p961ebaoXA,-10,badcase,VR美女娱乐向内容，不适合宠物食品推广
2544,UCx3yjDo5W11XjD0wT_4GXWg,Heart Stories,https://www.youtube.com/channel/UCx3yjDo5W11XjD0wT_4GXWg,0,badcase,无相关信号
2545,UC4Z5Qn2Fbm07Oh1UhtGe0tA,Failsssss,https://www.youtube.com/channel/UC4Z5Qn2Fbm07Oh1UhtGe0tA,-15,badcase,搞笑宠物/动物合辑，娱乐属性强，投放转化弱
2546,UCHlP1EEZQXpw7UCSGAdsEog,The Kia Foundation Inc,https://www.youtube.com/channel/UCHlP1EEZQXpw7UCSGAdsEog,0,badcase,无相关标签或内容
2547,UCqJmkmka63d-hpjyvbK7eiQ,Bhigk Xdry,https://www.youtube.com/channel/UCqJmkmka63d-hpjyvbK7eiQ,0,badcase,无相关标签或内容
2548,UCtXAKZXfbQGAHwM0qocLCLg,Celi,https://www.youtube.com/channel/UCtXAKZXfbQGAHwM0qocLCLg,0,badcase,无相关标签或内容
2549,UCXvIP7UA2VPs4LdPFDPlI3w,themeparkhippies,https://www.youtube.com/channel/UCXvIP7UA2VPs4LdPFDPlI3w,0,badcase,无相关标签或内容
2550,UCCxpC-eY1VBHMqPsnEaeuZQ,"Pet Health, Nutrition and Wellness - Donna Vincent",https://www.youtube.com/channel/UCCxpC-eY1VBHMqPsnEaeuZQ,0,badcase,无相关标签或内容
2552,UCsKiENb5fku2om0ANEoGx9Q,Savage Wildlife,https://www.youtube.com/channel/UCsKiENb5fku2om0ANEoGx9Q,0,badcase,体育棒球内容与宠物食品推广无关
2554,UCn0IE3S1ygpKf4KoRP4k0cg,Minutes Story,https://www.youtube.com/channel/UCn0IE3S1ygpKf4KoRP4k0cg,0,badcase,无标签，无宠物食品匹配信号
2556,UCXWyo8QX5KJpv2jFQwcKUIw,MR Kitche,https://www.youtube.com/channel/UCXWyo8QX5KJpv2jFQwcKUIw,0,badcase,无标签，无宠物食品匹配信号
2557,UCLFBr6_lY6eJuKmp7To0s8w,Retro Advertisement Archive,https://www.youtube.com/channel/UCLFBr6_lY6eJuKmp7To0s8w,0,badcase,无标签，无宠物食品匹配信号
2558,UCYuIJLhG75JQJ28CKCZ-V4g,CatStory KG,https://www.youtube.com/channel/UCYuIJLhG75JQJ28CKCZ-V4g,0,badcase,无标签，无宠物食品匹配信号
2559,UCJQ3BiDyM_MGKUY8CoNPyPg,MAHAZ OFFICIAL,https://www.youtube.com/channel/UCJQ3BiDyM_MGKUY8CoNPyPg,0,badcase,无标签，无宠物食品匹配信号
2560,UC1o3UofbQHHRaNjLvoVbjmQ,laigreenduo,https://www.youtube.com/channel/UC1o3UofbQHHRaNjLvoVbjmQ,0,badcase,无标签，无宠物食品匹配信号
2562,UCLtZ61s9f5K88tNXOG2R9hQ,Mellow Perro,https://www.youtube.com/channel/UCLtZ61s9f5K88tNXOG2R9hQ,0,badcase,无标签，无宠物食品匹配信号
2564,UCUgeplsgjJnvuqxosOz6K4Q,Sunnie DIY,https://www.youtube.com/channel/UCUgeplsgjJnvuqxosOz6K4Q,0,badcase,前五标签偏农艺，宠物食品受众弱
2565,UCNdKWTvOGgE0CrpBTTOtHJg,Eurofins US Food Group,https://www.youtube.com/channel/UCNdKWTvOGgE0CrpBTTOtHJg,0,badcase,仅泛食品/健康标签，缺少宠物食品意图
2567,UC1nZJkF_6O-KoqjmcJ8UzjA,BARSIK,https://www.youtube.com/channel/UC1nZJkF_6O-KoqjmcJ8UzjA,0,badcase,无标签，无宠物食品匹配信号
2568,UC6Ls2Oup5z1YGM8PGzKjfog,ShortsClip,https://www.youtube.com/channel/UC6Ls2Oup5z1YGM8PGzKjfog,2,badcase,仅有猫宠泛受众，且以短视频娱乐为主
2569,UCODEnmBa1QjecDau3qck9Mg,Tail Tale,https://www.youtube.com/channel/UCODEnmBa1QjecDau3qck9Mg,0,badcase,无标签，无宠物食品匹配信号
2570,UCWBdzd3xqlGzH6lUVKf4q4A,Babi Monkey,https://www.youtube.com/channel/UCWBdzd3xqlGzH6lUVKf4q4A,-15,badcase,猴类野生内容，非宠物食品受众
2571,UCZjuOhPrQ07tiLslF04Ccag,Montana Department of Agriculture,https://www.youtube.com/channel/UCZjuOhPrQ07tiLslF04Ccag,0,badcase,无标签，无宠物食品匹配信号
2572,UCj1w3eR8EdvkMOQCD_wHqsg,Hein and Johnny,https://www.youtube.com/channel/UCj1w3eR8EdvkMOQCD_wHqsg,0,badcase,无标签，无宠物食品匹配信号
2574,UCoBvns6Vel8tlJEInZ6cV4A,Mattchoz,https://www.youtube.com/channel/UCoBvns6Vel8tlJEInZ6cV4A,0,badcase,无标签，无宠物食品匹配信号
2577,UCGpWaWFjs-b0JzqTWNsssug,Ruarke Guzeya,https://www.youtube.com/channel/UCGpWaWFjs-b0JzqTWNsssug,0,badcase,无宠物食品相关信号
2578,UCJn1T0xkOBz40ydl03RCi9A,Four Star Supply,https://www.youtube.com/channel/UCJn1T0xkOBz40ydl03RCi9A,0,badcase,无宠物食品相关信号
2579,UCIgYNrMr3V6sYJsJfvb7LYg,Wild Nature Kitchen,https://www.youtube.com/channel/UCIgYNrMr3V6sYJsJfvb7LYg,0,badcase,无宠物食品相关信号
2581,UCn5P_x8kNK09hzNGU2n_q3A,Hero Star,https://www.youtube.com/channel/UCn5P_x8kNK09hzNGU2n_q3A,0,badcase,偏娱乐动画，宠物信号不在前排
2582,UCP5g8-y7kdChqQea6zz3zpw,Hà Thị Diện,https://www.youtube.com/channel/UCP5g8-y7kdChqQea6zz3zpw,0,badcase,内容偏生存露营，与宠物食品无关
2585,UC42d9zerSpUPK85mroOqJoQ,W4CY Radio TV Channel,https://www.youtube.com/channel/UC42d9zerSpUPK85mroOqJoQ,0,badcase,无标签、无标题证据，和宠物食品推广相关性不足
2587,UCj0SvspJHJqx2tCLMRLwwgg,LUMIASMR,https://www.youtube.com/channel/UCj0SvspJHJqx2tCLMRLwwgg,-12,badcase,ASMR音频型内容，和宠物食品推广明显不匹配
2588,UCW2yS-OZa_icW0QAwqYZNLQ,brettspicer,https://www.youtube.com/channel/UCW2yS-OZa_icW0QAwqYZNLQ,0,badcase,内容主轴是高尔夫娱乐，宠物食品关联很弱
2591,UCEMHljbnFQg_jBnDRtXrRrQ,ZOOPY,https://www.youtube.com/channel/UCEMHljbnFQg_jBnDRtXrRrQ,0,badcase,美妆家居为主，宠物只是弱标签
2592,UCU3K1lqW6lY6deqjTAO5Z3w,Isaac Bradshaw,https://www.youtube.com/channel/UCU3K1lqW6lY6deqjTAO5Z3w,0,badcase,无宠物食品相关信号
2593,UCqO0kcm1OlkV3RxMFfIIbGQ,everythinggood,https://www.youtube.com/channel/UCqO0kcm1OlkV3RxMFfIIbGQ,0,badcase,无宠物食品相关信号
2597,UCgI1Y5jVc7EivlITX9Jjp4w,Marcy Masha,https://www.youtube.com/channel/UCgI1Y5jVc7EivlITX9Jjp4w,0,badcase,家电测评向，与宠物食品无关
2598,UCHN_9UV3A850Nve66d2BUSg,jvn,https://www.youtube.com/channel/UCHN_9UV3A850Nve66d2BUSg,0,badcase,无宠物食品相关信号
2599,UCe0LnU8f3bGAo2Mh8CkOK7w,Kevin Liu,https://www.youtube.com/channel/UCe0LnU8f3bGAo2Mh8CkOK7w,0,badcase,工厂自动化主题，与宠物食品无关
2600,UCluSYUzbaNQgixcwEqBjnxw,Dumpster Diving Adventures,https://www.youtube.com/channel/UCluSYUzbaNQgixcwEqBjnxw,0,badcase,捡垃圾回收主题，与宠物食品无关
4251,UCWFsQWg1lTKD2eiLvS0Ymww,Alexia ASMR,https://www.youtube.com/channel/UCWFsQWg1lTKD2eiLvS0Ymww,-15,badcase,ASMR/吃播是强格式错配，不适合宠物食品推广
4252,UCfyUtn5lurcr_EO9LFhatkA,Designed After Humans,https://www.youtube.com/channel/UCfyUtn5lurcr_EO9LFhatkA,0,badcase,无标签与内容信号，无法判断为宠物食品相关
4253,UCPbYdkSAju8kSIDWqajum8A,Kaylynn scope,https://www.youtube.com/channel/UCPbYdkSAju8kSIDWqajum8A,1,badcase,以人类烹饪/健康为主，Cat标签不足以支撑宠物食品推广
4254,UCzR4YJyY1Y-gIt1xf05ZQ3A,SnappyToons,https://www.youtube.com/channel/UCzR4YJyY1Y-gIt1xf05ZQ3A,-15,badcase,动画搞笑内容为主，和宠物食品导购场景不符
4255,UCXIBWBujIchMr6Pkc2JxNEQ,Paws & Picks,https://www.youtube.com/channel/UCXIBWBujIchMr6Pkc2JxNEQ,0,badcase,无可用标签信号，当前无法支撑宠物食品推广
4257,UCOgfhqvLJrmrek_yFzevRJw,Jessica Chanel,https://www.youtube.com/channel/UCOgfhqvLJrmrek_yFzevRJw,0,badcase,生活整理类，缺少宠物食品或采购信号
4258,UCWgqRfLV9YoKXOjbbRHIcEQ,Kitty CapersTV,https://www.youtube.com/channel/UCWgqRfLV9YoKXOjbbRHIcEQ,0,badcase,无标签无内容，缺少宠物食品相关证据
4260,UC7-OVqB-GDaFCrTiLAIWWGw,Book Express,https://www.youtube.com/channel/UC7-OVqB-GDaFCrTiLAIWWGw,0,badcase,无标签无内容，和宠物食品推广无直接关联
4261,UCySM6Pe2sZsargNlQK-n8tg,Rose Berigan - Thee Rose of Real Estate,https://www.youtube.com/channel/UCySM6Pe2sZsargNlQK-n8tg,1,badcase,仅有Pets弱相关，主体仍是房产/家居
4262,UCmDyurYFoNT8ct36FNLHhEA,Hopeful Sunrise,https://www.youtube.com/channel/UCmDyurYFoNT8ct36FNLHhEA,-15,badcase,梗图/动画/娱乐为主，缺少产品推广语境
4264,UCYzA8MtByabzAMMLWziBauQ,Hey Hera,https://www.youtube.com/channel/UCYzA8MtByabzAMMLWziBauQ,0,badcase,无标签与内容信号，无法确认宠物食品相关性
4265,UCm2tVIMzxg1lpqztgyOnWvg,Miss Red Vegan,https://www.youtube.com/channel/UCm2tVIMzxg1lpqztgyOnWvg,0,badcase,人类素食食谱内容，和宠物食品受众不符
4266,UCbHnKRdNlqMS0LGctg4bOVw,JADULA. com,https://www.youtube.com/channel/UCbHnKRdNlqMS0LGctg4bOVw,0,badcase,无标签无内容，缺少宠物食品投放依据
4267,UC6_Kqxo3OC8dhRxZ5k8pHBQ,JellyMood Toys,https://www.youtube.com/channel/UC6_Kqxo3OC8dhRxZ5k8pHBQ,0,badcase,无可用标签，暂不支持宠物食品相关判断
4268,UCnmNNHjCjMOUKD9NIK-0fbQ,Stephanie Taunton,https://www.youtube.com/channel/UCnmNNHjCjMOUKD9NIK-0fbQ,0,badcase,无标签信息，无法建立宠物食品相关性
4269,UCEcSTNsCN3DcSsJiGmiuC_Q,iklnl,https://www.youtube.com/channel/UCEcSTNsCN3DcSsJiGmiuC_Q,0,badcase,无可用内容信号，判定为低相关
4270,UCsFOyKNBOOZglbtN3DoRzug,AI Critter Clips,https://www.youtube.com/channel/UCsFOyKNBOOZglbtN3DoRzug,0,badcase,无标签无标题，无法支持宠物食品推广
4271,UChfsS5rzksyVs7BIU8ZwxvA,MeowMagic,https://www.youtube.com/channel/UChfsS5rzksyVs7BIU8ZwxvA,0,badcase,无标签和标题，缺少相关性证据
4272,UCsXbSy_7LHB9nB5biTm3Nng,Daisy & Lacy Ragdoll Cats,https://www.youtube.com/channel/UCsXbSy_7LHB9nB5biTm3Nng,0,badcase,无标签数据，当前无法判断为宠物食品相关
4273,UCk-3j5G_TlUZKiNOU0LNNag,Prescribed Podcast,https://www.youtube.com/channel/UCk-3j5G_TlUZKiNOU0LNNag,0,badcase,无标签内容，宠物食品相关性不足
4274,UC5QxcnydC5OdQv9l-N1tlIQ,Sama Dog :: Wellbeing for Dogs + Their Humans,https://www.youtube.com/channel/UC5QxcnydC5OdQv9l-N1tlIQ,0,badcase,无标签内容，无法做出宠物食品推广判断
4278,UCDVVAL9iNUVJk-cs5vYOApw,Broccoli Ai,https://www.youtube.com/channel/UCDVVAL9iNUVJk-cs5vYOApw,0,badcase,无宠物相关信号
4280,UCQF9FM1hzaeogDuqr8PQg8Q,Lý Thị Hoa 4,https://www.youtube.com/channel/UCQF9FM1hzaeogDuqr8PQg8Q,0,badcase,无宠物相关信号
4281,UCptwczgIPG4exsefr8Qss5A,dnacenter,https://www.youtube.com/channel/UCptwczgIPG4exsefr8Qss5A,0,badcase,无宠物相关信号
4282,UCI-7PnhnzQKJeRWaGX-eROg,oldman102,https://www.youtube.com/channel/UCI-7PnhnzQKJeRWaGX-eROg,0,badcase,游戏模拟类频道，和宠物食品受众无关
4284,UC3LOVWCE0iz0wmgmRUQrQTg,Retail Collapse Discovery,https://www.youtube.com/channel/UC3LOVWCE0iz0wmgmRUQrQTg,0,badcase,无宠物相关信号
4286,UCxDkwDOxhHS-t3eTDvXEEog,UnStoPPablE FaTMaN,https://www.youtube.com/channel/UCxDkwDOxhHS-t3eTDvXEEog,0,badcase,无宠物相关信号
4288,UC6tcawrbc8OEEgQanBJmqFg,Stefanie and Family,https://www.youtube.com/channel/UC6tcawrbc8OEEgQanBJmqFg,0,badcase,儿童玩具娱乐向，和宠物食品受众不匹配
4290,UCqJrL8nDo9oAer8wq7EgEog,Fact Frenzy,https://www.youtube.com/channel/UCqJrL8nDo9oAer8wq7EgEog,0,badcase,泛知识/健康号，缺少宠物受众信号
4292,UCLj-R03dEV3C5A2vTECDGOQ,REDEARBANDIT,https://www.youtube.com/channel/UCLj-R03dEV3C5A2vTECDGOQ,0,badcase,无宠物相关信号
4293,UCPpubFIcwGvLytL_XMtJJEw,Couple Walking,https://www.youtube.com/channel/UCPpubFIcwGvLytL_XMtJJEw,-12,badcase,ASMR零食内容为主，偏声效娱乐，不适合推宠物食品
4294,UCqP-1Dn3PXR6r8QFXmv24Yg,Review Hub,https://www.youtube.com/channel/UCqP-1Dn3PXR6r8QFXmv24Yg,0,badcase,偏泛评测号，缺少宠物内容证据
4297,UCzBrnjM4ulFjaJcYUP4QXcw,WingFrankClipper,https://www.youtube.com/channel/UCzBrnjM4ulFjaJcYUP4QXcw,0,badcase,游戏/直播向为主，宠物食品相关性弱
4298,UCaJRvhtAf0i6QbceoR3imzA,Lofaro Cosby,https://www.youtube.com/channel/UCaJRvhtAf0i6QbceoR3imzA,0,badcase,无宠物相关信号
4300,UCUZ36JQYNnWAyTt-qW8UXkg,Goat Movie,https://www.youtube.com/channel/UCUZ36JQYNnWAyTt-qW8UXkg,0,badcase,偏动物题材但非宠物受众，相关性弱
4301,UCc9wdVDfpix1dqwWaH1aQ8Q,Pipcorn’s Port,https://www.youtube.com/channel/UCc9wdVDfpix1dqwWaH1aQ8Q,0,badcase,无宠物食品相关信号
4302,UC8z-Wb8kz-7v8cr5DBaHPHQ,Hunter Heidenreich,https://www.youtube.com/channel/UC8z-Wb8kz-7v8cr5DBaHPHQ,0,badcase,科技教程向，和宠物食品推广无关
4303,UC1Gfpesh-Nq9_8KCVLQzWvQ,Tony Creative Ideas,https://www.youtube.com/channel/UC1Gfpesh-Nq9_8KCVLQzWvQ,0,badcase,无相关标签
4304,UC2-OS46NQKHULq_SioyzYOQ,Feedstuffs,https://www.youtube.com/channel/UC2-OS46NQKHULq_SioyzYOQ,0,badcase,无相关标签，无法判断
4305,UCOdwHPw6W5jo2cHonFtKMGA,Zezel-E,https://www.youtube.com/channel/UCOdwHPw6W5jo2cHonFtKMGA,0,badcase,无相关标签
4307,UCMjg3TZ97uhFgHu7GPQqhQw,American AI Storytime,https://www.youtube.com/channel/UCMjg3TZ97uhFgHu7GPQqhQw,-10,badcase,故事叙事向，不适合宠物食品投放
4309,UC2npYs1N-Px-NpkRyqLQt3Q,Leslie Portugal,https://www.youtube.com/channel/UC2npYs1N-Px-NpkRyqLQt3Q,0,badcase,健身穿搭测评向，与宠物食品无关
4310,UCxvOBLC955EiIcysRYspKZg,AI Health,https://www.youtube.com/channel/UCxvOBLC955EiIcysRYspKZg,0,badcase,无相关标签
4311,UC4diOwVBr18vtF9DxtNj4dg,Lives2Give,https://www.youtube.com/channel/UC4diOwVBr18vtF9DxtNj4dg,0,badcase,无相关标签
4316,UC1-HbhL662HL_DvxF-t66gA,Diabetic Diet and Life,https://www.youtube.com/channel/UC1-HbhL662HL_DvxF-t66gA,0,badcase,人类饮食健康号，不适合宠物食品
4317,UC1KJ1gDIBBVTNS6oIUXPY9Q,Woodland Acres | small farm & homestead,https://www.youtube.com/channel/UC1KJ1gDIBBVTNS6oIUXPY9Q,0,badcase,无相关标签，偏农场但不明确
4318,UCPhWNglXnkSjUYmRVj7rGbQ,GiggleShot,https://www.youtube.com/channel/UCPhWNglXnkSjUYmRVj7rGbQ,-10,badcase,偶像娱乐号，和宠物食品投放不符
4319,UCnkroqYqq2SnEfHTKY3ZrUA,Bracetty Vannah,https://www.youtube.com/channel/UCnkroqYqq2SnEfHTKY3ZrUA,0,badcase,无相关标签
4320,UCH2bJtkhnXYXup-NKfxp08Q,The1DrQ,https://www.youtube.com/channel/UCH2bJtkhnXYXup-NKfxp08Q,0,badcase,动物训练偏马匹，和宠物食品不匹配
4321,UCYf58II_xrVIUEPps6004BA,MYNT,https://www.youtube.com/channel/UCYf58II_xrVIUEPps6004BA,0,badcase,无相关标签
4322,UCzWOX1N0-wa3ecliV6tpojg,X-Terror.Gaming,https://www.youtube.com/channel/UCzWOX1N0-wa3ecliV6tpojg,-10,badcase,游戏频道，宠物食品无相关受众
4323,UCk8oefIWjTcaCEDTSxSuVsw,The Kurls,https://www.youtube.com/channel/UCk8oefIWjTcaCEDTSxSuVsw,0,badcase,娱乐喜剧号，宠物受众弱
4325,UCceArMBNkOpUygLlLQmaJjg,Freedom Cooking,https://www.youtube.com/channel/UCceArMBNkOpUygLlLQmaJjg,0,badcase,人类烹饪号，和宠物食品投放不符
4326,UCOoRcFxyEDGS8HOl7-UBmwQ,Jay Dighsx,https://www.youtube.com/channel/UCOoRcFxyEDGS8HOl7-UBmwQ,0,badcase,以DIY/农场内容为主，缺少宠物食品受众信号
4330,UCSYepQDyEjVViJN4gkfzqjQ,June Christy,https://www.youtube.com/channel/UCSYepQDyEjVViJN4gkfzqjQ,1,badcase,仅有Kitten弱相关，整体偏旅行动漫生活
4332,UCLg-NUeyd2rUJMFXadnyZ9A,Oskar & Klaus,https://www.youtube.com/channel/UCLg-NUeyd2rUJMFXadnyZ9A,0,badcase,无有效标签与内容信号
4333,UCtyuvwXNRj_GGw3dys-H2dA,Tay's Top Picks,https://www.youtube.com/channel/UCtyuvwXNRj_GGw3dys-H2dA,0,badcase,无有效标签与内容信号
4334,UCVUR-5IgAy46LwX7HmQukcQ,JUST DO IT,https://www.youtube.com/channel/UCVUR-5IgAy46LwX7HmQukcQ,0,badcase,无有效标签与内容信号
4335,UCCpkdPZUeibqeYvaULk1Tbw,DogFoodFirst,https://www.youtube.com/channel/UCCpkdPZUeibqeYvaULk1Tbw,0,badcase,无标签，仅靠名称无法确认相关性
4336,UCe44CvTTym6OVRDUlASNIWg,Fast Facts,https://www.youtube.com/channel/UCe44CvTTym6OVRDUlASNIWg,0,badcase,娱乐新闻向，缺少宠物食品相关受众
4337,UCN9_8_1-5KDdZKaOOG9uD-w,WAND TV Doug Wolfe,https://www.youtube.com/channel/UCN9_8_1-5KDdZKaOOG9uD-w,0,badcase,新闻美食向，非宠物食品推广场景
4338,UCDh6eEdg2poTaJ-q-6VHTtw,PetVetExpert,https://www.youtube.com/channel/UCDh6eEdg2poTaJ-q-6VHTtw,0,badcase,无标签，仅名称像宠物兽医，证据不足
4339,UC6dFFtDgbRRNK_4-xNMFpGA,Commander Retro,https://www.youtube.com/channel/UC6dFFtDgbRRNK_4-xNMFpGA,0,badcase,复古商业内容，与宠物食品无关
4340,UC_Y5yvKrEOBFxTpbphoBGDg,Kapi the Meerkat,https://www.youtube.com/channel/UC_Y5yvKrEOBFxTpbphoBGDg,0,badcase,无标签，无法判断与宠物食品相关性
4341,UCTnTPk_Ss-wpfU_YRSw5eiA,bareskinjj,https://www.youtube.com/channel/UCTnTPk_Ss-wpfU_YRSw5eiA,0,badcase,美妆护肤向，与宠物食品受众不符
4342,UCSRIkxITk97y-kOKyutMjkQ,Nom Nom,https://www.youtube.com/channel/UCSRIkxITk97y-kOKyutMjkQ,0,badcase,无标签，名称过于泛化，无法确认
4343,UCDqWGqDfoFzXULnVlDr_DlA,Boran Mystery,https://www.youtube.com/channel/UCDqWGqDfoFzXULnVlDr_DlA,0,badcase,旅行解谜向，缺少宠物食品受众
4344,UCYYICLWbWXCsbkVUlkXOA-w,Hilary Russo,https://www.youtube.com/channel/UCYYICLWbWXCsbkVUlkXOA-w,0,badcase,无标签，无法判断与宠物食品相关性
4345,UC9hp_wOwFdo942k7JlgzhiA,Fool's Errand Films,https://www.youtube.com/channel/UC9hp_wOwFdo942k7JlgzhiA,0,badcase,影视内容为空标签，缺少推广匹配
4346,UCJfHt8bT9lRPcS9YVomi7LQ,Fahning Bostow,https://www.youtube.com/channel/UCJfHt8bT9lRPcS9YVomi7LQ,0,badcase,无标签，无法判断与宠物食品相关性
4347,UCZ8SYReUHT-_hBzAQmDiOAg,Wiretalker,https://www.youtube.com/channel/UCZ8SYReUHT-_hBzAQmDiOAg,0,badcase,无标签，无法判断与宠物食品相关性
4348,UCB5u0btna7-zBQ-cRgnie4A,Subscriboxer,https://www.youtube.com/channel/UCB5u0btna7-zBQ-cRgnie4A,0,badcase,无标签，虽像产品频道但证据不足
4349,UCTvV7op96n8DlEpjJnHomaw,KJLindenmuth,https://www.youtube.com/channel/UCTvV7op96n8DlEpjJnHomaw,0,badcase,无标签，无法判断与宠物食品相关性
4350,UCHKJw8cdO4SiR35AadOB69g,National Dishes Around the World,https://www.youtube.com/channel/UCHKJw8cdO4SiR35AadOB69g,0,badcase,无标签，无法判断与宠物食品相关性
4351,UC1KccMg3HMCkVS-bwnuDlfg,Nestlé Purina Careers,https://www.youtube.com/channel/UC1KccMg3HMCkVS-bwnuDlfg,0,badcase,无宠粮相关标签，频道偏招聘/知识类，不适合推广
4352,UCxyXZSfZIBuBUrqCRp3JUvA,Entertainment & FuN,https://www.youtube.com/channel/UCxyXZSfZIBuBUrqCRp3JUvA,0,badcase,无宠物食品相关信号，且缺少可判断的推广匹配内容
4354,UCoZWWgdgIyDuhjnu3qsTI0w,Mitchollow,https://www.youtube.com/channel/UCoZWWgdgIyDuhjnu3qsTI0w,-15,badcase,娱乐影视频道，与宠物食品推广场景明显不符
4355,UCUhXmLtlixpcs6tEhcdOVfw,Better Meow,https://www.youtube.com/channel/UCUhXmLtlixpcs6tEhcdOVfw,0,badcase,无标签和内容证据，无法支持宠物食品推广相关性
4356,UCM4IwUu2PHFmDHr7LmOY5Jw,Zammiello Vellone,https://www.youtube.com/channel/UCM4IwUu2PHFmDHr7LmOY5Jw,0,badcase,无标签、无标题、无近期内容，缺少与宠物食品推广相关证据
4357,UCGJLAzupM-qpDbHcNEc3Zyw,WVU Extension,https://www.youtube.com/channel/UCGJLAzupM-qpDbHcNEc3Zyw,0,badcase,高校教育频道，缺少宠物粮相关受众与内容
4358,UCDrLM-znbwdbaiYPPgZVrIg,Willow W Ragdoll,https://www.youtube.com/channel/UCDrLM-znbwdbaiYPPgZVrIg,0,badcase,无标签和近期内容证据，无法确认适合宠物食品推广
4359,UCnZc60eW37Q3DTEFB-UEfcg,WATDNEWS,https://www.youtube.com/channel/UCnZc60eW37Q3DTEFB-UEfcg,0,badcase,无标签、无相关视频，缺少宠物食品推广相关性信号
4360,UCwGJK7qt1TlSbjvI4Cg03fA,Cooking with GangstaChef Cabrini,https://www.youtube.com/channel/UCwGJK7qt1TlSbjvI4Cg03fA,0,badcase,频道偏人类烹饪方向，缺少宠物食品推广相关信号
4361,UC8UXQV4lGtJoJXchVmPlAvA,Lovee Lilyy,https://www.youtube.com/channel/UC8UXQV4lGtJoJXchVmPlAvA,0,badcase,无宠物/饲料相关信号，偏艺术生活类，和宠物食品推广不相关
4362,UCI9tSB6kN2hOoRF-MUnUSaA,Kezono Besuki,https://www.youtube.com/channel/UCI9tSB6kN2hOoRF-MUnUSaA,0,badcase,无标签和内容证据，无法支撑宠物食品推广
4364,UCcwjYD5o2MMRnmooiq4Z9EA,Buttafly Jonez,https://www.youtube.com/channel/UCcwjYD5o2MMRnmooiq4Z9EA,0,badcase,无宠物食品相关标签或内容，缺少可用于推广的相关性信号
4366,UCgxS-REwdnsvBons9pT1K4A,#coolpeoplestuff,https://www.youtube.com/channel/UCgxS-REwdnsvBons9pT1K4A,2,badcase,仅有泛食品和测评标签，缺少宠物语境，不适合推宠物食品
4368,UCtrpVw5u_JAobWM4XSRRrlA,Online Shopping,https://www.youtube.com/channel/UCtrpVw5u_JAobWM4XSRRrlA,0,badcase,无宠物食品相关标签或内容，缺少推广相关性
4371,UCndphogyI0DpVgUPXqTqeyw,Nazif Lokah,https://www.youtube.com/channel/UCndphogyI0DpVgUPXqTqeyw,0,badcase,无宠物食品或宠物护理相关信号，无法支撑推广
4372,UCny8YTtmRHJwiGC8tdByxew,The Dog Who Asked for More,https://www.youtube.com/channel/UCny8YTtmRHJwiGC8tdByxew,0,badcase,无标签和内容证据，难支撑宠物食品推广相关性
4373,UCmeAdsxb_nyzU2pWGRbqbLg,Top Tech Zone,https://www.youtube.com/channel/UCmeAdsxb_nyzU2pWGRbqbLg,0,badcase,无宠物食品相关标签或内容，缺少推广适配信号
4374,UCNI97FRfUbCklboCqHKPEHA,Credo Zarzycki,https://www.youtube.com/channel/UCNI97FRfUbCklboCqHKPEHA,0,badcase,无宠物食品相关标签或视频信号，无法支持推广匹配
4375,UCpwzq1y-ck0l5vP5x8Bd_VA,Video Mojo,https://www.youtube.com/channel/UCpwzq1y-ck0l5vP5x8Bd_VA,0,badcase,标签偏视频制作/营销，缺少宠物食品或养宠受众信号
4376,UCE7aURZetA0KbRnNXuK1bPw,Belly Bliss Catering,https://www.youtube.com/channel/UCE7aURZetA0KbRnNXuK1bPw,0,badcase,无宠物或宠粮语义，和投放目标不相关
4377,UC_b2ko6YX-ot1l7x_TsKCnA,WanderingSpirit,https://www.youtube.com/channel/UC_b2ko6YX-ot1l7x_TsKCnA,0,badcase,无宠物或宠粮语义，和投放目标不相关
4378,UCKYAmxzaT3W1mopctvZsoMw,Own Story,https://www.youtube.com/channel/UCKYAmxzaT3W1mopctvZsoMw,0,badcase,无宠物或宠粮语义，和投放目标不相关
4381,UCNdh5AzE6SHLalQB4bzeCqw,BoltieBolt,https://www.youtube.com/channel/UCNdh5AzE6SHLalQB4bzeCqw,-12,badcase,宠物娱乐加ASMR偏内容消遣，不利于宠粮带货
4382,UCfp0lTix3RHAfBtfoRZKytw,Contain Lock,https://www.youtube.com/channel/UCfp0lTix3RHAfBtfoRZKytw,0,badcase,无宠物或宠粮语义，和投放目标不相关
4383,UC8Tu504zdfEw6yCPCkv4a3Q,LethalBenzine,https://www.youtube.com/channel/UC8Tu504zdfEw6yCPCkv4a3Q,0,badcase,无宠物或宠粮语义，和投放目标不相关
4384,UCRDktkJBNlx8BA7VGKnW3yw,EverydaySkills,https://www.youtube.com/channel/UCRDktkJBNlx8BA7VGKnW3yw,0,badcase,偏日常DIY和汽车内容，宠物语义太弱
4386,UCvYvoXhOUym11Qgre8J6ABA,THE 3 AMIGO's,https://www.youtube.com/channel/UCvYvoXhOUym11Qgre8J6ABA,0,badcase,无宠物或宠粮语义，和投放目标不相关
4387,UCa1HTDNbsJpf1qadgflXbaA,Ruffn It Outdoors,https://www.youtube.com/channel/UCa1HTDNbsJpf1qadgflXbaA,0,badcase,主内容是户外狩猎，和宠粮投放场景不匹配
4388,UCmCH1jWBjgw0ZriYMyGThWQ,Top 5 Fit,https://www.youtube.com/channel/UCmCH1jWBjgw0ZriYMyGThWQ,0,badcase,偏人类健康零食，不是宠物食品场景
4389,UCkIADRl3jDLuSGmd2O1a23A,Preston & Krista,https://www.youtube.com/channel/UCkIADRl3jDLuSGmd2O1a23A,0,badcase,旅行vlog为主，缺少宠物消费语境
4390,UCYnPmE0X-jcnkpjx6J5BdzA,The Latest,https://www.youtube.com/channel/UCYnPmE0X-jcnkpjx6J5BdzA,0,badcase,无宠物或宠粮语义，和投放目标不相关
4392,UCdH0ljWcMjqCsQ2t1Wfnd_Q,You Must Love Dogs Dating,https://www.youtube.com/channel/UCdH0ljWcMjqCsQ2t1Wfnd_Q,0,badcase,偏狗题材但与宠粮推广关系不清晰
4393,UCJsgPpQjmy2-ALva6WKWErQ,Land Hermit Crab Edu Center,https://www.youtube.com/channel/UCJsgPpQjmy2-ALva6WKWErQ,0,badcase,动物教育向内容，和宠粮投放不够直接
4394,UC5j9ufXM1OInrbQppialThQ,Hemmeke Pinchback,https://www.youtube.com/channel/UC5j9ufXM1OInrbQppialThQ,0,badcase,无宠物或宠粮语义，和投放目标不相关
4395,UC1BZKiItwX5jscki7M5PvSQ,Hosumu Jofifo,https://www.youtube.com/channel/UC1BZKiItwX5jscki7M5PvSQ,0,badcase,无宠物或宠粮语义，和投放目标不相关
4397,UC3aKXtE7R_DpXFd-NV78igg,Utility Sounds,https://www.youtube.com/channel/UC3aKXtE7R_DpXFd-NV78igg,0,badcase,名称偏音频类，缺少宠物消费场景
4399,UCLa3UBCqQo-kXTGq3V5wmrA,Tucay Fuster,https://www.youtube.com/channel/UCLa3UBCqQo-kXTGq3V5wmrA,0,badcase,无宠物或宠粮语义，和投放目标不相关
4400,UCmDaW7DSdCh3cryF0zCRkNg,BRYAN KELLY,https://www.youtube.com/channel/UCmDaW7DSdCh3cryF0zCRkNg,0,badcase,无宠物或宠粮语义，和投放目标不相关
4403,UC3sRPjHfSNiXtklENqQV1ag,Miss Heather Lee,https://www.youtube.com/channel/UC3sRPjHfSNiXtklENqQV1ag,0,badcase,无宠物食品相关证据
4404,UC0ZqlsjMifbFf5DnP_O4igQ,Doctor Vero,https://www.youtube.com/channel/UC0ZqlsjMifbFf5DnP_O4igQ,0,badcase,人类医疗内容，与宠物食品推广不匹配
4407,UCmEu0IGIyxh__lyO34hpxbw,CypherTwo,https://www.youtube.com/channel/UCmEu0IGIyxh__lyO34hpxbw,0,badcase,无宠物食品相关证据
4409,UCTa8Jp9zk-SCz0UjpLOztag,Daily Odd News,https://www.youtube.com/channel/UCTa8Jp9zk-SCz0UjpLOztag,0,badcase,新闻向内容，和宠物食品推广不相关
4410,UCOIcdUqBYfle-rc0x4vfQbQ,izzoaum,https://www.youtube.com/channel/UCOIcdUqBYfle-rc0x4vfQbQ,0,badcase,无宠物食品相关证据
4411,UCuXc8B2xvsD9gBtgdw0MMUg,Lý Tu Duyên,https://www.youtube.com/channel/UCuXc8B2xvsD9gBtgdw0MMUg,1,badcase,仅单个宠物标签，主体仍是农居/生活内容
4413,UCO8QVJrWsUMs6KM6fxO5nyw,health🧠 memory,https://www.youtube.com/channel/UCO8QVJrWsUMs6KM6fxO5nyw,0,badcase,无宠物食品相关证据
4414,UCG4IRhrcmGfYi3TTe6iG7Pw,Cowboy Ron,https://www.youtube.com/channel/UCG4IRhrcmGfYi3TTe6iG7Pw,-15,badcase,政治新闻历史向，与宠物食品明显冲突
4415,UCZKDOx_8yvIcTCuryvmtPcw,Lanny Benny,https://www.youtube.com/channel/UCZKDOx_8yvIcTCuryvmtPcw,2,badcase,动物与食品泛化，但宠物食品意图不足
4416,UCYdiTo-jNO4K1J4JWm-DoYA,maltesekiss,https://www.youtube.com/channel/UCYdiTo-jNO4K1J4JWm-DoYA,0,badcase,无宠物食品相关证据
4418,UCh7ivtEXvfMpLY8w1hqq4Pw,Exverus Media,https://www.youtube.com/channel/UCh7ivtEXvfMpLY8w1hqq4Pw,0,badcase,无宠物食品相关证据
4419,UCnQ-fsK7s5amKHcJsqeenAQ,Porch Nook,https://www.youtube.com/channel/UCnQ-fsK7s5amKHcJsqeenAQ,0,badcase,DIY家居向，与宠物食品推广不相关
4420,UC49YQJWjbxfrrN3l05-zeAw,Trending Move,https://www.youtube.com/channel/UC49YQJWjbxfrrN3l05-zeAw,0,badcase,无宠物食品相关证据
4421,UCHPJFCV-ODQWYRUNn8iJIdw,Feroz MIA,https://www.youtube.com/channel/UCHPJFCV-ODQWYRUNn8iJIdw,0,badcase,无宠物食品相关证据
4425,UCNWI6Zs8juSzqkUrC1CqmAA,INSTINCT MINDS,https://www.youtube.com/channel/UCNWI6Zs8juSzqkUrC1CqmAA,0,badcase,无宠物食品相关证据
4427,UCop2jMjaCE1uOMofOw4xg0w,Career Sessions Podcast,https://www.youtube.com/channel/UCop2jMjaCE1uOMofOw4xg0w,0,badcase,职业访谈与宠物食品推广无关
4428,UCbxoGrGhlnCgz7TJMLhXaQg,Abdul Alim,https://www.youtube.com/channel/UCbxoGrGhlnCgz7TJMLhXaQg,0,badcase,无标签无内容，缺少宠物食品相关信号
4429,UChZ_xiOm_4t2S_0SdYHbbWg,Tutorials With Alex,https://www.youtube.com/channel/UChZ_xiOm_4t2S_0SdYHbbWg,0,badcase,Figma 和 ClickUp 教程，受众与宠物食品不匹配
4430,UCypq69KU6c9xXM-fCQ0LXKw,Vicks Cooler Chicken BBQ,https://www.youtube.com/channel/UCypq69KU6c9xXM-fCQ0LXKw,0,badcase,暂无宠物相关证据
4431,UCwKPOImuAFLgzofmoveM1eQ,Handy Photography,https://www.youtube.com/channel/UCwKPOImuAFLgzofmoveM1eQ,0,badcase,摄影微缩内容偏创作，不是宠物食品受众
4432,UCMlloPRmU0aneNY4JRpgHJQ,Perfect Foods Inc,https://www.youtube.com/channel/UCMlloPRmU0aneNY4JRpgHJQ,0,badcase,仅泛食品品牌名，无宠物食品受众证据
4433,UCyfzkRDlRac5GK5tz8_RLqw,NewsInfusion NBN,https://www.youtube.com/channel/UCyfzkRDlRac5GK5tz8_RLqw,0,badcase,无宠物食品相关标签或内容
4434,UCFeCbp3QIQiBRBAyaiOjvGw,Marinette Menominee,https://www.youtube.com/channel/UCFeCbp3QIQiBRBAyaiOjvGw,0,badcase,无相关宠物受众信号
4435,UCexT9nxB8vRHT5yCfwltWUw,fashion world 💯,https://www.youtube.com/channel/UCexT9nxB8vRHT5yCfwltWUw,0,badcase,时尚频道与宠物食品受众不匹配
4436,UCraJY4WDmsr6wBJv85hO8Sw,1X_INCOME,https://www.youtube.com/channel/UCraJY4WDmsr6wBJv85hO8Sw,0,badcase,厨房与人类食品场景为主，非宠物食品
4443,UCrVO_eAE9TEjkX-9UpLFg9Q,FlintReady,https://www.youtube.com/channel/UCrVO_eAE9TEjkX-9UpLFg9Q,0,badcase,无宠物食品相关信号
4444,UC5QjUNvy4giE8RE7-tMzQcw,Knox,https://www.youtube.com/channel/UC5QjUNvy4giE8RE7-tMzQcw,0,badcase,无宠物食品相关信号
4445,UCkEbZKPkqDMFXB_iBX2eJog,Laugh Hard,https://www.youtube.com/channel/UCkEbZKPkqDMFXB_iBX2eJog,0,badcase,无宠物食品相关信号
4446,UCfsbhzrly3BTaWH00PbUyqw,Ercole Severns,https://www.youtube.com/channel/UCfsbhzrly3BTaWH00PbUyqw,0,badcase,无宠物食品相关信号
4447,UCBZekVFqJIvWaX-iqAb192A,Vljeric Legree,https://www.youtube.com/channel/UCBZekVFqJIvWaX-iqAb192A,0,badcase,无宠物食品相关信号
4449,UCdpKU7YLFgCP4vhjt_Nkz0A,DOXY,https://www.youtube.com/channel/UCdpKU7YLFgCP4vhjt_Nkz0A,0,badcase,无宠物食品相关信号
4455,UCFDXt8uQC0qS2jrdo1ihxtg,Lightning Cuts Video Productions,https://www.youtube.com/channel/UCFDXt8uQC0qS2jrdo1ihxtg,0,badcase,无宠物或食品相关信号
4456,UC93cX1DH22xFmqW_A2iPblA,Ketemi Salura,https://www.youtube.com/channel/UC93cX1DH22xFmqW_A2iPblA,0,badcase,无宠物或食品相关信号
4457,UCrpNu4pC2GZQpFqNddlewEQ,The Berry Patch,https://www.youtube.com/channel/UCrpNu4pC2GZQpFqNddlewEQ,0,badcase,无宠物或食品相关信号
4459,UCWEWQ7anc5tsIeK5MYJh3cw,Dommer Buendia,https://www.youtube.com/channel/UCWEWQ7anc5tsIeK5MYJh3cw,0,badcase,无宠物或食品相关信号
4461,UCNDTT1pdQ-9pldT1htpG7cQ,Black Frequency,https://www.youtube.com/channel/UCNDTT1pdQ-9pldT1htpG7cQ,0,badcase,无宠物或食品相关信号
4463,UCxF3OWYDgpj31Mi2b5mjNXg,Holan Cosme,https://www.youtube.com/channel/UCxF3OWYDgpj31Mi2b5mjNXg,0,badcase,无宠物或食品相关信号
4464,UCW8cYIUkSytbw8OcpQvGl6w,LoveToKnow,https://www.youtube.com/channel/UCW8cYIUkSytbw8OcpQvGl6w,0,badcase,无宠物或食品相关信号
4465,UCsOGtadYG9joSaqpqs4kqvQ,ale,https://www.youtube.com/channel/UCsOGtadYG9joSaqpqs4kqvQ,0,badcase,无宠物或食品相关信号
4466,UCLlLpi9lMQ6S_oNpRSy0mwQ,How To Anything,https://www.youtube.com/channel/UCLlLpi9lMQ6S_oNpRSy0mwQ,0,badcase,无宠物或食品相关信号
4468,UCaHoycpYTrqd7FOOsbG4Pvw,Genesis,https://www.youtube.com/channel/UCaHoycpYTrqd7FOOsbG4Pvw,0,badcase,无宠物或食品相关信号
4471,UCF9qLGUxdiat1M9CYO0p2TQ,TM What If,https://www.youtube.com/channel/UCF9qLGUxdiat1M9CYO0p2TQ,0,badcase,主体是科技车评，不适合宠物食品推广
4473,UCGFAVaR6ceMC7rcN_lMeSIQ,Royal Tribe Wolverines,https://www.youtube.com/channel/UCGFAVaR6ceMC7rcN_lMeSIQ,0,badcase,主体是自然/狩猎，不适合宠物食品推广
4474,UCLKJg-TEQAapO4q0jc2Q0Gw,Review Lodge,https://www.youtube.com/channel/UCLKJg-TEQAapO4q0jc2Q0Gw,0,badcase,无宠物或食品相关信号
4475,UCTD47En66AtZSVigfpYGhvw,MyWyoStyle,https://www.youtube.com/channel/UCTD47En66AtZSVigfpYGhvw,0,badcase,无宠物或食品相关信号
4476,UCb0RY7EyRMu7EHabooOIp_Q,John Mark,https://www.youtube.com/channel/UCb0RY7EyRMu7EHabooOIp_Q,0,badcase,无宠物食品相关信号
4477,UCX95dYKo4NQhsEAsbYoh92w,umenohana,https://www.youtube.com/channel/UCX95dYKo4NQhsEAsbYoh92w,0,badcase,无宠物食品相关信号
4479,UCyyPshhPqwNpyWC2qZAH5pw,Warren K. Cotton,https://www.youtube.com/channel/UCyyPshhPqwNpyWC2qZAH5pw,0,badcase,无宠物食品相关信号
4480,UC3WTukaUQGRM_iV8IyqMIqA,세이구름 SayGuroom,https://www.youtube.com/channel/UC3WTukaUQGRM_iV8IyqMIqA,-8,badcase,狗粮相关但ASMR吃播导向，投放格式不匹配
4483,UCXGSdpn6BoCbUhEjK9aMZIA,Autumn Jene,https://www.youtube.com/channel/UCXGSdpn6BoCbUhEjK9aMZIA,0,badcase,无宠物食品相关信号
4485,UC3w9dv6AfnssFpqpIxCaQhA,Review Genesis,https://www.youtube.com/channel/UC3w9dv6AfnssFpqpIxCaQhA,0,badcase,偏数码评测，和宠物食品受众不符
4486,UCDStp97TBWJ8uQ4YsslW-kw,Ducey Patenaude,https://www.youtube.com/channel/UCDStp97TBWJ8uQ4YsslW-kw,0,badcase,无宠物食品相关信号
4488,UCZ18iKaSbvJVi4wSnQtMkug,WNBA TRENDING BUZZ,https://www.youtube.com/channel/UCZ18iKaSbvJVi4wSnQtMkug,0,badcase,体育趋势频道，与宠物食品无关
4489,UCB61GTvWOiwH7RD0xk62mXQ,TrendsOnFire,https://www.youtube.com/channel/UCB61GTvWOiwH7RD0xk62mXQ,0,badcase,泛趋势频道，与宠物食品无关
4490,UCu5y2nhhFwzIJL2j3jl6Z5w,Mark Sanborn Official Booking Site,https://www.youtube.com/channel/UCu5y2nhhFwzIJL2j3jl6Z5w,0,badcase,名人官方站点，与宠物食品无关
4495,UC0kWuigfIUOx2EqDkWBJqnA,ChaneLOu,https://www.youtube.com/channel/UC0kWuigfIUOx2EqDkWBJqnA,0,badcase,无宠物食品相关信号
4496,UCiZBoJIHysLG5IpbCpkmdUg,Half A Handyman,https://www.youtube.com/channel/UCiZBoJIHysLG5IpbCpkmdUg,0,badcase,无宠物食品相关信号
4498,UClIa3XbxdxbKdGstuL8VcFw,Random Commercials,https://www.youtube.com/channel/UClIa3XbxdxbKdGstuL8VcFw,-5,badcase,广告合集频道，非稳定创作者投放场景
4499,UCaKJzP0IqzgKWarqvE2s4kg,Iris's Fantasy Universe,https://www.youtube.com/channel/UCaKJzP0IqzgKWarqvE2s4kg,-2,badcase,宠物受众有，但以娱乐短视频为主，转化不强
4500,UCV5ZaZdt-h00IOEKi9MCJLA,Squishy Gnome,https://www.youtube.com/channel/UCV5ZaZdt-h00IOEKi9MCJLA,0,badcase,无宠物食品相关标签或内容信号
4501,UCR6AGNswDItSKNNcd9214xQ,Celebrity & Sports Insider,https://www.youtube.com/channel/UCR6AGNswDItSKNNcd9214xQ,0,badcase,无宠物食品相关信号，受众过于泛化
4503,UCV5ZaZdt-h00IOEKi9MCJLA,Squishy Gnome,https://www.youtube.com/channel/UCV5ZaZdt-h00IOEKi9MCJLA,0,badcase,无宠物食品相关信号，定位不明
4505,UCs2QguCpI_r1us7v8RRaczw,Movie Rush,https://www.youtube.com/channel/UCs2QguCpI_r1us7v8RRaczw,0,badcase,无宠物食品相关信号
4506,UC92_D0NWJhZxh6ZeLYIb-mg,City sTicker -Chris,https://www.youtube.com/channel/UC92_D0NWJhZxh6ZeLYIb-mg,0,badcase,无宠物食品相关信号
4507,UCeOmw5qFTlPbzaugDg9Jqpw,"Stewart Lonky, M.D.",https://www.youtube.com/channel/UCeOmw5qFTlPbzaugDg9Jqpw,0,badcase,医学频道与宠物食品投放无关
4509,UCta-IjIkUozU9AnBRuU0FoA,KatieG8tor,https://www.youtube.com/channel/UCta-IjIkUozU9AnBRuU0FoA,0,badcase,仅有泛食物/生活标签，不指向宠物食品
4511,UC5NDLaxEqkMsnlYrc5ntAPw,Riderflex,https://www.youtube.com/channel/UC5NDLaxEqkMsnlYrc5ntAPw,0,badcase,职业播客与宠物食品受众不匹配
4512,UCDc8K6EsnhGE9n5DM-1NATg,ScentFriend,https://www.youtube.com/channel/UCDc8K6EsnhGE9n5DM-1NATg,-15,badcase,香氛自护理为主，和宠物食品投放明显不匹配
4513,UCOOwEHyzn4msD74KOeZEdRA,Snoozing Dino,https://www.youtube.com/channel/UCOOwEHyzn4msD74KOeZEdRA,-15,badcase,娱乐游戏为主，不适合宠物食品推广
4514,UCdhvzO-MyuKmZplU28Obl0Q,Tejuro Kielni,https://www.youtube.com/channel/UCdhvzO-MyuKmZplU28Obl0Q,0,badcase,无宠物食品相关信号
4515,UCbBxRqz8PPkhvfeA04PEFmw,BrandStoryNews,https://www.youtube.com/channel/UCbBxRqz8PPkhvfeA04PEFmw,0,badcase,商业新闻类频道与宠物食品投放关联弱
4516,UCmScw6BMXrI6_sZr-T47IGQ,Vinck Suaava,https://www.youtube.com/channel/UCmScw6BMXrI6_sZr-T47IGQ,0,badcase,无宠物食品相关信号
4517,UCXLQJSgEmrIWoEyr9NqmxWA,Argyle302,https://www.youtube.com/channel/UCXLQJSgEmrIWoEyr9NqmxWA,0,badcase,主内容是车圈与杂项，宠物信号不在前列
4518,UC8NEOq7SHNgprSdyHIXb78g,Xinege Rishifi,https://www.youtube.com/channel/UC8NEOq7SHNgprSdyHIXb78g,0,badcase,无宠物食品相关信号
4520,UCFxF6KW5GsTAyzBjdiKcOTw,Rahul,https://www.youtube.com/channel/UCFxF6KW5GsTAyzBjdiKcOTw,0,badcase,无宠物食品相关信号
4521,UC_SEi24MoV_aS7Dmgh2KbTQ,Ladies Talk,https://www.youtube.com/channel/UC_SEi24MoV_aS7Dmgh2KbTQ,0,badcase,泛评论类受众，和宠物食品关联弱
4522,UCWvWo8bI15OvOw2sV8gJ1pA,Doug the Neighbor TV,https://www.youtube.com/channel/UCWvWo8bI15OvOw2sV8gJ1pA,0,badcase,无宠物食品相关信号
4523,UCCvuSZaXa4E8_sHMHp2c-9A,Amazon product research,https://www.youtube.com/channel/UCCvuSZaXa4E8_sHMHp2c-9A,0,badcase,只有泛产品研究倾向，缺少宠物食品关联
4524,UCo3mVyNWXT-f-Xcvr_4nPrA,Juniper Jones,https://www.youtube.com/channel/UCo3mVyNWXT-f-Xcvr_4nPrA,0,badcase,无宠物食品相关信号
4525,UCrvoF9qLgBV_4J4l4Hr_JSw,Goede Fusilier,https://www.youtube.com/channel/UCrvoF9qLgBV_4J4l4Hr_JSw,0,badcase,无宠物食品相关信号
4526,UCmqP3nOf6f6aPwgvy6ZBqpw,Home Truth Tested,https://www.youtube.com/channel/UCmqP3nOf6f6aPwgvy6ZBqpw,0,badcase,无宠物食品或购买意图信号
4528,UCpeJe954g6JZzdxCSZ0IIqQ,MatrixPartners,https://www.youtube.com/channel/UCpeJe954g6JZzdxCSZ0IIqQ,0,badcase,无相关标签，无法支撑宠物食品投放
4529,UCHOi4L3mVLka3Nohd7TD1ng,Livin Farms Education,https://www.youtube.com/channel/UCHOi4L3mVLka3Nohd7TD1ng,2,badcase,食品健康泛类，和宠物食品仅弱相关
4530,UC58wiBOIaPNpLcP6QfJHGqw,Copper City Drifter,https://www.youtube.com/channel/UC58wiBOIaPNpLcP6QfJHGqw,0,badcase,无宠物或食品受众信号
4531,UCUCuNFWKd_mtN4tnT3xufMQ,Rainy,https://www.youtube.com/channel/UCUCuNFWKd_mtN4tnT3xufMQ,-10,badcase,音乐/娱乐向，和宠物食品投放不匹配
4532,UCOWFeCQA8bh_9wFYn7YENaw,Sohrab khan,https://www.youtube.com/channel/UCOWFeCQA8bh_9wFYn7YENaw,-15,badcase,街头美食娱乐向，宠物食品受众不匹配
4533,UCBiBxObrbtBLzgiJFUeZ-sQ,John Doh Channel,https://www.youtube.com/channel/UCBiBxObrbtBLzgiJFUeZ-sQ,-15,badcase,新闻直播型频道，和宠物食品受众不符
4535,UCXfCOdWZcxOTs__zRla8VoA,GP123MC,https://www.youtube.com/channel/UCXfCOdWZcxOTs__zRla8VoA,0,badcase,游戏频道，和宠物食品无关
4537,UCfwPrfSYSTbp5EXJsMqL2WA,ArlyAndJay,https://www.youtube.com/channel/UCfwPrfSYSTbp5EXJsMqL2WA,0,badcase,旅行与节庆内容，缺少宠物食品意图
4538,UCcw8t2pV5eBRiMvpUo1InUw,Amber Ashli,https://www.youtube.com/channel/UCcw8t2pV5eBRiMvpUo1InUw,0,badcase,时尚内容，和宠物食品无关
4540,UCjjEuB_A47fQpVWQOhJ0NaQ,Ethera Danuma,https://www.youtube.com/channel/UCjjEuB_A47fQpVWQOhJ0NaQ,0,badcase,无宠物食品相关信号
4541,UCmVuSL6cGwNY4OY1RC4bHAA,Natural Cure,https://www.youtube.com/channel/UCmVuSL6cGwNY4OY1RC4bHAA,0,badcase,偏健康养生，但非宠物食品场景
4542,UCLaoKrZcbUpavyhaLl0CpPQ,Life Boost guide,https://www.youtube.com/channel/UCLaoKrZcbUpavyhaLl0CpPQ,0,badcase,泛生活励志，和宠物食品无关
4543,UCa-Gg0EhwJWcJoGFWUOswRQ,Lucina Pekara,https://www.youtube.com/channel/UCa-Gg0EhwJWcJoGFWUOswRQ,0,badcase,无宠物食品相关受众
4545,UClOFNfR2-RwYNao5QcuE1Jw,Artist,https://www.youtube.com/channel/UClOFNfR2-RwYNao5QcuE1Jw,0,badcase,户外人像内容，和宠物食品无关
4546,UCVRupnGJuftHATdV0y1WBag,EM News,https://www.youtube.com/channel/UCVRupnGJuftHATdV0y1WBag,-15,badcase,娱乐新闻向，宠物食品不适配
4548,UCFeRwcD23e-DzCGDajiE0Mg,OtakuVerse,https://www.youtube.com/channel/UCFeRwcD23e-DzCGDajiE0Mg,0,badcase,二次元游戏向，和宠物食品无关
4550,UCSPS_4pGiWmjWgLa8iR-nVg,Travel Secret Talks,https://www.youtube.com/channel/UCSPS_4pGiWmjWgLa8iR-nVg,0,badcase,旅行谈话类，和宠物食品无关
4553,UCaPTUy6EnRY8e4svbE2Ihbw,Wopskino,https://www.youtube.com/channel/UCaPTUy6EnRY8e4svbE2Ihbw,-15,badcase,音乐娱乐频道，与宠物食品推广明显不符
4556,UCnKsAmmpbnNO50HgcfQt8tg,The Mega brand24,https://www.youtube.com/channel/UCnKsAmmpbnNO50HgcfQt8tg,0,badcase,无标签无内容信号，无法判断为相关创作者
4557,UCBJSXfABOwC8BhQ9jXJFoZA,Petland Wichita East Kellogg,https://www.youtube.com/channel/UCBJSXfABOwC8BhQ9jXJFoZA,0,badcase,无有效标签，缺少宠物食品推广证据
4559,UCeKKATTzl_VDNUKMXELWt8Q,GideonAI,https://www.youtube.com/channel/UCeKKATTzl_VDNUKMXELWt8Q,-15,badcase,游戏标签占主导，与宠物食品推广不符
4560,UCpHWuhmI9ZrJrYjmmRnCR7Q,Spot & Tango,https://www.youtube.com/channel/UCpHWuhmI9ZrJrYjmmRnCR7Q,0,badcase,无标签无内容信号，相关性不足
4561,UCvNcLMWOhlfbST5L-J248sg,Senaida Gus,https://www.youtube.com/channel/UCvNcLMWOhlfbST5L-J248sg,0,badcase,无标签，无相关受众或购买意图
4563,UCVjSd-Nsm7dhd3-OFEZlYeg,Geshmake,https://www.youtube.com/channel/UCVjSd-Nsm7dhd3-OFEZlYeg,0,badcase,旅行文化音乐为主，与宠物食品无关
4565,UCcc_tKgc2Ptq--YLtTEmicw,360fly.video,https://www.youtube.com/channel/UCcc_tKgc2Ptq--YLtTEmicw,0,badcase,旅行制作类频道，缺少宠物食品受众
4566,UCmn_HyC2ccBmEXbujBkZ8CQ,Juice Channel,https://www.youtube.com/channel/UCmn_HyC2ccBmEXbujBkZ8CQ,-15,badcase,体育赛事频道，与宠物食品推广不符
4568,UCmeLsDlHpGMRQ0U2YICcYng,Curll Brave,https://www.youtube.com/channel/UCmeLsDlHpGMRQ0U2YICcYng,0,badcase,无标签无内容信号，相关性不足
4569,UCGGajcmUuqJr5lbrXFicDOA,misaal podcast,https://www.youtube.com/channel/UCGGajcmUuqJr5lbrXFicDOA,0,badcase,无标签无内容信号，相关性不足
4570,UC5DuDnFAaqGUnY_MXIO4ugg,Cat Quest,https://www.youtube.com/channel/UC5DuDnFAaqGUnY_MXIO4ugg,0,badcase,无标签无内容信号，相关性不足
4572,UChpdV_Ttkz9lpFsNpmsWPtw,The Homestead,https://www.youtube.com/channel/UChpdV_Ttkz9lpFsNpmsWPtw,0,badcase,无标签无内容信号，相关性不足
4573,UCmxjzFN5_50JkJO16HgWP0g,Damn.Good.Marketing,https://www.youtube.com/channel/UCmxjzFN5_50JkJO16HgWP0g,0,badcase,无标签无内容信号，相关性不足
4574,UCZFEdPYoWZIeBP5Dpre_olA,KindCare Seniors,https://www.youtube.com/channel/UCZFEdPYoWZIeBP5Dpre_olA,0,badcase,无标签无内容信号，相关性不足
4575,UCt-W0D-mxRTiQGuc4ygWTbw,Hizodo Mezaha,https://www.youtube.com/channel/UCt-W0D-mxRTiQGuc4ygWTbw,0,badcase,无标签无内容信号，相关性不足
4577,UCa3LgEmBYmzCmDj6PIAUMlg,Service Tales,https://www.youtube.com/channel/UCa3LgEmBYmzCmDj6PIAUMlg,0,badcase,无宠物食品相关信号
4579,UCqS1ory5kFerebeC1kYmq6A,All Pet Review,https://www.youtube.com/channel/UCqS1ory5kFerebeC1kYmq6A,0,badcase,无可用标签信号
4580,UCdymE1WzCEBSkvgS_a-en0w,Sally Morgan (Dances of the Heart),https://www.youtube.com/channel/UCdymE1WzCEBSkvgS_a-en0w,0,badcase,无可用标签信号
4581,UCJqbDwwpyUrZlAbfczWOsMA,Tigris Aquino,https://www.youtube.com/channel/UCJqbDwwpyUrZlAbfczWOsMA,0,badcase,孕产和生活方式内容，与宠物食品无关
4582,UCX7o5OHcueIOyxcT_TFfgZA,YTA,https://www.youtube.com/channel/UCX7o5OHcueIOyxcT_TFfgZA,0,badcase,无宠物食品相关信号
4583,UCE6lvVBOppCOw9wjGgQkejQ,Dogs Heaven and Tales,https://www.youtube.com/channel/UCE6lvVBOppCOw9wjGgQkejQ,0,badcase,无标签，无法证明宠物食品相关
4585,UCNFI7413BCzAPh6XiVCQWQA,Poopee730,https://www.youtube.com/channel/UCNFI7413BCzAPh6XiVCQWQA,0,badcase,游戏受众，与宠物食品推广不匹配
4586,UC42GPSgkuR0LGaNka_Kk9Aw,InstaVidz,https://www.youtube.com/channel/UC42GPSgkuR0LGaNka_Kk9Aw,0,badcase,无可用标签信号
4587,UCV31DTvN3kVP-QmJwRWTHcg,Billc Invests,https://www.youtube.com/channel/UCV31DTvN3kVP-QmJwRWTHcg,0,badcase,无可用标签信号
4588,UCCZGLb0sWA-Gp_vq4APQe7w,Funny Pets Video,https://www.youtube.com/channel/UCCZGLb0sWA-Gp_vq4APQe7w,0,badcase,仅有名称，标签缺失
4589,UCKPuVn1dOoQmkhENjX24J3A,puppy,https://www.youtube.com/channel/UCKPuVn1dOoQmkhENjX24J3A,0,badcase,仅有名称，标签缺失
4590,UC56dzNK5j1QuRn1J0OcZXBQ,Wander & Wonder,https://www.youtube.com/channel/UC56dzNK5j1QuRn1J0OcZXBQ,0,badcase,野生动物/自然向，不适合宠物食品推广
4591,UCbtCPyzQAH5cdMvita2h5HQ,Andy Reynolds,https://www.youtube.com/channel/UCbtCPyzQAH5cdMvita2h5HQ,0,badcase,无可用标签信号
4592,UCssmfl3SdlPtOmHAu1_yPJQ,Softhealthy,https://www.youtube.com/channel/UCssmfl3SdlPtOmHAu1_yPJQ,0,badcase,标签缺失，无法判断相关性
4593,UCoNmuVjJFqrfobkqRd3Jkvg,MetroAlive,https://www.youtube.com/channel/UCoNmuVjJFqrfobkqRd3Jkvg,0,badcase,餐饮生活方式，不是宠物食品受众
4595,UC5DXDC3KVucGux3KrJAdfvA,Petland Knoxville,https://www.youtube.com/channel/UC5DXDC3KVucGux3KrJAdfvA,0,badcase,标签缺失，未见宠物食品信号
4596,UCixbDFsx9LqbCRV4INaaCUw,TailandPawsDogumentaryTV,https://www.youtube.com/channel/UCixbDFsx9LqbCRV4INaaCUw,0,badcase,无标签，仅名称不足以支撑
4597,UCRMCB5M4gopfTg1aN4OEGPA,Chicago Talk Show Host,https://www.youtube.com/channel/UCRMCB5M4gopfTg1aN4OEGPA,0,badcase,无可用标签信号
4599,UC9uBdIaNxbtTvgiLT9xQpSw,#shorts Videos about funny cats and dogs!,https://www.youtube.com/channel/UC9uBdIaNxbtTvgiLT9xQpSw,0,badcase,无可用标签信号
4600,UCcHZBIs22eHVLWQ5d21qAag,The Funny Cat videos AI,https://www.youtube.com/channel/UCcHZBIs22eHVLWQ5d21qAag,0,badcase,无可用标签信号
4601,UCa20rFOI2sUKsLfvDoenZHg,A spoonful of dressing set,https://www.youtube.com/channel/UCa20rFOI2sUKsLfvDoenZHg,0,badcase,无标签，无宠物食品相关证据
4603,UCBcRF18a7Qf58cCRy5xuWwQ,Gartner for Marketing,https://www.youtube.com/channel/UCBcRF18a7Qf58cCRy5xuWwQ,0,badcase,营销类频道，和宠物食品受众不符
4604,UCvxBhXzcCLtsSXsrq0h1U0Q,Thane Walton,https://www.youtube.com/channel/UCvxBhXzcCLtsSXsrq0h1U0Q,0,badcase,生活杂项，缺少宠物食品触达场景
4605,UCQYNW5vJWBBjiep062NwMEA,Browse & Buy Stuff,https://www.youtube.com/channel/UCQYNW5vJWBBjiep062NwMEA,0,badcase,无标签，无相关证据
4606,UCsRZ3DtdsSveLEJHbDBAxAA,The Fact Review Hub,https://www.youtube.com/channel/UCsRZ3DtdsSveLEJHbDBAxAA,0,badcase,产品评测杂项，非宠物食品场景
4607,UCj5k0Ne_kAM4CGS7tFoo_zQ,Colin Cropley,https://www.youtube.com/channel/UCj5k0Ne_kAM4CGS7tFoo_zQ,0,badcase,购物/游戏内容，缺少宠物食品受众
4609,UCf5yBrKtKDfk8NAYbtXt6Cw,Dondepiso,https://www.youtube.com/channel/UCf5yBrKtKDfk8NAYbtXt6Cw,0,badcase,厨房食品类但偏人食，不适合宠物食品
4610,UC5-14gEA8wXQLuaWLwyawgg,More Control,https://www.youtube.com/channel/UC5-14gEA8wXQLuaWLwyawgg,0,badcase,无内容线索
4612,UC0-7T7nDNHm2iaHixBpksEg,Biz Wiz Insights,https://www.youtube.com/channel/UC0-7T7nDNHm2iaHixBpksEg,0,badcase,泛商业资讯，不适合宠物食品推广
4613,UCvjXYvlpLg1d9naZMMrKqUQ,BacktoNature,https://www.youtube.com/channel/UCvjXYvlpLg1d9naZMMrKqUQ,0,badcase,自然生活类，宠物食品相关性弱
4614,UCObWH9AaVY_ITGMzqINpYog,Petlytical,https://www.youtube.com/channel/UCObWH9AaVY_ITGMzqINpYog,0,badcase,仅有宠物泛标签，缺少食品意图
4616,UCdPd4CdYsMx_Pcqlbj4IX9A,Life And Scents,https://www.youtube.com/channel/UCdPd4CdYsMx_Pcqlbj4IX9A,0,badcase,无标签，无相关证据
4617,UCtW7EDWjBrw8RV4IBGnlgvw,Betty The Basset,https://www.youtube.com/channel/UCtW7EDWjBrw8RV4IBGnlgvw,0,badcase,无标签，无相关证据
4618,UCAxv2rAS6zyqQZ7lUy0vQlw,C60 COMPLETE,https://www.youtube.com/channel/UCAxv2rAS6zyqQZ7lUy0vQlw,0,badcase,无标签，无相关证据
4619,UCIaMlMYZqYIUkgb1YJEu1Lg,Adorable Siamese Lynx Cats,https://www.youtube.com/channel/UCIaMlMYZqYIUkgb1YJEu1Lg,0,badcase,无标签，无相关证据
4621,UCRrfOvOO-Cni3xwvo6rDzhw,sylverclaws,https://www.youtube.com/channel/UCRrfOvOO-Cni3xwvo6rDzhw,0,badcase,空标签，无相关证据
4623,UCF8d4McBsuChm4zGkyJgyTA,Lee Thurburn,https://www.youtube.com/channel/UCF8d4McBsuChm4zGkyJgyTA,0,badcase,政治/知识类频道，不适合宠物食品推广
4624,UCwo8c7JSR5aaKk63UPSRtEg,Qaroka Fomuni,https://www.youtube.com/channel/UCwo8c7JSR5aaKk63UPSRtEg,0,badcase,无标签，无相关证据
4625,UCEpUgQ6muzZ9YPy53O7w2HA,The Institute for Responsible Technology,https://www.youtube.com/channel/UCEpUgQ6muzZ9YPy53O7w2HA,0,badcase,食品安全/转基因话题，和宠物食品受众脱节
4626,UClUhp-wGeDXMrW_6uQkl_OA,Costco Stans,https://www.youtube.com/channel/UClUhp-wGeDXMrW_6uQkl_OA,0,badcase,无宠物相关证据，和宠物食品推广无关
4630,UC2jVXsbXeet3zh33sotIa5g,MoodyTail,https://www.youtube.com/channel/UC2jVXsbXeet3zh33sotIa5g,0,badcase,无标签证据，无法判断与宠物食品相关性
4632,UClD6UPgYDdhqThQcXpP2-xA,KaayRenee,https://www.youtube.com/channel/UClD6UPgYDdhqThQcXpP2-xA,0,badcase,无宠物相关信号，难以作为投放渠道
4633,UC2DDJ3yC-26q-OgFzY1dpVg,Best Dating Advice | Grandma Wisdom,https://www.youtube.com/channel/UC2DDJ3yC-26q-OgFzY1dpVg,0,badcase,完全不相关的泛人群内容
4639,UCI7ZTY8-1p02jg4_gfvoGGA,Time Savour,https://www.youtube.com/channel/UCI7ZTY8-1p02jg4_gfvoGGA,0,badcase,无宠物受众，相关性不足
4640,UCQAQ2HOtCmtPsEfp6UwCixg,Rifat Khandaker,https://www.youtube.com/channel/UCQAQ2HOtCmtPsEfp6UwCixg,0,badcase,无相关标签或主题信号
4641,UCRYxPR-NO09MQz17jkJOYoQ,Lumoar Monetu,https://www.youtube.com/channel/UCRYxPR-NO09MQz17jkJOYoQ,0,badcase,无相关标签或主题信号
4642,UCfgMJvEKLIwC2Q2P4yy2vOw,Money maker online TIPS,https://www.youtube.com/channel/UCfgMJvEKLIwC2Q2P4yy2vOw,0,badcase,与宠物食品投放无关
4644,UCKMfddsJmjs605hZqn5mobw,Sgj Shd,https://www.youtube.com/channel/UCKMfddsJmjs605hZqn5mobw,0,badcase,无相关主题信号
4646,UC5As4ppWRtIQ-GXBr961WiA,Scrapping official's rambling thoughts,https://www.youtube.com/channel/UC5As4ppWRtIQ-GXBr961WiA,0,badcase,与宠物食品无关
4647,UCTfDwKHWZ_mJQVE1_mN4Veg,Welcome Back to the Kitchen!,https://www.youtube.com/channel/UCTfDwKHWZ_mJQVE1_mN4Veg,0,badcase,厨房内容偏人类食品，不是宠物食品受众
4649,UCuNdH-TqROabmTeiWwDUbHg,Santellan Raheja,https://www.youtube.com/channel/UCuNdH-TqROabmTeiWwDUbHg,0,badcase,无相关信号
4650,UCHuk39wesGBhXTW0nLCauNg,SBShorts®,https://www.youtube.com/channel/UCHuk39wesGBhXTW0nLCauNg,2,badcase,娱乐杂项过多，宠物词只构成弱相关
4651,UCrDBsvdPNygewfqy9O556Xg,5 Best Reviews,https://www.youtube.com/channel/UCrDBsvdPNygewfqy9O556Xg,1,badcase,泛电子评测，只有 food 的弱相关
4652,UCXtP-05GkKqO_1lMo9KOj_w,Adam & Mary Ann,https://www.youtube.com/channel/UCXtP-05GkKqO_1lMo9KOj_w,0,badcase,孕产家庭向，和宠物食品无关
4653,UCXIwvlFZ1FUObKJJ7K7jbhA,Matt Uhry,https://www.youtube.com/channel/UCXIwvlFZ1FUObKJJ7K7jbhA,0,badcase,无标签无内容，无法判断宠物食品相关
4654,UCsBCZJPEo6VBUdFe_Z0ONzA,Julie Howard,https://www.youtube.com/channel/UCsBCZJPEo6VBUdFe_Z0ONzA,0,badcase,无标签无内容，无法判断宠物食品相关
4657,UCnQCRggV9QJ4wpM763HjipA,MrFlipgraf,https://www.youtube.com/channel/UCnQCRggV9QJ4wpM763HjipA,0,badcase,无标签无内容，宠物食品信号缺失
4659,UCUVwO0SKQmdUmDJwmfe2smA,X-Tremevidpro,https://www.youtube.com/channel/UCUVwO0SKQmdUmDJwmfe2smA,0,badcase,随机短视频为主，宠物食品意图很弱
4660,UCcbdkUAmTmfm56Wr6jiAPzQ,cerove vaxilu,https://www.youtube.com/channel/UCcbdkUAmTmfm56Wr6jiAPzQ,0,badcase,无标签无内容，无法判断宠物食品相关
4662,UCF0nhj6_7_fjnf7vKKTQ6Cw,Uncle Madd,https://www.youtube.com/channel/UCF0nhj6_7_fjnf7vKKTQ6Cw,1,badcase,旅行体育主频道，只有泛 food 词
4663,UC4r0nplWlVDRdP3jnBpCNGw,Far Out Junk,https://www.youtube.com/channel/UC4r0nplWlVDRdP3jnBpCNGw,0,badcase,复古广告/电视内容，和宠物食品无关
4664,UC6I4Sb9Ec3YdjNHWQ627KRQ,Cigar Boss,https://www.youtube.com/channel/UC6I4Sb9Ec3YdjNHWQ627KRQ,-9,badcase,雪茄频道叠加 ASMR，和宠物食品投放明显错位
4665,UCPVrNkr4Ur0dDFusPFk29Fg,ZipZyme™ Omega,https://www.youtube.com/channel/UCPVrNkr4Ur0dDFusPFk29Fg,0,badcase,无标签无内容，宠物食品信号缺失
4667,UCbgcrsdwNKrJpTUFdVarByA,Wrecker Movie,https://www.youtube.com/channel/UCbgcrsdwNKrJpTUFdVarByA,0,badcase,电影解说/格斗内容，和宠物食品不匹配
4668,UCb0wqUkEclKV07CjL-zV-9g,Entertainment News Broadcast,https://www.youtube.com/channel/UCb0wqUkEclKV07CjL-zV-9g,0,badcase,娱乐新闻频道，宠物食品相关性低
4669,UCyXDZHJogWbLotODIOYzSFA,Big Bend Guide,https://www.youtube.com/channel/UCyXDZHJogWbLotODIOYzSFA,0,badcase,地理指南类频道，和宠物食品无关
4672,UCRoznu-M3T-l2YoP6hah1Ng,Prime Shoppers World,https://www.youtube.com/channel/UCRoznu-M3T-l2YoP6hah1Ng,0,badcase,购物类命名过泛，缺少宠物信号
4673,UCtjyNP9Vy9W2ZFishqfnqKg,RacaRobert,https://www.youtube.com/channel/UCtjyNP9Vy9W2ZFishqfnqKg,0,badcase,无标签无内容，无法判断宠物食品相关
4676,UCwz3jAzVeMoTEbw2LHP-WZg,Jose Escamilla,https://www.youtube.com/channel/UCwz3jAzVeMoTEbw2LHP-WZg,0,badcase,无宠物食品相关标签或内容信号
4677,UCgZy_rZi0J-TdC0lGI66Puw,HappyKittenHaven,https://www.youtube.com/channel/UCgZy_rZi0J-TdC0lGI66Puw,0,badcase,无相关标签，缺少宠物食品推广信号
4678,UCfSW-jXjEqsmFRyAvBmEFyQ,Arthur von Wiesenberger,https://www.youtube.com/channel/UCfSW-jXjEqsmFRyAvBmEFyQ,1,badcase,旅行频道仅有泛食物标签，相关性很弱
4680,UCGB_oQx-xamdosvM1-fI_Ng,SuperTwins TV - Toy and Game Reviews,https://www.youtube.com/channel/UCGB_oQx-xamdosvM1-fI_Ng,0,badcase,无宠物食品相关内容信号
4681,UCbsePDwraKJXsqZIeKB0DIw,PSA America,https://www.youtube.com/channel/UCbsePDwraKJXsqZIeKB0DIw,0,badcase,广告/公益频道，和宠物食品推广不匹配
4682,UCqy-oklyThjHbjJd-82cUSA,Brian Toung,https://www.youtube.com/channel/UCqy-oklyThjHbjJd-82cUSA,0,badcase,无可用标签，无法支持宠物食品投放
4683,UCNwbLowTVyc6tVYAcFEGTUQ,FlushMind HealthTips,https://www.youtube.com/channel/UCNwbLowTVyc6tVYAcFEGTUQ,0,badcase,无可用标签，无法支持宠物食品投放
4684,UCauNvWGSpT4FE5vntj3AzMw,Your Cook body,https://www.youtube.com/channel/UCauNvWGSpT4FE5vntj3AzMw,0,badcase,人类烹饪频道，不适合宠物食品推广
4685,UCHSz8oWsDYL5adhTQorzJ7Q,Kitty Cook Tales,https://www.youtube.com/channel/UCHSz8oWsDYL5adhTQorzJ7Q,0,badcase,无宠物食品相关内容信号
4686,UCtvJbVH3XlANcnBO8o3VP5Q,mrhumboldthippy,https://www.youtube.com/channel/UCtvJbVH3XlANcnBO8o3VP5Q,0,badcase,泛生活频道，和宠物食品关联很弱
4687,UCg5BfxaiP_pWoXvxvTW4zjw,Review Amazon Products,https://www.youtube.com/channel/UCg5BfxaiP_pWoXvxvTW4zjw,0,badcase,无标签支撑，不能判断为宠物食品相关
4688,UCLTnM0YFSDNUhLuyE_OU75g,Quruku Elvebe,https://www.youtube.com/channel/UCLTnM0YFSDNUhLuyE_OU75g,0,badcase,无可用标签，无法支持宠物食品投放
4689,UCmrjGfC33ne-uHWgNDPdBWA,The Cat Lady Chronicles,https://www.youtube.com/channel/UCmrjGfC33ne-uHWgNDPdBWA,0,badcase,无宠物食品相关内容信号
4692,UCPuUq_CxRta9xw2JtAkul8A,"Heat and Control, Inc.",https://www.youtube.com/channel/UCPuUq_CxRta9xw2JtAkul8A,0,badcase,工业食品设备号，不是宠物食品创作者场景
4693,UC9yUcnoazvRWnJpamPGTZ-g,TigerHat Tales,https://www.youtube.com/channel/UC9yUcnoazvRWnJpamPGTZ-g,0,badcase,无宠物食品相关内容信号
4694,UCEP6uE86tK9ZLp351zx9ooA,Tipsment,https://www.youtube.com/channel/UCEP6uE86tK9ZLp351zx9ooA,0,badcase,娱乐短内容频道，宠物食品相关性不足
4695,UCaHk9bxyoMkZ4iZsUs6xaJQ,CRICKET KITCHEN,https://www.youtube.com/channel/UCaHk9bxyoMkZ4iZsUs6xaJQ,0,badcase,街头美食频道，目标受众与宠物食品不符
4697,UCiI9KINY8DeNb_K09Iv2z5Q,AS Gadgets,https://www.youtube.com/channel/UCiI9KINY8DeNb_K09Iv2z5Q,0,badcase,无宠物食品相关内容信号
4698,UC8w3XysGNh28z35GB-bvVXQ,Obedient Dog Guide,https://www.youtube.com/channel/UC8w3XysGNh28z35GB-bvVXQ,0,badcase,缺少标签与内容，无法确认宠物食品相关性
4699,UCu2alrvMeIHJNZQroacF8Uw,Mahbuba Shahrin,https://www.youtube.com/channel/UCu2alrvMeIHJNZQroacF8Uw,0,badcase,无可用标签，无法支持宠物食品投放
4700,UCY48e8zhvzgWpZkIDEcRPOg,Not Brothers Comedy,https://www.youtube.com/channel/UCY48e8zhvzgWpZkIDEcRPOg,0,badcase,无可用标签，无法支持宠物食品投放
4701,UCGXXsCYWF__Ypy5RFkmEACA,Best Review Find,https://www.youtube.com/channel/UCGXXsCYWF__Ypy5RFkmEACA,0,badcase,无标签无内容，无法支撑宠物食品投放
4702,UCRTqDGku3E5Dum3BzdNjIeg,How To And What's New,https://www.youtube.com/channel/UCRTqDGku3E5Dum3BzdNjIeg,-15,badcase,人类零食/咖啡频道，与宠物食品投放明显错位
