rank,channel_id,channel_name,channel_url,score,suggested_label,why_short
9,UCw9UnS-amGQga3rhvzGqcYA,Super Krew,https://www.youtube.com/channel/UCw9UnS-amGQga3rhvzGqcYA,5,badcase,儿童玩具和假扮内容为主，不适合真实割草机投放
45,UC2AUc-4_yMsFHLfPP9Ub8ZA,George Fan,https://www.youtube.com/channel/UC2AUc-4_yMsFHLfPP9Ub8ZA,0,badcase,消费电子评测为主，割草机不在核心受众
62,UCPXXG0mMXuNopVsb_9xoJDA,Satisfying Lawn Care Videos,https://www.youtube.com/channel/UCPXXG0mMXuNopVsb_9xoJDA,-15,badcase,前五标签全是 Fortnite 游戏，明显不相关
92,UClo9oBif-ku_rpvieW843Ow,Flippin' Sweet Gear,https://www.youtube.com/channel/UClo9oBif-ku_rpvieW843Ow,10,badcase,虽有直命中，但音频/睡眠标签强，推广场景不合
98,UCKs7-oGzd8G24cEWbk_lcKA,Chris Rollins,https://www.youtube.com/channel/UCKs7-oGzd8G24cEWbk_lcKA,10,badcase,有直命中，但特技实验/娱乐占主导
104,UCUiRea8iqzyLSqd_y8F7n9Q,Agri Supply®,https://www.youtube.com/channel/UCUiRea8iqzyLSqd_y8F7n9Q,0,badcase,食品生活类，基本无割草机推广相关性
111,UC4TK8YvBjAeMacLpPDuRuLA,bbb jim1,https://www.youtube.com/channel/UC4TK8YvBjAeMacLpPDuRuLA,3,badcase,仅泛工具/家居弱相关，割草机意图太弱
112,UC4TVLA3yMs6JbgQ7vL49MFg,Xstreme Adventures,https://www.youtube.com/channel/UC4TVLA3yMs6JbgQ7vL49MFg,3,badcase,只有弱草坪/农机线索，整体偏杂项内容
120,UCphHeAS4vVIwl-lqF4qU5MA,Adventurepilot70,https://www.youtube.com/channel/UCphHeAS4vVIwl-lqF4qU5MA,0,badcase,娱乐/飞行修复类为主，和割草机无关
132,UCuc4MxH9elX19vLtDYeJ2Uw,Tinker Forward,https://www.youtube.com/channel/UCuc4MxH9elX19vLtDYeJ2Uw,0,badcase,科技家居泛题，缺少 lawn mower 相关信号
143,UCbFh-R_44sgVmohjMEPzmfQ,Something 2LookAt,https://www.youtube.com/channel/UCbFh-R_44sgVmohjMEPzmfQ,8,badcase,虽命中 mower，但 ASMR/满足感格式与推广强冲突
151,UCyV2r7XWPvSfY_ZYatG4ttA,EndWrench Rookie,https://www.youtube.com/channel/UCyV2r7XWPvSfY_ZYatG4ttA,1,badcase,汽车修理向，只有泛工具标签，草坪机械相关度低
153,UC8y9SfJyCw6_xdg-joNaXlA,MakeShiftGarage,https://www.youtube.com/channel/UC8y9SfJyCw6_xdg-joNaXlA,0,badcase,车辆维修内容，和割草机推广场景不匹配
155,UCrFbpwEEYsRZDli-AEfCWFw,Square2448,https://www.youtube.com/channel/UCrFbpwEEYsRZDli-AEfCWFw,-3,badcase,模拟游戏内容，不适合做割草机推广
161,UCo7SZvcoj3TTlm0btPqdB9A,TheOutdoorPowerGuy,https://www.youtube.com/channel/UCo7SZvcoj3TTlm0btPqdB9A,0,badcase,泛车辆/生活标签，未见割草机相关信号
168,UCAYXR5eEASm9XYDT9lr_qVA,777 Auction Company,https://www.youtube.com/channel/UCAYXR5eEASm9XYDT9lr_qVA,0,badcase,车辆拍卖受众，不是割草机推广场景
169,UC2L-eKjz-ldm7SuOYLxmqVg,Iron Nation Garage,https://www.youtube.com/channel/UC2L-eKjz-ldm7SuOYLxmqVg,2,badcase,拖拉机/车摩混合内容，与割草机相关度弱
173,UCQkiplgkZ_ms1ztYpZKf3IQ,Samko Trad Bow,https://www.youtube.com/channel/UCQkiplgkZ_ms1ztYpZKf3IQ,-4,badcase,狩猎内容为主，与割草机场景不符
174,UCzS3h055sSrgs57Zr6-zG8A,Nater Tater,https://www.youtube.com/channel/UCzS3h055sSrgs57Zr6-zG8A,0,badcase,科技家居内容偏泛，割草机相关度不足
182,UCEvMaEeDbt4VnevfmFzXK6g,Mow It Wells Shorts,https://www.youtube.com/channel/UCEvMaEeDbt4VnevfmFzXK6g,-5,badcase,ASMR满足型割草内容，非产品推广场景
185,UCPbY-5j5clYwT1qUkVbrdHQ,Garden Staudinger,https://www.youtube.com/channel/UCPbY-5j5clYwT1qUkVbrdHQ,0,badcase,无有效标签，无法判断相关性
186,UCR9765Boybvdqcf_TF86KOA,CRACKED HOUSING FAB,https://www.youtube.com/channel/UCR9765Boybvdqcf_TF86KOA,-15,badcase,改装/漂移/焊接频道，受众明显不匹配
187,UCxO1WbPs9HWKgpDwPxYSUHw,Tool Up Handyman,https://www.youtube.com/channel/UCxO1WbPs9HWKgpDwPxYSUHw,0,badcase,标签缺失，无法建立割草机投放相关性
189,UCnctwyKFsCAAe_sd1K7hrmA,Life With Brian Lofty,https://www.youtube.com/channel/UCnctwyKFsCAAe_sd1K7hrmA,-5,badcase,ASMR+割草，格式不适合产品推广
190,UClf0-RbUFis5CXoWNuUnELw,Inventor Experiments,https://www.youtube.com/channel/UClf0-RbUFis5CXoWNuUnELw,3,badcase,泛工具/生活妙招，和割草机投放只弱相关
192,UCMcCAix0u6yIvFvRY6vpg3Q,Killer Fuzz,https://www.youtube.com/channel/UCMcCAix0u6yIvFvRY6vpg3Q,-15,badcase,ASMR杂项兴趣号，和割草机投放不匹配
198,UCXdN_Je46eT22zTUJ0xqnBQ,Salty Acres,https://www.youtube.com/channel/UCXdN_Je46eT22zTUJ0xqnBQ,3,badcase,园艺/农场日常，和割草机只弱相关
202,UCzcqekkmqRsKFTbzLZvzBLQ,Raw Family Diy TV,https://www.youtube.com/channel/UCzcqekkmqRsKFTbzLZvzBLQ,3,badcase,仅泛DIY/HOWTO/Amazon，缺少草坪机受众
206,UCg9A0jd7UebTjondajzUzzQ,Getallproducts,https://www.youtube.com/channel/UCg9A0jd7UebTjondajzUzzQ,0,badcase,家电/玩具泛品类，和 lawn mower 无明显关联
208,UCZ4XLxs-oWiTQLq3HoWQzFQ,Baljit Johal,https://www.youtube.com/channel/UCZ4XLxs-oWiTQLq3HoWQzFQ,3,badcase,DIY/园艺/测评泛内容，购买意图不足
211,UCFu8BlhP8v6OM6z0y_E0vug,TN - Creative Project,https://www.youtube.com/channel/UCFu8BlhP8v6OM6z0y_E0vug,0,badcase,木工频道，和 lawn mower 场景不匹配
215,UCxgKr2SDkl9r5BULsJUrteg,Adams Reviews,https://www.youtube.com/channel/UCxgKr2SDkl9r5BULsJUrteg,3,badcase,通用测评/科技，缺少草坪机购买或使用场景
216,UCDt_U2BnxlzeXxeoWtqXD9Q,Best Deal Test 🔍,https://www.youtube.com/channel/UCDt_U2BnxlzeXxeoWtqXD9Q,4,badcase,有园艺/工具泛信号，但缺少草坪机专门性
218,UCFMLObSP7qcgE-k24UpD-XQ,KCW Plus,https://www.youtube.com/channel/UCFMLObSP7qcgE-k24UpD-XQ,0,badcase,工程机械/飞机观测，和草坪机不相关
220,UCLMxTjTDircrYzWO0Dsq0YQ,KevReviews,https://www.youtube.com/channel/UCLMxTjTDircrYzWO0Dsq0YQ,3,badcase,通用评测/家居内容，草坪机相关性弱
226,UCKC1y-TpzTXOsBpqyNYpbDQ,Restorations Tools,https://www.youtube.com/channel/UCKC1y-TpzTXOsBpqyNYpbDQ,1,badcase,以修复/除锈为主，缺少割草机推广受众。
238,UCaB0vrBIP7s-iwve7Z0Pl2g,Murphy Mowers etc,https://www.youtube.com/channel/UCaB0vrBIP7s-iwve7Z0Pl2g,0,badcase,只有 vehicle/lifestyle，和割草机推广无关。
243,UCNu4a7Y38t7gfquzDDMhzeA,66Oliver,https://www.youtube.com/channel/UCNu4a7Y38t7gfquzDDMhzeA,2,badcase,老式拖拉机修复向，和割草机推广场景偏远。
245,UCIQdH63Wi6nLu3sQxn5hBvw,"Shopping with Amy - Homegoods, Tech, Gift Ideas",https://www.youtube.com/channel/UCIQdH63Wi6nLu3sQxn5hBvw,0,badcase,无草坪/割草机信号，主要是杂货与生活方式。
249,UC7XRRxgwoSm5dgWzWmo_Fbg,Lawnster Mowing,https://www.youtube.com/channel/UC7XRRxgwoSm5dgWzWmo_Fbg,-7,badcase,ASMR 割草为主，格式不适合做割草机推广。
250,UCbDXfZ5BKjdlZdzkEcPLVPw,ForeverInvested$,https://www.youtube.com/channel/UCbDXfZ5BKjdlZdzkEcPLVPw,3,badcase,仅有泛 lawn care 线索，主体过杂。
252,UCffTjMX4FtSG9LcR48N4VhA,Elite Consumer,https://www.youtube.com/channel/UCffTjMX4FtSG9LcR48N4VhA,0,badcase,泛家居消费品频道，缺少割草机受众
257,UCLiRpeBmdSKT8TgldbdVE7Q,Gill Pecceu,https://www.youtube.com/channel/UCLiRpeBmdSKT8TgldbdVE7Q,0,badcase,无标签无内容信号，无法判断相关性
259,UCkNbzGIAnnOpdn7zbD7G1kg,Marks Misfit World,https://www.youtube.com/channel/UCkNbzGIAnnOpdn7zbD7G1kg,-5,badcase,有草坪工具信号，但 ASMR/舒缓格式不适合卖割草机
261,UCFrHBKvQwrrndxlDRx69rRA,Scott Meyer,https://www.youtube.com/channel/UCFrHBKvQwrrndxlDRx69rRA,0,badcase,仅泛生活/车辆标签，相关性很弱
269,UCGjfjOaW7eQABa4z4oqH6bA,American Detour,https://www.youtube.com/channel/UCGjfjOaW7eQABa4z4oqH6bA,0,badcase,汽车内容为主，和割草机无关
274,UCCHzGXuCvFN7zz_0oPGBZPA,Scent Control Outdoors,https://www.youtube.com/channel/UCCHzGXuCvFN7zz_0oPGBZPA,0,badcase,狩猎户外为主，和割草机不匹配
275,UC-fU_-yuEwnVY7F-mVAfO6w,Open Circuit RC & Tech,https://www.youtube.com/channel/UC-fU_-yuEwnVY7F-mVAfO6w,0,badcase,RC/无人机科技频道，和割草机无关
276,UC-iczO3Ut9C-rmvXoDMf8KA,Edinburg Auction,https://www.youtube.com/channel/UC-iczO3Ut9C-rmvXoDMf8KA,-15,badcase,车辆拍卖频道，非割草机受众
281,UCYIvIH3fkeTBz8RJzbfnAYQ,Hilltown,https://www.youtube.com/channel/UCYIvIH3fkeTBz8RJzbfnAYQ,1,badcase,仅有泛化 tools 语境，整体仍偏泛
283,UCTN6R41B6rCYRzCAhJXLKUA,Guy's Pest Solutions,https://www.youtube.com/channel/UCTN6R41B6rCYRzCAhJXLKUA,-15,badcase,害虫防治频道，与割草机推广无关
284,UCQ9sGZYfV-1paMsMd2VPqLQ,JWD Lawn Care,https://www.youtube.com/channel/UCQ9sGZYfV-1paMsMd2VPqLQ,0,badcase,无标签无内容，缺少相关证据
288,UCDH1jJVDoEleFIsfVnX4pgA,The LawnFellas,https://www.youtube.com/channel/UCDH1jJVDoEleFIsfVnX4pgA,10,badcase,mower 相关但 ASMR 形式不适合投放
289,UCzunLSeoKrZVDezcLvfS6JQ,TechTubeHub,https://www.youtube.com/channel/UCzunLSeoKrZVDezcLvfS6JQ,0,badcase,科技泛频道，缺少 lawn mower 语境
294,UCvG-mX0rWIsKOQ_e6AvhCeA,Mow It Wells,https://www.youtube.com/channel/UCvG-mX0rWIsKOQ_e6AvhCeA,10,badcase,割草内容但以 ASMR 形式为主
298,UCKMr_ra9cY2aFtH2z2bcuBA,tonytypes,https://www.youtube.com/channel/UCKMr_ra9cY2aFtH2z2bcuBA,0,badcase,泛车/骑行频道，缺少 lawn mower 语境
300,UCf-ZYANi3be-HL6MlTIOyXw,Swiper Prime,https://www.youtube.com/channel/UCf-ZYANi3be-HL6MlTIOyXw,-15,badcase,游戏频道，与产品推广场景不符
312,UCYrCBg2dO7yvjJdWmsXNWCg,Sloan Implement (Sloan Implement),https://www.youtube.com/channel/UCYrCBg2dO7yvjJdWmsXNWCg,-10,badcase,农机为主，和家用割草机受众错位
314,UC99053vd4G1W9U3za2j091w,The Welding Millennial,https://www.youtube.com/channel/UC99053vd4G1W9U3za2j091w,0,badcase,焊接/汽修为主，割草机相关性弱
315,UCzZW70Wi3XzUztrfRiTthfw,Taryl Fixes All Skits,https://www.youtube.com/channel/UCzZW70Wi3XzUztrfRiTthfw,-15,badcase,纯娱乐短剧，不适合设备推广
316,UCQ_28m8T35_zYFViEh4SSlQ,Jan Mark Garcia,https://www.youtube.com/channel/UCQ_28m8T35_zYFViEh4SSlQ,0,badcase,生活杂项内容，缺少园林/设备受众
324,UCSFOWOgB_s52kkhzRaCS2gQ,MANSCAPED®,https://www.youtube.com/channel/UCSFOWOgB_s52kkhzRaCS2gQ,-10,badcase,男士理容品牌，和户外割草机受众不符
328,UCMX-i_qBHqqiJ81gyUpCPQw,Sarita,https://www.youtube.com/channel/UCMX-i_qBHqqiJ81gyUpCPQw,1,badcase,泛产品测评，和割草机关联弱
329,UC0RpbAavOM8a1bBPIqeiOdA,Jason Fellon,https://www.youtube.com/channel/UC0RpbAavOM8a1bBPIqeiOdA,1,badcase,汽车DIY为主，和割草机推广关联弱
331,UC2F3CDcRRXeFV9z668-A60Q,Nick's Nonsense,https://www.youtube.com/channel/UC2F3CDcRRXeFV9z668-A60Q,0,badcase,内容偏杂乱/机械，和割草机无明显关系
333,UCRtpsi4MIs60DtwqyBEhvOw,Tony's Tractor Adventure Homestead,https://www.youtube.com/channel/UCRtpsi4MIs60DtwqyBEhvOw,0,badcase,以拖拉机和工程车为主，非割草机场景
334,UCk2HCkQdq3naEyB0WanVH8A,Jack N Julie,https://www.youtube.com/channel/UCk2HCkQdq3naEyB0WanVH8A,1,badcase,泛产品测评，草坪工具关联弱
336,UCK2nT-jak_BUjN6Av-Gdyvw,VielDan,https://www.youtube.com/channel/UCK2nT-jak_BUjN6Av-Gdyvw,-10,badcase,挑战整蛊娱乐号，和产品推广不匹配
338,UCKzm3wiij7oy9l8LsYEhzeA,Engines & Elbow Grease,https://www.youtube.com/channel/UCKzm3wiij7oy9l8LsYEhzeA,0,badcase,仅车辆类内容，和割草机无关
341,UCT_Vh37x74QCn-oY--dRcag,Palmetto Battery Pros,https://www.youtube.com/channel/UCT_Vh37x74QCn-oY--dRcag,0,badcase,电池/高尔夫球车方向，和割草机不符
342,UC01bIVjtm-dQA3vs96wJwlQ,Tractor Therapy,https://www.youtube.com/channel/UC01bIVjtm-dQA3vs96wJwlQ,0,badcase,农机重设备为主，割草机关联不足
344,UCrm6s3aKoSt6XeupD-uXV7Q,DT Reviews,https://www.youtube.com/channel/UCrm6s3aKoSt6XeupD-uXV7Q,2,badcase,家电测评为主，割草机关联弱
346,UChC6QjpxVs3IDmDuR9XMb3w,Jenny from the Shop,https://www.youtube.com/channel/UChC6QjpxVs3IDmDuR9XMb3w,1,badcase,DIY手作为主，和割草机推广关联弱
348,UCfIJn60T19jnl222qTd_DZQ,ANDREW HONDO Black knight,https://www.youtube.com/channel/UCfIJn60T19jnl222qTd_DZQ,3,badcase,泛科技测评，和割草机关联弱
351,UCND183bspXmFr5YCLXh7KDQ,Go Build Stuff,https://www.youtube.com/channel/UCND183bspXmFr5YCLXh7KDQ,0,badcase,家装/露台内容，缺少草坪或割草机语境
355,UCrwks9lScCSAeEe_0xPpakQ,The Home Pros,https://www.youtube.com/channel/UCrwks9lScCSAeEe_0xPpakQ,0,badcase,重型设备翻修为主，与割草机推广偏离
357,UCS3IKzxMf7uvVE4WP9xp2WA,Homegrown How To,https://www.youtube.com/channel/UCS3IKzxMf7uvVE4WP9xp2WA,-5,badcase,草坪词虽在，但ASMR格式不适合产品推广
358,UCEV0wvwOvj-qAhqwo4eZ5dw,DMAXRYNO,https://www.youtube.com/channel/UCEV0wvwOvj-qAhqwo4eZ5dw,0,badcase,卡车改装受众，和割草机推广无关
361,UCVfcVnPae2JerM0iRT82aVQ,Al Bladez,https://www.youtube.com/channel/UCVfcVnPae2JerM0iRT82aVQ,0,badcase,ASMR割草/睡眠向，虽含关键词但不适合推广
388,UCST2PHjKit5vS7_C7A2xIlQ,Built by Burns,https://www.youtube.com/channel/UCST2PHjKit5vS7_C7A2xIlQ,3,badcase,以泛娱乐/短视频式DIY为主，产品推广不稳定
391,UCAG8Rk6feJ2g0Hq94zXOt9A,Modern Farmer's Guide,https://www.youtube.com/channel/UCAG8Rk6feJ2g0Hq94zXOt9A,1,badcase,农业/食材内容为主，和割草机推广不匹配
395,UC6tbmQUUjJqMj5WN9krw3Lg,Johnny Praize,https://www.youtube.com/channel/UC6tbmQUUjJqMj5WN9krw3Lg,0,badcase,纯宗教内容，无相关购买受众
398,UCdCidcuOnMTSRMTuzUU-vig,RES Auction Services,https://www.youtube.com/channel/UCdCidcuOnMTSRMTuzUU-vig,0,badcase,拍卖/设备大类频道，缺少割草机推广语境
401,UCGp5Tysv8HC7ctoVjNHtN4Q,Golden Rust or Bust,https://www.youtube.com/channel/UCGp5Tysv8HC7ctoVjNHtN4Q,0,badcase,汽车修复为主，和割草机推广关联弱
415,UCw7IvrSDOMH1vWf9Tw0lHqA,Handyman Hal - Music for Kids,https://www.youtube.com/channel/UCw7IvrSDOMH1vWf9Tw0lHqA,-10,badcase,儿童音乐娱乐为主，不适合推广
418,UCMWlbh8hYOw3SjGcZNZvtsA,Mow It Wells Plus,https://www.youtube.com/channel/UCMWlbh8hYOw3SjGcZNZvtsA,-5,badcase,ASMR割草为主，导购转化弱
427,UCFxrRdfu0robNE59kqdgV6A,Jeff Keenan,https://www.youtube.com/channel/UCFxrRdfu0robNE59kqdgV6A,0,badcase,以特斯拉/科技为主，与 lawn mower 推广无关
430,UCDx3CB7D4D_dwqtU-Xbah1g,Fix & Flair,https://www.youtube.com/channel/UCDx3CB7D4D_dwqtU-Xbah1g,0,badcase,娱乐/杂项混合，缺少 mower 购买或使用语境
438,UCbqPkeqZrlHPnxgejb-xMQg,Trial N' ERROR,https://www.youtube.com/channel/UCbqPkeqZrlHPnxgejb-xMQg,0,badcase,通用 DIY/教学频道，缺少园艺设备语境
441,UChqxzJ1mx4UMUWdQBgvRCdA,Champ Picks,https://www.youtube.com/channel/UChqxzJ1mx4UMUWdQBgvRCdA,1,badcase,数码杂货为主，与 lawn mower 关联很弱
447,UCdMy2mSU341MYZBqqNyw5Hg,Unboxing Under 2,https://www.youtube.com/channel/UCdMy2mSU341MYZBqqNyw5Hg,0,badcase,科技开箱频道，与 lawn mower 推广不相关
452,UCZvyNaUJKz-XhPjwaYnvpkA,The Pearson Experience,https://www.youtube.com/channel/UCZvyNaUJKz-XhPjwaYnvpkA,-15,badcase,频道是威士忌酒评，与割草机推广场景明显不相关
453,UCQhw4CPKgUZyCKVmAYCoRIQ,Bitner Built,https://www.youtube.com/channel/UCQhw4CPKgUZyCKVmAYCoRIQ,2,badcase,以DIY/评测为主，但与割草机推广缺乏直接场景相关
456,UCrqahmL5T7IVLwsJxiJDBMQ,Caleb Eckenrode,https://www.youtube.com/channel/UCrqahmL5T7IVLwsJxiJDBMQ,-15,badcase,摩托/汽车频道，和割草机推广场景明显不匹配
462,UCtwDnP1nXc33k0AgufSWj7w,Heartland Honda,https://www.youtube.com/channel/UCtwDnP1nXc33k0AgufSWj7w,-5,badcase,频道偏车船和动力娱乐，和割草机推广场景不匹配
473,UCS5M1DUooBp5OxgRgNQsdfQ,Handyman Hal - Toy Workshop,https://www.youtube.com/channel/UCS5M1DUooBp5OxgRgNQsdfQ,-5,badcase,儿童玩具频道，和割草机推广场景明显不匹配
476,UCMGl5I9hfOtzf4D3SfgmErQ,Mechanical Trick Master,https://www.youtube.com/channel/UCMGl5I9hfOtzf4D3SfgmErQ,0,badcase,机械DIY与割草机推广关联弱
479,UCS7jnM3z_g9DTP6EZuYZRvg,Wrenching Homestead,https://www.youtube.com/channel/UCS7jnM3z_g9DTP6EZuYZRvg,0,badcase,车辆维修为主，缺少草坪机械推广场景
484,UCxi3iYavQbXeZV_Oa9nj-nw,Supercar Street Racing,https://www.youtube.com/channel/UCxi3iYavQbXeZV_Oa9nj-nw,0,badcase,汽车竞速频道，和割草机推广不匹配
485,UCJPT3fcK57eSifueRJW_x-w,Vivi USA,https://www.youtube.com/channel/UCJPT3fcK57eSifueRJW_x-w,0,badcase,无标签，无法判断为割草机相关
486,UCLAZUtGEzb_bMmd40IriK-Q,Shine Gadget,https://www.youtube.com/channel/UCLAZUtGEzb_bMmd40IriK-Q,0,badcase,车载数码频道，割草机受众不对口
492,UCh9hrx6Zs9ZFt9qvQ5SAxnQ,Mini Farm Diorama,https://www.youtube.com/channel/UCh9hrx6Zs9ZFt9qvQ5SAxnQ,-5,badcase,迷你玩具农场，真实割草机受众不匹配
493,UCWMgfBGotmTCChVo6XnRxKw,Jeff's this and that channel,https://www.youtube.com/channel/UCWMgfBGotmTCChVo6XnRxKw,0,badcase,杂项玩具宠物内容，割草机推广价值低
498,UCY_Qexg1p6Jd0nj7sLpMngw,Troys Hobbies,https://www.youtube.com/channel/UCY_Qexg1p6Jd0nj7sLpMngw,0,badcase,露营杂谈频道，缺少草坪机械场景
499,UCpW-lAvp9z5Gbv4KKtbg8Ww,Between the Sharks - DIY,https://www.youtube.com/channel/UCpW-lAvp9z5Gbv4KKtbg8Ww,0,badcase,改装修复向，和草坪割草机受众偏离
500,UCOkN_uIenYe8Qm4kMUsvHHQ,NO4DS4ME,https://www.youtube.com/channel/UCOkN_uIenYe8Qm4kMUsvHHQ,0,badcase,评测偏泳池和吸尘器，割草机相关性不足
4001,UCrzZjKU_WvNsL4IKQKNy2fQ,Miracle Baby Josiah,https://www.youtube.com/channel/UCrzZjKU_WvNsL4IKQKNy2fQ,0,badcase,婴童家庭内容与家用割草机场景不匹配
4002,UCDz_bbFVz83cELpI-gJrrcw,City of Detroit,https://www.youtube.com/channel/UCDz_bbFVz83cELpI-gJrrcw,0,badcase,城市政务内容与割草机消费场景无关
4003,UCduOG34OI6LvV6Pjb4vVW-g,NenShie Shannon RD-USA,https://www.youtube.com/channel/UCduOG34OI6LvV6Pjb4vVW-g,-15,badcase,宗教布道频道与割草机推广无关
4004,UCVcqcYgPY7AumRpVOXjgRbg,Tony Lee,https://www.youtube.com/channel/UCVcqcYgPY7AumRpVOXjgRbg,-15,badcase,撞车竞速内容不适合家用割草机推广
4006,UCGm9RoEXG5kUi5EmFdSrxhw,Mutant Mods,https://www.youtube.com/channel/UCGm9RoEXG5kUi5EmFdSrxhw,-15,badcase,游戏Mod频道与实体工具推广错位
4008,UCoNl3lH18WmjwTyOGpmx8LQ,The Roblox Rebels,https://www.youtube.com/channel/UCoNl3lH18WmjwTyOGpmx8LQ,-15,badcase,纯游戏角色扮演，和割草机推广错位
4009,UC10M4XhIGYt-lwZvzu-2t8w,Dombucha Gaming,https://www.youtube.com/channel/UC10M4XhIGYt-lwZvzu-2t8w,-15,badcase,游戏频道与割草机购买场景无关
4011,UCnnq2dJ8v0bBz5TXRrl4YYw,SuperRichJL Main Channel,https://www.youtube.com/channel/UCnnq2dJ8v0bBz5TXRrl4YYw,-15,badcase,体育游戏内容与园林工具受众不匹配
4012,UCK3egq0CZuLkPctw54I90PQ,the Bullring Live,https://www.youtube.com/channel/UCK3egq0CZuLkPctw54I90PQ,-15,badcase,赛车频道与割草机推广偏离
4013,UCdp8kJ2dDBMe48BdfE55vSg,Bruce Wilson,https://www.youtube.com/channel/UCdp8kJ2dDBMe48BdfE55vSg,-10,badcase,重卡/卡车赛事受众与割草机消费场景偏离
4014,UC5NOsV_-C4Ikr8JxG2CDGgA,CamXPetra,https://www.youtube.com/channel/UC5NOsV_-C4Ikr8JxG2CDGgA,-15,badcase,游戏设备频道与割草机受众错位
4015,UC74DnUPOegIgamWDcDO3_PQ,Gemini,https://www.youtube.com/channel/UC74DnUPOegIgamWDcDO3_PQ,0,badcase,加密金融频道与割草机推广无关
4016,UCNfsoRAJn5I2clwQtqngGow,GameZine,https://www.youtube.com/channel/UCNfsoRAJn5I2clwQtqngGow,-15,badcase,长播游戏内容缺少工具购买意图
4017,UCWuf8a_FvR-LYf5YYhXRSQw,Rusty doodles,https://www.youtube.com/channel/UCWuf8a_FvR-LYf5YYhXRSQw,-15,badcase,音乐/游戏混合频道与割草机受众不匹配
4018,UC7FNCcNkodTYmw6FirMGfHg,TechGuide,https://www.youtube.com/channel/UC7FNCcNkodTYmw6FirMGfHg,-15,badcase,卡通角色标签占主导，和割草机推广不符
4019,UCmq-M0vLSS2-0ZYcFsK4LzQ,Hack Games Longplay Channel,https://www.youtube.com/channel/UCmq-M0vLSS2-0ZYcFsK4LzQ,-15,badcase,游戏通关频道与割草机推广无关
4020,UCoDa7JeVrnWnB-iFpyQynrQ,Hang-Daily Life,https://www.youtube.com/channel/UCoDa7JeVrnWnB-iFpyQynrQ,-15,badcase,ASMR格式不适合实体产品推广
4021,UC4dtbTXdvjo272b5x_mxRBw,Harry Soo,https://www.youtube.com/channel/UC4dtbTXdvjo272b5x_mxRBw,0,badcase,烧烤教程与割草机推广缺少场景交集
4022,UC-XT5zpQAPRGEpHK9AekReQ,閑聊雜貨鋪,https://www.youtube.com/channel/UC-XT5zpQAPRGEpHK9AekReQ,0,badcase,杂货/电子烟频道与割草机受众不匹配
4023,UCnsLfnrwNGEOl6PdvWqSApA,Paulpro PP,https://www.youtube.com/channel/UCnsLfnrwNGEOl6PdvWqSApA,0,badcase,运动钓鱼内容缺少园林工具购买意图
4024,UCamGBujvHUb31pTy_PK5mlQ,Jac Ross,https://www.youtube.com/channel/UCamGBujvHUb31pTy_PK5mlQ,-15,badcase,纯音乐频道与家用割草机受众不匹配
4025,UCq7VrAWY7ctAakmotUGFr3g,Deadly Passion,https://www.youtube.com/channel/UCq7VrAWY7ctAakmotUGFr3g,-10,badcase,狩猎节目受众与割草机消费场景偏离
4026,UCjujt38eUlzpxEZlK1U4y2g,AraSky Fam,https://www.youtube.com/channel/UCjujt38eUlzpxEZlK1U4y2g,-15,badcase,娱乐短视频/舞蹈内容，与割草机推广场景不符
4027,UCAVt5Md15JhNSevMSGEEqew,TKs-Mantis,https://www.youtube.com/channel/UCAVt5Md15JhNSevMSGEEqew,-15,badcase,纯游戏频道，和家用割草机受众无关
4029,UCcBXPciiAsp65Ng6W4oauzg,Husband and Husband,https://www.youtube.com/channel/UCcBXPciiAsp65Ng6W4oauzg,0,badcase,生活vlog+旅行为主，缺少工具/家电购买信号
4030,UCbYmnulDqxC-GqMNbocnQTQ,StickVN Trolls,https://www.youtube.com/channel/UCbYmnulDqxC-GqMNbocnQTQ,-15,badcase,游戏内容为主，与割草机产品推广无关
4031,UC2XJeQ_cPzYPfISPl18Yw3Q,Mrignut,https://www.youtube.com/channel/UC2XJeQ_cPzYPfISPl18Yw3Q,-15,badcase,核心是游戏直播/实况，和割草机受众不匹配
4032,UC3Ud7wENdUXk1ijvZceb7Ww,HRTVFan2,https://www.youtube.com/channel/UC3Ud7wENdUXk1ijvZceb7Ww,0,badcase,老电视商业/节目回放，不是当前带货创作者场景
4033,UCeLi1nsrxBhnjCOAYmfqjiw,Brian Sterowski,https://www.youtube.com/channel/UCeLi1nsrxBhnjCOAYmfqjiw,0,badcase,探索/猎奇内容，与割草机推广场景不匹配
4034,UCaSW0Zr7fvTszjI8y1JzvNw,What They Want Podcast,https://www.youtube.com/channel/UCaSW0Zr7fvTszjI8y1JzvNw,-10,badcase,播客音乐向内容，和工具类推广转化弱
4035,UCpzzAB6VUpl-oMPPC7KSYXA,Garry Butters,https://www.youtube.com/channel/UCpzzAB6VUpl-oMPPC7KSYXA,-15,badcase,游戏整活频道，与割草机推广目标无关
4036,UC16Jm_-mkb4q_VMcuT8ztqA,Atomic Autoworks,https://www.youtube.com/channel/UC16Jm_-mkb4q_VMcuT8ztqA,0,badcase,汽车修复向频道，和割草机品类关联不足
4037,UCxnxdGSix18nFycz8fve5wg,NotebookMovies,https://www.youtube.com/channel/UCxnxdGSix18nFycz8fve5wg,-10,badcase,喜剧/故事类内容，缺少产品推广场景
4038,UCGaxfq9AYnPcYwR-xC3ruLQ,Wendt Outdoors,https://www.youtube.com/channel/UCGaxfq9AYnPcYwR-xC3ruLQ,0,badcase,狩猎/野生动物向受众，和割草机推广不贴合
4039,UCdO-iaDj8lu0NRIzCdOJ8Ig,Mathers On The Map,https://www.youtube.com/channel/UCdO-iaDj8lu0NRIzCdOJ8Ig,0,badcase,船屋/露营/旅行为主，和割草机类目关联弱
4040,UCyCyTe_1bT2aIPwG_gxbyeg,Daily Bumps,https://www.youtube.com/channel/UCyCyTe_1bT2aIPwG_gxbyeg,0,badcase,家庭育儿vlog为主，和割草机购买人群不一致
4042,UCV0-e9wtIpyXaaE3VBfQXeg,aria,https://www.youtube.com/channel/UCV0-e9wtIpyXaaE3VBfQXeg,0,badcase,马术/宠物向内容，与割草机推广不匹配
4043,UCzi2zBrshFERuwddclpw64A,DHammiam,https://www.youtube.com/channel/UCzi2zBrshFERuwddclpw64A,0,badcase,赛车播客频道，与割草机受众关联很弱
4044,UC9zOeRcO2zxyiHGZDt77V8w,Hey Ashley Renne,https://www.youtube.com/channel/UC9zOeRcO2zxyiHGZDt77V8w,0,badcase,母婴饮食内容为主，和割草机推广场景无关
4045,UCqfGv2NJrOuIC6QBNAxOqww,Tenley Eakin Raj,https://www.youtube.com/channel/UCqfGv2NJrOuIC6QBNAxOqww,0,badcase,生活方式频道，缺少工具/家居购买意图
4047,UCX8mVFiNaJmUSCX8b3IgvNw,K&C Family Tv,https://www.youtube.com/channel/UCX8mVFiNaJmUSCX8b3IgvNw,-15,badcase,犯罪社会剧情向内容，和产品推广目标不符
4048,UC8hJHlRHNaQp1XMj38qzFmA,Justice With Nova,https://www.youtube.com/channel/UC8hJHlRHNaQp1XMj38qzFmA,0,badcase,军事/家庭混合，但没有家电或工具推广信号
4049,UCZrXFacxKQqidEeRLi3IjeA,Rypta33,https://www.youtube.com/channel/UCZrXFacxKQqidEeRLi3IjeA,-15,badcase,游戏频道，和割草机推广受众不相关
4050,UCHawsOxyOVxo9N13Jz_nGnQ,Mste Rock Tv,https://www.youtube.com/channel/UCHawsOxyOVxo9N13Jz_nGnQ,-15,badcase,影视反派/黑帮内容，与割草机推广场景不符
4051,UCW1xVTiBLSwdp2FGcRf6foA,dracothecanecorso,https://www.youtube.com/channel/UCW1xVTiBLSwdp2FGcRf6foA,-15,badcase,宠物犬内容，和人用割草机推广目标不符
4052,UC7RXE7A27SLBARHX9n7wkAQ,Jon Thelen's Destination-Fish,https://www.youtube.com/channel/UC7RXE7A27SLBARHX9n7wkAQ,0,badcase,钓鱼频道，和割草机推广几乎无关
4053,UCC6QlV6zkgEhpp6IEycMK_w,Bigfoot Origins (Unfiltered),https://www.youtube.com/channel/UCC6QlV6zkgEhpp6IEycMK_w,-12,badcase,ASMR/娱乐向，偏听感体验，不适合产品推广
4054,UCalmSnalAroAO4LS6ZiQa8A,Hoang Dung,https://www.youtube.com/channel/UCalmSnalAroAO4LS6ZiQa8A,0,badcase,高尔夫/娱乐内容，和割草机受众不匹配
4056,UC40u6d_qFjaI8RSuYpmaUCQ,Speed Roblox,https://www.youtube.com/channel/UC40u6d_qFjaI8RSuYpmaUCQ,-15,badcase,游戏频道，和割草机推广目标完全不搭
4057,UCIg36eyhkbmPd74AG5l2bTQ,Little Kingdom Fun,https://www.youtube.com/channel/UCIg36eyhkbmPd74AG5l2bTQ,-15,badcase,儿童娱乐内容，和割草机受众不匹配
4058,UCcxNipaixT2dwT22-Lw-1TQ,Demolition Derby MN,https://www.youtube.com/channel/UCcxNipaixT2dwT22-Lw-1TQ,-15,badcase,碰撞赛车频道，与割草机推广场景不符
4059,UCYLa9ejusfcUu_D2y_XvM9Q,Jonas Marcinko,https://www.youtube.com/channel/UCYLa9ejusfcUu_D2y_XvM9Q,0,badcase,航空旅行内容，和割草机推广关联很弱
4061,UCyproP3h3WH-of-zhxOpxWg,iheartMcCulloughs,https://www.youtube.com/channel/UCyproP3h3WH-of-zhxOpxWg,0,badcase,旅行家庭频道，和割草机产品关联不足
4062,UCM-KV8NJTB3S6wV62zvgE8Q,King Explizit,https://www.youtube.com/channel/UCM-KV8NJTB3S6wV62zvgE8Q,0,badcase,日常vlog与健身内容，缺少割草机推广场景
4063,UCweS67L_KwnVD7tuk6QuMhg,TimmyME,https://www.youtube.com/channel/UCweS67L_KwnVD7tuk6QuMhg,0,badcase,旅行购物频道，和割草机目标人群不对口
4064,UCgxCQqyazEmSaHR0zntDdgA,DANILOV TEAM,https://www.youtube.com/channel/UCgxCQqyazEmSaHR0zntDdgA,0,badcase,足球挑战内容，与割草机推广无关
4065,UCYSkCIL5iSz87-tCOAUH3Tw,Southern Squishes,https://www.youtube.com/channel/UCYSkCIL5iSz87-tCOAUH3Tw,-15,badcase,玩偶玩具向，和割草机推广不相关
4067,UCWr63sezF52hEA74xM9FhHg,ChevyReacts,https://www.youtube.com/channel/UCWr63sezF52hEA74xM9FhHg,-15,badcase,反应娱乐频道，和割草机推广不匹配
4068,UCIdm89ONs049be99QgnEkmw,DroidPower,https://www.youtube.com/channel/UCIdm89ONs049be99QgnEkmw,-15,badcase,游戏频道为主，不适合割草机推广
4069,UCKhqicqWJZy9fs3oSmP1e3w,Ai Cave,https://www.youtube.com/channel/UCKhqicqWJZy9fs3oSmP1e3w,-15,badcase,钓鱼游戏/游戏频道，和产品推广无关
4070,UCAgT00d_kmmeTgxajgO1_oQ,PcLabs,https://www.youtube.com/channel/UCAgT00d_kmmeTgxajgO1_oQ,0,badcase,缺少频道标签，无法判断为相关
4074,UCsram9HBOXcOYlo70f7bcCQ,Softtrix,https://www.youtube.com/channel/UCsram9HBOXcOYlo70f7bcCQ,0,badcase,营销服务频道，和割草机受众不直接相关
4075,UCiCe-rHI89lGBeHokNn28tQ,Ducain23,https://www.youtube.com/channel/UCiCe-rHI89lGBeHokNn28tQ,-15,badcase,游戏实况频道，不适合割草机推广
4076,UCIRgoOFhYw-I3QiaQai1gPA,Token Finance,https://www.youtube.com/channel/UCIRgoOFhYw-I3QiaQai1gPA,0,badcase,金融推广频道，与割草机产品无关
4077,UC2V6TA0OqHr9BojcHz9az-w,Being The Elite,https://www.youtube.com/channel/UC2V6TA0OqHr9BojcHz9az-w,-10,badcase,摔角娱乐频道，与割草机推广场景和受众明显不符
4078,UC_iol2lYpZB0P3QvqMO5NkQ,Modelo USA,https://www.youtube.com/channel/UC_iol2lYpZB0P3QvqMO5NkQ,-15,badcase,啤酒/派对频道，与草坪割草机推广场景完全不匹配
4079,UCDmJZHNtPyRRKjEgNKaGLgg,StepWise Academy,https://www.youtube.com/channel/UCDmJZHNtPyRRKjEgNKaGLgg,-24,badcase,以赛车/游戏为主，只有泛维修弱相关，不适合推割草机
4080,UCE6acMV3m35znLcf0JGNn7Q,Gibi ASMR,https://www.youtube.com/channel/UCE6acMV3m35znLcf0JGNn7Q,-25,badcase,ASMR助眠频道，和割草机推广场景强冲突
4082,UC_fGtUvYTzYWXVQUwGXleDg,Nathan,https://www.youtube.com/channel/UC_fGtUvYTzYWXVQUwGXleDg,0,badcase,内容以舞蹈/娱乐为主，与割草机推广无购买或使用场景相关性
4083,UC8Kruzu5RooRBcsqNw4dTXg,Live Savage,https://www.youtube.com/channel/UC8Kruzu5RooRBcsqNw4dTXg,0,badcase,健康健身频道，与割草机推广无关
4084,UCF20gIlDAtEme6GsxXeydVw,Mike Malone TV,https://www.youtube.com/channel/UCF20gIlDAtEme6GsxXeydVw,-15,badcase,赌博/赌场内容与割草机推广完全不相关，主域强烈不匹配
4086,UCD_4ufSPcLpBNdnTrGuQ1mA,yes,https://www.youtube.com/channel/UCD_4ufSPcLpBNdnTrGuQ1mA,0,badcase,无标签和内容证据，不适合草坪割草机推广
4087,UCoj4YRRmGD3RNb-ex7gbl7A,Calamity Sam,https://www.youtube.com/channel/UCoj4YRRmGD3RNb-ex7gbl7A,-15,badcase,游戏娱乐频道，与割草机推广场景明显不符
4088,UCXubLFOt4iiX2_0tYQD8gRA,Penn State Health,https://www.youtube.com/channel/UCXubLFOt4iiX2_0tYQD8gRA,0,badcase,医疗健康频道，与割草机推广场景无关
4089,UCIkmLW3IDGoLlX-Tdh86m9w,Someone That's NoOne,https://www.youtube.com/channel/UCIkmLW3IDGoLlX-Tdh86m9w,-15,badcase,频道以致幻剂/Trip Report为主，与割草机推广完全无关
4090,UCKcDcU8sQdktZjoEz9A42jw,Liquidtage,https://www.youtube.com/channel/UCKcDcU8sQdktZjoEz9A42jw,-15,badcase,游戏频道，和割草机推广场景明显不匹配
4091,UCtp0e6_TtqQ_8T5cdWS_TRw,Roscoe Duhop,https://www.youtube.com/channel/UCtp0e6_TtqQ_8T5cdWS_TRw,0,badcase,频道以娱乐/游戏/玩具为主，与割草机推广无关
4092,UCM4TTZzsfYVMf9fhWmZTTlA,Rich Lux,https://www.youtube.com/channel/UCM4TTZzsfYVMf9fhWmZTTlA,0,badcase,美妆八卦频道，与割草机推广场景无关
4093,UCEi2WKF6F60EjgoKL3cJHaA,Thor Stone Gaming,https://www.youtube.com/channel/UCEi2WKF6F60EjgoKL3cJHaA,-10,badcase,核心是游戏实况，缺少园艺/家电购买场景，与割草机推广明显不符
4094,UCLhYj-nIfwjdFsFBkvuSOlg,Design Expert,https://www.youtube.com/channel/UCLhYj-nIfwjdFsFBkvuSOlg,0,badcase,家居装饰频道，与割草机推广场景几乎无关
4095,UCGbEXjkmPTCQfJ4FiD3lOQg,WWLP-22News,https://www.youtube.com/channel/UCGbEXjkmPTCQfJ4FiD3lOQg,0,badcase,本地新闻频道，缺少园艺/工具/购买导向信号
4096,UCeD5NwvPbEZKcu02_v8tUZQ,WPBF 25 News,https://www.youtube.com/channel/UCeD5NwvPbEZKcu02_v8tUZQ,0,badcase,本地新闻频道，缺少园艺/工具/购买相关信号
4097,UCAfGB6RGXf6VoK-77--Wo6w,Variations Everything,https://www.youtube.com/channel/UCAfGB6RGXf6VoK-77--Wo6w,-15,badcase,音效变体/动画娱乐频道，与割草机推广场景不匹配
4098,UCTqMx8l2TtdZ7_1A40qrFiQ,XEETECHCARE,https://www.youtube.com/channel/UCTqMx8l2TtdZ7_1A40qrFiQ,0,badcase,频道是手机评测，和割草机推广无直接相关
4099,UCFXCGN9-roeqdFAatAwG8ew,Ben Esherick,https://www.youtube.com/channel/UCFXCGN9-roeqdFAatAwG8ew,-9,badcase,娱乐/游戏/音乐向频道，缺少割草机购买或测评语境
4100,UCzbnSI0JwP7q5Axj1XhAJ7w,Brady’s Land,https://www.youtube.com/channel/UCzbnSI0JwP7q5Axj1XhAJ7w,0,badcase,频道以体育/旅游/美食为主，与割草机推广无关
4101,UC5t_ELs5dkqBxa0DLxegKsw,Label Free Podcast,https://www.youtube.com/channel/UC5t_ELs5dkqBxa0DLxegKsw,0,badcase,健康播客，与割草机推广无关
4105,UCG17aDAfVkw1L_I5Hxxyq7w,Keidakat,https://www.youtube.com/channel/UCG17aDAfVkw1L_I5Hxxyq7w,-15,badcase,VTuber游戏频道，和割草机受众不符
4106,UC0vQlvr1a0XSiF5Nd_uGHZw,ShaneSharpVlogs,https://www.youtube.com/channel/UC0vQlvr1a0XSiF5Nd_uGHZw,0,badcase,日常Vlog杂项频道，相关性不足
4107,UCmsd8ggLvKq7LSaQF_VS9WQ,Gameraiders101,https://www.youtube.com/channel/UCmsd8ggLvKq7LSaQF_VS9WQ,-15,badcase,游戏娱乐为主，不适合割草机投放
4109,UCE2nCeWL6oxoYXEsC8pAqPA,CuriousReason,https://www.youtube.com/channel/UCE2nCeWL6oxoYXEsC8pAqPA,0,badcase,科技历史类频道，与割草机无直接关联
4110,UC398stKnSMGmY367dhVUwUQ,Jennifer's Channel,https://www.youtube.com/channel/UC398stKnSMGmY367dhVUwUQ,-10,badcase,ASMR/杂项格式不适合工具类推广
4113,UCOiXrPKkSmPcfIlQvY6pcMQ,NickWagerGames,https://www.youtube.com/channel/UCOiXrPKkSmPcfIlQvY6pcMQ,-15,badcase,游戏频道，和割草机受众不匹配
4114,UC-TRvAafLbCHVcszm7d8W-g,lost saves,https://www.youtube.com/channel/UC-TRvAafLbCHVcszm7d8W-g,-15,badcase,游戏讨论频道，不适合割草机推广
4115,UCBGyqYXuJ7NU1X8BqMYZe7g,Quacks,https://www.youtube.com/channel/UCBGyqYXuJ7NU1X8BqMYZe7g,-15,badcase,Roblox游戏频道，与割草机无关
4118,UClbSMZi1sXxX0_aA4rMM1Vg,The Dork Side TV,https://www.youtube.com/channel/UClbSMZi1sXxX0_aA4rMM1Vg,-15,badcase,影视反应频道，和工具推广无关
4119,UC7-ArBs39GCWiJ-usdr8sFA,dembonez19,https://www.youtube.com/channel/UC7-ArBs39GCWiJ-usdr8sFA,-15,badcase,游戏实况频道，不适合割草机投放
4120,UCJLFizUO3gCQnyiYKMYvUgg,Get Good Gaming,https://www.youtube.com/channel/UCJLFizUO3gCQnyiYKMYvUgg,-15,badcase,游戏娱乐内容，目标受众不匹配
4121,UCS8T7jAlyU3Hii4V10K0tBg,WHYW-TV The Gulf's Superstation,https://www.youtube.com/channel/UCS8T7jAlyU3Hii4V10K0tBg,0,badcase,卡车观察频道，与割草机相关性低
4122,UC7Pz2-Z2OfSV8R-aykfGqOQ,BENNY BLAZE,https://www.youtube.com/channel/UC7Pz2-Z2OfSV8R-aykfGqOQ,0,badcase,挑战娱乐频道，缺少工具购买场景
4123,UCRHmN0xavFZ-6p2iyqb0xDA,Building Alone Life,https://www.youtube.com/channel/UCRHmN0xavFZ-6p2iyqb0xDA,2,badcase,野外建造偏弱，割草机相关性不高
4124,UCLLXfabsz7gqCBJnJF-FP-w,Cortar Pasto 37,https://www.youtube.com/channel/UCLLXfabsz7gqCBJnJF-FP-w,-15,badcase,ASMR放松格式明显不适合工具投放
4125,UCoP0u_R3QShjyUHz0YSxY-Q,ForeverCountryDance,https://www.youtube.com/channel/UCoP0u_R3QShjyUHz0YSxY-Q,0,badcase,舞蹈娱乐频道，不适合割草机推广
4126,UC0PGPZ7bcJFXHuhtfXewCTg,robtfdfbvv,https://www.youtube.com/channel/UC0PGPZ7bcJFXHuhtfXewCTg,0,badcase,无园艺/工具信号，和割草机无关
4127,UCZxPyLAxUD4ei5xsLQ0LF1g,Dennis Schleicher,https://www.youtube.com/channel/UCZxPyLAxUD4ei5xsLQ0LF1g,0,badcase,宗教娱乐向，缺少工具投放场景
4129,UCicYpP69eSAFSziBOMdhv7w,Movie.storm66,https://www.youtube.com/channel/UCicYpP69eSAFSziBOMdhv7w,-15,badcase,影视动画娱乐，和割草机推广不匹配
4130,UCePxbDbGgtSLzoh0ImEDrxg,Pers Pets,https://www.youtube.com/channel/UCePxbDbGgtSLzoh0ImEDrxg,-15,badcase,宠物救助内容，非人用园艺产品受众
4131,UCKh7cJvWxiR-ckQVUcq5jOw,504RoadTrips,https://www.youtube.com/channel/UCKh7cJvWxiR-ckQVUcq5jOw,0,badcase,旅行行车内容，缺少割草机场景
4132,UCUgRtDziJirGWqdIveI30SA,Unkyjoe's Playhouse,https://www.youtube.com/channel/UCUgRtDziJirGWqdIveI30SA,0,badcase,服务器DIY内容，和割草机不相关
4133,UCUQCiWBMgIDvlJtbSBi3SgA,Инфо Багаж,https://www.youtube.com/channel/UCUQCiWBMgIDvlJtbSBi3SgA,0,badcase,事实历史向，缺少园艺设备信号
4134,UCaPYh-9lr72rOkYWLSl36LQ,Scottie Cummings,https://www.youtube.com/channel/UCaPYh-9lr72rOkYWLSl36LQ,-15,badcase,影视剪辑娱乐，和产品投放不匹配
4135,UCYlzFl9rmPqHrMUj6Oc7-QQ,Dyches Fam,https://www.youtube.com/channel/UCYlzFl9rmPqHrMUj6Oc7-QQ,0,badcase,家庭体育频道，缺少工具受众
4137,UC2oPam_D1utfUWOPiQOF0gQ,sparkywfd,https://www.youtube.com/channel/UC2oPam_D1utfUWOPiQOF0gQ,0,badcase,消防救援内容，和割草机无关
4138,UCn-7rD7EQleiZGxe_JtmyBQ,bford,https://www.youtube.com/channel/UCn-7rD7EQleiZGxe_JtmyBQ,0,badcase,足球体育内容，缺少产品推广相关性
4139,UCjOfEqnzXOjggOQ-FrBlXDA,Keegzn,https://www.youtube.com/channel/UCjOfEqnzXOjggOQ-FrBlXDA,0,badcase,游戏角色扮演频道，和割草机无关
4140,UCtgUyLVqgkbkVgVZTHMkECQ,Mission Unstoppable,https://www.youtube.com/channel/UCtgUyLVqgkbkVgVZTHMkECQ,0,badcase,STEM泛科普，缺少园艺设备受众
4141,UC33qcfcPuOl05VoQ_E7ErVg,Freedom Traveler,https://www.youtube.com/channel/UC33qcfcPuOl05VoQ_E7ErVg,0,badcase,旅行生活向，缺少工具投放场景
4143,UC2oK1bj_HkYZLmAaRPdMdjQ,Thuggizzle,https://www.youtube.com/channel/UC2oK1bj_HkYZLmAaRPdMdjQ,0,badcase,泛娱乐短视频，不适合割草机投放
4144,UCNv8HhbQeeuUev7nSDM-1pA,Girls Cool Cars,https://www.youtube.com/channel/UCNv8HhbQeeuUev7nSDM-1pA,0,badcase,汽车生活内容，和割草机关联弱
4145,UCj_YRYIKoU74x60sSGPw4Ow,AirshowStuffVideos,https://www.youtube.com/channel/UCj_YRYIKoU74x60sSGPw4Ow,0,badcase,航空表演内容，和割草机无关
4146,UCF9HwjVg3ul1DDzlLcS74nA,Osterberg501,https://www.youtube.com/channel/UCF9HwjVg3ul1DDzlLcS74nA,0,badcase,游戏频道，和割草机无关
4147,UCoqm_TXNsezEnlZIDgFexoQ,authentic mudflood network,https://www.youtube.com/channel/UCoqm_TXNsezEnlZIDgFexoQ,0,badcase,反应/历史内容，和割草机无关
4148,UC8xwCP2Mn_WMY7Jr5q9FrvQ,Ruby Day,https://www.youtube.com/channel/UC8xwCP2Mn_WMY7Jr5q9FrvQ,-10,badcase,成人用品频道，不适合割草机投放
4149,UCp4Vo4UM78MtTwYg-GSlI9w,Best Reviews,https://www.youtube.com/channel/UCp4Vo4UM78MtTwYg-GSlI9w,0,badcase,评测娱乐向，和割草机品类不符
4150,UCsDV9sL5ECqOx-LwzQ6Z2bg,TOON215,https://www.youtube.com/channel/UCsDV9sL5ECqOx-LwzQ6Z2bg,0,badcase,城市街区纪实，和割草机无关
4151,UCy9E3U626Pm2LAR_x8JZ9SA,Bingey,https://www.youtube.com/channel/UCy9E3U626Pm2LAR_x8JZ9SA,-15,badcase,VR游戏频道，主题与割草机推广无关
4152,UC3g5hdo7-s_dkMuw_QaQBCA,Weapons of Mass Gaming,https://www.youtube.com/channel/UC3g5hdo7-s_dkMuw_QaQBCA,-15,badcase,纯游戏频道，与割草机受众明显不匹配
4153,UCO4rvxZ-bJ6uGDeSkMCmzEg,Bay Area Buggs,https://www.youtube.com/channel/UCO4rvxZ-bJ6uGDeSkMCmzEg,-15,badcase,GTA游戏角色扮演，和割草机推广无关
4154,UClKfqCy3ASZOa18qYs9kH0g,Queen Valley Mule Ranch,https://www.youtube.com/channel/UClKfqCy3ASZOa18qYs9kH0g,0,badcase,骡马牧场内容偏动物养护，不是草坪工具受众
4155,UCnXA5htGOTCxc67ASZkPtcg,Baba Ram Dass,https://www.youtube.com/channel/UCnXA5htGOTCxc67ASZkPtcg,0,badcase,冥想宗教频道，与割草机推广场景不相关
4156,UCsfFpHGM1TDGXWuA0vD6Qsw,Azrilich,https://www.youtube.com/channel/UCsfFpHGM1TDGXWuA0vD6Qsw,-15,badcase,Roblox游戏频道，和割草机推广受众不匹配
4157,UCqMdEOPBZbGPykVOhUqWqfA,Click On Detroit | Local 4 | WDIV,https://www.youtube.com/channel/UCqMdEOPBZbGPykVOhUqWqfA,0,badcase,本地新闻频道，缺少园艺/工具购买意图
4158,UCN3rhkHmloHwqgat8LHk2yg,Angry Cops,https://www.youtube.com/channel/UCN3rhkHmloHwqgat8LHk2yg,-15,badcase,军事梗和犯罪内容为主，不适合割草机推广
4159,UCIstosZTf1Ze2iD4JetLHKg,Super Mario Nicholas,https://www.youtube.com/channel/UCIstosZTf1Ze2iD4JetLHKg,0,badcase,短视频娱乐频道，与割草机购买场景不符
4160,UCgyqtNWZmIxTx3b6OxTSALw,Android Authority,https://www.youtube.com/channel/UCgyqtNWZmIxTx3b6OxTSALw,0,badcase,手机科技测评为主，和割草机品类偏离较大
4163,UCBol3wY4Z6dPv1w6gu2in8A,AI Storyteller Vault,https://www.youtube.com/channel/UCBol3wY4Z6dPv1w6gu2in8A,-15,badcase,AI故事和社媒热梗频道，与产品推广不符
4164,UCX6Rb8twAdEmqkUACXyV4Ig,Theeverydayjeff | Rebuilding After 50,https://www.youtube.com/channel/UCX6Rb8twAdEmqkUACXyV4Ig,0,badcase,生活方式频道，缺少割草机相关受众信号
4165,UCixrhbefPrES4ZlQb3j47CQ,Metal Mitt Video Podcast Network (MFR Studios),https://www.youtube.com/channel/UCixrhbefPrES4ZlQb3j47CQ,-15,badcase,音乐播客频道，和割草机推广几乎无关
4167,UCP3KspJqO1fOMBxvpaJmMXQ,Liam Fearon,https://www.youtube.com/channel/UCP3KspJqO1fOMBxvpaJmMXQ,-15,badcase,儿童娱乐音乐频道，和割草机推广不匹配
4169,UCpxYSWgxVt3Pyn1ovXsGQ0g,PBS Terra,https://www.youtube.com/channel/UCpxYSWgxVt3Pyn1ovXsGQ0g,0,badcase,自然科学频道，和割草机购买场景不直接相关
4170,UC1XLKsOLiPMLIcOF0vEjOLw,Rick Dancer,https://www.youtube.com/channel/UC1XLKsOLiPMLIcOF0vEjOLw,0,badcase,政治访谈频道，缺少工具/园艺受众信号
4171,UCPGw4ro8ymF5q3DxdU9ex-Q,Show-Me Fish Tales,https://www.youtube.com/channel/UCPGw4ro8ymF5q3DxdU9ex-Q,0,badcase,钓鱼户外频道，和草坪工具推广关联弱
4172,UC6suAIZxy1WbCquJosUWtWQ,Smeedia,https://www.youtube.com/channel/UC6suAIZxy1WbCquJosUWtWQ,0,badcase,汽车改装频道，与割草机受众不重合
4173,UCR5ZGZWs7Wdys3xSdYIX3CQ,Extreme Motus,https://www.youtube.com/channel/UCR5ZGZWs7Wdys3xSdYIX3CQ,0,badcase,无障碍轮椅内容，和割草机推广目标不符
4174,UCJmFlUqF-SouJxAeR-1-YRA,Peach & Kimchi,https://www.youtube.com/channel/UCJmFlUqF-SouJxAeR-1-YRA,-15,badcase,嘻哈音乐频道，和割草机推广无关
4175,UCpaQUJAFg2BnSlxn7pTEc2Q,Prepped For Eternity Homestead,https://www.youtube.com/channel/UCpaQUJAFg2BnSlxn7pTEc2Q,0,badcase,宗教主频道，缺少草坪工具相关购买意图
4176,UCJltNBPDx7H9LH0csP5ELXQ,Spartan,https://www.youtube.com/channel/UCJltNBPDx7H9LH0csP5ELXQ,-15,badcase,纯游戏内容，与割草机推广场景无关
4178,UCV1IbJfuSGHOLmPiY11NVgQ,Nicholas James Emmizzie,https://www.youtube.com/channel/UCV1IbJfuSGHOLmPiY11NVgQ,0,badcase,关系八卦播客，缺少家居园艺受众
4179,UCqvgC_MKv4CM0clToGfACvw,Retro Pals,https://www.youtube.com/channel/UCqvgC_MKv4CM0clToGfACvw,-15,badcase,纯游戏频道，和割草机无关
4180,UChV3NHKFYgxe4k1ajuk_bbw,Spittin' Chiclets,https://www.youtube.com/channel/UChV3NHKFYgxe4k1ajuk_bbw,0,badcase,体育访谈娱乐向，缺少家用设备场景
4181,UCpqjs1G4tkkyvfywLIbPYOw,Zander Blue,https://www.youtube.com/channel/UCpqjs1G4tkkyvfywLIbPYOw,-15,badcase,纯游戏内容，不适合割草机推广
4182,UCYjZLy9WGOuwVUs03y1oxww,Rich Rage™,https://www.youtube.com/channel/UCYjZLy9WGOuwVUs03y1oxww,0,badcase,摔角娱乐为主，产品推广匹配弱
4183,UC6S_LVqciNzftYE_tpcGe_w,MDKTRIO,https://www.youtube.com/channel/UC6S_LVqciNzftYE_tpcGe_w,0,badcase,足球挑战短视频，和庭院设备关联弱
4184,UCmgugnBkjF80SHih-BFULzA,Forbidden Music Zone,https://www.youtube.com/channel/UCmgugnBkjF80SHih-BFULzA,-15,badcase,音乐向频道，主体不适合家电推广
4185,UCKwa29zVuaxoKcnq0iOsMcQ,KleshGuitars,https://www.youtube.com/channel/UCKwa29zVuaxoKcnq0iOsMcQ,0,badcase,旅行音乐混合，缺少产品购买意图
4186,UCnZhDnDgJ3trXix2_448i_Q,ShyCorn,https://www.youtube.com/channel/UCnZhDnDgJ3trXix2_448i_Q,-15,badcase,恐怖游戏频道，受众不匹配
4187,UC2ZDZha1utu33KDFfiyvhHQ,Aleta Ewing (JOKR),https://www.youtube.com/channel/UC2ZDZha1utu33KDFfiyvhHQ,-15,badcase,舞蹈游戏频道，和割草机场景无关
4188,UCUytw6OxMj7FpCKvJSeaA3Q,Scattered Hamlet,https://www.youtube.com/channel/UCUytw6OxMj7FpCKvJSeaA3Q,-15,badcase,摇滚音乐频道，推广关联弱
4189,UCfMr4nR0hjV8d8N-j5LtDZg,Suburban Noize / SRH,https://www.youtube.com/channel/UCfMr4nR0hjV8d8N-j5LtDZg,0,badcase,音乐厂牌向，和割草机推广不匹配
4190,UCOWMu6kQgYHoBHn576WAeDA,Benji The Bobcat,https://www.youtube.com/channel/UCOWMu6kQgYHoBHn576WAeDA,-15,badcase,游戏主播，非家居设备受众
4191,UCBnVyYkD_ibgsYgeZFDGETw,ManicBeastBoise,https://www.youtube.com/channel/UCBnVyYkD_ibgsYgeZFDGETw,0,badcase,户外生活但缺少园艺维护主题
4192,UCjy_gP3cAlAQEiKBnsVFKQA,led 8541,https://www.youtube.com/channel/UCjy_gP3cAlAQEiKBnsVFKQA,0,badcase,美食宠物向，和割草机关联弱
4194,UC7A-upRPfLHX0dbNIYyN6EA,Ramee,https://www.youtube.com/channel/UC7A-upRPfLHX0dbNIYyN6EA,-15,badcase,GTA 角色扮演游戏，明显不匹配
4196,UCOytZrDuHpmpfdtRU9SCHXA,Feather Films,https://www.youtube.com/channel/UCOytZrDuHpmpfdtRU9SCHXA,-15,badcase,影视解说娱乐，和产品推广场景不符
4198,UClLXem-Zg9hzJmywtGL7wbw,MICHAEL FINIS,https://www.youtube.com/channel/UClLXem-Zg9hzJmywtGL7wbw,0,badcase,宗教分享频道，家居产品相关性低
4200,UCS6vEhlkG--ARfBv2-JR9iw,UI Health Care Stead Family Children's Hospital,https://www.youtube.com/channel/UCS6vEhlkG--ARfBv2-JR9iw,0,badcase,医疗儿童医院频道，不适合割草机推广
4202,UCrPhfnTPOESo_578cO3yZaw,Ghure Ashi,https://www.youtube.com/channel/UCrPhfnTPOESo_578cO3yZaw,-15,badcase,猫宠娱乐频道，和割草机推广场景明显不符
4203,UCwVGuACqrxQ-ysoUDPm_CyA,"Ava, Kya, Mason & Nori",https://www.youtube.com/channel/UCwVGuACqrxQ-ysoUDPm_CyA,0,badcase,家庭vlog偏亲子日常，缺少家居园艺相关信号
4204,UCRh9krMvMX6EDXVnRRKLoWQ,Rajesh Kumar Pandey [PhD] - Ramananda dasa,https://www.youtube.com/channel/UCRh9krMvMX6EDXVnRRKLoWQ,0,badcase,宗教内容为主，和割草机购买推广关系很弱
4205,UCE8cCeEQqRaDzLWbH7iKyZA,The Real Economy,https://www.youtube.com/channel/UCE8cCeEQqRaDzLWbH7iKyZA,1,badcase,只有购物泛信号，相关性偏弱
4206,UClSD178zGHC5uQMFrdY10Iw,Danny Singh,https://www.youtube.com/channel/UClSD178zGHC5uQMFrdY10Iw,0,badcase,英语教育频道，和割草机推广无关
4208,UCTDfJ5sk6bLV_4VOfWV1BuQ,Weather With Travis,https://www.youtube.com/channel/UCTDfJ5sk6bLV_4VOfWV1BuQ,0,badcase,天气频道与割草机推广无关
4211,UC4aczgzVVd2oyzCraUP96sA,XanaGear,https://www.youtube.com/channel/UC4aczgzVVd2oyzCraUP96sA,-15,badcase,游戏直播娱乐频道，和割草机推广完全不搭
4212,UCdaw-WzHw6arQUc6UrWEnSQ,YA-BOY JDQ,https://www.youtube.com/channel/UCdaw-WzHw6arQUc6UrWEnSQ,0,badcase,执法爆料/直播向，不是割草机推广场景
4213,UCeiO02N9KVKTtUoIJjxwatg,Jeff Carbuoy,https://www.youtube.com/channel/UCeiO02N9KVKTtUoIJjxwatg,0,badcase,汽车维修DIY频道，只有工具向泛相关，和割草机不直连
4214,UCLRZTGG7e4NYjX-TQ4XyeoQ,MyLuckyBamboo,https://www.youtube.com/channel/UCLRZTGG7e4NYjX-TQ4XyeoQ,0,badcase,宠物生活频道，和割草机投放不匹配
4215,UC8E6ZK55ETG0zNsCgCWVGWg,Crazy Dreamers,https://www.youtube.com/channel/UC8E6ZK55ETG0zNsCgCWVGWg,0,badcase,跑步旅行向，缺少产品购买或园艺场景
4217,UCRyS4kYdsaGcuFczzCjFXag,verbalase,https://www.youtube.com/channel/UCRyS4kYdsaGcuFczzCjFXag,-15,badcase,beatbox娱乐频道，属于明显不适配
4218,UCsXx9VY4_oQxkqp1040QhAw,Cray Outdoors,https://www.youtube.com/channel/UCsXx9VY4_oQxkqp1040QhAw,0,badcase,钓鱼户外频道偏休闲，不足以支撑割草机推广
4219,UCQahJ7jP0Ob5IRxcNV42Wdw,SanJoseMaxwell,https://www.youtube.com/channel/UCQahJ7jP0Ob5IRxcNV42Wdw,-15,badcase,野生动物频道，和人类家用产品投放不符
4220,UCDyz_T0uPt66D_b4kukhdDA,Cesar Millan,https://www.youtube.com/channel/UCDyz_T0uPt66D_b4kukhdDA,-15,badcase,狗训频道属宠物向，与割草机推广不匹配
4221,UC3N9UUWJXMo3uPzFV6nUk6A,Club Kefi 2,https://www.youtube.com/channel/UC3N9UUWJXMo3uPzFV6nUk6A,-15,badcase,动物故事/娱乐频道，不适合割草机推广
4222,UClU-RU68JTh_nltAZpegMaQ,FZappa20,https://www.youtube.com/channel/UClU-RU68JTh_nltAZpegMaQ,0,badcase,音乐娱乐频道，缺少产品推广相关信号
4224,UCY4bq3WrsZiq4kvCYLmt1Yw,Hương single mom,https://www.youtube.com/channel/UCY4bq3WrsZiq4kvCYLmt1Yw,0,badcase,单亲日常频道，和割草机购买推广关联弱
4225,UCALIBAMLxxgJ8wtV4hspcPQ,The KSG Channel,https://www.youtube.com/channel/UCALIBAMLxxgJ8wtV4hspcPQ,-7,badcase,ASMR家电声场景，属于强格式错配，不适合割草机投放
4226,UCu7PdAn3NJipub5wJIz983w,Manco1,https://www.youtube.com/channel/UCu7PdAn3NJipub5wJIz983w,-10,badcase,游戏实况与割草机推广无关
4227,UCehZzgEW9EXXr8wQDZIBGBA,Helicool's Helipad,https://www.youtube.com/channel/UCehZzgEW9EXXr8wQDZIBGBA,0,badcase,越野/军车/数码向，草坪需求弱
4228,UCNfK001ZTSwGe9LJ5gVSJww,Ray Roman,https://www.youtube.com/channel/UCNfK001ZTSwGe9LJ5gVSJww,-10,badcase,喜剧游戏频道不适合割草机推广
4229,UCPe01VhAox_45mFe8bTOQKA,GameraidersLIVE,https://www.youtube.com/channel/UCPe01VhAox_45mFe8bTOQKA,-10,badcase,纯游戏内容不适合割草机推广
4231,UC54u9D0ZY2hBI8RNy9PqX6g,James the Lesser Express Lane,https://www.youtube.com/channel/UC54u9D0ZY2hBI8RNy9PqX6g,-10,badcase,直播游戏频道与产品推广无关
4232,UCXP8XoI6xGyMsuwjC-lEePg,Fishing with Luiza,https://www.youtube.com/channel/UCXP8XoI6xGyMsuwjC-lEePg,0,badcase,钓鱼生活向，草坪场景缺失
4234,UCV2uql9tZbL_xmcCAyz8E8w,Michelle Fixit,https://www.youtube.com/channel/UCV2uql9tZbL_xmcCAyz8E8w,-12,badcase,ASMR/开箱导向不适合割草机
4235,UCmne4GgXSiUuk1gZ08EIDNg,Caleb Jacques,https://www.youtube.com/channel/UCmne4GgXSiUuk1gZ08EIDNg,-10,badcase,野生动物内容不适合割草机推广
4236,UCCxEjqYXlJrhNT_4tqOcj7Q,CRREAM,https://www.youtube.com/channel/UCCxEjqYXlJrhNT_4tqOcj7Q,-10,badcase,游戏娱乐平台不适合割草机
4237,UC88MrdH4Igjw9PiANIp55dQ,Obrien caldwell,https://www.youtube.com/channel/UC88MrdH4Igjw9PiANIp55dQ,0,badcase,直播宠物向，关联很弱
4238,UCCdnua4PSRmgmnLVrzICp_Q,Googan Squad,https://www.youtube.com/channel/UCCdnua4PSRmgmnLVrzICp_Q,0,badcase,钓鱼频道与割草机购买场景不符
4240,UCO62AVOyfSy9gXyINfkgQKQ,Innovative Techs,https://www.youtube.com/channel/UCO62AVOyfSy9gXyINfkgQKQ,0,badcase,科技发现向，缺少园林使用场景
4242,UC3E8z5P4FemGLQRXixxHL3g,Gravycatman,https://www.youtube.com/channel/UC3E8z5P4FemGLQRXixxHL3g,-10,badcase,Roblox游戏频道不适合推广
4244,UCTIJ60q93qRx6oQga5_Lm5Q,Eugene's Playtime,https://www.youtube.com/channel/UCTIJ60q93qRx6oQga5_Lm5Q,-10,badcase,儿童游戏内容与割草机无关
4245,UCheDUCUYEVyTrpUYo1IF5ag,Scarlett,https://www.youtube.com/channel/UCheDUCUYEVyTrpUYo1IF5ag,-10,badcase,游戏音乐频道与割草机无关
4246,UCBnnls7hGYmkQmuFTDDe10g,WPXI-TV News Pittsburgh,https://www.youtube.com/channel/UCBnnls7hGYmkQmuFTDDe10g,-10,badcase,新闻频道与割草机促销场景不符
4248,UCgFoqeDTjERii09wGacXTLg,Alaska Living the Dream,https://www.youtube.com/channel/UCgFoqeDTjERii09wGacXTLg,0,badcase,野外/狩猎内容不匹配
4249,UCVn6AoRJRdO0ixclxzbHapw,The Verity Code,https://www.youtube.com/channel/UCVn6AoRJRdO0ixclxzbHapw,-10,badcase,娱乐游戏频道与割草机无关
4251,UCeDNcBavREAuDYycanpFJiQ,IRON ERA,https://www.youtube.com/channel/UCeDNcBavREAuDYycanpFJiQ,0,badcase,内容与割草机推广无关，缺少园艺/农场信号
4252,UCfs2NOxxYklQ9Ezfu5GqmxA,heyscuba,https://www.youtube.com/channel/UCfs2NOxxYklQ9Ezfu5GqmxA,-15,badcase,音乐频道与割草机商品推广场景明显不匹配
4253,UCG8Ciw16coFJtqSC1Paqi2A,Empowering Perspectives,https://www.youtube.com/channel/UCG8Ciw16coFJtqSC1Paqi2A,0,badcase,宗教/成长向内容，和割草机推广关联很弱
4254,UCVV98ex3tsq2KdyR_C2ZKrQ,QC Quick_Cut,https://www.youtube.com/channel/UCVV98ex3tsq2KdyR_C2ZKrQ,-15,badcase,猴子动物内容，和人用割草机推广不相容
4255,UC1C23yxWgJOYU9yv-s2oIeQ,Moises Beauchamp,https://www.youtube.com/channel/UC1C23yxWgJOYU9yv-s2oIeQ,0,badcase,营销内容偏投放方法，不是割草机使用场景
4257,UCqCDbp0R2MsAPyKLHkDiEBA,TCM Finance,https://www.youtube.com/channel/UCqCDbp0R2MsAPyKLHkDiEBA,-5,badcase,战争新闻频道与割草机推广场景不相关
4258,UClWKFXdU50yb6ZGwQXtLlQw,Answered That For You,https://www.youtube.com/channel/UClWKFXdU50yb6ZGwQXtLlQw,-15,badcase,游戏娱乐频道，不适合做割草机商品推广
4259,UCnZRs0STANIRXkrWYHZ3T9A,Rebuke all DEVILS Radio 107.7,https://www.youtube.com/channel/UCnZRs0STANIRXkrWYHZ3T9A,-15,badcase,新闻政治娱乐混杂，和割草机促销不匹配
4261,UCND_2Ke3tDZ8fO3FnGnSbAw,What's Uptin?,https://www.youtube.com/channel/UCND_2Ke3tDZ8fO3FnGnSbAw,0,badcase,旅行科技频道，缺少割草机使用或评测信号
4264,UCj_R8wPvDS6OuSGHfOafISA,Dillon Carmichael,https://www.youtube.com/channel/UCj_R8wPvDS6OuSGHfOafISA,-15,badcase,音乐表演频道和割草机推广场景不匹配
4267,UCoMloO7Xla-QyPPsTKsN_Lw,HappyThumbsGaming,https://www.youtube.com/channel/UCoMloO7Xla-QyPPsTKsN_Lw,-15,badcase,游戏频道与割草机推广场景明显不符
4268,UCjynD2fteV_TA2UJPuwN9Rg,Repair Girl - Trang,https://www.youtube.com/channel/UCjynD2fteV_TA2UJPuwN9Rg,0,badcase,偏车辆维修，不是割草机的核心使用受众
4269,UCMR7SdPWPiDWWzUkj9eNVBQ,Old Car Alley,https://www.youtube.com/channel/UCMR7SdPWPiDWWzUkj9eNVBQ,0,badcase,汽车修复频道与割草机品类关联很弱
4270,UCL_pqKCp4cQw-n39acga4nA,Slangin' the Bizkit Podcast,https://www.youtube.com/channel/UCL_pqKCp4cQw-n39acga4nA,0,badcase,播客体育话题频道，不适合割草机促销
4271,UCtHt4NKKqqrlqcuvgvP5GhQ,Theavyka Eng,https://www.youtube.com/channel/UCtHt4NKKqqrlqcuvgvP5GhQ,0,badcase,生活方式泛内容，缺少割草机明确场景
4273,UCWiY6fYdxuEe78r-0uFCnhA,LongBeachGriffy,https://www.youtube.com/channel/UCWiY6fYdxuEe78r-0uFCnhA,-5,badcase,娱乐型频道不适合割草机商品推广
4274,UCDl5IUrEHHsbHIw8BjlNSAw,VossGaming,https://www.youtube.com/channel/UCDl5IUrEHHsbHIw8BjlNSAw,-15,badcase,游戏内容与割草机商品推广几乎无关
4275,UC06Kq8uYBNLOJot1Ap4VO4w,Rick Serra,https://www.youtube.com/channel/UC06Kq8uYBNLOJot1Ap4VO4w,-15,badcase,播客喜剧/故事向，不适合割草机促销
4276,UCdsoOlQl8E8p4sajQtY2UIw,NBC Sports Boston,https://www.youtube.com/channel/UCdsoOlQl8E8p4sajQtY2UIw,0,badcase,体育新闻频道，与割草机推广无关
4277,UCD-lf2iG4O62iZQPqMjJh5Q,BeTheChange,https://www.youtube.com/channel/UCD-lf2iG4O62iZQPqMjJh5Q,0,badcase,政治议题频道，与割草机无关
4278,UCzdIuVyykPMtDJRcifPJlkg,JayPiper UnEdited,https://www.youtube.com/channel/UCzdIuVyykPMtDJRcifPJlkg,0,badcase,旅行生活频道，缺少割草机购买语境
4279,UC_ySFO4qLrXNLlXWgKx_m1w,The Free American Press,https://www.youtube.com/channel/UC_ySFO4qLrXNLlXWgKx_m1w,0,badcase,财经新闻为主，不适合割草机推广
4280,UC8ithXXXsVtrbcYwQJubvyQ,Jenna Citrus Creates,https://www.youtube.com/channel/UC8ithXXXsVtrbcYwQJubvyQ,0,badcase,游泳潜水向，和割草机消费场景不匹配
4283,UCdz_YOsUdiWsG689mB1WdUQ,HEROS IN CAPES,https://www.youtube.com/channel/UCdz_YOsUdiWsG689mB1WdUQ,-10,badcase,政治新闻短视频为主，和割草机推广冲突
4310,UCkcxNxKkRS-Xj-lPuhI0zXA,TechSpace,https://www.youtube.com/channel/UCkcxNxKkRS-Xj-lPuhI0zXA,5,badcase,只有泛工具词，缺少草坪/割草机语境，相关性偏弱
4312,UCB45XvGS6eatGBh7bVIIDUw,In HIS Name Custom Design Minister,https://www.youtube.com/channel/UCB45XvGS6eatGBh7bVIIDUw,-5,badcase,ASMR为主，属于物理产品强格式错配，虽有草坪词也不适合
4313,UCb0rKbdwHkmR12t3XcidH_Q,HomeToy TV,https://www.youtube.com/channel/UCb0rKbdwHkmR12t3XcidH_Q,-5,badcase,玩具/儿童内容与割草机推广目标明显不匹配
4314,UCrhXafsAcIjANk3ISwOpZ3Q,Cathy Channel,https://www.youtube.com/channel/UCrhXafsAcIjANk3ISwOpZ3Q,0,badcase,无标签与内容证据，无法建立相关性
4316,UCZgBJEr6SMEm9nkgz14sz4g,Peterson Auction,https://www.youtube.com/channel/UCZgBJEr6SMEm9nkgz14sz4g,0,badcase,拍卖频道缺少割草机或园艺设备证据
4317,UCBa_glQq6kcoaEJoqfyDb1w,URSROBOT,https://www.youtube.com/channel/UCBa_glQq6kcoaEJoqfyDb1w,0,badcase,无相关标签，频道方向与割草机无关
4319,UChT80zK0Mmfdd2fj-6ZGSog,Outdoor Motor Sports,https://www.youtube.com/channel/UChT80zK0Mmfdd2fj-6ZGSog,0,badcase,无相关标签，频道方向与割草机无关
4320,UC2vvlo3JTFm9zuUsTtSRfLQ,Tools Mart,https://www.youtube.com/channel/UC2vvlo3JTFm9zuUsTtSRfLQ,0,badcase,只有泛工具/测评线索，缺少草坪设备语境
4323,UCBkvaEOeT69zFZSdhall8fw,Buy Buy Brielle,https://www.youtube.com/channel/UCBkvaEOeT69zFZSdhall8fw,0,badcase,偏厨房与通用测评，和割草机推广关联弱
4327,UCN96Yt3AM0RplOpyuiwG2eg,MartyMows,https://www.youtube.com/channel/UCN96Yt3AM0RplOpyuiwG2eg,0,badcase,无标签无内容，证据不足
4328,UCY9zQuadSnx_dUHqvaybpiw,SmallTownUSA,https://www.youtube.com/channel/UCY9zQuadSnx_dUHqvaybpiw,-15,badcase,撞车赛车类，和割草机推广明显不符
4329,UCouvNU8TG_KXeD5mNM2q94w,Blank Slate,https://www.youtube.com/channel/UCouvNU8TG_KXeD5mNM2q94w,0,badcase,无标签，无法判断相关性
4331,UC7dAfpW3mZMdAOYBiMGguEw,MTD Genuine Parts,https://www.youtube.com/channel/UC7dAfpW3mZMdAOYBiMGguEw,0,badcase,无标签，缺少可用信号
4336,UCKkI79ZR7iqzYjwpp_YIJNg,sg media,https://www.youtube.com/channel/UCKkI79ZR7iqzYjwpp_YIJNg,-15,badcase,音效/动物/野外内容，且格式不适合卖货
4337,UCmayRTAfZALM-uuQhHrOWaA,DreamBoyGames,https://www.youtube.com/channel/UCmayRTAfZALM-uuQhHrOWaA,0,badcase,游戏频道，无相关信号
4340,UC0fKPBrL5BvhalwgszIxL0w,Yeoman Power,https://www.youtube.com/channel/UC0fKPBrL5BvhalwgszIxL0w,0,badcase,无标签，缺少可用信号
4341,UCgGN9hFk_MhTOQ4m-j8Lp7Q,gwenfil gudge,https://www.youtube.com/channel/UCgGN9hFk_MhTOQ4m-j8Lp7Q,0,badcase,无标签，缺少可用信号
4342,UCJJ3ifF0RHXooRnZ-CReaSQ,DIY Homefront,https://www.youtube.com/channel/UCJJ3ifF0RHXooRnZ-CReaSQ,0,badcase,无标签，缺少可用信号
4343,UCYqvMHIkyGYDq9NQ7NksriA,Officer Oil - AMSOIL,https://www.youtube.com/channel/UCYqvMHIkyGYDq9NQ7NksriA,0,badcase,无标签，缺少可用信号
4344,UCGdlvCinfhtyPDfUCUmLPFQ,Lab Review,https://www.youtube.com/channel/UCGdlvCinfhtyPDfUCUmLPFQ,0,badcase,无标签，缺少可用信号
4345,UCvRq1tiFfuuNnB-ltPTRuRw,DrTMath&MoreOnline,https://www.youtube.com/channel/UCvRq1tiFfuuNnB-ltPTRuRw,0,badcase,教育数学频道，与割草机推广无关
4346,UCuvTU2xFyOIwZ1oAXSKZ43w,GPS Tracking Devices,https://www.youtube.com/channel/UCuvTU2xFyOIwZ1oAXSKZ43w,0,badcase,无标签，缺少可用信号
4347,UCRLrdxbk2onLjkO2IXsrTfQ,Probably Fixed It,https://www.youtube.com/channel/UCRLrdxbk2onLjkO2IXsrTfQ,0,badcase,无标签，缺少可用信号
4350,UCDYd-uazXq0ePcqrFD2CQug,Alameda Repair Shop,https://www.youtube.com/channel/UCDYd-uazXq0ePcqrFD2CQug,0,badcase,无标签，缺少可用信号
4351,UCw9YkVJ1BNaGqa8qFuxx3RQ,Reisa,https://www.youtube.com/channel/UCw9YkVJ1BNaGqa8qFuxx3RQ,0,badcase,无草坪相关信号，无法判断为适合推广
4352,UCpaAc9PB0dAeGuqAnbtIV5Q,Buy IT?,https://www.youtube.com/channel/UCpaAc9PB0dAeGuqAnbtIV5Q,0,badcase,无相关标签或内容信号
4353,UCn1xhpNKfTlMuWj8gXCHCIQ,Bid-2-Buy online auction videos,https://www.youtube.com/channel/UCn1xhpNKfTlMuWj8gXCHCIQ,0,badcase,拍卖/车辆泛类，和割草机推广关联弱
4354,UCWXL3ll_oXjLsnoZZBz_5GA,Rick,https://www.youtube.com/channel/UCWXL3ll_oXjLsnoZZBz_5GA,0,badcase,无草坪或工具相关信号
4356,UCbg_6Txm2feyz9fBSk5fOvQ,Kerth Keaton,https://www.youtube.com/channel/UCbg_6Txm2feyz9fBSk5fOvQ,0,badcase,无相关标签或内容信号
4359,UC94bbGt2TlomnA8kmxKLOIw,Ohtiv,https://www.youtube.com/channel/UC94bbGt2TlomnA8kmxKLOIw,0,badcase,网站/商业泛类，和割草机无关
4360,UCHwpmZWKFzaAlFrl_ZyY26A,Vadose Fohapi,https://www.youtube.com/channel/UCHwpmZWKFzaAlFrl_ZyY26A,0,badcase,无草坪或工具相关信号
4362,UCv1cangBXOeVMQIHmnymX2g,Top Seller Point,https://www.youtube.com/channel/UCv1cangBXOeVMQIHmnymX2g,0,badcase,缺少草坪或工具相关标签
4363,UCQqBCHH5OUA2d1mQxD1lbKA,Pure Billionaire Vibes,https://www.youtube.com/channel/UCQqBCHH5OUA2d1mQxD1lbKA,0,badcase,理财泛类，与割草机无关
4364,UCQwMkhW_3iTT-lrm3LwRvdQ,Tenacious C's Rescue League,https://www.youtube.com/channel/UCQwMkhW_3iTT-lrm3LwRvdQ,0,badcase,无相关标签或受众信号
4367,UCZTW2qORez6mT4iWr6NN9Fw,The Review Daily,https://www.youtube.com/channel/UCZTW2qORez6mT4iWr6NN9Fw,0,badcase,无明确相关内容，缺少推广场景
4368,UCE5kc_Sb_RKSD0d_rZ551nQ,Something Else2LookAt,https://www.youtube.com/channel/UCE5kc_Sb_RKSD0d_rZ551nQ,5,badcase,ASMR/沉浸式为主，割草机仅是素材
4369,UCM7y11leh5Bh6o1e4j3Pgcw,FAB Video's,https://www.youtube.com/channel/UCM7y11leh5Bh6o1e4j3Pgcw,5,badcase,娱乐失败类为主，产品推广不适配
4373,UCNJW6arTek6XbHNRCAvPZWA,Muhammad Ayub Khan,https://www.youtube.com/channel/UCNJW6arTek6XbHNRCAvPZWA,0,badcase,营销/网站泛类，与割草机无关
4376,UCfPZ8nl4lhzjAWKPiCpnkgg,Daily Tech,https://www.youtube.com/channel/UCfPZ8nl4lhzjAWKPiCpnkgg,0,badcase,科技泛品类，缺少草坪割草机相关性
4379,UC48PyZOgp5xskVi-qtJ1nRw,LifelineBest,https://www.youtube.com/channel/UC48PyZOgp5xskVi-qtJ1nRw,0,badcase,无有效标签或内容证据，相关性不足
4382,UCnr_X0CATlYWhYtCUR2aeMw,AverageAnthony,https://www.youtube.com/channel/UCnr_X0CATlYWhYtCUR2aeMw,0,badcase,无相关标签，草坪机投放证据缺失
4385,UC38y7wOuni4bE7CudRIwHvA,JNK Racing,https://www.youtube.com/channel/UC38y7wOuni4bE7CudRIwHvA,-10,badcase,赛车摩托内容，与割草机推广明显错位
4390,UCBsy0OHbkLBDrL54TS2R9gQ,From Cars To Computers,https://www.youtube.com/channel/UCBsy0OHbkLBDrL54TS2R9gQ,1,badcase,仅有 yard work 弱相关，整体偏杂项
4391,UCAu5CYcuVBoKLVa_DjtVCUg,Cleaning service ASMR,https://www.youtube.com/channel/UCAu5CYcuVBoKLVa_DjtVCUg,-15,badcase,ASMR清洁频道，属于明显格式错配
4394,UCwt4nNGAW5weteKaWxiwzXg,Bill's Adventures,https://www.youtube.com/channel/UCwt4nNGAW5weteKaWxiwzXg,0,badcase,旅行游戏杂项，草坪机推广证据不足
4397,UCrUvuFw-38CdXAd8P6XY9Iw,Bright Star Auctions,https://www.youtube.com/channel/UCrUvuFw-38CdXAd8P6XY9Iw,0,badcase,无明确草坪机或园艺相关信号
4399,UCLZAQikdPTkhwBW1_4ifkvA,Andrew,https://www.youtube.com/channel/UCLZAQikdPTkhwBW1_4ifkvA,0,badcase,无相关标签，无法支撑投放判断
4400,UCPCwQTn5zkTH5jNhKdw3OCg,LyfePath9,https://www.youtube.com/channel/UCPCwQTn5zkTH5jNhKdw3OCg,0,badcase,无相关标签，无法支撑投放判断
4401,UC8hQognjnChD_d1oACsaGfg,Chris Ursiny,https://www.youtube.com/channel/UC8hQognjnChD_d1oACsaGfg,0,badcase,无相关标签或内容线索
4403,UCbIcEOi1l2z3B9bAfzdFTsg,Southern Iowa Luddite,https://www.youtube.com/channel/UCbIcEOi1l2z3B9bAfzdFTsg,0,badcase,无相关标签或内容线索
4404,UC9j1zZV-EjrCV4caM6UDZyw,J. Stout Auctions,https://www.youtube.com/channel/UC9j1zZV-EjrCV4caM6UDZyw,0,badcase,无相关标签或内容线索
4405,UC9JeihYy268H18beICx9kXA,MVN Motorsports,https://www.youtube.com/channel/UC9JeihYy268H18beICx9kXA,-10,badcase,ATV/赛车受众，与割草机推广不匹配
4406,UCRDmdhIJqjkNczkvTPk_AHA,ambe john,https://www.youtube.com/channel/UCRDmdhIJqjkNczkvTPk_AHA,0,badcase,汽车/游艇向，和 lawn mower 推广关联弱
4410,UCzNlXtmX7jjuRehSR84HLjQ,Odd Jobs and Random Projects,https://www.youtube.com/channel/UCzNlXtmX7jjuRehSR84HLjQ,0,badcase,无相关标签或内容线索
4411,UCVfdrCYA5AFVALVIsW838Mw,BEST SMART GALLERY,https://www.youtube.com/channel/UCVfdrCYA5AFVALVIsW838Mw,0,badcase,无相关标签或内容线索
4412,UCKz0E9pO4G1q1ysCp_Q2jRA,Ronal Santizo,https://www.youtube.com/channel/UCKz0E9pO4G1q1ysCp_Q2jRA,0,badcase,无相关标签或内容线索
4413,UC9zFP2_grlNgC_-i1iVVH9A,MccannAdventures,https://www.youtube.com/channel/UC9zFP2_grlNgC_-i1iVVH9A,0,badcase,无相关标签或内容线索
4414,UCpnJpGgMZ7aq1sx_Gk3PzUQ,J&J's Podcast,https://www.youtube.com/channel/UCpnJpGgMZ7aq1sx_Gk3PzUQ,0,badcase,无相关标签或内容线索
4418,UCqq7PB4na3W3TnvR9J07ZnQ,MemphisMower,https://www.youtube.com/channel/UCqq7PB4na3W3TnvR9J07ZnQ,5,badcase,宠物搞笑内容为主，割草机只是道具
4421,UCcZ0rRvQ2vmPc9jqfNkZHRw,off road king,https://www.youtube.com/channel/UCcZ0rRvQ2vmPc9jqfNkZHRw,0,badcase,无相关标签或内容线索
4422,UC5yM0nj4bmXrNEZDzp1bOEg,Insurance Assurance,https://www.youtube.com/channel/UC5yM0nj4bmXrNEZDzp1bOEg,0,badcase,无相关标签或内容线索
4423,UCRxp2DizUCbj0ei3cNyeJxg,Bubba Commerce,https://www.youtube.com/channel/UCRxp2DizUCbj0ei3cNyeJxg,0,badcase,无相关标签或内容线索
4425,UCb0FIMn8UWc-EhSCMnl23Eg,Make Life Smart,https://www.youtube.com/channel/UCb0FIMn8UWc-EhSCMnl23Eg,0,badcase,AI 智能 гаджеты 方向，和割草机不符
4427,UC7bqVyd5aEBo7fnDKCnMlYg,Guy's Outdoor Motorsports & Marine,https://www.youtube.com/channel/UC7bqVyd5aEBo7fnDKCnMlYg,0,badcase,缺少标签与内容信号，难判断相关性
4432,UC0uPRX8I9Z76nB7hCNSDNfA,Leask Showes,https://www.youtube.com/channel/UC0uPRX8I9Z76nB7hCNSDNfA,0,badcase,缺少可用相关标签，无法支撑推广
4433,UCd_rW8G2TjWnH48iKJp7VTg,Tone Relax,https://www.youtube.com/channel/UCd_rW8G2TjWnH48iKJp7VTg,0,badcase,缺少相关主题，和割草机推广无关
4434,UCmjlFQ2ECoch4Uh22z3iEsQ,GreenThumbEngines,https://www.youtube.com/channel/UCmjlFQ2ECoch4Uh22z3iEsQ,0,badcase,仅有 weed 标签，和割草机推广不匹配
4439,UCOz5vfQ9qcUfXRvEqat1DVA,Cozy Sleep Sounds,https://www.youtube.com/channel/UCOz5vfQ9qcUfXRvEqat1DVA,-25,badcase,白噪音/ASMR频道，物理产品推广格式严重不符
4440,UCQdrswWHzlQcaQDCU1illMg,Any Good?,https://www.youtube.com/channel/UCQdrswWHzlQcaQDCU1illMg,0,badcase,缺少可判断的相关标签与内容
4441,UCCdkhjL2KLd39GDeyNcNNUA,Outdoor Tech Guide,https://www.youtube.com/channel/UCCdkhjL2KLd39GDeyNcNNUA,0,badcase,无标签信号，无法支撑割草机推广
4443,UC7xLFlnWHV2hf1QjbC3kOLg,Elara Quinn,https://www.youtube.com/channel/UC7xLFlnWHV2hf1QjbC3kOLg,0,badcase,缺少相关标签，和割草机无关
4444,UCIKrNxbQuhiSrCGH-lF8-Bw,Deep Mindset,https://www.youtube.com/channel/UCIKrNxbQuhiSrCGH-lF8-Bw,-15,badcase,动物娱乐内容占主导，不适合割草机推广
4445,UCWL489uBhQBe12ugSC1ok0w,Paradise Robotics,https://www.youtube.com/channel/UCWL489uBhQBe12ugSC1ok0w,0,badcase,缺少标签与内容，相关性不可证
4448,UCOHHWXEj4NaEcdfQ4nrWgag,Ask The Auctioneer,https://www.youtube.com/channel/UCOHHWXEj4NaEcdfQ4nrWgag,0,badcase,拍卖频道，和割草机推广相关性弱
4449,UCIzvkTX8rCkVa5JHO4WxCww,Rod Fivecoat Auctions,https://www.youtube.com/channel/UCIzvkTX8rCkVa5JHO4WxCww,0,badcase,车辆拍卖为主，和割草机推广不匹配
4450,UCWO7b7AyOiAAsmgkbbWRLSA,OUTSIDERZ GAMING,https://www.youtube.com/channel/UCWO7b7AyOiAAsmgkbbWRLSA,-15,badcase,游戏内容主导，和割草机推广明显错位
4453,UCoJs1frBC2qdU-ylbyVNiww,Ironclad Trading,https://www.youtube.com/channel/UCoJs1frBC2qdU-ylbyVNiww,-15,badcase,金融交易频道，与割草机推广场景明显不符
4455,UCiyTWEMF-Ll8-LD66yxeD0A,Corang15,https://www.youtube.com/channel/UCiyTWEMF-Ll8-LD66yxeD0A,0,badcase,无标签无内容，无法判断为相关频道
4457,UCVcj4LRAoJGxgLkuKkYf5aA,USP REVIEW,https://www.youtube.com/channel/UCVcj4LRAoJGxgLkuKkYf5aA,0,badcase,泛科技评测，缺少园艺或家电相关信号
4459,UC-e1C3rMnLchOKSlHv0OCYw,Reviews By Marshall,https://www.youtube.com/channel/UC-e1C3rMnLchOKSlHv0OCYw,0,badcase,仅有泛化名称，缺少相关标签与内容证据
4461,UCgPFjSdMC2dWC9kS1SuxvFQ,𝗔𝗱𝗲𝗽𝘁 𝗛𝗲𝗮𝘁𝗶𝗻𝗴 & Air Conditioning 🏡,https://www.youtube.com/channel/UCgPFjSdMC2dWC9kS1SuxvFQ,0,badcase,HVAC 服务号，和割草机投放场景不匹配
4462,UCycClRKYAsc9z8ejJiuq0dQ,Review vid express,https://www.youtube.com/channel/UCycClRKYAsc9z8ejJiuq0dQ,0,badcase,科技电子向评测，和割草机品类不匹配
4463,UCBLI77yqmIffrQI6bHF-zJQ,Riesterer & Schnell,https://www.youtube.com/channel/UCBLI77yqmIffrQI6bHF-zJQ,0,badcase,仅有泛化名称，缺少可验证相关标签
4469,UC-Qs_puLl0HByRZQ3SG5EFA,Rc Flashlight,https://www.youtube.com/channel/UC-Qs_puLl0HByRZQ3SG5EFA,0,badcase,手电灯具方向，与割草机不匹配
4471,UCAl6hZHEnW3M9YiZju1MwRg,Litheli,https://www.youtube.com/channel/UCAl6hZHEnW3M9YiZju1MwRg,0,badcase,品牌名不明确，缺少可验证相关标签
4473,UCRPtwI0sWVwbryCXwuOBiJA,X-Tap,https://www.youtube.com/channel/UCRPtwI0sWVwbryCXwuOBiJA,-15,badcase,游戏娱乐内容，与割草机推广场景不符
4475,UCpzEZVMXpExMPUh-igyaPYg,Product Reviews,https://www.youtube.com/channel/UCpzEZVMXpExMPUh-igyaPYg,0,badcase,仅有泛化名称，缺少可用相关证据
4477,UCpLSw2l8P2J5EyhqcT4PZaw,Bear1426,https://www.youtube.com/channel/UCpLSw2l8P2J5EyhqcT4PZaw,0,badcase,无标签无内容证据，相关性不足
4478,UCYgb8u2TzxAHYoEZvYi5iQA,NexNest Picks,https://www.youtube.com/channel/UCYgb8u2TzxAHYoEZvYi5iQA,0,badcase,无标签无内容证据，相关性不足
4480,UCxyqrRaUlPu5tHhqtVM7SSA,Remington160,https://www.youtube.com/channel/UCxyqrRaUlPu5tHhqtVM7SSA,0,badcase,无标签无内容证据，相关性不足
4481,UCN6Iv3Ea38IBBBt2vbWGmoA,HowToBloke,https://www.youtube.com/channel/UCN6Iv3Ea38IBBBt2vbWGmoA,0,badcase,生活方式和车辆内容为主，和割草机无关
4482,UC3r-tU3WxyStADwbkKoCTyA,Drew Spangler,https://www.youtube.com/channel/UC3r-tU3WxyStADwbkKoCTyA,0,badcase,无标签无内容证据，相关性不足
4484,UCXMpSr5JIU0kds_z07ev2NA,Brison,https://www.youtube.com/channel/UCXMpSr5JIU0kds_z07ev2NA,0,badcase,无标签无内容证据，相关性不足
4487,UCfap7UjLQQQsuECb_4NbSAg,Soak & Serenity,https://www.youtube.com/channel/UCfap7UjLQQQsuECb_4NbSAg,0,badcase,健康养生类频道，和割草机投放不匹配
4490,UCq5UMgVYnYr87yI2oEIIiSw,Power Tools Cambodia,https://www.youtube.com/channel/UCq5UMgVYnYr87yI2oEIIiSw,0,badcase,无标签无内容证据，相关性不足
4491,UCkzzc41iD8qYdsammmjm_aA,SuburbanLawnEquip,https://www.youtube.com/channel/UCkzzc41iD8qYdsammmjm_aA,0,badcase,无标签无内容证据，相关性不足
4492,UCgRrrSCJSl2AuHnK3BBCo4g,ABP Amazon Best Picks,https://www.youtube.com/channel/UCgRrrSCJSl2AuHnK3BBCo4g,0,badcase,无标签无内容证据，相关性不足
4494,UC_VqKOAroR0PtGdmNTKZD2w,AIVOLT - Power and Gardening Solution Provider,https://www.youtube.com/channel/UC_VqKOAroR0PtGdmNTKZD2w,0,badcase,无标签无内容证据，相关性不足
4496,UC05fWjdaEINkqmWwjKkx9lg,Profits Unlimited,https://www.youtube.com/channel/UC05fWjdaEINkqmWwjKkx9lg,0,badcase,无标签和内容证据，难判断为割草机推广相关频道
4498,UCHlTaD9ODDp1Nl7qRMGwctQ,The KSG channel,https://www.youtube.com/channel/UCHlTaD9ODDp1Nl7qRMGwctQ,0,badcase,以娱乐短视频为主，和割草机投放不匹配
4500,UCRB8IqD4kYN6WaxFfYK9pvA,ZIP TIED IT,https://www.youtube.com/channel/UCRB8IqD4kYN6WaxFfYK9pvA,0,badcase,无标签无内容证据，相关性不足
8001,UCoQW0QGnZgGee8-OaI27apw,Him Hungry,https://www.youtube.com/channel/UCoQW0QGnZgGee8-OaI27apw,-15,badcase,娱乐动画短视频频道，与割草机推广场景不符
8002,UC9tlxDUyXqORBGTs4bxYz9A,WOW Tech Moment,https://www.youtube.com/channel/UC9tlxDUyXqORBGTs4bxYz9A,0,badcase,无明确相关信号，无法支撑割草机推广
8003,UCR1u5frp5RLrDEMzuABwHQQ,Genius Tech TV,https://www.youtube.com/channel/UCR1u5frp5RLrDEMzuABwHQQ,-5,badcase,机械工具相关，但ASMR/睡眠向，推广错位
8004,UCyGm1NkZFoBLUzmsM6WWGoA,10 Hot Topic,https://www.youtube.com/channel/UCyGm1NkZFoBLUzmsM6WWGoA,0,badcase,无明确相关信号，无法支撑割草机推广
8006,UCbrtllDeNada8qEFuoqLAdg,aaf studios,https://www.youtube.com/channel/UCbrtllDeNada8qEFuoqLAdg,0,badcase,无明确相关信号，无法支撑割草机推广
8007,UCwZLpt15sYAFT-aOEHMpcYg,bortsdale,https://www.youtube.com/channel/UCwZLpt15sYAFT-aOEHMpcYg,-15,badcase,游戏娱乐频道，与割草机推广场景不符
8008,UCGRp41Spp6Hhg8PxonHX9yw,GabyTales (GabyTales),https://www.youtube.com/channel/UCGRp41Spp6Hhg8PxonHX9yw,0,badcase,无明确相关信号，无法支撑割草机推广
8009,UCBpgshj4wJgVtHKG6qeXaaw,Autumn Seavey Hicks,https://www.youtube.com/channel/UCBpgshj4wJgVtHKG6qeXaaw,0,badcase,无明确相关信号，无法支撑割草机推广
8010,UCymxhDVgeIO527urCzcvv1Q,Militarian Tech,https://www.youtube.com/channel/UCymxhDVgeIO527urCzcvv1Q,0,badcase,无明确相关信号，无法支撑割草机推广
8011,UC31zMtAVnZeTGjOp0p5tSJg,ZOMEDY LAB,https://www.youtube.com/channel/UC31zMtAVnZeTGjOp0p5tSJg,0,badcase,无明确相关信号，无法支撑割草机推广
8013,UCNHKu-bGD-bZLjwnaq54LKw,TheCarolinacadman,https://www.youtube.com/channel/UCNHKu-bGD-bZLjwnaq54LKw,-15,badcase,狩猎垂类，和割草机推广受众不匹配
8014,UCyIBT0wqPgkO-rGjjUEAUIg,PARR,https://www.youtube.com/channel/UCyIBT0wqPgkO-rGjjUEAUIg,0,badcase,无明确相关信号，无法支撑割草机推广
8015,UCajSH757XjqnCAz8dpqfB7g,MikeCore,https://www.youtube.com/channel/UCajSH757XjqnCAz8dpqfB7g,-15,badcase,VR游戏娱乐频道，与割草机推广场景不符
8016,UCt8OLGagfyTm99mBlUhG57Q,Life With Casey,https://www.youtube.com/channel/UCt8OLGagfyTm99mBlUhG57Q,0,badcase,无明确相关信号，无法支撑割草机推广
8017,UCyD37DHjgnrMiAM8ZRiABnw,Mountain Extreme Powersports,https://www.youtube.com/channel/UCyD37DHjgnrMiAM8ZRiABnw,0,badcase,无明确相关信号，无法支撑割草机推广
8018,UC4mB0bFLS-DVs78FBqPla-Q,NAPSTV,https://www.youtube.com/channel/UC4mB0bFLS-DVs78FBqPla-Q,0,badcase,健康/宠物向，和割草机推广关联弱
8019,UCd3yMPvmipLIkBqkGU5lTgg,UrbanMasque,https://www.youtube.com/channel/UCd3yMPvmipLIkBqkGU5lTgg,0,badcase,无明确相关信号，无法支撑割草机推广
8021,UCkPCnRHTuJDJcqKZ7oVNJWA,schmitty750,https://www.youtube.com/channel/UCkPCnRHTuJDJcqKZ7oVNJWA,0,badcase,无明确相关信号，无法支撑割草机推广
8023,UCcNZR695o5ns0hj3dmCRBqg,Dylan Bowerman,https://www.youtube.com/channel/UCcNZR695o5ns0hj3dmCRBqg,0,badcase,无明确相关信号，无法支撑割草机推广
8024,UCHpwCk5IwqZhj5Ez0o3NDKg,aamanda_88,https://www.youtube.com/channel/UCHpwCk5IwqZhj5Ez0o3NDKg,0,badcase,无明确相关信号，无法支撑割草机推广
8025,UC2ZAF_2Tgr2QFB7WP4HoAQw,Taco Party,https://www.youtube.com/channel/UC2ZAF_2Tgr2QFB7WP4HoAQw,-15,badcase,汽车越野频道，与割草机推广场景不符
8027,UCELG0qbYcmNs5nHC0h7DVtw,Laugh Track Minds!,https://www.youtube.com/channel/UCELG0qbYcmNs5nHC0h7DVtw,0,badcase,娱乐向频道，无割草机推广受众信号
8029,UCnHa96FyLp2NuZJPYeXtdiA,Cooking with Nick P,https://www.youtube.com/channel/UCnHa96FyLp2NuZJPYeXtdiA,0,badcase,钓鱼/狩猎内容，和割草机购买场景弱相关
8030,UCp-mkUE8K8yOy30obM7qT3g,Ikari Press,https://www.youtube.com/channel/UCp-mkUE8K8yOy30obM7qT3g,0,badcase,漫画影视娱乐频道，和割草机推广无关
8032,UCS20dQEnzkWtQujpJ9eJY2A,steller white noise,https://www.youtube.com/channel/UCS20dQEnzkWtQujpJ9eJY2A,-12,badcase,白噪音格式与实体割草机推广强冲突
8033,UClx4VXtoQlWB2R4VgeDoBsg,Simply Miss Sarah,https://www.youtube.com/channel/UClx4VXtoQlWB2R4VgeDoBsg,0,badcase,缺少园艺/工具证据，推广相关性不足
8037,UC2FDeH1qT-pH4nvE5ezi9IA,Kibosh Gaming,https://www.youtube.com/channel/UC2FDeH1qT-pH4nvE5ezi9IA,0,badcase,游戏娱乐频道，与割草机受众不匹配
8038,UC7wX5Q4dJ-yku_A1mNi8SnQ,FastGunner2040,https://www.youtube.com/channel/UC7wX5Q4dJ-yku_A1mNi8SnQ,0,badcase,无可用相关信号
8039,UCLzfs_Fx03QxUasScLLNsWg,AHA Top Tech Everything,https://www.youtube.com/channel/UCLzfs_Fx03QxUasScLLNsWg,0,badcase,泛科技向，缺少园艺/家用设备购买场景
8040,UCx2D0M3F3h1qdg4D31mQ24g,Being Zimmer,https://www.youtube.com/channel/UCx2D0M3F3h1qdg4D31mQ24g,0,badcase,无明确园艺或工具受众信号
8041,UCfFQLz5z_indIkSwVTonA5Q,SoPanda,https://www.youtube.com/channel/UCfFQLz5z_indIkSwVTonA5Q,0,badcase,缺少割草机相关受众或场景
8043,UCbNPvhY-2uCfsBHmcRCGV2A,ANNETTES VLOG CORNER THE CRZY4THE80sGAL,https://www.youtube.com/channel/UCbNPvhY-2uCfsBHmcRCGV2A,0,badcase,游戏/ vlog 频道，与割草机推广无关
8044,UCsQmKDa0OTH_is7KIqiG61w,Danny Killinger,https://www.youtube.com/channel/UCsQmKDa0OTH_is7KIqiG61w,0,badcase,玩具/游戏向，缺少园艺或家用机械购买场景
8046,UCTvNswS3K4CR9vksub9yH5A,eufy Tutorials,https://www.youtube.com/channel/UCTvNswS3K4CR9vksub9yH5A,0,badcase,电子产品教程频道，和割草机推广不匹配
8047,UCRwml9fjf7JWmNhamfuJftA,JokerJoshXD,https://www.youtube.com/channel/UCRwml9fjf7JWmNhamfuJftA,0,badcase,游戏体育频道，与割草机受众不匹配
8048,UC95N5435bYGxR4daj-hus2A,The Overdrive Consumer Channel,https://www.youtube.com/channel/UC95N5435bYGxR4daj-hus2A,0,badcase,汽车车系频道，和割草机购买场景不一致
8051,UCyeVUMJspKUfzKf8NlOc9Iw,iSmart Home Gadgets,https://www.youtube.com/channel/UCyeVUMJspKUfzKf8NlOc9Iw,0,badcase,无相关标签，和割草机推广无明显关联
8053,UCdd9CDqPzZr96pMfWrOr0RA,Forever Fierce over 50,https://www.youtube.com/channel/UCdd9CDqPzZr96pMfWrOr0RA,0,badcase,美妆健康向，和割草机不相关
8054,UCJO2Noj-XmXzTWE2iCRlF-Q,Boe's G & E,https://www.youtube.com/channel/UCJO2Noj-XmXzTWE2iCRlF-Q,0,badcase,汽车/游戏为主，不适合割草机推广
8056,UC0m7EQZ73IL8b6iI0fW6SAQ,Beauty and Belief,https://www.youtube.com/channel/UC0m7EQZ73IL8b6iI0fW6SAQ,0,badcase,美妆时尚向，和割草机推广不匹配
8057,UCjq9Dttz0i35RNiEYXoLbeg,Clickbait Games,https://www.youtube.com/channel/UCjq9Dttz0i35RNiEYXoLbeg,0,badcase,无标签，无法判断为相关频道
8058,UCgSxdkPNiZjb647ocHwgZEg,Grizzel,https://www.youtube.com/channel/UCgSxdkPNiZjb647ocHwgZEg,0,badcase,游戏娱乐为主，不适合卖割草机
8059,UCJ0IqLEoYafNuvCyUDePJkw,Boaz Wilkin,https://www.youtube.com/channel/UCJ0IqLEoYafNuvCyUDePJkw,0,badcase,无可用标签，相关性不足
8060,UC-0lKkk4QaJx7TA_q2OSdDw,iVisionGames,https://www.youtube.com/channel/UC-0lKkk4QaJx7TA_q2OSdDw,-15,badcase,游戏仿真为主，偏娱乐，不适合割草机推广
8063,UCeSRXvyjFOoIyFkffpr2L4Q,605LIFE,https://www.youtube.com/channel/UCeSRXvyjFOoIyFkffpr2L4Q,0,badcase,无相关标签，和割草机无关
8064,UCWEgLSsqY95AzXbDm-51heQ,Auto Pilot MT,https://www.youtube.com/channel/UCWEgLSsqY95AzXbDm-51heQ,-15,badcase,车载雪铲/除雪内容，和草坪割草器推广场景明显不符
8065,UCW9QL2ANLBQ40LlSBem8eUg,Dermer Life,https://www.youtube.com/channel/UCW9QL2ANLBQ40LlSBem8eUg,0,badcase,家庭vlog向，和割草机推广无关
8067,UCDHKDA8CSCTmgtxnwDrRxjA,ATD Garage,https://www.youtube.com/channel/UCDHKDA8CSCTmgtxnwDrRxjA,0,badcase,汽修修复向，和割草机不相关
8068,UCt6pOY3Dg3J9nkzT7wCP2UA,angee Pangie,https://www.youtube.com/channel/UCt6pOY3Dg3J9nkzT7wCP2UA,0,badcase,家庭自闭症内容，与割草机无关
8069,UC7JsoyH0PXqpmHhT1fcV75g,Brovilla Fixes It,https://www.youtube.com/channel/UC7JsoyH0PXqpmHhT1fcV75g,0,badcase,无标签，相关性不足
8070,UCw4E4k_BciyCtaW_FrinDVQ,Jenrenegade,https://www.youtube.com/channel/UCw4E4k_BciyCtaW_FrinDVQ,0,badcase,无标签，无法支持推广匹配
8071,UCfFhFd0sR1QqpzvTf78a48Q,Lone Spruce Farm,https://www.youtube.com/channel/UCfFhFd0sR1QqpzvTf78a48Q,0,badcase,农业频道偏泛，不足以支撑割草机推广
8072,UC2sbTJIz_tEEb0ASRPMQrhA,GYATEZ,https://www.youtube.com/channel/UC2sbTJIz_tEEb0ASRPMQrhA,0,badcase,无标签，相关性不足
8073,UC0TatUJ0zNR-51yIOqMqukw,KrisButWrong,https://www.youtube.com/channel/UC0TatUJ0zNR-51yIOqMqukw,0,badcase,无标签，相关性不足
8074,UCzcgZYDA-bpqZvoi90fGZMg,7Lover Tone,https://www.youtube.com/channel/UCzcgZYDA-bpqZvoi90fGZMg,0,badcase,无标签，相关性不足
8075,UCk9pt_Fcb85xOkypS-szuUg,Mystic Muffin,https://www.youtube.com/channel/UCk9pt_Fcb85xOkypS-szuUg,0,badcase,无标签，相关性不足
8076,UCVvFfhram5sFFDE2Aj1xLJg,Michael Branley,https://www.youtube.com/channel/UCVvFfhram5sFFDE2Aj1xLJg,0,badcase,无标签且无相关内容证据
8077,UCQurjfXcu5vEOz6Yg3dhElA,Tim Urban,https://www.youtube.com/channel/UCQurjfXcu5vEOz6Yg3dhElA,0,badcase,音乐生活向，和割草机推广无关
8082,UC8HRRKurb7ZKy2zUXHV5jKA,DumarsFPS,https://www.youtube.com/channel/UC8HRRKurb7ZKy2zUXHV5jKA,-15,badcase,纯游戏频道，受众完全不匹配
8083,UCl37FaZPgF0QLx8C-gg5kzg,Soothing Spaces,https://www.youtube.com/channel/UCl37FaZPgF0QLx8C-gg5kzg,0,badcase,无标签证据，缺少相关性支撑
8084,UCJDYhSeezAsnMYv3w0QrxyA,The Crew in ky,https://www.youtube.com/channel/UCJDYhSeezAsnMYv3w0QrxyA,-15,badcase,游戏加宠物短视频主导，不适合推广
8086,UCwdYg43vLuYlkDHWVchhnxQ,Penco Power Products,https://www.youtube.com/channel/UCwdYg43vLuYlkDHWVchhnxQ,0,badcase,无标签证据，关键词相关性不足
8088,UCOoNc7Q2oDHxgK1DLyMon1A,Dillon Street Boys,https://www.youtube.com/channel/UCOoNc7Q2oDHxgK1DLyMon1A,0,badcase,无标签证据
8089,UC8uc4kA4sEcr3iEjENR5G-Q,Team Donovan,https://www.youtube.com/channel/UC8uc4kA4sEcr3iEjENR5G-Q,0,badcase,无标签证据
8090,UCMTeJ23CJToXFML2t8W_8sQ,WELD MASTER,https://www.youtube.com/channel/UCMTeJ23CJToXFML2t8W_8sQ,0,badcase,无标签证据
8091,UCKab-JTxpt5e2T_w9YPhDFw,Beyond the Badge – Correctional Officer  Awareness,https://www.youtube.com/channel/UCKab-JTxpt5e2T_w9YPhDFw,-5,badcase,监狱喜剧向，与产品推广受众不符
8092,UC__n75xenxCfxQmPPipMmuA,Alma & Lowell's blog,https://www.youtube.com/channel/UC__n75xenxCfxQmPPipMmuA,0,badcase,无标签证据
8093,UCPgXhd019oOk_1t1XBvhvJQ,WalStreet,https://www.youtube.com/channel/UCPgXhd019oOk_1t1XBvhvJQ,-10,badcase,短片恐怖频道，明显不匹配
8095,UCPS70N8TjDVAIRHf1i_FV8A,Craftivox,https://www.youtube.com/channel/UCPS70N8TjDVAIRHf1i_FV8A,0,badcase,无标签证据
8097,UCuhs-9rT0CLaGbndbtUarUA,highlandoutboards,https://www.youtube.com/channel/UCuhs-9rT0CLaGbndbtUarUA,0,badcase,船外机方向，和割草机不相关
8098,UC9bp7lr1MuxrIOXUGpf1-AQ,Our Recipe Tree,https://www.youtube.com/channel/UC9bp7lr1MuxrIOXUGpf1-AQ,0,badcase,烹饪频道，与割草机推广无关
8099,UCiBpvluO3YSiTYMOEL_2OvQ,Ride On Lab,https://www.youtube.com/channel/UCiBpvluO3YSiTYMOEL_2OvQ,0,badcase,名称含糊，缺少可验证相关标签
8101,UCUlotXJ2Xrd4AnyVAu-__iA,RT TV MARLON SHILLINGFORD,https://www.youtube.com/channel/UCUlotXJ2Xrd4AnyVAu-__iA,0,badcase,标签偏装修/生活，缺少 lawn mower 相关场景
8102,UCSj_fYsQdxT0O_6fvl8qkTg,Craig FromTheLand,https://www.youtube.com/channel/UCSj_fYsQdxT0O_6fvl8qkTg,0,badcase,体育频道，和 lawn mower 促销无关
8103,UCcFeBuSUjUObV3AcCkNkK0w,Herman MotorSports,https://www.youtube.com/channel/UCcFeBuSUjUObV3AcCkNkK0w,0,badcase,汽车维修向，缺少草坪/园艺/割草机场景
8104,UCpzlxyhKZnu_Y08iOUvDdoA,Liam and Dawa,https://www.youtube.com/channel/UCpzlxyhKZnu_Y08iOUvDdoA,0,badcase,无标签，无法支持 lawn mower 推广判断
8105,UC-MUG_mlvL_V3vhhamlURjQ,@apinepal,https://www.youtube.com/channel/UC-MUG_mlvL_V3vhhamlURjQ,0,badcase,旅行号为主，农业仅弱相关，不足以推广 lawn mower
8106,UCd-ZVjSTPDsvMiipdn5vPRQ,Ben Crandall,https://www.youtube.com/channel/UCd-ZVjSTPDsvMiipdn5vPRQ,0,badcase,无标签信息，缺少相关性证据
8107,UCiImoQmSr7RHfazFHPE2DwA,DIY OneForAll,https://www.youtube.com/channel/UCiImoQmSr7RHfazFHPE2DwA,0,badcase,无标签信息，缺少 lawn mower 相关信号
8108,UC7B7CijcM5dBKfR5rFlDbyQ,viropop,https://www.youtube.com/channel/UC7B7CijcM5dBKfR5rFlDbyQ,0,badcase,无标签信息，无法判断为相关创作者
8109,UCmX43omD8elMKyBlvYR6Mgg,JD tools,https://www.youtube.com/channel/UCmX43omD8elMKyBlvYR6Mgg,0,badcase,无标签信息，缺少推广匹配依据
8110,UC6MAyRVXFWiXJfFNsgyc-xQ,unkstur,https://www.youtube.com/channel/UC6MAyRVXFWiXJfFNsgyc-xQ,0,badcase,无标签信息，缺少 lawn mower 相关性
8111,UCA19Gm-OycHAX85T5wqAF9w,Flatcar Rider,https://www.youtube.com/channel/UCA19Gm-OycHAX85T5wqAF9w,0,badcase,无标签信息，无法支撑相关推广
8112,UCzdZZJmSqlraqAHZT8SMlBQ,Boosted Kev,https://www.youtube.com/channel/UCzdZZJmSqlraqAHZT8SMlBQ,0,badcase,汽车改装向，只有泛化 DIY，和 lawn mower 不够近
8113,UCdAv1SvxKfVPHJ4NDO_CdFw,Back Nine Estate and Wedding Venue,https://www.youtube.com/channel/UCdAv1SvxKfVPHJ4NDO_CdFw,0,badcase,无标签信息，且婚礼场景不相关
8114,UCY6qXeeCIzSV4EmIqgaHQYg,crazyjdkid,https://www.youtube.com/channel/UCY6qXeeCIzSV4EmIqgaHQYg,0,badcase,偏车辆内容，只有泛工具标签，不适合 lawn mower 促销
8115,UCwPRc8h1en-M46IiDfovs0w,Dave Medicus,https://www.youtube.com/channel/UCwPRc8h1en-M46IiDfovs0w,0,badcase,泛维修标签，不足以支撑割草机推广
8116,UCsKFi6NctKO2vFH9oIhyK3g,The Discover Project,https://www.youtube.com/channel/UCsKFi6NctKO2vFH9oIhyK3g,0,badcase,本地生活为主，与 lawn mower 购买场景不匹配
8119,UCN6bep8dhKQzJSfVub-7T_A,Scotch Tape,https://www.youtube.com/channel/UCN6bep8dhKQzJSfVub-7T_A,0,badcase,无标签信息，无法判断为 lawn mower 相关
8121,UC6JhyXt_ZHVTAI9sD5aqsww,Ggrave,https://www.youtube.com/channel/UC6JhyXt_ZHVTAI9sD5aqsww,0,badcase,无标签信息，相关性不足
8122,UCvy6WGkU1vaZOil6kWNlmVw,KC Lawns,https://www.youtube.com/channel/UCvy6WGkU1vaZOil6kWNlmVw,0,badcase,无标签信息，缺少 lawn 相关内容
8123,UCMqHT0ElcQLZt5UPbIZf9TQ,Cute Pets,https://www.youtube.com/channel/UCMqHT0ElcQLZt5UPbIZf9TQ,0,badcase,宠物救助为主，与 lawn mower 促销无关
8124,UCI9ooOaM2iY2nMPFUKnbwXA,Coach,https://www.youtube.com/channel/UCI9ooOaM2iY2nMPFUKnbwXA,0,badcase,体育/宠物混合号，缺少割草机购买意图
8125,UC6AD0cM9vAGyXt0SwsQ-M7Q,DirtyNachoSauce,https://www.youtube.com/channel/UC6AD0cM9vAGyXt0SwsQ-M7Q,0,badcase,偏摩托/车辆娱乐，不是割草机推广场景
8126,UCOspJRNtGHlkKkSpUSchN0Q,LC Family,https://www.youtube.com/channel/UCOspJRNtGHlkKkSpUSchN0Q,0,badcase,家庭/婴儿向，缺少草坪机相关受众
8127,UCsURM_55BthLGvw2Hbnc-fQ,My Normal Life?,https://www.youtube.com/channel/UCsURM_55BthLGvw2Hbnc-fQ,0,badcase,无标签无内容证据，无法判断相关性
8129,UCNPqQ6owgF-2v_4TQ-j2NWA,Old Timer Outdoors,https://www.youtube.com/channel/UCNPqQ6owgF-2v_4TQ-j2NWA,0,badcase,狩猎户外为主，与草坪机推广不匹配
8130,UCOuLCBH7x-SdkBZ_EILfQRA,WF Video Productions - Worthless Films,https://www.youtube.com/channel/UCOuLCBH7x-SdkBZ_EILfQRA,0,badcase,婚礼/生活向影视频道，工具推广相关性低
8134,UCZCDAHzWx6-rgF3LtOiVV9g,Danny Sigelman,https://www.youtube.com/channel/UCZCDAHzWx6-rgF3LtOiVV9g,0,badcase,音乐娱乐向，和草坪机推广不相关
8135,UCZJAR7rWrekz9D8lD4EcEhw,The Traveling Floridian,https://www.youtube.com/channel/UCZJAR7rWrekz9D8lD4EcEhw,0,badcase,航空内容，与草坪机产品场景不符
8138,UCDSBXih-KlfGy12o6cy4qbg,ABA all pro3,https://www.youtube.com/channel/UCDSBXih-KlfGy12o6cy4qbg,0,badcase,无相关标签或内容证据
8139,UC4R4fwDq2k-upLbqmidk9Ag,Time Carver,https://www.youtube.com/channel/UC4R4fwDq2k-upLbqmidk9Ag,0,badcase,无相关标签或内容证据
8140,UCLr4SxYo1uMdo_XyQpbB-xg,Gary Swann,https://www.youtube.com/channel/UCLr4SxYo1uMdo_XyQpbB-xg,-15,badcase,娱乐睡眠向，和产品推广目标冲突
8142,UC_nxuM6F9PGZuUXa_i6Qcig,HB274TV,https://www.youtube.com/channel/UC_nxuM6F9PGZuUXa_i6Qcig,0,badcase,无相关标签或内容证据
8143,UC9iXu6QpOCYwrN17lYlfJEw,John Taylor,https://www.youtube.com/channel/UC9iXu6QpOCYwrN17lYlfJEw,0,badcase,无相关标签或内容证据
8146,UCPlA-Z-8VyXiByZlndxt7eQ,Leigh Ann,https://www.youtube.com/channel/UCPlA-Z-8VyXiByZlndxt7eQ,0,badcase,生活记录向，缺少草坪机相关受众
8147,UCi97byibkONhRkIfqEsEs7w,Samantha Brents,https://www.youtube.com/channel/UCi97byibkONhRkIfqEsEs7w,0,badcase,亲子萌趣向，与草坪机推广无关
8148,UCWwa1eOEzq_a2tlS5mauH9Q,Cat's Hobby Corner,https://www.youtube.com/channel/UCWwa1eOEzq_a2tlS5mauH9Q,0,badcase,无相关标签或内容证据
8150,UCUUkqTadcRjo5tUT5CEL1cQ,Jeksim,https://www.youtube.com/channel/UCUUkqTadcRjo5tUT5CEL1cQ,0,badcase,游戏娱乐向，和草坪机推广不相关
8151,UCXOsUWJO8-swnbBQpFHotUQ,Eddie Macias,https://www.youtube.com/channel/UCXOsUWJO8-swnbBQpFHotUQ,0,badcase,生活宠物Vlog，和割草机推广相关性很弱
8152,UClkxITWpwHxQtYjST91LW-Q,C.A. Stampley,https://www.youtube.com/channel/UClkxITWpwHxQtYjST91LW-Q,-10,badcase,游戏/宗教频道，与割草机推广无关
8153,UCxGVcLLcI_ccRuWsFywxXtw,1Dude,https://www.youtube.com/channel/UCxGVcLLcI_ccRuWsFywxXtw,-15,badcase,娱乐游戏频道，不适合割草机推广
8156,UCLrhcMISjJghN4x6WnYRBSg,Dave Robinson,https://www.youtube.com/channel/UCLrhcMISjJghN4x6WnYRBSg,0,badcase,家居装饰频道，缺少园艺或工具场景
8158,UCu8wsUlp_jHDDfho9QVQuOw,TruTechDad,https://www.youtube.com/channel/UCu8wsUlp_jHDDfho9QVQuOw,0,badcase,科技电子频道，和割草机场景不符
8159,UCPg0nYsiqqcxvu2fl9dKhMQ,Shelby Fortney,https://www.youtube.com/channel/UCPg0nYsiqqcxvu2fl9dKhMQ,1,badcase,家庭生活类，仅有弱场景重合
8160,UCrtrhIt_sZ8yV1VjRJyLnmw,Jerry Davis Productions,https://www.youtube.com/channel/UCrtrhIt_sZ8yV1VjRJyLnmw,0,badcase,无标签且无内容证据，难判断为相关
8161,UC-Rqq8VPcu-u8UpneBvaOmQ,Steve Schmidt,https://www.youtube.com/channel/UC-Rqq8VPcu-u8UpneBvaOmQ,-15,badcase,音乐/音效娱乐频道，和割草机不匹配
8162,UCYT9msx24dWsElYF65aUR2Q,Swisher Brand Products,https://www.youtube.com/channel/UCYT9msx24dWsElYF65aUR2Q,0,badcase,无标签且无产品/园艺证据
8163,UCJk5c-XkJpNfFt6vPziCx5w,Alaska Garage,https://www.youtube.com/channel/UCJk5c-XkJpNfFt6vPziCx5w,-15,badcase,汽车改装频道，和割草机推广不匹配
8164,UCU9-bXh_JKNU0z6VUq4BBaA,STEVE DRUM50,https://www.youtube.com/channel/UCU9-bXh_JKNU0z6VUq4BBaA,-15,badcase,鼓乐音乐频道，不适合割草机推广
8165,UCaQ1BHJa5lGRXYgiS1Q2buQ,JIMNUTZ107,https://www.youtube.com/channel/UCaQ1BHJa5lGRXYgiS1Q2buQ,0,badcase,无标签且无相关内容
8166,UC5qoS5tjiMMWGf-Fzw4odUQ,DrFarmerFil,https://www.youtube.com/channel/UC5qoS5tjiMMWGf-Fzw4odUQ,-15,badcase,游戏频道，和割草机推广无关
8167,UC_UZ-trvssS2amct-gG0BMg,Timzorrr,https://www.youtube.com/channel/UC_UZ-trvssS2amct-gG0BMg,0,badcase,美食/生活频道，缺少园艺工具场景
8168,UCo3cI4IiCH-9ywNPzzPGnrw,Good Times Garage,https://www.youtube.com/channel/UCo3cI4IiCH-9ywNPzzPGnrw,0,badcase,无标签且无相关内容
8169,UCVhQQZmJ6JxJIgeSEqsBzVw,stephengaming94,https://www.youtube.com/channel/UCVhQQZmJ6JxJIgeSEqsBzVw,-15,badcase,游戏模拟器频道，非真实园艺场景
8170,UCSO3DuPjUmXZ-p8ahqLesPQ,Tennessee Sawmill Guy,https://www.youtube.com/channel/UCSO3DuPjUmXZ-p8ahqLesPQ,0,badcase,无标签，仅从名字看疑似木材设备，但无标签证据
8172,UC3RHXHEeeYS7ACzuOEDBPjw,Tuddle,https://www.youtube.com/channel/UC3RHXHEeeYS7ACzuOEDBPjw,0,badcase,播客聊天频道，和割草机推广关联弱
8173,UCRLwRCMcnCEw5WMtNOLWiBA,Christian Cea,https://www.youtube.com/channel/UCRLwRCMcnCEw5WMtNOLWiBA,0,badcase,无标签、无视频信号，缺乏与割草机推广相关性
8174,UCxtHpMnm-4_y4XY-NcgYQhQ,Getting Things Done with Matt,https://www.youtube.com/channel/UCxtHpMnm-4_y4XY-NcgYQhQ,1,badcase,以木工/锯木为主，只有轻微场景相关，不适合推广割草机
8175,UC4FEodKKGIrlSrjj3W7L0lQ,Tug's Garage,https://www.youtube.com/channel/UC4FEodKKGIrlSrjj3W7L0lQ,3,badcase,仅有DIY/家居/工具泛相关，缺少割草机购买或评测意图
8177,UC0pw3t6-cSTXiTu8HiEhwVw,DetectiveTaco,https://www.youtube.com/channel/UC0pw3t6-cSTXiTu8HiEhwVw,0,badcase,无标签和视频证据，缺少与割草机推广相关性
8178,UCVxgIcwCDXBDGzBXAKW6Nhw,Makes Things Running,https://www.youtube.com/channel/UCVxgIcwCDXBDGzBXAKW6Nhw,0,badcase,无标签无内容证据，无法支持割草机推广
8179,UCkHjZ2cqzQ1gE2fYCW0Co9Q,Haggerty Chronicles,https://www.youtube.com/channel/UCkHjZ2cqzQ1gE2fYCW0Co9Q,0,badcase,无标签、无视频相关信号，缺乏园艺/割草机推广相关性
8180,UCPbqudFJQO2K_5_nmzEwrzA,Green Industries,https://www.youtube.com/channel/UCPbqudFJQO2K_5_nmzEwrzA,0,badcase,无标签与视频证据，无法支持割草机推广相关性
8181,UCcxOEYbKYYhMfn-moewxtDQ,Flaming Rayz,https://www.youtube.com/channel/UCcxOEYbKYYhMfn-moewxtDQ,2,badcase,DIY机车改装为主，和割草机推广仅弱泛化相关
8182,UCG_164B4mJB9Vb999qrfPIQ,HL Clean up,https://www.youtube.com/channel/UCG_164B4mJB9Vb999qrfPIQ,0,badcase,无标签和内容证据，缺少割草机推广相关性
8183,UCHqDHFsy5qWOsCj0QHcPjeQ,Cody Majeres,https://www.youtube.com/channel/UCHqDHFsy5qWOsCj0QHcPjeQ,0,badcase,无标签与内容证据，缺少割草机推广相关性
8184,UCa5FbtOmZvP0Z6wR4n7jL8w,Guy Brown,https://www.youtube.com/channel/UCa5FbtOmZvP0Z6wR4n7jL8w,0,badcase,越野改装内容，与割草机推广无关
8185,UCgxvK6nE6_E8wRdd1Z0XGMw,Smack and Jack,https://www.youtube.com/channel/UCgxvK6nE6_E8wRdd1Z0XGMw,0,badcase,无标签、无相关视频，缺乏割草机推广相关性
8186,UCRT3kNVmNVuXttI-HSs73uw,Vinny Mauro,https://www.youtube.com/channel/UCRT3kNVmNVuXttI-HSs73uw,0,badcase,无标签、无相关视频，缺少任何割草机推广相关信号
8187,UCtSvPs5SCwwIf3j1VFmap_g,New American Garden,https://www.youtube.com/channel/UCtSvPs5SCwwIf3j1VFmap_g,0,badcase,无标签和视频证据，无法支持割草机推广相关性
8188,UCgcuR1NqzV8DL6LTJhL5eDA,Giga Tech Lab,https://www.youtube.com/channel/UCgcuR1NqzV8DL6LTJhL5eDA,0,badcase,无标签、无视频匹配，缺乏割草机推广相关信号
8190,UClEV0XTeUq8EZ0mxv4kViRQ,No time to watch,https://www.youtube.com/channel/UClEV0XTeUq8EZ0mxv4kViRQ,-15,badcase,娱乐/恶搞频道，缺少园林工具或购买导向内容
8191,UCvG_WhuB4t5ms8TduRESYww,Angie Harrison,https://www.youtube.com/channel/UCvG_WhuB4t5ms8TduRESYww,0,badcase,频道偏家居乡村生活，缺少割草机/园艺维护相关信号
8192,UCGJy2U2S6LeJfMGHE6KPFOg,princess2pirates,https://www.youtube.com/channel/UCGJy2U2S6LeJfMGHE6KPFOg,-15,badcase,频道是迪士尼旅行娱乐向，与割草机推广场景明显不符
8193,UC5wJjBx8_PhMXyrDiRC_4Zw,Clean Up House Free 96,https://www.youtube.com/channel/UC5wJjBx8_PhMXyrDiRC_4Zw,3,badcase,仅有清洁/翻修类弱相关，缺少园艺或割草场景
8194,UC2kkkZTqC_DrinAK06jNSeQ,Sunshine Acres,https://www.youtube.com/channel/UC2kkkZTqC_DrinAK06jNSeQ,0,badcase,以木工/柴火为主，缺少草坪维护与购机相关信号
8195,UCYfhBhAxYBj_VfWO4A2tmpw,Trending Shorts Video,https://www.youtube.com/channel/UCYfhBhAxYBj_VfWO4A2tmpw,0,badcase,无相关标签或内容，缺少园艺/工具推广信号
8196,UC8jFmanc0Hn1Atd1gFXYa4A,MightyRaze,https://www.youtube.com/channel/UC8jFmanc0Hn1Atd1gFXYa4A,0,badcase,无标签、无相关视频证据，难判断为割草机推广创作者
8197,UCXZwulxyTLuMNn0YL6aRlNg,Shannon Skawinski,https://www.youtube.com/channel/UCXZwulxyTLuMNn0YL6aRlNg,0,badcase,无标签无内容信号，无法支持割草机推广
8198,UCMPv_QVlqGX_hNuu4fxralQ,Pierre Seawood,https://www.youtube.com/channel/UCMPv_QVlqGX_hNuu4fxralQ,0,badcase,无标签、无内容信号，无法支持草坪割草机推广
8199,UC487R1oYUFu9TYnxCzf40KA,Birdie the Cockatiel Randt,https://www.youtube.com/channel/UC487R1oYUFu9TYnxCzf40KA,-10,badcase,宠物鸟频道，与割草机推广场景明显不符
8200,UCydpY_3a9o-yb_0hidcTMYw,Off-Grid Engineering,https://www.youtube.com/channel/UCydpY_3a9o-yb_0hidcTMYw,0,badcase,无标签和视频证据，无法支持 lawn mower 推广相关性
8201,UC9H-yvFYWhi4vsYOwe-94hg,Joseph K.,https://www.youtube.com/channel/UC9H-yvFYWhi4vsYOwe-94hg,0,badcase,VLOG/旅行/宠物为主，与割草机推广关联弱
8202,UCrS1BVkz5UzHGjh-j19FdEQ,Bojo History,https://www.youtube.com/channel/UCrS1BVkz5UzHGjh-j19FdEQ,0,badcase,缺少标签与内容证据
8204,UCk1clajR6WlBewGf5HYmNeA,Ever Expanding Life,https://www.youtube.com/channel/UCk1clajR6WlBewGf5HYmNeA,1,badcase,仅有泛用how-to标签，缺少割草机购买意图
8205,UCrk9xA9pGvCbf0IMcwkCdJQ,Flymanff,https://www.youtube.com/channel/UCrk9xA9pGvCbf0IMcwkCdJQ,2,badcase,户外/DIY有场景重叠，但缺少工具推广意图
8206,UCgGadyryTVahGSTruiaNboQ,jeans review,https://www.youtube.com/channel/UCgGadyryTVahGSTruiaNboQ,0,badcase,无标签，无相关内容证据
8207,UC9UxKAB3PYc6p-eAkcsNs_A,cannedjam,https://www.youtube.com/channel/UC9UxKAB3PYc6p-eAkcsNs_A,0,badcase,无标签，无相关内容证据
8208,UCTl11St-yKKt2W_sxp37zrA,Scott's Life,https://www.youtube.com/channel/UCTl11St-yKKt2W_sxp37zrA,0,badcase,无标签，无相关内容证据
8209,UCJVFdVSc_CAlvpuqTs0bM6w,Shock Monkey Radio,https://www.youtube.com/channel/UCJVFdVSc_CAlvpuqTs0bM6w,-15,badcase,娱乐/新闻/影评主导，与割草机推广不匹配
8210,UCz9qusAe1wX7u1ywKflhADA,Nived_,https://www.youtube.com/channel/UCz9qusAe1wX7u1ywKflhADA,0,badcase,无标签，无相关内容证据
8211,UCzetHrBADyuEBkrt3__4iCA,jason,https://www.youtube.com/channel/UCzetHrBADyuEBkrt3__4iCA,0,badcase,无标签，无相关内容证据
8212,UCNMHb8CYuzSSsfBRc8Kj8rQ,Kendallville TV,https://www.youtube.com/channel/UCNMHb8CYuzSSsfBRc8Kj8rQ,0,badcase,无标签，无相关内容证据
8213,UCwzN1Ie-1HS_8AzJ8SXnu1w,Fusion G,https://www.youtube.com/channel/UCwzN1Ie-1HS_8AzJ8SXnu1w,-15,badcase,娱乐/游戏导向，和割草机推广明显不符
8214,UCcrlKnxWEkNH213I2fZCG3Q,AeroNautical100,https://www.youtube.com/channel/UCcrlKnxWEkNH213I2fZCG3Q,0,badcase,无标签，无相关内容证据
8215,UCU-BIxVpOM8UxLClxzkSuSQ,Cash Cody,https://www.youtube.com/channel/UCU-BIxVpOM8UxLClxzkSuSQ,-15,badcase,抽奖/直播导向，不适合割草机推广
8216,UCPUPKgG_zR8slF82LZjc_9Q,Logo Lee,https://www.youtube.com/channel/UCPUPKgG_zR8slF82LZjc_9Q,0,badcase,云层/天气标签与割草机无关
8217,UCdcvYDTG3MnEVcdgr_aE_fA,IFixThings,https://www.youtube.com/channel/UCdcvYDTG3MnEVcdgr_aE_fA,0,badcase,偏设备泛用向，但与割草机仍不够直接
8218,UC4slInZk06Em0wsPGXEEgmQ,Melanie Turner,https://www.youtube.com/channel/UC4slInZk06Em0wsPGXEEgmQ,0,badcase,无标签，无相关内容证据
8219,UCxwnC4xH7CYQ-rP-dJqMJ-g,NotWilshire,https://www.youtube.com/channel/UCxwnC4xH7CYQ-rP-dJqMJ-g,0,badcase,无标签，无相关内容证据
8220,UCXI5tN2ZAKgSoXEL4oR3dQA,Outdoor Adventures and Survival,https://www.youtube.com/channel/UCXI5tN2ZAKgSoXEL4oR3dQA,1,badcase,户外生存场景有一点重叠，但缺少园艺意图
8221,UC72R_jaT7w7iGLeV9LZ1yEw,Motortube,https://www.youtube.com/channel/UC72R_jaT7w7iGLeV9LZ1yEw,0,badcase,无标签，无相关内容证据
8222,UCwSx3N0xJJJ7cYVhGii-X1w,I Don't Getcha,https://www.youtube.com/channel/UCwSx3N0xJJJ7cYVhGii-X1w,-15,badcase,二次元娱乐向，和割草机推广无关
8223,UCA29nkD0v2Hle9c1_NUesAg,little c garage,https://www.youtube.com/channel/UCA29nkD0v2Hle9c1_NUesAg,0,badcase,仅名称像车库场景，缺少可用标签证据
8224,UCa-fxmmRo5NlQs_sDlygiUw,Good Trouble Home,https://www.youtube.com/channel/UCa-fxmmRo5NlQs_sDlygiUw,0,badcase,仅名称像家居场景，缺少可用标签证据
8225,UC7qjaGQ3KZU4M6JHmG4oqrA,TITAN FACTORY,https://www.youtube.com/channel/UC7qjaGQ3KZU4M6JHmG4oqrA,0,badcase,无标签，无相关内容证据
8226,UCrvvbu0vzvDlEvsOIEtfbyw,TypicalTony777,https://www.youtube.com/channel/UCrvvbu0vzvDlEvsOIEtfbyw,-10,badcase,游戏频道为主，与割草机推广场景不匹配
8227,UCv25YT_-CQzjX43vS_HIKag,Bl4ke,https://www.youtube.com/channel/UCv25YT_-CQzjX43vS_HIKag,-5,badcase,游戏/恐怖娱乐内容，与割草机受众不合
8228,UC4mOFxKI8mVuVSThjeUzC7A,SmileyKat,https://www.youtube.com/channel/UC4mOFxKI8mVuVSThjeUzC7A,0,badcase,缺少可用标签，暂无相关证据
8229,UCDX_OPf1wWQLg-UEH16zzrg,Richard,https://www.youtube.com/channel/UCDX_OPf1wWQLg-UEH16zzrg,0,badcase,缺少可用标签，暂无相关证据
8230,UCWb7t83rvRh708OY0Jcsddg,Lawn Boyz,https://www.youtube.com/channel/UCWb7t83rvRh708OY0Jcsddg,0,badcase,无标签，虽像园艺频道名，但证据不足
8231,UC7EPnAdsqXHKyxUnyWUjHZA,Discoverium,https://www.youtube.com/channel/UC7EPnAdsqXHKyxUnyWUjHZA,0,badcase,商科/足球类内容，与割草机推广无关
8232,UCc5Yx_7yh_OsHLoMhFZpQ2Q,Duck River Homestead,https://www.youtube.com/channel/UCc5Yx_7yh_OsHLoMhFZpQ2Q,0,badcase,缺少可用标签，暂无相关证据
8233,UC6AOYkNT0pdnOEkEgJCRbWQ,Derek Merrill,https://www.youtube.com/channel/UC6AOYkNT0pdnOEkEgJCRbWQ,0,badcase,缺少可用标签，暂无相关证据
8235,UC1Fpfpu9jKBYJ5qW7uskwbA,Think Morgan Media,https://www.youtube.com/channel/UC1Fpfpu9jKBYJ5qW7uskwbA,5,badcase,有 mower 标签，但主频道偏旅行/音乐/睡眠氛围
8237,UCdKAXjE-VmMx5U9_4F-2V5A,LaughScreen USA,https://www.youtube.com/channel/UCdKAXjE-VmMx5U9_4F-2V5A,0,badcase,缺少可用标签，暂无相关证据
8238,UCI13Aq125oVDqnQkBljdKQA,JoffreyMotors,https://www.youtube.com/channel/UCI13Aq125oVDqnQkBljdKQA,0,badcase,缺少可用标签，暂无相关证据
8240,UC0QjC43KfvYl452IFWONZ4A,Just Mike's Take,https://www.youtube.com/channel/UC0QjC43KfvYl452IFWONZ4A,0,badcase,缺少可用标签，暂无相关证据
8241,UCD8H6j-dccHxzkg9JrU8aNw,KB's Small Engine Repair,https://www.youtube.com/channel/UCD8H6j-dccHxzkg9JrU8aNw,0,badcase,无标签，虽像小型发动机修理频道，但证据不足
8243,UCYqDQq2YiI2cCMo7PQbxruQ,Do It Smart,https://www.youtube.com/channel/UCYqDQq2YiI2cCMo7PQbxruQ,0,badcase,缺少可用标签，暂无相关证据
8244,UCfI4d4EYDE_U7Xvuc6pBYYA,Charleston Pinball Arcade,https://www.youtube.com/channel/UCfI4d4EYDE_U7Xvuc6pBYYA,0,badcase,怀旧商场/游乐内容，与割草机无关
8245,UCHDn69NmgZC4w4dbq2i4wLQ,Tanner’s Journey,https://www.youtube.com/channel/UCHDn69NmgZC4w4dbq2i4wLQ,0,badcase,励志个人内容，与割草机推广不匹配
8246,UCicy5bprgiX1Xa1o86U87BA,Jason Whitaker- The DIY DAD,https://www.youtube.com/channel/UCicy5bprgiX1Xa1o86U87BA,0,badcase,无标签，虽然像 DIY 爸爸频道，但证据不足
8247,UCTt-7ZApCmtggUPNS4OSkQQ,Devon Meadows,https://www.youtube.com/channel/UCTt-7ZApCmtggUPNS4OSkQQ,0,badcase,缺少可用标签，暂无相关证据
8248,UC23GFsRVRf4TmZlK-UJANGQ,SwampFoxMoto,https://www.youtube.com/channel/UC23GFsRVRf4TmZlK-UJANGQ,0,badcase,摩托相关频道，与割草机推广不相符
8249,UCEQ5nE3wyf8vhb-k2KhBKOg,Jasmine Coppin,https://www.youtube.com/channel/UCEQ5nE3wyf8vhb-k2KhBKOg,0,badcase,缺少可用标签，暂无相关证据
8251,UCuD8NGVQ7IUP-WN7a4mtmRQ,Scott Maas Media,https://www.youtube.com/channel/UCuD8NGVQ7IUP-WN7a4mtmRQ,0,badcase,无标签与内容证据，无法支撑割草机推广
8253,UCLkCs6em5AYTeHVyYqLvjew,Leviticus45,https://www.youtube.com/channel/UCLkCs6em5AYTeHVyYqLvjew,0,badcase,无任何可用标签或视频证据
8255,UCuiIN20ijHgc5csw_N3Llcg,Team Wild Card Fishing,https://www.youtube.com/channel/UCuiIN20ijHgc5csw_N3Llcg,2,badcase,仅有泛生活/爱好标签，与割草机投放关联过弱
8256,UCzvL3hcB_ZZLXjs5jx8zX2Q,HomeTech,https://www.youtube.com/channel/UCzvL3hcB_ZZLXjs5jx8zX2Q,0,badcase,无标签与视频线索，难以判断相关性
8257,UC_2XOpUDCLkxt1l2yxP0FuQ,DIRTY SOUTH,https://www.youtube.com/channel/UC_2XOpUDCLkxt1l2yxP0FuQ,0,badcase,无标签与内容证据，无法支撑割草机推广
8258,UC5WxZCf2b6f4Ie7XFdKv42A,Modern Products,https://www.youtube.com/channel/UC5WxZCf2b6f4Ie7XFdKv42A,0,badcase,无标签与内容证据，无法支撑割草机推广
8259,UCGPc7pqvVUjiSDeh2mibbJA,Dream Kinetics,https://www.youtube.com/channel/UCGPc7pqvVUjiSDeh2mibbJA,0,badcase,无人机/宠物/娱乐混杂，缺少园艺或家用维护信号
8260,UCyuhCVgFbNflAYvJxlxL-nQ,Moms On The Clock,https://www.youtube.com/channel/UCyuhCVgFbNflAYvJxlxL-nQ,0,badcase,健身家庭号，缺少草坪/园艺场景
8261,UCTmNaGUMCNI2n0fOMc198Pw,Next Gen Equipment LLC,https://www.youtube.com/channel/UCTmNaGUMCNI2n0fOMc198Pw,0,badcase,无标签与内容证据，无法支撑割草机推广
8262,UCiAynrBA28XlxJ1XKIjH-Dw,Pete Deichmann,https://www.youtube.com/channel/UCiAynrBA28XlxJ1XKIjH-Dw,0,badcase,无标签与内容证据，无法支撑割草机推广
8264,UCPqcNy58EjfmuP_waUknRSw,Artisan Loop,https://www.youtube.com/channel/UCPqcNy58EjfmuP_waUknRSw,0,badcase,无标签与内容证据，无法支撑割草机推广
8265,UCFot3H_9jlCpq1aVowHzeDQ,Daniel Perez,https://www.youtube.com/channel/UCFot3H_9jlCpq1aVowHzeDQ,0,badcase,无标签与内容证据，无法支撑割草机推广
8267,UCV5RlkN9ENhGtS4cMOexA4A,Colle McVoy,https://www.youtube.com/channel/UCV5RlkN9ENhGtS4cMOexA4A,0,badcase,无标签与内容证据，无法支撑割草机推广
8268,UCbGTG5myWX2htd6nWrSEWLg,DizzleMonster,https://www.youtube.com/channel/UCbGTG5myWX2htd6nWrSEWLg,0,badcase,无标签与内容证据，无法支撑割草机推广
8269,UCsYqnchg-sgpBhuhQjZewsg,MulkeyFilms,https://www.youtube.com/channel/UCsYqnchg-sgpBhuhQjZewsg,1,badcase,仅有泛生活标签，相关性不足
8270,UCSBuwNBCTErK0GMSItmQPew,JJPE,https://www.youtube.com/channel/UCSBuwNBCTErK0GMSItmQPew,-15,badcase,游戏/玩偶内容主导，与割草机投放明显不匹配
8271,UCcJC2F5P9iEb9pltfFPC_Jg,Hands on High-Tech,https://www.youtube.com/channel/UCcJC2F5P9iEb9pltfFPC_Jg,0,badcase,无标签与内容证据，无法支撑割草机推广
8272,UCruTMAU_MDlqOZQalhvOtpw,DJRockinRob,https://www.youtube.com/channel/UCruTMAU_MDlqOZQalhvOtpw,0,badcase,无标签与内容证据，无法支撑割草机推广
8273,UCVEyL_j2e-HwrbVU-euYE2Q,DeVante Chisolm,https://www.youtube.com/channel/UCVEyL_j2e-HwrbVU-euYE2Q,-15,badcase,游戏主内容，属于明显排斥场景
8274,UC2WVJvox4wlZ9Pysh3UWyYQ,Arctos Bucheort,https://www.youtube.com/channel/UC2WVJvox4wlZ9Pysh3UWyYQ,0,badcase,非相关生活类频道，缺少家用园艺受众
8275,UC0LZl5Z4hPoLV4fwK25YPyQ,Travis Austin,https://www.youtube.com/channel/UC0LZl5Z4hPoLV4fwK25YPyQ,0,badcase,无标签与内容证据，无法支撑割草机推广
8276,UCvuYVaQ1b8jfkvvUeTAwr7Q,Corner for Reviews,https://www.youtube.com/channel/UCvuYVaQ1b8jfkvvUeTAwr7Q,0,badcase,无标签与标题证据，和割草机推广无关
8277,UCXGvlTsi4fQjbmYYcVuAt8g,Clean Up HB,https://www.youtube.com/channel/UCXGvlTsi4fQjbmYYcVuAt8g,0,badcase,无标签与标题证据，和割草机推广无关
8278,UC85U4kl3gQ8FvPtmrKENepQ,Calling Whalen,https://www.youtube.com/channel/UC85U4kl3gQ8FvPtmrKENepQ,0,badcase,无标签与标题证据，和割草机推广无关
8279,UCLNGQYtDIJj7gx6IotFDFkA,Surviving Dad Life,https://www.youtube.com/channel/UCLNGQYtDIJj7gx6IotFDFkA,0,badcase,偏生活娱乐，缺少草坪/园艺/机具相关证据
8280,UCkObVV8kdw33paiZjqxjmYg,E-Rigging.com,https://www.youtube.com/channel/UCkObVV8kdw33paiZjqxjmYg,0,badcase,工业吊装/索具频道，和割草机推广无关
8281,UCECMIoEk7n8G_XlsqNK-BRA,Experimental Lawn,https://www.youtube.com/channel/UCECMIoEk7n8G_XlsqNK-BRA,0,badcase,仅频道名含 Lawn，缺少可用标签或内容证据
8282,UCMlsvaga6iGqE9mrKteVcKA,Nature Spirit,https://www.youtube.com/channel/UCMlsvaga6iGqE9mrKteVcKA,-15,badcase,ASMR/助眠型频道，和割草机推广格式强不匹配
8283,UCOD_Wt7UlDl1cvycVbTxjlA,dirtmister16,https://www.youtube.com/channel/UCOD_Wt7UlDl1cvycVbTxjlA,0,badcase,无标签与标题证据，和割草机推广无关
8285,UCoTMDdCaO90JNb9pqR8KVvg,YTech Play,https://www.youtube.com/channel/UCoTMDdCaO90JNb9pqR8KVvg,0,badcase,技术宗教混合频道，缺少草坪机推广相关性
8287,UCImB9S0JFWMcICrRjdTxVeQ,Art397R,https://www.youtube.com/channel/UCImB9S0JFWMcICrRjdTxVeQ,0,badcase,以越野摩托为主，和割草机推广无关
8288,UCQlMrIuxiResn9ruQXxt_vQ,dufilho triplets,https://www.youtube.com/channel/UCQlMrIuxiResn9ruQXxt_vQ,0,badcase,火车/摄影为主，和割草机推广无关
8290,UCEZdjRlzN0OUrRW8341WXrg,Raymore Repair,https://www.youtube.com/channel/UCEZdjRlzN0OUrRW8341WXrg,0,badcase,仅有维修频道名，缺少割草机相关证据
8291,UC8mYk78CR__EnMk_A8haYFg,(Beta) KingMCA,https://www.youtube.com/channel/UC8mYk78CR__EnMk_A8haYFg,-15,badcase,游戏娱乐频道，几乎不适合割草机产品推广
8292,UCwOTAktfkD-1X10GQBumf9Q,Joe,https://www.youtube.com/channel/UCwOTAktfkD-1X10GQBumf9Q,0,badcase,赛车/汽车内容为主，和割草机推广无关
8293,UCWL8_Fu6Yxup4v9ultMnazQ,Andrea's Life,https://www.youtube.com/channel/UCWL8_Fu6Yxup4v9ultMnazQ,0,badcase,生活 vlog 为主，缺少割草机推广场景
8294,UCMqxxcCtj5pxiN5eUKwrvNg,Portable Sound Lab,https://www.youtube.com/channel/UCMqxxcCtj5pxiN5eUKwrvNg,0,badcase,音频硬件频道，不是割草机推广的合适对象
8295,UCu3EpSd6zKSO-Lt4yrK1AQQ,Scott in Real Life,https://www.youtube.com/channel/UCu3EpSd6zKSO-Lt4yrK1AQQ,0,badcase,无标签与标题证据，和割草机推广无关
8296,UCqK3ijKtyG0sTs5lE4HxlhA,tad Dixey,https://www.youtube.com/channel/UCqK3ijKtyG0sTs5lE4HxlhA,0,badcase,无标签与标题证据，和割草机推广无关
8298,UC0iBahoBo1f16aKBA26Plig,Whiskey Dirt Road,https://www.youtube.com/channel/UC0iBahoBo1f16aKBA26Plig,-15,badcase,音乐娱乐频道，和割草机这种实体产品不匹配
8299,UC3pXynee17IAN_epZSxm4sw,WildCardMMA,https://www.youtube.com/channel/UC3pXynee17IAN_epZSxm4sw,0,badcase,无标签与标题证据，和割草机推广无关
8300,UCtWo9I0UKcVN3q4KJB3_8fQ,Sus,https://www.youtube.com/channel/UCtWo9I0UKcVN3q4KJB3_8fQ,0,badcase,无标签与标题证据，和割草机推广无关
8301,UCkgOmsmM-P0lykvnDr37Rhw,Shav-tech,https://www.youtube.com/channel/UCkgOmsmM-P0lykvnDr37Rhw,0,badcase,无标签无内容信号，匹配度很低
8302,UCLFv8Anos8MAWE23FKGfv_w,higbort,https://www.youtube.com/channel/UCLFv8Anos8MAWE23FKGfv_w,-15,badcase,游戏娱乐内容主导，与割草机推广场景不符
8303,UCwZwEdFe1MfWw_EoXivyWUQ,TacoPotatoMustaNg,https://www.youtube.com/channel/UCwZwEdFe1MfWw_EoXivyWUQ,0,badcase,汽车改装内容为主，与割草机受众不匹配
8304,UCY8sUFbxEQYkkYBhlXNG7lA,Justin Porter,https://www.youtube.com/channel/UCY8sUFbxEQYkkYBhlXNG7lA,0,badcase,个人生活类内容，缺少庭院设备相关信号
8305,UCnDJ2RRyR81AB_Qqj4hDFeA,Cisneros Chris,https://www.youtube.com/channel/UCnDJ2RRyR81AB_Qqj4hDFeA,0,badcase,卡车/汽车内容为主，和割草机推广场景偏离
8306,UCSvOmjl4wkMx4O1aMwkqTWQ,Huberto Villarreal,https://www.youtube.com/channel/UCSvOmjl4wkMx4O1aMwkqTWQ,0,badcase,无标签无内容信号，无法判断相关性
8307,UCrCP4jnKLIkfpY6vOQ-fF0g,Fueled Iowa,https://www.youtube.com/channel/UCrCP4jnKLIkfpY6vOQ-fF0g,0,badcase,EDC刀具内容为主，和割草机推广关联很弱
8308,UCxp03gQQAkwUifq0Jjfayng,Trusted Tech 2.0,https://www.youtube.com/channel/UCxp03gQQAkwUifq0Jjfayng,0,badcase,科技手机频道，缺少户外园艺设备相关性
8309,UCIl0WXs-slgS3N4LJJRMJpA,Central Illinois Frontier,https://www.youtube.com/channel/UCIl0WXs-slgS3N4LJJRMJpA,0,badcase,无标签无内容信号，无法支撑相关判断
8310,UC-GOj0Ml2G0bY3a4O5tHlVw,Matthew Pate,https://www.youtube.com/channel/UC-GOj0Ml2G0bY3a4O5tHlVw,0,badcase,偏相机和乐器科技内容，不适合割草机推广
8312,UCb5PlYiCd9CNdwsNJIBWf1Q,kev996,https://www.youtube.com/channel/UCb5PlYiCd9CNdwsNJIBWf1Q,0,badcase,内容偏天气/告警和游戏，和割草机无关
8313,UCILrIlYcZdRzKlK8mkaPg2g,People of Alabama,https://www.youtube.com/channel/UCILrIlYcZdRzKlK8mkaPg2g,0,badcase,无标签无内容信号，匹配依据不足
8314,UC7EoenQn-if3nn0NRcK6Jcw,DIYTito,https://www.youtube.com/channel/UC7EoenQn-if3nn0NRcK6Jcw,0,badcase,无标签无内容信号，无法建立相关性
8316,UC2vcQNdoHcs8RWQ8EBKo__w,Hazardous Cinemas,https://www.youtube.com/channel/UC2vcQNdoHcs8RWQ8EBKo__w,-15,badcase,娱乐游戏内容占主导，与割草机推广不符
8317,UCSfEhn_zVWmZ9KLzxccA1-w,Trigon,https://www.youtube.com/channel/UCSfEhn_zVWmZ9KLzxccA1-w,0,badcase,无标签无内容信号，相关性不足
8318,UCJ6P_pXK0-SFmri4MumceHQ,jimmitsu,https://www.youtube.com/channel/UCJ6P_pXK0-SFmri4MumceHQ,-15,badcase,动画娱乐为主，和割草机推广场景冲突
8319,UCi09ofU7e7xwHk4ljuwEskw,imowurlawnz,https://www.youtube.com/channel/UCi09ofU7e7xwHk4ljuwEskw,-15,badcase,游戏内容主导，和割草机受众明显不符
8320,UCNwBe7dEAZz3XKKNT1C1XgA,Chilly Moose,https://www.youtube.com/channel/UCNwBe7dEAZz3XKKNT1C1XgA,0,badcase,无标签无内容信号，缺少判断依据
8321,UCLz3rx3bv58tTY5f0Xv7MPQ,The Zephyr Hillbilly,https://www.youtube.com/channel/UCLz3rx3bv58tTY5f0Xv7MPQ,0,badcase,乡村人设不足以支撑割草机推广相关性
8322,UC8PLLfHS5MsNIXGh4ukJVbg,Jenni's Watching,https://www.youtube.com/channel/UC8PLLfHS5MsNIXGh4ukJVbg,0,badcase,无标签无内容信号，相关性无法成立
8323,UCATEsv0AmzAKaS-RoIYJquw,Joey McCullough,https://www.youtube.com/channel/UCATEsv0AmzAKaS-RoIYJquw,0,badcase,摩托车内容为主，不是割草机推广受众
8325,UCwZHzrYeOdvJG2fBtLEglWA,JRL Local,https://www.youtube.com/channel/UCwZHzrYeOdvJG2fBtLEglWA,0,badcase,无标签无内容信号，无法支撑相关判断
8326,UC4HIOTUGd1IlTMaxwPitc4w,skylarzyx's old account,https://www.youtube.com/channel/UC4HIOTUGd1IlTMaxwPitc4w,-15,badcase,游戏娱乐频道，和割草机推广场景不符
8327,UCeB1bRxpE3dAI7Sk00YsjUQ,Zodi Art,https://www.youtube.com/channel/UCeB1bRxpE3dAI7Sk00YsjUQ,0,badcase,无标签，无相关内容依据
8330,UCZLznmbRzSg78rR0RtOHZVw,TheAlexManVideos,https://www.youtube.com/channel/UCZLznmbRzSg78rR0RtOHZVw,1,badcase,仅有vehicle弱相关，整体仍偏泛
8331,UCZkySPZVKmg9r7UDxJbEA-g,Real Estate Luke,https://www.youtube.com/channel/UCZkySPZVKmg9r7UDxJbEA-g,1,badcase,仅有DIY弱相关，且核心是房产/搞笑
8332,UCfo5MWBMG5vwonbFjkbgCyA,Kartoon Reviews,https://www.youtube.com/channel/UCfo5MWBMG5vwonbFjkbgCyA,0,badcase,电子评测为主，和割草机品类不匹配
8333,UC8goMeRC8s_ZEZrY1fq7UTg,Sonyabeonit,https://www.youtube.com/channel/UC8goMeRC8s_ZEZrY1fq7UTg,-12,badcase,ASMR/娱乐占主导，和实体割草机推广错配
8334,UC7wMWt8n1Z9MpbDu9iRu39w,The Amazon Guru,https://www.youtube.com/channel/UC7wMWt8n1Z9MpbDu9iRu39w,0,badcase,无标签，无相关内容依据
8336,UCw6Hp_sG007Go_xNdkbuCKA,Torque To: Elbow Click,https://www.youtube.com/channel/UCw6Hp_sG007Go_xNdkbuCKA,3,badcase,偏车辆维修内容，和割草机只有泛词重叠
8337,UCq8aWoahhxVqyFKvE4KgADQ,Vic’s Venerated Vlogs,https://www.youtube.com/channel/UCq8aWoahhxVqyFKvE4KgADQ,0,badcase,无标签，无相关内容依据
8338,UC2789I9hK9yFHMHhVEb2zxQ,Adrianne Gutman,https://www.youtube.com/channel/UC2789I9hK9yFHMHhVEb2zxQ,4,badcase,偏车/摩托与游戏混杂，不是割草机受众
8339,UC1pSHIByjjOtLlUQnTJMTuw,JoseLuis R,https://www.youtube.com/channel/UC1pSHIByjjOtLlUQnTJMTuw,0,badcase,无标签，无相关内容依据
8340,UCoI61ltnosFeHrMX8gRRefQ,3DK_PRINTZ,https://www.youtube.com/channel/UCoI61ltnosFeHrMX8gRRefQ,3,badcase,3D打印/RC为主，和割草机推广关联弱
8341,UCRIuILK_-KLiaWqNMK2b8og,Advance Tool Tech,https://www.youtube.com/channel/UCRIuILK_-KLiaWqNMK2b8og,0,badcase,修补防水内容，和割草机品类不相关
8342,UC5MUVEyhEoIWr29iGaT7XWQ,Daniel Powell,https://www.youtube.com/channel/UC5MUVEyhEoIWr29iGaT7XWQ,0,badcase,宗教频道，和割草机推广无关
8344,UCuhVsaITVOaxsC0aVzmK3mw,TheHowToChannel,https://www.youtube.com/channel/UCuhVsaITVOaxsC0aVzmK3mw,0,badcase,无标签，无相关内容依据
8345,UCkyMJW-ni5_IQDjXwDvbH6A,Modern Tech,https://www.youtube.com/channel/UCkyMJW-ni5_IQDjXwDvbH6A,0,badcase,科技泛频道，缺少割草机相关信号
8346,UCKMQYjjJ6yo2z3U7L7W1AZQ,Often Wrong Paradigm,https://www.youtube.com/channel/UCKMQYjjJ6yo2z3U7L7W1AZQ,4,badcase,有安装/维修泛词，但频道偏车型配件
8347,UCW2glx12mzXzoYVeNdYqo8Q,DiverseDad,https://www.youtube.com/channel/UCW2glx12mzXzoYVeNdYqo8Q,2,badcase,泛生活车辆频道，和割草机仅弱重叠
8348,UC7BpIhuaq2b4SVbjvDLTsxw,ConstantAuctions,https://www.youtube.com/channel/UC7BpIhuaq2b4SVbjvDLTsxw,0,badcase,电商卖货频道，和割草机垂类不匹配
8349,UC7Ccjqa0alIVy5a9D2WIhoA,Bearded_Servant Builds n Travels,https://www.youtube.com/channel/UC7Ccjqa0alIVy5a9D2WIhoA,3,badcase,露营旅行内容为主，和割草机推广不强相关
8350,UC-t_L75vqqPL24AFDN8oOGw,RandomTech,https://www.youtube.com/channel/UC-t_L75vqqPL24AFDN8oOGw,0,badcase,无标签，无相关内容依据
8351,UC87FTAG1DQWo61Jcu1DVxtQ,YourFlavourShow,https://www.youtube.com/channel/UC87FTAG1DQWo61Jcu1DVxtQ,0,badcase,无标签和视频内容信号，无法支持割草机推广
8352,UCtVfUAmLAbGe-_od5fvpH1g,Awayion,https://www.youtube.com/channel/UCtVfUAmLAbGe-_od5fvpH1g,0,badcase,无标签和视频内容信号，无法支持割草机推广
8354,UCgIg3sp_R-JDxr0em_iwPNA,Marzita B. Amazon Addict,https://www.youtube.com/channel/UCgIg3sp_R-JDxr0em_iwPNA,0,badcase,无标签和视频内容信号，无法支持割草机推广
8356,UCLTdXRrND9iiv1MKnzdQLEQ,Top Curious Craze,https://www.youtube.com/channel/UCLTdXRrND9iiv1MKnzdQLEQ,-15,badcase,摔角娱乐为主，与割草机推广场景明显不符
8357,UCGaOOU_1weHDhTdm-xcryhg,BowsNThingz,https://www.youtube.com/channel/UCGaOOU_1weHDhTdm-xcryhg,0,badcase,以转卖/开箱为主，缺少草坪机或园艺购买语境
8358,UCZFLRuOE_LnS1ARZJohO_8Q,Suburban Living,https://www.youtube.com/channel/UCZFLRuOE_LnS1ARZJohO_8Q,0,badcase,无标签和视频内容信号，无法支持割草机推广
8359,UC4fUg8sw-axotCVMer-l80A,AGNESSA VLOG,https://www.youtube.com/channel/UC4fUg8sw-axotCVMer-l80A,0,badcase,家庭旅行娱乐向，缺少草坪维护或工具内容
8361,UCuSmtHtLnpsMkxdHLs1RCyw,Henry Czerwonka,https://www.youtube.com/channel/UCuSmtHtLnpsMkxdHLs1RCyw,0,badcase,无标签和视频内容信号，无法支持割草机推广
8362,UCkaqXjDFgXcNTGOty77iRCg,Roam The World,https://www.youtube.com/channel/UCkaqXjDFgXcNTGOty77iRCg,0,badcase,无标签和视频内容信号，无法支持割草机推广
8363,UCzdTszcXKaN3E3hXVdHVubA,PeT Ya,https://www.youtube.com/channel/UCzdTszcXKaN3E3hXVdHVubA,0,badcase,焊接与车辆为主，和割草机购买场景偏离
8365,UCU-rvgNcE1sCwd_gnlHmhug,Ty Johnson,https://www.youtube.com/channel/UCU-rvgNcE1sCwd_gnlHmhug,-15,badcase,音乐喜剧和枪械话题为主，不适合割草机推广
8366,UCPmBhhdBqxhXldH-W9ZQmYQ,SlashStreams Network,https://www.youtube.com/channel/UCPmBhhdBqxhXldH-W9ZQmYQ,0,badcase,无标签和视频内容信号，无法支持割草机推广
8368,UCHF88uX_vv1QB5VkIaUmNFw,AweIdeas,https://www.youtube.com/channel/UCHF88uX_vv1QB5VkIaUmNFw,-10,badcase,状态/自然音频类内容，属于格式错配
8369,UC2yYEWN2iRuQA0TYPoVsrBQ,Hanging Out With Mike,https://www.youtube.com/channel/UC2yYEWN2iRuQA0TYPoVsrBQ,0,badcase,旅行迪士尼内容与草坪机购买场景无关
8370,UCXwC0e0ktk-2lghq2xp9B5w,Rachel Yurkovich,https://www.youtube.com/channel/UCXwC0e0ktk-2lghq2xp9B5w,0,badcase,艺术/环保装置向，和割草机推广不匹配
8372,UCQPEB-S1aFUXeaKhfjLU0Pg,Review Amazon,https://www.youtube.com/channel/UCQPEB-S1aFUXeaKhfjLU0Pg,0,badcase,无标签和视频内容信号，无法支持割草机推广
8373,UCYetGZOkIg2V3-HILv8DcgA,The Home Dad,https://www.youtube.com/channel/UCYetGZOkIg2V3-HILv8DcgA,0,badcase,无标签和视频内容信号，无法支持割草机推广
8374,UCfgjY76SAhcIP7zvhXnqFcA,Woozy Moose,https://www.youtube.com/channel/UCfgjY76SAhcIP7zvhXnqFcA,0,badcase,娱乐与讽刺内容为主，和割草机推广无关
8375,UC2_8bCyKLeMbXShyCrWcDiw,Sloth,https://www.youtube.com/channel/UC2_8bCyKLeMbXShyCrWcDiw,0,badcase,无标签和视频内容信号，无法支持割草机推广
8376,UC2Dh0IWV3tVSo23YUz7WcxA,KGR DIY,https://www.youtube.com/channel/UC2Dh0IWV3tVSo23YUz7WcxA,0,badcase,缺少标签和内容证据
8378,UCGxbd5RjxqxEY6KBwhU0r-A,CrazyCheesePuf,https://www.youtube.com/channel/UCGxbd5RjxqxEY6KBwhU0r-A,-15,badcase,游戏恐怖内容与割草机推广明显不符
8379,UCJWVt5XWek_Sl4jAyrpBF6g,CatTale,https://www.youtube.com/channel/UCJWVt5XWek_Sl4jAyrpBF6g,0,badcase,缺少标签和内容证据
8381,UCgCaxeNNi0udzpIldtIEpXg,Speedracer38,https://www.youtube.com/channel/UCgCaxeNNi0udzpIldtIEpXg,0,badcase,仅vehicle标签，和割草机关联弱
8382,UCu1lhT96ZNBVR_5oseaw-QA,DustyDingus,https://www.youtube.com/channel/UCu1lhT96ZNBVR_5oseaw-QA,0,badcase,缺少标签和内容证据
8383,UCOti8vp5kSIznALDYtDIHhQ,chicagospots,https://www.youtube.com/channel/UCOti8vp5kSIznALDYtDIHhQ,0,badcase,娱乐/TV内容偏泛，缺少割草机相关信号
8384,UCVfWxCO4amg1SwIs9kmJyyg,Secondhand Farms,https://www.youtube.com/channel/UCVfWxCO4amg1SwIs9kmJyyg,0,badcase,缺少标签和内容证据
8385,UC88Xly6FM2IaPcRhx7WdZng,Petey Brews,https://www.youtube.com/channel/UC88Xly6FM2IaPcRhx7WdZng,0,badcase,缺少标签和内容证据
8386,UC2u9qMDqIEfXyf94ZmxbUFg,Hedgehog’s Homestead,https://www.youtube.com/channel/UC2u9qMDqIEfXyf94ZmxbUFg,-15,badcase,动物搞笑内容与割草机推广不符
8388,UCCHETnLkR2y2RepfCUJnvcg,Touches Everything,https://www.youtube.com/channel/UCCHETnLkR2y2RepfCUJnvcg,0,badcase,缺少标签和内容证据
8389,UCKCsIko1lotgg3weH01mlgw,Fjord Driver,https://www.youtube.com/channel/UCKCsIko1lotgg3weH01mlgw,0,badcase,F150维修偏汽车领域，和割草机关联弱
8390,UCF_xNbdJQoZtIfZKBm1MBVg,Tyler Self,https://www.youtube.com/channel/UCF_xNbdJQoZtIfZKBm1MBVg,0,badcase,缺少标签和内容证据
8391,UCaInt9X53vJWwiGPW6PfxWQ,Steady By the Creek,https://www.youtube.com/channel/UCaInt9X53vJWwiGPW6PfxWQ,0,badcase,缺少标签和内容证据
8393,UCXppM2Wjr4bpcIoCvayr60A,Our Show Our Story,https://www.youtube.com/channel/UCXppM2Wjr4bpcIoCvayr60A,0,badcase,缺少标签和内容证据
8394,UCRhYlsgBMOuguWqnb-WAZYQ,GL Robotics,https://www.youtube.com/channel/UCRhYlsgBMOuguWqnb-WAZYQ,0,badcase,缺少标签和内容证据
8395,UCNV-6oZ6g0YwNc74X1YCebQ,DIY Holic,https://www.youtube.com/channel/UCNV-6oZ6g0YwNc74X1YCebQ,0,badcase,缺少标签和内容证据
8396,UCsRlilczS1tDJl2Gmnw4oyA,Matt Dawson Lawn,https://www.youtube.com/channel/UCsRlilczS1tDJl2Gmnw4oyA,0,badcase,仅名称含 lawn，缺少标签证据
8398,UCWQsJD2AcYJN2inEmcMoQDQ,disgusted alien,https://www.youtube.com/channel/UCWQsJD2AcYJN2inEmcMoQDQ,-10,badcase,ASMR/游戏直播格式不适合割草机推广
8400,UCX1a8wPG_1FPfp40Zd6Oqfw,Mike Miller,https://www.youtube.com/channel/UCX1a8wPG_1FPfp40Zd6Oqfw,0,badcase,缺少标签和内容证据
8401,UCyXnqbBzbTYQhQy8jS-XrYw,Speedy Tempo Racing,https://www.youtube.com/channel/UCyXnqbBzbTYQhQy8jS-XrYw,0,badcase,赛车主题与割草机推广无关
8402,UCSzqBkaZbz15jPEwdHotFCQ,Howard892,https://www.youtube.com/channel/UCSzqBkaZbz15jPEwdHotFCQ,0,badcase,应急车辆/汽车主题偏离割草机购买场景
8403,UCmKnVPawFzV1hJjkYJ39IPA,Thích đồ điện,https://www.youtube.com/channel/UCmKnVPawFzV1hJjkYJ39IPA,0,badcase,仅有电器泛主题，缺少园艺证据
8406,UCow3R0Y_hPLDi8K33Jo2BCw,MrThunderCookie,https://www.youtube.com/channel/UCow3R0Y_hPLDi8K33Jo2BCw,0,badcase,无标签无内容，无法判断相关性
8407,UCHeh0B5Fh3kQKuQ86biVY2w,Fluffer Nutz,https://www.youtube.com/channel/UCHeh0B5Fh3kQKuQ86biVY2w,0,badcase,无标签无内容，无法判断相关性
8410,UCG7UbvNUVnz_XJmiQPuX7uQ,Ready Fire Aim,https://www.youtube.com/channel/UCG7UbvNUVnz_XJmiQPuX7uQ,0,badcase,户外旅行/运动为主，缺少园艺产品语境
8411,UCJtL4rn10jxRgi-Ymga81cA,Jonathan W. Martinez,https://www.youtube.com/channel/UCJtL4rn10jxRgi-Ymga81cA,-10,badcase,游戏内容与割草机推广完全错位
8412,UCyBPqY6jGoQbzHFiQK-4F8w,Tacked Video,https://www.youtube.com/channel/UCyBPqY6jGoQbzHFiQK-4F8w,0,badcase,无标签无内容，无法判断相关性
8414,UCpZTqvrJSaR5bD_GPW0TzLw,Faith Alone Ministries,https://www.youtube.com/channel/UCpZTqvrJSaR5bD_GPW0TzLw,-15,badcase,音乐娱乐向，属于明显错配
8415,UCKL-XGsgn-pt3sIaBheJvxA,sj_lifeadventure,https://www.youtube.com/channel/UCKL-XGsgn-pt3sIaBheJvxA,0,badcase,冒险/游戏/钓鱼混合主题，缺少割草场景
8417,UCCJ2N83kHHXcQgc4XNUiyWQ,Virberello Scooter Tips,https://www.youtube.com/channel/UCCJ2N83kHHXcQgc4XNUiyWQ,0,badcase,踏板车/摩托教程与割草机场景不匹配
8418,UCXXfKks_3QnpecX8nuFyjow,Jacob Wilkinson,https://www.youtube.com/channel/UCXXfKks_3QnpecX8nuFyjow,0,badcase,绳结/救援/攀登主题偏离
8419,UCKaDRQHf0AELJUcsi64WRtg,Draw Their Life,https://www.youtube.com/channel/UCKaDRQHf0AELJUcsi64WRtg,-15,badcase,故事娱乐向，不适合推广割草机
8420,UCEMNNPIFMvuPNzQCqX9hfUA,Chippewa Valley Technical College,https://www.youtube.com/channel/UCEMNNPIFMvuPNzQCqX9hfUA,0,badcase,教育培训为主，缺少割草机语境
8421,UCGlcXVPu0T6TRMO5LwzblGA,TheRealoldcar,https://www.youtube.com/channel/UCGlcXVPu0T6TRMO5LwzblGA,0,badcase,老车内容与割草机推广关联很弱
8422,UCBD0EBmJkLZoPPYTbaKSmxw,magnaviator,https://www.youtube.com/channel/UCBD0EBmJkLZoPPYTbaKSmxw,-15,badcase,游戏向内容与割草机推广完全不在一条线
8423,UC0jPbl3r4rAdmXOVKalCHkw,Mark Alan,https://www.youtube.com/channel/UC0jPbl3r4rAdmXOVKalCHkw,0,badcase,狩猎/热成像主题为主，割草机只是零散词
8424,UCX0ERBYCgFs531H4-LbQOww,3D PC,https://www.youtube.com/channel/UCX0ERBYCgFs531H4-LbQOww,0,badcase,科技/3D打印频道，和割草机推广场景无关
8425,UC746hoxKliBjlPYuZs0gl0g,ByStory,https://www.youtube.com/channel/UC746hoxKliBjlPYuZs0gl0g,-12,badcase,频道偏事故/奇观盘点，缺少割草机评测或购买内容，推广不匹配
8426,UCHk1KGlHmRamat0XbXtjFHg,Shopkeeper's Trove Living,https://www.youtube.com/channel/UCHk1KGlHmRamat0XbXtjFHg,0,badcase,无相关标签与内容证据
8427,UCpi1P3wnJM7KatCn_WLbgVA,Ryan Sanders,https://www.youtube.com/channel/UCpi1P3wnJM7KatCn_WLbgVA,-15,badcase,娱乐音乐向，和割草机推广明显错配
8428,UCyaYnjlGhgk8cx53gQrSWMA,Durham Humor,https://www.youtube.com/channel/UCyaYnjlGhgk8cx53gQrSWMA,-15,badcase,笑话娱乐向，属于明显错配
8429,UCpalUqp8NUCVZCBsCaIiEYA,Arkansas Road Self Storage of West Monroe La .,https://www.youtube.com/channel/UCpalUqp8NUCVZCBsCaIiEYA,0,badcase,无相关标签与内容证据
8430,UCZDmsKeC56kuHdcZ3ZQ_hXA,GPS Tracker Shop,https://www.youtube.com/channel/UCZDmsKeC56kuHdcZ3ZQ_hXA,0,badcase,无相关标签与内容证据
8431,UC0HX3eJZYw4cN54ns7uArAw,UCAC1995,https://www.youtube.com/channel/UC0HX3eJZYw4cN54ns7uArAw,0,badcase,无相关标签与内容证据
8433,UCmc5AOloxP-rCVfhQJRK4PA,orange13,https://www.youtube.com/channel/UCmc5AOloxP-rCVfhQJRK4PA,3,badcase,仅泛生活/车辆标签，相关性弱
8436,UCVKAOiKjVIyAgFZajT8vyHw,michael nervOus 🎧 2nd channel,https://www.youtube.com/channel/UCVKAOiKjVIyAgFZajT8vyHw,0,badcase,无相关标签与内容证据
8437,UCoggTqVd5wA8YoPdzNE0yzQ,Power Players Magazine (The Original),https://www.youtube.com/channel/UCoggTqVd5wA8YoPdzNE0yzQ,0,badcase,无标签和内容证据，无法支持园林割草机推广
8440,UC8lMtAHLS0AN09Z4jIcbJsg,Brandon Perry,https://www.youtube.com/channel/UC8lMtAHLS0AN09Z4jIcbJsg,0,badcase,无相关标签与内容证据
8441,UCkDoEmnz5tbmzaxpA-hcZ2g,SwanKai,https://www.youtube.com/channel/UCkDoEmnz5tbmzaxpA-hcZ2g,0,badcase,无相关标签与内容证据
8442,UCFMNCi0hwm3g5IewIkXnySA,acet7,https://www.youtube.com/channel/UCFMNCi0hwm3g5IewIkXnySA,0,badcase,无相关标签与内容证据
8443,UCqit1Av9B7djQaMLSerP-pg,DASIKADUMA TOYS SHOW,https://www.youtube.com/channel/UCqit1Av9B7djQaMLSerP-pg,-10,badcase,儿童玩具频道，不适合真实割草机推广
8444,UCNrT-lKe7r-Qi2KHQR109WQ,TurboFan,https://www.youtube.com/channel/UCNrT-lKe7r-Qi2KHQR109WQ,0,badcase,无相关标签与内容证据
8445,UCpLPOm9pNBLXdlWeGOPab_Q,Epic Tech,https://www.youtube.com/channel/UCpLPOm9pNBLXdlWeGOPab_Q,0,badcase,无相关标签与内容证据
8447,UCQKYq1113r9bBMwP-SGhJhQ,iWill,https://www.youtube.com/channel/UCQKYq1113r9bBMwP-SGhJhQ,0,badcase,无相关标签与内容证据
8448,UC8r5l6MdQ9YxwdX3rXZu9YQ,"Tom's Common""Cents"" Solutions and More",https://www.youtube.com/channel/UC8r5l6MdQ9YxwdX3rXZu9YQ,0,badcase,无相关标签与内容证据
8451,UCuQOXzQaMUgy5rUBPkrDrQQ,Mary Crockett,https://www.youtube.com/channel/UCuQOXzQaMUgy5rUBPkrDrQQ,0,badcase,无标签且无相关内容
8454,UCmyh2c3WwV64WRBhuCYZ9RQ,The Real Wes Albers,https://www.youtube.com/channel/UCmyh2c3WwV64WRBhuCYZ9RQ,0,badcase,无标签无相关内容
8457,UCdzqMEI-0IVrcM8qdJC8FXw,Technologist on the Go,https://www.youtube.com/channel/UCdzqMEI-0IVrcM8qdJC8FXw,0,badcase,科技内容，和 lawn mower 不相关
8458,UCCJWOTzUNIRhA1oe6xXgpoA,Endless Jess,https://www.youtube.com/channel/UCCJWOTzUNIRhA1oe6xXgpoA,-15,badcase,娱乐/游戏内容为主，格式不匹配
8459,UCWJvs2xQcoysjLB5gp3VcNA,DatBlackGuy,https://www.youtube.com/channel/UCWJvs2xQcoysjLB5gp3VcNA,-15,badcase,反应/娱乐内容为主，格式不匹配
8461,UCp1CA_Xu0awT03Aomwn-eNg,Doug Learn the Workshop Handyman,https://www.youtube.com/channel/UCp1CA_Xu0awT03Aomwn-eNg,5,badcase,偏家修/木工泛内容，缺少割草机明确场景
8462,UCJPuTspB9sr7S9epylUCm3g,OddBallSchtuff,https://www.youtube.com/channel/UCJPuTspB9sr7S9epylUCm3g,0,badcase,仅有生活方式和车辆泛标签，缺少割草机相关推广信号
8463,UC7i_5f-m-Dc6i_yLoylr60A,Bikers Choice,https://www.youtube.com/channel/UC7i_5f-m-Dc6i_yLoylr60A,0,badcase,无标签无相关内容
8464,UCjuhl-uSMKFwa_z_VKEggyA,Mitchell Terry,https://www.youtube.com/channel/UCjuhl-uSMKFwa_z_VKEggyA,-15,badcase,监狱/探险内容为主，不适合推广
8465,UCBhnBy5WOB8lgsNqHonZMcg,Profit Repairs,https://www.youtube.com/channel/UCBhnBy5WOB8lgsNqHonZMcg,0,badcase,无标签无相关内容
8466,UCzyOoCfsi-yq4KxOdzsMVqw,Doughboy,https://www.youtube.com/channel/UCzyOoCfsi-yq4KxOdzsMVqw,-15,badcase,政治内容为主，不适合 lawn mower 推广
8468,UCUNhmzhKQ0PK3HE-ObnicKw,GOB GOLF ASSOCIATION,https://www.youtube.com/channel/UCUNhmzhKQ0PK3HE-ObnicKw,0,badcase,高尔夫内容与 mower 推广关联弱
8469,UC1P3C2lmsnqBSpOjSpnMfvA,ChannelAdvisor,https://www.youtube.com/channel/UC1P3C2lmsnqBSpOjSpnMfvA,0,badcase,B2B 营销频道，不是创作者受众
8471,UCHweb3FQyr-CIRvXNbS5mrw,Leslie and Armando,https://www.youtube.com/channel/UCHweb3FQyr-CIRvXNbS5mrw,0,badcase,无标签无相关内容
8472,UCwxEwzYrgKWuWXJYg2vSbAQ,Isaiah Wehrmann,https://www.youtube.com/channel/UCwxEwzYrgKWuWXJYg2vSbAQ,0,badcase,无标签无相关内容
