rank,channel_id,channel_name,channel_url,score,suggested_label,why_short
11,UCUHxuPoyNEiA5hNVvpWt-EQ,Haoren Special Effects,https://cn--xtb.noxinfluencer.com/youtube/channel/UCUHxuPoyNEiA5hNVvpWt-EQ,-5,badcase,标签命中但近期几乎全是AI娱乐/剧情内容，宠物食品推广不适配
13,UCjaNEVaSWPDGmegG2msb4-w,Shaq The Pug,https://cn--xtb.noxinfluencer.com/youtube/channel/UCjaNEVaSWPDGmegG2msb4-w,-5,badcase,标签命中但频道主轴是挑战娱乐，近期内容几乎全不相关
16,UCCneK8iTGx_kzc9a4qxm_fw,monkeyjourney36,https://cn--xtb.noxinfluencer.com/youtube/channel/UCCneK8iTGx_kzc9a4qxm_fw,-19,badcase,故事娱乐型频道，少量狗粮标题不足以抵消整体错配
26,UCbgm0idoc6cG8HFvxwr9KHw,FxcTablaDholak,https://cn--xtb.noxinfluencer.com/youtube/channel/UCbgm0idoc6cG8HFvxwr9KHw,-24,badcase,宠物吃播娱乐向，近10条均偏人类食物/表演，不适合宠物食品推广
29,UCy76s60XoVQL2RvrUKs2VRA,Penguinpepperpia,https://cn--xtb.noxinfluencer.com/youtube/channel/UCy76s60XoVQL2RvrUKs2VRA,-7,badcase,猫粮/喂食相关但以ASMR娱乐为主，明显是格式不匹配
35,UCq8eTfGzOxruGjPdM7Q4mEQ,TasteOfOriental,https://cn--xtb.noxinfluencer.com/youtube/channel/UCq8eTfGzOxruGjPdM7Q4mEQ,-10,badcase,狗肉街食/娱乐内容，和宠物食品推广目标明显冲突
37,UCbta5UYAzeIOQAL7-A4s0WA,Bounce The Pit Bull,https://cn--xtb.noxinfluencer.com/youtube/channel/UCbta5UYAzeIOQAL7-A4s0WA,-15,badcase,ASMR和吃播为主，偏声音娱乐，不是宠物食品推广场景
40,UCmO2B5hFxdFlskmYSn0Uqsg,Jakshylyk,https://cn--xtb.noxinfluencer.com/youtube/channel/UCmO2B5hFxdFlskmYSn0Uqsg,-7,badcase,泛娱乐频道，只有dog/food弱相关，近期内容与宠物食品不符
50,UC3Xt9vA9gbQWakSjXD7SGHg,cooking with sherry,https://cn--xtb.noxinfluencer.com/youtube/channel/UC3Xt9vA9gbQWakSjXD7SGHg,-9,badcase,以人类烹饪为主，只有零星宠物食物提及，推广不匹配
51,UC3Xt9vA9gbQWakSjXD7SGHg,cooking with sherry,https://cn--xtb.noxinfluencer.com/youtube/channel/UC3Xt9vA9gbQWakSjXD7SGHg,-6,badcase,以人类烹饪为主，宠物食品信号弱且近10条多为无关做菜
54,UCF4KKfse9lLNQxEFhHIvJWg,ZyroRushUSA,https://cn--xtb.noxinfluencer.com/youtube/channel/UCF4KKfse9lLNQxEFhHIvJWg,-25,badcase,娱乐宗教内容为主，叙事向与宠物食品推广不匹配
57,UCaoHzhtuszfMwZ6gys82DDg,Henry,https://cn--xtb.noxinfluencer.com/youtube/channel/UCaoHzhtuszfMwZ6gys82DDg,-8,badcase,近期有宠物喂食内容但频道主标签偏喜剧娱乐，非宠物食品推广垂类
59,UCoaQM2b8l9gP-FouujM48_w,JoshuaPNW,https://cn--xtb.noxinfluencer.com/youtube/channel/UCoaQM2b8l9gP-FouujM48_w,-30,badcase,频道以娱乐/直播/病毒短视频为主，缺少宠物食品推广意图
61,UCmW_ACWL_ckn0WyLWKiO04w,Caloy USA,https://cn--xtb.noxinfluencer.com/youtube/channel/UCmW_ACWL_ckn0WyLWKiO04w,-15,badcase,人类猎奇美食/动物视频频道，近期内容与宠物食品受众不符
65,UCoudkcdWRiK0X2lm0DCHz7w,Duan,https://cn--xtb.noxinfluencer.com/youtube/channel/UCoudkcdWRiK0X2lm0DCHz7w,-1,badcase,仅少量狗狗找食视频，其余多为无关skit/喜剧
68,UCNWGdQkQlOcaXqseXmEGbvA,Murgigio,https://cn--xtb.noxinfluencer.com/youtube/channel/UCNWGdQkQlOcaXqseXmEGbvA,-22,badcase,以搞笑狗狗短视频为主，偏娱乐，不是宠物食品种草或测评场景。
70,UCDnQlLuZm8mOvlfaZrwX46g,Unique Fact Store,https://cn--xtb.noxinfluencer.com/youtube/channel/UCDnQlLuZm8mOvlfaZrwX46g,-15,badcase,只有宠物角色和搞笑短视频，缺少喂养、测评、购买意图，不适合。
72,UCN73jI2kqRVkAc9XLb6i6BA,Jamish the Wanderer,https://cn--xtb.noxinfluencer.com/youtube/channel/UCN73jI2kqRVkAc9XLb6i6BA,-22,badcase,ASMR+美食/喝播为主，几乎无宠粮语境，且格式不适合产品推广。
77,UCpx2mTyLI7EZ5ehWq5z943g,carefresh,https://cn--xtb.noxinfluencer.com/youtube/channel/UCpx2mTyLI7EZ5ehWq5z943g,-9,badcase,主打小宠垫料，近期内容也全是垫料，不利于宠粮推广
78,UCP932vRtiCbJD9RxVo_daAA,GOOD FOOD,https://cn--xtb.noxinfluencer.com/youtube/channel/UCP932vRtiCbJD9RxVo_daAA,-22,badcase,近10条多为童趣烹饪/ASMR，非宠物食品推广场景
79,UCz-sEQD4N69e5NgiqDI2zdw,HelpPets KH,https://cn--xtb.noxinfluencer.com/youtube/channel/UCz-sEQD4N69e5NgiqDI2zdw,2,badcase,宠物/食物相关但以狗打架抢食娱乐为主，缺少宠物食品推广语境
80,UCFqtq_k792883_40S1V8VMw,HAIDER حيدر,https://cn--xtb.noxinfluencer.com/youtube/channel/UCFqtq_k792883_40S1V8VMw,-20,badcase,主要是人类餐食与游戏内容，不适合宠粮推广
81,UCdAIkeHeSXMogIiei8m8rAw,Albe Know,https://cn--xtb.noxinfluencer.com/youtube/channel/UCdAIkeHeSXMogIiei8m8rAw,-10,badcase,金融搞笑号，近10条几乎无宠物喂养或购买语境
84,UCT9DY2T6esXwLlNtKvTBxlg,CAM-LIVES,https://cn--xtb.noxinfluencer.com/youtube/channel/UCT9DY2T6esXwLlNtKvTBxlg,-10,badcase,猎奇食物与动物内容，缺少宠物喂养和购买语境
90,UC6b_JOl_OudOdqwyrvIuFKA,BanterHits,https://cn--xtb.noxinfluencer.com/youtube/channel/UC6b_JOl_OudOdqwyrvIuFKA,-35,badcase,娱乐/AI短剧为主，宠物词只是剧情元素，不适合投放
93,UC1B-BsatedrD9MkLBL8ZVpA,VidVulture,https://cn--xtb.noxinfluencer.com/youtube/channel/UC1B-BsatedrD9MkLBL8ZVpA,-10,badcase,垃圾寻宝频道，最近内容与宠物食品投放几乎无关
94,UCXC-MAuZ_SKKGs2VmGdwmKQ,"Jinan Arrow Machinery Co., Ltd",https://cn--xtb.noxinfluencer.com/youtube/channel/UCXC-MAuZ_SKKGs2VmGdwmKQ,-25,badcase,工业食品机械频道，与宠物食品推广目标明显不匹配
95,UCI-4BS5ebSkP6Wy_VxrSlZw,Ăn Dặm Cùng Con,https://cn--xtb.noxinfluencer.com/youtube/channel/UCI-4BS5ebSkP6Wy_VxrSlZw,-10,badcase,婴儿吃播内容，和宠物食品受众完全不匹配
96,UCuxbFHJVWYfJ9R7YJEBogFQ,Delvix Pet,https://cn--xtb.noxinfluencer.com/youtube/channel/UCuxbFHJVWYfJ9R7YJEBogFQ,-13,badcase,宠物狗和护理标签相关，但近10条多为宠物助眠音乐，和宠物食品推广格式不符
97,UCCsbb09LpJqwaGdOSxlay-Q,ДРТ club,https://cn--xtb.noxinfluencer.com/youtube/channel/UCCsbb09LpJqwaGdOSxlay-Q,-14,badcase,以搞笑狗狗短视频为主，喂养相关仅少量，宠物食品推广承接弱
99,UCgC0bJdpwSVD9aHri6a7Bfw,Roselin Ramos,https://cn--xtb.noxinfluencer.com/youtube/channel/UCgC0bJdpwSVD9aHri6a7Bfw,-10,badcase,泛生活和人类美食内容为主，缺少宠物食品或喂养购买意图
100,UC4ID1nDwfHUwp117HMGu6wQ,Pets Grow,https://cn--xtb.noxinfluencer.com/youtube/channel/UC4ID1nDwfHUwp117HMGu6wQ,-20,badcase,宠物娱乐、ASMR和搞笑内容为主，喂养意图弱，格式明显错配
103,UCbK9lZUnc-Pz1YEEed_pWYw,Hen Farm,https://cn--xtb.noxinfluencer.com/youtube/channel/UCbK9lZUnc-Pz1YEEed_pWYw,-10,badcase,近期内容为泛娱乐/事故梗，与宠物食品推广不匹配
106,UCYPOUBR4gC5vYuvsLzvx2sw,FunnyPet,https://cn--xtb.noxinfluencer.com/youtube/channel/UCYPOUBR4gC5vYuvsLzvx2sw,-17,badcase,以猫/宠物娱乐和ASMR为主，缺少宠粮购买或测评意图
108,UCmjqbJAUAHDaTMUqqZECasg,Val Kelly,https://cn--xtb.noxinfluencer.com/youtube/channel/UCmjqbJAUAHDaTMUqqZECasg,-2,badcase,宠物受众相关，但主打搞笑短剧，缺少宠物食品购买/评测语境
110,UCykZFiDNWLOnCIGSKLJKtWQ,Emma Williams,https://cn--xtb.noxinfluencer.com/youtube/channel/UCykZFiDNWLOnCIGSKLJKtWQ,-25,badcase,ASMR娱乐频道，近10条偏动物趣味内容，不适合宠物食品推广
111,UCra0xR2A5ClUVFyevpb0j7g,Nitean KKN,https://cn--xtb.noxinfluencer.com/youtube/channel/UCra0xR2A5ClUVFyevpb0j7g,-5,badcase,音乐娱乐为主，虽有少量猫狗吃食内容，但整体更偏泛内容混杂
114,UCrspsIfgfPFhneekammqTVA,pron-vannasak,https://cn--xtb.noxinfluencer.com/youtube/channel/UCrspsIfgfPFhneekammqTVA,-8,badcase,音乐/娱乐为主，虽有宠物短视频但缺少宠物食品或购买语境
115,UCjAIr97ndhIhz7P1bJ7sGMg,AB12TV,https://cn--xtb.noxinfluencer.com/youtube/channel/UCjAIr97ndhIhz7P1bJ7sGMg,-7,badcase,综合频道且近期内容多为宗教/趋势，宠物食品相关信号很弱
118,UCw73nPVk6z_3CHZPxiEciLg,ETaPURoth,https://cn--xtb.noxinfluencer.com/youtube/channel/UCw73nPVk6z_3CHZPxiEciLg,-19,badcase,宠物吃播ASMR偏娱乐，缺少宠粮推广意图且格式不匹配
120,UCoJ9il9dwglWlCgdDAFxTCw,The Zoological World,https://cn--xtb.noxinfluencer.com/youtube/channel/UCoJ9il9dwglWlCgdDAFxTCw,-7,badcase,动物故事/救援频道，非宠物食品推广场景，近10条内容多不匹配
121,UCID-xrMeDS1qm1Dy-Rem8NA,Primal Code,https://cn--xtb.noxinfluencer.com/youtube/channel/UCID-xrMeDS1qm1Dy-Rem8NA,-13,badcase,狗类吃播挑战，缺少宠物食品推广意图，近10条都偏娱乐
127,UCUNq-6Z9m-Tx-SZv2-eU67Q,DOSEOFCUTE,https://cn--xtb.noxinfluencer.com/youtube/channel/UCUNq-6Z9m-Tx-SZv2-eU67Q,-18,badcase,宠物娱乐反应号，近期多为搞笑宠物内容，缺少宠物食品种草或评测场景
131,UCq-MXoYC34FgkLTKTkwYnEw,Meekdey zzz,https://cn--xtb.noxinfluencer.com/youtube/channel/UCq-MXoYC34FgkLTKTkwYnEw,-23,badcase,音乐娱乐型频道，近10条仅少量宠物内容，不适合宠物粮推广
132,UCHzT0QRU0ozsbn71jz6Gl_w,TinyPaws,https://cn--xtb.noxinfluencer.com/youtube/channel/UCHzT0QRU0ozsbn71jz6Gl_w,-7,badcase,猫拟人财经内容，虽有猫元素但与宠物粮推广场景偏离
134,UCCxvUGgZefQ-XWuT2tb2d2A,Tips Share,https://cn--xtb.noxinfluencer.com/youtube/channel/UCCxvUGgZefQ-XWuT2tb2d2A,-10,badcase,人类健康减重内容为主，最近也多为杂类短视频，和宠物粮不匹配
136,UC2CF2zHfX9-RSHtqIjMLRow,Princess Cats👑,https://cn--xtb.noxinfluencer.com/youtube/channel/UC2CF2zHfX9-RSHtqIjMLRow,-24,badcase,猫咪娱乐/ASMR为主，缺少宠物食品购买或测评语境
137,UCIFX-DGqlGnhsdRm9Zc2djg,Golden Retriever Vc,https://cn--xtb.noxinfluencer.com/youtube/channel/UCIFX-DGqlGnhsdRm9Zc2djg,-35,badcase,ASMR狗吃内容多，但偏娱乐，不是宠物食品推广场景
139,UCKwdaUtTbNujyGfOytjpMvg,CUTE 💯,https://cn--xtb.noxinfluencer.com/youtube/channel/UCKwdaUtTbNujyGfOytjpMvg,-5,badcase,只有可爱宠物泛流量，缺少宠物食品或喂食购买语境
140,UCyVqgGVVBBBAjb6zJUWzf_Q,Bophalisa Lifestyle,https://cn--xtb.noxinfluencer.com/youtube/channel/UCyVqgGVVBBBAjb6zJUWzf_Q,-34,badcase,以搞笑整蛊为主，宠物食品相关度弱且场景不适合推广
141,UCOzJTPsRjFviJ746AIfhQXg,Winter Munoz,https://cn--xtb.noxinfluencer.com/youtube/channel/UCOzJTPsRjFviJ746AIfhQXg,-14,badcase,主内容为动漫cosplay娱乐，宠物题材仅少量POV，缺少宠粮推广意图
142,UC3JFpHNePHZrPn_WgiumOgQ,LelongShow2580,https://cn--xtb.noxinfluencer.com/youtube/channel/UC3JFpHNePHZrPn_WgiumOgQ,-7,badcase,宠物娱乐号，只有泛宠物受众，缺少宠粮/喂养意图
148,UCxKMBc307p0BGtNv6pM3kdA,Over50andFantabulous,https://cn--xtb.noxinfluencer.com/youtube/channel/UCxKMBc307p0BGtNv6pM3kdA,-6,badcase,仅有泛宠物/食品标签，近期以动物娱乐和睡眠内容为主，转化弱
149,UCO6hbg2Cf71pju2XBVg4bXg,The Chirp Backyard,https://cn--xtb.noxinfluencer.com/youtube/channel/UCO6hbg2Cf71pju2XBVg4bXg,-22,badcase,哺乳+鸟类直播和睡眠音频为主，和宠物食品推广完全不搭
151,UCO6hbg2Cf71pju2XBVg4bXg,The Chirp Backyard,https://cn--xtb.noxinfluencer.com/youtube/channel/UCO6hbg2Cf71pju2XBVg4bXg,-25,badcase,母乳/育儿频道且近期是鸟类与自然内容，和宠物食品推广明显不符
153,UC_1h0xWdf_C1VaRha-FNDTw,Today's Dogs,https://cn--xtb.noxinfluencer.com/youtube/channel/UC_1h0xWdf_C1VaRha-FNDTw,-17,badcase,宠物受众弱相关，但以搞笑娱乐短视频为主，缺少宠物食品推广意图
154,UC6aPLLu9p-ZzIUHpEm0LyPw,Applegate - Natural and Organic Meat,https://cn--xtb.noxinfluencer.com/youtube/channel/UC6aPLLu9p-ZzIUHpEm0LyPw,-10,badcase,主轴是人类食品品牌与家庭食谱，缺少宠物受众
155,UCWVDAaN1FGaDT0VLhRkklFQ,Profit from the Internet,https://cn--xtb.noxinfluencer.com/youtube/channel/UCWVDAaN1FGaDT0VLhRkklFQ,-25,badcase,主要是互联网赚钱内容，和宠物食品推广不相关
157,UCHjYwB1Nh_vlSRUprkhKWdw,Sambol Vuthsak,https://cn--xtb.noxinfluencer.com/youtube/channel/UCHjYwB1Nh_vlSRUprkhKWdw,-5,badcase,宠物喂养有弱相关，但偏娱乐/动物日常，缺少宠物食品推广意图
160,UCJ41mocaE9GSL4yyVRFvwvQ,AUSSIE MICK'S NATION (AUSSIE MICK),https://cn--xtb.noxinfluencer.com/youtube/channel/UCJ41mocaE9GSL4yyVRFvwvQ,-8,badcase,主频道偏汽车杂项，宠物食品相关信号弱且近期混杂
161,UCwgnd9mYrJNihPC5fjRm-ig,Miqaju Chilobe,https://cn--xtb.noxinfluencer.com/youtube/channel/UCwgnd9mYrJNihPC5fjRm-ig,-23,badcase,娱乐搞笑号为主，缺少宠物食品种草/购买语境
162,UCPl_PEJ4cxzy9Qb4mWIGY6w,Hans Frame,https://cn--xtb.noxinfluencer.com/youtube/channel/UCPl_PEJ4cxzy9Qb4mWIGY6w,-14,badcase,宠物故事情感号，非宠物食品投放场景
164,UC8shTy-GHETM8MtUXUmdjuA,Penguin Berry,https://cn--xtb.noxinfluencer.com/youtube/channel/UC8shTy-GHETM8MtUXUmdjuA,-20,badcase,野生动物喂食内容，非宠物食品投放对象
165,UCIwpuO-vGywUErwmyExtVgA,Foodland,https://cn--xtb.noxinfluencer.com/youtube/channel/UCIwpuO-vGywUErwmyExtVgA,-8,badcase,以人类食谱为主，宠物零食内容占比太低
166,UCfOB_OG0DOsDPDHKRED1RzA,Binge Lab,https://cn--xtb.noxinfluencer.com/youtube/channel/UCfOB_OG0DOsDPDHKRED1RzA,-8,badcase,以人类吃播为主，宠物相关内容很少，不适合推宠物食品
167,UCDUcQthCGcfl2ShC5aW9iYA,Noony Bunny,https://cn--xtb.noxinfluencer.com/youtube/channel/UCDUcQthCGcfl2ShC5aW9iYA,-25,badcase,娱乐/电影/搞笑为主，兔子内容偏角色化，不是宠物食品场景
168,UCtfJlMmnqsKANfBuQHv3ehg,Callejón Melao’,https://cn--xtb.noxinfluencer.com/youtube/channel/UCtfJlMmnqsKANfBuQHv3ehg,-6,badcase,以人类拉美烹饪为主，仅少量狗饼干内容，宠物食品推广相关性弱
170,UCnlgoTPMluU4mJN2dBNGHOA,Pig is eating slop,https://cn--xtb.noxinfluencer.com/youtube/channel/UCnlgoTPMluU4mJN2dBNGHOA,-25,badcase,ASMR和mukbang为主，偏农场动物吃播，不适合宠物食品
171,UCgVAsokGLLyOW0BnDjurJ5w,li li ai,https://cn--xtb.noxinfluencer.com/youtube/channel/UCgVAsokGLLyOW0BnDjurJ5w,-17,badcase,有少量猫狗粮内容，但整体是猎奇搞笑短视频，缺少购买/测评意图
172,UC8awyXeGc13u9hSuN8EEOjg,Eh-Eon,https://cn--xtb.noxinfluencer.com/youtube/channel/UC8awyXeGc13u9hSuN8EEOjg,-20,badcase,主标签为手机科技，近期多为动物娱乐短视频，缺少宠物食品推广意图
173,UCHP6or-kctcZpIwlxaiSQRA,Victoria,https://cn--xtb.noxinfluencer.com/youtube/channel/UCHP6or-kctcZpIwlxaiSQRA,-22,badcase,娱乐短剧为主，缺少宠粮/采购意图，近期内容也不支持投放
174,UChm-okAFFKeWpwNxeNBTQMA,TheMochiMob,https://cn--xtb.noxinfluencer.com/youtube/channel/UChm-okAFFKeWpwNxeNBTQMA,-15,badcase,宠物娱乐搞笑频道，缺少宠物食品/喂养购买意图
175,UC5jt5q65qMhMVR6eYdWIcPA,Shop This Cart,https://cn--xtb.noxinfluencer.com/youtube/channel/UC5jt5q65qMhMVR6eYdWIcPA,-10,badcase,内容偏杂货购物，近10条无宠物食品/宠物相关，相关性弱
177,UCabMIxPqyncOr9Pcu8JrF8w,Puerto Rican David Torres Jr,https://cn--xtb.noxinfluencer.com/youtube/channel/UCabMIxPqyncOr9Pcu8JrF8w,-8,badcase,内容以车展和泛生活为主，宠物食品相关性弱
178,UCFetRP1m2YgXPTrkKs42_DA,QuirkyQuinn15,https://cn--xtb.noxinfluencer.com/youtube/channel/UCFetRP1m2YgXPTrkKs42_DA,-4,badcase,娱乐向为主，少量动物内容，缺少宠物食品语境
182,UCOvYpxqSsaCkGX_H-sEd9cw,Green Bee Explorer,https://cn--xtb.noxinfluencer.com/youtube/channel/UCOvYpxqSsaCkGX_H-sEd9cw,-6,badcase,仅有宠物/狗的弱相关，近10条多为咖啡、植物、厨具等无关内容。
183,UChiIBU2vzkTjDicpXUdUZjg,Miss Sofie's Story Time - Kids Books Read Aloud,https://cn--xtb.noxinfluencer.com/youtube/channel/UChiIBU2vzkTjDicpXUdUZjg,-25,badcase,儿童读物朗读频道，叙事娱乐为主，和宠物食品推广场景不匹配。
184,UCKoS1mDXMzC2UyjX7aNUerw,Meanwhile Storys,https://cn--xtb.noxinfluencer.com/youtube/channel/UCKoS1mDXMzC2UyjX7aNUerw,-18,badcase,有狗宠弱相关，但主内容是搞笑动画短片，缺少宠物食品推广语境。
185,UCB-NAQwqZf67q6n4pWzYDRw,Pacific Shorts,https://cn--xtb.noxinfluencer.com/youtube/channel/UCB-NAQwqZf67q6n4pWzYDRw,-23,badcase,主标签是游戏/竞速类，宠物狗内容很弱，不适合做宠物食品推广。
186,UCM58J4T1rKKPjm63OSeXZMw,Wisdom Facts Story,https://cn--xtb.noxinfluencer.com/youtube/channel/UCM58J4T1rKKPjm63OSeXZMw,-23,badcase,宠物内容占比有，但主轴是搞笑故事/短剧，和宠物食品推广不匹配
189,UCD4SRMXSlh1_p1pZ4le8uSQ,ImYourCat,https://cn--xtb.noxinfluencer.com/youtube/channel/UCD4SRMXSlh1_p1pZ4le8uSQ,-8,badcase,猫娱乐内容为主，虽有宠物受众但无宠粮/购买意图，近10条均不匹配
190,UCmWcn0qW7x7NbZbebBfmC2Q,Lovely Sheila,https://cn--xtb.noxinfluencer.com/youtube/channel/UCmWcn0qW7x7NbZbebBfmC2Q,-17,badcase,以人类烹饪娱乐内容为主，缺少宠物食品推广语境
191,UCDH3cSX9_ioKClcXn69x30g,Patitas al aire,https://cn--xtb.noxinfluencer.com/youtube/channel/UCDH3cSX9_ioKClcXn69x30g,-25,badcase,标签主体为彩票计划，虽近期有宠物内容但频道定位不稳
193,UCEtLp1EcYfjuF4cNfKJR-FA,etekhome,https://cn--xtb.noxinfluencer.com/youtube/channel/UCEtLp1EcYfjuF4cNfKJR-FA,-5,badcase,宠物狗相关只占少数，近10条多为家居旅行和母婴，偏离明显
195,UC1qZSIcJHoUI2bSdDabc7UA,The GOAT Duel,https://cn--xtb.noxinfluencer.com/youtube/channel/UC1qZSIcJHoUI2bSdDabc7UA,-22,badcase,体育动画娱乐频道，近期内容几乎全不相关，且格式不适合宠物食品投放
196,UC74wDF33eRZtqTA1OQMsXgg,Flavor Lab,https://cn--xtb.noxinfluencer.com/youtube/channel/UC74wDF33eRZtqTA1OQMsXgg,-22,badcase,猴子/旅行内容为主，前5标签全是互斥动物词，与宠粮推广不匹配
197,UCUldPQCtWVa7Iw4va8MKpBA,Daily Savage Fun,https://cn--xtb.noxinfluencer.com/youtube/channel/UCUldPQCtWVa7Iw4va8MKpBA,-10,badcase,宠物相关但以搞笑恶作剧为主，缺少宠物食品购买或喂养语境
198,UCPCkTknrW3Zq6d9wzBSsfVQ,reelgood,https://cn--xtb.noxinfluencer.com/youtube/channel/UCPCkTknrW3Zq6d9wzBSsfVQ,-19,badcase,泛娱乐旅游频道，宠粮语义很弱，只有零星狗粮标题
201,UCB8a9ZHHcg20P5-dJDYJlGQ,FACTS FOR YOU,https://cn--xtb.noxinfluencer.com/youtube/channel/UCB8a9ZHHcg20P5-dJDYJlGQ,-18,badcase,宠物动物娱乐号，缺少宠粮购买或测评意图
203,UCsJwz8t4smjVPBLN96nDErQ,Petshouse040,https://cn--xtb.noxinfluencer.com/youtube/channel/UCsJwz8t4smjVPBLN96nDErQ,-12,badcase,宠物短视频娱乐号，只有泛宠物受众，没有宠粮意图
206,UCpEb8Vr9lwkx4UGUM0_x56g,Kiddy Spark,https://cn--xtb.noxinfluencer.com/youtube/channel/UCpEb8Vr9lwkx4UGUM0_x56g,-10,badcase,益智娱乐为主，几乎无宠物喂养或购买语境，近10条均不匹配
207,UCoy1nar-V8pT880FebikoWA,Akhtar Abbas,https://cn--xtb.noxinfluencer.com/youtube/channel/UCoy1nar-V8pT880FebikoWA,-10,badcase,广泛搞笑短视频，宠物只是边缘元素，缺少宠物食品推广语境
211,UCS1PRtoJMBpwxP9zGigTJ6g,street food eating,https://cn--xtb.noxinfluencer.com/youtube/channel/UCS1PRtoJMBpwxP9zGigTJ6g,-9,badcase,人类街头美食为主，和宠物粮投放场景不匹配
212,UCch6dGZuL2R5bRlGLhL89bA,Put Some More,https://cn--xtb.noxinfluencer.com/youtube/channel/UCch6dGZuL2R5bRlGLhL89bA,-20,badcase,美妆ASMR为主，格式和宠物粮推广明显不匹配
216,UCC8O-Y096PYM-oQCzfb_SvA,Animal Discovery,https://cn--xtb.noxinfluencer.com/youtube/channel/UCC8O-Y096PYM-oQCzfb_SvA,-8,badcase,动物音效/娱乐号，虽有宠物词但缺少宠粮种草和购买场景
217,UCiQFaT5YIGeuORzyW0s88iw,IPv6∞,https://cn--xtb.noxinfluencer.com/youtube/channel/UCiQFaT5YIGeuORzyW0s88iw,-27,badcase,剧情娱乐号，宠物词不等于宠粮推广适配
218,UCj1XZbkdzq5qP_cdvYt0G8Q,The Little Shih-Tzu,https://cn--xtb.noxinfluencer.com/youtube/channel/UCj1XZbkdzq5qP_cdvYt0G8Q,-25,badcase,狗狗剧情娱乐号，非宠粮种草/测评场景
219,UCL9v2hqYEBxGa28lXayquTw,Fearless Dogs,https://cn--xtb.noxinfluencer.com/youtube/channel/UCL9v2hqYEBxGa28lXayquTw,-10,badcase,狗狗搞笑号，偏娱乐，缺少宠粮营养/购买语境
221,UC_8uLNJ5kEAqrQFQXG7ZagA,Mew Modern,https://cn--xtb.noxinfluencer.com/youtube/channel/UC_8uLNJ5kEAqrQFQXG7ZagA,-25,badcase,频道标签偏音乐冥想娱乐，虽近期猫内容多但无宠物食品购买/评测信号
222,UCNzCAg3_KZ-KkmTTU_DgsMA,Foody Kitten fun,https://cn--xtb.noxinfluencer.com/youtube/channel/UCNzCAg3_KZ-KkmTTU_DgsMA,-17,badcase,猫咪娱乐短视频和人类零食恶搞为主，缺少宠物营养/宠粮导向
225,UCdM2CId01BDfOKUWRFvFv3g,Pitch Shock,https://cn--xtb.noxinfluencer.com/youtube/channel/UCdM2CId01BDfOKUWRFvFv3g,-7,badcase,宠物用品带货感强，但主打玩具、包和除味，和宠粮不对口
227,UC_MvplKKMS1ss-ktgcLVhCQ,K3N,https://cn--xtb.noxinfluencer.com/youtube/channel/UC_MvplKKMS1ss-ktgcLVhCQ,-10,badcase,以校园/搞笑/音乐为主，几乎无宠物食品受众，近期内容也不相关。
228,UCTFGtalfZF0ZGhsZ7P-eEQw,METARERM,https://cn--xtb.noxinfluencer.com/youtube/channel/UCTFGtalfZF0ZGhsZ7P-eEQw,0,badcase,有宠物护理和猫内容，但近期多为野生动物/声音娱乐，食品推广弱
229,UClW78CHx2aB65zkHCevSkMA,Tail Wagging Titans,https://cn--xtb.noxinfluencer.com/youtube/channel/UClW78CHx2aB65zkHCevSkMA,-8,badcase,频道以清洁家居为主，虽有养狗受众但缺少宠物食品推广语境
232,UCQD5922sMARMfQPejSiBCzw,Animals are great!,https://cn--xtb.noxinfluencer.com/youtube/channel/UCQD5922sMARMfQPejSiBCzw,-19,badcase,野生动物娱乐为主，和宠物食品推广人群不匹配
233,UC_GIVeVOyhdZu7psdbfHtvw,Animal Channel ForU,https://cn--xtb.noxinfluencer.com/youtube/channel/UC_GIVeVOyhdZu7psdbfHtvw,-17,badcase,频道标签偏手工刺绣，近期多泛动物娱乐，缺少宠物食品推广意图
234,UCT2Jf1Xjhl-deJazytNfdXA,SceneVerse by IK,https://cn--xtb.noxinfluencer.com/youtube/channel/UCT2Jf1Xjhl-deJazytNfdXA,-20,badcase,食物挑战/mukbang娱乐为主，缺少宠物食品推广场景
238,UCklvFEHjgN2wUIcmN-4mVpg,Puppy Deli's World,https://cn--xtb.noxinfluencer.com/youtube/channel/UCklvFEHjgN2wUIcmN-4mVpg,-22,badcase,宠物受众但内容是狗舞蹈娱乐，无宠物食品/营养场景
239,UCmKnqpA4KiRTFa3j-NaXCMQ,Brilliance AI,https://cn--xtb.noxinfluencer.com/youtube/channel/UCmKnqpA4KiRTFa3j-NaXCMQ,-22,badcase,AI故事/娱乐为主，宠物词仅泛受众，缺少宠粮推广场景
240,UCyydsI-Gs0pATbKRmP6oirw,MrMeniuk official,https://cn--xtb.noxinfluencer.com/youtube/channel/UCyydsI-Gs0pATbKRmP6oirw,-22,badcase,ASMR+人类烹饪为主，和宠物食品推广存在明显格式错配
242,UCHXw1nv6FBmVwOGj2GiEQrg,All in One Garden and Kitchen,https://cn--xtb.noxinfluencer.com/youtube/channel/UCHXw1nv6FBmVwOGj2GiEQrg,-8,badcase,以人类料理和杂题为主，和宠物食品推广不匹配
244,UCzf7Hu2KxeCXhnE8k-Q2yMQ,Drip Dog Daily,https://cn--xtb.noxinfluencer.com/youtube/channel/UCzf7Hu2KxeCXhnE8k-Q2yMQ,-18,badcase,故事/救援娱乐型频道，和宠物食品推广不匹配
245,UCreC2MQVs0SBCoxlOoNcZUA,5K Tennis,https://cn--xtb.noxinfluencer.com/youtube/channel/UCreC2MQVs0SBCoxlOoNcZUA,-8,badcase,以网球体育为主，宠物语境太弱，近期内容也不贴食品
247,UCrW6xGoA-D-svgmjDv9Trxg,Rose Hk,https://cn--xtb.noxinfluencer.com/youtube/channel/UCrW6xGoA-D-svgmjDv9Trxg,-10,badcase,人类美食/游戏频道，缺少宠物受众，近10期内容与宠物食品不匹配
248,UCwoZ8IR9w0SYdnLQL8NVDvA,vanna Farmer,https://cn--xtb.noxinfluencer.com/youtube/channel/UCwoZ8IR9w0SYdnLQL8NVDvA,-10,badcase,生存农场做饭频道，主题偏人类生存食物，宠物食品相关性弱
250,UC2lpc67f53KtyP10oifapHQ,Crabber,https://cn--xtb.noxinfluencer.com/youtube/channel/UC2lpc67f53KtyP10oifapHQ,-35,badcase,故事/娱乐型频道，近期全是娱乐化猫内容，不适合宠物食品推广
251,UCEJlsxdqnkWZGdYySJxfZtA,DAVE,https://cn--xtb.noxinfluencer.com/youtube/channel/UCEJlsxdqnkWZGdYySJxfZtA,-22,badcase,娱乐/游戏为主，仅有泛化food与少量宠物标题，缺少宠物食品推广意图
253,UCj_muRL-3AFZ-20tRN_b2Yw,State Of Kansass,https://cn--xtb.noxinfluencer.com/youtube/channel/UCj_muRL-3AFZ-20tRN_b2Yw,-23,badcase,娱乐猫视频为主，缺少宠物食品/购买语境，近10条内容均不匹配
254,UCkk5LbgNA4Bzi1-3VeyjQSA,Declassified Food Channel,https://cn--xtb.noxinfluencer.com/youtube/channel/UCkk5LbgNA4Bzi1-3VeyjQSA,-6,badcase,以人类饮食科普为主，几乎无宠物食品受众，近10条内容多为人类食品评论
256,UCq51-mQ1jed0KYKp302ORag,Puffyandcatto,https://cn--xtb.noxinfluencer.com/youtube/channel/UCq51-mQ1jed0KYKp302ORag,-8,badcase,宠物内容为主但几乎无喂养/食品信号，近10条也不指向宠物食品
257,UCLu1xVkU5A-4UniJC0OXXmQ,Melt TheStress Out,https://cn--xtb.noxinfluencer.com/youtube/channel/UCLu1xVkU5A-4UniJC0OXXmQ,-10,badcase,偏搞笑/生活杂谈与DIY，宠物食品推广语境缺失
258,UCgxWjsNnNEqPQvJBhJ5O8vw,Ceren's Rescue Channel,https://cn--xtb.noxinfluencer.com/youtube/channel/UCgxWjsNnNEqPQvJBhJ5O8vw,-16,badcase,救助犬+ASMR/静音散步偏音频内容，和宠物食品推广形式不匹配
261,UC6AIZjsANsYrTrAx0CYY5Tw,HHN AI,https://cn--xtb.noxinfluencer.com/youtube/channel/UC6AIZjsANsYrTrAx0CYY5Tw,-5,badcase,狗吃挑战娱乐为主，只有弱宠物/食物线索，近期内容不适合推广
263,UCNSR8v6wvoZ7yYV6Ot4_vZw,Bee The Bear,https://cn--xtb.noxinfluencer.com/youtube/channel/UCNSR8v6wvoZ7yYV6Ot4_vZw,-30,badcase,ASMR/自然音频道，主轴是放松和野生动物，不适合宠粮推广
269,UCOxuUkGRwa-_PW2QdG2EeHQ,Emelysvlog,https://cn--xtb.noxinfluencer.com/youtube/channel/UCOxuUkGRwa-_PW2QdG2EeHQ,-8,badcase,ASMR主导且偏动物闲聊/环境音，和宠物食品推广格式不匹配
272,UChSSvpCmLtmQ2z_b2CFdKEg,Sweets&Pinup,https://cn--xtb.noxinfluencer.com/youtube/channel/UChSSvpCmLtmQ2z_b2CFdKEg,-21,badcase,ASMR吃播为主，属于宠物食品推广格式不匹配
274,UCxH0BC9Xy1VpZ_vaI5GPT_A,Даамдуу Тамактар,https://cn--xtb.noxinfluencer.com/youtube/channel/UCxH0BC9Xy1VpZ_vaI5GPT_A,-8,badcase,人类菜谱频道，和宠物食品受众不一致
275,UC6Gc85Bxa7vXTmTJqT-bLjQ,Miniverse Stories,https://cn--xtb.noxinfluencer.com/youtube/channel/UC6Gc85Bxa7vXTmTJqT-bLjQ,-25,badcase,AI剧情故事频道，和宠物食品推广场景不匹配
276,UCBabo_Wr8JZtvy3k7jdGWow,Ming Ming De Mi Ni Chu Fang,https://cn--xtb.noxinfluencer.com/youtube/channel/UCBabo_Wr8JZtvy3k7jdGWow,-10,badcase,儿童玩具/厨房内容，最近全是灯剑和蹦床，和宠物食品无关
277,UCgoOKrgNFbPvBMUpC2IEU5A,Bicolana Sa America,https://cn--xtb.noxinfluencer.com/youtube/channel/UCgoOKrgNFbPvBMUpC2IEU5A,-10,badcase,垃圾寻食频道，内容围绕捡食物，不是宠物食品推广场景
279,UCslgb83g1LAejcrVXQQrIag,Parichehr Hargis,https://cn--xtb.noxinfluencer.com/youtube/channel/UCslgb83g1LAejcrVXQQrIag,-8,badcase,只有泛宠物标签和短视频娱乐内容，和宠物食品推广弱相关
283,UCTu_rAIoBPClp_pvwq7ELBw,Birds and Squirrels Wonderland,https://cn--xtb.noxinfluencer.com/youtube/channel/UCTu_rAIoBPClp_pvwq7ELBw,3,badcase,仅有pets/cat/dog弱泛标签，内容偏宠物观赏视频，缺少宠物食品购买意图
284,UCuqAnaNQdUqL4tQcXVP56jA,boy's pet,https://cn--xtb.noxinfluencer.com/youtube/channel/UCuqAnaNQdUqL4tQcXVP56jA,-19,badcase,以宠物情感故事为主，非宠粮测评/带货场景，近10条均不匹配
286,UCDzsVu6eRQi9SBuBm5yfZpw,ThirstyAiGuy,https://cn--xtb.noxinfluencer.com/youtube/channel/UCDzsVu6eRQi9SBuBm5yfZpw,-35,badcase,AI音乐/歌词与猫娱乐为主，缺少宠物食品购买或护理语境
287,UCYn6g7TvahuTn1WguM2DsEw,Tamara Estrada,https://cn--xtb.noxinfluencer.com/youtube/channel/UCYn6g7TvahuTn1WguM2DsEw,-19,badcase,娱乐+ASMR/手作感强，缺少宠粮相关与购买意图
288,UCO3kWeCgZq3BU6jaCfzbTEQ,Kamrun Bakul,https://cn--xtb.noxinfluencer.com/youtube/channel/UCO3kWeCgZq3BU6jaCfzbTEQ,-7,badcase,人类食谱频道，只有泛食品类相关，和宠粮推广不匹配
289,UCUYbNTjOkBrlocW4aPWFYhA,Brunin Oxl,https://cn--xtb.noxinfluencer.com/youtube/channel/UCUYbNTjOkBrlocW4aPWFYhA,-14,badcase,宠物受众弱相关，但频道以动物娱乐短视频为主，缺少宠物食品推广意图
292,UCgNQZ_oIkUJ_VI0vD-HmVEg,Pulse Clippz,https://cn--xtb.noxinfluencer.com/youtube/channel/UCgNQZ_oIkUJ_VI0vD-HmVEg,-12,badcase,宠物娱乐短视频号，缺少宠物食品/喂养/购买意图，近10条均不匹配
294,UC4qLWOiNXLjxr8FUsYu3LwQ,Auranest,https://cn--xtb.noxinfluencer.com/youtube/channel/UC4qLWOiNXLjxr8FUsYu3LwQ,-7,badcase,近10条以牙科和收纳为主，无宠粮直击，相关性弱
295,UCy0HXMmTlhg-Xd0xEDBQ-wA,Harper Morrow,https://cn--xtb.noxinfluencer.com/youtube/channel/UCy0HXMmTlhg-Xd0xEDBQ-wA,-17,badcase,主内容是游戏娱乐，虽有宠物题材但缺少宠物食品导购/购买语境
296,UCJk79jJ1C4DwsA6zVL4E46g,Wild Capy,https://cn--xtb.noxinfluencer.com/youtube/channel/UCJk79jJ1C4DwsA6zVL4E46g,-30,badcase,野生动物ASMR频道，和宠物食品推广场景明显不符
297,UClx_2h90GE1TpH0FS6E0OCQ,Bà Tám và Capybara,https://cn--xtb.noxinfluencer.com/youtube/channel/UClx_2h90GE1TpH0FS6E0OCQ,-20,badcase,以卡皮巴拉娱乐为主，宠物食品受众匹配度低
299,UCaf-bOcAPshSf7nlt8jJgLw,A foodie dog,https://cn--xtb.noxinfluencer.com/youtube/channel/UCaf-bOcAPshSf7nlt8jJgLw,0,badcase,无标签、标题或近期内容证据，无法判断适合宠物食品推广
301,UCLxTv2fWrXGBOlhDbeuM4iQ,SAHAI  LAO,https://cn--xtb.noxinfluencer.com/youtube/channel/UCLxTv2fWrXGBOlhDbeuM4iQ,-24,badcase,搞笑宠物娱乐频道，无宠物食品/营养/购买意图内容
302,UCdB-EiDI1N_TlcqNofYxt1g,VLGM,https://cn--xtb.noxinfluencer.com/youtube/channel/UCdB-EiDI1N_TlcqNofYxt1g,-19,badcase,宠物故事/AI叙事为主，和宠粮推广格式错配
304,UCN0gqOFUoyBlzf8uI0N0GdA,7k Vlogger,https://cn--xtb.noxinfluencer.com/youtube/channel/UCN0gqOFUoyBlzf8uI0N0GdA,-10,badcase,主标签偏新闻旅游，宠物相关信号很弱
305,UC_8Di3Gdifhh0CJ5QV7JxqA,ARIA Athletic,https://cn--xtb.noxinfluencer.com/youtube/channel/UC_8Di3Gdifhh0CJ5QV7JxqA,-6,badcase,宠物受众相关，但偏可爱娱乐/异宠展示，无宠物食品或营养内容
306,UCV3s7u8f74_3AJEDhsMdwrw,Mozart animation,https://cn--xtb.noxinfluencer.com/youtube/channel/UCV3s7u8f74_3AJEDhsMdwrw,-30,badcase,泛娱乐动画频道，宠物故事不等于宠物食品推广语境
308,UCcHI6vni9bBzUfdjOXG__6w,Loving Blazer8,https://cn--xtb.noxinfluencer.com/youtube/channel/UCcHI6vni9bBzUfdjOXG__6w,-7,badcase,无明确类目，内容以脑测/驾驶/杂谈为主，宠物内容不成频道主体
309,UCdhax-hLn2XkgODlgHKervA,Mr SAM,https://cn--xtb.noxinfluencer.com/youtube/channel/UCdhax-hLn2XkgODlgHKervA,-9,badcase,主内容是野生动物/ASMR吃食，不是宠物喂养或宠粮购买场景
310,UCnzQ-2lqPh0v63635U6CbyQ,Rarepixart アニメーション,https://cn--xtb.noxinfluencer.com/youtube/channel/UCnzQ-2lqPh0v63635U6CbyQ,-20,badcase,ASMR/睡眠放松型频道，宠物词只是题材点缀，不适合宠粮推广
311,UCUSG2eMDryFyEG3RHfrbAbA,Piano Matty B,https://cn--xtb.noxinfluencer.com/youtube/channel/UCUSG2eMDryFyEG3RHfrbAbA,-10,badcase,音乐/金融频道，近期多为钢琴和比特币内容，与宠粮推广无关
313,UCwdF5T4p6a8jVwRKiVbL_og,Relaxing with Rashin's World  ☺️,https://cn--xtb.noxinfluencer.com/youtube/channel/UCwdF5T4p6a8jVwRKiVbL_og,-7,badcase,以放松自然内容为主，虽有宠物/食物标签，但不适合宠粮推广
316,UCS90fnFzA45UHuKYEYPLqVw,Fred the Motivational Cat,https://cn--xtb.noxinfluencer.com/youtube/channel/UCS90fnFzA45UHuKYEYPLqVw,-22,badcase,娱乐/ASMR为主，内容偏人类食物，不适合宠物粮推广
317,UC-OIGKMBTHmmhqzr6t-1PqA,Creature Battle World,https://cn--xtb.noxinfluencer.com/youtube/channel/UC-OIGKMBTHmmhqzr6t-1PqA,-25,badcase,怪兽影视娱乐为主，和宠物粮投放场景明显不符
318,UCahcKgQHBOol6H7OsAyKaXw,ListentoThistory,https://cn--xtb.noxinfluencer.com/youtube/channel/UCahcKgQHBOol6H7OsAyKaXw,-7,badcase,以野生动物/趣味宠物内容为主，缺少宠物食品购买或营养语境
321,UCkVOIEsplWXTG-bAUxj776g,BabyLoss,https://cn--xtb.noxinfluencer.com/youtube/channel/UCkVOIEsplWXTG-bAUxj776g,-25,badcase,AI剧情短视频，宠物食品投放场景不匹配，近期内容均无关
322,UCu2BZsT96ppgpflKIVxxk9w,Ashley Rolland,https://cn--xtb.noxinfluencer.com/youtube/channel/UCu2BZsT96ppgpflKIVxxk9w,-8,badcase,以人类饮食和旅游为主，缺少宠物受众与购买语境
323,UCOPGxEVpJWFa7dgXZwvBqHQ,Purppp,https://cn--xtb.noxinfluencer.com/youtube/channel/UCOPGxEVpJWFa7dgXZwvBqHQ,-25,badcase,游戏娱乐频道，和宠物食品推广受众及场景都不符
326,UCyxWxWMuQ4nTL4v8FGKHRPg,Hunter from the steppe,https://cn--xtb.noxinfluencer.com/youtube/channel/UCyxWxWMuQ4nTL4v8FGKHRPg,-25,badcase,野生猛禽/狩猎频道，和宠物食品投放受众不符
327,UCAd-byvbS4Raky9jk-5xNKQ,Funny Cute,https://cn--xtb.noxinfluencer.com/youtube/channel/UCAd-byvbS4Raky9jk-5xNKQ,-8,badcase,狗吃播有宠物受众，但ASMR/吃播形式不利于宠物食品投放
328,UCmXVnBkIgC9MtpX6Y-zQUdg,Furryfriends,https://cn--xtb.noxinfluencer.com/youtube/channel/UCmXVnBkIgC9MtpX6Y-zQUdg,-7,badcase,只有宠物泛受众，缺少食品/购买意图，近期也偏娱乐
329,UC6bfxALtV9aJVfYy5Af-k5Q,PH Animated,https://cn--xtb.noxinfluencer.com/youtube/channel/UC6bfxALtV9aJVfYy5Af-k5Q,-25,badcase,玩具/枪战动画向，和宠物食品推广场景明显不符
330,UCD9xTQFrkqjlu_BnlvQuUww,Hik Hak,https://cn--xtb.noxinfluencer.com/youtube/channel/UCD9xTQFrkqjlu_BnlvQuUww,-25,badcase,人类吃播/ASMR频道，不适合做宠物食品创作者召回
331,UCCJPt2eTQui4wqD_LHKKrzw,Curtis Bryant Jr.,https://cn--xtb.noxinfluencer.com/youtube/channel/UCCJPt2eTQui4wqD_LHKKrzw,-25,badcase,动画娱乐频道，最新内容多为卡通片段，不适合宠物食品推广
332,UCiPWz-JTsRgoJ7amJ5dNcnw,Spicy Bong,https://cn--xtb.noxinfluencer.com/youtube/channel/UCiPWz-JTsRgoJ7amJ5dNcnw,-9,badcase,美食频道为主，只有泛宠物标签，近期内容与宠物食品转化不匹配
334,UCE92zxebwQrtjDkNnrzET8Q,FlashRift,https://cn--xtb.noxinfluencer.com/youtube/channel/UCE92zxebwQrtjDkNnrzET8Q,-25,badcase,吃播娱乐频道，偏挑战和搞笑，不适合宠物食品推广
337,UCupGElC_Zfntjx0WGpiZL2g,Joe's AI Pets,https://cn--xtb.noxinfluencer.com/youtube/channel/UCupGElC_Zfntjx0WGpiZL2g,-20,badcase,AI宠物剧情动画号，偏娱乐叙事，不适合宠粮投放
339,UC96MhmjrMeuJmmn68pz8f6g,BAIG & THE CITY,https://cn--xtb.noxinfluencer.com/youtube/channel/UC96MhmjrMeuJmmn68pz8f6g,-8,badcase,旅行生活泛流量号，最近多为杂内容，宠物食品相关性弱
340,UCJhuvWC9z2ElPQl98fFORUA,The 1Hours Master,https://cn--xtb.noxinfluencer.com/youtube/channel/UCJhuvWC9z2ElPQl98fFORUA,-19,badcase,游戏娱乐叙事号，近况多为动物剧情短片，和宠粮推广不匹配
342,UC4VlS53vBdKp6qr9sn-LPTQ,HayaRudo,https://cn--xtb.noxinfluencer.com/youtube/channel/UC4VlS53vBdKp6qr9sn-LPTQ,-16,badcase,脑洞/游戏梗内容，和宠物食品推广的受众与场景都不匹配
343,UCsVeU0Jnt_htUsELhu3Zsaw,Pixelator,https://cn--xtb.noxinfluencer.com/youtube/channel/UCsVeU0Jnt_htUsELhu3Zsaw,-23,badcase,ASMR/睡眠型内容是强格式错配，不适合做宠物食品推广
344,UCY7VS2WYmrgK01oyyoqqxzQ,adstory,https://cn--xtb.noxinfluencer.com/youtube/channel/UCY7VS2WYmrgK01oyyoqqxzQ,-25,badcase,以影视解说/动物娱乐为主，缺少宠物食品相关购买或喂养意图
345,UC6kSuJr56iIZ5j9aedICK-g,RANA HARIS SAJJAD RHS,https://cn--xtb.noxinfluencer.com/youtube/channel/UC6kSuJr56iIZ5j9aedICK-g,-25,badcase,以吃播/搞笑宠物梗为主，缺少宠物食品的喂养或购买意图
346,UCki_FFYs3ORnEZwXrs3914Q,AAYDOT Factory,https://cn--xtb.noxinfluencer.com/youtube/channel/UCki_FFYs3ORnEZwXrs3914Q,-25,badcase,喜剧梗图号，近期全是人类饮食/搞笑内容，与宠物食品促销场景不符
347,UCYx905GGQZqYyTz6xxo6uMQ,MOONBANG,https://cn--xtb.noxinfluencer.com/youtube/channel/UCYx905GGQZqYyTz6xxo6uMQ,-25,badcase,吃播/挑战型人类美食频道，偏娱乐而非宠物喂养购买语境
350,UCYzsNtW7g1c6lZzk4AVMrFw,Musical Paws,https://cn--xtb.noxinfluencer.com/youtube/channel/UCYzsNtW7g1c6lZzk4AVMrFw,-25,badcase,宠物音乐/安抚睡眠频道，音频放松格式与宠物食品推广明显不匹配
351,UCCHe5Q0pFE1RhdwfZTE6_oA,Morton Teddy Waffles 🧇,https://cn--xtb.noxinfluencer.com/youtube/channel/UCCHe5Q0pFE1RhdwfZTE6_oA,-8,badcase,宠物受众有，但偏狗狗娱乐，近10条缺少喂养/商品场景
352,UCB1lJ2PkWqCyPIYbnsNXJIQ,Lifestyle with Bano,https://cn--xtb.noxinfluencer.com/youtube/channel/UCB1lJ2PkWqCyPIYbnsNXJIQ,-10,badcase,内容主轴是天气/雪景，和宠物食品推广几乎无关
353,UCMXMVFrlIM6iT36rKbtqWRg,ANIMAL MIX CHANNEL2,https://cn--xtb.noxinfluencer.com/youtube/channel/UCMXMVFrlIM6iT36rKbtqWRg,-25,badcase,以mukbang/挑战型娱乐为主，不适合宠粮推广
356,UC7KRkVHDMvKIgJKe-xuRFDg,Memorial_Light,https://cn--xtb.noxinfluencer.com/youtube/channel/UC7KRkVHDMvKIgJKe-xuRFDg,-5,badcase,宠物悼念/纪念内容为主，缺少宠物食品购买或测评语境
357,UCK0W43oB745J_xz0gKHHbNA,Yaoyao Theater,https://cn--xtb.noxinfluencer.com/youtube/channel/UCK0W43oB745J_xz0gKHHbNA,-10,badcase,人类吃播美食号，和宠物食品投放场景不匹配
359,UCZSYEQTR9enzrObYX5Dgwrg,Animal Wildlife Wonders,https://cn--xtb.noxinfluencer.com/youtube/channel/UCZSYEQTR9enzrObYX5Dgwrg,-10,badcase,内容偏野生动物/泛宠物，缺少宠物食品购买或喂养语境
361,UC0JJhHjmKxMTupspHcUmqbQ,Carnivore Family,https://cn--xtb.noxinfluencer.com/youtube/channel/UC0JJhHjmKxMTupspHcUmqbQ,-10,badcase,人类肉食饮食频道，和宠物食品推广受众不符
363,UCNRYeZCNHptFL4HXHbK5LhA,A CRAZY KITTEN CABOODLE,https://cn--xtb.noxinfluencer.com/youtube/channel/UCNRYeZCNHptFL4HXHbK5LhA,-16,badcase,猫咪ASMR为主，偏沉浸式音频，宠物食品投放格式不匹配
364,UCK2RPT2LsUicP5yVBWgmaPg,Swancy and our Family,https://cn--xtb.noxinfluencer.com/youtube/channel/UCK2RPT2LsUicP5yVBWgmaPg,-8,badcase,只有泛宠物标签，内容偏自然/野生动物，宠物食品相关性弱
365,UC5L1_tBWqrwObO20Cb0H51A,Ronkkhs,https://cn--xtb.noxinfluencer.com/youtube/channel/UC5L1_tBWqrwObO20Cb0H51A,-16,badcase,宠物娱乐剧情号，标签和内容都偏表演，不适合卖宠物食品
366,UCFNcK8z8QpsJSd9Awyi9PAw,Cash Oakley Entertainment,https://cn--xtb.noxinfluencer.com/youtube/channel/UCFNcK8z8QpsJSd9Awyi9PAw,-8,badcase,游戏/娱乐为主，宠物食品受众弱，近期内容与宠粮推广不匹配
368,UCKwovrtpDqZM-dbK9pU-XjQ,Info US spark,https://cn--xtb.noxinfluencer.com/youtube/channel/UCKwovrtpDqZM-dbK9pU-XjQ,-10,badcase,手工/搞笑变形内容为主，与宠物食品推广几乎无关
370,UC908JBtxCpIZncqFFNkH9bg,Crazy Dave's Kitchen,https://cn--xtb.noxinfluencer.com/youtube/channel/UC908JBtxCpIZncqFFNkH9bg,-9,badcase,厨房测评为主，偶有狗零食但整体是人类食物内容，不适合宠粮
371,UCTV2XHTz2Gs3soEuXY1KwuA,Official DinoDino,https://cn--xtb.noxinfluencer.com/youtube/channel/UCTV2XHTz2Gs3soEuXY1KwuA,-6,badcase,娱乐恐龙频道，缺少宠物食品/购买相关语境，近期内容也不匹配
372,UCqS2MHhJBq4_xOJcR7Bw2GQ,cat fun,https://cn--xtb.noxinfluencer.com/youtube/channel/UCqS2MHhJBq4_xOJcR7Bw2GQ,-8,badcase,宠物相关但仅限搞笑动物内容，缺少宠物食品/喂养/购买信号，近10条全不匹配
373,UCzxMzCoA77DkpMOe36iOwXw,BIRDS LIFE,https://cn--xtb.noxinfluencer.com/youtube/channel/UCzxMzCoA77DkpMOe36iOwXw,-21,badcase,宠物/动物泛标签但主体是鸟类自然+ASMR短视频，缺少宠物食品推广场景
374,UCnpr6Irw9gQlqlrpXA89rzg,Cream on Tales,https://cn--xtb.noxinfluencer.com/youtube/channel/UCnpr6Irw9gQlqlrpXA89rzg,-20,badcase,犬类搞笑娱乐号，只有泛宠物受众，缺少喂食/购买意图，最近10条全是娱乐内容
375,UCPRTrW2o-N5LIVqhL818yfA,AstroBraid,https://cn--xtb.noxinfluencer.com/youtube/channel/UCPRTrW2o-N5LIVqhL818yfA,-37,badcase,娱乐/影视+ASMR，最近内容均非宠物食品推广场景
376,UC6_MH7bM2O513BJKjADsmTg,See Their Movement,https://cn--xtb.noxinfluencer.com/youtube/channel/UC6_MH7bM2O513BJKjADsmTg,-10,badcase,近期全是野鸟/松鼠喂食，和宠物食品推广不匹配
377,UCNvxdwLna4LPfHDdspC6eBw,PeakTide,https://cn--xtb.noxinfluencer.com/youtube/channel/UCNvxdwLna4LPfHDdspC6eBw,-25,badcase,mukbang/娱乐型频道，最近内容也全是吃播挑战，卖宠物食品不合适
379,UCQKU7Yfb5HOKGJ63QmfTSmw,Simple Flame,https://cn--xtb.noxinfluencer.com/youtube/channel/UCQKU7Yfb5HOKGJ63QmfTSmw,-25,badcase,拟人化猫咪剧情内容为主，和宠物食品推广不搭
380,UCWvM8PmmGslBxZUngEAyXAg,Survival HT,https://cn--xtb.noxinfluencer.com/youtube/channel/UCWvM8PmmGslBxZUngEAyXAg,-10,badcase,以生存/农场自制内容为主，和宠物食品投放关联弱
381,UCJlmA0u17Xosx4QxsEm54Fw,SlipperSquad9,https://cn--xtb.noxinfluencer.com/youtube/channel/UCJlmA0u17Xosx4QxsEm54Fw,-19,badcase,娱乐喜剧频道为主，非宠物食品投放场景，近期虽有宠物内容但不稳定
382,UCxSKmTWT7QB-14xHlV2pROA,Hupalala kids,https://cn--xtb.noxinfluencer.com/youtube/channel/UCxSKmTWT7QB-14xHlV2pROA,-37,badcase,游戏/儿童向频道，且近期ASMR猫吃播属格式错配，不适合宠物食品推广
387,UCSXO5Xyp5RYz2qUG6kR1_xQ,Cezefo Mizola,https://cn--xtb.noxinfluencer.com/youtube/channel/UCSXO5Xyp5RYz2qUG6kR1_xQ,-20,badcase,娱乐搞笑短视频为主，缺少宠物食品投放所需的喂养或购买意图
390,UC8zCNb-_sXRrL5rI_rDnDFQ,cute.animals,https://cn--xtb.noxinfluencer.com/youtube/channel/UC8zCNb-_sXRrL5rI_rDnDFQ,-9,badcase,泛动物萌宠频道，缺少宠物食品场景与购买意图
392,UCGH7Me3dnj_EC3-e-CCF_ZQ,Missouri Carnivore,https://cn--xtb.noxinfluencer.com/youtube/channel/UCGH7Me3dnj_EC3-e-CCF_ZQ,-10,badcase,人类生酮烹饪号，和宠物食品无关
393,UCCX6KNBjU2EgZaOL41AxzPQ,Catto Cream,https://cn--xtb.noxinfluencer.com/youtube/channel/UCCX6KNBjU2EgZaOL41AxzPQ,-25,badcase,ASMR娱乐向，强格式错配，宠物食品不适合
397,UCrKTdhjQEKyrUf0BGEBA-yQ,Dang Ngoc Thanh,https://cn--xtb.noxinfluencer.com/youtube/channel/UCrKTdhjQEKyrUf0BGEBA-yQ,-8,badcase,以猴子/宝宝内容为主，和宠物食品投放关联弱
400,UCI5GSbD8bFUbPQkHXpa-Mcw,Konco Movie,https://cn--xtb.noxinfluencer.com/youtube/channel/UCI5GSbD8bFUbPQkHXpa-Mcw,-25,badcase,影视故事号，娱乐属性强，与宠物食品推广明显不符
401,UCrKTdhjQEKyrUf0BGEBA-yQ,Dang Ngoc Thanh,https://cn--xtb.noxinfluencer.com/youtube/channel/UCrKTdhjQEKyrUf0BGEBA-yQ,-7,badcase,动物/猴子短视频为主，缺少宠物食品营养或购买推广语境
402,UCHGUjZN-BWnJa37jpAm01EA,The Paws Hub,https://cn--xtb.noxinfluencer.com/youtube/channel/UCHGUjZN-BWnJa37jpAm01EA,-17,badcase,犬类娱乐短视频号，缺少宠物食品购买/营养语境，最近内容全不匹配
404,UCI5GSbD8bFUbPQkHXpa-Mcw,Konco Movie,https://cn--xtb.noxinfluencer.com/youtube/channel/UCI5GSbD8bFUbPQkHXpa-Mcw,-25,badcase,影视剧情号为主，近10条全无宠粮/宠物食品意图
406,UCyCQkqqeTUkXtN37XOCcLqw,Paws & Joy,https://cn--xtb.noxinfluencer.com/youtube/channel/UCyCQkqqeTUkXtN37XOCcLqw,-10,badcase,动物救援/温情短剧为主，缺少宠物食品、营养或购买意图
407,UClU5ZlVKBbaoqxXp2_DBEFA,Florence Frausto,https://cn--xtb.noxinfluencer.com/youtube/channel/UClU5ZlVKBbaoqxXp2_DBEFA,-15,badcase,人类熟食/地方美食为主，与宠物食品推广不匹配
408,UCdcV7p6Sawd2m1MKCo2eq7g,Tyra Nichole TV 2.0,https://cn--xtb.noxinfluencer.com/youtube/channel/UCdcV7p6Sawd2m1MKCo2eq7g,-15,badcase,娱乐搞笑为主，猫内容多但缺少宠物食品语境
409,UCsv-rlzrrZ7HkyJv_ut98rQ,PVH CineMundo,https://cn--xtb.noxinfluencer.com/youtube/channel/UCsv-rlzrrZ7HkyJv_ut98rQ,-17,badcase,以TikTok娱乐/人类美食和萌宠搞笑为主，缺少宠物食品/营养推广意图
411,UCZCNmVxQzO3nul932fXZk2A,Birder TV,https://cn--xtb.noxinfluencer.com/youtube/channel/UCZCNmVxQzO3nul932fXZk2A,-22,badcase,自然放松类鸟类频道，与宠物食品推广场景不匹配
417,UCQk8DZ921nedvrvAmXybQCA,Friendly Puppy,https://cn--xtb.noxinfluencer.com/youtube/channel/UCQk8DZ921nedvrvAmXybQCA,-22,badcase,卡通故事娱乐向，缺少宠粮购买/测评意图，偏不适合
419,UCSImY1ESq-4Bg8Sf3DI0jHw,ZooTube,https://cn--xtb.noxinfluencer.com/youtube/channel/UCSImY1ESq-4Bg8Sf3DI0jHw,-9,badcase,有宠物受众但缺少宠粮标签，近期多为狗狗娱乐内容
420,UCpHU6MlReJtX5n5lq-GtK_A,sunny,https://cn--xtb.noxinfluencer.com/youtube/channel/UCpHU6MlReJtX5n5lq-GtK_A,0,badcase,无明确宠粮标签，主要是狗狗娱乐短内容
421,UCvYa3Ex5A81IvYmWQSEsU1A,Botum-បូទុម,https://cn--xtb.noxinfluencer.com/youtube/channel/UCvYa3Ex5A81IvYmWQSEsU1A,-15,badcase,宝宝娱乐内容，缺少宠物受众与宠物食品场景
424,UC65_EILe3yF8Pq_72kfEZxg,Zeeshology,https://cn--xtb.noxinfluencer.com/youtube/channel/UC65_EILe3yF8Pq_72kfEZxg,-10,badcase,AI故事和泛娱乐为主，宠物食品相关性弱
425,UCbrg5BN6m1ktKDjGY9NrwVQ,HORM POSTING,https://cn--xtb.noxinfluencer.com/youtube/channel/UCbrg5BN6m1ktKDjGY9NrwVQ,-25,badcase,音乐混剪和售卖音响为主，和宠物食品场景不符
427,UCXbbhouEAx8118LrTNnMUmw,MumshiebelsOfficial,https://cn--xtb.noxinfluencer.com/youtube/channel/UCXbbhouEAx8118LrTNnMUmw,-10,badcase,主内容是游戏/短视频，只有零散宠物元素，和宠物食品推广不匹配
428,UCZf97aoIAaIWMefvet4NdBA,Quick Facts,https://cn--xtb.noxinfluencer.com/youtube/channel/UCZf97aoIAaIWMefvet4NdBA,-22,badcase,动物故事类短片，偏剧情娱乐，不是宠物食品种草或评测场景
429,UC-EL-wI3yzqkHVod1WKegRg,Skibidi Shorts YT,https://cn--xtb.noxinfluencer.com/youtube/channel/UC-EL-wI3yzqkHVod1WKegRg,-18,badcase,萌宠短片偏娱乐表演，非宠物食品购买/评测场景，推广转化弱
430,UC28TyHQyDYz2GcevHn6YzRw,Marianna Amore,https://cn--xtb.noxinfluencer.com/youtube/channel/UC28TyHQyDYz2GcevHn6YzRw,-6,badcase,以做饭和家庭内容为主，宠物内容零散，和宠物食品推广相关性弱
432,UCGU9meky8d7vOf5ymtOzM0g,Den Dogma,https://cn--xtb.noxinfluencer.com/youtube/channel/UCGU9meky8d7vOf5ymtOzM0g,-25,badcase,宠物娱乐音乐频道，缺少宠物食品/营养/购买意图内容
433,UCHEf6T_gVq4tlW5i91ESiWg,People Vs Food,https://cn--xtb.noxinfluencer.com/youtube/channel/UCHEf6T_gVq4tlW5i91ESiWg,-35,badcase,人类食品挑战/反应内容为主，与宠物食品投放目标明显不符
435,UCsb26ITnYA28h6FebnuzcWA,Abbey the Food Scientist,https://cn--xtb.noxinfluencer.com/youtube/channel/UCsb26ITnYA28h6FebnuzcWA,-9,badcase,偏人类食品科学与饮食话题，近10条也多不匹配宠物食品
436,UC5LR9Z3GgHhO2FfWM-uUjVg,meow,https://cn--xtb.noxinfluencer.com/youtube/channel/UC5LR9Z3GgHhO2FfWM-uUjVg,-20,badcase,以娱乐短视频为主，宠物内容无食品/营养意图，近10条全不匹配
437,UCQeSqKQ4vI6OcvbQz2uPttQ,Henry & Jane,https://cn--xtb.noxinfluencer.com/youtube/channel/UCQeSqKQ4vI6OcvbQz2uPttQ,-25,badcase,ASMR工具评测频道，缺少宠物食品受众，格式与品类都不匹配
438,UCaK9HAueyzy448HKIo_qSfA,Funny Animal Kingdom,https://cn--xtb.noxinfluencer.com/youtube/channel/UCaK9HAueyzy448HKIo_qSfA,-23,badcase,以宠物搞笑内容为主，受众有宠物但缺少食品或营养场景
441,UCfXrT9kVG9uGZlSLOga3o-g,李百万和鸡毛🪶,https://cn--xtb.noxinfluencer.com/youtube/channel/UCfXrT9kVG9uGZlSLOga3o-g,-15,badcase,频道偏娱乐/萌宠短内容，无宠物食品、营养或购买意图
444,UCyofhWEirBVoly3WZpFl8JQ,9malls,https://cn--xtb.noxinfluencer.com/youtube/channel/UCyofhWEirBVoly3WZpFl8JQ,-8,badcase,仅有泛食品/烹饪标签，近期全是通用测评，与宠物食品推广不匹配
447,UCKw1MZH-bLLrA9dC5JngR4g,Lovers Garden,https://cn--xtb.noxinfluencer.com/youtube/channel/UCKw1MZH-bLLrA9dC5JngR4g,-11,badcase,AI猫梗和搞笑短片为主，推广宠物食品的转化意图弱
449,UCBw7lRFpLSj-iPwJvz22cLw,Sophear Sann,https://cn--xtb.noxinfluencer.com/youtube/channel/UCBw7lRFpLSj-iPwJvz22cLw,-8,badcase,以海鲜、街食、钓鱼为主，和宠物食品推广偏离
450,UCzoQHt1gNLcYTbu1WNg9TSw,uugfjf,https://cn--xtb.noxinfluencer.com/youtube/channel/UCzoQHt1gNLcYTbu1WNg9TSw,-18,badcase,以搞笑梗和泛娱乐为主，宠物相关极少
451,UCnMliue5czkXrM0W2njs-YQ,Geraldine Lao,https://cn--xtb.noxinfluencer.com/youtube/channel/UCnMliue5czkXrM0W2njs-YQ,-9,badcase,偏人类生活/食物内容，缺少宠物喂养语境，近期也不相关
453,UCrNYtKz755QAfKAoz2YwbCg,Pup_tales,https://cn--xtb.noxinfluencer.com/youtube/channel/UCrNYtKz755QAfKAoz2YwbCg,-21,badcase,剧情短视频娱乐向，和宠物食品推广的购买场景明显错位
454,UCEUFZNjn-N8tk6d7jfnYc0A,House of Geckos,https://cn--xtb.noxinfluencer.com/youtube/channel/UCEUFZNjn-N8tk6d7jfnYc0A,-19,badcase,主标签偏游戏娱乐，近期多农场/杂项，宠物食品推广相关性弱
455,UC1-TNq8wXuDLFlfvNlTmC-g,Jim Langley,https://cn--xtb.noxinfluencer.com/youtube/channel/UC1-TNq8wXuDLFlfvNlTmC-g,-10,badcase,近期全是人类食物/生活内容，没有宠物食品受众信号
456,UCeplTV8hSa1HuZTx6GB5lMA,Pet park,https://cn--xtb.noxinfluencer.com/youtube/channel/UCeplTV8hSa1HuZTx6GB5lMA,-6,badcase,宠物娱乐号，只有泛宠物受众信号，近期内容与宠物食品推广不匹配
457,UC9K0iNLt76ctc3-KClOetDw,Sterlings Critters,https://cn--xtb.noxinfluencer.com/youtube/channel/UC9K0iNLt76ctc3-KClOetDw,-5,badcase,萌犬娱乐为主，只有少量狗粮语境，商业推广支撑不足
458,UCGhRU_UGFnzf5N_8W5VV9hg,Daniel Rosensand,https://cn--xtb.noxinfluencer.com/youtube/channel/UCGhRU_UGFnzf5N_8W5VV9hg,-25,badcase,人类营养健康频道，受众与宠物食品完全错位
461,UCgYN2zhWiqUZTeL5Bog6zEQ,Pebble's TV,https://cn--xtb.noxinfluencer.com/youtube/channel/UCgYN2zhWiqUZTeL5Bog6zEQ,-8,badcase,宠物泛娱乐号，近10条全是AI/动漫内容，缺少宠物食品购买意图
462,UCrHXn9pTiIx9tV_x4hg2IzQ,Dog World,https://cn--xtb.noxinfluencer.com/youtube/channel/UCrHXn9pTiIx9tV_x4hg2IzQ,-4,badcase,狗类受众相关，但近10条几乎都是犬种百科，缺少喂养购买意图
463,UC3GDv-2Knmgj9Av2dlFid6g,SIETE,https://cn--xtb.noxinfluencer.com/youtube/channel/UC3GDv-2Knmgj9Av2dlFid6g,-24,badcase,音乐娱乐频道，近内容几乎都不相关，缺少宠物食品/购买意图
464,UCl0E-roj6N93XTVS0RaJefQ,zizizaza-w2b,https://cn--xtb.noxinfluencer.com/youtube/channel/UCl0E-roj6N93XTVS0RaJefQ,-17,badcase,宠物狗娱乐向频道，近10条均为叙事内容，缺少宠粮/购买意图
465,UCCEYjuTF8-Z_tGR2m94Zq0A,AnoonStory,https://cn--xtb.noxinfluencer.com/youtube/channel/UCCEYjuTF8-Z_tGR2m94Zq0A,-25,badcase,宠物受众但以动物故事娱乐为主，缺少宠物食品种草/购买语境
467,UCCf1vGng6rsT3IVs6uPdRWw,SAACutepets,https://cn--xtb.noxinfluencer.com/youtube/channel/UCCf1vGng6rsT3IVs6uPdRWw,-19,badcase,主轴是农机/爬宠杂内容，和宠粮投放人群不匹配
469,UCvGVV3gTmNbNo4H7iDRHuiQ,Vova siêu quậy,https://cn--xtb.noxinfluencer.com/youtube/channel/UCvGVV3gTmNbNo4H7iDRHuiQ,-25,badcase,短剧式猫狗剧情，娱乐属性强，不适合宠粮推广
470,UCf234XHP264ClaEY2L8XVBQ,Evermore New Materials,https://cn--xtb.noxinfluencer.com/youtube/channel/UCf234XHP264ClaEY2L8XVBQ,-15,badcase,偏宠物用品代工/ASMR展示，不是宠粮创作者场景
472,UCv3IJ57hpYo4aNuQk5g2U1A,World Street Food,https://cn--xtb.noxinfluencer.com/youtube/channel/UCv3IJ57hpYo4aNuQk5g2U1A,-25,badcase,人类街食+ASMR，且最新10条全不匹配宠物食品
474,UC2DbA6m-AYz_sWdJKBe3HpQ,Wild Feelings,https://cn--xtb.noxinfluencer.com/youtube/channel/UC2DbA6m-AYz_sWdJKBe3HpQ,-12,badcase,仅宠物泛娱乐受众，无食品/营养/购买意图，近热视频不匹配
478,UC8G0XFbyEYQKFfkuaWs83hg,Rachael's Place,https://cn--xtb.noxinfluencer.com/youtube/channel/UC8G0XFbyEYQKFfkuaWs83hg,-10,badcase,近10条几乎全是人类食物/美妆/节日内容
479,UCqFIzwDrmyYlQZ34QPLqAUw,MD 168,https://cn--xtb.noxinfluencer.com/youtube/channel/UCqFIzwDrmyYlQZ34QPLqAUw,-22,badcase,ASMR+烹饪为主，属于明显推广格式错配
481,UCHKA4ilqp-FgRRk3Lcr22cA,AK GAMING,https://cn--xtb.noxinfluencer.com/youtube/channel/UCHKA4ilqp-FgRRk3Lcr22cA,-10,badcase,游戏娱乐号，近期内容几乎全不相关，宠物食品不匹配
482,UCQ2VbMYADGMAGxajJqFyRZQ,Life As Mareisa,https://cn--xtb.noxinfluencer.com/youtube/channel/UCQ2VbMYADGMAGxajJqFyRZQ,-21,badcase,泛娱乐音乐挑战为主，宠物食品推广意图弱，近期多为环氧地坪内容
483,UCaoMCk7CMuly5oV2ICABtsw,RAAZLOKA,https://cn--xtb.noxinfluencer.com/youtube/channel/UCaoMCk7CMuly5oV2ICABtsw,-20,badcase,电影解说娱乐号，故事化短视频为主，不适合宠物食品推广
484,UCMN2FY12nZDCo_T-uKwCZ-A,Creative Flower,https://cn--xtb.noxinfluencer.com/youtube/channel/UCMN2FY12nZDCo_T-uKwCZ-A,-10,badcase,频道标签以汽车为主，近期虽有宠物内容但缺少宠物食品意图
485,UCPmlYT_cc92Bnr946Nlk7VQ,ReactStorm,https://cn--xtb.noxinfluencer.com/youtube/channel/UCPmlYT_cc92Bnr946Nlk7VQ,-2,badcase,人类吃播娱乐号，与宠物食品推广对象不匹配
487,UC8Lx6ob1Jqa6VSMu3qrPX9g,Cat korner,https://cn--xtb.noxinfluencer.com/youtube/channel/UC8Lx6ob1Jqa6VSMu3qrPX9g,0,badcase,标签几乎全不相关，内容也不稳定，和宠物食品推广不匹配
489,UCdsaEN4J5G1mZuGo1VeWf3g,954rondell,https://cn--xtb.noxinfluencer.com/youtube/channel/UCdsaEN4J5G1mZuGo1VeWf3g,-25,badcase,ASMR食物向内容，属于强格式错配，几乎不适合宠物食品推广
490,UCa-_k0KFihSohgF9yFBJ6nA,sn maiw,https://cn--xtb.noxinfluencer.com/youtube/channel/UCa-_k0KFihSohgF9yFBJ6nA,-17,badcase,娱乐搞笑短视频为主，虽有宠物词但无宠物食品推广意图
491,UC6tXxxgkILZFi2VoSMNThWQ,The Golden War,https://cn--xtb.noxinfluencer.com/youtube/channel/UC6tXxxgkILZFi2VoSMNThWQ,-3,badcase,宠物内容偏娱乐萌宠，缺少宠物食品购买或喂养推广语境
492,UC1rjVYqDwA2i99CWyQOh7SQ,Mama to All,https://cn--xtb.noxinfluencer.com/youtube/channel/UC1rjVYqDwA2i99CWyQOh7SQ,-10,badcase,以人类省钱做饭为主，与宠物食品推广不符
493,UCO8elv7hqBBtN8gbMZJqLLw,Shenel’s Chronicles,https://cn--xtb.noxinfluencer.com/youtube/channel/UCO8elv7hqBBtN8gbMZJqLLw,-7,badcase,以家庭/吃喝/游戏混合内容为主，宠物食品相关性弱
495,UCKJcmgVrjQ8w3gHL-YpT_4g,unique marie,https://cn--xtb.noxinfluencer.com/youtube/channel/UCKJcmgVrjQ8w3gHL-YpT_4g,-9,badcase,人类吃播与料理为主，和宠物食品购买场景不匹配
496,UCQPQAXZO6QfVaUNm9KF0HLg,Brainhole Club,https://cn--xtb.noxinfluencer.com/youtube/channel/UCQPQAXZO6QfVaUNm9KF0HLg,-32,badcase,动物搞笑短剧/监控娱乐为主，缺少宠物食品护理或购买意图
497,UCAnkCat8wfZXXxYVROUAAOA,Spenceywentzy,https://cn--xtb.noxinfluencer.com/youtube/channel/UCAnkCat8wfZXXxYVROUAAOA,-10,badcase,以人类烹饪为主，几乎无宠物粮受众且近期内容不匹配
500,UCi_rXj63VWsZqIScKTZ35mg,Smile Vip,https://cn--xtb.noxinfluencer.com/youtube/channel/UCi_rXj63VWsZqIScKTZ35mg,-25,badcase,游戏娱乐频道，与宠物食品推广受众完全不符
4751,UCx9mz3A5TpbXx26lE387rBg,Sarah Dew,https://cn--xtb.noxinfluencer.com/youtube/channel/UCx9mz3A5TpbXx26lE387rBg,-10,badcase,娱乐短视频号，近期多为动物搞笑内容，但没有宠物食品或购买场景
4752,UC_osgg1WBkA6QHDqA9lHjfA,Adnannisa 12,https://cn--xtb.noxinfluencer.com/youtube/channel/UC_osgg1WBkA6QHDqA9lHjfA,-19,badcase,娱乐/ASMR混合频道，虽有宠物标签但缺少宠物食品或购买意图
4754,UCVi0qO4XXv5Ccj5gc8MFq_Q,Swoossh,https://cn--xtb.noxinfluencer.com/youtube/channel/UCVi0qO4XXv5Ccj5gc8MFq_Q,-25,badcase,游戏音乐娱乐向，近期以AI故事和搞笑内容为主，与宠物食品不相关
4757,UCEH9WDngMJ7tKqXOW_OuC-g,Ken - Coca and Sam,https://cn--xtb.noxinfluencer.com/youtube/channel/UCEH9WDngMJ7tKqXOW_OuC-g,-25,badcase,动画/故事/娱乐为主，和宠物食品推广场景明显不符
4758,UCFjMirUl1zJoTELW1UpLyAw,Smooth Shatter,https://cn--xtb.noxinfluencer.com/youtube/channel/UCFjMirUl1zJoTELW1UpLyAw,-24,badcase,ASMR/满足感内容是强格式错配，宠物食品推广不合适
4759,UCi5UW3NWF3b_rxyc2UL2fWw,AsmrTrend.AI1,https://cn--xtb.noxinfluencer.com/youtube/channel/UCi5UW3NWF3b_rxyc2UL2fWw,-22,badcase,ASMR+宠物可爱向，偏感官娱乐而非宠物食品转化
4760,UCQJ5MdT7OA9xkeJhy-nWpCw,Rescue Habit,https://cn--xtb.noxinfluencer.com/youtube/channel/UCQJ5MdT7OA9xkeJhy-nWpCw,-7,badcase,动物救援故事有宠物受众，但缺少喂养/购买意图
4762,UCP141nbYfZc0-n2zBszO1pQ,AI Maverick Hub,https://cn--xtb.noxinfluencer.com/youtube/channel/UCP141nbYfZc0-n2zBszO1pQ,-10,badcase,AI娱乐为主，近期多为AI/动物故事，不适合推宠粮
4763,UCwppeI4QAhqI1vVBlBScIXg,AllojzMex,https://cn--xtb.noxinfluencer.com/youtube/channel/UCwppeI4QAhqI1vVBlBScIXg,-24,badcase,宠物娱乐/AI短视频为主，无宠物食品营养或购买意图
4765,UCsiHLRLE876P4Ax1IUdIORg,Beyond Seattle Eats,https://cn--xtb.noxinfluencer.com/youtube/channel/UCsiHLRLE876P4Ax1IUdIORg,-20,badcase,人类吃播/辣评频道，与宠粮推广场景明显冲突
4766,UCp7ODUZ_0On7TFu0mlcY_UQ,Want to know,https://cn--xtb.noxinfluencer.com/youtube/channel/UCp7ODUZ_0On7TFu0mlcY_UQ,-10,badcase,以娱乐/猫视频为主，缺少宠物喂养或宠粮购买意图
4767,UCxSOyrXGmBwrBDNWCzIqf0g,Biology Era US,https://cn--xtb.noxinfluencer.com/youtube/channel/UCxSOyrXGmBwrBDNWCzIqf0g,-15,badcase,野生动物科普内容，和宠物食品推广场景明显不符
4768,UCSrJ8VzjcXYX5ME7Cm0N4ew,The Silver Crown,https://cn--xtb.noxinfluencer.com/youtube/channel/UCSrJ8VzjcXYX5ME7Cm0N4ew,-10,badcase,发型与备灾话题为主，和宠物食品无关
4769,UCYMAGcJAqD1CpgcZkfXcgFw,Coconut Foodies,https://cn--xtb.noxinfluencer.com/youtube/channel/UCYMAGcJAqD1CpgcZkfXcgFw,-9,badcase,有宠物标签但内容是切肉料理，缺少宠粮意图
4770,UCv0UHhf_FCtYARyE2ffHM_w,Stephanie Ho,https://cn--xtb.noxinfluencer.com/youtube/channel/UCv0UHhf_FCtYARyE2ffHM_w,-10,badcase,人类健身料理频道，几乎没有宠物食品相关信号
4771,UC0iiLOT3Jnefq_5Ohk2fJhg,Koen Funniest planet,https://cn--xtb.noxinfluencer.com/youtube/channel/UC0iiLOT3Jnefq_5Ohk2fJhg,-24,badcase,宠物搞笑动物频道，缺少宠物食品购买/测评场景，近期全是娱乐内容
4772,UCfShNDsyJS1eWNRwaefGfww,My Bizzy Kitchen,https://cn--xtb.noxinfluencer.com/youtube/channel/UCfShNDsyJS1eWNRwaefGfww,-25,badcase,人类减脂食谱频道，与宠物食品推广目标明显不符
4773,UCfpHr6-e0dp91MktRFjerxg,DERAYTHECOOK,https://cn--xtb.noxinfluencer.com/youtube/channel/UCfpHr6-e0dp91MktRFjerxg,-25,badcase,家庭烹饪/烘焙频道，非宠物食品受众，近期内容也不相关
4774,UCz7zifoVZU27jiOSlWJkRSg,sugar&sprinkles,https://cn--xtb.noxinfluencer.com/youtube/channel/UCz7zifoVZU27jiOSlWJkRSg,-10,badcase,泛食物与生活频道，缺少宠物食品意图，近期仍是普通做菜内容
4775,UCVCd0ugjzIS8rxcU22IalIw,Cute Animals,https://cn--xtb.noxinfluencer.com/youtube/channel/UCVCd0ugjzIS8rxcU22IalIw,-5,badcase,有宠物受众但无宠物食品/购买意图，近期仍是萌宠娱乐内容
4777,UCEDiHRbZ8GaEz36dWrneZdw,Mommy Joy's Life,https://cn--xtb.noxinfluencer.com/youtube/channel/UCEDiHRbZ8GaEz36dWrneZdw,-10,badcase,人类美食试吃为主，和宠粮推广目标不符
4778,UC_mTME_0z6pEteDMRUUwKlA,teddywang86,https://cn--xtb.noxinfluencer.com/youtube/channel/UC_mTME_0z6pEteDMRUUwKlA,-30,badcase,娱乐/AI短视频为主，缺少宠粮相关购买或测评语境
4781,UCaPeij8qhwufuWyP34MjpPg,Snack With Jack,https://cn--xtb.noxinfluencer.com/youtube/channel/UCaPeij8qhwufuWyP34MjpPg,-23,badcase,人类零食/ASMR/mukbang频道，缺少宠物受众，格式与宠物粮推广不匹配
4782,UCOJ_ga1ErSvre3x8VY26kZg,FluffyFlix,https://cn--xtb.noxinfluencer.com/youtube/channel/UCOJ_ga1ErSvre3x8VY26kZg,-8,badcase,宠物受众相关，但近10条全是剧情娱乐，缺少宠粮/喂养购买意图
4783,UCSD1Bbq2cIulkb0PKUOpuzQ,Freshh Cutz,https://cn--xtb.noxinfluencer.com/youtube/channel/UCSD1Bbq2cIulkb0PKUOpuzQ,-10,badcase,频道偏时尚旅行美食杂谈，缺少宠物食品相关信号，近10条也几乎全不匹配
4784,UCAk2d41OcKlwfLekkImXmrg,HTO Channel,https://cn--xtb.noxinfluencer.com/youtube/channel/UCAk2d41OcKlwfLekkImXmrg,-9,badcase,仅有pets弱相关，近期以泛娱乐/事实短视频为主，不适合宠物食品推广
4786,UCf0XzW-tDiN8Ggtn2NO-68g,Beautiful Rain,https://cn--xtb.noxinfluencer.com/youtube/channel/UCf0XzW-tDiN8Ggtn2NO-68g,-10,badcase,赛车/模拟游戏为主，几乎无宠粮受众或购买意图
4787,UCB_6F9f8u2ZtW42qE3beiuQ,The AI Cat Show24,https://cn--xtb.noxinfluencer.com/youtube/channel/UCB_6F9f8u2ZtW42qE3beiuQ,-17,badcase,猫宠物向但偏娱乐叙事，缺少宠粮购买或营养意图
4788,UCV7P4fK3HfYNqiqT7A8ho3w,Weekend Meals,https://cn--xtb.noxinfluencer.com/youtube/channel/UCV7P4fK3HfYNqiqT7A8ho3w,-25,badcase,人类美食/菜谱频道，和宠粮推广目标明显冲突
4789,UCE__rs21-hCMbyDpcLkAEkQ,Curiosity Dose,https://cn--xtb.noxinfluencer.com/youtube/channel/UCE__rs21-hCMbyDpcLkAEkQ,-25,badcase,娱乐短视频/ASMR叙事为主，宠粮推广适配度低
4790,UCRRFrHEwW6o5DqnvqCMBkgQ,Gyani Baba Tv,https://cn--xtb.noxinfluencer.com/youtube/channel/UCRRFrHEwW6o5DqnvqCMBkgQ,-25,badcase,影视娱乐短内容为主，和宠粮购买场景不符
4791,UCN_nU_ZHg0GG_yrOMOxZvMg,CANDY PLAY 🍭,https://cn--xtb.noxinfluencer.com/youtube/channel/UCN_nU_ZHg0GG_yrOMOxZvMg,-4,badcase,娱乐/泛生活内容为主，无宠物食品购买或喂养语境
4792,UCgzTRGf9J9ZZkK6Kp0IrTlw,Арнольд Йорк,https://cn--xtb.noxinfluencer.com/youtube/channel/UCgzTRGf9J9ZZkK6Kp0IrTlw,-20,badcase,熊类休闲/睡眠内容，和宠物食品投放目标不符
4793,UCQg_K3rP4JgF1f98dnBkhRg,MAX PLAYS,https://cn--xtb.noxinfluencer.com/youtube/channel/UCQg_K3rP4JgF1f98dnBkhRg,-20,badcase,游戏梗图/娱乐短视频，缺少宠物养护与购买语境
4794,UC4eAeeBGYqEDQnbLBmmhGNw,Sterling Andrews,https://cn--xtb.noxinfluencer.com/youtube/channel/UC4eAeeBGYqEDQnbLBmmhGNw,-20,badcase,怀旧玩具/音频娱乐号，不适合宠物食品推广
4796,UCyASog9V7u1BuHCIMA9ezNA,AI Fun Lab,https://cn--xtb.noxinfluencer.com/youtube/channel/UCyASog9V7u1BuHCIMA9ezNA,-35,badcase,娱乐AI剧情频道，近期多为故事演绎，和宠物食品推广明显不符
4797,UCzbwRC2SqE3MP_JKiqSKriw,Everyday life and nature,https://cn--xtb.noxinfluencer.com/youtube/channel/UCzbwRC2SqE3MP_JKiqSKriw,-9,badcase,有宠物泛相关，但近期主轴是鱼养殖/自然记录，转化很弱
4798,UCZM1i2Gjs5NESH3vzOVTVcA,RCRealness,https://cn--xtb.noxinfluencer.com/youtube/channel/UCZM1i2Gjs5NESH3vzOVTVcA,-30,badcase,反应喜剧频道为主，近期内容几乎全是娱乐段子
4799,UC1e8a2qzQXeqLDwxe2hMQiw,Small and Fragile Club,https://cn--xtb.noxinfluencer.com/youtube/channel/UC1e8a2qzQXeqLDwxe2hMQiw,-10,badcase,厨房器具和果汁内容为主，缺少宠物食品受众与购买场景
4800,UCIix6MklfJFywa_36iDj8Sw,Country Life Vlog,https://cn--xtb.noxinfluencer.com/youtube/channel/UCIix6MklfJFywa_36iDj8Sw,-25,badcase,ASMR乡村烹饪频道，偏放松内容，不适合宠物食品推广
4801,UCUfHg47K_0-MKVxT3XIgULg,Zero Filtered,https://cn--xtb.noxinfluencer.com/youtube/channel/UCUfHg47K_0-MKVxT3XIgULg,-20,badcase,播客娱乐剪辑，受众与宠物食品推广不匹配
4802,UCadNRCfIcXu_r4ISrqSVPzQ,Danielle Walker,https://cn--xtb.noxinfluencer.com/youtube/channel/UCadNRCfIcXu_r4ISrqSVPzQ,-10,badcase,家庭食谱频道，主要是人类饮食内容，宠物食品不相关
4803,UCrVaNXV11TdC-npdLIUjWtQ,Pretirement Days - Comfort Foods & More,https://cn--xtb.noxinfluencer.com/youtube/channel/UCrVaNXV11TdC-npdLIUjWtQ,-10,badcase,偏家庭美食内容，缺少宠物受众和宠物用品语境
4805,UCenCB3DDW0YQXj4C-P_RQrA,Minutka Time,https://cn--xtb.noxinfluencer.com/youtube/channel/UCenCB3DDW0YQXj4C-P_RQrA,-30,badcase,动物救援娱乐故事为主，无宠物食品/营养/购买意图
4807,UCDF2zg7vY6nu_DAHB73MDaw,Mario Saenz Landscaping Services,https://cn--xtb.noxinfluencer.com/youtube/channel/UCDF2zg7vY6nu_DAHB73MDaw,-10,badcase,草坪园艺内容为主，和宠物食品投放无关
4808,UCch0MQpK9BNdoEUG76Ez8WA,Bait & Whiskers,https://cn--xtb.noxinfluencer.com/youtube/channel/UCch0MQpK9BNdoEUG76Ez8WA,-35,badcase,野生动物攻击娱乐号，宠物食品受众和场景都不匹配
4809,UCxocaLJupm0RVhGJfUiJeEw,KOOLREIGN,https://cn--xtb.noxinfluencer.com/youtube/channel/UCxocaLJupm0RVhGJfUiJeEw,-10,badcase,频道标签偏体育娱乐，近期虽为狗宠短视频但无宠物食品推广意图
4812,UCxX62d3BMPHDAY5_9HmrT-Q,Spice Odyssey,https://cn--xtb.noxinfluencer.com/youtube/channel/UCxX62d3BMPHDAY5_9HmrT-Q,-10,badcase,以人类烹饪和食物为主，和宠粮推广场景不匹配
4814,UCmLkmyS8NBN9qZ67a1-lVqg,God loves the dog,https://cn--xtb.noxinfluencer.com/youtube/channel/UCmLkmyS8NBN9qZ67a1-lVqg,-22,badcase,犬类受众弱相关，但主打暖心救援故事短片，缺少宠物食品推广意图
4815,UCGxr14wfk5ChvniyowccMig,Cartoon for Dog,https://cn--xtb.noxinfluencer.com/youtube/channel/UCGxr14wfk5ChvniyowccMig,-25,badcase,狗狗音乐/安抚向内容，属于陪伴娱乐，不适合宠粮推广
4816,UCPcytsa_Y-l1O3vUuAre9yw,Toca targoo,https://cn--xtb.noxinfluencer.com/youtube/channel/UCPcytsa_Y-l1O3vUuAre9yw,-25,badcase,儿童卡通娱乐向，和宠物食品推广目标不匹配
4819,UCB6_qh0UBJy6pRrYfAS7Nug,Enoch Joyce,https://cn--xtb.noxinfluencer.com/youtube/channel/UCB6_qh0UBJy6pRrYfAS7Nug,-10,badcase,泛娱乐短视频，近期几乎无宠物食品相关信号
4820,UCZzQ3frwXHaFe3pu5QH8k5g,Yana Kids Stories,https://cn--xtb.noxinfluencer.com/youtube/channel/UCZzQ3frwXHaFe3pu5QH8k5g,-35,badcase,儿童故事/玩具娱乐向，宠物食品受众不匹配
4821,UCoPdqVGOsCjJ6D-FopQSokQ,WynnClips,https://cn--xtb.noxinfluencer.com/youtube/channel/UCoPdqVGOsCjJ6D-FopQSokQ,-25,badcase,音乐娱乐频道，缺少宠粮/喂养语境，最近内容全不相关
4822,UClFN9LShD_Pv0wnSeUKbUZw,That Little Puff,https://cn--xtb.noxinfluencer.com/youtube/channel/UClFN9LShD_Pv0wnSeUKbUZw,-20,badcase,宠物猫频道但以ASMR/娱乐为主，缺少宠粮推广语境
4823,UC-z1LnN_n7r5rIoIfXoqOGQ,MegaTica12,https://cn--xtb.noxinfluencer.com/youtube/channel/UC-z1LnN_n7r5rIoIfXoqOGQ,-10,badcase,美妆生活频道，几乎无宠粮相关信号，近期内容也不匹配
4826,UCGFxmpe0DiSceZyg5rY2s2w,Bunnybrownie🐰嘿尼 Bunni,https://cn--xtb.noxinfluencer.com/youtube/channel/UCGFxmpe0DiSceZyg5rY2s2w,-10,badcase,娱乐时尚号，最近内容与宠物食品推广几乎无关
4827,UC6JOpX-0Rezkv58Q1iQtSXg,Laugh Out Loud,https://cn--xtb.noxinfluencer.com/youtube/channel/UC6JOpX-0Rezkv58Q1iQtSXg,-25,badcase,搞笑动物/梗娱乐频道，缺少宠物食品评测或购买意图
4828,UCT6WCSbuWMVCRCjn8gGB-Jw,MegaTime01,https://cn--xtb.noxinfluencer.com/youtube/channel/UCT6WCSbuWMVCRCjn8gGB-Jw,-25,badcase,游戏悬疑频道，和宠物食品推广场景不匹配
4829,UCKDC_CLG-WTBRbOXF8ckrlg,Beach Forage King,https://cn--xtb.noxinfluencer.com/youtube/channel/UCKDC_CLG-WTBRbOXF8ckrlg,-25,badcase,海钓海鲜频道，受众与宠物食品不重合
4830,UCTVhmOZNFUbkGlgvt-e_JXA,FPSonidos,https://cn--xtb.noxinfluencer.com/youtube/channel/UCTVhmOZNFUbkGlgvt-e_JXA,-22,badcase,狗狗声音频道是音频型内容，不适合宠物食品投放
4832,UCglSLaOCSKy5zuKcywiWpGg,Making kulichiki from sand we learn color.,https://cn--xtb.noxinfluencer.com/youtube/channel/UCglSLaOCSKy5zuKcywiWpGg,-4,badcase,杂项儿童/动物内容，宠物受众弱，难承接宠粮推广
4834,UCxM6NHwoSpl5_bk9W5lM3Ag,King Daniel,https://cn--xtb.noxinfluencer.com/youtube/channel/UCxM6NHwoSpl5_bk9W5lM3Ag,-10,badcase,人类美食/生活 vlog 为主，与宠粮受众不符
4835,UCl7c_SJwjef6iTyr3U6TmmA,CHUE G,https://cn--xtb.noxinfluencer.com/youtube/channel/UCl7c_SJwjef6iTyr3U6TmmA,-35,badcase,ASMR吃播为主，强格式错配，不适合投宠粮
4837,UChr3MnSWbYdnJzarYhIbp4g,Md Hasan 21,https://cn--xtb.noxinfluencer.com/youtube/channel/UChr3MnSWbYdnJzarYhIbp4g,-7,badcase,故事向频道为主，近期仍有非宠物内容，不适合宠物食品推广
4838,UCarpzPWri21_-CP1_gILz7g,🌸midnight.rose🍄6.7,https://cn--xtb.noxinfluencer.com/youtube/channel/UCarpzPWri21_-CP1_gILz7g,-25,badcase,娱乐摔角向频道，近期内容几乎全不相关，宠物食品匹配很弱
4841,UCLQQtP8sWGPx5C08Kh2s6SA,Little Thumbelina Girl,https://cn--xtb.noxinfluencer.com/youtube/channel/UCLQQtP8sWGPx5C08Kh2s6SA,-9,badcase,仅有 pets 弱相关，近期全是松鼠娱乐内容，缺少宠粮投放场景
4844,UCtcEeoItlmaT2prjSvG3WsA,Pan Madre,https://cn--xtb.noxinfluencer.com/youtube/channel/UCtcEeoItlmaT2prjSvG3WsA,-10,badcase,烘焙内容与宠粮推广无关，近10条均为面包/发酵主题
4845,UCBfGoFRkYgHuzbc6DsF_1LQ,12K UHD WORLD,https://cn--xtb.noxinfluencer.com/youtube/channel/UCBfGoFRkYgHuzbc6DsF_1LQ,-20,badcase,动物影像+音乐测试，不是宠粮推广或测评场景，近期全不匹配
4846,UCMm-faV3w7Vtdf6oJovn0qA,Cat ASMR Reverse,https://cn--xtb.noxinfluencer.com/youtube/channel/UCMm-faV3w7Vtdf6oJovn0qA,-22,badcase,ASMR+玩具反向内容，宠物食品投放场景明显不匹配
4847,UCNvAdbMJ5wjzKG3Iub1Q7GA,Zackary Smigel,https://cn--xtb.noxinfluencer.com/youtube/channel/UCNvAdbMJ5wjzKG3Iub1Q7GA,-10,badcase,评论解读频道，与宠物食品受众和购买场景都不相关
4848,UCO5WHx46cqw3NOuHINTYiVw,Pulga de Alamo Texas,https://cn--xtb.noxinfluencer.com/youtube/channel/UCO5WHx46cqw3NOuHINTYiVw,-10,badcase,舞蹈娱乐频道，和宠物食品推广目标基本无关
4851,UCHwTOlwIi331UNcZx2YPl6g,trendix vids,https://cn--xtb.noxinfluencer.com/youtube/channel/UCHwTOlwIi331UNcZx2YPl6g,-15,badcase,AI野生动物娱乐频道，与宠物食品推广不符
4853,UCmrkYaUC7S0VZDrMMn8v_CQ,EL PITWOTHO,https://cn--xtb.noxinfluencer.com/youtube/channel/UCmrkYaUC7S0VZDrMMn8v_CQ,-20,badcase,娱乐/搞笑/新闻频道，近期内容与宠物食品投放无关
4854,UCDF2zg7vY6nu_DAHB73MDaw,Mario Saenz Landscaping Services,https://cn--xtb.noxinfluencer.com/youtube/channel/UCDF2zg7vY6nu_DAHB73MDaw,-10,badcase,园艺施工频道，近期内容与宠物食品推广几乎无关
4855,UCch0MQpK9BNdoEUG76Ez8WA,Bait & Whiskers,https://cn--xtb.noxinfluencer.com/youtube/channel/UCch0MQpK9BNdoEUG76Ez8WA,-25,badcase,野生动物娱乐与ASMR取向，完全不适合宠物食品推广
4859,UCxX62d3BMPHDAY5_9HmrT-Q,Spice Odyssey,https://cn--xtb.noxinfluencer.com/youtube/channel/UCxX62d3BMPHDAY5_9HmrT-Q,-10,badcase,近10条几乎全是人类烹饪内容，与宠物食品投放不符
4861,UCmLkmyS8NBN9qZ67a1-lVqg,God loves the dog,https://cn--xtb.noxinfluencer.com/youtube/channel/UCmLkmyS8NBN9qZ67a1-lVqg,-6,badcase,狗救援故事偏情感内容，缺少宠物食品购买/喂养语境
4862,UCGxr14wfk5ChvniyowccMig,Cartoon for Dog,https://cn--xtb.noxinfluencer.com/youtube/channel/UCGxr14wfk5ChvniyowccMig,-16,badcase,狗狗安抚音乐频道，偏陪伴娱乐，和宠物食品推广错位
4863,UCPcytsa_Y-l1O3vUuAre9yw,Toca targoo,https://cn--xtb.noxinfluencer.com/youtube/channel/UCPcytsa_Y-l1O3vUuAre9yw,-15,badcase,游戏儿童向频道，和宠物食品受众与内容域均不匹配
4865,UCB6_qh0UBJy6pRrYfAS7Nug,Enoch Joyce,https://cn--xtb.noxinfluencer.com/youtube/channel/UCB6_qh0UBJy6pRrYfAS7Nug,-10,badcase,泛娱乐短视频号，近期内容与宠物食品推广关联很弱
4866,UCiAvSRtEU9Zt08vt4iMLXug,Asian chef,https://cn--xtb.noxinfluencer.com/youtube/channel/UCiAvSRtEU9Zt08vt4iMLXug,-9,badcase,仅有pets弱相关，近期内容为猎奇肉类烹饪，和宠物粮推广不匹配
4867,UCZzQ3frwXHaFe3pu5QH8k5g,Yana Kids Stories,https://cn--xtb.noxinfluencer.com/youtube/channel/UCZzQ3frwXHaFe3pu5QH8k5g,-25,badcase,儿童娱乐短视频为主，和宠物粮创作者推广目标明显错位
4868,UCoPdqVGOsCjJ6D-FopQSokQ,WynnClips,https://cn--xtb.noxinfluencer.com/youtube/channel/UCoPdqVGOsCjJ6D-FopQSokQ,-25,badcase,DJ/娱乐向内容为主，宠物粮推广的创作者相关性很弱
4869,UC-z1LnN_n7r5rIoIfXoqOGQ,MegaTica12,https://cn--xtb.noxinfluencer.com/youtube/channel/UC-z1LnN_n7r5rIoIfXoqOGQ,-9,badcase,仅有food弱标签，近期也无宠物喂养内容，不适合宠物粮投放
4871,UCAV8fnLUq9E2Yjh7vHtNZcA,Mr Zulunation,https://cn--xtb.noxinfluencer.com/youtube/channel/UCAV8fnLUq9E2Yjh7vHtNZcA,-4,badcase,有宠物受众，但近10条多为健身杂题，宠粮推广意图弱
4872,UCGFxmpe0DiSceZyg5rY2s2w,Bunnybrownie🐰嘿尼 Bunni,https://cn--xtb.noxinfluencer.com/youtube/channel/UCGFxmpe0DiSceZyg5rY2s2w,-25,badcase,纯娱乐/穿搭内容，和宠物食品推广几乎无关
4873,UCJuwtsg9PyaaJJRJ0zvyFcg,Special Effects,https://cn--xtb.noxinfluencer.com/youtube/channel/UCJuwtsg9PyaaJJRJ0zvyFcg,-25,badcase,儿童特效娱乐频道，受众与宠物食品不匹配
4874,UCT6WCSbuWMVCRCjn8gGB-Jw,MegaTime01,https://cn--xtb.noxinfluencer.com/youtube/channel/UCT6WCSbuWMVCRCjn8gGB-Jw,-25,badcase,游戏频道，内容与宠物食品推广无关
4875,UCKDC_CLG-WTBRbOXF8ckrlg,Beach Forage King,https://cn--xtb.noxinfluencer.com/youtube/channel/UCKDC_CLG-WTBRbOXF8ckrlg,-25,badcase,海钓海鲜频道，受众与宠物食品不匹配
4876,UCTVhmOZNFUbkGlgvt-e_JXA,FPSonidos,https://cn--xtb.noxinfluencer.com/youtube/channel/UCTVhmOZNFUbkGlgvt-e_JXA,-20,badcase,狗叫声音频道，音频娱乐格式与宠物食品推广不匹配
4878,UCglSLaOCSKy5zuKcywiWpGg,Making kulichiki from sand we learn color.,https://cn--xtb.noxinfluencer.com/youtube/channel/UCglSLaOCSKy5zuKcywiWpGg,-8,badcase,有宠物泛标签，但内容偏儿童杂项和动物片段
4879,UCd4Zf09Ju9fjG4nhocVAZ0Q,Misakisaga,https://cn--xtb.noxinfluencer.com/youtube/channel/UCd4Zf09Ju9fjG4nhocVAZ0Q,-8,badcase,狗类泛娱乐频道，缺少宠物食品购买语境
4880,UCxM6NHwoSpl5_bk9W5lM3Ag,King Daniel,https://cn--xtb.noxinfluencer.com/youtube/channel/UCxM6NHwoSpl5_bk9W5lM3Ag,-10,badcase,生活vlog偏人类饮食/旅行，近10条无宠物喂养或宠粮内容
4881,UCl7c_SJwjef6iTyr3U6TmmA,CHUE G,https://cn--xtb.noxinfluencer.com/youtube/channel/UCl7c_SJwjef6iTyr3U6TmmA,-25,badcase,ASMR/吃播为主，和宠物食品投放目标明显不匹配
4884,UCarpzPWri21_-CP1_gILz7g,🌸midnight.rose🍄6.7,https://cn--xtb.noxinfluencer.com/youtube/channel/UCarpzPWri21_-CP1_gILz7g,-25,badcase,娱乐/影视/摔角向，和宠物食品推广场景不匹配
4885,UC73zMlnrIjhRIRxw64nL7JQ,Medify,https://cn--xtb.noxinfluencer.com/youtube/channel/UC73zMlnrIjhRIRxw64nL7JQ,-10,badcase,游戏频道为主，缺少宠物受众与宠物食品相关信号
4887,UC6UaRz3CtAB-DZbe2SJvGVQ,🐾 Creative Cats Shorts 🐾,https://cn--xtb.noxinfluencer.com/youtube/channel/UC6UaRz3CtAB-DZbe2SJvGVQ,-7,badcase,仅有宠物泛受众弱相关，近10条均非宠物食品场景
4888,UCLQQtP8sWGPx5C08Kh2s6SA,Little Thumbelina Girl,https://cn--xtb.noxinfluencer.com/youtube/channel/UCLQQtP8sWGPx5C08Kh2s6SA,-9,badcase,仅有pets弱相关，近期内容多为可爱动物日常，缺少宠物食品推广语境
4890,UC401pxclRWlYf42E8SwbnBw,Cele & Service Dog Atari,https://cn--xtb.noxinfluencer.com/youtube/channel/UC401pxclRWlYf42E8SwbnBw,-6,badcase,狗类受众相关，但无喂养/食品内容，近期均为服务犬训练，转化弱
4891,UCBfGoFRkYgHuzbc6DsF_1LQ,12K UHD WORLD,https://cn--xtb.noxinfluencer.com/youtube/channel/UCBfGoFRkYgHuzbc6DsF_1LQ,-8,badcase,野生动物/影视测试为主，缺少宠物喂养或购买场景
4892,UCMm-faV3w7Vtdf6oJovn0qA,Cat ASMR Reverse,https://cn--xtb.noxinfluencer.com/youtube/channel/UCMm-faV3w7Vtdf6oJovn0qA,-30,badcase,ASMR玩具娱乐向，宠物内容弱且与宠物食品推广偏离
4893,UCNvAdbMJ5wjzKG3Iub1Q7GA,Zackary Smigel,https://cn--xtb.noxinfluencer.com/youtube/channel/UCNvAdbMJ5wjzKG3Iub1Q7GA,-10,badcase,人类食品评论频道，不是宠物喂养或宠物用品场景
4894,UCO5WHx46cqw3NOuHINTYiVw,Pulga de Alamo Texas,https://cn--xtb.noxinfluencer.com/youtube/channel/UCO5WHx46cqw3NOuHINTYiVw,-25,badcase,舞蹈娱乐频道，近期内容与宠物食品推广完全不相关
4896,UCNMbhYDiEZo9HlOj90tJWZQ,Pet's Life,https://cn--xtb.noxinfluencer.com/youtube/channel/UCNMbhYDiEZo9HlOj90tJWZQ,-12,badcase,宠物受众有弱相关，但以搞笑娱乐为主，缺少宠物食品/营养内容
4897,UCT8CLqo0y4K3j2YO42VE6mg,TalpaKiks,https://cn--xtb.noxinfluencer.com/youtube/channel/UCT8CLqo0y4K3j2YO42VE6mg,-19,badcase,ASMR食物频道偏听感，不是宠粮投放场景
4898,UCzBt2oYju9V_cEzTUWmlOWg,Goalisting,https://cn--xtb.noxinfluencer.com/youtube/channel/UCzBt2oYju9V_cEzTUWmlOWg,-17,badcase,宠物泛娱乐短视频，缺少宠粮购买或喂养语境
4899,UCjMFhDG4B2nm5zv914MZaZg,Catnap Melodies,https://cn--xtb.noxinfluencer.com/youtube/channel/UCjMFhDG4B2nm5zv914MZaZg,-24,badcase,猫咪安抚音乐为主，属于音频放松格式，和宠粮不符
4900,UCwde5WK03Grq55-7c90ivwA,Highland March Angels,https://cn--xtb.noxinfluencer.com/youtube/channel/UCwde5WK03Grq55-7c90ivwA,-19,badcase,AI舞蹈萌宠短片偏娱乐，不适合宠粮推广
4902,UCCaQTAkKNq0MIa4aHCca8tg,mr.nature365,https://cn--xtb.noxinfluencer.com/youtube/channel/UCCaQTAkKNq0MIa4aHCca8tg,-22,badcase,自然鸟类放松音频为主，和宠粮推广场景明显不匹配
4903,UCKTgg3eoycRxK87jpv2luXA,Aaric Aaiden,https://cn--xtb.noxinfluencer.com/youtube/channel/UCKTgg3eoycRxK87jpv2luXA,-6,badcase,猫宠物受众仅弱相关，近期多为萌宠娱乐短视频，无宠物食品语境
4905,UCOm2MC2vU64FrKIj0E14meQ,Core Rescue,https://cn--xtb.noxinfluencer.com/youtube/channel/UCOm2MC2vU64FrKIj0E14meQ,-25,badcase,宗教救援内容为主，受众与宠粮推广无关，明显不适配
4907,UC1yuckhRYqInxLkV8NbHBfQ,Omaha Steaks,https://cn--xtb.noxinfluencer.com/youtube/channel/UC1yuckhRYqInxLkV8NbHBfQ,-24,badcase,人类牛排食谱频道，和宠粮推广目标明显错位
4908,UCO1KvHTx4_Mc7PoSlhYMyMg,JOONYVENTURE,https://cn--xtb.noxinfluencer.com/youtube/channel/UCO1KvHTx4_Mc7PoSlhYMyMg,-25,badcase,娱乐化动物短片为主，偏故事表演，不适合宠粮推广
4909,UCadNRCfIcXu_r4ISrqSVPzQ,Danielle Walker,https://cn--xtb.noxinfluencer.com/youtube/channel/UCadNRCfIcXu_r4ISrqSVPzQ,-25,badcase,人类健康食谱频道，和宠物营养/宠粮目标不匹配
4910,UCrVaNXV11TdC-npdLIUjWtQ,Pretirement Days - Comfort Foods & More,https://cn--xtb.noxinfluencer.com/youtube/channel/UCrVaNXV11TdC-npdLIUjWtQ,-25,badcase,人类家常菜频道，夹杂鸟类内容，几乎没有宠粮场景
4912,UCGke-lzH1YxA4TTMN0MzdNQ,Rescue Pulse 365,https://cn--xtb.noxinfluencer.com/youtube/channel/UCGke-lzH1YxA4TTMN0MzdNQ,-19,badcase,戏剧化动物救援与娱乐向，缺少宠粮购买场景
4913,UCHwTOlwIi331UNcZx2YPl6g,trendix vids,https://cn--xtb.noxinfluencer.com/youtube/channel/UCHwTOlwIi331UNcZx2YPl6g,-25,badcase,AI动物混剪娱乐号，格式与宠粮推广明显不符
4915,UCmrkYaUC7S0VZDrMMn8v_CQ,EL PITWOTHO,https://cn--xtb.noxinfluencer.com/youtube/channel/UCmrkYaUC7S0VZDrMMn8v_CQ,-10,badcase,泛娱乐本地号，最近内容与宠物食品推广不匹配
4916,UCDF2zg7vY6nu_DAHB73MDaw,Mario Saenz Landscaping Services,https://cn--xtb.noxinfluencer.com/youtube/channel/UCDF2zg7vY6nu_DAHB73MDaw,-10,badcase,频道是园艺/维修内容，近10条全不相关，缺少宠物食品推广信号
4917,UCch0MQpK9BNdoEUG76Ez8WA,Bait & Whiskers,https://cn--xtb.noxinfluencer.com/youtube/channel/UCch0MQpK9BNdoEUG76Ez8WA,-25,badcase,野生动物猎杀娱乐频道，非宠物食品受众，近期内容全偏题
4918,UCxocaLJupm0RVhGJfUiJeEw,KOOLREIGN,https://cn--xtb.noxinfluencer.com/youtube/channel/UCxocaLJupm0RVhGJfUiJeEw,-15,badcase,频道标签主域为NBA体育，虽近期有宠物短视频但缺少宠物食品意图
4919,UCjTyxKBca0S2rgiwAINtoAA,Happy Tails,https://cn--xtb.noxinfluencer.com/youtube/channel/UCjTyxKBca0S2rgiwAINtoAA,-6,badcase,宠物猫娱乐号，缺少宠粮推广和购买意图，近期内容也不匹配
4921,UCxX62d3BMPHDAY5_9HmrT-Q,Spice Odyssey,https://cn--xtb.noxinfluencer.com/youtube/channel/UCxX62d3BMPHDAY5_9HmrT-Q,-10,badcase,以手工饰品和烹饪为主，与宠物食品无关，近10条均为做菜内容
4923,UCmLkmyS8NBN9qZ67a1-lVqg,God loves the dog,https://cn--xtb.noxinfluencer.com/youtube/channel/UCmLkmyS8NBN9qZ67a1-lVqg,-8,badcase,狗救援故事号有宠物受众，但以剧情情绪内容为主，促销转化弱
4924,UCeFKbmvpFVFovpKgJNFVwRA,Aquila Sky,https://cn--xtb.noxinfluencer.com/youtube/channel/UCeFKbmvpFVFovpKgJNFVwRA,-10,badcase,音乐与生活方式号，和宠物食品缺少明显受众或购买场景
4925,UCGxr14wfk5ChvniyowccMig,Cartoon for Dog,https://cn--xtb.noxinfluencer.com/youtube/channel/UCGxr14wfk5ChvniyowccMig,-21,badcase,以狗狗安抚音频为主，属于明显格式错配，不适合宠物食品推广
4926,UCPcytsa_Y-l1O3vUuAre9yw,Toca targoo,https://cn--xtb.noxinfluencer.com/youtube/channel/UCPcytsa_Y-l1O3vUuAre9yw,-10,badcase,卡通游戏频道，近期内容全不涉及宠物食品
4928,UC9l3S6NJ-0eeWhhCwi2jrMQ,Kittu Pattu,https://cn--xtb.noxinfluencer.com/youtube/channel/UC9l3S6NJ-0eeWhhCwi2jrMQ,-4,badcase,宠物仓鼠内容有受众重合，但偏宠物日常娱乐，缺少食品推广意图
4929,UCB6_qh0UBJy6pRrYfAS7Nug,Enoch Joyce,https://cn--xtb.noxinfluencer.com/youtube/channel/UCB6_qh0UBJy6pRrYfAS7Nug,-10,badcase,纯梗图/搞笑流，近期内容与宠物食品完全不相关
4930,UCZzQ3frwXHaFe3pu5QH8k5g,Yana Kids Stories,https://cn--xtb.noxinfluencer.com/youtube/channel/UCZzQ3frwXHaFe3pu5QH8k5g,-10,badcase,儿童故事娱乐频道，和宠物食品推广场景不匹配
4931,UCoPdqVGOsCjJ6D-FopQSokQ,WynnClips,https://cn--xtb.noxinfluencer.com/youtube/channel/UCoPdqVGOsCjJ6D-FopQSokQ,10,badcase,DJ娱乐频道仅有pets标签，近10条基本无宠物内容
4932,UC-z1LnN_n7r5rIoIfXoqOGQ,MegaTica12,https://cn--xtb.noxinfluencer.com/youtube/channel/UC-z1LnN_n7r5rIoIfXoqOGQ,-10,badcase,美妆生活/网红内容，和宠物食品推广无关
4935,UCGFxmpe0DiSceZyg5rY2s2w,Bunnybrownie🐰嘿尼 Bunni,https://cn--xtb.noxinfluencer.com/youtube/channel/UCGFxmpe0DiSceZyg5rY2s2w,-9,badcase,娱乐穿搭号，只有零散小猫提及，不适合宠物食品
4936,UCJuwtsg9PyaaJJRJ0zvyFcg,Special Effects,https://cn--xtb.noxinfluencer.com/youtube/channel/UCJuwtsg9PyaaJJRJ0zvyFcg,-10,badcase,娱乐/儿童向，近10条几乎全跑题于宠物食品
4937,UCT6WCSbuWMVCRCjn8gGB-Jw,MegaTime01,https://cn--xtb.noxinfluencer.com/youtube/channel/UCT6WCSbuWMVCRCjn8gGB-Jw,-10,badcase,游戏/悬疑内容为主，和宠物食品推广几乎无关
4938,UCKDC_CLG-WTBRbOXF8ckrlg,Beach Forage King,https://cn--xtb.noxinfluencer.com/youtube/channel/UCKDC_CLG-WTBRbOXF8ckrlg,-10,badcase,海鲜捕鱼号，非宠物受众，最近内容也不匹配
4939,UCTVhmOZNFUbkGlgvt-e_JXA,FPSonidos,https://cn--xtb.noxinfluencer.com/youtube/channel/UCTVhmOZNFUbkGlgvt-e_JXA,-22,badcase,狗狗音频频道，形式与宠物食品推广强不匹配
4942,UCxM6NHwoSpl5_bk9W5lM3Ag,King Daniel,https://cn--xtb.noxinfluencer.com/youtube/channel/UCxM6NHwoSpl5_bk9W5lM3Ag,-5,badcase,仅有Dogs信号，近期多为人类饮食/旅行内容，不适合投宠物食品
4943,UCl7c_SJwjef6iTyr3U6TmmA,CHUE G,https://cn--xtb.noxinfluencer.com/youtube/channel/UCl7c_SJwjef6iTyr3U6TmmA,-25,badcase,ASMR/mukbang娱乐频道，格式与宠物食品投放明显不匹配
4945,UChr3MnSWbYdnJzarYhIbp4g,Md Hasan 21,https://cn--xtb.noxinfluencer.com/youtube/channel/UChr3MnSWbYdnJzarYhIbp4g,-8,badcase,猫内容相关但频道偏故事娱乐，缺少宠物食品推广意图
4946,UCarpzPWri21_-CP1_gILz7g,🌸midnight.rose🍄6.7,https://cn--xtb.noxinfluencer.com/youtube/channel/UCarpzPWri21_-CP1_gILz7g,-10,badcase,娱乐/体育为主，近10条与宠物食品无关，宠物和食物仅弱泛化信号
4947,UC73zMlnrIjhRIRxw64nL7JQ,Medify,https://cn--xtb.noxinfluencer.com/youtube/channel/UC73zMlnrIjhRIRxw64nL7JQ,-10,badcase,游戏区内容，与宠物食品受众无关，近10条均无相关购买或养宠语境
4948,UCAROI0_0_nDHT_DVDd0zQNA,Dank Breeds Cannabis,https://cn--xtb.noxinfluencer.com/youtube/channel/UCAROI0_0_nDHT_DVDd0zQNA,-21,badcase,狗类弱相关，但频道偏娱乐/ cannabis，缺少宠物食品推广语境
4952,UCr069Mi2aaibU5iD6E6BkLQ,Arpan Baghpatiya,https://cn--xtb.noxinfluencer.com/youtube/channel/UCr069Mi2aaibU5iD6E6BkLQ,-10,badcase,泛facts号，宠物食品相关信号几乎没有
4953,UChlBZFDFYjDyeYmYqSUJtgg,Gastly,https://cn--xtb.noxinfluencer.com/youtube/channel/UChlBZFDFYjDyeYmYqSUJtgg,-5,badcase,有宠物标签，但最近内容偏泛娱乐，投放不稳
4954,UCMNKvxjm1c0Ollk5yMx0SAQ,LEO EAT,https://cn--xtb.noxinfluencer.com/youtube/channel/UCMNKvxjm1c0Ollk5yMx0SAQ,-22,badcase,吃播+ASMR是强格式错配，不适合宠粮投放
4955,UCDzW14-pNUGFSAVJOFNJvMg,Angel Wings Equestrian,https://cn--xtb.noxinfluencer.com/youtube/channel/UCDzW14-pNUGFSAVJOFNJvMg,-10,badcase,马术小马内容，和宠物粮目标受众错位
4956,UCygYVpPwE7LG_E2jxQC4c7Q,Curzy shorts,https://cn--xtb.noxinfluencer.com/youtube/channel/UCygYVpPwE7LG_E2jxQC4c7Q,-10,badcase,宠物相关但以搞笑短视频娱乐为主，缺少宠物食品购买或喂养场景
4957,UCg4MtBvMT2lqSC_yg_xNJFg,娱乐欢欢,https://cn--xtb.noxinfluencer.com/youtube/channel/UCg4MtBvMT2lqSC_yg_xNJFg,-20,badcase,娱乐挑战向频道，近10条几乎全是动漫/游戏内容，与宠物食品推广不匹配
4958,UCtGISi71W6goNHAyofI8maw,Gonayosuke,https://cn--xtb.noxinfluencer.com/youtube/channel/UCtGISi71W6goNHAyofI8maw,-34,badcase,以猫狗动画娱乐为主，缺少宠物食品购买或喂养场景
4959,UCPVoH2OKOrzyCVXvZrR4HiA,Bunso VEGAN Living,https://cn--xtb.noxinfluencer.com/youtube/channel/UCPVoH2OKOrzyCVXvZrR4HiA,-9,badcase,动物喂养有弱相关，但频道以音乐娱乐为主，近期内容多不匹配
4961,UCO59g-nTMiOuWlbJnwbnNcA,Wild Flash,https://cn--xtb.noxinfluencer.com/youtube/channel/UCO59g-nTMiOuWlbJnwbnNcA,-25,badcase,野生动物对宠物食品投放人群不匹配，近期内容全是捕食/动物对战
4962,UCdSeKTXl__srQKZzaM3YQJQ,Adam Blake,https://cn--xtb.noxinfluencer.com/youtube/channel/UCdSeKTXl__srQKZzaM3YQJQ,-24,badcase,仅有宠物泛标签，核心是玩具/虚拟宠物，和宠物食品促销不匹配
4963,UCdFSGog4wtXpku30WarpfRw,Darrin Williams,https://cn--xtb.noxinfluencer.com/youtube/channel/UCdFSGog4wtXpku30WarpfRw,-35,badcase,音乐娱乐频道，近期是鸟叫与动物音效，属于明显格式错配
4964,UCFdcqyuNWeftXBA5-C3MFeg,mp-marble-music,https://cn--xtb.noxinfluencer.com/youtube/channel/UCFdcqyuNWeftXBA5-C3MFeg,-25,badcase,ASMR/满意度填充内容，和宠物食品推广场景完全不符
4965,UCtV_S9DaMqg85yccfQ6qFYg,Cameras and Conspiracies,https://cn--xtb.noxinfluencer.com/youtube/channel/UCtV_S9DaMqg85yccfQ6qFYg,-25,badcase,相机摄影频道，近期虽有猫内容但与宠物食品购买意图无关
4966,UCowyQrgqrJiz_3OoCv-VTXw,The Gorilla Pack Clips,https://cn--xtb.noxinfluencer.com/youtube/channel/UCowyQrgqrJiz_3OoCv-VTXw,-10,badcase,人类零食测评和娱乐向，近期内容与宠物食品投放不匹配
4967,UC2nNo3o-t04v-3NyjP17uAA,TheGlamKitchen,https://cn--xtb.noxinfluencer.com/youtube/channel/UC2nNo3o-t04v-3NyjP17uAA,-7,badcase,人类烹饪频道，只有泛食物标签，和宠物食品受众不符
4969,UCWJx2QNx9ZTb3KsP2RcDm6Q,Pine City Apiary,https://cn--xtb.noxinfluencer.com/youtube/channel/UCWJx2QNx9ZTb3KsP2RcDm6Q,-10,badcase,野外监控和蜂类内容，和宠物食品推广场景不相关
4970,UCm9oS8v4sP0AKwYYDiGKe0g,Chef En Casa,https://cn--xtb.noxinfluencer.com/youtube/channel/UCm9oS8v4sP0AKwYYDiGKe0g,-10,badcase,家常烹饪频道，近期全是人类食谱，和宠物食品不匹配
4971,UCLFSlSMV9FR_xyUTrFFTDnA,Top Findings,https://cn--xtb.noxinfluencer.com/youtube/channel/UCLFSlSMV9FR_xyUTrFFTDnA,-5,badcase,有少量宠物娱乐内容，但整体偏纪录/财经，缺少宠物喂养购买意图
4972,UC-o3EgtQA_Mzrj6dvOKz-eA,MrGamingTec,https://cn--xtb.noxinfluencer.com/youtube/channel/UC-o3EgtQA_Mzrj6dvOKz-eA,-15,badcase,游戏标签占主导，近期虽是狗品种内容，但与宠物食品推广不匹配
4973,UC2XYUrVSZFeXdGPFTu-37wg,King Play Hop,https://cn--xtb.noxinfluencer.com/youtube/channel/UC2XYUrVSZFeXdGPFTu-37wg,-18,badcase,动物娱乐/动画游戏为主，少量猫狗标签也缺少宠物食品场景
4975,UCSVk7iQ3kU7hzyRdbaJYUhw,Earthy potatoes,https://cn--xtb.noxinfluencer.com/youtube/channel/UCSVk7iQ3kU7hzyRdbaJYUhw,-25,badcase,娱乐与美食日常为主，和宠物食品受众及购买场景无关
4976,UCpglLlCpmtibbnJAoS8P-fg,GingeraleeCuties,https://cn--xtb.noxinfluencer.com/youtube/channel/UCpglLlCpmtibbnJAoS8P-fg,-20,badcase,近期内容以猫拟人配音娱乐为主，缺少宠物食品购买或营养场景
4979,UCUVWoaJZgsOlTyj0iPd4NsA,Lipari Scouller,https://cn--xtb.noxinfluencer.com/youtube/channel/UCUVWoaJZgsOlTyj0iPd4NsA,-10,badcase,纯娱乐/meme频道，与宠粮投放缺少宠物或购买场景
4980,UCsLfBpTeQU1aqG86R_dZK3g,Mother and Baby,https://cn--xtb.noxinfluencer.com/youtube/channel/UCsLfBpTeQU1aqG86R_dZK3g,-24,badcase,家庭搞笑/宝宝内容为主，和宠粮目标受众不匹配
4981,UCQhay3amgs516rb0Gx86oNw,@kellytarot USA🍀,https://cn--xtb.noxinfluencer.com/youtube/channel/UCQhay3amgs516rb0Gx86oNw,-15,badcase,塔罗娱乐为主，整体不适合做宠物食品推广
4983,UCCaQTAkKNq0MIa4aHCca8tg,mr.nature365,https://cn--xtb.noxinfluencer.com/youtube/channel/UCCaQTAkKNq0MIa4aHCca8tg,-25,badcase,自然鸟类放松音频频道，和宠物食品促销场景明显不匹配
4985,UC-MbHb80vUqkb2qvJxBACaQ,Pawsible Tales,https://cn--xtb.noxinfluencer.com/youtube/channel/UC-MbHb80vUqkb2qvJxBACaQ,-7,badcase,仅宠物搞笑受众重合，无宠物食品/营养/喂养意图，近作全不匹配
4986,UCOm2MC2vU64FrKIj0E14meQ,Core Rescue,https://cn--xtb.noxinfluencer.com/youtube/channel/UCOm2MC2vU64FrKIj0E14meQ,-5,badcase,频道主轴为宗教/救援故事，虽有狗内容但无宠物食品推广语境
4988,UC1yuckhRYqInxLkV8NbHBfQ,Omaha Steaks,https://cn--xtb.noxinfluencer.com/youtube/channel/UC1yuckhRYqInxLkV8NbHBfQ,-9,badcase,主体是人类牛排烹饪，宠物相关弱，近10期全是人类食物
4989,UCO1KvHTx4_Mc7PoSlhYMyMg,JOONYVENTURE,https://cn--xtb.noxinfluencer.com/youtube/channel/UCO1KvHTx4_Mc7PoSlhYMyMg,-20,badcase,动物娱乐/AI剧情为主，偏表演叙事，不适合宠粮推广
4990,UCUfHg47K_0-MKVxT3XIgULg,Zero Filtered,https://cn--xtb.noxinfluencer.com/youtube/channel/UCUfHg47K_0-MKVxT3XIgULg,-20,badcase,播客娱乐切片，和宠物食品无关，主题与受众都不匹配
4991,UCadNRCfIcXu_r4ISrqSVPzQ,Danielle Walker,https://cn--xtb.noxinfluencer.com/youtube/channel/UCadNRCfIcXu_r4ISrqSVPzQ,-10,badcase,人类食谱频道，缺少宠物受众和宠粮购买/使用场景
4992,UCrVaNXV11TdC-npdLIUjWtQ,Pretirement Days - Comfort Foods & More,https://cn--xtb.noxinfluencer.com/youtube/channel/UCrVaNXV11TdC-npdLIUjWtQ,-10,badcase,人类美食/烹饪频道，与宠物食品投放目标不符
4994,UCGke-lzH1YxA4TTMN0MzdNQ,Rescue Pulse 365,https://cn--xtb.noxinfluencer.com/youtube/channel/UCGke-lzH1YxA4TTMN0MzdNQ,-35,badcase,动物救援+ASMR/剧情化，属于强娱乐内容，不适合宠粮推广
4995,UCHwTOlwIi331UNcZx2YPl6g,trendix vids,https://cn--xtb.noxinfluencer.com/youtube/channel/UCHwTOlwIi331UNcZx2YPl6g,-20,badcase,AI动物混剪偏娱乐，缺少宠物食品相关购买场景
4997,UCmrkYaUC7S0VZDrMMn8v_CQ,EL PITWOTHO,https://cn--xtb.noxinfluencer.com/youtube/channel/UCmrkYaUC7S0VZDrMMn8v_CQ,-10,badcase,娱乐新闻号，几乎无宠物受众，最近内容也不指向宠物粮
4998,UCDF2zg7vY6nu_DAHB73MDaw,Mario Saenz Landscaping Services,https://cn--xtb.noxinfluencer.com/youtube/channel/UCDF2zg7vY6nu_DAHB73MDaw,-10,badcase,园艺/工具服务号，受众与宠物粮无关，近期内容全是草坪和保修
4999,UCch0MQpK9BNdoEUG76Ez8WA,Bait & Whiskers,https://cn--xtb.noxinfluencer.com/youtube/channel/UCch0MQpK9BNdoEUG76Ez8WA,-25,badcase,野生动物对抗类内容为主，明显不适合宠物粮投放
5001,UClk44KY11LeMS-DzoG0gkZA,Hug Me Animals,https://cn--xtb.noxinfluencer.com/youtube/channel/UClk44KY11LeMS-DzoG0gkZA,-8,badcase,宠物受众有但偏动物娱乐，缺少宠粮/喂养语境，近期10条均不匹配
5004,UCJs9fq6Fm6fjRfCVMqWuniQ,LuBao the Foolish,https://cn--xtb.noxinfluencer.com/youtube/channel/UCJs9fq6Fm6fjRfCVMqWuniQ,-10,badcase,家庭/儿童/宝宝内容为主，与宠物食品受众不符
5005,UC6tooXcyqhAVR7hLEEB8YLw,Shaanxi,https://cn--xtb.noxinfluencer.com/youtube/channel/UC6tooXcyqhAVR7hLEEB8YLw,-6,badcase,无标签和宠物食品证据，近期多为健康/萌宠娱乐混杂
5006,UCwbQ08c-eQ3IUhxVJh1CFnA,Zach Colmenero,https://cn--xtb.noxinfluencer.com/youtube/channel/UCwbQ08c-eQ3IUhxVJh1CFnA,-10,badcase,娱乐/游戏为主，缺少宠物食品受众，近期内容也不匹配
5007,UC-oWKe362488zmDdDGlQzjQ,QUIZ FAMEOUS,https://cn--xtb.noxinfluencer.com/youtube/channel/UC-oWKe362488zmDdDGlQzjQ,-10,badcase,无标签，近期是问答/猎奇内容，和宠物食品推广关系弱
5009,UC1IAw9jnB5JWLLx3L2CCcRg,Wild Animal Life Saga,https://cn--xtb.noxinfluencer.com/youtube/channel/UC1IAw9jnB5JWLLx3L2CCcRg,-25,badcase,野生动物搏斗频道，和宠物食品的人群/场景不匹配
5010,UCGBvAsw1u-9f0-yqtd6x1Xg,ASMR Drift,https://cn--xtb.noxinfluencer.com/youtube/channel/UCGBvAsw1u-9f0-yqtd6x1Xg,-25,badcase,ASMR/解压形式与宠物食品投放场景不符
5011,UC4PTu1CZwiXBD8ZsCLY2GIw,LiveToday,https://cn--xtb.noxinfluencer.com/youtube/channel/UC4PTu1CZwiXBD8ZsCLY2GIw,-35,badcase,动物实验/异宠娱乐频道，缺少宠物食品护理或购买语境
5013,UCPNF6ZV5R8kGqPRS9gEZ99Q,Shifuren Zhou,https://cn--xtb.noxinfluencer.com/youtube/channel/UCPNF6ZV5R8kGqPRS9gEZ99Q,-25,badcase,故事娱乐号为主，宠物只作素材，无宠粮投放购买场景
5014,UCnL9gY-lTecWIJa1KZpOAMg,In Search of Wildlife,https://cn--xtb.noxinfluencer.com/youtube/channel/UCnL9gY-lTecWIJa1KZpOAMg,-25,badcase,野生动物纪录片号，非宠物消费场景，和宠粮受众不匹配
5015,UCbHvtJxBXUzpB_iXfJLIvjA,GrumpyDog,https://cn--xtb.noxinfluencer.com/youtube/channel/UCbHvtJxBXUzpB_iXfJLIvjA,-16,badcase,狗宠号但近10条多为睡眠/历史内容，宠粮投放格式错位
5016,UCWwZXoZlEqMTC58nU0TuKig,DunePixel57,https://cn--xtb.noxinfluencer.com/youtube/channel/UCWwZXoZlEqMTC58nU0TuKig,-10,badcase,主线是校园/搞笑短剧，近10条也多为叙事娱乐，和宠物食品推广不匹配
5017,UC-gmyhVqddbxw04z5-OSEew,SuSu ASMR 먹방,https://cn--xtb.noxinfluencer.com/youtube/channel/UC-gmyhVqddbxw04z5-OSEew,-25,badcase,ASMR/mukbang为主，属于强格式不匹配，不适合宠物食品投放
5019,UC_MKKvXX89Uypn8u2dI0byw,Oka Chinna Prayanam,https://cn--xtb.noxinfluencer.com/youtube/channel/UC_MKKvXX89Uypn8u2dI0byw,-8,badcase,以泛 vlog/喜剧为主，宠物内容零散，宠物食品受众不稳定
5020,UChdOp43lP5TjGvq-UgAKFrQ,Interesting Animal,https://cn--xtb.noxinfluencer.com/youtube/channel/UChdOp43lP5TjGvq-UgAKFrQ,-15,badcase,以野生动物事实为主，不是宠物喂养或选粮语境
5022,UCUi0784dYMWIIQTFnswmQDw,Mochi Trails,https://cn--xtb.noxinfluencer.com/youtube/channel/UCUi0784dYMWIIQTFnswmQDw,-25,badcase,主标签为游戏娱乐，近期为猫咪趣味内容，无宠物食品推广意图
5023,UCC__4ESufFC_Hyx6zRv8cXA,Minute Reels,https://cn--xtb.noxinfluencer.com/youtube/channel/UCC__4ESufFC_Hyx6zRv8cXA,-25,badcase,人类健身向频道，和宠物食品受众不符
5024,UCogU7n9Y2_vZUFM03mF10lA,ALEKSTOCK,https://cn--xtb.noxinfluencer.com/youtube/channel/UCogU7n9Y2_vZUFM03mF10lA,-10,badcase,通用3D动画/建筑展示，缺少宠物与喂养场景
5025,UCypj21S-jov0OnVn97qwGfg,Don armando9,https://cn--xtb.noxinfluencer.com/youtube/channel/UCypj21S-jov0OnVn97qwGfg,-22,badcase,白噪音/氛围内容为主，属于强格式错配
5026,UCMj7Om-Nn-IYJqFXYlN6fvg,Cobby Badger Adventures!,https://cn--xtb.noxinfluencer.com/youtube/channel/UCMj7Om-Nn-IYJqFXYlN6fvg,-25,badcase,超自然/神迹频道，和宠物食品推广完全不搭
5027,UCUo0Ps_p9Wl4XG34drHYESQ,Jason Thompson,https://cn--xtb.noxinfluencer.com/youtube/channel/UCUo0Ps_p9Wl4XG34drHYESQ,-22,badcase,频道主轴为喜剧娱乐，少量狗短视频无宠物食品推广语境
5029,UCpMosru_HEuT8mJ3Lj3KpHQ,HAJDKAOLS,https://cn--xtb.noxinfluencer.com/youtube/channel/UCpMosru_HEuT8mJ3Lj3KpHQ,-5,badcase,以娱乐短内容为主，宠物只是零散题材
5030,UCFY__XElkZXp33NJDlEkjdw,myna gjoo,https://cn--xtb.noxinfluencer.com/youtube/channel/UCFY__XElkZXp33NJDlEkjdw,-18,badcase,鸟类ASMR/鸟声为主，音频向格式不适合卖货
5031,UCOdRmfj-c4cAq-nOIKB41Nw,Smail Spearfishing Pro,https://cn--xtb.noxinfluencer.com/youtube/channel/UCOdRmfj-c4cAq-nOIKB41Nw,-10,badcase,海钓捕鱼频道，近10条全是捕鱼内容，与宠物食品无关
5032,UCYANdNszwyRh9J0DOcF8YJA,InvestorSnap,https://cn--xtb.noxinfluencer.com/youtube/channel/UCYANdNszwyRh9J0DOcF8YJA,-25,badcase,故事动画娱乐频道，和宠物食品推广明显不匹配
5033,UCuvrKtt4GKc732EZ0IOKR3g,The Endless Meal,https://cn--xtb.noxinfluencer.com/youtube/channel/UCuvrKtt4GKc732EZ0IOKR3g,-9,badcase,人类美食菜谱频道，不适合投宠物食品
5034,UCmD51kwT8KHz5WoaiYQOg9w,Devil Dogs HD,https://cn--xtb.noxinfluencer.com/youtube/channel/UCmD51kwT8KHz5WoaiYQOg9w,-8,badcase,娱乐化频道，只有泛宠物与食品弱信号，转化不佳
5035,UCju-ba9TLB0VRWEfu29Fu4g,Greater Goods,https://cn--xtb.noxinfluencer.com/youtube/channel/UCju-ba9TLB0VRWEfu29Fu4g,-9,badcase,食谱/料理频道，缺少宠物养护场景
5036,UC1YKzFhQBjjXy9Jcyco_yTQ,MrSk07,https://cn--xtb.noxinfluencer.com/youtube/channel/UC1YKzFhQBjjXy9Jcyco_yTQ,-10,badcase,娱乐梗图/短剧号，无宠物或饲喂相关信号
5037,UC63FOuee249Jpg1O075KFwQ,Hasan Vlogs,https://cn--xtb.noxinfluencer.com/youtube/channel/UC63FOuee249Jpg1O075KFwQ,-10,badcase,人类美食号，和宠物食品受众不匹配
5038,UCKp5U8cCJbW43h-v5g9LDbg,TheOddKid,https://cn--xtb.noxinfluencer.com/youtube/channel/UCKp5U8cCJbW43h-v5g9LDbg,-25,badcase,故事/动画/游戏向账号，偏娱乐而非宠物内容
5039,UCb3-DBJpY61mCp1RXRnhEyg,Poly Pop 1A,https://cn--xtb.noxinfluencer.com/youtube/channel/UCb3-DBJpY61mCp1RXRnhEyg,-19,badcase,猫宠物号但主打动物故事娱乐，缺少喂养/购买语境
5040,UC0V4o7hlZTdPTdtV4-HIsKw,Mak.a,https://cn--xtb.noxinfluencer.com/youtube/channel/UC0V4o7hlZTdPTdtV4-HIsKw,-10,badcase,泛娱乐短视频号，只有零散宠物词，促销转化弱
5041,UCJ0nmu_guHq4771WSNLBQLg,Success info media,https://cn--xtb.noxinfluencer.com/youtube/channel/UCJ0nmu_guHq4771WSNLBQLg,-10,badcase,人类饮食/学习/副业内容，缺少宠物受众与喂养购买意图
5042,UCnLlmqmnlBM48p3DxGyX2Ig,xiaonaoZhou,https://cn--xtb.noxinfluencer.com/youtube/channel/UCnLlmqmnlBM48p3DxGyX2Ig,-25,badcase,搞笑剧情号，主题与宠物食品推广无关
5044,UC_zq_8xHFEgxhmEBH3-K1XA,Nora Fatehi Fans,https://cn--xtb.noxinfluencer.com/youtube/channel/UC_zq_8xHFEgxhmEBH3-K1XA,-25,badcase,名人粉丝号夹杂农场动物内容，和宠物食品投放不匹配
5045,UCb1D9pY2g-Wr26gyBXuvBJg,BKTA5,https://cn--xtb.noxinfluencer.com/youtube/channel/UCb1D9pY2g-Wr26gyBXuvBJg,-25,badcase,猫故事娱乐号，叙事型内容不适合做宠物食品推广
5046,UCV2nI_un3ireLU55plvziqg,Brittdaycake,https://cn--xtb.noxinfluencer.com/youtube/channel/UCV2nI_un3ireLU55plvziqg,-25,badcase,游戏/Roblox宠物题材，和真实宠物食品推广无关
5048,UC9gRSLR3NDuiwdpti3PfgHw,LOVEnatures,https://cn--xtb.noxinfluencer.com/youtube/channel/UC9gRSLR3NDuiwdpti3PfgHw,-25,badcase,ASMR与自然娱乐为主，非宠物食品推广场景
5049,UC9Val03l8Y6rJQ3WF5LI51g,Teejay Productions,https://cn--xtb.noxinfluencer.com/youtube/channel/UC9Val03l8Y6rJQ3WF5LI51g,-25,badcase,体育娱乐频道为主，缺少宠物受众与食品购买意图
5050,UCkDnwYGpfHlMzju1EQgM7GA,Gingecat.,https://cn--xtb.noxinfluencer.com/youtube/channel/UCkDnwYGpfHlMzju1EQgM7GA,-20,badcase,剧情/电影式娱乐内容，和宠物食品推广不匹配
5051,UCHYLp2A_4cCvDQWCMgGou3Q,ARTSeni,https://cn--xtb.noxinfluencer.com/youtube/channel/UCHYLp2A_4cCvDQWCMgGou3Q,-9,badcase,泛动物娱乐号，仅有 animals 弱相关，缺少宠物食品与购买意图
5052,UCNS7pmLmwlK-XmWLUrADQkg,ToonyToony_Studio,https://cn--xtb.noxinfluencer.com/youtube/channel/UCNS7pmLmwlK-XmWLUrADQkg,-25,badcase,恐怖动画娱乐号，与宠物食品投放场景强冲突
5053,UCqyVbF95MS240EgIeYg3IcA,So What?,https://cn--xtb.noxinfluencer.com/youtube/channel/UCqyVbF95MS240EgIeYg3IcA,-25,badcase,ASMR/挑选类娱乐内容，和宠物食品推广的购买场景不匹配
5054,UCNu2K6F-enqP91UYyeNuXuA,সিলেটের ভাইসাব,https://cn--xtb.noxinfluencer.com/youtube/channel/UCNu2K6F-enqP91UYyeNuXuA,-15,badcase,图片编辑娱乐号，近期虽有动物题材但无宠物食品意图
5055,UCI8_qtzLLxnpNS6lJEN-CKQ,Cute pet Lucky Cat,https://cn--xtb.noxinfluencer.com/youtube/channel/UCI8_qtzLLxnpNS6lJEN-CKQ,-20,badcase,宠物题材偏剧情娱乐，缺少宠物食品相关性与转化意图
5056,UCCT3fy9DAzY8G9BauuYY3JQ,Trol Fix,https://cn--xtb.noxinfluencer.com/youtube/channel/UCCT3fy9DAzY8G9BauuYY3JQ,-23,badcase,游戏动画为主，虽有宠物词但整体是娱乐号，不适合卖宠物食品
5057,UCDxbl4aHk0W5ODZbqzGKchg,Now Before Later,https://cn--xtb.noxinfluencer.com/youtube/channel/UCDxbl4aHk0W5ODZbqzGKchg,-8,badcase,无标签，近期多为泛健康/事实短视频，宠物食品定向性弱
5058,UClcva-iQLO2ikcxczY4ocoA,Unload Daily,https://cn--xtb.noxinfluencer.com/youtube/channel/UClcva-iQLO2ikcxczY4ocoA,-15,badcase,宠物故事娱乐号，偏剧情搞笑，缺少喂养/选购/食品意图
5059,UCWiuN4pvmnWWhhUf-L3HM6g,Chef Lis,https://cn--xtb.noxinfluencer.com/youtube/channel/UCWiuN4pvmnWWhhUf-L3HM6g,-10,badcase,人类烘焙烹饪号，内容与宠物食品无关
5060,UCcXS7A8X8d9REZ0OMjSBDRA,Charmaine Treleven-Pendergast,https://cn--xtb.noxinfluencer.com/youtube/channel/UCcXS7A8X8d9REZ0OMjSBDRA,-10,badcase,野生动物/AI内容为主，非宠物受众
5063,UCERjhM-Gc885I0rcZiEQ5vw,ZooLOL,https://cn--xtb.noxinfluencer.com/youtube/channel/UCERjhM-Gc885I0rcZiEQ5vw,-5,badcase,宠物/动物弱相关，但频道以搞笑娱乐动物内容为主，缺少宠物食品购买意图
5064,UCk2Qqnj7Vu9J9NgtrmT8LFA,AnimalsFacts,https://cn--xtb.noxinfluencer.com/youtube/channel/UCk2Qqnj7Vu9J9NgtrmT8LFA,-10,badcase,野生动物纪录片频道，缺少宠物食品购买或喂养场景
5065,UCIuDm0LYwjfvJalqfCD0_wg,Mommynilda’s Kitchen,https://cn--xtb.noxinfluencer.com/youtube/channel/UCIuDm0LYwjfvJalqfCD0_wg,-25,badcase,人类烹饪频道，与宠物食品推广受众不匹配
5066,UCI4miDCCAqvOvZxIl5N3CPQ,CuteAnimalShare,https://cn--xtb.noxinfluencer.com/youtube/channel/UCI4miDCCAqvOvZxIl5N3CPQ,-8,badcase,纯宠物搞笑短片，近10期无喂养/购买/营养场景
5068,UCOXYSJcKseDm0VW5_XvhhTQ,David Richardson Santana,https://cn--xtb.noxinfluencer.com/youtube/channel/UCOXYSJcKseDm0VW5_XvhhTQ,-20,badcase,政教与社会内容，和宠物食品推广无关
5069,UCeIuK_28Q4qCmN-x1VHIrqQ,Elvia's Diary,https://cn--xtb.noxinfluencer.com/youtube/channel/UCeIuK_28Q4qCmN-x1VHIrqQ,-25,badcase,叙事短剧/情感故事为主，格式不适合宠物食品推广
5070,UCslIpmYWyOX5H4nIl0h4k8w,Pixels Paw,https://cn--xtb.noxinfluencer.com/youtube/channel/UCslIpmYWyOX5H4nIl0h4k8w,-8,badcase,猫咪AI娱乐短片，受众相关但缺少宠粮场景
5071,UCxL6hEDkXj1kAEZMxGI9WpA,LiveDreamRelax,https://cn--xtb.noxinfluencer.com/youtube/channel/UCxL6hEDkXj1kAEZMxGI9WpA,-10,badcase,音乐娱乐频道，最近内容与宠物食品推广无关
5073,UCeGphkeiXVQxvydGafqwoCA,hanie,https://cn--xtb.noxinfluencer.com/youtube/channel/UCeGphkeiXVQxvydGafqwoCA,-12,badcase,ASMR慢生活频道，格式与宠物食品推广明显不匹配
5075,UCXE3WEND56wicng7BQ4LhiQ,SK,https://cn--xtb.noxinfluencer.com/youtube/channel/UCXE3WEND56wicng7BQ4LhiQ,-10,badcase,儿童读物和互联网话题为主，与宠物食品推广不符
5077,UC_3xMRPL7mUPKWz-upzT4qQ,PredatorCoreRAW,https://cn--xtb.noxinfluencer.com/youtube/channel/UC_3xMRPL7mUPKWz-upzT4qQ,-35,badcase,野生动物纪录娱乐频道，与宠物食品推广完全不匹配
5078,UCvZgnWDWzR88GJVzfst_1CA,Svetkonfetka shorts,https://cn--xtb.noxinfluencer.com/youtube/channel/UCvZgnWDWzR88GJVzfst_1CA,-35,badcase,短视频搞笑娱乐为主，几乎没有宠物食品推广场景
5079,UCWpyVRBOLzrLTKwu5xlYREg,Twistify,https://cn--xtb.noxinfluencer.com/youtube/channel/UCWpyVRBOLzrLTKwu5xlYREg,-25,badcase,AI短剧情景内容，缺乏宠物食品推广场景
5080,UCXCJwG-2Ns19o1N_ZiWnq2g,Max Does Reviews,https://cn--xtb.noxinfluencer.com/youtube/channel/UCXCJwG-2Ns19o1N_ZiWnq2g,-9,badcase,人用补剂评测为主，宠粮投放相关性不足
5082,UCQT8nhldEU2zhJHQqP7ikhQ,YOur_RajU,https://cn--xtb.noxinfluencer.com/youtube/channel/UCQT8nhldEU2zhJHQqP7ikhQ,-25,badcase,音乐娱乐混剪为主，与宠物食品推广场景冲突
5084,UCF0E7bEamhlAkOk1bCLt-gw,Cat Meow,https://cn--xtb.noxinfluencer.com/youtube/channel/UCF0E7bEamhlAkOk1bCLt-gw,-20,badcase,娱乐故事型频道，宠物食品推广受众不匹配
5085,UCQ7ezd_3Aw9_ewt1H_tB-3Q,Erden Weiner,https://cn--xtb.noxinfluencer.com/youtube/channel/UCQ7ezd_3Aw9_ewt1H_tB-3Q,-10,badcase,亲子内容为主，几乎没有宠物食品相关信号
5086,UCUBoAptxTPGk_nUU7TLSBlQ,Next Level Challenges,https://cn--xtb.noxinfluencer.com/youtube/channel/UCUBoAptxTPGk_nUU7TLSBlQ,-10,badcase,无宠物食品信号，近期是挑战、整蛊、娱乐短视频
5087,UCmki-U1iSEH9bACQZQiB-Nw,Everyday living with Margarita,https://cn--xtb.noxinfluencer.com/youtube/channel/UCmki-U1iSEH9bACQZQiB-Nw,-6,badcase,人类做饭生活号，只有泛食品语境，近期内容全不对应宠物食品
5089,UCaQKPwlFV3Rc5XRoUSABKPQ,Blud Cat World,https://cn--xtb.noxinfluencer.com/youtube/channel/UCaQKPwlFV3Rc5XRoUSABKPQ,-25,badcase,猫梗娱乐号，主要是搞笑内容，不适合宠物食品投放
5091,UCCOR_pQFL7mSRHAForahGeA,Fishkoto,https://cn--xtb.noxinfluencer.com/youtube/channel/UCCOR_pQFL7mSRHAForahGeA,-10,badcase,水族鱼类观赏内容，非宠物食品推广场景，近期内容均不匹配
5092,UCJk4QUPHj_vEzsBCcD-Y9rg,jhfsjsvs,https://cn--xtb.noxinfluencer.com/youtube/channel/UCJk4QUPHj_vEzsBCcD-Y9rg,-35,badcase,纯娱乐短视频，和宠物食品投放场景明显不匹配
5095,UCUojkyZ6JwEztuCNGNeO1lg,INDY STAR VISION,https://cn--xtb.noxinfluencer.com/youtube/channel/UCUojkyZ6JwEztuCNGNeO1lg,-25,badcase,动物搞笑/动画娱乐为主，与宠物食品推广不匹配
5096,UC3g5ylGW7tWjFGG2YcCj0wA,D-Animals Grow Up,https://cn--xtb.noxinfluencer.com/youtube/channel/UC3g5ylGW7tWjFGG2YcCj0wA,-7,badcase,宠物救援内容，偏动物受众但缺少宠粮购买或测评意图
5097,UCqnlxzvPrTCGJg1sZEqyyDg,NUR EDITS,https://cn--xtb.noxinfluencer.com/youtube/channel/UCqnlxzvPrTCGJg1sZEqyyDg,-25,badcase,海怪娱乐动画，和宠物食品推广场景完全不符
5098,UCip6Ban-g01FBdlIn9TEdbw,TheTrollVerse,https://cn--xtb.noxinfluencer.com/youtube/channel/UCip6Ban-g01FBdlIn9TEdbw,-25,badcase,恶搞短视频频道，和宠物食品推广无关
5099,UC4V1TA0XxPxJsEndFTmV3hA,Wonder Mother,https://cn--xtb.noxinfluencer.com/youtube/channel/UC4V1TA0XxPxJsEndFTmV3hA,-8,badcase,仅有泛宠物/食物标签，近期无宠物食品营养或购买意图内容
5100,UCr8MCq239SeP3SYjbRvgBxQ,Erenn,https://cn--xtb.noxinfluencer.com/youtube/channel/UCr8MCq239SeP3SYjbRvgBxQ,-24,badcase,动漫叙事频道，主题与宠物食品推广不匹配
5101,UCD0v9KxbMdnSz0WC6it2bMQ,inventoryking,https://cn--xtb.noxinfluencer.com/youtube/channel/UCD0v9KxbMdnSz0WC6it2bMQ,-9,badcase,以野生动物和水族为主，和宠物食品投放目标偏离
5102,UCnL9gY-lTecWIJa1KZpOAMg,In Search of Wildlife,https://cn--xtb.noxinfluencer.com/youtube/channel/UCnL9gY-lTecWIJa1KZpOAMg,-20,badcase,野生动物纪录片频道，宠物食品受众不匹配
5103,UCSGVRNBcv0Uh9Qx02LmxtjA,TrustMeI'mADoctor Food Reviews,https://cn--xtb.noxinfluencer.com/youtube/channel/UCSGVRNBcv0Uh9Qx02LmxtjA,-25,badcase,人类吃播/食评+ASMR，属于明显形式错配
5104,UC_MKKvXX89Uypn8u2dI0byw,Oka Chinna Prayanam,https://cn--xtb.noxinfluencer.com/youtube/channel/UC_MKKvXX89Uypn8u2dI0byw,-8,badcase,泛娱乐 vlog，仅少量萌宠短片，宠物食品相关性弱
5106,UCMj7Om-Nn-IYJqFXYlN6fvg,Cobby Badger Adventures!,https://cn--xtb.noxinfluencer.com/youtube/channel/UCMj7Om-Nn-IYJqFXYlN6fvg,-24,badcase,通灵和大脚怪内容为主，几乎无宠物喂养受众
5107,UCUo0Ps_p9Wl4XG34drHYESQ,Jason Thompson,https://cn--xtb.noxinfluencer.com/youtube/channel/UCUo0Ps_p9Wl4XG34drHYESQ,-17,badcase,喜剧娱乐频道，宠物内容只是搞笑短片，不适合宠物食品推广
5109,UCgHsiYrr2HweMc9U5Sxspvw,FunKidsUSA,https://cn--xtb.noxinfluencer.com/youtube/channel/UCgHsiYrr2HweMc9U5Sxspvw,-9,badcase,儿童人类食品内容为主，缺少宠物喂养场景
5110,UCkUqm1cHEjEdPNsXJ2o7iJw,Wayne Studio,https://cn--xtb.noxinfluencer.com/youtube/channel/UCkUqm1cHEjEdPNsXJ2o7iJw,-35,badcase,表演式脑洞短剧和表情包为主，不适合宠物粮推广
5111,UCFRmJH9sXik3yLpdjT0c2yg,HOP TILES KINGDOM,https://cn--xtb.noxinfluencer.com/youtube/channel/UCFRmJH9sXik3yLpdjT0c2yg,-10,badcase,动物游戏娱乐为主，近10条全是野生/农场动物对战，不适合宠物粮推广
5112,UCYANdNszwyRh9J0DOcF8YJA,InvestorSnap,https://cn--xtb.noxinfluencer.com/youtube/channel/UCYANdNszwyRh9J0DOcF8YJA,-25,badcase,故事/卡通频道，叙事娱乐占主导，近10条与宠物粮推广完全无关
5113,UCF8bdypShsJ9H1DhXftNfJA,Thu Huyền TV,https://cn--xtb.noxinfluencer.com/youtube/channel/UCF8bdypShsJ9H1DhXftNfJA,-8,badcase,有Betta/guppy宠物鱼标签，但内容混杂，近期多为舞蹈/娱乐/活动
5114,UCmD51kwT8KHz5WoaiYQOg9w,Devil Dogs HD,https://cn--xtb.noxinfluencer.com/youtube/channel/UCmD51kwT8KHz5WoaiYQOg9w,-8,badcase,有pets/food标签但内容偏泛娱乐，近期标题几乎无宠物或喂养信息
5115,UCju-ba9TLB0VRWEfu29Fu4g,Greater Goods,https://cn--xtb.noxinfluencer.com/youtube/channel/UCju-ba9TLB0VRWEfu29Fu4g,-9,badcase,偏人类料理/厨具测评，近期全是食谱和咖啡工具，不适合宠物粮推广
5116,UC0V4o7hlZTdPTdtV4-HIsKw,Mak.a,https://cn--xtb.noxinfluencer.com/youtube/channel/UC0V4o7hlZTdPTdtV4-HIsKw,-8,badcase,仅有食物/宠物泛标签，近期全是娱乐短片，不适合宠物粮推广
5117,UCJ0nmu_guHq4771WSNLBQLg,Success info media,https://cn--xtb.noxinfluencer.com/youtube/channel/UCJ0nmu_guHq4771WSNLBQLg,-8,badcase,偏烹饪/宗教/副业内容，缺少宠物受众和宠物粮购买意图
5118,UCFp--BDbZy6v-KkoR_A5LUA,Cheryls Home Cooking,https://cn--xtb.noxinfluencer.com/youtube/channel/UCFp--BDbZy6v-KkoR_A5LUA,-7,badcase,家庭烹饪频道，缺少宠物/养宠场景，近期也无相关内容
5119,UCJUbal4_ISoWZ44ku_X9Anw,marley hendrix,https://cn--xtb.noxinfluencer.com/youtube/channel/UCJUbal4_ISoWZ44ku_X9Anw,-19,badcase,娱乐/吃播评论为主，非宠物粮投放场景
5120,UCnLlmqmnlBM48p3DxGyX2Ig,xiaonaoZhou,https://cn--xtb.noxinfluencer.com/youtube/channel/UCnLlmqmnlBM48p3DxGyX2Ig,-24,badcase,剧情搞笑号，主体是娱乐内容，与宠物粮推广错位
5121,UCeEW9v-5v0g4ST6xmSBRorg,Psychopet,https://cn--xtb.noxinfluencer.com/youtube/channel/UCeEW9v-5v0g4ST6xmSBRorg,-7,badcase,宠物泛娱乐号，只有弱宠物受众信号，近期无宠粮购买/种草意图
5122,UC_zq_8xHFEgxhmEBH3-K1XA,Nora Fatehi Fans,https://cn--xtb.noxinfluencer.com/youtube/channel/UC_zq_8xHFEgxhmEBH3-K1XA,-10,badcase,娱乐短视频为主，近10条多为动物/杂项，缺少宠物食品推广意图
5123,UCb1D9pY2g-Wr26gyBXuvBJg,BKTA5,https://cn--xtb.noxinfluencer.com/youtube/channel/UCb1D9pY2g-Wr26gyBXuvBJg,-25,badcase,AI猫故事娱乐向，缺少宠粮购买或喂养语境
5125,UC9gRSLR3NDuiwdpti3PfgHw,LOVEnatures,https://cn--xtb.noxinfluencer.com/youtube/channel/UC9gRSLR3NDuiwdpti3PfgHw,-24,badcase,无宠物相关信号，ASMR/户外娱乐为主，近10条内容均不匹配
5126,UCkDnwYGpfHlMzju1EQgM7GA,Gingecat.,https://cn--xtb.noxinfluencer.com/youtube/channel/UCkDnwYGpfHlMzju1EQgM7GA,-10,badcase,无宠物食品相关标签，近期以电影/搞笑宠物内容为主，不适合带货
5127,UCY3nvGBPte_siJ63g6Wyuag,EDgun Leshiy,https://cn--xtb.noxinfluencer.com/youtube/channel/UCY3nvGBPte_siJ63g6Wyuag,-25,badcase,狩猎/空气枪/灭鼠主题，和宠物食品推广明显错位
5128,UCUkXGe5X6zBuv5FDMwQu__g,Sumiyati AR,https://cn--xtb.noxinfluencer.com/youtube/channel/UCUkXGe5X6zBuv5FDMwQu__g,-9,badcase,只有猫泛标签，内容仍是搞笑短视频，缺少喂养和购买意图
5129,UCp-mi5qTnClFfFR-9IEDI5A,FaunaVoid,https://cn--xtb.noxinfluencer.com/youtube/channel/UCp-mi5qTnClFfFR-9IEDI5A,-9,badcase,野生动物纪录片取向，缺少宠物喂养或食品购买语境
5130,UCrH_dzYW9KGZ7KkuUQ1ZWig,Dino & Animal Playground,https://cn--xtb.noxinfluencer.com/youtube/channel/UCrH_dzYW9KGZ7KkuUQ1ZWig,-25,badcase,儿童动画与娱乐内容为主，和宠物食品目标受众不匹配
5131,UCyOdhMt8DGPjgg3OK0QSFkQ,All Time Clips,https://cn--xtb.noxinfluencer.com/youtube/channel/UCyOdhMt8DGPjgg3OK0QSFkQ,-10,badcase,曼德拉效应娱乐频道，最近10条全无宠粮相关，明显不适合推广
5132,UCaAa7oFuLW5BCHKtVO1In2g,Kinsley.BaBy01,https://cn--xtb.noxinfluencer.com/youtube/channel/UCaAa7oFuLW5BCHKtVO1In2g,-25,badcase,频道以搞笑短剧/娱乐为主，近期内容与宠物食品推广几乎无关
5133,UCLRGkP2P8mhm8Cx4OKnR3rw,Tania Tania 7038,https://cn--xtb.noxinfluencer.com/youtube/channel/UCLRGkP2P8mhm8Cx4OKnR3rw,-15,badcase,娱乐音乐旅行类频道，近期无宠物食品或购买场景
5136,UCT6CfO_GxDz3Rxbxg83CS6Q,Haidars Gamers And Gameplay,https://cn--xtb.noxinfluencer.com/youtube/channel/UCT6CfO_GxDz3Rxbxg83CS6Q,-10,badcase,以游戏和娱乐为主，近10条无宠物食品相关内容，推广匹配度低
5137,UCKz3qkJnV4TTWmcU--ISy4g,Ruffwear,https://cn--xtb.noxinfluencer.com/youtube/channel/UCKz3qkJnV4TTWmcU--ISy4g,-7,badcase,狗用品频道，只有宠物受众弱相关；近期内容全是狗装备，和宠物食品推广不匹配
5138,UCoCuGN93uG2IquCn7IdRxHg,ZNXT TOONS,https://cn--xtb.noxinfluencer.com/youtube/channel/UCoCuGN93uG2IquCn7IdRxHg,-20,badcase,频道以动画/搞笑短视频为主，宠物内容仅是泛娱乐，缺少宠物食品购买意图
5139,UCS7m9ZqzUz10OzEqAsWNL4g,♡︎𝐀𝐦𝐞𝐭𝐡𝐲𝐬𝐭 𝐖𝐢𝐥𝐥♡︎,https://cn--xtb.noxinfluencer.com/youtube/channel/UCS7m9ZqzUz10OzEqAsWNL4g,-30,badcase,以娱乐 viral 个人短视频为主，缺少宠物食品/喂养推广语境
5140,UCkzVsxRxJr2pvcn-IA3w_ew,Jujus Vlogs,https://cn--xtb.noxinfluencer.com/youtube/channel/UCkzVsxRxJr2pvcn-IA3w_ew,-20,badcase,频道主轴是捡垃圾/开箱类内容，与宠物食品推广不匹配
5141,UCH9fxmFXZPbrs1hSRTydzGg,Vintage Uprising Tx,https://cn--xtb.noxinfluencer.com/youtube/channel/UCH9fxmFXZPbrs1hSRTydzGg,-10,badcase,主内容是旧货/时尚，宠物内容只是零星出现
5142,UC4BAHxNXZuRhfugfArob-Ng,Myrna USA Digital World,https://cn--xtb.noxinfluencer.com/youtube/channel/UC4BAHxNXZuRhfugfArob-Ng,-25,badcase,音乐/ASMR/娱乐型频道，与宠物食品促销格式不匹配
5146,UCWNsiTc2Sa1l26udlEVGx8g,ASMRio,https://cn--xtb.noxinfluencer.com/youtube/channel/UCWNsiTc2Sa1l26udlEVGx8g,-21,badcase,ASMR氛围类频道，缺少宠物食品与购买意图
5147,UCgm1MGxVAMLYZgVORDVYY2Q,Yunita Anwar,https://cn--xtb.noxinfluencer.com/youtube/channel/UCgm1MGxVAMLYZgVORDVYY2Q,-10,badcase,做人类美食内容，和宠物食品推广缺少直接关联
5148,UCJdpPBB3FPzC2kPhBCfDqKA,2RealTV,https://cn--xtb.noxinfluencer.com/youtube/channel/UCJdpPBB3FPzC2kPhBCfDqKA,-10,badcase,音乐娱乐为主，宠物食品相关性弱
5149,UCWacjnGpO8So-jZlfI8qI8g,Street Food Safari: Exploring Global Delights,https://cn--xtb.noxinfluencer.com/youtube/channel/UCWacjnGpO8So-jZlfI8qI8g,-10,badcase,街头美食内容，非宠物食品场景
5150,UC6gSd4BqqMUw9S0n48OEnYA,EnzoWildFacts,https://cn--xtb.noxinfluencer.com/youtube/channel/UC6gSd4BqqMUw9S0n48OEnYA,-14,badcase,宠物娱乐短视频为主，缺少宠物食品、喂养或购买意图
5151,UC_7bE9ZQZj-WZL_W1I5LRkQ,h-shuye,https://cn--xtb.noxinfluencer.com/youtube/channel/UC_7bE9ZQZj-WZL_W1I5LRkQ,-10,badcase,无宠物或宠粮信号，近期内容基本不相关
5152,UC7KkWrca6QEm82YFFna6sIw,KittyLuLu,https://cn--xtb.noxinfluencer.com/youtube/channel/UC7KkWrca6QEm82YFFna6sIw,-9,badcase,动物内容但非宠物向，近期视频与宠粮弱相关
5153,UCR32IWYIImtc28mO8MS6m5g,MooshiMoo,https://cn--xtb.noxinfluencer.com/youtube/channel/UCR32IWYIImtc28mO8MS6m5g,-24,badcase,以人类饮食、配送、运动和游戏为主，不适合宠物食品推广
5155,UC4jZ42k3x54VoNmsGcpUbgA,World of Harper,https://cn--xtb.noxinfluencer.com/youtube/channel/UC4jZ42k3x54VoNmsGcpUbgA,-7,badcase,以婴儿吃播为主，宠物食品相关度弱，近10条内容均不匹配
5157,UCzEXxCeapo-1VAZKoXRxLeA,Hampi 1001,https://cn--xtb.noxinfluencer.com/youtube/channel/UCzEXxCeapo-1VAZKoXRxLeA,-8,badcase,仓鼠受众有一点相关，但近10条以迷宫娱乐为主，转化意图弱
5158,UCDpenlfHFtjdGpqi8slPybg,Cooking With Marshmello,https://cn--xtb.noxinfluencer.com/youtube/channel/UCDpenlfHFtjdGpqi8slPybg,-10,badcase,人类烹饪频道，和宠物食品受众不匹配
5159,UCVTg1Hgjb2aad0g6pEMv73Q,Bambi Haze,https://cn--xtb.noxinfluencer.com/youtube/channel/UCVTg1Hgjb2aad0g6pEMv73Q,-22,badcase,ASMR/3DIO 形式对实体宠物食品投放属于明显格式错配
5160,UC5pWBQKtflB2f07bnBkVFJQ,Apex Ranking,https://cn--xtb.noxinfluencer.com/youtube/channel/UC5pWBQKtflB2f07bnBkVFJQ,-10,badcase,动物排行娱乐频道，缺少宠物食品或饲喂相关上下文
5162,UCMF14YUVR8en85L_TEnGumQ,Luckybud-Capybara,https://cn--xtb.noxinfluencer.com/youtube/channel/UCMF14YUVR8en85L_TEnGumQ,-25,badcase,卡皮巴拉玩具娱乐为主，与宠粮推广无关
5164,UCiROIExl_Cjr31jEt58VwGw,Malulu’s Kitchen,https://cn--xtb.noxinfluencer.com/youtube/channel/UCiROIExl_Cjr31jEt58VwGw,-25,badcase,人类烹饪内容，与宠粮推广主题明显不符
5165,UCKBt0Zw6PH1jPdczaYYpQJA,Patty,https://cn--xtb.noxinfluencer.com/youtube/channel/UCKBt0Zw6PH1jPdczaYYpQJA,-25,badcase,游戏内容为主，缺少宠物受众与宠粮消费场景
5166,UCQwr2LzvulmTWBD7qD5tAmQ,HershNoeie,https://cn--xtb.noxinfluencer.com/youtube/channel/UCQwr2LzvulmTWBD7qD5tAmQ,-10,badcase,本地生活/美食号，缺少宠物或宠粮语境，近10条全不匹配
5167,UCDeaWMCAAzdt0OWX5k4Ifeg,Alejacu,https://cn--xtb.noxinfluencer.com/youtube/channel/UCDeaWMCAAzdt0OWX5k4Ifeg,-25,badcase,娱乐游戏号，受众和宠粮推广完全不符，近期内容也全偏娱乐
5168,UC-Ery_U8oMbHBL8GcUNMCFg,Between Spoonfuls,https://cn--xtb.noxinfluencer.com/youtube/channel/UC-Ery_U8oMbHBL8GcUNMCFg,-9,badcase,人类美食手作号，仅有泛食品类关联，没有宠物受众或宠粮语境
5169,UCagI0rYMR8z698kufnAy0KA,Hi Toon,https://cn--xtb.noxinfluencer.com/youtube/channel/UCagI0rYMR8z698kufnAy0KA,-25,badcase,动画娱乐号，主内容是梗图/体育/游戏，不适合宠粮推广
5170,UCnuJ6DjCHKNdMtRFlU4--Cw,Dikazen,https://cn--xtb.noxinfluencer.com/youtube/channel/UCnuJ6DjCHKNdMtRFlU4--Cw,-25,badcase,剪辑预设号，内容与宠物喂养和宠粮购买无关
5173,UCXOiu6_JOlup_Ps0KWYEsAg,Sandu Vlogs,https://cn--xtb.noxinfluencer.com/youtube/channel/UCXOiu6_JOlup_Ps0KWYEsAg,-10,badcase,综合Vlog和美食内容，缺少宠物消费人群
5174,UC2NtXN7LcVoJ8wkMNljYp6w,Miss Cyber Safari,https://cn--xtb.noxinfluencer.com/youtube/channel/UC2NtXN7LcVoJ8wkMNljYp6w,-25,badcase,野生动物动画娱乐，和宠物食品推广不匹配
5175,UC_LFd0i6-2_JryUq0o2ciIg,animalmal,https://cn--xtb.noxinfluencer.com/youtube/channel/UC_LFd0i6-2_JryUq0o2ciIg,-10,badcase,以野生动物救援为主，宠物食品转化弱
5176,UC9oSblEntyWjposMTLC6Jiw,MomsMinivan on the Farm,https://cn--xtb.noxinfluencer.com/youtube/channel/UC9oSblEntyWjposMTLC6Jiw,-9,badcase,农场/家禽为主，宠物相关弱，近10条几乎都不对题
5179,UC_yfyGG73B1ux34gdQ6J3pQ,ileneklump honeymuna,https://cn--xtb.noxinfluencer.com/youtube/channel/UC_yfyGG73B1ux34gdQ6J3pQ,-25,badcase,喜剧短剧号，主题与宠粮投放场景不匹配
5180,UCfVVSQ-4_KeMHwv5JYI1-3Q,Spoonfull Tales,https://cn--xtb.noxinfluencer.com/youtube/channel/UCfVVSQ-4_KeMHwv5JYI1-3Q,-25,badcase,ASMR/eating show格式不适合宠粮推广，偏强错配
5181,UCYhtoZixy8j0MCzIwKg66TQ,The Pet Guy,https://cn--xtb.noxinfluencer.com/youtube/channel/UCYhtoZixy8j0MCzIwKg66TQ,-5,badcase,宠物泛娱乐频道，缺少宠物食品/喂养/购买语境，近期多为趣味短内容
5182,UC6UTi6MTP6MvRfpJCpuC4rg,TOP ANIMAL CHANNEL,https://cn--xtb.noxinfluencer.com/youtube/channel/UC6UTi6MTP6MvRfpJCpuC4rg,-11,badcase,仅有宠物泛标签，近期多为犬类争斗/野生动物内容，不适合宠物食品推广
5183,UCN43MGaOSQwAz8iUlukBJ8g,Digital Future,https://cn--xtb.noxinfluencer.com/youtube/channel/UCN43MGaOSQwAz8iUlukBJ8g,-10,badcase,加密/翻牌频道，缺少宠物受众与宠粮场景，近期基本全不相关
5184,UCD4SV9id7aiQwGrIQF01ldw,Angel Graves,https://cn--xtb.noxinfluencer.com/youtube/channel/UCD4SV9id7aiQwGrIQF01ldw,-10,badcase,娱乐生活杂项频道，宠物食品推广意图弱，近期内容多不匹配
5186,UC65bBCzteDiLpPfBQu38xmg,Stop Motion Cooking,https://cn--xtb.noxinfluencer.com/youtube/channel/UC65bBCzteDiLpPfBQu38xmg,-34,badcase,以ASMR/停格美食娱乐为主，近10条无宠物食品相关，适配很差
5187,UCzqhAAS51G620IGF4VuAGvA,Bailey the Service Pupper,https://cn--xtb.noxinfluencer.com/youtube/channel/UCzqhAAS51G620IGF4VuAGvA,-6,badcase,狗主题娱乐号，仅弱宠物受众，近期内容全是娱乐无购买意图
5188,UCI19JKHO7-F02iwmxyLJKZg,La Vecindad del 8 Season 2,https://cn--xtb.noxinfluencer.com/youtube/channel/UCI19JKHO7-F02iwmxyLJKZg,-21,badcase,猫动画短片，近期内容均为故事娱乐，与宠物食品推广不匹配
5189,UCwP62vDxrXeCtS9jDsttoRg,Meow and Sunny,https://cn--xtb.noxinfluencer.com/youtube/channel/UCwP62vDxrXeCtS9jDsttoRg,-6,badcase,仅有泛宠物/猫受众，近期多为萌宠短内容，无宠物食品意图
5190,UCBmsnF7-00PKcqbXPgx4xjw,We Know Dawgs,https://cn--xtb.noxinfluencer.com/youtube/channel/UCBmsnF7-00PKcqbXPgx4xjw,-10,badcase,犬类资讯频道，缺少宠物食品购买/测评/喂养意图
5191,UCsNFQRfVjarUExZglQl4yAA,Blanca j Soto,https://cn--xtb.noxinfluencer.com/youtube/channel/UCsNFQRfVjarUExZglQl4yAA,-10,badcase,清洁/家常菜频道，和宠物食品推广无关
5192,UCt_p5wBvY7hWdHvyuU0UDww,GIGI Secret Naturals,https://cn--xtb.noxinfluencer.com/youtube/channel/UCt_p5wBvY7hWdHvyuU0UDww,-10,badcase,美食美发频道，缺少宠物喂养或购买意图
5193,UC6JGfIZBAuc8ZiH-DrIKaYQ,Королевские Куклы,https://cn--xtb.noxinfluencer.com/youtube/channel/UC6JGfIZBAuc8ZiH-DrIKaYQ,-21,badcase,动物娱乐向，缺少宠物喂养/购买场景
5194,UCIEDrNDCDNqkatpIKySnPug,Mix recipes,https://cn--xtb.noxinfluencer.com/youtube/channel/UCIEDrNDCDNqkatpIKySnPug,-10,badcase,纯做菜频道，和宠物食品投放不匹配
5195,UChpaYKYNB3E7PiyRAaYwaPg,Viveca,https://cn--xtb.noxinfluencer.com/youtube/channel/UChpaYKYNB3E7PiyRAaYwaPg,-8,badcase,生活方式频道仅零散提到狗，宠粮意图很弱
5197,UC1CZHuDukcDPUwxvjXrPMVw,Ju Em Cooking Official,https://cn--xtb.noxinfluencer.com/youtube/channel/UC1CZHuDukcDPUwxvjXrPMVw,-8,badcase,人类街食内容为主，和宠物食品推广场景不匹配
5198,UCLW1iHpEb-EwNu-ylg2gtLg,Nguyễn Tiến Nhật,https://cn--xtb.noxinfluencer.com/youtube/channel/UCLW1iHpEb-EwNu-ylg2gtLg,-15,badcase,鸡类养殖与宠物食品受众不符，偏畜禽养殖场景
5199,UCnTDEykd-6ZmZvEx0VwVhCw,Leimesee,https://cn--xtb.noxinfluencer.com/youtube/channel/UCnTDEykd-6ZmZvEx0VwVhCw,-10,badcase,动物泛娱乐内容多，但没有宠物食品或购买导向
5200,UCxTc3IyiI_of3FcJ8Yh7Gnw,sodany khan,https://cn--xtb.noxinfluencer.com/youtube/channel/UCxTc3IyiI_of3FcJ8Yh7Gnw,-25,badcase,舞蹈娱乐频道，格式与宠物食品推广明显不匹配
5202,UCKj0xI4DJsKDtALgbZmAWCw,Noah's Ark Animal Sanctuary,https://cn--xtb.noxinfluencer.com/youtube/channel/UCKj0xI4DJsKDtALgbZmAWCw,-5,badcase,动物救助/野生动物为主，非宠物消费场景，宠物食品匹配度低
5204,UCUnkgfspvPVgj7O3VdSx2_A,Chow Panda,https://cn--xtb.noxinfluencer.com/youtube/channel/UCUnkgfspvPVgj7O3VdSx2_A,-22,badcase,人类街头美食ASMR，主题和格式都与宠物食品推广错位
5207,UCOU98_8DxyToPQSbWpKc4ng,Huy Viral,https://cn--xtb.noxinfluencer.com/youtube/channel/UCOU98_8DxyToPQSbWpKc4ng,-10,badcase,泛娱乐搞笑频道，近10条多为搞笑/吃喝/挑战，和宠物食品投放不匹配
5208,UChdbljSFS3N0Thu-rccjmjg,Tough Creatures,https://cn--xtb.noxinfluencer.com/youtube/channel/UChdbljSFS3N0Thu-rccjmjg,-9,badcase,以野生动物和对战娱乐为主，只有弱宠物信号，不适合推宠物食品
5209,UC_7bE9ZQZj-WZL_W1I5LRkQ,h-shuye,https://cn--xtb.noxinfluencer.com/youtube/channel/UC_7bE9ZQZj-WZL_W1I5LRkQ,-10,badcase,杂内容且无宠物受众，近期以工具/挑战/泛娱乐为主，缺少食品购买场景
5210,UC7KkWrca6QEm82YFFna6sIw,KittyLuLu,https://cn--xtb.noxinfluencer.com/youtube/channel/UC7KkWrca6QEm82YFFna6sIw,-21,badcase,ASMR为主且动物非宠物场景，缺少宠物食品购买意图，格式不适配
5211,UCR32IWYIImtc28mO8MS6m5g,MooshiMoo,https://cn--xtb.noxinfluencer.com/youtube/channel/UCR32IWYIImtc28mO8MS6m5g,-9,badcase,仅有泛化food标签，近期全是人类饮食/减重内容，不适合宠物粮推广
5213,UC4jZ42k3x54VoNmsGcpUbgA,World of Harper,https://cn--xtb.noxinfluencer.com/youtube/channel/UC4jZ42k3x54VoNmsGcpUbgA,-18,badcase,主体是婴童吃播，宠物粮受众错位，近期内容几乎全不匹配
5215,UCzEXxCeapo-1VAZKoXRxLeA,Hampi 1001,https://cn--xtb.noxinfluencer.com/youtube/channel/UCzEXxCeapo-1VAZKoXRxLeA,-23,badcase,受众虽是仓鼠，但核心是迷宫/怪物娱乐，不适合宠物粮推广
5216,UCDpenlfHFtjdGpqi8slPybg,Cooking With Marshmello,https://cn--xtb.noxinfluencer.com/youtube/channel/UCDpenlfHFtjdGpqi8slPybg,-9,badcase,人类烹饪频道，近10条均为食谱内容，和宠物食品推广不匹配
5217,UCVTg1Hgjb2aad0g6pEMv73Q,Bambi Haze,https://cn--xtb.noxinfluencer.com/youtube/channel/UCVTg1Hgjb2aad0g6pEMv73Q,-25,badcase,ASMR/3DIO为主，近10条全是音频娱乐，属于明显形式错配
5218,UC5pWBQKtflB2f07bnBkVFJQ,Apex Ranking,https://cn--xtb.noxinfluencer.com/youtube/channel/UC5pWBQKtflB2f07bnBkVFJQ,-10,badcase,近10条都是动物排行娱乐内容，和宠物食品推广缺少购买/喂养语境
5220,UCMF14YUVR8en85L_TEnGumQ,Luckybud-Capybara,https://cn--xtb.noxinfluencer.com/youtube/channel/UCMF14YUVR8en85L_TEnGumQ,-10,badcase,内容是卡皮巴拉玩具娱乐号，和宠物食品投放目标不匹配
5221,UCbZrcIA3vxbRSSYtILRMPIg,Divya Shankar Photography,https://cn--xtb.noxinfluencer.com/youtube/channel/UCbZrcIA3vxbRSSYtILRMPIg,-24,badcase,野生动物/观鸟频道，与宠物粮投放目标不符
5223,UCiROIExl_Cjr31jEt58VwGw,Malulu’s Kitchen,https://cn--xtb.noxinfluencer.com/youtube/channel/UCiROIExl_Cjr31jEt58VwGw,-9,badcase,人类烹饪食谱频道，对宠物粮推广转化弱
5224,UCKBt0Zw6PH1jPdczaYYpQJA,Patty,https://cn--xtb.noxinfluencer.com/youtube/channel/UCKBt0Zw6PH1jPdczaYYpQJA,-25,badcase,纯游戏频道，受众与宠物粮投放明显不匹配
5225,UCQwr2LzvulmTWBD7qD5tAmQ,HershNoeie,https://cn--xtb.noxinfluencer.com/youtube/channel/UCQwr2LzvulmTWBD7qD5tAmQ,-10,badcase,以人类美食和本地生活为主，缺少宠物食品购买/喂养语境，近期内容全不匹配
5226,UCDeaWMCAAzdt0OWX5k4Ifeg,Alejacu,https://cn--xtb.noxinfluencer.com/youtube/channel/UCDeaWMCAAzdt0OWX5k4Ifeg,-25,badcase,娱乐游戏频道，最近内容与宠物食品推广无关
5227,UC-Ery_U8oMbHBL8GcUNMCFg,Between Spoonfuls,https://cn--xtb.noxinfluencer.com/youtube/channel/UC-Ery_U8oMbHBL8GcUNMCFg,-8,badcase,人类美食手作频道，缺少宠物喂养意图
5228,UCagI0rYMR8z698kufnAy0KA,Hi Toon,https://cn--xtb.noxinfluencer.com/youtube/channel/UCagI0rYMR8z698kufnAy0KA,-25,badcase,卡通娱乐频道，主题和宠物食品投放不匹配
5230,UCnuJ6DjCHKNdMtRFlU4--Cw,Dikazen,https://cn--xtb.noxinfluencer.com/youtube/channel/UCnuJ6DjCHKNdMtRFlU4--Cw,-25,badcase,预设混剪短视频频道，缺少宠物食品受众与购买场景
5232,UCFaFqgkIAXUI4nuI3_1tMIw,Novix,https://cn--xtb.noxinfluencer.com/youtube/channel/UCFaFqgkIAXUI4nuI3_1tMIw,-8,badcase,标签偏泛，近期内容以生存/动物科普为主，缺少宠物喂养或购买场景
5234,UCXOiu6_JOlup_Ps0KWYEsAg,Sandu Vlogs,https://cn--xtb.noxinfluencer.com/youtube/channel/UCXOiu6_JOlup_Ps0KWYEsAg,-10,badcase,无宠物食品相关信号，近期内容多为vlog/美食/家庭，明显不匹配
5235,UCWfg3I7QgI8FxGIn6JI6MdA,Meowgic AI,https://cn--xtb.noxinfluencer.com/youtube/channel/UCWfg3I7QgI8FxGIn6JI6MdA,-7,badcase,有宠物犬泛相关，但主内容是玩具娱乐，近10条全无宠物食品意图
5236,UC2NtXN7LcVoJ8wkMNljYp6w,Miss Cyber Safari,https://cn--xtb.noxinfluencer.com/youtube/channel/UC2NtXN7LcVoJ8wkMNljYp6w,-25,badcase,动物动画AI短内容，和宠物食品投放受众不匹配
5237,UCnBpj_5YaOsR73sT2GOeV3Q,Filipina Wisconsin USA,https://cn--xtb.noxinfluencer.com/youtube/channel/UCnBpj_5YaOsR73sT2GOeV3Q,-8,badcase,有宠物标签，但频道偏旅行美食，缺少宠物食品语境
5238,UC30ohjHQ1DEpDgMnvQ8f_3g,Real POV Moments,https://cn--xtb.noxinfluencer.com/youtube/channel/UC30ohjHQ1DEpDgMnvQ8f_3g,-16,badcase,狗题材但偏剧情娱乐，缺少宠物食品/购买意图
5239,UC_LFd0i6-2_JryUq0o2ciIg,animalmal,https://cn--xtb.noxinfluencer.com/youtube/channel/UC_LFd0i6-2_JryUq0o2ciIg,-20,badcase,野生动物娱乐内容，和宠物食品推广场景不匹配
5240,UC9oSblEntyWjposMTLC6Jiw,MomsMinivan on the Farm,https://cn--xtb.noxinfluencer.com/youtube/channel/UC9oSblEntyWjposMTLC6Jiw,-19,badcase,农场/牲畜内容为主，非宠物食品核心受众
5242,UCjMKr9xrkafnRwuEpFAWZsg,Pets_Hack_Tv,https://cn--xtb.noxinfluencer.com/youtube/channel/UCjMKr9xrkafnRwuEpFAWZsg,-2,badcase,宠物受众相关但偏病毒娱乐短视频，缺少宠物食品/营养/购买语境
5243,UC_yfyGG73B1ux34gdQ6J3pQ,ileneklump honeymuna,https://cn--xtb.noxinfluencer.com/youtube/channel/UC_yfyGG73B1ux34gdQ6J3pQ,-25,badcase,以娱乐短剧为主，与宠物食品推广场景明显不匹配
5244,UCQXZYjwfB6dXh13tM-yKTpw,Hailey Bright,https://cn--xtb.noxinfluencer.com/youtube/channel/UCQXZYjwfB6dXh13tM-yKTpw,-11,badcase,频道以游戏、时尚、旅行娱乐为主，无宠物食品推广相关性
5245,UCfVVSQ-4_KeMHwv5JYI1-3Q,Spoonfull Tales,https://cn--xtb.noxinfluencer.com/youtube/channel/UCfVVSQ-4_KeMHwv5JYI1-3Q,-25,badcase,ASMR吃播型内容是强格式错配，不适合做宠物食品推广
5247,UC2_eKCVZjgPuibQHKlotDdw,The ASMR Empire,https://cn--xtb.noxinfluencer.com/youtube/channel/UC2_eKCVZjgPuibQHKlotDdw,-24,badcase,ASMR吃播为主，和宠物食品的投放场景明显错配
5248,UC6UTi6MTP6MvRfpJCpuC4rg,TOP ANIMAL CHANNEL,https://cn--xtb.noxinfluencer.com/youtube/channel/UC6UTi6MTP6MvRfpJCpuC4rg,-6,badcase,以动物对战为主，不是宠物喂养或食品消费场景
5249,UCD4SV9id7aiQwGrIQF01ldw,Angel Graves,https://cn--xtb.noxinfluencer.com/youtube/channel/UCD4SV9id7aiQwGrIQF01ldw,-8,badcase,内容杂，主轴偏娱乐美妆，宠物食品受众不稳定
9501,UCLiLHazUqE7oOM4g-MPPsnw,Real Vibe STORY,https://cn--xtb.noxinfluencer.com/youtube/channel/UCLiLHazUqE7oOM4g-MPPsnw,-35,badcase,叙事故事频道，非宠物食品推广场景，近10条内容均不匹配
9502,UCosaQ4R4j7L9jSCtYdXoQ2A,PrayCast,https://cn--xtb.noxinfluencer.com/youtube/channel/UCosaQ4R4j7L9jSCtYdXoQ2A,-9,badcase,宠物话题有弱相关，但频道主打动物救援娱乐，近10条全是救援内容，不适合宠粮推广
9503,UCocGVuNrRZruvEdCUtCv1zA,Bridie Squirrel in English,https://cn--xtb.noxinfluencer.com/youtube/channel/UCocGVuNrRZruvEdCUtCv1zA,-25,badcase,儿童动画频道，内容与宠物食品推广完全不符
9504,UC2NPNynFIjwQdErgJoq7uag,Stubborn Master,https://cn--xtb.noxinfluencer.com/youtube/channel/UC2NPNynFIjwQdErgJoq7uag,-21,badcase,以ASMR/音乐娱乐为主，近10条无宠物食品相关内容，格式不适合推广。
9505,UCoMx7Yw5imSbepJgnZG7MEg,WhizQuizz,https://cn--xtb.noxinfluencer.com/youtube/channel/UCoMx7Yw5imSbepJgnZG7MEg,-35,badcase,纯娱乐测验频道，前10条无宠物粮相关，题材与带货场景不符
9506,UCde1DbQsqnfUItV89BxqoGQ,Let’s Bake and Cook Stuff,https://cn--xtb.noxinfluencer.com/youtube/channel/UCde1DbQsqnfUItV89BxqoGQ,-9,badcase,人类烹饪频道，只有泛food标签，近10条全是菜谱内容
9508,UCGNgG36XStK9qjFBCLOsPeQ,Paws & Paradox,https://cn--xtb.noxinfluencer.com/youtube/channel/UCGNgG36XStK9qjFBCLOsPeQ,-10,badcase,农村生活/旅游频道，近期多为动物娱乐内容，和宠物食品推广不匹配
9509,UCGuwR4Tn7XWdqpaMZLh0zdQ,Chroma Pixel Plays,https://cn--xtb.noxinfluencer.com/youtube/channel/UCGuwR4Tn7XWdqpaMZLh0zdQ,-25,badcase,游戏娱乐频道，近期全是Garry's Mod/怪物动物内容，明显错位
9511,UCxDWetJe6TdQMxwSIsN1DLA,Catventure,https://cn--xtb.noxinfluencer.com/youtube/channel/UCxDWetJe6TdQMxwSIsN1DLA,-5,badcase,以猫宠物内容为主，缺少宠粮/购买意图，近10条都无食品相关
9512,UCPfEOLhFyZKbrVgHPbmA0LA,LVXXVIII - LOVOY,https://cn--xtb.noxinfluencer.com/youtube/channel/UCPfEOLhFyZKbrVgHPbmA0LA,-10,badcase,内容偏新闻/生活杂谈，近10条无宠物食品相关，推广相关性低
9513,UCah8-FW4W0Xg6G4KFxMwv6g,The Fun Factory Lab,https://cn--xtb.noxinfluencer.com/youtube/channel/UCah8-FW4W0Xg6G4KFxMwv6g,-22,badcase,娱乐搞笑频道，近10条均为搞笑内容，与宠物食品推广不匹配
9514,UCprN39mkvNURvIjDTyqHCbw,Britt,https://cn--xtb.noxinfluencer.com/youtube/channel/UCprN39mkvNURvIjDTyqHCbw,-7,badcase,无标签命中；近期以舞蹈/日常为主，宠物食品相关性弱
9516,UCA052_DVhbTV4mH5YZY8A4A,Debra Carmona,https://cn--xtb.noxinfluencer.com/youtube/channel/UCA052_DVhbTV4mH5YZY8A4A,-5,badcase,以手工DIY为主，宠物内容零散，缺少宠物食品购买意图
9517,UCOTzjXUEw649leDTG6haGvw,Funtastic ToonStories,https://cn--xtb.noxinfluencer.com/youtube/channel/UCOTzjXUEw649leDTG6haGvw,-25,badcase,儿童故事动画频道，内容与宠物食品推广场景明显不符
9518,UCmOHgCd2kd-KCQ5YN-bxPhA,Noora,https://cn--xtb.noxinfluencer.com/youtube/channel/UCmOHgCd2kd-KCQ5YN-bxPhA,-10,badcase,泛娱乐搞笑频道，缺少宠物受众与喂养/购买意图
9520,UCAhniI1ycWupY7eDHC0S7Dw,Skoller,https://cn--xtb.noxinfluencer.com/youtube/channel/UCAhniI1ycWupY7eDHC0S7Dw,-30,badcase,动画娱乐号，近10条全是剧情内容，与宠物食品推广不匹配
9521,UClQV4n6O41gNmR1ZhT2dBwA,Afkar Putra Sanjaya,https://cn--xtb.noxinfluencer.com/youtube/channel/UClQV4n6O41gNmR1ZhT2dBwA,-20,badcase,少儿歌曲娱乐频道，近10条均非宠物食品语境
9522,UCj9wjdy1b0gAR58-0mhKB1g,Frame-lt,https://cn--xtb.noxinfluencer.com/youtube/channel/UCj9wjdy1b0gAR58-0mhKB1g,-25,badcase,动画娱乐频道，和宠物食品推广场景明显错配
9523,UCVJSLzJ6pourPe35_Tb3W9A,Rural Craft,https://cn--xtb.noxinfluencer.com/youtube/channel/UCVJSLzJ6pourPe35_Tb3W9A,-15,badcase,DIY农机/农业内容，缺少宠物或喂养购买语境
9525,UCfuyFUlhjS1TeXDOklv41Mg,Watching Humans,https://cn--xtb.noxinfluencer.com/youtube/channel/UCfuyFUlhjS1TeXDOklv41Mg,-20,badcase,素食/动物权益议题，非宠物食品推广受众
9526,UC3b2Lh05RWeUklYNXYOdhpQ,Polina Yasinsky,https://cn--xtb.noxinfluencer.com/youtube/channel/UC3b2Lh05RWeUklYNXYOdhpQ,-22,badcase,ASMR休闲/收纳频道，缺少宠物喂养或购买语境，且近期内容不符
9527,UCiZ_N8zYVoioHThttrfiNcg,lps puppy tails,https://cn--xtb.noxinfluencer.com/youtube/channel/UCiZ_N8zYVoioHThttrfiNcg,-25,badcase,动画娱乐向频道，和宠物食品推广场景不匹配
9530,UCayc-qlEIuXIceYB42W7AwA,SelfMadeCook,https://cn--xtb.noxinfluencer.com/youtube/channel/UCayc-qlEIuXIceYB42W7AwA,-10,badcase,人类料理频道，和宠物食品推广不匹配
9531,UCSku8cwDgb85_MuDLoFMEgQ,ParaTV69,https://cn--xtb.noxinfluencer.com/youtube/channel/UCSku8cwDgb85_MuDLoFMEgQ,-10,badcase,近期全是人类娱乐/吃播内容，与宠物粮推广无关
9532,UCSUJEsOVVvHugpQWePQLKaA,der00,https://cn--xtb.noxinfluencer.com/youtube/channel/UCSUJEsOVVvHugpQWePQLKaA,-15,badcase,野生鹿类/户外频道，缺少宠物喂养与购买场景
9533,UCV-qdLs71WARqmCqKxtKvVg,Debo Dojo,https://cn--xtb.noxinfluencer.com/youtube/channel/UCV-qdLs71WARqmCqKxtKvVg,-10,badcase,播客/泛娱乐为主，和宠物粮推广缺少直接相关
9534,UCQeS4umKeny8OpFDBGs1Uzw,Adorable_Animal,https://cn--xtb.noxinfluencer.com/youtube/channel/UCQeS4umKeny8OpFDBGs1Uzw,-8,badcase,有宠物泛相关，但内容是动物娱乐，宠粮转化场景弱
9535,UCybhVgajkod3ytzj3pU9TQA,Functional Art Forms,https://cn--xtb.noxinfluencer.com/youtube/channel/UCybhVgajkod3ytzj3pU9TQA,-10,badcase,主体为车辆/卡车内容，近10条几乎全不相关，宠物食品推广不匹配
9536,UCoq2f9AtpHYvqRaQWCN0pEw,Muhiddin Uz,https://cn--xtb.noxinfluencer.com/youtube/channel/UCoq2f9AtpHYvqRaQWCN0pEw,-25,badcase,游戏频道，近10条全是牛羊交易，和宠物食品推广不符
9537,UCUckUBpFrp76GiNEBD39FGw,Rachel's Unique Crafts,https://cn--xtb.noxinfluencer.com/youtube/channel/UCUckUBpFrp76GiNEBD39FGw,-10,badcase,手工家居频道，近期内容与宠物食品无关
9538,UCjm-BnFRmTAJrFC1whPgmwg,Primitive TV,https://cn--xtb.noxinfluencer.com/youtube/channel/UCjm-BnFRmTAJrFC1whPgmwg,-7,badcase,人类烹饪频道，只有食物泛相关，缺少宠物受众
9539,UCpdZHjvbooWClxFwH7V9fyQ,The Crab Place,https://cn--xtb.noxinfluencer.com/youtube/channel/UCpdZHjvbooWClxFwH7V9fyQ,-9,badcase,海鲜零售频道，食物相关但非宠物食品受众
9540,UCKXwRJlvbyMYm7p3Jbp6TRg,Miguel Lyall (Spirit Productions),https://cn--xtb.noxinfluencer.com/youtube/channel/UCKXwRJlvbyMYm7p3Jbp6TRg,-15,badcase,以Furry/娱乐/艺术为主，近期内容与宠物食品推广几乎无关
9541,UCgmvn4p_n1ZSb46HK5qxSWQ,Mr Black,https://cn--xtb.noxinfluencer.com/youtube/channel/UCgmvn4p_n1ZSb46HK5qxSWQ,-25,badcase,猴类救助/动物内容，非宠物食品推广场景
9542,UC98xeSmUZTrI5NpIw0rIPTg,Vapid Cass,https://cn--xtb.noxinfluencer.com/youtube/channel/UC98xeSmUZTrI5NpIw0rIPTg,-8,badcase,有宠物泛标签，但内容偏个人杂项，缺少宠粮意图
9543,UCUSWvDWiJ07us0r7uAQuvPg,FISHERMAN'S CALL,https://cn--xtb.noxinfluencer.com/youtube/channel/UCUSWvDWiJ07us0r7uAQuvPg,-25,badcase,野生动物/大象内容，与宠物食品受众不匹配
9544,UC0J6PazOMcQCMA2Tx4SlR7Q,Drakmor,https://cn--xtb.noxinfluencer.com/youtube/channel/UC0J6PazOMcQCMA2Tx4SlR7Q,-24,badcase,娱乐短视频为主，非宠粮推广语境
9545,UCG8nyzrIrWNs1icubWGGenQ,Echos der Geschichte,https://cn--xtb.noxinfluencer.com/youtube/channel/UCG8nyzrIrWNs1icubWGGenQ,-25,badcase,动画/娱乐短视频频道，和宠物食品投放场景不符
9546,UCDW1x-q2U4e3a3dj4ZojxDw,"Mission Viejo, CA",https://cn--xtb.noxinfluencer.com/youtube/channel/UCDW1x-q2U4e3a3dj4ZojxDw,-9,badcase,仅有泛宠物标签，近期内容多为城市/体育/水安，无宠粮推广场景
9547,UCc9g08vWG1_DqRzG9GGOvhg,Local Life Outdoors,https://cn--xtb.noxinfluencer.com/youtube/channel/UCc9g08vWG1_DqRzG9GGOvhg,-9,badcase,以钓鱼/打猎为主，只有偶发狗粮标题，和宠粮推广关联弱
9550,UCMgQwzHQrefJYo5GTIvhV0w,howtoPRANKitup,https://cn--xtb.noxinfluencer.com/youtube/channel/UCMgQwzHQrefJYo5GTIvhV0w,-35,badcase,恶搞娱乐频道，主题与宠粮推广完全不匹配
9551,UCGojc2hV-MPWFOcjTxmqfCA,Our Filipino Grandma,https://cn--xtb.noxinfluencer.com/youtube/channel/UCGojc2hV-MPWFOcjTxmqfCA,-10,badcase,以家庭娱乐和做饭内容为主，没有宠物喂养或购销意图
9552,UCgI8VzlDGsHCp0-9Een1eKw,Big Marvel,https://cn--xtb.noxinfluencer.com/youtube/channel/UCgI8VzlDGsHCp0-9Een1eKw,-8,badcase,有宠物和食物泛标签，但近10条全是人类吃播挑战
9553,UCl5ZOCl0_UOQ3WUi1F7_UEg,RamIntel,https://cn--xtb.noxinfluencer.com/youtube/channel/UCl5ZOCl0_UOQ3WUi1F7_UEg,-10,badcase,无频道标签，近期内容混杂，缺少宠物食品推广场景
9554,UCEcIaALscYxTF5kjMdo_fug,Geda Animations,https://cn--xtb.noxinfluencer.com/youtube/channel/UCEcIaALscYxTF5kjMdo_fug,-25,badcase,动画娱乐频道，属于明显内容形式不匹配
9555,UCi6puQUwpIfFx8XIQB-tELw,Flash Monet,https://cn--xtb.noxinfluencer.com/youtube/channel/UCi6puQUwpIfFx8XIQB-tELw,-9,badcase,以人类吃播和短剧为主，和宠物食品推广不匹配
9556,UC93_b_U6Al7Rswks6Clh4Vg,まじでヒーリングガチで,https://cn--xtb.noxinfluencer.com/youtube/channel/UC93_b_U6Al7Rswks6Clh4Vg,-7,badcase,猫の癒し短视频为主，无宠物食品/喂养/购买意图
9557,UCPCaJxULHY5QTwnh6FnjF-g,loripie,https://cn--xtb.noxinfluencer.com/youtube/channel/UCPCaJxULHY5QTwnh6FnjF-g,-9,badcase,人类烘焙/家常饮食频道，与宠物食品推广无关
9558,UCzJFyNryVgytgRteUdnwHqQ,Family Time,https://cn--xtb.noxinfluencer.com/youtube/channel/UCzJFyNryVgytgRteUdnwHqQ,-25,badcase,玩具娃娃/儿童角色扮演频道，和宠粮推广明显不符
9560,UC7g9tmKboYqYBdhT3KHjO-A,Mina_games,https://cn--xtb.noxinfluencer.com/youtube/channel/UC7g9tmKboYqYBdhT3KHjO-A,-25,badcase,娱乐梗/游戏短视频频道，缺少宠物食品受众与购买意图
9561,UCzx86JvejiKpx8uVxPHeGwg,Wildlife Stories with Dave,https://cn--xtb.noxinfluencer.com/youtube/channel/UCzx86JvejiKpx8uVxPHeGwg,-9,badcase,仅有 pets 弱相关，近10条全是野生动物事故内容
9563,UCOuReOu1bQgl-zc6vf927Wg,Tommy Vlogs,https://cn--xtb.noxinfluencer.com/youtube/channel/UCOuReOu1bQgl-zc6vf927Wg,-25,badcase,摩托/越野车频道，受众与宠粮投放完全不匹配
9564,UC37ZwJ_GGt6XSi3USJLDv9w,Rizky animals wild,https://cn--xtb.noxinfluencer.com/youtube/channel/UC37ZwJ_GGt6XSi3USJLDv9w,-10,badcase,近10条都是野生动物捕捉/救援，缺少宠物受众
9565,UCHgUn-m8lzGxu7NX513_EIw,PawsyPop,https://cn--xtb.noxinfluencer.com/youtube/channel/UCHgUn-m8lzGxu7NX513_EIw,-27,badcase,玩具ASMR开箱频道，格式和受众都不适合宠粮
9566,UC69QWAqRki-ey5RRbeGDxWA,Horror House,https://cn--xtb.noxinfluencer.com/youtube/channel/UC69QWAqRki-ey5RRbeGDxWA,-25,badcase,恐怖动画频道，内容与宠物食品推广场景完全不符
9567,UClCrMqvUSc82_nJxLE-qVaA,Pizzeria Scotty,https://cn--xtb.noxinfluencer.com/youtube/channel/UClCrMqvUSc82_nJxLE-qVaA,-25,badcase,主内容是游戏和披萨制作，缺少宠物/宠粮受众，近10条也不匹配
9568,UCTVY3VqrtjW8fEqmlWLwGTQ,China Country Life,https://cn--xtb.noxinfluencer.com/youtube/channel/UCTVY3VqrtjW8fEqmlWLwGTQ,-16,badcase,人类烹饪频道，缺少宠物喂养/选购语境，适合度低
9569,UCRk9hmnJqLaqMpUOq28rh2A,Pets Mystery,https://cn--xtb.noxinfluencer.com/youtube/channel/UCRk9hmnJqLaqMpUOq28rh2A,-16,badcase,搞笑宠物娱乐号，近10条均非宠物食品/喂养内容，推广意图弱
9570,UCoFJTrXBGxaaL-fTGQdwB7Q,AnimalLove Stories,https://cn--xtb.noxinfluencer.com/youtube/channel/UCoFJTrXBGxaaL-fTGQdwB7Q,-25,badcase,动物救援故事/短片为主，缺少宠物食品购买或评测场景
9571,UCpGFCRq_GtGEYCSZHAkf4lQ,Faewood Mead,https://cn--xtb.noxinfluencer.com/youtube/channel/UCpGFCRq_GtGEYCSZHAkf4lQ,-9,badcase,酿酒内容为主，近期也都是蜂蜜酒，和宠物食品推广无关
9572,UC5CQnTLM_l2ADJDIQGdOS5Q,펜실베니아댁 miss penn,https://cn--xtb.noxinfluencer.com/youtube/channel/UC5CQnTLM_l2ADJDIQGdOS5Q,-10,badcase,家庭生活和育儿为主，缺少宠物受众，宠物食品相关性弱
9573,UCrBtj_Kvaraxf392iT2PL8A,Mississippi Department of Agriculture and Commerce,https://cn--xtb.noxinfluencer.com/youtube/channel/UCrBtj_Kvaraxf392iT2PL8A,-9,badcase,农业与农产品内容为主，面向通用食品，不是宠物食品受众
9575,UCZkQl78WNTZ1efgCo6cX0dw,Wobrot,https://cn--xtb.noxinfluencer.com/youtube/channel/UCZkQl78WNTZ1efgCo6cX0dw,-25,badcase,动画儿童内容为主，属虚构娱乐，不适合宠物食品推广
9577,UCtiEnkfRs2nhPLWNWnXVGLw,კაკოვიჩი - OFF ICIAL,https://cn--xtb.noxinfluencer.com/youtube/channel/UCtiEnkfRs2nhPLWNWnXVGLw,-12,badcase,宠物娱乐/萌宠内容为主，无宠物食品、营养或购买意图
9578,UCSdbow8EhyA55yX31LqjWTw,BonnetBoy,https://cn--xtb.noxinfluencer.com/youtube/channel/UCSdbow8EhyA55yX31LqjWTw,-10,badcase,人类做饭频道，近期全是餐食内容，与宠物食品推广目标不符
9579,UCDaYD3RDL5CegqhQOciwqHw,Jerriell Braswell,https://cn--xtb.noxinfluencer.com/youtube/channel/UCDaYD3RDL5CegqhQOciwqHw,-8,badcase,标签偏娱乐，近10条多为喜剧/直播，虽有养犬内容但无宠粮意图
9580,UCMhofB4uuV1XUHji0pw0I_A,Wolfoo Melody Town,https://cn--xtb.noxinfluencer.com/youtube/channel/UCMhofB4uuV1XUHji0pw0I_A,-22,badcase,儿童歌曲娱乐号，受众与宠物食品推广明显不匹配
9581,UCaOfCD6jC2X99-8aW1kqlKg,The Vegan 8 (Brandi Doming),https://cn--xtb.noxinfluencer.com/youtube/channel/UCaOfCD6jC2X99-8aW1kqlKg,-9,badcase,全是人类素食食谱，和宠物食品投放几乎无关
9582,UCMSKzmE2Qb23eMia-gwl26A,Scientist BD,https://cn--xtb.noxinfluencer.com/youtube/channel/UCMSKzmE2Qb23eMia-gwl26A,-20,badcase,农业/野生动物向，近10条也全是动物与社会话题，不适合宠物食品投放
9583,UCfZ-pbu6Ls-0IQ6nr6Uvxag,Gogo Monkey Life,https://cn--xtb.noxinfluencer.com/youtube/channel/UCfZ-pbu6Ls-0IQ6nr6Uvxag,-25,badcase,猴子ASMR娱乐向，非宠物喂养/选购场景，且近10条均为吃喝惊吓类内容
9584,UCr-PPcAAv2om4NolHOJE43w,Not funny animation,https://cn--xtb.noxinfluencer.com/youtube/channel/UCr-PPcAAv2om4NolHOJE43w,-25,badcase,动画娱乐向为主，和宠物食品促销场景不符，近10条也多为剧情/情绪题材
9585,UCZylGzdFTxK_0aXxPS8lj_A,Charlie Entertainment,https://cn--xtb.noxinfluencer.com/youtube/channel/UCZylGzdFTxK_0aXxPS8lj_A,-25,badcase,以孟加拉剧集/娱乐为主，和宠物食品无关，近10条集中在小狗绘画教程
9586,UCtv8Pt-zCVNizryOOY4u0DQ,ОДНА ЖИЗНЬ🇺🇸,https://cn--xtb.noxinfluencer.com/youtube/channel/UCtv8Pt-zCVNizryOOY4u0DQ,-9,badcase,披萨/餐饮内容为主，缺少宠物喂养受众
9588,UCmJsBqHs9ooXGdK9RwJsAIA,KitchenDads,https://cn--xtb.noxinfluencer.com/youtube/channel/UCmJsBqHs9ooXGdK9RwJsAIA,-7,badcase,人类烹饪频道，和宠物食品推广语境不符
9589,UCxEnRX_8nqXeSlypyIV7EKg,5PM ONLINE JAM,https://cn--xtb.noxinfluencer.com/youtube/channel/UCxEnRX_8nqXeSlypyIV7EKg,-7,badcase,宠物题材但主轴是音乐娱乐，食品推广转化弱
9590,UC0kVj5WJ4-u49ZF6qtT6zEg,WasteMan226,https://cn--xtb.noxinfluencer.com/youtube/channel/UC0kVj5WJ4-u49ZF6qtT6zEg,-10,badcase,垃圾车回收频道，与宠物食品几乎无关
9591,UCt9HeqspjGcVwtNS0GOVk4g,Emonk,https://cn--xtb.noxinfluencer.com/youtube/channel/UCt9HeqspjGcVwtNS0GOVk4g,-25,badcase,搞笑短视频频道，近期内容全是娱乐梗，与宠物食品投放场景不符
9592,UCD2ey_TMLUdSlJ49AgRwRbg,Caleb589,https://cn--xtb.noxinfluencer.com/youtube/channel/UCD2ey_TMLUdSlJ49AgRwRbg,-20,badcase,家庭搞笑短视频，内容偏梗图式娱乐，不适合宠物食品推广
9593,UCVIVzcNu3-QeSGy1J7mqWHw,AYAN Television,https://cn--xtb.noxinfluencer.com/youtube/channel/UCVIVzcNu3-QeSGy1J7mqWHw,-10,badcase,旅行生活频道，近期内容以家庭旅行和美食 vlog 为主，与宠物食品无关
9594,UCMn6i7ppJgAhF1lmMdo0cWA,Ellie Preacher,https://cn--xtb.noxinfluencer.com/youtube/channel/UCMn6i7ppJgAhF1lmMdo0cWA,-10,badcase,宗教与时事评论频道，内容主题与宠物食品投放无直接关系
9595,UCul8TC3vPIaPTZAyO0fdrTw,Dinner with Mariah,https://cn--xtb.noxinfluencer.com/youtube/channel/UCul8TC3vPIaPTZAyO0fdrTw,-10,badcase,烹饪旅行频道，主要是人类餐食与食谱，不适合宠物食品推广
9596,UCyd-nA8mpbrWl7V7n_5EGNw,Hermosammi,https://cn--xtb.noxinfluencer.com/youtube/channel/UCyd-nA8mpbrWl7V7n_5EGNw,-10,badcase,泛娱乐短视频，缺少宠粮/养宠购买语境
9597,UCaiCyCMbe3V0KPCojfI2SLA,Blessed and Bluetiful,https://cn--xtb.noxinfluencer.com/youtube/channel/UCaiCyCMbe3V0KPCojfI2SLA,-8,badcase,祷告和串珠为主，购物向也非宠粮场景
9598,UCj8fdhynhxAJX3UafC-XUpQ,Hazel Abad,https://cn--xtb.noxinfluencer.com/youtube/channel/UCj8fdhynhxAJX3UafC-XUpQ,-15,badcase,旅行/人类饮食内容为主，缺少宠物食品推广场景
9599,UCNgVFeYE48CbyixYULwTgaA,Ernie Hatmaker,https://cn--xtb.noxinfluencer.com/youtube/channel/UCNgVFeYE48CbyixYULwTgaA,-10,badcase,以园艺/农场内容为主，近10条无宠物食品或宠物喂养意图
9600,UCKe6lE-ut0YXp0w2tyEA-9g,Gale Edwards,https://cn--xtb.noxinfluencer.com/youtube/channel/UCKe6lE-ut0YXp0w2tyEA-9g,-20,badcase,动物短剧叙事为主，缺少宠粮推广场景
9602,UC_sVR9gt5rCQW0WrBoqDGRA,ABIGAIL AMAYA,https://cn--xtb.noxinfluencer.com/youtube/channel/UC_sVR9gt5rCQW0WrBoqDGRA,-8,badcase,宠物泛标签弱，近10条以野生动物/鸟类为主，和宠粮差距大
9603,UCtSZ-dy34b3zfVcrjLEkcQg,SweetShortFilm,https://cn--xtb.noxinfluencer.com/youtube/channel/UCtSZ-dy34b3zfVcrjLEkcQg,-18,badcase,短剧/娱乐叙事为主，属于强格式错配，几乎不适合宠粮推广
9605,UC6BYqOXRQqV4DXQUsfQSTqw,Haley Hanson,https://cn--xtb.noxinfluencer.com/youtube/channel/UC6BYqOXRQqV4DXQUsfQSTqw,-8,badcase,人类美食/餐评频道，宠物食品受众不匹配，近10条均为人类餐饮内容
9606,UCBMRi22k8-qTd-rvJlm-fVQ,Mary Brown. Home Remedies,https://cn--xtb.noxinfluencer.com/youtube/channel/UCBMRi22k8-qTd-rvJlm-fVQ,-3,badcase,以人类健康家居偏方为主，仅少量宠物内容且无宠物食品意图
9607,UCb5ysj6FKMuYdlQgkXN_kEg,Faith in Fur,https://cn--xtb.noxinfluencer.com/youtube/channel/UCb5ysj6FKMuYdlQgkXN_kEg,-15,badcase,有宠物受众，但叙事娱乐格式太重，不适合推宠物食品。
9608,UCEObSxGzu-5eGsTXlyrxZ1A,Anomaly Pardi,https://cn--xtb.noxinfluencer.com/youtube/channel/UCEObSxGzu-5eGsTXlyrxZ1A,-10,badcase,情侣日常与人类美食频道，和宠物食品推广基本不相关。
9610,UCCCs92sDHpPniw8cpab_0tg,Văn bút Kd,https://cn--xtb.noxinfluencer.com/youtube/channel/UCCCs92sDHpPniw8cpab_0tg,-19,badcase,以野生动物内容为主，虽有 pets 标签，但不适合宠物食品推广。
9611,UCk3lzq_qxPeA8wSqKIDQXTw,Meriyou Renna,https://cn--xtb.noxinfluencer.com/youtube/channel/UCk3lzq_qxPeA8wSqKIDQXTw,-10,badcase,生活类频道，近10条几乎都非宠物食品场景
9612,UC_5VMbTr_ZaOj8eSRDiaX_A,Kimsrun Chef,https://cn--xtb.noxinfluencer.com/youtube/channel/UC_5VMbTr_ZaOj8eSRDiaX_A,-10,badcase,厨艺美食频道，缺少宠物食品购买或喂养语境
9615,UCcZaLvA655ayPI5JzWhJR1Q,ScareRank,https://cn--xtb.noxinfluencer.com/youtube/channel/UCcZaLvA655ayPI5JzWhJR1Q,-25,badcase,币圈游戏频道，和宠物食品推广目标明显不符
9616,UClzr-jn6b_v9GYbmEs1nKgw,SERG SB,https://cn--xtb.noxinfluencer.com/youtube/channel/UClzr-jn6b_v9GYbmEs1nKgw,-10,badcase,无相关标签，近期内容以体育/杂项为主，与宠物食品无关
9617,UCzU9YOXhojkBzaXsjyoj_Ag,Traaaci,https://cn--xtb.noxinfluencer.com/youtube/channel/UCzU9YOXhojkBzaXsjyoj_Ag,-25,badcase,ASMR睡眠频道，强格式不匹配，近期内容几乎全是直播
9618,UC_7frrv_UUr9wbaiDtCXdLQ,SOMOFO Daniel Lee,https://cn--xtb.noxinfluencer.com/youtube/channel/UC_7frrv_UUr9wbaiDtCXdLQ,-25,badcase,音乐娱乐频道，和宠物食品推广场景不匹配
9619,UCZdDZmDP7PH10Z7yIuwFSEA,Polar Reacts,https://cn--xtb.noxinfluencer.com/youtube/channel/UCZdDZmDP7PH10Z7yIuwFSEA,-25,badcase,以恶搞娱乐为主，宠物食品推广适配度低
9621,UCQUrzRcT1Q85q8V3ccoEXhg,Makeshift Couple,https://cn--xtb.noxinfluencer.com/youtube/channel/UCQUrzRcT1Q85q8V3ccoEXhg,-22,badcase,挑战型娱乐内容，缺少宠物喂养受众，近期也完全不匹配
9622,UCMJEfTWp8oV_uN4uH_aCCKQ,@facts,https://cn--xtb.noxinfluencer.com/youtube/channel/UCMJEfTWp8oV_uN4uH_aCCKQ,-22,badcase,泛事实/冲突型短内容，和宠物食品推广场景不相关
9623,UCF0tOsGPpbfMLE07n6rqVnA,Uzair Sakrani,https://cn--xtb.noxinfluencer.com/youtube/channel/UCF0tOsGPpbfMLE07n6rqVnA,-25,badcase,人类烹饪美食频道，受众与宠物食品投放明显错位
9624,UCIxxZRT_tKgXROy1CYMK8Lw,bbbmm,https://cn--xtb.noxinfluencer.com/youtube/channel/UCIxxZRT_tKgXROy1CYMK8Lw,-25,badcase,纯喜剧娱乐频道，和宠物食品推广不匹配
9626,UCytMc0oREena9Mwbl-Ozysg,Boujee Baee’,https://cn--xtb.noxinfluencer.com/youtube/channel/UCytMc0oREena9Mwbl-Ozysg,-9,badcase,泛生活娱乐频道，只有泛食物标签，近10条全不在宠物食品场景
9627,UCWNelxLXI4wCz6zNkADD2tQ,Wonder Kids,https://cn--xtb.noxinfluencer.com/youtube/channel/UCWNelxLXI4wCz6zNkADD2tQ,-24,badcase,儿童动画玩具向，虽有cats但与宠物食品投放目标明显不符
9628,UC8YEnzmTjkzG7YTB1xkqaJA,VN CHEf,https://cn--xtb.noxinfluencer.com/youtube/channel/UC8YEnzmTjkzG7YTB1xkqaJA,-9,badcase,以烹饪和食用动物为主，只有宠物泛标签，和宠物食品不匹配
9629,UCtNB4wqz24QdZaXNPOqLI_A,SosaGoodWhite,https://cn--xtb.noxinfluencer.com/youtube/channel/UCtNB4wqz24QdZaXNPOqLI_A,-25,badcase,故事/惊悚娱乐号，内容偏剧情反应，和宠物食品推广场景不符
9630,UCMGDoXFdZYAyURUog9Di9aw,Pin Sushi,https://cn--xtb.noxinfluencer.com/youtube/channel/UCMGDoXFdZYAyURUog9Di9aw,-9,badcase,有宠物/动物元素，但内容偏动物趣味展示，缺少宠物食品语境
9631,UCyttj-FVjqhAls0queEY_ug,MomDad Synergy Fitness,https://cn--xtb.noxinfluencer.com/youtube/channel/UCyttj-FVjqhAls0queEY_ug,-9,badcase,人类健身食谱号，标题全是减脂甜点，与宠物粮受众不符
9633,UCoQ1bnerPAwoRaHQ-6y5Eyw,Luna_the_pantera,https://cn--xtb.noxinfluencer.com/youtube/channel/UCoQ1bnerPAwoRaHQ-6y5Eyw,-19,badcase,豹/泛野生动物娱乐号，非宠物喂养场景
9634,UCJJSWa_cuFepkfGyncAWzsw,S.M. Iqbal,https://cn--xtb.noxinfluencer.com/youtube/channel/UCJJSWa_cuFepkfGyncAWzsw,-20,badcase,野生动物纪录频道，宠物粮推广场景不匹配
9636,UCdSNmj4kDWBEziCYFZK92qA,Fliqly Stories,https://cn--xtb.noxinfluencer.com/youtube/channel/UCdSNmj4kDWBEziCYFZK92qA,-35,badcase,小说/故事内容为主，动物护理也不构成宠物食品推广相关性
9637,UC5YaOpjpf5VswjVcPLcVtJw,Motor ETtoday,https://cn--xtb.noxinfluencer.com/youtube/channel/UC5YaOpjpf5VswjVcPLcVtJw,-22,badcase,有宠物词但近期都是切果/摆盘/ASMR视觉娱乐，不适合推宠物食品
9640,UCDYfEiv6m4qeMNd8Xico7KA,rachel.wang8342,https://cn--xtb.noxinfluencer.com/youtube/channel/UCDYfEiv6m4qeMNd8Xico7KA,-31,badcase,影视剪辑/搞笑叙事为主，和宠物食品推广无关
9641,UCOfQwn7rBezqKL6WFXkcMKw,JANNATUL FERDOUS,https://cn--xtb.noxinfluencer.com/youtube/channel/UCOfQwn7rBezqKL6WFXkcMKw,-9,badcase,泛娱乐美食生活频道，近10条全非宠物食品场景
9642,UCLqFFMVzht3cUIIU4yxBIEw,NBOX STORY,https://cn--xtb.noxinfluencer.com/youtube/channel/UCLqFFMVzht3cUIIU4yxBIEw,-20,badcase,音乐频道夹杂野生动物短片，与宠物食品推广不匹配
9643,UCM4Yc27ZCE2w8ClCF6cKxAQ,Monkey MiMi's Farm Fun,https://cn--xtb.noxinfluencer.com/youtube/channel/UCM4Yc27ZCE2w8ClCF6cKxAQ,-20,badcase,儿童农场故事/动物动画，非宠物喂养与购买语境
9644,UCEPeU41JPFCN04HlCoh_vQw,Cat's Memes,https://cn--xtb.noxinfluencer.com/youtube/channel/UCEPeU41JPFCN04HlCoh_vQw,-35,badcase,表情包娱乐频道，主题与宠物食品推广严重错位
9645,UC21bRvXnbqMCHbouN4dNjpA,CuteCube,https://cn--xtb.noxinfluencer.com/youtube/channel/UC21bRvXnbqMCHbouN4dNjpA,-22,badcase,儿童感官动画频道，内容与宠物食品推广人群和场景明显不符
9646,UCXMROHocoLR3DP9yzjua22g,littlebitoftaylor,https://cn--xtb.noxinfluencer.com/youtube/channel/UCXMROHocoLR3DP9yzjua22g,-10,badcase,人类烹饪/母婴生活内容，缺少宠物喂养或购买语境
9648,UCrPz9wmN5XSv_Yhh0tK9H9A,Kentucky Dream Farm,https://cn--xtb.noxinfluencer.com/youtube/channel/UCrPz9wmN5XSv_Yhh0tK9H9A,-10,badcase,农场马匹日常，和宠物食品推广关联很弱
9649,UCAp0EWgEJkMsRqisESXLkYQ,AZ B&B,https://cn--xtb.noxinfluencer.com/youtube/channel/UCAp0EWgEJkMsRqisESXLkYQ,-9,badcase,写字直播为主，仅有龟类标签，缺少宠物食品场景
9650,UCdVvQ47ZmkiGGe09M5ST6-w,Hi Cat,https://cn--xtb.noxinfluencer.com/youtube/channel/UCdVvQ47ZmkiGGe09M5ST6-w,-25,badcase,剧情/动画娱乐号，内容形态不适合做宠物食品推广
9651,UCUae-BAkJFEhMYZtjFnq5xw,InsightFuze,https://cn--xtb.noxinfluencer.com/youtube/channel/UCUae-BAkJFEhMYZtjFnq5xw,-10,badcase,泛娱乐短视频，近10条无宠物食品相关信号
9652,UCCjyF7K5_IUOFak3cXzEEVg,Dice,https://cn--xtb.noxinfluencer.com/youtube/channel/UCCjyF7K5_IUOFak3cXzEEVg,-9,badcase,人类街头美食旅行号，缺少宠物受众与购买意图
9653,UCOtFR9D3bbhzWvieW-1tsmg,Elysium of Soul,https://cn--xtb.noxinfluencer.com/youtube/channel/UCOtFR9D3bbhzWvieW-1tsmg,-25,badcase,放松音乐/自然音频道，属于强形式不匹配
9654,UCEYY70GmY78MAVvUYTIKRxg,Nook Mystic,https://cn--xtb.noxinfluencer.com/youtube/channel/UCEYY70GmY78MAVvUYTIKRxg,-24,badcase,动物故事娱乐为主，缺少宠物食品购买或测评意图
9655,UCR2D0uaEmAcDZBURo3mF61Q,Lady Karus,https://cn--xtb.noxinfluencer.com/youtube/channel/UCR2D0uaEmAcDZBURo3mF61Q,-21,badcase,反应/喜剧为主，仅零散宠物内容，不适合宠粮推广
9656,UCIIWxBuRFDR1XFEevyosfzw,Viral Monkey,https://cn--xtb.noxinfluencer.com/youtube/channel/UCIIWxBuRFDR1XFEevyosfzw,-10,badcase,野生动物频道，非宠物喂养受众，近期也无相关内容
9657,UCDmhLlmAqtbNwN8aq1ntGuQ,Tokki Soto,https://cn--xtb.noxinfluencer.com/youtube/channel/UCDmhLlmAqtbNwN8aq1ntGuQ,-8,badcase,人类吃播/快餐评测向，和宠物食品投放受众不符
9658,UCuJy6drKkYGPAF9CTzBf-QQ,Latha Jay,https://cn--xtb.noxinfluencer.com/youtube/channel/UCuJy6drKkYGPAF9CTzBf-QQ,-10,badcase,灵性占卜频道，与宠物食品完全无关
9659,UCfNhWfRF3GX3jANhmCOpcKQ,WeighMyRack,https://cn--xtb.noxinfluencer.com/youtube/channel/UCfNhWfRF3GX3jANhmCOpcKQ,-10,badcase,攀岩装备频道，受众与宠物食品推广不匹配
9660,UCONUuFlID_HVnly_NNbLdJg,TIM Talks Cooking,https://cn--xtb.noxinfluencer.com/youtube/channel/UCONUuFlID_HVnly_NNbLdJg,-8,badcase,烹饪食谱向，只有泛食品语境，缺少宠物喂养场景
9661,UCaBnSKMgTQGtTmCjTYcXk_w,Dr. Christina Kraft,https://cn--xtb.noxinfluencer.com/youtube/channel/UCaBnSKMgTQGtTmCjTYcXk_w,-9,badcase,以马术/脊骨治疗为主，近10条几乎无宠粮或营养相关内容
9662,UC_NB10zr9NqLZnsMUnhLMiw,Analog_Ghost,https://cn--xtb.noxinfluencer.com/youtube/channel/UC_NB10zr9NqLZnsMUnhLMiw,-25,badcase,频道以唱歌/喜剧/短剧为主，缺少宠物食品与购买意图，近期内容也不匹配
9663,UCBD3AP6_rJ5-B8ablvIx6JQ,Brittany Goldsmith,https://cn--xtb.noxinfluencer.com/youtube/channel/UCBD3AP6_rJ5-B8ablvIx6JQ,-20,badcase,美妆生活类频道，与宠物粮推广场景不符，近10条全不匹配
9664,UCVBASwkC3ctfCRHaPjd4o6A,DYLVN,https://cn--xtb.noxinfluencer.com/youtube/channel/UCVBASwkC3ctfCRHaPjd4o6A,-35,badcase,以音乐/故事娱乐为主，缺少宠物食品购买或测评语境，近期内容也不相关
9665,UCAqmhJbOwEOXv3H6v8WtdcQ,Mahdee Sun,https://cn--xtb.noxinfluencer.com/youtube/channel/UCAqmhJbOwEOXv3H6v8WtdcQ,-10,badcase,生活vlog为主，近10条无宠物喂养或宠粮内容，相关性弱
9666,UCA2Zm1GXIxP3iVF18UD8k8w,Andriana_Marine,https://cn--xtb.noxinfluencer.com/youtube/channel/UCA2Zm1GXIxP3iVF18UD8k8w,-10,badcase,鲨鱼海洋探险频道，与宠粮推广几乎无关
9668,UCY71FyT8jdzECsVFe_-StHw,Wellness Wise,https://cn--xtb.noxinfluencer.com/youtube/channel/UCY71FyT8jdzECsVFe_-StHw,-10,badcase,人类健康饮食内容，非宠物受众
9669,UCeL8Ol9kGUr6TNWei1iavCQ,hondrta,https://cn--xtb.noxinfluencer.com/youtube/channel/UCeL8Ol9kGUr6TNWei1iavCQ,-24,badcase,宠物词弱相关，但频道偏车辆/娱乐/音乐且近期无宠物食品内容
9670,UCsxuBp7MFbmDiZ6sk6zIfgg,CandySky EasyJoy,https://cn--xtb.noxinfluencer.com/youtube/channel/UCsxuBp7MFbmDiZ6sk6zIfgg,-25,badcase,AI猫故事与娱乐向内容，明显不适合宠粮推广
9671,UC97V1HYpS662ppoNuvyWZFw,AtoZ,https://cn--xtb.noxinfluencer.com/youtube/channel/UC97V1HYpS662ppoNuvyWZFw,-35,badcase,短剧剧情娱乐号，和宠物食品投放场景明显不符
9673,UCRheQcEEl0nJXHsGAPTG3yQ,BongHong Song,https://cn--xtb.noxinfluencer.com/youtube/channel/UCRheQcEEl0nJXHsGAPTG3yQ,-25,badcase,游戏娱乐号，动物内容也是搞笑向，不适合宠物食品投放
9674,UCxCWujKi8-lmoyL2aN4g1AQ,Zensory ASMR,https://cn--xtb.noxinfluencer.com/youtube/channel/UCxCWujKi8-lmoyL2aN4g1AQ,-21,badcase,宠物词有些关联，但ASMR睡眠向格式和投放场景不匹配
9675,UCcwKPQiXqTYZrEPKdZnZClw,Rina’s Journey,https://cn--xtb.noxinfluencer.com/youtube/channel/UCcwKPQiXqTYZrEPKdZnZClw,-10,badcase,主要是人类美食和生活内容，和宠物食品投放不匹配
9676,UCoG6o0aqCEcEq4HsiWwYDZQ,phooj ywg qaib dib,https://cn--xtb.noxinfluencer.com/youtube/channel/UCoG6o0aqCEcEq4HsiWwYDZQ,-24,badcase,以养鸡/野鸡内容为主，最近10条几乎全无宠物食品语境
9677,UCUXi5mmqbvIithAs9AaxEtw,柏格醫生中文 健康知識,https://cn--xtb.noxinfluencer.com/youtube/channel/UCUXi5mmqbvIithAs9AaxEtw,-10,badcase,健康減重頻道，近期內容全是人類健康，缺乏寵物食品受眾
9678,UCQ7N_IFovvR4_4QYi3UzPlg,Hanine Mahmoud,https://cn--xtb.noxinfluencer.com/youtube/channel/UCQ7N_IFovvR4_4QYi3UzPlg,-8,badcase,近期以娱乐/剧情为主，几乎无宠物食品购买或测评意图
9679,UCXHc8rrsjl6fzpDwdUWeYVQ,A to Z Kids TV,https://cn--xtb.noxinfluencer.com/youtube/channel/UCXHc8rrsjl6fzpDwdUWeYVQ,-35,badcase,儿童儿歌频道，受众和内容都与宠物食品推广明显不符
9680,UCH1d_ca-p6n-fpoSvcP7OjA,TURFED OUT,https://cn--xtb.noxinfluencer.com/youtube/channel/UCH1d_ca-p6n-fpoSvcP7OjA,-10,badcase,频道主打草坪维护，近期内容全不涉宠物食品，和推广场景不匹配
9681,UCXYqYBBnqDr_lISA4eUnoww,Benjamin,https://cn--xtb.noxinfluencer.com/youtube/channel/UCXYqYBBnqDr_lISA4eUnoww,-10,badcase,纯娱乐/游戏内容，近期标题全不相关，难以做宠粮推广
9682,UC5QPQ_vLZfA1kLla1QLQ8Zw,Soy de xela vlogs 502,https://cn--xtb.noxinfluencer.com/youtube/channel/UC5QPQ_vLZfA1kLla1QLQ8Zw,-10,badcase,无宠物或喂养语境，近10条全是搞笑短视频，不适合宠粮推广
9684,UC_sVR9gt5rCQW0WrBoqDGRA,ABIGAIL AMAYA,https://cn--xtb.noxinfluencer.com/youtube/channel/UC_sVR9gt5rCQW0WrBoqDGRA,-21,badcase,以野生动物/动物园内容为主，宠粮受众不匹配，近期多条也非宠物内容
9686,UCtSZ-dy34b3zfVcrjLEkcQg,SweetShortFilm,https://cn--xtb.noxinfluencer.com/youtube/channel/UCtSZ-dy34b3zfVcrjLEkcQg,-27,badcase,剧情短剧/娱乐为主，猫仅是泛宠物标签，近3条全是戏剧内容
9687,UCPC-Nuf9hhbGEC4uF93cbjg,Top10Reviews,https://cn--xtb.noxinfluencer.com/youtube/channel/UCPC-Nuf9hhbGEC4uF93cbjg,-24,badcase,主领域偏电子/车辆/电视评测，近期无宠物食品内容
9688,UC6BYqOXRQqV4DXQUsfQSTqw,Haley Hanson,https://cn--xtb.noxinfluencer.com/youtube/channel/UC6BYqOXRQqV4DXQUsfQSTqw,-10,badcase,人类美食/mukbang频道，和宠粮投放没有明确受众重合
9689,UCBMRi22k8-qTd-rvJlm-fVQ,Mary Brown. Home Remedies,https://cn--xtb.noxinfluencer.com/youtube/channel/UCBMRi22k8-qTd-rvJlm-fVQ,-6,badcase,偏人类健康家居妙招，少量狗内容但无宠物食品推广语境
9690,UCaL38UjGo33Shl1EXxg4pPw,TujoPanda,https://cn--xtb.noxinfluencer.com/youtube/channel/UCaL38UjGo33Shl1EXxg4pPw,-35,badcase,Furry/评论/短剧向，主体是社群娱乐，不是宠粮推广场景
9691,UCFtofR0G7lN9FjQMwC_B-iw,Lemya Star,https://cn--xtb.noxinfluencer.com/youtube/channel/UCFtofR0G7lN9FjQMwC_B-iw,-5,badcase,娱乐搞笑短视频为主，虽有宠物内容但无宠物食品推广意图
9692,UCw0GoqWOddPgoX0rpVxw3Eg,Mississippi Family Homestead,https://cn--xtb.noxinfluencer.com/youtube/channel/UCw0GoqWOddPgoX0rpVxw3Eg,-14,badcase,以养鸡和孵化为主，属于农场禽类内容，不适合宠物食品投放
9694,UCCCs92sDHpPniw8cpab_0tg,Văn bút Kd,https://cn--xtb.noxinfluencer.com/youtube/channel/UCCCs92sDHpPniw8cpab_0tg,-19,badcase,以鸟蛇野生动物内容为主，和宠物食品推广场景不匹配
9695,UCk3lzq_qxPeA8wSqKIDQXTw,Meriyou Renna,https://cn--xtb.noxinfluencer.com/youtube/channel/UCk3lzq_qxPeA8wSqKIDQXTw,-1,badcase,宠物仅边缘出现，频道主轴为生活美食时尚，不适合宠物食品推广
9696,UC_5VMbTr_ZaOj8eSRDiaX_A,Kimsrun Chef,https://cn--xtb.noxinfluencer.com/youtube/channel/UC_5VMbTr_ZaOj8eSRDiaX_A,-19,badcase,人类烹饪频道，不适合推宠物粮，近期也都是鸡蛋食谱
9697,UCNm6W6kFDSN9_fHszNQ4OEA,Cat club,https://cn--xtb.noxinfluencer.com/youtube/channel/UCNm6W6kFDSN9_fHszNQ4OEA,-17,badcase,猫搞笑娱乐频道，无宠粮、喂养或购买建议内容
9699,UCwx9__OtONOAQxqG9Du7NeQ,Rocket Banana,https://cn--xtb.noxinfluencer.com/youtube/channel/UCwx9__OtONOAQxqG9Du7NeQ,-22,badcase,ASMR/盲袋娱乐，和宠物粮推广的格式严重不匹配
9700,UCcZaLvA655ayPI5JzWhJR1Q,ScareRank,https://cn--xtb.noxinfluencer.com/youtube/channel/UCcZaLvA655ayPI5JzWhJR1Q,-23,badcase,游戏和恶作剧为主，宠物粮相关信号很弱，近期内容不匹配
9701,UCWsecVuMlTty6unQZ-c-gPA,Jennifer Fugo,https://cn--xtb.noxinfluencer.com/youtube/channel/UCWsecVuMlTty6unQZ-c-gPA,-9,badcase,仅有泛泛健康词，近期内容均不指向宠物食品推广
9702,UCr5bn4_adwWU9pgkghjGxOg,Sleepy Slopes,https://cn--xtb.noxinfluencer.com/youtube/channel/UCr5bn4_adwWU9pgkghjGxOg,-35,badcase,ASMR/睡眠氛围号，强格式错配，和宠物食品推广不适配
9703,UCBNU44W20yJHRC0S-EOmymg,Hillside Powersport Repair,https://cn--xtb.noxinfluencer.com/youtube/channel/UCBNU44W20yJHRC0S-EOmymg,-25,badcase,修车/工具号，受众与宠物食品推广明显不匹配
9704,UCwHOs7aUUU5ugCdUyp3xd9Q,Certified sampson,https://cn--xtb.noxinfluencer.com/youtube/channel/UCwHOs7aUUU5ugCdUyp3xd9Q,-25,badcase,娱乐叙事型频道，和宠物食品购买推广场景不合
9705,UCIGQoWG4t3oDl90EZVng2fw,ZaFacto,https://cn--xtb.noxinfluencer.com/youtube/channel/UCIGQoWG4t3oDl90EZVng2fw,-9,badcase,只有泛食品话题，缺少宠物/喂养购买意图
9706,UCbcITcyYRvmmK1YnBbERYPQ,Sitio na Gringa,https://cn--xtb.noxinfluencer.com/youtube/channel/UCbcITcyYRvmmK1YnBbERYPQ,-10,badcase,乡村农场内容为主，最近10条都不在宠物食品场景
9707,UC5m5t1MAcuEMfiswmMdcjvg,TikTok Analysis,https://cn--xtb.noxinfluencer.com/youtube/channel/UC5m5t1MAcuEMfiswmMdcjvg,-25,badcase,清洁/ASMR/美妆休闲内容为主，不适合宠物食品推广
9709,UCumEzNdWnw236r6olDiiY6w,Mrs Greywolf,https://cn--xtb.noxinfluencer.com/youtube/channel/UCumEzNdWnw236r6olDiiY6w,-25,badcase,游戏娱乐频道，内容与宠物食品投放目标明显不符
9710,UCc99FvYnr-tRbNALIUP9IYw,Soban  Inventions,https://cn--xtb.noxinfluencer.com/youtube/channel/UCc99FvYnr-tRbNALIUP9IYw,-8,badcase,动物孵化/养殖内容偏农牧，不够贴近宠物食品受众
9712,UC4g3J5qMoukc6M-R6_833ug,Beauty & Health Tips,https://cn--xtb.noxinfluencer.com/youtube/channel/UC4g3J5qMoukc6M-R6_833ug,-20,badcase,人类健康饮食频道，与宠物食品受众错位
9713,UCgTcLl28V2fjPUHGzAInrhA,TaylorSwift3247,https://cn--xtb.noxinfluencer.com/youtube/channel/UCgTcLl28V2fjPUHGzAInrhA,-15,badcase,喜剧短剧频道，娱乐属性强，不适合宠粮推广
9714,UCe8UYKdH25WUAUe99DP80mw,Handmade & Homegrown,https://cn--xtb.noxinfluencer.com/youtube/channel/UCe8UYKdH25WUAUe99DP80mw,-25,badcase,野生动物/观鸟频道，非宠物食品目标受众
9715,UCv6ELOIlOVLUAuDTBtfpmDg,Kitten Relax,https://cn--xtb.noxinfluencer.com/youtube/channel/UCv6ELOIlOVLUAuDTBtfpmDg,-15,badcase,猫咪AI故事娱乐频道，非宠物食品评测/喂养购买场景
9716,UCKeu5yHrlBx1h7p3TlpnMPQ,Ben CincySnakes,https://cn--xtb.noxinfluencer.com/youtube/channel/UCKeu5yHrlBx1h7p3TlpnMPQ,-9,badcase,宠物泛标签太弱，主体是蛇类繁育，近10期都不适合宠粮推广
9717,UCoj1FUIXraDsDErit3kNX2A,Gikzy's Home,https://cn--xtb.noxinfluencer.com/youtube/channel/UCoj1FUIXraDsDErit3kNX2A,-10,badcase,内容是园艺和人类烘焙/家常食品，和宠物粮受众不匹配
9718,UCVqZSXwrpVBMwnr7vkShOsA,ROSS REACCIONA,https://cn--xtb.noxinfluencer.com/youtube/channel/UCVqZSXwrpVBMwnr7vkShOsA,-25,badcase,娱乐反应号，强内容形态错位，和宠物粮推广基本无关
9719,UCN3CKGCxPpH2UIfq6DpthrQ,Johnson Family Farmstead,https://cn--xtb.noxinfluencer.com/youtube/channel/UCN3CKGCxPpH2UIfq6DpthrQ,-10,badcase,山羊繁育/养殖号，面向牲畜，不是宠物粮投放场景
9720,UCWOU_sbNkAlkNVNhO5xWuKg,Booplop,https://cn--xtb.noxinfluencer.com/youtube/channel/UCWOU_sbNkAlkNVNhO5xWuKg,-10,badcase,动物故事和救援内容为主，缺少宠物消费/购买语境
9721,UCli5sdqxHjxQCAlHpYnw19w,Maybe Sarisa,https://cn--xtb.noxinfluencer.com/youtube/channel/UCli5sdqxHjxQCAlHpYnw19w,-10,badcase,生活烘焙向，只有泛产品评测，缺少宠物与宠粮语境
9722,UCqImB9bJCg6GtLiA2K1bE0g,DeLKoko,https://cn--xtb.noxinfluencer.com/youtube/channel/UCqImB9bJCg6GtLiA2K1bE0g,-25,badcase,儿童娱乐/ASMR/开箱向，和宠物食品推广明显不符
9723,UC4js9kZhoesQpOtg1aAYfIw,JENGO,https://cn--xtb.noxinfluencer.com/youtube/channel/UC4js9kZhoesQpOtg1aAYfIw,-7,badcase,以游戏为主，只有泛 food 标签，缺少宠物受众
9725,UCmKzEAT8lsvN4UtrmcYlYbg,Tai Miles,https://cn--xtb.noxinfluencer.com/youtube/channel/UCmKzEAT8lsvN4UtrmcYlYbg,-10,badcase,健身生活方式向，和宠物食品投放关联很弱
9726,UC3734CGWSwoXf4GkZvYmyeQ,anima lox,https://cn--xtb.noxinfluencer.com/youtube/channel/UC3734CGWSwoXf4GkZvYmyeQ,-15,badcase,动物杂项但偏马/牛/虎，不是宠物喂养受众。
9728,UCtzNI6RB88eoAnuQZ64vnKQ,Grow With Marliz,https://cn--xtb.noxinfluencer.com/youtube/channel/UCtzNI6RB88eoAnuQZ64vnKQ,-9,badcase,泛美食/生活内容，只是词面相关，缺少宠物受众。
9729,UCahRIgpC4NdYk7uBbJbZBcw,Bluewaterhome,https://cn--xtb.noxinfluencer.com/youtube/channel/UCahRIgpC4NdYk7uBbJbZBcw,-10,badcase,清洁家居频道，和宠物粮推广受众不相关。
9730,UC14SEyu4hOvk9FlRGGIZ8uA,Smokee,https://cn--xtb.noxinfluencer.com/youtube/channel/UC14SEyu4hOvk9FlRGGIZ8uA,-10,badcase,纯娱乐杂谈，缺少宠物与喂养场景。
9731,UC1DSSXnKF005Eres-CdtSgw,Life With Lauren Taylor,https://cn--xtb.noxinfluencer.com/youtube/channel/UC1DSSXnKF005Eres-CdtSgw,-8,badcase,以商业生活方式为主，仅少量养犬内容，近10条多数不匹配宠粮推广
9732,UCZazjDY3pnwd3Y1pM3fkLTg,HAS AND JMD,https://cn--xtb.noxinfluencer.com/youtube/channel/UCZazjDY3pnwd3Y1pM3fkLTg,-25,badcase,短视频娱乐为主，宠粮推广格式错位明显，动物内容也偏泛娱乐
9733,UC3U9HfyRZnneerPnwi2z9ig,La Vida With Kim,https://cn--xtb.noxinfluencer.com/youtube/channel/UC3U9HfyRZnneerPnwi2z9ig,-10,badcase,以时尚开箱购物为主，无宠物或宠粮语境，近期内容全部偏离
9734,UCNTEU9ahXdo7tEQfkX3EsWw,hadri toys,https://cn--xtb.noxinfluencer.com/youtube/channel/UCNTEU9ahXdo7tEQfkX3EsWw,-9,badcase,以斗鸡/家禽内容为主，缺少宠物喂养和宠粮购买场景
9735,UCgyR1P2ZIzVcTMwI4oOjGsg,EL PELON DE JALISCO,https://cn--xtb.noxinfluencer.com/youtube/channel/UCgyR1P2ZIzVcTMwI4oOjGsg,-9,badcase,以家装农场记录为主，只有泛化food标签，宠粮推广相关性很弱
9736,UC8LeDmspjfYNrHMeMY3Dosg,Good Luck Duck,https://cn--xtb.noxinfluencer.com/youtube/channel/UC8LeDmspjfYNrHMeMY3Dosg,-15,badcase,娱乐故事类频道，和宠物粮推广场景明显错位
9738,UCWgWKrFpHLJc2vw_9-dBtQg,Planet Emmy Media,https://cn--xtb.noxinfluencer.com/youtube/channel/UCWgWKrFpHLJc2vw_9-dBtQg,-25,badcase,母婴娱乐频道与宠物粮投放完全错位
9740,UCJhDo2aWyzhMx2UIuULCHUA,R&R Ranch Minis,https://cn--xtb.noxinfluencer.com/youtube/channel/UCJhDo2aWyzhMx2UIuULCHUA,-9,badcase,马匹救助频道与宠物粮品类相关性很弱
9742,UC1WL_E0rXdcckRpemELOywA,The Candi Family,https://cn--xtb.noxinfluencer.com/youtube/channel/UC1WL_E0rXdcckRpemELOywA,-8,badcase,家庭育儿内容为主，宠物食品受众不清晰
9743,UCNmKtfkk_F9JYIQl_pNs7gg,Shopner Khamar,https://cn--xtb.noxinfluencer.com/youtube/channel/UCNmKtfkk_F9JYIQl_pNs7gg,-10,badcase,养鸡/农场内容，不是宠物食品推广场景
9744,UCEcJODJsIMd3RPZnVqVxYQw,Chantel's Pink Bow !,https://cn--xtb.noxinfluencer.com/youtube/channel/UCEcJODJsIMd3RPZnVqVxYQw,-9,badcase,美妆玩偶频道，仅有猫标签弱相关，整体不适合
9745,UCjldAAXSILZJEyIh58G5syA,Monica Recetas y Mas,https://cn--xtb.noxinfluencer.com/youtube/channel/UCjldAAXSILZJEyIh58G5syA,-10,badcase,人类烘焙食谱频道，与宠粮推广无关
9746,UCa8PVIttoYBUnfSedq3ZrIQ,MFun ASMR,https://cn--xtb.noxinfluencer.com/youtube/channel/UCa8PVIttoYBUnfSedq3ZrIQ,-25,badcase,ASMR糖果开箱娱乐向，和宠物食品推广场景不匹配
9748,UCB-ynvZFTvQNlVbSSzVUFtQ,Tony Hayden,https://cn--xtb.noxinfluencer.com/youtube/channel/UCB-ynvZFTvQNlVbSSzVUFtQ,-10,badcase,旅行频道，受众和宠物食品几乎无关
9749,UCDtY8hk_XN1N5mfvEAHEpPw,THE RIPPED GRANDPA® METHOD,https://cn--xtb.noxinfluencer.com/youtube/channel/UCDtY8hk_XN1N5mfvEAHEpPw,-10,badcase,人类减脂健康频道，与宠物食品推广无关
9752,UCkg4ciRNof38clV1R7ny6lg,Wizey,https://cn--xtb.noxinfluencer.com/youtube/channel/UCkg4ciRNof38clV1R7ny6lg,-19,badcase,游戏娱乐频道，和宠物食品投放目标不匹配。
9755,UCHdEKDuHNt4-1yvhnP1Yctg,SayA Shorts,https://cn--xtb.noxinfluencer.com/youtube/channel/UCHdEKDuHNt4-1yvhnP1Yctg,-15,badcase,娱乐短视频频道，宠物受众缺失，内容格式也不适合投宠物食品。
9756,UCMQ94fUaYjU1xdr2PNyyDYg,Unknown world.,https://cn--xtb.noxinfluencer.com/youtube/channel/UCMQ94fUaYjU1xdr2PNyyDYg,-15,badcase,狩猎/驱鼠主题明显，基本无宠物喂养受众，近期全偏离
9757,UCNGMjDAmcfFFyvPQnv9LqGw,Maine Girl Outdoors,https://cn--xtb.noxinfluencer.com/youtube/channel/UCNGMjDAmcfFFyvPQnv9LqGw,-8,badcase,户外狩猎/修车为主，宠物仅弱相关，缺少宠物食品推广语境
9758,UChUvZh4W8fUuAXiswReWHow,Simple Hunts,https://cn--xtb.noxinfluencer.com/youtube/channel/UChUvZh4W8fUuAXiswReWHow,-14,badcase,主线是鸟猎与工作犬，缺少宠物食品语境，近期全偏离
9759,UCwP5Lc7X67XCRRXrIcE13_A,Bespoke Post,https://cn--xtb.noxinfluencer.com/youtube/channel/UCwP5Lc7X67XCRRXrIcE13_A,-13,badcase,男士礼品和户外内容为主，几乎无宠物受众，近期不匹配
9761,UCCz3mE2SnHldMriGTVY_YPw,KSU Aquaculture,https://cn--xtb.noxinfluencer.com/youtube/channel/UCCz3mE2SnHldMriGTVY_YPw,-10,badcase,水产养殖内容与宠物粮推广场景不匹配
9762,UCcS0vAmv5KnpCbjrbYH-MCQ,Mikey Brennan,https://cn--xtb.noxinfluencer.com/youtube/channel/UCcS0vAmv5KnpCbjrbYH-MCQ,-25,badcase,游戏短视频和剧情娱乐与宠物粮推广受众不符
9763,UC6d22X2Bn6fYWCoVRTWDJhA,NuttyBlueRice,https://cn--xtb.noxinfluencer.com/youtube/channel/UC6d22X2Bn6fYWCoVRTWDJhA,-25,badcase,娱乐梗图和AI故事向，缺少宠物粮推广相关性
9764,UCbX76VGUpS7HB8LxLxvimLA,Ridam for Kids - Nursery Rhymes,https://cn--xtb.noxinfluencer.com/youtube/channel/UCbX76VGUpS7HB8LxLxvimLA,-20,badcase,儿歌频道面向儿童，和宠物粮推广受众不符
9765,UCwS96X-LhE5xqHjoEfxamGw,Lily Little Cake,https://cn--xtb.noxinfluencer.com/youtube/channel/UCwS96X-LhE5xqHjoEfxamGw,-25,badcase,ASMR蛋糕频道是感官娱乐，不适合宠物粮推广
9766,UCfInrnr5kgS0n2y54OUgWaQ,NonchalantlyJess,https://cn--xtb.noxinfluencer.com/youtube/channel/UCfInrnr5kgS0n2y54OUgWaQ,-10,badcase,内容为人身吐槽，偶有狗字也不是宠物粮场景
9767,UCGxngokVswQCuIUkkdsf7kg,HungryMe,https://cn--xtb.noxinfluencer.com/youtube/channel/UCGxngokVswQCuIUkkdsf7kg,-9,badcase,做菜频道只覆盖人类饮食，缺少宠物喂养/采购意图
9768,UCNvtPegu2FRh3PZmY3tW62Q,wudiliuliangbao,https://cn--xtb.noxinfluencer.com/youtube/channel/UCNvtPegu2FRh3PZmY3tW62Q,-10,badcase,野生动物和剧情化短片混杂，和宠物食品投放不匹配
9769,UCocFqTgmI8XaPLyqPH_o2OQ,impressionTV,https://cn--xtb.noxinfluencer.com/youtube/channel/UCocFqTgmI8XaPLyqPH_o2OQ,-10,badcase,垂钓户外为主，宠物词未进主标签，投放相关性弱
9770,UCpCH9Iqt-8htjnf-twfIv8Q,Oranhan Sky,https://cn--xtb.noxinfluencer.com/youtube/channel/UCpCH9Iqt-8htjnf-twfIv8Q,-25,badcase,儿童歌舞频道，受众与宠物食品购买人群完全不同
9771,UCrv0i9xch8TLIxYYQ6ojwCw,YoAngelolo en Español,https://cn--xtb.noxinfluencer.com/youtube/channel/UCrv0i9xch8TLIxYYQ6ojwCw,-9,badcase,泛食物娱乐频道，无宠物/饲喂语境，近10条也都不匹配
9772,UCZ5JB0mIZJ75ocPLC-wYdEQ,Recipe Hub With Lubna,https://cn--xtb.noxinfluencer.com/youtube/channel/UCZ5JB0mIZJ75ocPLC-wYdEQ,-6,badcase,料理食谱频道仅有泛食品类，缺少宠物饲料/喂养意图
9773,UCsyUB4dqSUGLy6iwv03a8mg,Stylish Floral Art,https://cn--xtb.noxinfluencer.com/youtube/channel/UCsyUB4dqSUGLy6iwv03a8mg,-10,badcase,手工艺术频道，与宠物食品受众和购买语境无关
9774,UCsrig-GvfeI9wVdLx-LbOnw,Vovcase,https://cn--xtb.noxinfluencer.com/youtube/channel/UCsrig-GvfeI9wVdLx-LbOnw,-25,badcase,ASMR/玩具音感频道，属于强格式错配，不适合推宠物食品
9776,UCDFfi7Cw3-LX3RGGW-wZ23A,Faith's Homemaking,https://cn--xtb.noxinfluencer.com/youtube/channel/UCDFfi7Cw3-LX3RGGW-wZ23A,-10,badcase,家庭/育儿/烘焙频道，无宠物或宠物食品语境
9777,UC5XkI3ov9b-lPqaHsWhRO0g,Its Maideh Lolzzz,https://cn--xtb.noxinfluencer.com/youtube/channel/UC5XkI3ov9b-lPqaHsWhRO0g,-22,badcase,直播+AI搞笑短片为主，和宠物食品推广不匹配
9778,UCz7NbsN0VlrXzfE4GsCtFzA,Medical Arts Official,https://cn--xtb.noxinfluencer.com/youtube/channel/UCz7NbsN0VlrXzfE4GsCtFzA,-22,badcase,医疗科普夹ASMR标签，受众与宠物食品无关
9779,UClfp-LZ5v_BfTg5IOV_KYxg,Ziply,https://cn--xtb.noxinfluencer.com/youtube/channel/UClfp-LZ5v_BfTg5IOV_KYxg,-24,badcase,娱乐喜剧频道，虽有food但不是宠物食品场景
9780,UCndpPxqD2t1KaeHys2gC1rQ,hdgdjcy3,https://cn--xtb.noxinfluencer.com/youtube/channel/UCndpPxqD2t1KaeHys2gC1rQ,-25,badcase,POV喜剧/剧情向，几乎无宠物食品推广价值
9781,UCKHuQJTHVC9HNNJMiwcflPg,Fishing X,https://cn--xtb.noxinfluencer.com/youtube/channel/UCKHuQJTHVC9HNNJMiwcflPg,-8,badcase,频道以钓鱼和游戏为主，缺少宠物食品推广相关受众与购买意图
9782,UCEq3NY2L_oZFOtGBdNb0m4Q,Oklahoma Joe's Smokers,https://cn--xtb.noxinfluencer.com/youtube/channel/UCEq3NY2L_oZFOtGBdNb0m4Q,-10,badcase,频道为人类烧烤烹饪内容，与宠物食品推广场景不符
9783,UCoxEn0Mkpywrc3sE5hyrQ4A,Mile High Guy BBQ,https://cn--xtb.noxinfluencer.com/youtube/channel/UCoxEn0Mkpywrc3sE5hyrQ4A,-10,badcase,人类烧烤/烹饪频道，与宠物食品投放目标不符，近10条全是人类餐食内容
9784,UCiwecVcYTUTcexsOWjA6cIQ,Megabass America,https://cn--xtb.noxinfluencer.com/youtube/channel/UCiwecVcYTUTcexsOWjA6cIQ,-9,badcase,以钓鱼内容为主，仅有泛化pets标签，近10条均不匹配宠物食品
9785,UCmPw2LDiN3BbMjCLrdjsi0w,Luzerne county predator catcher,https://cn--xtb.noxinfluencer.com/youtube/channel/UCmPw2LDiN3BbMjCLrdjsi0w,-19,badcase,主内容为抓捕/直播，和宠物食品推广无关，近期内容全不匹配
9786,UC4AWb16siZiauuSIyke6RIQ,A&D,https://cn--xtb.noxinfluencer.com/youtube/channel/UC4AWb16siZiauuSIyke6RIQ,-25,badcase,喜剧娱乐频道，近10条全是搞笑短片，和宠物食品推广无关
9787,UCP3LewWfNbHVN32To2xMLRA,Mahi's Dairy,https://cn--xtb.noxinfluencer.com/youtube/channel/UCP3LewWfNbHVN32To2xMLRA,-1,badcase,宠物向标签有一定相关，但近10条是绘画挑战，近期内容不支撑投放
9788,UCP40_VqT6yVtS-171UlxkJQ,Scenic Cinema,https://cn--xtb.noxinfluencer.com/youtube/channel/UCP40_VqT6yVtS-171UlxkJQ,-25,badcase,自然纪录/环境音频道，格式偏观赏放松，不适合宠物食品推广
9789,UC1K28zFchunM4ylPQDk3ztw,Club,https://cn--xtb.noxinfluencer.com/youtube/channel/UC1K28zFchunM4ylPQDk3ztw,-10,badcase,无相关标签，最近都是儿歌童谣，和宠物食品投放不匹配
9790,UCb1p9IY8RVuLwcOI4fmphGA,Fruit cutting show,https://cn--xtb.noxinfluencer.com/youtube/channel/UCb1p9IY8RVuLwcOI4fmphGA,-10,badcase,果切满足感内容偏人类食品，缺少宠物受众信号，不适合宠物食品
9791,UCcLTt1higfQ7v2TZWH4pPww,Elizabeth Whitehead Jennings author,https://cn--xtb.noxinfluencer.com/youtube/channel/UCcLTt1higfQ7v2TZWH4pPww,-7,badcase,以祈祷/灵修为主，宠物仅零散提及，无宠粮语境
9792,UCmbwBO-H3yD8s8yncAh3TTQ,Only Sloths,https://cn--xtb.noxinfluencer.com/youtube/channel/UCmbwBO-H3yD8s8yncAh3TTQ,-10,badcase,舞蹈娱乐向，和宠物食品推广无关
9793,UCXYfyY5_Lvb5V-ebVTRfq9A,😘 like share đăng ký kênh để ủng hộ Quỳnh nha,https://cn--xtb.noxinfluencer.com/youtube/channel/UCXYfyY5_Lvb5V-ebVTRfq9A,-10,badcase,游戏/家居混杂，但与宠物食品无直接关联
9794,UClAYuuMaGj4hjaVG6IW81xA,Anything Goes with Chubz,https://cn--xtb.noxinfluencer.com/youtube/channel/UClAYuuMaGj4hjaVG6IW81xA,-8,badcase,综艺资讯为主，偶有狗猫内容但缺少宠粮语境
9796,UCOKn9V2lDbECwyttX1g5BLA,LVSkinny,https://cn--xtb.noxinfluencer.com/youtube/channel/UCOKn9V2lDbECwyttX1g5BLA,-20,badcase,娱乐/时尚/音乐向频道，缺少宠物喂养场景，近10条都不匹配
9797,UC_BGs-vOsxC3fitR5q_lwIg,Dexter Guindry,https://cn--xtb.noxinfluencer.com/youtube/channel/UC_BGs-vOsxC3fitR5q_lwIg,-25,badcase,红迪故事+ASMR短剧频道，强格式错位，不适合宠粮推广
9798,UCWbHg-qfwN1JnTyei-Jnz5w,Bayovan,https://cn--xtb.noxinfluencer.com/youtube/channel/UCWbHg-qfwN1JnTyei-Jnz5w,-20,badcase,纯游戏频道，和宠物食品没有直接相关性，近期内容全不匹配
9799,UCLg6AQVV_F739OIbB9uBXpA,ElBuenon y LaGüera,https://cn--xtb.noxinfluencer.com/youtube/channel/UCLg6AQVV_F739OIbB9uBXpA,-15,badcase,生活/旅行/美食频道，但无宠物语境，和宠粮推广偏离
9800,UCtzUvzjmGdxbggrP3Vcxh7w,Paper Airplane anime,https://cn--xtb.noxinfluencer.com/youtube/channel/UCtzUvzjmGdxbggrP3Vcxh7w,-25,badcase,动漫叙事娱乐频道，和宠粮投放场景明显不符，近10条都不匹配
9802,UCMdJBqREphPHx0XUCCevbJQ,Hornstromp FNF,https://cn--xtb.noxinfluencer.com/youtube/channel/UCMdJBqREphPHx0XUCCevbJQ,-20,badcase,动画娱乐和游戏向，缺少宠物食品购买/评测场景
9803,UC-_XZIi8rmN4R9pC5gnxBkw,GummyGang123,https://cn--xtb.noxinfluencer.com/youtube/channel/UC-_XZIi8rmN4R9pC5gnxBkw,-10,badcase,宗教娱乐为主，最近内容与宠物食品推广几乎无关
9804,UCIde4y0N8zryTRpv8u0wmEA,Factszone247,https://cn--xtb.noxinfluencer.com/youtube/channel/UCIde4y0N8zryTRpv8u0wmEA,-8,badcase,动物与健康泛相关，但缺少宠粮或购买场景
9805,UC6uAojeUvJdJTc0ZP8JoM0A,patriciaharv,https://cn--xtb.noxinfluencer.com/youtube/channel/UC6uAojeUvJdJTc0ZP8JoM0A,-10,badcase,只有企鹅萌宠内容，且无宠物食品相关语境
9808,UCcBGEAz-w7nMh5qkDu74lzQ,Juice Plus+,https://cn--xtb.noxinfluencer.com/youtube/channel/UCcBGEAz-w7nMh5qkDu74lzQ,-10,badcase,人类健康营养号，与宠粮推广对象不符，近10条也都不匹配
9809,UCd16e7ZTUycFVysTNoUV8Eg,Vida Luminosa,https://cn--xtb.noxinfluencer.com/youtube/channel/UCd16e7ZTUycFVysTNoUV8Eg,-25,badcase,娱乐短视频+ASMR格式，强推广不匹配，且近期内容与宠粮无关
9810,UC1X3tpYEMUt8s7PK-juXjFw,Motorbike On Tour TH,https://cn--xtb.noxinfluencer.com/youtube/channel/UC1X3tpYEMUt8s7PK-juXjFw,-10,badcase,主体是机车旅行评测，近10条几乎都与宠物食品无关
9811,UCynojwNbCvO5x_lwLP1x4AA,SurrealCats,https://cn--xtb.noxinfluencer.com/youtube/channel/UCynojwNbCvO5x_lwLP1x4AA,-10,badcase,娱乐/KPOP频道，无宠物食品相关信号
9812,UCYqyJK19tpCn2d-p8QabNhw,Nature Live,https://cn--xtb.noxinfluencer.com/youtube/channel/UCYqyJK19tpCn2d-p8QabNhw,-35,badcase,ASMR/野生动物频道，物理宠物食品推广不适配
9813,UCw8MvzJq7zyHEbTVXlo_dQA,Mr Skellex,https://cn--xtb.noxinfluencer.com/youtube/channel/UCw8MvzJq7zyHEbTVXlo_dQA,-10,badcase,无标签、内容偏历史叙事，和宠物食品无关
9814,UCwd4orldkbDUdnTnFxEm5Gw,The Cuban Tarzan,https://cn--xtb.noxinfluencer.com/youtube/channel/UCwd4orldkbDUdnTnFxEm5Gw,-25,badcase,野生动物/爬虫内容，和宠物食品推广不匹配
9816,UCoCAePxiTTY5isWMT1w0kGw,RankTube,https://cn--xtb.noxinfluencer.com/youtube/channel/UCoCAePxiTTY5isWMT1w0kGw,-10,badcase,泛娱乐排行内容，缺少宠物食品受众与购买语境
9817,UCupATyKpMtphV1Q848FYOgA,The Bully Spittin Podcast,https://cn--xtb.noxinfluencer.com/youtube/channel/UCupATyKpMtphV1Q848FYOgA,-25,badcase,音乐播客为主，宠物食品推广场景不匹配
9819,UCAKYMTwAig4JIzG2Zj0_TSQ,Steven Home Cooking,https://cn--xtb.noxinfluencer.com/youtube/channel/UCAKYMTwAig4JIzG2Zj0_TSQ,-10,badcase,人类烹饪频道，与宠物食品受众和使用场景不匹配
9820,UCWjS_zCgRQNTd7qClvYOHVw,Fit Body Boot Camp,https://cn--xtb.noxinfluencer.com/youtube/channel/UCWjS_zCgRQNTd7qClvYOHVw,-10,badcase,健身减脂频道，与宠物食品推广几乎无关
9822,UCVOLzTU3BWn85RnfJUeGFGQ,Belinda152,https://cn--xtb.noxinfluencer.com/youtube/channel/UCVOLzTU3BWn85RnfJUeGFGQ,-25,badcase,剧情/喜剧短剧频道，与宠物食品投放场景明显不符
9823,UCNyjfPw_yUjEMwXh996psxg,Nurse Prac Off Grid,https://cn--xtb.noxinfluencer.com/youtube/channel/UCNyjfPw_yUjEMwXh996psxg,-22,badcase,ASMR/自然音与宠物食品推广格式不匹配
9824,UCurdfRi5ac7QWz_8IhpNHqg,Homechef Bill McDowell,https://cn--xtb.noxinfluencer.com/youtube/channel/UCurdfRi5ac7QWz_8IhpNHqg,-10,badcase,料理频道与宠物食品受众不一致，近期内容也无相关性
9825,UCpmi1ekSbQxB3QLpJ6zuWfg,Cecilia,https://cn--xtb.noxinfluencer.com/youtube/channel/UCpmi1ekSbQxB3QLpJ6zuWfg,-15,badcase,娱乐影视内容为主，宠物食品投放相关性低
9826,UCQwUNourSI0_FQKBGhrMwLg,Thegadgetpath8,https://cn--xtb.noxinfluencer.com/youtube/channel/UCQwUNourSI0_FQKBGhrMwLg,-9,badcase,科技测评频道，和宠物食品受众与场景不匹配
9827,UCSoniQbCUoyR4VBXLsTN0rg,Laura Baule,https://cn--xtb.noxinfluencer.com/youtube/channel/UCSoniQbCUoyR4VBXLsTN0rg,-9,badcase,人类饮食内容，缺少宠物喂养与消费信号
9828,UCHkMZulCVdEYoZ3eXqBR0kw,Ali R.,https://cn--xtb.noxinfluencer.com/youtube/channel/UCHkMZulCVdEYoZ3eXqBR0kw,-10,badcase,有少量宠物产品测评信号，但整体不够聚焦
9829,UCdmNPmp6tc-asu1sVbhv0bg,ALIVE SCREENS - Motion Backgrounds and Video Loops,https://cn--xtb.noxinfluencer.com/youtube/channel/UCdmNPmp6tc-asu1sVbhv0bg,-25,badcase,纯背景视觉/睡眠向，属于强格式错配
9830,UCgH0szTiqzdfx648Mm2Bisw,#FUNNY Rere,https://cn--xtb.noxinfluencer.com/youtube/channel/UCgH0szTiqzdfx648Mm2Bisw,-25,badcase,儿童儿歌娱乐频道，与宠物食品推广无关
9832,UC4Cze6aziBJvqc0_enjdtMg,ThatboyLENS,https://cn--xtb.noxinfluencer.com/youtube/channel/UC4Cze6aziBJvqc0_enjdtMg,-10,badcase,人类街头美食/旅行频道，近期内容与宠物粮推广不符
9833,UCdH87q0x-gjCFuRSoYCw1oQ,Pixie & Dave Steckler,https://cn--xtb.noxinfluencer.com/youtube/channel/UCdH87q0x-gjCFuRSoYCw1oQ,-2,badcase,频道以生活/狗日常为主，缺少宠物食品购买或喂养专业意图
9834,UC9hYW2o6mxw9JzqRMALEG4g,MemeBeast,https://cn--xtb.noxinfluencer.com/youtube/channel/UC9hYW2o6mxw9JzqRMALEG4g,-20,badcase,梗视频/娱乐/ASMR为主，属于宠物粮推广错位
9835,UCYXGgZXyIypCbeDZllV8xRw,DoctorsToTrust,https://cn--xtb.noxinfluencer.com/youtube/channel/UCYXGgZXyIypCbeDZllV8xRw,-10,badcase,健康饮食频道，近期讲人类营养，不是宠物食品场景
9836,UCovxK9FzbqgJm2h9rPQU6QA,💜Pip and Lou💚,https://cn--xtb.noxinfluencer.com/youtube/channel/UCovxK9FzbqgJm2h9rPQU6QA,-10,badcase,玩偶/娱乐频道，近10条全非宠物或宠粮语境
9837,UCQULeIVSCcsDQJbypHA8naw,SPC Sobat pengembara channel,https://cn--xtb.noxinfluencer.com/youtube/channel/UCQULeIVSCcsDQJbypHA8naw,-7,badcase,有鸟类/宠物标签，但近10条几乎全是人物/剧情内容
9838,UCyHlhTSt6_6gZfN9BKfcguA,Virtuous Wisdom,https://cn--xtb.noxinfluencer.com/youtube/channel/UCyHlhTSt6_6gZfN9BKfcguA,-11,badcase,仅有宠物/鸟类弱相关，近期多为宗教、艺术和生活内容
9839,UCSLDOb6Efu-Jrn5fY3sORzQ,BRONWIN AURORA,https://cn--xtb.noxinfluencer.com/youtube/channel/UCSLDOb6Efu-Jrn5fY3sORzQ,-10,badcase,时尚生活号，与宠物食品推广无关
9841,UCHazPFDkeGVj3Z0VIb9G2fQ,Oral Strawberry,https://cn--xtb.noxinfluencer.com/youtube/channel/UCHazPFDkeGVj3Z0VIb9G2fQ,-34,badcase,ASMR吃播格式与宠物食品推广严重错位，近期也全是人类吃播
9842,UCe0hTdxKoaZpw035UY1oMzQ,Dao Peng,https://cn--xtb.noxinfluencer.com/youtube/channel/UCe0hTdxKoaZpw035UY1oMzQ,-9,badcase,肉类屠宰/切肉频道，与宠物食品投放人群不符
9843,UCc7Nlf9qJsipu-axBFG1OaA,Eric J. Butler Jr.,https://cn--xtb.noxinfluencer.com/youtube/channel/UCc7Nlf9qJsipu-axBFG1OaA,-10,badcase,娱乐杂项为主，近10条多为无关推广，缺少宠物食品受众
9845,UCXWwC1VfuA9csmAMeUOP_oA,SHUWA,https://cn--xtb.noxinfluencer.com/youtube/channel/UCXWwC1VfuA9csmAMeUOP_oA,-10,badcase,无标签且近期内容偏叙事梗图，与宠物食品无关
9846,UCI3641tTpoaxmE_qovrAPxg,Vora Keen,https://cn--xtb.noxinfluencer.com/youtube/channel/UCI3641tTpoaxmE_qovrAPxg,-10,badcase,泛娱乐内容，近10条无宠物食品或喂养场景
9847,UCHCGG2LcePVRI-nnt7ynRTw,Lena.Rose188,https://cn--xtb.noxinfluencer.com/youtube/channel/UCHCGG2LcePVRI-nnt7ynRTw,-16,badcase,宠物相关但以娱乐搞笑短视频为主，缺少宠物食品推广语境
9848,UCBPPezV6O1fsJk2Xs14JKWw,Aster!! x3,https://cn--xtb.noxinfluencer.com/youtube/channel/UCBPPezV6O1fsJk2Xs14JKWw,-10,badcase,furry/therian娱乐向，与宠物食品推广受众不匹配
9850,UCARyRVbXxEoHzyT-xWz_jzQ,Scarlin Grant,https://cn--xtb.noxinfluencer.com/youtube/channel/UCARyRVbXxEoHzyT-xWz_jzQ,-10,badcase,泛生活家庭号，近10条无宠物食品或喂养信号
9851,UCSvnhaD7aaCgw5xHTKZD-Rw,Anna Cuộc sống mỹ cùng 2 con,https://cn--xtb.noxinfluencer.com/youtube/channel/UCSvnhaD7aaCgw5xHTKZD-Rw,-9,badcase,泛烹饪/生活频道，缺少宠物食品受众，近期内容也都不匹配
9852,UCHgUn-m8lzGxu7NX513_EIw,PawsyPop,https://cn--xtb.noxinfluencer.com/youtube/channel/UCHgUn-m8lzGxu7NX513_EIw,-14,badcase,玩具开箱ASMR频道，属于强格式错配，不适合宠物食品推广
9853,UCXzZD0k_lxoaayJlfJePt8A,Kindness Moments,https://cn--xtb.noxinfluencer.com/youtube/channel/UCXzZD0k_lxoaayJlfJePt8A,-25,badcase,剧情短视频/暖心娱乐频道，与宠物食品投放目标不匹配
9854,UC8LcgUM77njEsfn3xlkeQrw,Gen,https://cn--xtb.noxinfluencer.com/youtube/channel/UC8LcgUM77njEsfn3xlkeQrw,-10,badcase,母婴/人类食谱向，不是宠物食品受众，近期也全是人类生活内容
9855,UC69QWAqRki-ey5RRbeGDxWA,Horror House,https://cn--xtb.noxinfluencer.com/youtube/channel/UC69QWAqRki-ey5RRbeGDxWA,-25,badcase,恐怖动画频道，和宠物食品投放场景完全不符
9856,UClCrMqvUSc82_nJxLE-qVaA,Pizzeria Scotty,https://cn--xtb.noxinfluencer.com/youtube/channel/UClCrMqvUSc82_nJxLE-qVaA,-25,badcase,游戏频道为主，近期都是披萨与游戏内容，和宠物食品无关
9857,UCoFJTrXBGxaaL-fTGQdwB7Q,AnimalLove Stories,https://cn--xtb.noxinfluencer.com/youtube/channel/UCoFJTrXBGxaaL-fTGQdwB7Q,-14,badcase,有宠物受众但以叙事娱乐为主，不是宠物食品推广场景
9858,UC5CQnTLM_l2ADJDIQGdOS5Q,펜실베니아댁 miss penn,https://cn--xtb.noxinfluencer.com/youtube/channel/UC5CQnTLM_l2ADJDIQGdOS5Q,-10,badcase,美国日常/育儿vlog，和宠物食品推广没有明显关联
9859,UCiMySlcABfUnEYoHrKV_Mqw,Dondrippy,https://cn--xtb.noxinfluencer.com/youtube/channel/UCiMySlcABfUnEYoHrKV_Mqw,-9,badcase,餐饮试吃/餐厅测评为主，偏人类食品内容，不适合宠物食品推广
9860,UCrBtj_Kvaraxf392iT2PL8A,Mississippi Department of Agriculture and Commerce,https://cn--xtb.noxinfluencer.com/youtube/channel/UCrBtj_Kvaraxf392iT2PL8A,-9,badcase,农业资讯和人类食品推广为主，不是宠物食品受众
9862,UCZkQl78WNTZ1efgCo6cX0dw,Wobrot,https://cn--xtb.noxinfluencer.com/youtube/channel/UCZkQl78WNTZ1efgCo6cX0dw,-35,badcase,卡通/动画/儿童向内容，属于强格式错配，不适合宠物食品推广
9864,UCpZaLn8VzJDruIpBE_Y7teA,Toolify Studio,https://cn--xtb.noxinfluencer.com/youtube/channel/UCpZaLn8VzJDruIpBE_Y7teA,-10,badcase,工业设备/制造内容为主，近10条几乎无宠物食品相关
9865,UCDaYD3RDL5CegqhQOciwqHw,Jerriell Braswell,https://cn--xtb.noxinfluencer.com/youtube/channel/UCDaYD3RDL5CegqhQOciwqHw,-8,badcase,以喜剧和车内容为主，仅少量犬只片段，宠物食品相关性低
9866,UCMhofB4uuV1XUHji0pw0I_A,Wolfoo Melody Town,https://cn--xtb.noxinfluencer.com/youtube/channel/UCMhofB4uuV1XUHji0pw0I_A,-10,badcase,儿童动画频道，仅有泛宠物标签，近10条全是儿童内容
9867,UCaOfCD6jC2X99-8aW1kqlKg,The Vegan 8 (Brandi Doming),https://cn--xtb.noxinfluencer.com/youtube/channel/UCaOfCD6jC2X99-8aW1kqlKg,-25,badcase,纯人类素食食谱频道，与宠物食品目标人群相反
9868,UCMSKzmE2Qb23eMia-gwl26A,Scientist BD,https://cn--xtb.noxinfluencer.com/youtube/channel/UCMSKzmE2Qb23eMia-gwl26A,-18,badcase,频道偏社会娱乐政治及牲畜野生内容，缺少宠物食品推广语境
9869,UCfZ-pbu6Ls-0IQ6nr6Uvxag,Gogo Monkey Life,https://cn--xtb.noxinfluencer.com/youtube/channel/UCfZ-pbu6Ls-0IQ6nr6Uvxag,-25,badcase,猴子娱乐/ASMR类频道，受众与宠物食品促销不匹配
9870,UCr-PPcAAv2om4NolHOJE43w,Not funny animation,https://cn--xtb.noxinfluencer.com/youtube/channel/UCr-PPcAAv2om4NolHOJE43w,-25,badcase,动画娱乐频道，题材与宠物食品推广受众不符
9871,UCZylGzdFTxK_0aXxPS8lj_A,Charlie Entertainment,https://cn--xtb.noxinfluencer.com/youtube/channel/UCZylGzdFTxK_0aXxPS8lj_A,-25,badcase,剧情娱乐频道，近期全是小狗绘画教程，与宠物粮投放不匹配
9872,UCBlTFbzEvGPyieHZ9KS0bjg,Cuffs,https://cn--xtb.noxinfluencer.com/youtube/channel/UCBlTFbzEvGPyieHZ9KS0bjg,-10,badcase,主域为政治新闻/娱乐短视频，宠物食品推广意图弱
9873,UCtv8Pt-zCVNizryOOY4u0DQ,ОДНА ЖИЗНЬ🇺🇸,https://cn--xtb.noxinfluencer.com/youtube/channel/UCtv8Pt-zCVNizryOOY4u0DQ,-10,badcase,餐饮烹饪频道，面向人类饮食，与宠物粮投放无关
9874,UCmJsBqHs9ooXGdK9RwJsAIA,KitchenDads,https://cn--xtb.noxinfluencer.com/youtube/channel/UCmJsBqHs9ooXGdK9RwJsAIA,-10,badcase,家常料理频道，内容是人类菜谱，不适合投宠物粮
9875,UCxEnRX_8nqXeSlypyIV7EKg,5PM ONLINE JAM,https://cn--xtb.noxinfluencer.com/youtube/channel/UCxEnRX_8nqXeSlypyIV7EKg,-24,badcase,宠物词仅泛相关，频道主体是音乐翻唱，缺少宠物食品/护理内容
9876,UC0kVj5WJ4-u49ZF6qtT6zEg,WasteMan226,https://cn--xtb.noxinfluencer.com/youtube/channel/UC0kVj5WJ4-u49ZF6qtT6zEg,-25,badcase,垃圾车/回收主题，和宠物食品投放人群明显不匹配
9877,UCt9HeqspjGcVwtNS0GOVk4g,Emonk,https://cn--xtb.noxinfluencer.com/youtube/channel/UCt9HeqspjGcVwtNS0GOVk4g,-35,badcase,短视频娱乐向为主，强格式不匹配，宠物食品投放不合适
9878,UCD2ey_TMLUdSlJ49AgRwRbg,Caleb589,https://cn--xtb.noxinfluencer.com/youtube/channel/UCD2ey_TMLUdSlJ49AgRwRbg,-10,badcase,家庭搞笑短内容，缺少宠物饲养或宠物食品受众
9879,UCTpOTiX3lq6i_B5hFvQAAaA,Jrizpy,https://cn--xtb.noxinfluencer.com/youtube/channel/UCTpOTiX3lq6i_B5hFvQAAaA,-15,badcase,宗教内容为主，受众与宠物食品购买场景不相关
9880,UCP4WGy4aPSxR-ogpDBv725Q,Candy Coated Squeaks,https://cn--xtb.noxinfluencer.com/youtube/channel/UCP4WGy4aPSxR-ogpDBv725Q,-10,badcase,偏服装/测试/娱乐内容，非宠物喂养或宠物消费场景
9881,UCul8TC3vPIaPTZAyO0fdrTw,Dinner with Mariah,https://cn--xtb.noxinfluencer.com/youtube/channel/UCul8TC3vPIaPTZAyO0fdrTw,-10,badcase,以旅行和人类料理为主，缺少宠物受众与宠物食品语境。
9882,UCNgVFeYE48CbyixYULwTgaA,Ernie Hatmaker,https://cn--xtb.noxinfluencer.com/youtube/channel/UCNgVFeYE48CbyixYULwTgaA,-8,badcase,农园/家园内容偏动物和种植，不是宠物食品投放语境。
9884,UC9qN7nFdjPCS_UB4NdkA1ew,Cringe Meme,https://cn--xtb.noxinfluencer.com/youtube/channel/UC9qN7nFdjPCS_UB4NdkA1ew,-25,badcase,动画搞笑娱乐向，和宠物食品推广场景明显不匹配。
9885,UCmpGxai95OS2PAH82A2ExeQ,MrsExquisiteDailyInsights,https://cn--xtb.noxinfluencer.com/youtube/channel/UCmpGxai95OS2PAH82A2ExeQ,-24,badcase,泛娱乐/病毒内容为主，宠物食品投放相关性弱。
9886,UCrSJR25Hyef_4WR0kQxedhw,IndoHorizon,https://cn--xtb.noxinfluencer.com/youtube/channel/UCrSJR25Hyef_4WR0kQxedhw,-20,badcase,剧情/短剧为主，宠物食品无关，最近10条几乎全不匹配
9887,UCLqY1AJoC0uX6m9cifrePZQ,FAS,https://cn--xtb.noxinfluencer.com/youtube/channel/UCLqY1AJoC0uX6m9cifrePZQ,-10,badcase,艺术旅行类频道，缺少宠物消费场景，近期内容也不匹配
9888,UC0QW3X520L9uHb_tRFxM3DQ,Siesta Studios,https://cn--xtb.noxinfluencer.com/youtube/channel/UC0QW3X520L9uHb_tRFxM3DQ,-34,badcase,动画搞笑短片频道，仅有卡通狗弱相关，不适合宠物食品推广
9889,UCj8p4WGscVgon9y-CnjK8Dw,Simple Wholsome,https://cn--xtb.noxinfluencer.com/youtube/channel/UCj8p4WGscVgon9y-CnjK8Dw,-10,badcase,泛娱乐/评论混杂，只有零散狗内容，和宠物食品关联弱
9890,UC62JJ6SnehkP3P2nEfb2f3g,Jager Rex,https://cn--xtb.noxinfluencer.com/youtube/channel/UC62JJ6SnehkP3P2nEfb2f3g,-25,badcase,游戏/角色扮演娱乐为主，和宠物食品推广格式与受众都不合
9891,UC_cO3r2yLNTAL-VwP3mK8gA,FC Bilal Mobile,https://cn--xtb.noxinfluencer.com/youtube/channel/UC_cO3r2yLNTAL-VwP3mK8gA,-9,badcase,无宠物喂养相关信号，近期全是球鞋二手与汽车内容
9892,UC6VuIeVVviB_qEZqsP9K6bg,Giggle Nation,https://cn--xtb.noxinfluencer.com/youtube/channel/UC6VuIeVVviB_qEZqsP9K6bg,-13,badcase,猫类娱乐号，有受众但偏AI故事卡通，缺少宠粮投放意图
9893,UCKwNTJv93r6Vh0b8gPCdiYQ,AsianMaryEvans,https://cn--xtb.noxinfluencer.com/youtube/channel/UCKwNTJv93r6Vh0b8gPCdiYQ,-10,badcase,偏人类烹饪与生活内容，和宠物粮的购买喂养场景不符
9894,UCG0n4oY8ydMF7ZKVjMdkosA,Food With Jerry,https://cn--xtb.noxinfluencer.com/youtube/channel/UCG0n4oY8ydMF7ZKVjMdkosA,-10,badcase,餐厅测评和美食指南号，面向人类餐饮，不适合宠物粮推广
9895,UCceVRaEv-lS1dwK-FimwbUw,Sharp Ridge Homestead,https://cn--xtb.noxinfluencer.com/youtube/channel/UCceVRaEv-lS1dwK-FimwbUw,-10,badcase,家居种植与健康杂谈，缺少宠物喂养和宠粮购买语境
9896,UC0oAYMNAoKmJbnMK1MqmxYw,Ruben perez,https://cn--xtb.noxinfluencer.com/youtube/channel/UC0oAYMNAoKmJbnMK1MqmxYw,-20,badcase,音乐频道，非宠物食品受众，近10条均无推广相关内容
9897,UC99xfWNSc38EHPV2ZSENf-w,Life With Lippy,https://cn--xtb.noxinfluencer.com/youtube/channel/UC99xfWNSc38EHPV2ZSENf-w,-9,badcase,家庭烹饪/园艺频道，仅泛食品词，缺少宠物食品场景
9898,UCz2vf6PKBpOq8jHpIcPAVeQ,Poonam's video,https://cn--xtb.noxinfluencer.com/youtube/channel/UCz2vf6PKBpOq8jHpIcPAVeQ,-25,badcase,短剧娱乐+动物故事，格式与宠物食品投放明显不匹配
9899,UCl7tNkkLnFCEUbTAwPI6meQ,HUGG doy,https://cn--xtb.noxinfluencer.com/youtube/channel/UCl7tNkkLnFCEUbTAwPI6meQ,-4,badcase,宠物相关但以救助短视频为主，缺少宠粮/测评/购买意图，近期内容全不匹配
9900,UCPnaBtjWssKYNldZyFTJSKw,Cooking With CJ,https://cn--xtb.noxinfluencer.com/youtube/channel/UCPnaBtjWssKYNldZyFTJSKw,-9,badcase,纯烹饪器具和人类食谱内容，和宠物食品受众不匹配
9901,UC6d22X2Bn6fYWCoVRTWDJhA,NuttyBlueRice,https://cn--xtb.noxinfluencer.com/youtube/channel/UC6d22X2Bn6fYWCoVRTWDJhA,-25,badcase,娱乐游戏频道，内容形态与宠物食品推广完全不匹配
9902,UCbX76VGUpS7HB8LxLxvimLA,Ridam for Kids - Nursery Rhymes,https://cn--xtb.noxinfluencer.com/youtube/channel/UCbX76VGUpS7HB8LxLxvimLA,-20,badcase,童谣儿童频道，受众与宠物食品推广不匹配
9903,UCfInrnr5kgS0n2y54OUgWaQ,NonchalantlyJess,https://cn--xtb.noxinfluencer.com/youtube/channel/UCfInrnr5kgS0n2y54OUgWaQ,-10,badcase,偏吐槽叙事内容，缺少宠物食品购买与喂养信号
9904,UCGxngokVswQCuIUkkdsf7kg,HungryMe,https://cn--xtb.noxinfluencer.com/youtube/channel/UCGxngokVswQCuIUkkdsf7kg,-10,badcase,美食烹饪频道偏人类食品，与宠物食品投放不一致
9905,UCNvtPegu2FRh3PZmY3tW62Q,wudiliuliangbao,https://cn--xtb.noxinfluencer.com/youtube/channel/UCNvtPegu2FRh3PZmY3tW62Q,-4,badcase,内容偏短剧/娱乐/野生动物，与宠物食品推广不匹配
9906,UCocFqTgmI8XaPLyqPH_o2OQ,impressionTV,https://cn--xtb.noxinfluencer.com/youtube/channel/UCocFqTgmI8XaPLyqPH_o2OQ,-10,badcase,频道以钓鱼/户外为主，近10条几乎都与宠物食品无关
9907,UCrv0i9xch8TLIxYYQ6ojwCw,YoAngelolo en Español,https://cn--xtb.noxinfluencer.com/youtube/channel/UCrv0i9xch8TLIxYYQ6ojwCw,-10,badcase,以人类美食、挑战和娱乐为主，不适合宠物食品投放
9908,UCZ5JB0mIZJ75ocPLC-wYdEQ,Recipe Hub With Lubna,https://cn--xtb.noxinfluencer.com/youtube/channel/UCZ5JB0mIZJ75ocPLC-wYdEQ,-10,badcase,家庭烹饪频道，内容面向人类饮食，与宠物食品不相关
9909,UCsrig-GvfeI9wVdLx-LbOnw,Vovcase,https://cn--xtb.noxinfluencer.com/youtube/channel/UCsrig-GvfeI9wVdLx-LbOnw,-25,badcase,ASMR放松型内容，与宠物食品推广存在明显格式错配
9911,UCDFfi7Cw3-LX3RGGW-wZ23A,Faith's Homemaking,https://cn--xtb.noxinfluencer.com/youtube/channel/UCDFfi7Cw3-LX3RGGW-wZ23A,-10,badcase,家庭清洁和育儿内容，近10条也无宠物喂养场景
9912,UC5XkI3ov9b-lPqaHsWhRO0g,Its Maideh Lolzzz,https://cn--xtb.noxinfluencer.com/youtube/channel/UC5XkI3ov9b-lPqaHsWhRO0g,-20,badcase,直播和AI娱乐为主，动物标题偏搞笑，不是宠物食品场景
9913,UCIRDYhWQZ2pGWZ-TQF4QKpw,Coldesteditz USA,https://cn--xtb.noxinfluencer.com/youtube/channel/UCIRDYhWQZ2pGWZ-TQF4QKpw,-25,badcase,野生动物娱乐频道，偏观赏不偏宠物喂养
9914,UCz7NbsN0VlrXzfE4GsCtFzA,Medical Arts Official,https://cn--xtb.noxinfluencer.com/youtube/channel/UCz7NbsN0VlrXzfE4GsCtFzA,-25,badcase,医疗ASMR与宠物食品的人群和形式都不匹配
9915,UClfp-LZ5v_BfTg5IOV_KYxg,Ziply,https://cn--xtb.noxinfluencer.com/youtube/channel/UClfp-LZ5v_BfTg5IOV_KYxg,-25,badcase,喜剧短视频为主，缺少宠物与购买导向信号
9916,UCndpPxqD2t1KaeHys2gC1rQ,hdgdjcy3,https://cn--xtb.noxinfluencer.com/youtube/channel/UCndpPxqD2t1KaeHys2gC1rQ,-20,badcase,娱乐短剧和搞笑内容为主，和宠物食品推广完全不匹配
9917,UCKHuQJTHVC9HNNJMiwcflPg,Fishing X,https://cn--xtb.noxinfluencer.com/youtube/channel/UCKHuQJTHVC9HNNJMiwcflPg,-8,badcase,钓鱼内容为主，仅有动物/猫泛标签，宠物食品相关性弱
9918,UCEq3NY2L_oZFOtGBdNb0m4Q,Oklahoma Joe's Smokers,https://cn--xtb.noxinfluencer.com/youtube/channel/UCEq3NY2L_oZFOtGBdNb0m4Q,-10,badcase,美食烧烤频道，缺少宠物受众与宠物食品购买意图
9919,UCoxEn0Mkpywrc3sE5hyrQ4A,Mile High Guy BBQ,https://cn--xtb.noxinfluencer.com/youtube/channel/UCoxEn0Mkpywrc3sE5hyrQ4A,-10,badcase,同为烧烤烹饪频道，和宠物食品推广场景不相干
9920,UCiwecVcYTUTcexsOWjA6cIQ,Megabass America,https://cn--xtb.noxinfluencer.com/youtube/channel/UCiwecVcYTUTcexsOWjA6cIQ,-9,badcase,钓鱼测评为主，虽有pets标签但无宠物喂养或宠粮内容
9921,UC4AWb16siZiauuSIyke6RIQ,A&D,https://cn--xtb.noxinfluencer.com/youtube/channel/UC4AWb16siZiauuSIyke6RIQ,-25,badcase,娱乐搞笑频道，近10条无宠物食品相关内容
9922,UCP3LewWfNbHVN32To2xMLRA,Mahi's Dairy,https://cn--xtb.noxinfluencer.com/youtube/channel/UCP3LewWfNbHVN32To2xMLRA,-1,badcase,宠物标签有相关性，但近10条全是绘画挑战，转化不稳
9923,UCP40_VqT6yVtS-171UlxkJQ,Scenic Cinema,https://cn--xtb.noxinfluencer.com/youtube/channel/UCP40_VqT6yVtS-171UlxkJQ,-22,badcase,自然音景/放松向频道，格式与宠物食品推广明显不匹配
9924,UC1K28zFchunM4ylPQDk3ztw,Club,https://cn--xtb.noxinfluencer.com/youtube/channel/UC1K28zFchunM4ylPQDk3ztw,-10,badcase,儿童儿歌频道，受众与宠物食品推广不匹配
9925,UCb1p9IY8RVuLwcOI4fmphGA,Fruit cutting show,https://cn--xtb.noxinfluencer.com/youtube/channel/UCb1p9IY8RVuLwcOI4fmphGA,-10,badcase,水果切割满足感内容，偏人类食物而非宠物喂养
9926,UCcLTt1higfQ7v2TZWH4pPww,Elizabeth Whitehead Jennings author,https://cn--xtb.noxinfluencer.com/youtube/channel/UCcLTt1higfQ7v2TZWH4pPww,-10,badcase,宗教短视频为主，宠物只是零散提及，近期内容几乎全不匹配
9927,UCmbwBO-H3yD8s8yncAh3TTQ,Only Sloths,https://cn--xtb.noxinfluencer.com/youtube/channel/UCmbwBO-H3yD8s8yncAh3TTQ,-25,badcase,舞蹈娱乐频道，格式与宠物食品促销明显不符，近期也无相关内容
9928,UCXYfyY5_Lvb5V-ebVTRfq9A,😘 like share đăng ký kênh để ủng hộ Quỳnh nha,https://cn--xtb.noxinfluencer.com/youtube/channel/UCXYfyY5_Lvb5V-ebVTRfq9A,-10,badcase,频道以游戏和杂货短视频为主，无宠物食品推广相关性
9929,UClAYuuMaGj4hjaVG6IW81xA,Anything Goes with Chubz,https://cn--xtb.noxinfluencer.com/youtube/channel/UClAYuuMaGj4hjaVG6IW81xA,-18,badcase,频道以娱乐/综艺/杂项短视频为主，缺少宠物食品推广语境
9930,UCissUcw5Nb0qZo2bhs1wDGA,MOIGENNY,https://cn--xtb.noxinfluencer.com/youtube/channel/UCissUcw5Nb0qZo2bhs1wDGA,-8,badcase,有Dog标签但近期内容以家庭/信仰为主，宠物食品相关性偏弱
9932,UCOKn9V2lDbECwyttX1g5BLA,LVSkinny,https://cn--xtb.noxinfluencer.com/youtube/channel/UCOKn9V2lDbECwyttX1g5BLA,-25,badcase,以反应/搞笑/时尚为主，和宠物食品推广场景明显不符
9933,UCWbHg-qfwN1JnTyei-Jnz5w,Bayovan,https://cn--xtb.noxinfluencer.com/youtube/channel/UCWbHg-qfwN1JnTyei-Jnz5w,-25,badcase,核心是游戏频道，与宠物食品投放场景不匹配
9934,UCLg6AQVV_F739OIbB9uBXpA,ElBuenon y LaGüera,https://cn--xtb.noxinfluencer.com/youtube/channel/UCLg6AQVV_F739OIbB9uBXpA,-9,badcase,美食生活号虽有Food标签，但缺少宠物受众与喂养场景
9935,UCtzUvzjmGdxbggrP3Vcxh7w,Paper Airplane anime,https://cn--xtb.noxinfluencer.com/youtube/channel/UCtzUvzjmGdxbggrP3Vcxh7w,-25,badcase,动漫娱乐向频道，和宠物食品推广目标明显无关
9936,UC7Hx_m1OZqjKrY89bGBk6Kg,WEB TOP,https://cn--xtb.noxinfluencer.com/youtube/channel/UC7Hx_m1OZqjKrY89bGBk6Kg,-25,badcase,娱乐短剧情频道，近10条无宠物食品相关
9937,UCU4eYP4t7Jea0MAijLG-oGg,Halenur,https://cn--xtb.noxinfluencer.com/youtube/channel/UCU4eYP4t7Jea0MAijLG-oGg,-25,badcase,搞笑家庭短视频，格式与宠物食品推广不匹配
9938,UClVR9yHnO1v6qNwnDUWKMqQ,9b4m TV,https://cn--xtb.noxinfluencer.com/youtube/channel/UClVR9yHnO1v6qNwnDUWKMqQ,-10,badcase,偏亲子杂谈与自然内容，缺少宠物喂养场景
9939,UCijAHvgKeJyqoBatIZ2eGNg,SMELLY MICHELLY,https://cn--xtb.noxinfluencer.com/youtube/channel/UCijAHvgKeJyqoBatIZ2eGNg,-10,badcase,抽奖生活号，近10条内容与宠物食品无关
9940,UCmsKf4t1exCRcwtdr9ybnyA,DSLR NIROB VLOG,https://cn--xtb.noxinfluencer.com/youtube/channel/UCmsKf4t1exCRcwtdr9ybnyA,-25,badcase,游戏娱乐短内容，属于明显的推广格式错配
9941,UC1KBHCGGwgAtmqqYYheK1yA,Tiny World Kitchen,https://cn--xtb.noxinfluencer.com/youtube/channel/UC1KBHCGGwgAtmqqYYheK1yA,-25,badcase,迷你厨房ASMR/故事向，和宠物食品投放场景明显不匹配
9942,UCl51wVKSvmZpy2DFcOUrWPw,SMITH TV OFFICIAL2,https://cn--xtb.noxinfluencer.com/youtube/channel/UCl51wVKSvmZpy2DFcOUrWPw,-25,badcase,音乐娱乐频道，近期内容无宠物或喂养购买语境
9943,UCWiQVOSReR23TTdAD_YOz3w,AKB,https://cn--xtb.noxinfluencer.com/youtube/channel/UCWiQVOSReR23TTdAD_YOz3w,-10,badcase,短视频挑战娱乐号，缺少宠物食品相关受众
9944,UC13F2D4j1e0Gf1asKN5-o8w,ForestWhisker,https://cn--xtb.noxinfluencer.com/youtube/channel/UC13F2D4j1e0Gf1asKN5-o8w,-25,badcase,动画同人娱乐为主，‘pets’只是弱泛标签
9945,UCuN6dwu-NerTGgAEqdfYrZg,GraceDeGrace,https://cn--xtb.noxinfluencer.com/youtube/channel/UCuN6dwu-NerTGgAEqdfYrZg,-6,badcase,绘画频道为主，少量宠物内容也不是宠物食品语境
9946,UCeJ_ILcUXLHzzkeqzgzGRVg,SHEIKH VOICE,https://cn--xtb.noxinfluencer.com/youtube/channel/UCeJ_ILcUXLHzzkeqzgzGRVg,-4,badcase,宗教娱乐为主，只有少量猫内容，和宠物食品推广关联弱
9947,UCq2tH1xg_wLsCv-gMBsmCEA,Venus FF,https://cn--xtb.noxinfluencer.com/youtube/channel/UCq2tH1xg_wLsCv-gMBsmCEA,-9,badcase,游戏/直播杂内容，几乎无宠物食品或养宠购买意图
9948,UCpsJarXqie5Z5NbeNTCCY2g,Charismatic Planet,https://cn--xtb.noxinfluencer.com/youtube/channel/UCpsJarXqie5Z5NbeNTCCY2g,-22,badcase,鸟类听觉内容为主，且是音频型格式，不适合宠物食品推广
9949,UC8XeQ_yTk9seojPmfpH_ZDA,Savannah888,https://cn--xtb.noxinfluencer.com/youtube/channel/UC8XeQ_yTk9seojPmfpH_ZDA,-10,badcase,纯娱乐搞笑和校园家庭向，缺少养宠或宠物食品信号
9950,UCEtGULviyipoob6hA6U9zhg,Disuf,https://cn--xtb.noxinfluencer.com/youtube/channel/UCEtGULviyipoob6hA6U9zhg,-7,badcase,有 pets 弱相关，但主要是人类故事/生活内容，宠物食品相关性低
9952,UCbKdSdd60-GsEaXxbOExd5A,bd soldier tv,https://cn--xtb.noxinfluencer.com/youtube/channel/UCbKdSdd60-GsEaXxbOExd5A,-25,badcase,AI搞笑短剧为主，和宠物食品推广场景明显不符
9954,UCTy4iqFNzAE_yhGhKoUohNA,Duck production base,https://cn--xtb.noxinfluencer.com/youtube/channel/UCTy4iqFNzAE_yhGhKoUohNA,-15,badcase,鸭养殖/工厂内容偏生产端，不适合宠物食品投放
9955,UCdFZ6WAWVIZ2fRbU9sfreDw,BubbleBee,https://cn--xtb.noxinfluencer.com/youtube/channel/UCdFZ6WAWVIZ2fRbU9sfreDw,-25,badcase,搞笑恶作剧和生活整蛊为主，和宠物食品无关
9956,UCPaxNeh_rkqb-eFCO8rBUdg,Steph Unleashed,https://cn--xtb.noxinfluencer.com/youtube/channel/UCPaxNeh_rkqb-eFCO8rBUdg,-10,badcase,人类美食与生活内容，近10条无宠物食品或宠物受众信号
9958,UCufj3V0QiPihtFRhJz0K1vQ,Rory’s CaseOdds,https://cn--xtb.noxinfluencer.com/youtube/channel/UCufj3V0QiPihtFRhJz0K1vQ,-15,badcase,搞笑DIY/事故类为主，缺少宠物受众与宠粮场景
9959,UCohFH8XOgPmYvZl3QcnbPWQ,Yakeria Sinae,https://cn--xtb.noxinfluencer.com/youtube/channel/UCohFH8XOgPmYvZl3QcnbPWQ,-10,badcase,教师生活/穿搭/购物杂内容，近期无宠物食品相关信号
9960,UCRAQwP2TWwm_Oei1HZpxx5w,Rosa Shannon,https://cn--xtb.noxinfluencer.com/youtube/channel/UCRAQwP2TWwm_Oei1HZpxx5w,-15,badcase,儿童娱乐和影视玩具内容为主，不适合宠粮推广
9961,UCq_w9B-WZl0NAp7MpoIVKGA,Moshi Craft Video,https://cn--xtb.noxinfluencer.com/youtube/channel/UCq_w9B-WZl0NAp7MpoIVKGA,-20,badcase,游戏/AI短视频频道，与宠物食品受众和购买意图不符
9963,UC6V2CybK5EGy5uswMXBk5kw,dogshxtmedia,https://cn--xtb.noxinfluencer.com/youtube/channel/UC6V2CybK5EGy5uswMXBk5kw,-25,badcase,音乐/娱乐频道，和宠物食品投放场景不匹配
9964,UCAXEaa9WjVQvHBa3GCRyvIg,Study And Tips Master,https://cn--xtb.noxinfluencer.com/youtube/channel/UCAXEaa9WjVQvHBa3GCRyvIg,-20,badcase,牛羊畜牧内容，偏农场动物，不适合宠物食品
9966,UC4B4svZ5u7Kt6RJ0Ew-oi0A,kkiro,https://cn--xtb.noxinfluencer.com/youtube/channel/UC4B4svZ5u7Kt6RJ0Ew-oi0A,-20,badcase,音乐翻唱/游戏混合频道，和宠物粮推广不相关
9967,UC7HdNwlxHIUL52Y0rAmWGeg,CT-N7,https://cn--xtb.noxinfluencer.com/youtube/channel/UC7HdNwlxHIUL52Y0rAmWGeg,-30,badcase,电影/游戏/娱乐频道，和宠物粮受众不匹配
9969,UCF5CIDqvuz37Ea9tpGmpATQ,Mr. Junayed BD,https://cn--xtb.noxinfluencer.com/youtube/channel/UCF5CIDqvuz37Ea9tpGmpATQ,-30,badcase,娱乐/博彩向频道，内容形态不适合宠物粮推广
9970,UCTtqyeYLEAWnIhWsAsXZQRg,ClipFrenzy Stories,https://cn--xtb.noxinfluencer.com/youtube/channel/UCTtqyeYLEAWnIhWsAsXZQRg,-30,badcase,短视频故事/流量娱乐频道，缺少宠物粮推广场景
9971,UC0FUCGfg56wH3sU1e-p_lnw,Enimoo,https://cn--xtb.noxinfluencer.com/youtube/channel/UC0FUCGfg56wH3sU1e-p_lnw,-7,badcase,偏动物科普，缺少宠物喂养和购置语境
9973,UCnzzOnheqKPcVY9ubllTz1Q,Yoongi Daddy,https://cn--xtb.noxinfluencer.com/youtube/channel/UCnzzOnheqKPcVY9ubllTz1Q,-6,badcase,宠物与育儿混杂，近期偏婴幼儿内容
9974,UCuMhUCYAIgf3mbZiTFCzDIw,Namma Tamil Vibes,https://cn--xtb.noxinfluencer.com/youtube/channel/UCuMhUCYAIgf3mbZiTFCzDIw,-10,badcase,音乐生活号，与宠物食品投放无关
9975,UCj5NkJzlxTDTs_2SpAjGb8g,Coldest Videos,https://cn--xtb.noxinfluencer.com/youtube/channel/UCj5NkJzlxTDTs_2SpAjGb8g,-20,badcase,娱乐混剪号，格式不适合宠物食品推广
9976,UCEj0wKhYKEtfsOXFQmkNXxw,Quizi Squizi,https://cn--xtb.noxinfluencer.com/youtube/channel/UCEj0wKhYKEtfsOXFQmkNXxw,-25,badcase,动画娱乐为主，和宠物粮推广语境不符
9977,UCXwohDNk1oMK1I3rZlsz85g,Time to Grub with Cherice,https://cn--xtb.noxinfluencer.com/youtube/channel/UCXwohDNk1oMK1I3rZlsz85g,-20,badcase,吃播饮食内容，不是宠物喂养或宠粮场景
9978,UCDWZwDiKB342woIgUr4VJIg,Segundo Lozado,https://cn--xtb.noxinfluencer.com/youtube/channel/UCDWZwDiKB342woIgUr4VJIg,-10,badcase,生活杂内容，虽有动物标签但无宠粮语境
9979,UCUGvq6ONuZbFH9LNQF2linA,Mythical Makers Workshop,https://cn--xtb.noxinfluencer.com/youtube/channel/UCUGvq6ONuZbFH9LNQF2linA,-10,badcase,手作奇幻为主，与宠物粮推广关联弱
9980,UChRqZNnnhbkDt4VhEe6U0Xw,CrazyBags,https://cn--xtb.noxinfluencer.com/youtube/channel/UChRqZNnnhbkDt4VhEe6U0Xw,-10,badcase,代驾配送与游戏内容，和宠粮推广无关
9981,UCRtXaxLot3cP7clMGERrIKQ,CrueltyFreeVeganBeauty,https://cn--xtb.noxinfluencer.com/youtube/channel/UCRtXaxLot3cP7clMGERrIKQ,-9,badcase,美妆生活号，只有泛产品评测，缺少宠物食品受众
9982,UCgpt5ouzhjrAOTN8JD1UYwA,King io,https://cn--xtb.noxinfluencer.com/youtube/channel/UCgpt5ouzhjrAOTN8JD1UYwA,-25,badcase,游戏ASMR娱乐向，和宠物食品推广场景明显不匹配
9983,UCzI8HtiJo6nFYMFBq5CmJXA,The Smith Family,https://cn--xtb.noxinfluencer.com/youtube/channel/UCzI8HtiJo6nFYMFBq5CmJXA,-9,badcase,人类食谱与日常生活内容为主，不适合宠物食品推广
9984,UCO5xXMyYo_reJr8shDiK40g,Cool Tool Japanese,https://cn--xtb.noxinfluencer.com/youtube/channel/UCO5xXMyYo_reJr8shDiK40g,-25,badcase,ASMR+玩具DIY娱乐号，属于明显的促销形式错配
9985,UCQC0hspliDLiEmAn06SNVOw,ORBIXLOOP,https://cn--xtb.noxinfluencer.com/youtube/channel/UCQC0hspliDLiEmAn06SNVOw,-25,badcase,纯游戏频道，主题和受众都不适合宠物食品推广
9986,UC2GCJt-ia_e36xZEwgtcp0w,Shamiul360,https://cn--xtb.noxinfluencer.com/youtube/channel/UC2GCJt-ia_e36xZEwgtcp0w,-10,badcase,内容偏科技和娱乐，近10条无宠物食品或宠物养护内容
9987,UC9GJatPWGJiGl4loFm7av7A,Lively Lewis Show,https://cn--xtb.noxinfluencer.com/youtube/channel/UC9GJatPWGJiGl4loFm7av7A,-10,badcase,亲子娱乐频道，近期内容全是活动挑战，与宠物食品无关
9988,UCSEahLRrOijFqvnDNTvGyuA,Baby story,https://cn--xtb.noxinfluencer.com/youtube/channel/UCSEahLRrOijFqvnDNTvGyuA,-10,badcase,以婴儿内容为主，虽有宠物标签但无宠物食品场景
9989,UCFq1CJ9mQkw_ijleb-9lRVQ,BrainShock Incredible Moments,https://cn--xtb.noxinfluencer.com/youtube/channel/UCFq1CJ9mQkw_ijleb-9lRVQ,-10,badcase,事实短视频和猎奇内容为主，不适合宠物食品推广
9990,UC8Nn9T_QNsLOyjYYAksvlyQ,Rose Homestead,https://cn--xtb.noxinfluencer.com/youtube/channel/UC8Nn9T_QNsLOyjYYAksvlyQ,-8,badcase,家居烹饪类，只有泛食物相关，缺少宠物食品与宠物受众
9991,UC2gyPwlC698Gx7sUeE1sXxA,MiKa Cats,https://cn--xtb.noxinfluencer.com/youtube/channel/UC2gyPwlC698Gx7sUeE1sXxA,-7,badcase,猫宠物受众弱相关，但内容为可爱娱乐，无宠物食品/营养意图
9993,UC0BR9rEzbjgU66eTyCEZJ0g,Lynn Chen,https://cn--xtb.noxinfluencer.com/youtube/channel/UC0BR9rEzbjgU66eTyCEZJ0g,-22,badcase,剧情表演号，娱乐内容为主，不适合推宠物食品
9996,UChFaHj1OQYMJASPCQ17G5kA,Cute Daily Life,https://cn--xtb.noxinfluencer.com/youtube/channel/UChFaHj1OQYMJASPCQ17G5kA,-20,badcase,猴子动物向，和宠物食品推广基本无关
9998,UCzSouH7xFrKQJvV9XNEPVXg,All About Racing Pigeons,https://cn--xtb.noxinfluencer.com/youtube/channel/UCzSouH7xFrKQJvV9XNEPVXg,-20,badcase,鸽赛垂直，宠物食品受众不匹配
9999,UCXeIJMOM1EXRjDDdr8PKKGg,Linh Hứa Vlog,https://cn--xtb.noxinfluencer.com/youtube/channel/UCXeIJMOM1EXRjDDdr8PKKGg,-9,badcase,公益送餐主题，和宠物食品投放场景不匹配
