rank,channel_id,channel_name,channel_url,score,suggested_label,why_short
10,UCIS_t7BSMRUjpe-oRjJ042A,Modern Reviews,https://cn.noxinfluencer.com/youtube/channel/UCIS_t7BSMRUjpe-oRjJ042A,2,badcase,偏生活技巧/DIY，缺少消费电子与供电场景
13,UC3f-DJSYl-UBjFKP6P2eFAQ,GOODaaa Official,https://cn.noxinfluencer.com/youtube/channel/UC3f-DJSYl-UBjFKP6P2eFAQ,0,badcase,无可用标签，缺少任何相关信号
18,UC7YzoWkkb6woYwCnbWLn3ZA,wwjoshdew,https://cn.noxinfluencer.com/youtube/channel/UC7YzoWkkb6woYwCnbWLn3ZA,2,badcase,仅有泛科技标签，相关性偏弱
20,UCUzwYBo6tmwsVKkVRtISzpw,The Ghetographer,https://cn.noxinfluencer.com/youtube/channel/UCUzwYBo6tmwsVKkVRtISzpw,0,badcase,无标签，无法判断相关性
21,UCy_LbUw93GTUz5cW6X_CHHQ,Tools and Gadgets,https://cn.noxinfluencer.com/youtube/channel/UCy_LbUw93GTUz5cW6X_CHHQ,0,badcase,游戏/泛视频标签为主，与 power bank 不符
25,UCe7pIPGhmOCHVPo9hukkH6Q,Murdic3k,https://cn.noxinfluencer.com/youtube/channel/UCe7pIPGhmOCHVPo9hukkH6Q,1,badcase,枪械/游戏等主题偏离，缺少移动电源受众
27,UCPicB6zsJutW3AVNmLA0EQg,Joseph Singer,https://cn.noxinfluencer.com/youtube/channel/UCPicB6zsJutW3AVNmLA0EQg,0,badcase,无有效标签和内容证据，无法判断为数码推广对象
31,UCcIXFu21t_OWKVwaI_5jYVg,Today's Deals,https://cn.noxinfluencer.com/youtube/channel/UCcIXFu21t_OWKVwaI_5jYVg,0,badcase,缺少标签和内容证据，无法确认充电宝推广相关
34,UCvtj18THtc0UDtxRnGv55Ig,Temu Reviews ES,https://cn.noxinfluencer.com/youtube/channel/UCvtj18THtc0UDtxRnGv55Ig,0,badcase,无标签和内容，基本无召回信号
35,UC3LnsUei94ixnSLKvYfg_6g,Ivan Meneses,https://cn.noxinfluencer.com/youtube/channel/UC3LnsUei94ixnSLKvYfg_6g,0,badcase,无标签和内容，基本无召回信号
40,UCWqVjlLDbIaojlaDpotEQEQ,HW Mobiles,https://cn.noxinfluencer.com/youtube/channel/UCWqVjlLDbIaojlaDpotEQEQ,0,badcase,无有效标签，无法判断为推广对象
41,UCx-yx2LO1JAQg17x4aBUAwg,Techno Panda,https://cn.noxinfluencer.com/youtube/channel/UCx-yx2LO1JAQg17x4aBUAwg,0,badcase,GPU新闻吐槽向，和充电宝推广场景不匹配
43,UC-UBpWUk0yrEClbUNInPJdg,Shah Chisty,https://cn.noxinfluencer.com/youtube/channel/UC-UBpWUk0yrEClbUNInPJdg,0,badcase,无有效标签，无法判断为推广对象
44,UCyrT4Y6Qpdyzi9S79gxIw1A,The Big Heavy,https://cn.noxinfluencer.com/youtube/channel/UCyrT4Y6Qpdyzi9S79gxIw1A,0,badcase,车辆/生活泛内容，充电宝推广相关性弱
46,UCVL10pAdEOvRtO8ZTD8ZuZA,NeoTechi,https://cn.noxinfluencer.com/youtube/channel/UCVL10pAdEOvRtO8ZTD8ZuZA,0,badcase,教育内容，和充电宝推广场景不匹配
50,UCgscDYr0xJHlMoA8QwKS9qw,entertainment gadget,https://cn.noxinfluencer.com/youtube/channel/UCgscDYr0xJHlMoA8QwKS9qw,0,badcase,无有效标签，无法判断为推广对象
53,UCl5J-2noQ2dFuP6NkQrW7lw,Luis Enrique Lemus Acosta,https://cn.noxinfluencer.com/youtube/channel/UCl5J-2noQ2dFuP6NkQrW7lw,0,badcase,无标签无内容，无法支撑充电宝推广
55,UCyMLQBnT2IB3SPu0TX5VgXQ,Power king,https://cn.noxinfluencer.com/youtube/channel/UCyMLQBnT2IB3SPu0TX5VgXQ,-15,badcase,娱乐影视短内容为主，和充电宝推广明显不匹配
63,UCOUWQop6sgEXA-NtKZ5XMIw,Ah Tech,https://cn.noxinfluencer.com/youtube/channel/UCOUWQop6sgEXA-NtKZ5XMIw,0,badcase,无标签无内容，无法支撑充电宝推广
64,UCI5SD4b3Cf29wbkpxOMCtOg,JJCoolStuff,https://cn.noxinfluencer.com/youtube/channel/UCI5SD4b3Cf29wbkpxOMCtOg,0,badcase,无标签无内容，无法支撑充电宝推广
69,UCUfmtLwOygFEb220eI_E_Qg,HOT DIGITAL,https://cn.noxinfluencer.com/youtube/channel/UCUfmtLwOygFEb220eI_E_Qg,0,badcase,无标签无内容，无法支撑充电宝推广
70,UCb6Pfe7BEv_VhbyRnoQYbpg,Dan Reviews Stuff,https://cn.noxinfluencer.com/youtube/channel/UCb6Pfe7BEv_VhbyRnoQYbpg,0,badcase,无标签无内容，无法支撑充电宝推广
71,UCuxohPmcHMQJgELyoj3rGZQ,BOXscape,https://cn.noxinfluencer.com/youtube/channel/UCuxohPmcHMQJgELyoj3rGZQ,0,badcase,无标签无内容，无法支撑充电宝推广
75,UCy17T_iA1-pUlAhsovai76g,AE Insider,https://cn.noxinfluencer.com/youtube/channel/UCy17T_iA1-pUlAhsovai76g,0,badcase,无标签无内容，无法支撑充电宝推广
77,UC--2-CR3wf_H9EHxJsTLR7Q,Purple Unicorns,https://cn.noxinfluencer.com/youtube/channel/UC--2-CR3wf_H9EHxJsTLR7Q,-15,badcase,宠物频道，非人用充电宝受众
79,UCfJ7JX9PtbHg5G_rt_gjs8A,Sumaho Friends,https://cn.noxinfluencer.com/youtube/channel/UCfJ7JX9PtbHg5G_rt_gjs8A,5,badcase,动画喜剧频道，产品推广不适配
81,UCNiA_4Fy-XWexfHNwtfJuqw,ToolStacked,https://cn.noxinfluencer.com/youtube/channel/UCNiA_4Fy-XWexfHNwtfJuqw,0,badcase,缺少标签与内容证据
83,UCUclONNzMKiFkUtdjIC10tQ,eROCS,https://cn.noxinfluencer.com/youtube/channel/UCUclONNzMKiFkUtdjIC10tQ,0,badcase,缺少可判断的相关证据
86,UCN46oZGvFWh_dteGrUSTA1A,Best Reviews,https://cn.noxinfluencer.com/youtube/channel/UCN46oZGvFWh_dteGrUSTA1A,0,badcase,缺少标签与内容证据
92,UCmYWsebEg_kGWowObZy4zwQ,Insight Reviews,https://cn.noxinfluencer.com/youtube/channel/UCmYWsebEg_kGWowObZy4zwQ,0,badcase,缺少标签与内容证据
95,UCKkbW1FdTbfbvwmcASzYDoQ,Objectively Curious,https://cn.noxinfluencer.com/youtube/channel/UCKkbW1FdTbfbvwmcASzYDoQ,0,badcase,缺少标签与内容证据
97,UC-zKkHgJqoZcP4uOAsd5sAg,Smart Gadget Haven,https://cn.noxinfluencer.com/youtube/channel/UC-zKkHgJqoZcP4uOAsd5sAg,0,badcase,缺少标签与内容证据
100,UC6vZaalfq4ZEyXIC5yxuPAQ,The Life of Bob,https://cn.noxinfluencer.com/youtube/channel/UC6vZaalfq4ZEyXIC5yxuPAQ,0,badcase,缺少标签与内容证据
108,UCHIje81epnZNcXTuXr7Q_Rg,Denise Blackburn,https://cn.noxinfluencer.com/youtube/channel/UCHIje81epnZNcXTuXr7Q_Rg,0,badcase,无标签且无内容证据，无法判断为相关频道
117,UCTYi_S2bu2WhQp0zCXTR3gQ,Licious,https://cn.noxinfluencer.com/youtube/channel/UCTYi_S2bu2WhQp0zCXTR3gQ,0,badcase,无标签与内容证据，相关性不足
131,UCO0--uVBE8kcIJJkvDJ83tA,NDA Hack,https://cn.noxinfluencer.com/youtube/channel/UCO0--uVBE8kcIJJkvDJ83tA,0,badcase,生活技巧泛频道，缺少数码产品语境
133,UCji1uLbgjNaRnUqqMd-YKZg,Mind Over Machine,https://cn.noxinfluencer.com/youtube/channel/UCji1uLbgjNaRnUqqMd-YKZg,0,badcase,无有效标签，无法判断为相关频道
135,UCAY682COgIchF5kkvjd-nwg,TopReviewPro,https://cn.noxinfluencer.com/youtube/channel/UCAY682COgIchF5kkvjd-nwg,0,badcase,无有效标签，缺少推广判断依据
140,UCpra2LkCtiSQ67ypU05lfbQ,Valentine Lewis,https://cn.noxinfluencer.com/youtube/channel/UCpra2LkCtiSQ67ypU05lfbQ,0,badcase,美妆时尚为主，缺少数码购买语境
142,UCEth8Mr49WNJNdtn7Dy3rqA,Darius Wallis - PrayersHelp,https://cn.noxinfluencer.com/youtube/channel/UCEth8Mr49WNJNdtn7Dy3rqA,-10,badcase,宗教内容为主，不适合推充电宝
143,UCBIREPb3tY-m0zNSgmCXHzQ,Will U Push The Button,https://cn.noxinfluencer.com/youtube/channel/UCBIREPb3tY-m0zNSgmCXHzQ,-15,badcase,娱乐问答/梗内容，和充电宝推广不匹配
151,UCdK5AQDeiTlRJzgg_D5YBrg,Evilcrossover,https://cn.noxinfluencer.com/youtube/channel/UCdK5AQDeiTlRJzgg_D5YBrg,0,badcase,纯游戏内容，缺少充电宝推广语境
159,UCRw9MTUBEh1R3oEf5IPiVAw,Mr. & Mrs. Tesla,https://cn.noxinfluencer.com/youtube/channel/UCRw9MTUBEh1R3oEf5IPiVAw,0,badcase,汽车题材为主，缺少充电宝购买语境
162,UCmrLjMe92fXiF6fKKIn67Mw,MaccaGames,https://cn.noxinfluencer.com/youtube/channel/UCmrLjMe92fXiF6fKKIn67Mw,0,badcase,纯游戏频道，和充电宝推广弱
167,UC5NOsV_-C4Ikr8JxG2CDGgA,CamXPetra,https://cn.noxinfluencer.com/youtube/channel/UC5NOsV_-C4Ikr8JxG2CDGgA,0,badcase,纯游戏设定向，缺少数码选品语境
170,UCMmaSthZOBhCJDO9FnIbX0g,TEST COMPARISONS,https://cn.noxinfluencer.com/youtube/channel/UCMmaSthZOBhCJDO9FnIbX0g,0,badcase,标签太泛，缺少充电宝相关信号
179,UCnhTCZp_jbcjzriXiTi1uog,ZedIOptima,https://cn.noxinfluencer.com/youtube/channel/UCnhTCZp_jbcjzriXiTi1uog,0,badcase,以木工DIY为主，和充电宝推广不匹配
181,UCmwQwyg4oDJYQgYSnsJAA1A,The Breakdown With Luke,https://cn.noxinfluencer.com/youtube/channel/UCmwQwyg4oDJYQgYSnsJAA1A,1,badcase,题材过泛，缺少充电宝导购场景
183,UCxi3iYavQbXeZV_Oa9nj-nw,Supercar Street Racing,https://cn.noxinfluencer.com/youtube/channel/UCxi3iYavQbXeZV_Oa9nj-nw,0,badcase,赛车内容为主，和充电宝受众不匹配
188,UCDD7GP95AeY4M5PrnLl2_kQ,Modern DIY Projects,https://cn.noxinfluencer.com/youtube/channel/UCDD7GP95AeY4M5PrnLl2_kQ,0,badcase,优惠券工具号，缺少充电宝相关性
192,UCERaE187ThYiZtjokJ0QVUQ,DLX Willington,https://cn.noxinfluencer.com/youtube/channel/UCERaE187ThYiZtjokJ0QVUQ,-10,badcase,音频对比型频道，不适合充电宝推广
193,UCK8L2t-brDEipg93Wba8WUw,Fixperiment king Lab,https://cn.noxinfluencer.com/youtube/channel/UCK8L2t-brDEipg93Wba8WUw,0,badcase,实验DIY频道，和数码电源产品不对口
197,UCLDw7ummSJnILbMZn2Azf2g,ON THE RADAR,https://cn.noxinfluencer.com/youtube/channel/UCLDw7ummSJnILbMZn2Azf2g,0,badcase,保健补剂频道，和充电宝完全无关
199,UCL9SfaiEORmmm8l6qxuDkJA,Virtual Travel Videos | In Case You're Wondering,https://cn.noxinfluencer.com/youtube/channel/UCL9SfaiEORmmm8l6qxuDkJA,0,badcase,纯旅行内容，缺少数码配件推广语境
201,UCneCMMIbVZ-Z4-naVnQx_ZQ,First&Best,https://cn.noxinfluencer.com/youtube/channel/UCneCMMIbVZ-Z4-naVnQx_ZQ,0,badcase,仅有portable泛词，缺少电源品类或购买意图
203,UCN50FugHe-GwnG-0mfXJa4Q,Dan the Fix it Man,https://cn.noxinfluencer.com/youtube/channel/UCN50FugHe-GwnG-0mfXJa4Q,0,badcase,车修DIY频道，与充电宝无明显受众重合
204,UCNo1wJYtvLOAOqhn1Woce9w,Technical Shahzada,https://cn.noxinfluencer.com/youtube/channel/UCNo1wJYtvLOAOqhn1Woce9w,0,badcase,教程短视频泛类，缺少数码充电语境
207,UCTycbFdC0LgkWgjG-oS0DYw,Mastering Mayhem,https://cn.noxinfluencer.com/youtube/channel/UCTycbFdC0LgkWgjG-oS0DYw,0,badcase,工具短内容为主，和充电宝购买语境不强
208,UCVdV0CHCqiaZFfuvMfHrluw,Generator Source,https://cn.noxinfluencer.com/youtube/channel/UCVdV0CHCqiaZFfuvMfHrluw,0,badcase,发电机/柴油电源语境偏工业，不是充电宝
216,UC2DkcNoBJ1NeWfLbfTc3vAA,Bixpy,https://cn.noxinfluencer.com/youtube/channel/UC2DkcNoBJ1NeWfLbfTc3vAA,0,badcase,水上/户外设备为主，和充电宝品类不贴
220,UCzHkFC0tjzKKWtRRJv3j9LA,AB Rasool Saif,https://cn.noxinfluencer.com/youtube/channel/UCzHkFC0tjzKKWtRRJv3j9LA,0,badcase,泛增长内容，与充电宝推广无关
225,UC4xU1pYKI2mXcGP8qdxLL6g,ABEiiiKU,https://cn.noxinfluencer.com/youtube/channel/UC4xU1pYKI2mXcGP8qdxLL6g,-12,badcase,ASMR开箱为主，属于强格式不匹配
226,UCQTNRbZISijxJVu64PiUKQg,Hidden Camera and Media Listening Devices,https://cn.noxinfluencer.com/youtube/channel/UCQTNRbZISijxJVu64PiUKQg,-10,badcase,隐藏摄像头/偷拍设备为主，与充电宝推广不匹配
227,UCl3k4zQe2L5SdSEymc0BUJw,ToolBox BD,https://cn.noxinfluencer.com/youtube/channel/UCl3k4zQe2L5SdSEymc0BUJw,-15,badcase,偷拍相机频道，和充电宝推广场景明显不符
232,UCGFik1WpXBhbJbYmTk3JiUw,ASM Knowledge,https://cn.noxinfluencer.com/youtube/channel/UCGFik1WpXBhbJbYmTk3JiUw,0,badcase,知识/宗教向频道，缺少充电宝相关投放信号
237,UCQXZQ1a9sdOxWqyXACkYZvA,Think and Made,https://cn.noxinfluencer.com/youtube/channel/UCQXZQ1a9sdOxWqyXACkYZvA,0,badcase,DIY细分过窄，缺少充电宝推广所需的产品信号
239,UChmfL03bbo8fFqMSsU7ymww,Product Review Zone,https://cn.noxinfluencer.com/youtube/channel/UChmfL03bbo8fFqMSsU7ymww,0,badcase,无有效标签证据，无法判断为充电宝相关创作者
246,UCCp2lrZCeRrlT0YyeDj_nsQ,LALA PITCH TOP,https://cn.noxinfluencer.com/youtube/channel/UCCp2lrZCeRrlT0YyeDj_nsQ,0,badcase,美食频道，与充电宝推广目的无关
247,UCs50EmjtJyNLDcgTGSVNvcQ,Banks Power,https://cn.noxinfluencer.com/youtube/channel/UCs50EmjtJyNLDcgTGSVNvcQ,0,badcase,汽车改装/卡车内容为主，不适合充电宝投放
255,UC9FjS0nbUsqyX3tiQvZ13TQ,Lighter Expo,https://cn.noxinfluencer.com/youtube/channel/UC9FjS0nbUsqyX3tiQvZ13TQ,0,badcase,家居园艺为主，和充电宝推广不匹配
258,UC1738jmUipDcV0jVHURBQUQ,Buyer's Edge,https://cn.noxinfluencer.com/youtube/channel/UC1738jmUipDcV0jVHURBQUQ,0,badcase,泛兴趣内容多，缺少数码采购意图
260,UC-tpPsUhbjqjRhONvVRm-Rw,Brandon Veza,https://cn.noxinfluencer.com/youtube/channel/UC-tpPsUhbjqjRhONvVRm-Rw,0,badcase,游戏生活向，和充电宝推广关联弱
264,UCK85-l-o3BKS2fry_cY3-DA,PulseTV Deal,https://cn.noxinfluencer.com/youtube/channel/UCK85-l-o3BKS2fry_cY3-DA,0,badcase,综合生活好物频道，数码信号太弱
268,UC8H3CWsDv_HRZx4OlEzqHYg,LifeKaki,https://cn.noxinfluencer.com/youtube/channel/UC8H3CWsDv_HRZx4OlEzqHYg,0,badcase,家庭手作内容，和充电宝几乎无关
272,UCKp792CvQHsvaC2B-ZEIilg,JonnyShops,https://cn.noxinfluencer.com/youtube/channel/UCKp792CvQHsvaC2B-ZEIilg,0,badcase,游戏内容，和充电宝推广不匹配
275,UCWMYgBdapM6vGcwNXMMNd8A,ROAM it RALPH,https://cn.noxinfluencer.com/youtube/channel/UCWMYgBdapM6vGcwNXMMNd8A,0,badcase,旅行vlog为主，缺少数码带货信号
276,UCC0KP4WCVQPe8n54fL5pHxg,Lucky Tunes,https://cn.noxinfluencer.com/youtube/channel/UCC0KP4WCVQPe8n54fL5pHxg,-15,badcase,冥想/舒缓音乐频道，与充电宝推广明显不符
281,UCm2TEW6GMo-uUEnAuk-kyCw,jose Tecnofanatico,https://cn.noxinfluencer.com/youtube/channel/UCm2TEW6GMo-uUEnAuk-kyCw,1,badcase,科技新闻号，泛数码信号太弱
282,UC6RzE1tzVVGp6sAldJc4_Iw,TYPE S,https://cn.noxinfluencer.com/youtube/channel/UC6RzE1tzVVGp6sAldJc4_Iw,0,badcase,汽车号与充电宝数码促销关联弱
290,UCZ7yQxyvYII0tgv-NsgQuDA,EliteIndustries Pro 1,https://cn.noxinfluencer.com/youtube/channel/UCZ7yQxyvYII0tgv-NsgQuDA,0,badcase,无有效标签，无法判断相关性
292,UCp4cExP7Z2HrCNdR-E40_lw,With the Bickhams,https://cn.noxinfluencer.com/youtube/channel/UCp4cExP7Z2HrCNdR-E40_lw,0,badcase,生活家常频道，与充电宝推广无关
294,UCEwe1eAAwAEJOo2xJIfj6yQ,Steve Goff,https://cn.noxinfluencer.com/youtube/channel/UCEwe1eAAwAEJOo2xJIfj6yQ,1,badcase,科技泛内容过弱，转化相关性不足
303,UC7TTiMYtZa7omOhJDuVk49w,ResslerMania,https://cn.noxinfluencer.com/youtube/channel/UC7TTiMYtZa7omOhJDuVk49w,0,badcase,内容偏旅行杂项，和充电宝推广不匹配
306,UCtPaQMS3O-R0MnwQZg5dCgQ,Joseph Wactor,https://cn.noxinfluencer.com/youtube/channel/UCtPaQMS3O-R0MnwQZg5dCgQ,0,badcase,赛车内容为主，和充电宝无关
308,UCSu6DtnjmQK7trLy4d36JVA,Lynley's World,https://cn.noxinfluencer.com/youtube/channel/UCSu6DtnjmQK7trLy4d36JVA,0,badcase,以生活/餐饮为主，缺少数码带货场景
312,UCUikJomm65LVFlCahP_AxlQ,Protik Creativity,https://cn.noxinfluencer.com/youtube/channel/UCUikJomm65LVFlCahP_AxlQ,0,badcase,偏焊接手工，和充电宝目标受众不重合
313,UChPWxzc3pE0EZPG-upoR9dA,Homestead With Joe,https://cn.noxinfluencer.com/youtube/channel/UChPWxzc3pE0EZPG-upoR9dA,0,badcase,偏家装建造内容，充电宝关联很弱
316,UCym3YFN2A6JfOBXbtNkA-Sw,ThePandaPhotographer,https://cn.noxinfluencer.com/youtube/channel/UCym3YFN2A6JfOBXbtNkA-Sw,0,badcase,摄影日常内容为主，和充电宝无关
323,UCsbdpvNG6nNbYzb7GntEaTg,Tiny Home Tech,https://cn.noxinfluencer.com/youtube/channel/UCsbdpvNG6nNbYzb7GntEaTg,0,badcase,体育资讯频道，和充电宝推广无关
329,UC2xbdFEuEir3WM1Xmix7q4A,DK Earner,https://cn.noxinfluencer.com/youtube/channel/UC2xbdFEuEir3WM1Xmix7q4A,-15,badcase,矿机/加密挖矿主题，和移动电源推广基本无关
331,UCJG_DMCLwo6E4gB6T_6zwTw,gossipfunda,https://cn.noxinfluencer.com/youtube/channel/UCJG_DMCLwo6E4gB6T_6zwTw,1,badcase,以游戏娱乐为主，仅有泛科技弱相关
336,UCUG0qXotwduw4oY3Tl_37ZQ,BLOXBRAIN,https://cn.noxinfluencer.com/youtube/channel/UCUG0qXotwduw4oY3Tl_37ZQ,-15,badcase,军事/时政类内容，不适合卖数码产品
339,UC5gPkZUPrmZsx-fzq_vlkGQ,Mr Bald,https://cn.noxinfluencer.com/youtube/channel/UC5gPkZUPrmZsx-fzq_vlkGQ,1,badcase,偏生活杂内容，只有很弱的 hobby 场景相关
340,UCKBHqCA8Qx9Y2LvwEkRPHGg,Tino Reviews,https://cn.noxinfluencer.com/youtube/channel/UCKBHqCA8Qx9Y2LvwEkRPHGg,-7,badcase,含 ASMR/娱乐导向，和移动电源投放不匹配
353,UCb4r4rAL4iSDF7qFWW8oitQ,Life Hacker,https://cn.noxinfluencer.com/youtube/channel/UCb4r4rAL4iSDF7qFWW8oitQ,-15,badcase,娱乐喜剧电影为主，和充电宝推广明显不符
354,UCJAILRPsYX2CBR1xFde8d3A,StewyReviews,https://cn.noxinfluencer.com/youtube/channel/UCJAILRPsYX2CBR1xFde8d3A,0,badcase,无标签和内容证据，无法判断为相关频道
358,UCwPmA0uFrFqseKvaHdA0nNQ,CurrentProductReviews,https://cn.noxinfluencer.com/youtube/channel/UCwPmA0uFrFqseKvaHdA0nNQ,0,badcase,缺少标签和内容证据，相关性不足
363,UC091qIRbrDgeTFKCXw-6vrQ,LuvThemKnives,https://cn.noxinfluencer.com/youtube/channel/UC091qIRbrDgeTFKCXw-6vrQ,0,badcase,刀具垂类，和充电宝受众不匹配
365,UCF9GYL6WmYWvs58vdEMkSKg,2Cents,https://cn.noxinfluencer.com/youtube/channel/UCF9GYL6WmYWvs58vdEMkSKg,0,badcase,无标签和内容证据，相关性不足
370,UCUG__0w_9z0g_o3s1e6X8kQ,Headmaster,https://cn.noxinfluencer.com/youtube/channel/UCUG__0w_9z0g_o3s1e6X8kQ,0,badcase,无标签证据，相关性不足
372,UChlJulCRzF3CuGNDAh3RjDA,Gooz Crew Reviews,https://cn.noxinfluencer.com/youtube/channel/UChlJulCRzF3CuGNDAh3RjDA,0,badcase,无标签和内容证据，相关性不足
373,UCCA7kVbxK3ADThZKKp6t2bg,qcharger,https://cn.noxinfluencer.com/youtube/channel/UCCA7kVbxK3ADThZKKp6t2bg,0,badcase,无标签和内容证据，相关性不足
374,UCNPsgBTeN-VCJs6bEC74TvA,JimmyGMedia,https://cn.noxinfluencer.com/youtube/channel/UCNPsgBTeN-VCJs6bEC74TvA,0,badcase,健身训练向，和充电宝推广关联很弱
375,UCAiJcCttWGyh6kHTS6_Mt3Q,Anker Innovate & Educate,https://cn.noxinfluencer.com/youtube/channel/UCAiJcCttWGyh6kHTS6_Mt3Q,0,badcase,无标签和内容证据，相关性不足
379,UCAn8yDHsNMmWICes8cqt6iQ,TrendingTechPK,https://cn.noxinfluencer.com/youtube/channel/UCAn8yDHsNMmWICes8cqt6iQ,0,badcase,仅有地名标签，和移动电源推广无关
381,UCHleGHTHOfWkZyQLV9N0H8w,Kinscoter,https://cn.noxinfluencer.com/youtube/channel/UCHleGHTHOfWkZyQLV9N0H8w,0,badcase,无有效标签，无法判断为相关频道
388,UCNztWsDXNWj02NDIeK3VTvA,The Savvy Professor,https://cn.noxinfluencer.com/youtube/channel/UCNztWsDXNWj02NDIeK3VTvA,0,badcase,内容偏健身器材，和移动电源相关性弱
393,UCe1cQHQte3Nmc7lyhukf99Q,Technical Omor,https://cn.noxinfluencer.com/youtube/channel/UCe1cQHQte3Nmc7lyhukf99Q,0,badcase,仅有评测壳标签，移动电源相关性不足
394,UCEyNDirW7KD7Wd_P_szuC7w,Today's Tech,https://cn.noxinfluencer.com/youtube/channel/UCEyNDirW7KD7Wd_P_szuC7w,0,badcase,无标签无内容，无法支撑推广判断
400,UCFxgky-tKdXlLM1g8jm91fA,macdaddypimpping,https://cn.noxinfluencer.com/youtube/channel/UCFxgky-tKdXlLM1g8jm91fA,-12,badcase,ASMR格式不适合移动电源这种实物推广
401,UCjFJsjxL1y_Z5v6YyD1NJgw,Robert Le,https://cn.noxinfluencer.com/youtube/channel/UCjFJsjxL1y_Z5v6YyD1NJgw,0,badcase,财经外汇为主，与充电宝推广无关
405,UCMa3izX7IBxxvV26DTGm0_A,Adam's Faves,https://cn.noxinfluencer.com/youtube/channel/UCMa3izX7IBxxvV26DTGm0_A,0,badcase,无标签且无相关内容，难以判断相关性
406,UCkMKn7h5yr3F0XtwAccpAeg,Dave and Sonya in Michigan,https://cn.noxinfluencer.com/youtube/channel/UCkMKn7h5yr3F0XtwAccpAeg,0,badcase,无标签且无相关内容，难以判断相关性
408,UCwsONY-dYX4onoE9HOYdFow,Connect Homes,https://cn.noxinfluencer.com/youtube/channel/UCwsONY-dYX4onoE9HOYdFow,0,badcase,无标签且无相关内容，难以判断相关性
411,UCMSYF20D1EBXdy3TNcI8W4g,BeatTheBush DIY,https://cn.noxinfluencer.com/youtube/channel/UCMSYF20D1EBXdy3TNcI8W4g,0,badcase,标签过泛，缺少数码或导购意图
414,UC7gqk0Z-n4D964rdfUVnD1w,MC FIX IT,https://cn.noxinfluencer.com/youtube/channel/UC7gqk0Z-n4D964rdfUVnD1w,0,badcase,飞盘高尔夫内容，与充电宝无关
417,UCkjJbWhovSnI5Om7KXwwRTg,Yaneisy Ramos OOTD,https://cn.noxinfluencer.com/youtube/channel/UCkjJbWhovSnI5Om7KXwwRTg,0,badcase,无标签且无相关内容，难以判断相关性
418,UCRzOYWMPJljlpmlOcXLE_BQ,Cristian Castaneda,https://cn.noxinfluencer.com/youtube/channel/UCRzOYWMPJljlpmlOcXLE_BQ,0,badcase,商业财经侧频道，与充电宝推广不匹配
420,UCj6gP1QJ6HwTkRE21szz5xw,Ethio_2JAR,https://cn.noxinfluencer.com/youtube/channel/UCj6gP1QJ6HwTkRE21szz5xw,0,badcase,无标签且无相关内容，难以判断相关性
422,UCu-mMNTjGy0ydYYO50cLI-g,𝙅𝙤𝙚 𝘾𝙖𝙨𝙩𝙚𝙡𝙡𝙤𝙣 - Inspire by Setup,https://cn.noxinfluencer.com/youtube/channel/UCu-mMNTjGy0ydYYO50cLI-g,0,badcase,无标签且无相关内容，难以判断相关性
423,UCAn7KfxuoxUur8dP-lFCjdA,meade916,https://cn.noxinfluencer.com/youtube/channel/UCAn7KfxuoxUur8dP-lFCjdA,0,badcase,汽车音响频道，与充电宝推广无关
424,UCCcct8r8g-VKHq2_fw-TOXQ,Tech Trials Blog,https://cn.noxinfluencer.com/youtube/channel/UCCcct8r8g-VKHq2_fw-TOXQ,1,badcase,仅泛科技标签，缺少购买或评测意图
426,UC1MojJcfZlwDEVMpTDn4cgQ,xonotrix,https://cn.noxinfluencer.com/youtube/channel/UC1MojJcfZlwDEVMpTDn4cgQ,0,badcase,仅有 hobby，缺少充电宝相关信号
429,UC864h9TKAiBECd4DNxTlXYQ,Cleo🎀,https://cn.noxinfluencer.com/youtube/channel/UC864h9TKAiBECd4DNxTlXYQ,0,badcase,无标签无内容，无法判断相关性
430,UCPZSXctOoT9X87MgIp2iB3w,The Gadget Rabbit Hole,https://cn.noxinfluencer.com/youtube/channel/UCPZSXctOoT9X87MgIp2iB3w,0,badcase,无标签无内容，缺少可用证据
432,UCoiKyHSSXeKAHfeXP-0hpaA,Today's Tech Bytes,https://cn.noxinfluencer.com/youtube/channel/UCoiKyHSSXeKAHfeXP-0hpaA,0,badcase,仅有技术名义，缺少标签和内容
433,UCylWVheAHNNWLJxSRn2nx0g,BodegaCooler,https://cn.noxinfluencer.com/youtube/channel/UCylWVheAHNNWLJxSRn2nx0g,0,badcase,无标签且主题不明
435,UCHP_P0El3a9_BpqIa2TSwaA,Family Finds for Less,https://cn.noxinfluencer.com/youtube/channel/UCHP_P0El3a9_BpqIa2TSwaA,0,badcase,无标签无内容，证据不足
440,UC-rfOx4cRFtdeMI94caWd8Q,K R A L Y N 3D,https://cn.noxinfluencer.com/youtube/channel/UC-rfOx4cRFtdeMI94caWd8Q,1,badcase,仅泛科技生活标签，导购支撑弱
442,UCDNvUSLFuTO9ziNc8WN642Q,Kristi.Kreative,https://cn.noxinfluencer.com/youtube/channel/UCDNvUSLFuTO9ziNc8WN642Q,0,badcase,无标签无内容，证据不足
443,UCWU9XtWKu45o2AVd2HWsiyA,Antank,https://cn.noxinfluencer.com/youtube/channel/UCWU9XtWKu45o2AVd2HWsiyA,0,badcase,无标签无内容，证据不足
445,UCPG0i0qXulZbt3-cwPGTkYw,DIY KAI,https://cn.noxinfluencer.com/youtube/channel/UCPG0i0qXulZbt3-cwPGTkYw,2,badcase,偏车械维修，不是充电宝受众
446,UCrjkcPwDFGohDC52UMcbVpQ,the Average Joe Tech Channel,https://cn.noxinfluencer.com/youtube/channel/UCrjkcPwDFGohDC52UMcbVpQ,0,badcase,无标签无内容，证据不足
448,UCrz9q0IAdBueTU_YzyZZpjw,Product Demo Lab,https://cn.noxinfluencer.com/youtube/channel/UCrz9q0IAdBueTU_YzyZZpjw,0,badcase,无标签无内容，证据不足
449,UCbtEcy_8F_ad7LPSXXAuBEw,Infinite Wealth Consultants,https://cn.noxinfluencer.com/youtube/channel/UCbtEcy_8F_ad7LPSXXAuBEw,0,badcase,理财播客，与充电宝受众不匹配
452,UCvVXgMQ1ONgUIEWe6k1uUEw,Seb & Mich • GominPlanet,https://cn.noxinfluencer.com/youtube/channel/UCvVXgMQ1ONgUIEWe6k1uUEw,0,badcase,无标签无内容，缺少任何相关证据
453,UCUhzn2mmdm0znDdtDQ_E97Q,Luke Medeiros,https://cn.noxinfluencer.com/youtube/channel/UCUhzn2mmdm0znDdtDQ_E97Q,0,badcase,无标签无内容，相关信号缺失
455,UC0VZHQfRcBcQBCdGeeaLR1A,Nika Steward,https://cn.noxinfluencer.com/youtube/channel/UC0VZHQfRcBcQBCdGeeaLR1A,0,badcase,无标签无内容，相关信号缺失
458,UCDTIJpUjeNP59tmNWkHS22w,UZE,https://cn.noxinfluencer.com/youtube/channel/UCDTIJpUjeNP59tmNWkHS22w,0,badcase,无标签无内容，相关信号缺失
466,UC2DMdS4GCV8RkOd2o4NAtdg,Now That Is Dope,https://cn.noxinfluencer.com/youtube/channel/UC2DMdS4GCV8RkOd2o4NAtdg,0,badcase,风格泛娱乐化，缺少产品推广场景
468,UC8EUmVJOoY_mwnkFEDA0FPw,Awesome Marketplace,https://cn.noxinfluencer.com/youtube/channel/UC8EUmVJOoY_mwnkFEDA0FPw,0,badcase,时尚/家居向，和充电宝偏离较大
470,UC5OoCRLetq3Y0yLFY1H3XQA,Muhammad Azim Official,https://cn.noxinfluencer.com/youtube/channel/UC5OoCRLetq3Y0yLFY1H3XQA,0,badcase,电商/商业泛内容，缺少数码带货信号
471,UCP-lGkEiJXfVhPFdRq4aAIQ,Hector Corrales,https://cn.noxinfluencer.com/youtube/channel/UCP-lGkEiJXfVhPFdRq4aAIQ,0,badcase,无标签无内容，无法判断相关
477,UCBjnOrirwgJWbvrH8bK6hBQ,HOUSEGOODS,https://cn.noxinfluencer.com/youtube/channel/UCBjnOrirwgJWbvrH8bK6hBQ,0,badcase,无标签无内容，缺少相关证据
478,UCj0J-LzY_qwZwEdsS6gdtIw,Top Crowdfunding Campaigns,https://cn.noxinfluencer.com/youtube/channel/UCj0J-LzY_qwZwEdsS6gdtIw,0,badcase,众筹题材过泛，未见充电宝推广信号
479,UCUMT8xZnobThs7rht6KFpkg,Nguyen DIY,https://cn.noxinfluencer.com/youtube/channel/UCUMT8xZnobThs7rht6KFpkg,0,badcase,DIY泛题，缺少充电宝相关性
480,UCCVq3MJkBOG1kq_CiOXWqwg,Popular content,https://cn.noxinfluencer.com/youtube/channel/UCCVq3MJkBOG1kq_CiOXWqwg,-10,badcase,ASMR偏音频放松格式，和充电宝推广冲突
483,UC2WAHOqLe7ugvePxRxNy6pA,Top Trends,https://cn.noxinfluencer.com/youtube/channel/UC2WAHOqLe7ugvePxRxNy6pA,0,badcase,泛趋势号，缺少购买/评测语境
485,UCxhmNUbdpNJuZfWM7kfstAw,MasoudReparo,https://cn.noxinfluencer.com/youtube/channel/UCxhmNUbdpNJuZfWM7kfstAw,0,badcase,维修向未见充电宝证据
488,UCSOiK5VZC5wHy1m-y5tUpZQ,baseus bangladesh,https://cn.noxinfluencer.com/youtube/channel/UCSOiK5VZC5wHy1m-y5tUpZQ,0,badcase,无标签与视频证据，无法证明与充电宝推广相关
490,UCwgA9c7WPJwgorRNBbtKeTA,Side Dish,https://cn.noxinfluencer.com/youtube/channel/UCwgA9c7WPJwgorRNBbtKeTA,-5,badcase,娱乐脱口秀频道，不适合充电宝推广
491,UC05lQ7hgshPtJ0CV1cH10Ow,Najim Uddin,https://cn.noxinfluencer.com/youtube/channel/UC05lQ7hgshPtJ0CV1cH10Ow,0,badcase,无明确品类信号，相关性不足
494,UC4JB8laYfzgTX6FfT68v7NA,multitasky,https://cn.noxinfluencer.com/youtube/channel/UC4JB8laYfzgTX6FfT68v7NA,0,badcase,泛生活号，缺少充电宝相关证据
498,UCngdg9uiskNfMqeyFiJY4tA,FarmToMarketGirl,https://cn.noxinfluencer.com/youtube/channel/UCngdg9uiskNfMqeyFiJY4tA,0,badcase,农贸生活题材，和充电宝不相关
4752,UCKQIWHdTl1Z-I4RaQiIeTvg,MitGreen TV,https://cn.noxinfluencer.com/youtube/channel/UCKQIWHdTl1Z-I4RaQiIeTvg,0,badcase,美容健康生活向，缺少数码充电场景
4753,UCKRMiZRLRTj_yYRN-OPO3Jg,TheNextBigThing,https://cn.noxinfluencer.com/youtube/channel/UCKRMiZRLRTj_yYRN-OPO3Jg,0,badcase,无标签无内容，无法判断与充电宝相关
4756,UCKSaxVpxOO1a-IwcZdI--Cw,The Beauty Edit,https://cn.noxinfluencer.com/youtube/channel/UCKSaxVpxOO1a-IwcZdI--Cw,0,badcase,美妆频道，和充电宝推广场景不匹配
4758,UCKTSC19RY1S8V4pnqik5qkg,Wynn Odom Ford,https://cn.noxinfluencer.com/youtube/channel/UCKTSC19RY1S8V4pnqik5qkg,0,badcase,汽车经销内容，和充电宝推广关联弱
4760,UCKUBsqOCHEUTLCvlmEOJAUQ,Antonio T Smith Jr,https://cn.noxinfluencer.com/youtube/channel/UCKUBsqOCHEUTLCvlmEOJAUQ,0,badcase,宗教社会向，和数码产品推广不相关
4761,UCKUZLUXjapIaLjlv1tVzgkQ,Technical Bmsn,https://cn.noxinfluencer.com/youtube/channel/UCKUZLUXjapIaLjlv1tVzgkQ,0,badcase,主要是油管变现教学，不是数码产品受众
4764,UCKYLvRI8YK-AbXg1X9tc4Hw,Cozy Kaye,https://cn.noxinfluencer.com/youtube/channel/UCKYLvRI8YK-AbXg1X9tc4Hw,0,badcase,生活方式向，缺少数码购买语境
4769,UCK_eHsPmYD02ugL1gaXi1AQ,Sulfuricore Thunderplasm,https://cn.noxinfluencer.com/youtube/channel/UCK_eHsPmYD02ugL1gaXi1AQ,0,badcase,游戏娱乐向，缺少产品推广语境
4770,UCKa3M_0caNvybaVICFIvpuw,90s songss,https://cn.noxinfluencer.com/youtube/channel/UCKa3M_0caNvybaVICFIvpuw,-15,badcase,娱乐/音乐频道，和充电宝推广不匹配
4771,UCKajAUfHPeqMdF2mGadwfQw,Robot Box,https://cn.noxinfluencer.com/youtube/channel/UCKajAUfHPeqMdF2mGadwfQw,0,badcase,名称泛化，缺少明确数码或导购证据
4772,UCKb2-z9oBHE2e15MG8CHStQ,Vonheckenshutze,https://cn.noxinfluencer.com/youtube/channel/UCKb2-z9oBHE2e15MG8CHStQ,0,badcase,无可用内容信号，无法判断
4779,UCKd-XL5DvgiW8iK2NrHhb3Q,BuyWithAI,https://cn.noxinfluencer.com/youtube/channel/UCKd-XL5DvgiW8iK2NrHhb3Q,0,badcase,无标签无内容，缺少相关证据
4780,UCKd2o2yzMmwPwXvXsmqBarA,NJ Tech Gadgets,https://cn.noxinfluencer.com/youtube/channel/UCKd2o2yzMmwPwXvXsmqBarA,0,badcase,无标签，无法判断为数码受众
4782,UCKedMeVSrMvaByI5fUjUC1Q,EthioSuQ Ecommerce Company,https://cn.noxinfluencer.com/youtube/channel/UCKedMeVSrMvaByI5fUjUC1Q,0,badcase,无标签，缺少推广相关信号
4783,UCKf6Yx_IDA1jhsVt80jBQNA,ProductPop,https://cn.noxinfluencer.com/youtube/channel/UCKf6Yx_IDA1jhsVt80jBQNA,0,badcase,无标签，缺少推广相关信号
4785,UCKgJQSNWAdYEOOse22Bv59A,Dr. Dan Kreiness,https://cn.noxinfluencer.com/youtube/channel/UCKgJQSNWAdYEOOse22Bv59A,0,badcase,无标签，缺少相关证据
4786,UCKg_9KrXzvEkTmbwas-WgVQ,DragoGemz,https://cn.noxinfluencer.com/youtube/channel/UCKg_9KrXzvEkTmbwas-WgVQ,0,badcase,无标签，缺少相关证据
4787,UCKh1Z9y2r7LqKVNa0rWi-6g,MICHAEL XP,https://cn.noxinfluencer.com/youtube/channel/UCKh1Z9y2r7LqKVNa0rWi-6g,0,badcase,无标签，缺少相关证据
4797,UCKmFIHSGhfZQZb_nYgdtDjA,ThinkBot Studio,https://cn.noxinfluencer.com/youtube/channel/UCKmFIHSGhfZQZb_nYgdtDjA,0,badcase,无标签，缺少相关证据
4798,UCKn6AmyiS541HzJgA3Ss35w,TechBitFreak,https://cn.noxinfluencer.com/youtube/channel/UCKn6AmyiS541HzJgA3Ss35w,0,badcase,无标签，缺少相关证据
4799,UCKnLFRzGLIE6E9VlfUaUhRQ,Media Creation Club,https://cn.noxinfluencer.com/youtube/channel/UCKnLFRzGLIE6E9VlfUaUhRQ,-15,badcase,新闻政治频道，和产品推广明显不符
4801,UCKnqPHkYqML2ENyCSOdbXRQ,Johanna Inspires aka Johanna Salon,https://cn.noxinfluencer.com/youtube/channel/UCKnqPHkYqML2ENyCSOdbXRQ,0,badcase,无充电宝相关标签或内容，缺少可推广场景
4802,UCKnyVIW5QvfnsXddsjFKx4A,SaharaTV,https://cn.noxinfluencer.com/youtube/channel/UCKnyVIW5QvfnsXddsjFKx4A,0,badcase,政治新闻频道与充电宝推广关联很弱
4803,UCKo54_sUjnjbIpSE4gjLuIA,Pro Digit,https://cn.noxinfluencer.com/youtube/channel/UCKo54_sUjnjbIpSE4gjLuIA,0,badcase,缺少标签与标题证据，无法判断为相关频道
4804,UCKoE96V8qTRmoDI7v2MnkAA,Arafat Hossain,https://cn.noxinfluencer.com/youtube/channel/UCKoE96V8qTRmoDI7v2MnkAA,0,badcase,无可用相关标签，和充电宝主题无明显关系
4805,UCKoNN_935s-dyMgYoMLy-aw,Jayesh Patil,https://cn.noxinfluencer.com/youtube/channel/UCKoNN_935s-dyMgYoMLy-aw,0,badcase,无标签与标题信号，相关性不足
4806,UCKoiJ3TeYBaPDXTwnf5sO-A,Hao2IT_US,https://cn.noxinfluencer.com/youtube/channel/UCKoiJ3TeYBaPDXTwnf5sO-A,0,badcase,无相关标签或视频证据，难以承接推广
4809,UCKrFz6k7vCQhRgjjuWRUsWw,sam_iphone,https://cn.noxinfluencer.com/youtube/channel/UCKrFz6k7vCQhRgjjuWRUsWw,0,badcase,没有充电宝或电子产品相关标签
4810,UCKsCLPPmNOTk0cKgtLou7Gw,RaccoonTech,https://cn.noxinfluencer.com/youtube/channel/UCKsCLPPmNOTk0cKgtLou7Gw,0,badcase,缺少电子产品与购买场景信号
4811,UCKsLZiHP9C2BhJasg0SXiXw,Unidis Union,https://cn.noxinfluencer.com/youtube/channel/UCKsLZiHP9C2BhJasg0SXiXw,0,badcase,无标签和标题支持，相关性为空
4812,UCKt2BX8dsBul6L_2Htr25RQ,Cerita Serial,https://cn.noxinfluencer.com/youtube/channel/UCKt2BX8dsBul6L_2Htr25RQ,0,badcase,偏教育学科内容，与充电宝推广不匹配
4813,UCKtFwcQCsl1ttW2CgOqFMUQ,Mercatus Center,https://cn.noxinfluencer.com/youtube/channel/UCKtFwcQCsl1ttW2CgOqFMUQ,0,badcase,财经播客为主，缺少电子产品推广场景
4815,UCKuiQUo3QJbN_ToOXJ3QeZw,Abhi DueCool,https://cn.noxinfluencer.com/youtube/channel/UCKuiQUo3QJbN_ToOXJ3QeZw,0,badcase,偏食品服饰生活方式，和充电宝关联弱
4816,UCKvkLAb4O-HpAwMiOAeKbwg,NiNi Channel,https://cn.noxinfluencer.com/youtube/channel/UCKvkLAb4O-HpAwMiOAeKbwg,0,badcase,无相关标签，无法支持充电宝投放
4817,UCKvp4BqBDSdSaOwBAuIgQwA,Crypto Insider,https://cn.noxinfluencer.com/youtube/channel/UCKvp4BqBDSdSaOwBAuIgQwA,0,badcase,频道主题与充电宝无明显交集
4818,UCKvutkmk10ujYoOsHeOTzTg,Raphaela's Reviews,https://cn.noxinfluencer.com/youtube/channel/UCKvutkmk10ujYoOsHeOTzTg,0,badcase,美妆时尚内容不适合充电宝推广
4819,UCKxawETUadbjLeiPdWLOduQ,THE VALUENARE LIFE SYSTEM,https://cn.noxinfluencer.com/youtube/channel/UCKxawETUadbjLeiPdWLOduQ,0,badcase,法律争议类频道与产品推广不匹配
4821,UCKyKl6_2j11cjVs4hBLLQ0A,CR 2.0,https://cn.noxinfluencer.com/youtube/channel/UCKyKl6_2j11cjVs4hBLLQ0A,0,badcase,宠物与偷拍视频为主，和充电宝不相关
4822,UCKyXo6nVcLvwUkiKQjFtIkw,BeautyVerses Shop,https://cn.noxinfluencer.com/youtube/channel/UCKyXo6nVcLvwUkiKQjFtIkw,0,badcase,无标签与标题信号，无法判断为相关
4823,UCKynv8cLeza6YG1NWT3UfHg,ColRyBuzz,https://cn.noxinfluencer.com/youtube/channel/UCKynv8cLeza6YG1NWT3UfHg,0,badcase,缺少可用内容信号，相关性不足
4824,UCKzAya2l8-QrhD-5rh1dZ5g,GADGETSmania,https://cn.noxinfluencer.com/youtube/channel/UCKzAya2l8-QrhD-5rh1dZ5g,0,badcase,仅有频道名偏数码，标签缺失不足以加分
4825,UCKzg-ehuwd2TjmVVEjKemVg,out of the woods with chrissheathewoodguy,https://cn.noxinfluencer.com/youtube/channel/UCKzg-ehuwd2TjmVVEjKemVg,0,badcase,户外木工内容与充电宝推广关联有限
4826,UCKzi4RORlNCxxB58QsZ4bfA,CellBlock FCS,https://cn.noxinfluencer.com/youtube/channel/UCKzi4RORlNCxxB58QsZ4bfA,0,badcase,无标签无内容，难判断充电宝投放
4828,UCL1Ut9KOdKWWjm0FNIfuOAw,RayzPlay,https://cn.noxinfluencer.com/youtube/channel/UCL1Ut9KOdKWWjm0FNIfuOAw,0,badcase,游戏娱乐号，缺少充电宝推广信号
4829,UCL2Jv8kROj61i6gSngv6o3A,Raku,https://cn.noxinfluencer.com/youtube/channel/UCL2Jv8kROj61i6gSngv6o3A,-15,badcase,动漫娱乐号，和充电宝推广场景不符
4831,UCL2k_oQGTjcFdZpRxycu6wQ,BD Budget Gamer,https://cn.noxinfluencer.com/youtube/channel/UCL2k_oQGTjcFdZpRxycu6wQ,0,badcase,无标签无内容，缺少投放依据
4832,UCL2pgkKwlHk2ahlZbCOFG6A,Invent Pod,https://cn.noxinfluencer.com/youtube/channel/UCL2pgkKwlHk2ahlZbCOFG6A,0,badcase,无标签无内容，缺少投放依据
4833,UCL3TSzB0rmeBxL0PMkPA18w,Edifier North America,https://cn.noxinfluencer.com/youtube/channel/UCL3TSzB0rmeBxL0PMkPA18w,1,badcase,音频品牌号，和充电宝主题偏离
4834,UCL4HQzoqaj3-G1QnldXS8Yg,Odca,https://cn.noxinfluencer.com/youtube/channel/UCL4HQzoqaj3-G1QnldXS8Yg,0,badcase,无标签无内容，缺少投放依据
4835,UCL4LlnayiiGpiHKVcYPA5DA,True Gadget,https://cn.noxinfluencer.com/youtube/channel/UCL4LlnayiiGpiHKVcYPA5DA,0,badcase,无标签无内容，缺少投放依据
4836,UCL5KHBSpVVPm7DMTr0nzSqg,The Aspen Institute for Anti-Aging & Regenerative Medicine,https://cn.noxinfluencer.com/youtube/channel/UCL5KHBSpVVPm7DMTr0nzSqg,0,badcase,健康抗衰号，和充电宝无关
4838,UCL7ELek_24CNy4VTmeyHMaQ,Elevate Buying,https://cn.noxinfluencer.com/youtube/channel/UCL7ELek_24CNy4VTmeyHMaQ,0,badcase,无标签无内容，缺少投放依据
4839,UCL7ZKVAUhLnnEHu_gTHzeMQ,AUTOONE,https://cn.noxinfluencer.com/youtube/channel/UCL7ZKVAUhLnnEHu_gTHzeMQ,0,badcase,无标签无内容，缺少投放依据
4840,UCL7aUtMSMwbrigMcFEbAWbw,Tech 24 EN,https://cn.noxinfluencer.com/youtube/channel/UCL7aUtMSMwbrigMcFEbAWbw,0,badcase,无标签无内容，缺少投放依据
4841,UCL84mJIJfK8pgyqPJRgxbVA,Xaluc Mexoarebin,https://cn.noxinfluencer.com/youtube/channel/UCL84mJIJfK8pgyqPJRgxbVA,0,badcase,无标签无内容，缺少投放依据
4842,UCL8M9zUsvn3KgCr525rJjtw,MAD GUNS & RIFLES,https://cn.noxinfluencer.com/youtube/channel/UCL8M9zUsvn3KgCr525rJjtw,1,badcase,榜单杂项号，仅有轻度科技关联
4843,UCL8h_EpwkAQ5-dKQ6wrzpdg,New York Finest,https://cn.noxinfluencer.com/youtube/channel/UCL8h_EpwkAQ5-dKQ6wrzpdg,-15,badcase,音乐娱乐号，非数码投放场景
4845,UCL8wZn_UMf4pPhKAS3MmdhA,paradizzpoll,https://cn.noxinfluencer.com/youtube/channel/UCL8wZn_UMf4pPhKAS3MmdhA,1,badcase,教程软件号，仅有轻度科技关联
4846,UCL927G_yLTNgAJ6lzEBJkJw,Talk That Tech,https://cn.noxinfluencer.com/youtube/channel/UCL927G_yLTNgAJ6lzEBJkJw,0,badcase,无标签无内容，缺少投放依据
4847,UCLAftaDTeY7RtMUy5LM6PNQ,Jon Bradley,https://cn.noxinfluencer.com/youtube/channel/UCLAftaDTeY7RtMUy5LM6PNQ,0,badcase,生活杂谈号，缺少充电宝投放信号
4848,UCLBomLcf1TpnR4qPgoVMquw,Embodily Insights,https://cn.noxinfluencer.com/youtube/channel/UCLBomLcf1TpnR4qPgoVMquw,0,badcase,无标签无内容，缺少投放依据
4850,UCLDY7c2x4LNGALO-2s83keA,Waller Orines,https://cn.noxinfluencer.com/youtube/channel/UCLDY7c2x4LNGALO-2s83keA,0,badcase,无标签无内容，缺少投放依据
4851,UCLDpAeBi9vEW7cyOdzlOngQ,Morgan's World,https://cn.noxinfluencer.com/youtube/channel/UCLDpAeBi9vEW7cyOdzlOngQ,0,badcase,内容偏娱乐/宠物/生活，缺少充电宝推广相关场景
4852,UCLDs8A4g4ThWvgYX2OaaHaA,TheHumanThatDrums,https://cn.noxinfluencer.com/youtube/channel/UCLDs8A4g4ThWvgYX2OaaHaA,0,badcase,内容偏音乐/娱乐/车辆，和充电宝推广关联弱
4853,UCLDu4WT8jyKIThdfuO841aw,Protos Vids,https://cn.noxinfluencer.com/youtube/channel/UCLDu4WT8jyKIThdfuO841aw,0,badcase,无标签无内容证据，无法判断有充电宝推广相关性
4858,UCLFFgIpuYdHk_qOng_ta83Q,Tbs,https://cn.noxinfluencer.com/youtube/channel/UCLFFgIpuYdHk_qOng_ta83Q,0,badcase,无有效标签和内容证据，相关性不足
4861,UCLGL2dhX5KIZ6s4wUgYu7Tw,Beyond Wasabi,https://cn.noxinfluencer.com/youtube/channel/UCLGL2dhX5KIZ6s4wUgYu7Tw,0,badcase,无可用相关证据，难以支撑充电宝推广
4863,UCLGdTKsYVDDe9R3UPWzH9Sw,VentureVerse,https://cn.noxinfluencer.com/youtube/channel/UCLGdTKsYVDDe9R3UPWzH9Sw,0,badcase,无明确科技或导购证据，相关性不足
4864,UCLH5Lf_9pEtSanl36schYog,KASHFX,https://cn.noxinfluencer.com/youtube/channel/UCLH5Lf_9pEtSanl36schYog,0,badcase,无有效相关信号，难以用于充电宝推广
4865,UCLH8oYg6i9XVvr8GYqZSowQ,Update Baz,https://cn.noxinfluencer.com/youtube/channel/UCLH8oYg6i9XVvr8GYqZSowQ,0,badcase,无有效内容证据，相关性不足
4868,UCLHnrAHVbKxJcGihdQlH8yw,nayara with kids,https://cn.noxinfluencer.com/youtube/channel/UCLHnrAHVbKxJcGihdQlH8yw,0,badcase,内容与充电宝推广无明显关联
4870,UCLILXy70qsj7NubPGeSDqsA,Beats By Half,https://cn.noxinfluencer.com/youtube/channel/UCLILXy70qsj7NubPGeSDqsA,0,badcase,音乐内容为主，与充电宝推广关联弱
4871,UCLJJrW5o_ENDMZRKH98pUZQ,ONASSIS ENGLISH,https://cn.noxinfluencer.com/youtube/channel/UCLJJrW5o_ENDMZRKH98pUZQ,0,badcase,无有效证据，和充电宝推广无关
4873,UCLJdDDZbuaDrQC9DWBIK3Wg,TECH NOVA ZONE,https://cn.noxinfluencer.com/youtube/channel/UCLJdDDZbuaDrQC9DWBIK3Wg,0,badcase,无明确导购或数码配件场景，相关性不足
4875,UCLK-l4wLIGiW9T-Y7uMl7Vg,Jasara,https://cn.noxinfluencer.com/youtube/channel/UCLK-l4wLIGiW9T-Y7uMl7Vg,0,badcase,无有效相关内容，无法支持充电宝推广
4876,UCLK9XT8SaPTUidAfY1xCa1w,Top Amazon Products,https://cn.noxinfluencer.com/youtube/channel/UCLK9XT8SaPTUidAfY1xCa1w,0,badcase,无相关标签或视频，缺少充电宝推广场景
4879,UCLL-NL75IrDgFi_UtAQiTcg,B4 Butt Vlogs,https://cn.noxinfluencer.com/youtube/channel/UCLL-NL75IrDgFi_UtAQiTcg,0,badcase,泛娱乐杂谈，和充电宝推广关联弱
4880,UCLLDyL954JjH5-7xCqcrjTA,Tech Spark Review,https://cn.noxinfluencer.com/youtube/channel/UCLLDyL954JjH5-7xCqcrjTA,0,badcase,缺少标签与内容证据，无法判断为充电宝相关
4882,UCLLUzr9J_AlINrRVSYG766A,Laugh Lens,https://cn.noxinfluencer.com/youtube/channel/UCLLUzr9J_AlINrRVSYG766A,0,badcase,无标签与视频证据，无法匹配充电宝推广
4883,UCLLrZI2uU_AVufCBjMDkkpQ,Chris Naugle,https://cn.noxinfluencer.com/youtube/channel/UCLLrZI2uU_AVufCBjMDkkpQ,-15,badcase,金融频道与充电宝推广主题不匹配
4886,UCLNdd1F6fhwHydOeGSKAz5g,ROKEY.24,https://cn.noxinfluencer.com/youtube/channel/UCLNdd1F6fhwHydOeGSKAz5g,0,badcase,新闻热榜内容，和充电宝推广关系弱
4890,UCLP-No6R27vLVR1YL2Y5CSQ,Space & Equity,https://cn.noxinfluencer.com/youtube/channel/UCLP-No6R27vLVR1YL2Y5CSQ,0,badcase,无可用标签，缺少充电宝相关证据
4891,UCLPMHi7bNPzBFyebp65h3vA,MONEY GAME,https://cn.noxinfluencer.com/youtube/channel/UCLPMHi7bNPzBFyebp65h3vA,0,badcase,营销励志类内容，和充电宝购买场景弱
4893,UCLPtQ1ih1QrQFEIJJuIAqQw,KA4AET,https://cn.noxinfluencer.com/youtube/channel/UCLPtQ1ih1QrQFEIJJuIAqQw,0,badcase,纯音乐娱乐内容，缺少充电宝导购场景
4894,UCLPzFesdaVZXrTDJ8UFW6Fg,Leo Scot,https://cn.noxinfluencer.com/youtube/channel/UCLPzFesdaVZXrTDJ8UFW6Fg,0,badcase,泛娱乐生活向，缺少数码导购信号
4895,UCLQD2zRK6-k3vsa37W6BDfA,My Shop Reviews,https://cn.noxinfluencer.com/youtube/channel/UCLQD2zRK6-k3vsa37W6BDfA,0,badcase,无标签，缺少充电宝相关判断依据
4898,UCLRZTGG7e4NYjX-TQ4XyeoQ,MyLuckyBamboo,https://cn.noxinfluencer.com/youtube/channel/UCLRZTGG7e4NYjX-TQ4XyeoQ,-15,badcase,宠物垂类与人用充电宝推广不匹配
4899,UCLSNULZHRxRBsp5ZY05ZMtg,TechHunter60,https://cn.noxinfluencer.com/youtube/channel/UCLSNULZHRxRBsp5ZY05ZMtg,0,badcase,无标签与内容证据，无法确认相关性
4900,UCLSnN4Row2HXE9KGJFPRmug,SmartPicks,https://cn.noxinfluencer.com/youtube/channel/UCLSnN4Row2HXE9KGJFPRmug,0,badcase,无标签与内容证据，无法确认相关性
4902,UCLTdCY-fNXc1GqzIuflK-OQ,Preston Pysh,https://cn.noxinfluencer.com/youtube/channel/UCLTdCY-fNXc1GqzIuflK-OQ,-15,badcase,金融加密内容，和移动电源推广场景不匹配
4904,UCLUHnz-UB2Hv_wyGfm9Tqqg,Gadgets Everyday,https://cn.noxinfluencer.com/youtube/channel/UCLUHnz-UB2Hv_wyGfm9Tqqg,0,badcase,无标签与内容证据，无法判断为相关频道
4905,UCLVGBWZrAniy5r767EXaR8A,Laser Everything,https://cn.noxinfluencer.com/youtube/channel/UCLVGBWZrAniy5r767EXaR8A,0,badcase,激光雕刻工具向，和移动电源产品域不一致
4907,UCLWNTZUf5MnHmWuNk_JwRRA,House of Brands,https://cn.noxinfluencer.com/youtube/channel/UCLWNTZUf5MnHmWuNk_JwRRA,0,badcase,无标签，无产品相关证据
4910,UCLXPFPNeYWf_oTF2fhDbLbA,Cumal Litsyrosy,https://cn.noxinfluencer.com/youtube/channel/UCLXPFPNeYWf_oTF2fhDbLbA,0,badcase,无标签与内容证据，相关性不足
4913,UCLX_c__M7U8jpBPV9dXNSnQ,Honest in Depth Reviews,https://cn.noxinfluencer.com/youtube/channel/UCLX_c__M7U8jpBPV9dXNSnQ,0,badcase,无标签支撑，只有名称含Reviews不足以判定
4914,UCLXxEsao92MxBdBnNglUClg,Cleotina Reviews,https://cn.noxinfluencer.com/youtube/channel/UCLXxEsao92MxBdBnNglUClg,0,badcase,教育/软件向，和移动电源推广缺少连接
4915,UCLYDUva9tB7J_fyieR41OsA,Darin Triolo - Triolo Realty Group / Keller Williams,https://cn.noxinfluencer.com/youtube/channel/UCLYDUva9tB7J_fyieR41OsA,0,badcase,房地产频道，和移动电源受众几乎无关
4916,UCLZz4A05PhBaFok3Ozi2uYg,Tech Perception,https://cn.noxinfluencer.com/youtube/channel/UCLZz4A05PhBaFok3Ozi2uYg,0,badcase,无标签与内容证据，相关性不足
4918,UCL_no281l67WVIqPlU2a36w,The Day Sports,https://cn.noxinfluencer.com/youtube/channel/UCL_no281l67WVIqPlU2a36w,0,badcase,体育频道缺少电源类产品推广语境
4920,UCLaKcw9VMwNXor8BWFKs6RQ,Ann Wright Adventures Vlog,https://cn.noxinfluencer.com/youtube/channel/UCLaKcw9VMwNXor8BWFKs6RQ,0,badcase,生活娱乐向，和移动电源推广不匹配
4922,UCLar_FTMkfHCgMwmzTb7IlQ,The Top 5,https://cn.noxinfluencer.com/youtube/channel/UCLar_FTMkfHCgMwmzTb7IlQ,0,badcase,无标签与内容证据，相关性不足
4923,UCLbkMuLZxYN8x0WzyqeyMow,SA Electric,https://cn.noxinfluencer.com/youtube/channel/UCLbkMuLZxYN8x0WzyqeyMow,0,badcase,无标签与内容证据，相关性不足
4925,UCLcRT-kUzhD9B5SbuL-5cbw,Dr. Smiley Show,https://cn.noxinfluencer.com/youtube/channel/UCLcRT-kUzhD9B5SbuL-5cbw,0,badcase,无标签与内容证据，相关性不足
4926,UCLc_x8haihy2aYS0q9wjc2w,G-Mr. Xiong,https://cn.noxinfluencer.com/youtube/channel/UCLc_x8haihy2aYS0q9wjc2w,0,badcase,无标签无标题信号，和充电宝推广无关
4928,UCLf3xbgb3qAVExQqF6YpXOg,Ramtech,https://cn.noxinfluencer.com/youtube/channel/UCLf3xbgb3qAVExQqF6YpXOg,1,badcase,偏Windows电脑教程，和充电宝转化链路弱
4929,UCLfZ_5SQ_6oT2k18KljTWGQ,Glitch Box,https://cn.noxinfluencer.com/youtube/channel/UCLfZ_5SQ_6oT2k18KljTWGQ,0,badcase,无可用相关信号
4933,UCLiFlLtPVy85vz0cmrsUU-A,Liza's Little Bit Of Everything,https://cn.noxinfluencer.com/youtube/channel/UCLiFlLtPVy85vz0cmrsUU-A,-12,badcase,ASMR吃播格式与实体产品推广明显冲突
4934,UCLiSBdgf6JIVfO-xlGUcVgA,Asad Abbas,https://cn.noxinfluencer.com/youtube/channel/UCLiSBdgf6JIVfO-xlGUcVgA,1,badcase,生活方式/村庄内容为主，充电宝相关性弱
4935,UCLjJ3g88iYun39ekjB5nzHA,Servnet Today,https://cn.noxinfluencer.com/youtube/channel/UCLjJ3g88iYun39ekjB5nzHA,0,badcase,无可用相关信号
4936,UCLjSU13THXXAERNkny4x1lQ,Chris Powell,https://cn.noxinfluencer.com/youtube/channel/UCLjSU13THXXAERNkny4x1lQ,0,badcase,美纹身内容，和充电宝推广无关
4940,UCLod_8hTXOH79EYvmBQWp0Q,Clear HD,https://cn.noxinfluencer.com/youtube/channel/UCLod_8hTXOH79EYvmBQWp0Q,0,badcase,无可用相关信号
4941,UCLp8LI9lCIF1r54aOzxjhBA,Gacha Josh,https://cn.noxinfluencer.com/youtube/channel/UCLp8LI9lCIF1r54aOzxjhBA,0,badcase,游戏频道，缺少数码购买场景
4942,UCLqMJ74FiYiw75yB1ZuKubA,Court room 2.0,https://cn.noxinfluencer.com/youtube/channel/UCLqMJ74FiYiw75yB1ZuKubA,0,badcase,无可用相关信号
4947,UCLtE7yVlq0U06zbk6Bhf1ZA,RobRabonPhotog,https://cn.noxinfluencer.com/youtube/channel/UCLtE7yVlq0U06zbk6Bhf1ZA,0,badcase,汽车摄影为主，和充电宝推广链路不强
4948,UCLu9mT0vFgV-NcYXHBFi2RA,Felsher Tindel,https://cn.noxinfluencer.com/youtube/channel/UCLu9mT0vFgV-NcYXHBFi2RA,0,badcase,无可用相关信号
4949,UCLudtEr6zNvARNm2ld09jxQ,Couple Kang Kang,https://cn.noxinfluencer.com/youtube/channel/UCLudtEr6zNvARNm2ld09jxQ,0,badcase,娱乐影视向，非产品推广场景
4950,UCLvztUp66okXUXiyxQxr1og,Dol Haro,https://cn.noxinfluencer.com/youtube/channel/UCLvztUp66okXUXiyxQxr1og,0,badcase,无可用相关信号
4951,UCLw3msi7vlacqjUu_jVdIwQ,神秘之旅,https://cn.noxinfluencer.com/youtube/channel/UCLw3msi7vlacqjUu_jVdIwQ,-5,badcase,娱乐宠物内容，和充电宝推广场景不符
4953,UCLxQaFOkE3jTXNeP7-mKmdg,Christopher “blackph0enix” Battle,https://cn.noxinfluencer.com/youtube/channel/UCLxQaFOkE3jTXNeP7-mKmdg,0,badcase,缺少标签和内容证据，无法支撑充电宝推广
4954,UCLxsKT0ozwFoQgpvbBl17CA,Paul Weber,https://cn.noxinfluencer.com/youtube/channel/UCLxsKT0ozwFoQgpvbBl17CA,0,badcase,游戏主内容，和充电宝购买场景不够近
4955,UCLy3Bp8E6SW5CgoisrCwXhw,BanterBloom77,https://cn.noxinfluencer.com/youtube/channel/UCLy3Bp8E6SW5CgoisrCwXhw,0,badcase,缺少标签和内容证据，无法支撑充电宝推广
4956,UCLyVctz20sO0ImUOWwUbFxw,nCino,https://cn.noxinfluencer.com/youtube/channel/UCLyVctz20sO0ImUOWwUbFxw,0,badcase,缺少标签和内容证据，无法支撑充电宝推广
4957,UCLyrrNDi-I9K8Uw3Y3lawqQ,Hidden Histories and Origins,https://cn.noxinfluencer.com/youtube/channel/UCLyrrNDi-I9K8Uw3Y3lawqQ,0,badcase,缺少标签和内容证据，无法支撑充电宝推广
4960,UCM-S2FFEKBhWF_IszncLttA,Robertz Reviewz,https://cn.noxinfluencer.com/youtube/channel/UCM-S2FFEKBhWF_IszncLttA,0,badcase,缺少标签和内容证据，无法支撑充电宝推广
4961,UCM-VfIYE2tmKNypE3dPP8lg,Lanka Noir,https://cn.noxinfluencer.com/youtube/channel/UCM-VfIYE2tmKNypE3dPP8lg,0,badcase,缺少标签和内容证据，无法支撑充电宝推广
4962,UCM-jUHUbTa9Yob6FcF3AnrA,Craps University,https://cn.noxinfluencer.com/youtube/channel/UCM-jUHUbTa9Yob6FcF3AnrA,0,badcase,赌场内容，和充电宝推广关联很弱
4963,UCM138a9qJ3kpxDpQ5KGvXEQ,Gadget Picked,https://cn.noxinfluencer.com/youtube/channel/UCM138a9qJ3kpxDpQ5KGvXEQ,0,badcase,缺少标签和内容证据，无法支撑充电宝推广
4964,UCM1OBOge7wYMR3Goo73Bf7w,Top 10 List,https://cn.noxinfluencer.com/youtube/channel/UCM1OBOge7wYMR3Goo73Bf7w,0,badcase,泛列表频道，难判断充电宝受众
4965,UCM1a9h0tLdOWIzuxUkdqyuw,EbikePros,https://cn.noxinfluencer.com/youtube/channel/UCM1a9h0tLdOWIzuxUkdqyuw,0,badcase,缺少标签和内容证据，无法支撑充电宝推广
4966,UCM20kh-ZP3Buif85PdfAtUA,Love For Garden,https://cn.noxinfluencer.com/youtube/channel/UCM20kh-ZP3Buif85PdfAtUA,0,badcase,园艺家居向，和充电宝推广不匹配
4967,UCM2IWnMWgAgfacC1GcGr0jQ,EBL Official,https://cn.noxinfluencer.com/youtube/channel/UCM2IWnMWgAgfacC1GcGr0jQ,0,badcase,缺少标签和内容证据，无法支撑充电宝推广
4969,UCM3yKgBze-peblqZtaHGLAA,Review Doctor,https://cn.noxinfluencer.com/youtube/channel/UCM3yKgBze-peblqZtaHGLAA,0,badcase,缺少标签和内容证据，无法支撑充电宝推广
4970,UCM4VtkXVkLH2gfPR3NG0OZg,Alltechemy,https://cn.noxinfluencer.com/youtube/channel/UCM4VtkXVkLH2gfPR3NG0OZg,0,badcase,缺少标签和内容证据，无法支撑充电宝推广
4977,UCM6QJ2Pim8BJoceLcj8UowA,Promythean,https://cn.noxinfluencer.com/youtube/channel/UCM6QJ2Pim8BJoceLcj8UowA,0,badcase,无标签无内容信号，无法判断相关性
4980,UCM985UkYGjdzQVj6AoEBWWw,Bank of Harmony,https://cn.noxinfluencer.com/youtube/channel/UCM985UkYGjdzQVj6AoEBWWw,-15,badcase,音乐表演频道，和充电宝推广场景不符
4981,UCM9mlVhFqFaguo-CKAQwoyA,1M Bangla,https://cn.noxinfluencer.com/youtube/channel/UCM9mlVhFqFaguo-CKAQwoyA,-15,badcase,漫画/影视娱乐向，属明显不适配频道
4982,UCMAeYgE9j0VYfqOcajSBMTQ,Hasitha Madhawa Gajadeera Arachchi,https://cn.noxinfluencer.com/youtube/channel/UCMAeYgE9j0VYfqOcajSBMTQ,-15,badcase,音乐/乐队内容为主，不适合产品投放
4983,UCMAgjjfN6rb8kp8_ZLybj9w,ALIEXPRESS STORE,https://cn.noxinfluencer.com/youtube/channel/UCMAgjjfN6rb8kp8_ZLybj9w,0,badcase,无标签，无法确认有效相关性
4986,UCMAzsXunIhMT-mqC9NbqEog,Product Zone,https://cn.noxinfluencer.com/youtube/channel/UCMAzsXunIhMT-mqC9NbqEog,0,badcase,美妆发型内容，与充电宝投放不匹配
4987,UCMBHZSB44w872bp10f43zeA,xxiChris,https://cn.noxinfluencer.com/youtube/channel/UCMBHZSB44w872bp10f43zeA,-9,badcase,ASMR导向，属于典型产品推广格式错配
4989,UCMBpDXn58FhW5KBhmCTyXEA,Rxan Smith,https://cn.noxinfluencer.com/youtube/channel/UCMBpDXn58FhW5KBhmCTyXEA,0,badcase,前五标签偏杂项，缺少充电宝相关信号
4991,UCMCk7SJdDzr6HyjCiILNYkA,MindCaves Stories,https://cn.noxinfluencer.com/youtube/channel/UCMCk7SJdDzr6HyjCiILNYkA,0,badcase,无标签无内容信号
4992,UCMD-DgpQ4W27Hd7hs3UXH-Q,VoodooDE VR - english version -,https://cn.noxinfluencer.com/youtube/channel/UCMD-DgpQ4W27Hd7hs3UXH-Q,0,badcase,VR/游戏向，和充电宝推广相关性弱
4994,UCMDnNMyx3IBi04eOA9Ur2dw,The Solar Farmer,https://cn.noxinfluencer.com/youtube/channel/UCMDnNMyx3IBi04eOA9Ur2dw,0,badcase,无标签，难以建立充电宝相关性
4995,UCME5-NApOzfgK1Vnop6VWXw,It's Paul Y'all,https://cn.noxinfluencer.com/youtube/channel/UCME5-NApOzfgK1Vnop6VWXw,0,badcase,无标签，无法判断相关性
4996,UCME7LmGkXbQzib21VNFXQ2A,The Ghost,https://cn.noxinfluencer.com/youtube/channel/UCME7LmGkXbQzib21VNFXQ2A,0,badcase,无标签无内容信号
4997,UCMElV5mHh7nl61-FkbsTNTw,YAMUFNDSUFA,https://cn.noxinfluencer.com/youtube/channel/UCMElV5mHh7nl61-FkbsTNTw,0,badcase,无标签，无法建立相关性
4998,UCMFRKonTCIJ-cSdD9LdGvpQ,Danelle Nazari,https://cn.noxinfluencer.com/youtube/channel/UCMFRKonTCIJ-cSdD9LdGvpQ,0,badcase,无标签无内容信号
4999,UCMFe13As2lpmN7p6XPAtUsA,Dinar Flippin Caged,https://cn.noxinfluencer.com/youtube/channel/UCMFe13As2lpmN7p6XPAtUsA,0,badcase,无标签无内容信号
5001,UCMGefqCfKBQuLFaQwqfk3SQ,MyMustHaveFinds,https://cn.noxinfluencer.com/youtube/channel/UCMGefqCfKBQuLFaQwqfk3SQ,0,badcase,无标签和标题证据，缺少充电宝推广相关性
5002,UCMGkwgOomR02Gh9McAXXrVg,Steven Lam,https://cn.noxinfluencer.com/youtube/channel/UCMGkwgOomR02Gh9McAXXrVg,0,badcase,无标签无相关内容，缺乏充电宝推广相关性
5003,UCMHGzeaX04dFjbRyYAm85SQ,Onebag Dash,https://cn.noxinfluencer.com/youtube/channel/UCMHGzeaX04dFjbRyYAm85SQ,0,badcase,无标签无内容证据，无法判断与充电宝推广相关
5004,UCMHQcOsMu-fd69GwtTR1pGQ,5X Finds,https://cn.noxinfluencer.com/youtube/channel/UCMHQcOsMu-fd69GwtTR1pGQ,0,badcase,无标签、无相关视频，缺少充电宝推广相关信号
5006,UCMHyw-R0dJ-73quZTpGlOoQ,MainStreamGifts,https://cn.noxinfluencer.com/youtube/channel/UCMHyw-R0dJ-73quZTpGlOoQ,0,badcase,无标签无视频证据，缺少与充电宝推广相关性
5007,UCMIDEdmDDyCmMhjk8IpJ1NQ,Jae Gizmo,https://cn.noxinfluencer.com/youtube/channel/UCMIDEdmDDyCmMhjk8IpJ1NQ,0,badcase,无标签、无相关视频，缺少充电宝推广相关性证据
5009,UCMIqrmh2lMdzhlCPK5ahsAg,Jack Rhysider,https://cn.noxinfluencer.com/youtube/channel/UCMIqrmh2lMdzhlCPK5ahsAg,0,badcase,频道是黑客/真罪案播客，和充电宝推广场景无关
5012,UCML7DcvQrG9sUw5kGqAGtaA,Soundproof Guide,https://cn.noxinfluencer.com/youtube/channel/UCML7DcvQrG9sUw5kGqAGtaA,0,badcase,频道偏DIY隔音，无充电宝或数码配件相关信号
5013,UCMMcEL1O8a_5-VNMUJ_SuuQ,Value Home,https://cn.noxinfluencer.com/youtube/channel/UCMMcEL1O8a_5-VNMUJ_SuuQ,0,badcase,无标签、无标题与充电宝推广相关，缺少相关性证据
5014,UCMMitlgNqT8JwC5j7dy4eVA,Soulshot Films,https://cn.noxinfluencer.com/youtube/channel/UCMMitlgNqT8JwC5j7dy4eVA,-15,badcase,宠物故事频道，与充电宝推广人群和场景完全不匹配
5015,UCMNHx5RspK_jRvqPR5oyt8Q,Dented Fender Garage (Project Dads),https://cn.noxinfluencer.com/youtube/channel/UCMNHx5RspK_jRvqPR5oyt8Q,0,badcase,汽车/DIY修理向频道，与充电宝推广缺少明确相关性
5016,UCMNJacg2HHRcY-jTQALvRQg,Homestead Bandwagon Reviews,https://cn.noxinfluencer.com/youtube/channel/UCMNJacg2HHRcY-jTQALvRQg,0,badcase,无标签、无相关视频，缺少充电宝推广相关性证据
5017,UCMOA9Fs8ekGbE6lBhSYZIVg,Mayra Lopez,https://cn.noxinfluencer.com/youtube/channel/UCMOA9Fs8ekGbE6lBhSYZIVg,0,badcase,无标签、无标题与近期内容证据，无法支撑充电宝推广相关性
5019,UCMObNfqUi_IN94wAUNsd1dg,MissJess Review!,https://cn.noxinfluencer.com/youtube/channel/UCMObNfqUi_IN94wAUNsd1dg,0,badcase,无标签和视频证据，缺少充电宝推广相关性
5020,UCMOcb93H_57DpPr7vDN_k3w,Change Your Mac,https://cn.noxinfluencer.com/youtube/channel/UCMOcb93H_57DpPr7vDN_k3w,0,badcase,无标签、无相关视频，缺少充电宝推广相关性证据
5021,UCMOkfCyVj1ciX9azeOsUyDA,Gael Castilleja,https://cn.noxinfluencer.com/youtube/channel/UCMOkfCyVj1ciX9azeOsUyDA,-15,badcase,音乐频道，内容与充电宝推广场景无关
5022,UCMOpVVfj7vis76yFoMe6n0g,Aleksey Tkachuk,https://cn.noxinfluencer.com/youtube/channel/UCMOpVVfj7vis76yFoMe6n0g,-15,badcase,音乐娱乐频道，与充电宝推广场景明显不符
5025,UCMQ94fUaYjU1xdr2PNyyDYg,Unknown world.,https://cn.noxinfluencer.com/youtube/channel/UCMQ94fUaYjU1xdr2PNyyDYg,0,badcase,旅行自然频道，缺少充电宝相关或购买意图
5027,UCMR7SdPWPiDWWzUkj9eNVBQ,Old Car Alley,https://cn.noxinfluencer.com/youtube/channel/UCMR7SdPWPiDWWzUkj9eNVBQ,-15,badcase,老车汽车内容，和充电宝推广场景不匹配
5029,UCMRVEIa7QTZu5f_J4OvsS5A,Life Designs Institute,https://cn.noxinfluencer.com/youtube/channel/UCMRVEIa7QTZu5f_J4OvsS5A,0,badcase,题材过泛，缺少电子或购买导向信号
5032,UCMTGDOHsXUij-I1SUzjJE4g,Road Misfit,https://cn.noxinfluencer.com/youtube/channel/UCMTGDOHsXUij-I1SUzjJE4g,-5,badcase,汽车垂类为主，关联充电宝较弱
5036,UCMUEBpPJNZ8JdYSsyEG8qvQ,CoNaBlue,https://cn.noxinfluencer.com/youtube/channel/UCMUEBpPJNZ8JdYSsyEG8qvQ,-15,badcase,儿童动画娱乐为主，和充电宝推广完全不搭
5038,UCMVWfv4hNHvTscDw2kCPsHw,Viralgabe,https://cn.noxinfluencer.com/youtube/channel/UCMVWfv4hNHvTscDw2kCPsHw,-10,badcase,游戏娱乐短内容为主，导购转化弱
5040,UCMW67kL9fp6QogFYNg-TTsw,Livin’ Loud with Andy,https://cn.noxinfluencer.com/youtube/channel/UCMW67kL9fp6QogFYNg-TTsw,-5,badcase,车载音频垂类，和充电宝关联较弱
5044,UCMZyv9092xXQ414_b0f-8wQ,Yas gaming,https://cn.noxinfluencer.com/youtube/channel/UCMZyv9092xXQ414_b0f-8wQ,-15,badcase,娱乐搞笑占主导，产品导购不匹配
5046,UCM_bIG8x3tq5Op0Qj48q-oQ,KURI Slot,https://cn.noxinfluencer.com/youtube/channel/UCM_bIG8x3tq5Op0Qj48q-oQ,-15,badcase,赌场老虎机频道，受众和充电宝完全不相关
5052,UCMdjmtlLGt8gY6DO9UIKrIw,Hello Again,https://cn.noxinfluencer.com/youtube/channel/UCMdjmtlLGt8gY6DO9UIKrIw,0,badcase,无标签无内容，缺乏推广相关性
5057,UCMfwDVAkrXosNu-sThbiy-A,🕵️‍♀️ KitKat’s Korner,https://cn.noxinfluencer.com/youtube/channel/UCMfwDVAkrXosNu-sThbiy-A,0,badcase,无标签无内容，难判断相关性
5058,UCMg26KnvfGr41sfO7vhXWzQ,The Anthony Scene,https://cn.noxinfluencer.com/youtube/channel/UCMg26KnvfGr41sfO7vhXWzQ,0,badcase,偏娱乐/游戏向，与充电宝推广弱相关
5060,UCMgg9JfkqUYUlk4o-lEkUjQ,Worth IT?,https://cn.noxinfluencer.com/youtube/channel/UCMgg9JfkqUYUlk4o-lEkUjQ,0,badcase,无标签无内容，缺少可用证据
5061,UCMgghyR4vYxznz2R8kHjK5w,Susanna Chilingaryan,https://cn.noxinfluencer.com/youtube/channel/UCMgghyR4vYxznz2R8kHjK5w,0,badcase,无标签无内容，缺少可用证据
5063,UCMhLp85kXmYiWcZ0hiINSpg,BOOST TOYS,https://cn.noxinfluencer.com/youtube/channel/UCMhLp85kXmYiWcZ0hiINSpg,0,badcase,玩具枪内容与充电宝购买场景不匹配
5064,UCMhNHchkDx7UF4pnxVb5Prg,Im_The_Slep,https://cn.noxinfluencer.com/youtube/channel/UCMhNHchkDx7UF4pnxVb5Prg,-15,badcase,纯游戏直播向，和充电宝推广场景不符
5065,UCMhkSFVPgRoEiEAHo-QS50w,DatabaseHistory,https://cn.noxinfluencer.com/youtube/channel/UCMhkSFVPgRoEiEAHo-QS50w,0,badcase,历史知识向，缺少消费电子推广场景
5069,UCMjrP1TrrqpXK5NiE87kZ_A,The Dad Job,https://cn.noxinfluencer.com/youtube/channel/UCMjrP1TrrqpXK5NiE87kZ_A,0,badcase,父亲/家庭向泛内容，缺少明确导购信号
5070,UCMk2NcgRfOvy8qiUJsi2WUw,Ascend Your Success,https://cn.noxinfluencer.com/youtube/channel/UCMk2NcgRfOvy8qiUJsi2WUw,0,badcase,业务/成长向内容，与充电宝无关
5076,UCMnMT6XGPZlJSTyPq6FIIrg,woods roamer,https://cn.noxinfluencer.com/youtube/channel/UCMnMT6XGPZlJSTyPq6FIIrg,0,badcase,无标签与内容信号，和充电宝推广无关
5077,UCMoNMHFOMoxjqrjlH2FVTIA,WeAllJuggleKnives,https://cn.noxinfluencer.com/youtube/channel/UCMoNMHFOMoxjqrjlH2FVTIA,0,badcase,户外/生存有场景关联，但前5标签无有效信号
5078,UCMoaeh3sV_83LJkRFu3DS7g,WESTASIA1 TV CALIFORNIA  SONGS MUSIC  PHILIPPINES,https://cn.noxinfluencer.com/youtube/channel/UCMoaeh3sV_83LJkRFu3DS7g,-15,badcase,音乐娱乐频道，和充电宝推广场景明显不符
5081,UCMp3mUhctVWElpfRZrFcVbg,RodiBroGamer,https://cn.noxinfluencer.com/youtube/channel/UCMp3mUhctVWElpfRZrFcVbg,0,badcase,无标签与内容信号
5083,UCMq5vcq7yiEcUGhPQ8EetTQ,Adrian Sandoval,https://cn.noxinfluencer.com/youtube/channel/UCMq5vcq7yiEcUGhPQ8EetTQ,0,badcase,无标签与内容信号
5085,UCMqU9Pju7_b6sV1jnr6CL2Q,Brandon Rimes,https://cn.noxinfluencer.com/youtube/channel/UCMqU9Pju7_b6sV1jnr6CL2Q,0,badcase,房地产金融频道，与充电宝无关
5088,UCMs3_u1_47B27slTOv2jNFA,Iloome Official,https://cn.noxinfluencer.com/youtube/channel/UCMs3_u1_47B27slTOv2jNFA,0,badcase,无标签与内容信号
5090,UCMsYAW-SljRfOg0ZqE8acSQ,Gadget Tech Hub,https://cn.noxinfluencer.com/youtube/channel/UCMsYAW-SljRfOg0ZqE8acSQ,0,badcase,无标签与内容信号
5091,UCMsq3CeM823KgImMy6oDc-w,Am-Si,https://cn.noxinfluencer.com/youtube/channel/UCMsq3CeM823KgImMy6oDc-w,0,badcase,无标签与内容信号
5092,UCMuht660BA2FJ2NobnoEumg,Action Media Video,https://cn.noxinfluencer.com/youtube/channel/UCMuht660BA2FJ2NobnoEumg,-15,badcase,ASMR娱乐型内容，属于明显投放格式不匹配
5093,UCMuwkbZNdjgZEUrGLI9soyw,God messages today,https://cn.noxinfluencer.com/youtube/channel/UCMuwkbZNdjgZEUrGLI9soyw,0,badcase,宗教鸡汤类内容，与充电宝无关
5096,UCMvqQhP5TvcKhv8J-qs9VCQ,Gun enthusiast,https://cn.noxinfluencer.com/youtube/channel/UCMvqQhP5TvcKhv8J-qs9VCQ,0,badcase,无标签与内容信号
5097,UCMvyJCGXn9zf_dmdomOjB3w,Glocal Project,https://cn.noxinfluencer.com/youtube/channel/UCMvyJCGXn9zf_dmdomOjB3w,0,badcase,无标签与内容信号
5098,UCMw2KMBpCWL-KB73D5w9uXg,Bond Invests,https://cn.noxinfluencer.com/youtube/channel/UCMw2KMBpCWL-KB73D5w9uXg,0,badcase,无标签与内容信号
5099,UCMwMBwdPoKNCHts-tuTcUEg,Quiet life,https://cn.noxinfluencer.com/youtube/channel/UCMwMBwdPoKNCHts-tuTcUEg,-15,badcase,宠物娱乐为主，和充电宝投放人群不匹配
5100,UCMwgDtdvcYTBkx-_uXw-atg,Xavier Raphael,https://cn.noxinfluencer.com/youtube/channel/UCMwgDtdvcYTBkx-_uXw-atg,0,badcase,无标签与内容信号
5101,UCMxDCOjwhgQHRAsWklZsVpg,Anthony,https://cn.noxinfluencer.com/youtube/channel/UCMxDCOjwhgQHRAsWklZsVpg,0,badcase,无标签与视频证据，无法支持充电宝推广
5102,UCMxWTlq8A0O6PWavevJpLcA,Roy T. Abdo,https://cn.noxinfluencer.com/youtube/channel/UCMxWTlq8A0O6PWavevJpLcA,0,badcase,无标签与视频证据，无法支持充电宝推广
5104,UCMyF73KekqI5rx0Sv9nJF4Q,Smart shop,https://cn.noxinfluencer.com/youtube/channel/UCMyF73KekqI5rx0Sv9nJF4Q,0,badcase,缺少标签与内容证据
5105,UCMytbwdHtgYI4MdwFC4jd0w,Show Me The Goods,https://cn.noxinfluencer.com/youtube/channel/UCMytbwdHtgYI4MdwFC4jd0w,0,badcase,缺少标签与内容证据
5106,UCMz93bcv9I9AkpMPcg7MuZw,Innocent Ashiq,https://cn.noxinfluencer.com/youtube/channel/UCMz93bcv9I9AkpMPcg7MuZw,0,badcase,缺少标签与内容证据
5107,UCMznmykb6kKQYKSIwH9TduA,Jeaninho_IAM,https://cn.noxinfluencer.com/youtube/channel/UCMznmykb6kKQYKSIwH9TduA,0,badcase,缺少标签与内容证据
5108,UCMzxH4m-J8fA-8na2X06HYQ,Winning Pick,https://cn.noxinfluencer.com/youtube/channel/UCMzxH4m-J8fA-8na2X06HYQ,0,badcase,缺少标签与内容证据
5110,UCN0AOPwILsnnVg8B1hnG1XQ,AK NextG,https://cn.noxinfluencer.com/youtube/channel/UCN0AOPwILsnnVg8B1hnG1XQ,0,badcase,缺少标签与内容证据
5112,UCN1-864p2gbPiJtnRG3Oujg,Phase One,https://cn.noxinfluencer.com/youtube/channel/UCN1-864p2gbPiJtnRG3Oujg,0,badcase,摄影器材频道与充电宝缺少直接相关
5113,UCN1-RLCNu2nK7yey-8ufyNQ,Chasing Waypoints,https://cn.noxinfluencer.com/youtube/channel/UCN1-RLCNu2nK7yey-8ufyNQ,0,badcase,缺少标签与内容证据
5114,UCN16Y4RhzwucRr673jj6hyA,Rain Walk Relaxing,https://cn.noxinfluencer.com/youtube/channel/UCN16Y4RhzwucRr673jj6hyA,-15,badcase,玩具向频道，与充电宝推广不匹配
5116,UCN2L6780pERlx4IBqJ9r98g,Fantastic Movies,https://cn.noxinfluencer.com/youtube/channel/UCN2L6780pERlx4IBqJ9r98g,-15,badcase,影视娱乐向，推广充电宝不合适
5117,UCN2kVh8oY0qtuOmWZZJvIDw,NOVOO Tech,https://cn.noxinfluencer.com/youtube/channel/UCN2kVh8oY0qtuOmWZZJvIDw,0,badcase,缺少标签与内容证据
5118,UCN2yvLRlFOAi9wz2yspm_6Q,Aliexpress Promotion,https://cn.noxinfluencer.com/youtube/channel/UCN2yvLRlFOAi9wz2yspm_6Q,0,badcase,仅有促销名义，缺少品类证据
5119,UCN3-nD_Mbboz4ENlSOaMGlw,PopstarParade,https://cn.noxinfluencer.com/youtube/channel/UCN3-nD_Mbboz4ENlSOaMGlw,-15,badcase,娱乐八卦短内容，不适合充电宝推广
5120,UCN3JFG5xAtLQZtDJ3MY2eCQ,Winnie Sun TV,https://cn.noxinfluencer.com/youtube/channel/UCN3JFG5xAtLQZtDJ3MY2eCQ,-15,badcase,财经新闻向，充电宝推广不匹配
5121,UCN3m4ApMWSRZx1ZZRRqWakQ,Live Laugh Love Travel,https://cn.noxinfluencer.com/youtube/channel/UCN3m4ApMWSRZx1ZZRRqWakQ,0,badcase,无标签证据，无法确认旅行相关
5122,UCN4ZZbWnxVJ4XICAFfo4UiQ,John Spears Jr.,https://cn.noxinfluencer.com/youtube/channel/UCN4ZZbWnxVJ4XICAFfo4UiQ,0,badcase,体育频道为主，和充电宝推广关联弱
5124,UCN4a1KIJEjmhe4ZDCmG2H3g,Kerrie's Konversations over 60;  Where is America?,https://cn.noxinfluencer.com/youtube/channel/UCN4a1KIJEjmhe4ZDCmG2H3g,0,badcase,无品类证据
5126,UCN4xjd4AVkQ5q5kGgSX_2UA,GreatShield USA,https://cn.noxinfluencer.com/youtube/channel/UCN4xjd4AVkQ5q5kGgSX_2UA,0,badcase,无标签和内容信号，难判断与充电宝推广相关
5127,UCN55lV0gk58Fx9fwCdIRcAQ,ItemIsle,https://cn.noxinfluencer.com/youtube/channel/UCN55lV0gk58Fx9fwCdIRcAQ,0,badcase,无标签和视频内容，缺少与充电宝推广相关证据
5128,UCN5IDl2LoxGnDX8Tk0l5kVg,Wade Warner,https://cn.noxinfluencer.com/youtube/channel/UCN5IDl2LoxGnDX8Tk0l5kVg,0,badcase,无标签、无相关视频，缺少充电宝推广相关性证据
5129,UCN5xPNTy8hLoRVTGbECznMg,Content Marketing Institute,https://cn.noxinfluencer.com/youtube/channel/UCN5xPNTy8hLoRVTGbECznMg,2,badcase,仅有泛科技/生活标签，缺少充电宝购买或使用语境
5130,UCN60M9_q2oUfWCDywPNejiw,Infinite Possibilities,https://cn.noxinfluencer.com/youtube/channel/UCN60M9_q2oUfWCDywPNejiw,0,badcase,频道为灵性/成功学内容，与充电宝推广无关
5132,UCN6qQmn-yDAbSOXoK5hna9A,ThunderStash Gaming,https://cn.noxinfluencer.com/youtube/channel/UCN6qQmn-yDAbSOXoK5hna9A,0,badcase,游戏频道，缺少充电宝评测或购买意图，不适合推广该产品
5136,UCN98KwoxUyOLiuSSJiYBw4g,DailyGadgets7,https://cn.noxinfluencer.com/youtube/channel/UCN98KwoxUyOLiuSSJiYBw4g,0,badcase,无标签无视频线索，缺少充电宝推广相关性
5137,UCN9R5KD8MS6GUz3IUWBOnCQ,Nico Murillo,https://cn.noxinfluencer.com/youtube/channel/UCN9R5KD8MS6GUz3IUWBOnCQ,1,badcase,仅有旅行场景弱相关，缺少充电宝/数码购买意图，适配度低
5138,UCN9W9DwTffsY4r80dipRJhg,BIZ WEEK,https://cn.noxinfluencer.com/youtube/channel/UCN9W9DwTffsY4r80dipRJhg,0,badcase,频道偏商业财经，与充电宝推广无关
5139,UCN9hWmsod9kzRQpc0D0tIJw,Al Su Chess,https://cn.noxinfluencer.com/youtube/channel/UCN9hWmsod9kzRQpc0D0tIJw,0,badcase,棋类频道，与充电宝推广无关，缺少产品评测或购买意图信号
5141,UCNA0iTt7kZueX4-oFzzzV4w,Coding Temple,https://cn.noxinfluencer.com/youtube/channel/UCNA0iTt7kZueX4-oFzzzV4w,0,badcase,无标签和内容证据，难判断与充电宝推广相关
5142,UCNA1ErXKbBPruO4keB9XjTg,Kalle Beck,https://cn.noxinfluencer.com/youtube/channel/UCNA1ErXKbBPruO4keB9XjTg,0,badcase,健身/强人内容，与充电宝推广无直接或场景相关性
5143,UCNA5ZJO2nvDVjOgLIuXsLTg,WheeNC DIY - Reviews & More,https://cn.noxinfluencer.com/youtube/channel/UCNA5ZJO2nvDVjOgLIuXsLTg,0,badcase,无标签和内容证据，未见充电宝相关推广信号
5144,UCNBWWvX5cwyfDp5l3fIceOw,Jessica Pelletier,https://cn.noxinfluencer.com/youtube/channel/UCNBWWvX5cwyfDp5l3fIceOw,0,badcase,无标签、无相关视频，缺少充电宝推广相关性
5145,UCNBlgu6x7afxDBL8EQ6GWTQ,Gadget Bazaar,https://cn.noxinfluencer.com/youtube/channel/UCNBlgu6x7afxDBL8EQ6GWTQ,0,badcase,无标签无视频信号，无法判断与充电宝推广相关
5146,UCNC8TwI07o3CT_Yvjzege2A,ckla,https://cn.noxinfluencer.com/youtube/channel/UCNC8TwI07o3CT_Yvjzege2A,-15,badcase,宠物娱乐频道，与人用 power bank 推广场景明显不符
5147,UCNCI3wAd1iSt8PYMCI_IS9w,Gadget Guide Pro,https://cn.noxinfluencer.com/youtube/channel/UCNCI3wAd1iSt8PYMCI_IS9w,0,badcase,无标签和内容证据，缺少充电宝推广相关性
5148,UCNCK4UGSnceO052t8S1kMxw,Intuit QuickBooks,https://cn.noxinfluencer.com/youtube/channel/UCNCK4UGSnceO052t8S1kMxw,0,badcase,金融教程频道，和充电宝推广几乎无产品场景相关性
5149,UCNCWwKrmFEa-Tv0Tfy3BjMA,All About Survival,https://cn.noxinfluencer.com/youtube/channel/UCNCWwKrmFEa-Tv0Tfy3BjMA,-15,badcase,枪械频道与充电宝推广场景明显不相关
5151,UCNCwViIle48vnxz4GWtWeFg,Walter's Shorts,https://cn.noxinfluencer.com/youtube/channel/UCNCwViIle48vnxz4GWtWeFg,0,badcase,无标签与内容线索，和充电宝推广无关
5153,UCNElBKS26SZnuFd1h63PsVQ,Global Deal Explorer,https://cn.noxinfluencer.com/youtube/channel/UCNElBKS26SZnuFd1h63PsVQ,0,badcase,无标签与内容线索，相关性不足
5154,UCNEmWcAfjzKOCXThkq8kjyg,Ceapest Gadgets,https://cn.noxinfluencer.com/youtube/channel/UCNEmWcAfjzKOCXThkq8kjyg,0,badcase,无标签，缺少与充电宝相关的科技/测评信号
5155,UCNEpI25jszHCI8Nb8zE1vBA,Driving Tesla,https://cn.noxinfluencer.com/youtube/channel/UCNEpI25jszHCI8Nb8zE1vBA,0,badcase,无标签，主要是车辆主题，缺少投放依据
5157,UCNFJbpzPVbyk85BqhDH6pJA,Burak Menteş,https://cn.noxinfluencer.com/youtube/channel/UCNFJbpzPVbyk85BqhDH6pJA,0,badcase,无标签，无法证明与充电宝相关
5159,UCNGQrFpouGo7IQ7A8ltdFYA,Jaffry K Ward,https://cn.noxinfluencer.com/youtube/channel/UCNGQrFpouGo7IQ7A8ltdFYA,-15,badcase,美食烘焙频道，与充电宝投放场景明显不符
5160,UCNGm08RhSnWJp7FHjGDDUGw,Live Luxly,https://cn.noxinfluencer.com/youtube/channel/UCNGm08RhSnWJp7FHjGDDUGw,0,badcase,无标签，缺少可判断的推广相关线索
5161,UCNH59XGXxlNh7bnjxhfSxkQ,Good Tech Creativity,https://cn.noxinfluencer.com/youtube/channel/UCNH59XGXxlNh7bnjxhfSxkQ,0,badcase,无标签，缺少可判断的推广相关线索
5162,UCNHH5RimeuXdwxr0a3muI1Q,Intangible Ideas,https://cn.noxinfluencer.com/youtube/channel/UCNHH5RimeuXdwxr0a3muI1Q,0,badcase,无标签，缺少可判断的推广相关线索
5163,UCNHUN-4M36MvMZlzV_ijTRg,Atom DIY,https://cn.noxinfluencer.com/youtube/channel/UCNHUN-4M36MvMZlzV_ijTRg,0,badcase,仅见DIY名义，无有效标签支撑
5164,UCNI6O0m7X6s9ZfB2aqYUYGw,Device Digest,https://cn.noxinfluencer.com/youtube/channel/UCNI6O0m7X6s9ZfB2aqYUYGw,0,badcase,无标签，无法确认是数码或测评频道
5168,UCNJrkj9oFdbRpkshymt8WbA,Frickerdude78,https://cn.noxinfluencer.com/youtube/channel/UCNJrkj9oFdbRpkshymt8WbA,0,badcase,无标签，相关性不足
5169,UCNKpel2LeS3tpNqaRo7DoaA,SunnyGorandom,https://cn.noxinfluencer.com/youtube/channel/UCNKpel2LeS3tpNqaRo7DoaA,0,badcase,无标签，相关性不足
5171,UCNLq79-4MkCJMwnyBjlCMPg,dianah wastut,https://cn.noxinfluencer.com/youtube/channel/UCNLq79-4MkCJMwnyBjlCMPg,0,badcase,无标签，相关性不足
5172,UCNMEqGmqcHv7mmPCJkok-Ew,Rashaun,https://cn.noxinfluencer.com/youtube/channel/UCNMEqGmqcHv7mmPCJkok-Ew,0,badcase,无标签，相关性不足
5173,UCNMKizeXlPY0SNzPWnVtHHw,Carl “Brad” Bradley,https://cn.noxinfluencer.com/youtube/channel/UCNMKizeXlPY0SNzPWnVtHHw,0,badcase,无标签，相关性不足
5175,UCNMli0Y9tze6Unveqmwebog,SWERV R 180,https://cn.noxinfluencer.com/youtube/channel/UCNMli0Y9tze6Unveqmwebog,0,badcase,无标签，相关性不足
5176,UCNMw0WLpmVLy3kViEfvWR2Q,Warren C,https://cn.noxinfluencer.com/youtube/channel/UCNMw0WLpmVLy3kViEfvWR2Q,1,badcase,摄影向，仅有unboxing弱相关，缺少充电宝推广语境
5178,UCNPCE1KLhzA2tZrMNbx_qow,Cool Dad Finds,https://cn.noxinfluencer.com/youtube/channel/UCNPCE1KLhzA2tZrMNbx_qow,0,badcase,无标签无内容证据，无法判断相关性
5180,UCNPq0OBK5Hxx6pVuXbl5iXw,The Debt System,https://cn.noxinfluencer.com/youtube/channel/UCNPq0OBK5Hxx6pVuXbl5iXw,0,badcase,无标签，无产品推广依据
5181,UCNPrTF5rDbihuzxG_z2IqWg,The Technical Scientist,https://cn.noxinfluencer.com/youtube/channel/UCNPrTF5rDbihuzxG_z2IqWg,0,badcase,无标签，无产品推广依据
5182,UCNQ1NU46Kd-QkxYedxMa0WA,L C,https://cn.noxinfluencer.com/youtube/channel/UCNQ1NU46Kd-QkxYedxMa0WA,0,badcase,无标签，无产品推广依据
5183,UCNQ5U2p9tNuYnQLdQEQecvw,Principles of Success Academy,https://cn.noxinfluencer.com/youtube/channel/UCNQ5U2p9tNuYnQLdQEQecvw,0,badcase,无标签，无产品推广依据
5185,UCNRr_WnE0DDg6tWy-VtDrlA,James Adams,https://cn.noxinfluencer.com/youtube/channel/UCNRr_WnE0DDg6tWy-VtDrlA,0,badcase,无标签，无产品推广依据
5186,UCNS6cHKL0XcVXY4AX5E4d5g,JK Adventures,https://cn.noxinfluencer.com/youtube/channel/UCNS6cHKL0XcVXY4AX5E4d5g,4,badcase,只有旅行/越野场景弱相关，缺少产品意图
5187,UCNSEwwf7LXOUoJzrHPfo_mA,CoolVideoCreationsTV,https://cn.noxinfluencer.com/youtube/channel/UCNSEwwf7LXOUoJzrHPfo_mA,0,badcase,无标签，无产品推广依据
5188,UCNSbG8lG2JsrYDU5GEFee1w,Todd Elfers,https://cn.noxinfluencer.com/youtube/channel/UCNSbG8lG2JsrYDU5GEFee1w,0,badcase,无标签，无产品推广依据
5189,UCNSdaZRhOL5fxOxpzwC8EMg,Quick Picks,https://cn.noxinfluencer.com/youtube/channel/UCNSdaZRhOL5fxOxpzwC8EMg,0,badcase,无标签，无产品推广依据
5191,UCNTEZXxZrOwKlsCFH5IP9kw,Ms. Random Reviews,https://cn.noxinfluencer.com/youtube/channel/UCNTEZXxZrOwKlsCFH5IP9kw,0,badcase,无标签无内容证据，无法判断相关性
5192,UCNUZvk8I0wV0KWwnFv46n1Q,Techuila,https://cn.noxinfluencer.com/youtube/channel/UCNUZvk8I0wV0KWwnFv46n1Q,0,badcase,无标签无内容证据，无法判断相关性
5193,UCNUe7YRmaBjLfrbRknfmz-g,Affiliate Insights,https://cn.noxinfluencer.com/youtube/channel/UCNUe7YRmaBjLfrbRknfmz-g,0,badcase,无标签无内容证据，无法判断相关性
5194,UCNUueDomOud-ra-s3Krk18w,HUZAIFA DIY · 2.9mviews · 2hoursago,https://cn.noxinfluencer.com/youtube/channel/UCNUueDomOud-ra-s3Krk18w,0,badcase,无标签无内容证据，无法判断相关性
5196,UCNW1OOccAd1-gsGjL8R6kSw,MiddleAJ Guy,https://cn.noxinfluencer.com/youtube/channel/UCNW1OOccAd1-gsGjL8R6kSw,0,badcase,无标签无内容证据，无法判断相关性
5198,UCNWXS3KRyDh0jVWQaUtbojg,Life Hack -Review,https://cn.noxinfluencer.com/youtube/channel/UCNWXS3KRyDh0jVWQaUtbojg,0,badcase,无标签无内容证据，无法判断相关性
5199,UCNWd-pjLHbmTCbyw7GhkT-w,thereviewgurus,https://cn.noxinfluencer.com/youtube/channel/UCNWd-pjLHbmTCbyw7GhkT-w,0,badcase,无标签无内容证据，无法判断相关性
5200,UCNXBeDwheeOhA2tQa6Dvt7g,Mr Noeun,https://cn.noxinfluencer.com/youtube/channel/UCNXBeDwheeOhA2tQa6Dvt7g,-15,badcase,音乐娱乐向，和充电宝推广场景明显不匹配
5201,UCNXJcOkDi-G6HAssZMNJDgA,Samba Samba,https://cn.noxinfluencer.com/youtube/channel/UCNXJcOkDi-G6HAssZMNJDgA,0,badcase,无相关标签或内容，难以承接充电宝推广
5203,UCNYuGq0fXqwyZDbcrBI9xUw,Jay the Caffeinator,https://cn.noxinfluencer.com/youtube/channel/UCNYuGq0fXqwyZDbcrBI9xUw,0,badcase,无相关标签，频道信息不足以支撑推广
5204,UCNZqd0dSN_HfjG17_qsQuyw,Minster Bank,https://cn.noxinfluencer.com/youtube/channel/UCNZqd0dSN_HfjG17_qsQuyw,0,badcase,无相关标签，频道信息不足以支撑推广
5205,UCNZy9Lwe4YAjEuhIxV_1ijg,Edward Sanchez Productions,https://cn.noxinfluencer.com/youtube/channel/UCNZy9Lwe4YAjEuhIxV_1ijg,0,badcase,无相关标签，频道信息不足以支撑推广
5207,UCNbFxsTasEiXlk3ml_2yGRw,freeheartnow,https://cn.noxinfluencer.com/youtube/channel/UCNbFxsTasEiXlk3ml_2yGRw,1,badcase,仅泛生活兴趣，相关度很弱
5208,UCNbbOaIoOm0rj3uxYc5S6Aw,Jenmic Wei,https://cn.noxinfluencer.com/youtube/channel/UCNbbOaIoOm0rj3uxYc5S6Aw,0,badcase,无相关标签，频道信息不足以支撑推广
5209,UCNblYHKR2u-Mn5evSgWk-yQ,Risa Picante,https://cn.noxinfluencer.com/youtube/channel/UCNblYHKR2u-Mn5evSgWk-yQ,0,badcase,无相关标签，频道信息不足以支撑推广
5214,UCNcIKbChcOJTzg8yxw0Jt-A,Audio & Toy Hacks,https://cn.noxinfluencer.com/youtube/channel/UCNcIKbChcOJTzg8yxw0Jt-A,0,badcase,无相关标签，频道信息不足以支撑推广
5215,UCNcWASeMLJU_ehFz8fXjDMw,Vishwa Nimthera,https://cn.noxinfluencer.com/youtube/channel/UCNcWASeMLJU_ehFz8fXjDMw,-15,badcase,占卜娱乐主域，与电源类产品推广明显不符
5216,UCNdg5C3oJJrBxkUUeaHzpgw,Tuxx Toys,https://cn.noxinfluencer.com/youtube/channel/UCNdg5C3oJJrBxkUUeaHzpgw,0,badcase,玩具/游戏主域偏娱乐，不适合电源类投放
5217,UCNdrlbAh6ySeVojWIAL31Rw,kuromi1,https://cn.noxinfluencer.com/youtube/channel/UCNdrlbAh6ySeVojWIAL31Rw,0,badcase,无相关标签，频道信息不足以支撑推广
5218,UCNeNelNUR33Znq7L6ADC3rQ,Improve Life,https://cn.noxinfluencer.com/youtube/channel/UCNeNelNUR33Znq7L6ADC3rQ,0,badcase,无相关标签，频道信息不足以支撑推广
5219,UCNekfNa0Wp058XeXxk49FKg,"Ouellette & Associates Consulting, Inc.",https://cn.noxinfluencer.com/youtube/channel/UCNekfNa0Wp058XeXxk49FKg,0,badcase,无相关标签，频道信息不足以支撑推广
5221,UCNf-m84Vq8i7l7tKqN0dFxw,Gadget Studio BD,https://cn.noxinfluencer.com/youtube/channel/UCNf-m84Vq8i7l7tKqN0dFxw,0,badcase,无相关标签，频道信息不足以支撑推广
5222,UCNfiKVYzMZMT9aGG9nWrUfw,Bike Update,https://cn.noxinfluencer.com/youtube/channel/UCNfiKVYzMZMT9aGG9nWrUfw,0,badcase,无相关标签，频道信息不足以支撑推广
5223,UCNh1kFPQSJumJMhSOePdxBg,MrEverywhere,https://cn.noxinfluencer.com/youtube/channel/UCNh1kFPQSJumJMhSOePdxBg,0,badcase,无相关标签，频道信息不足以支撑推广
5225,UCNhN4Kkg9-uhHC5QZzMGFlg,IBSPOT INC,https://cn.noxinfluencer.com/youtube/channel/UCNhN4Kkg9-uhHC5QZzMGFlg,0,badcase,无相关标签，频道信息不足以支撑推广
5226,UCNhQe_Nw22RS7FFBq5fYErg,Alfred Lape,https://cn.noxinfluencer.com/youtube/channel/UCNhQe_Nw22RS7FFBq5fYErg,0,badcase,无相关标签与内容证据
5227,UCNi9vdSxCq67dx9b2DUY0GQ,knowpub,https://cn.noxinfluencer.com/youtube/channel/UCNi9vdSxCq67dx9b2DUY0GQ,0,badcase,无相关标签与内容证据
5228,UCNiEJo_vYa_JQG21mov9krg,Nexx Inc,https://cn.noxinfluencer.com/youtube/channel/UCNiEJo_vYa_JQG21mov9krg,0,badcase,无相关标签与内容证据
5230,UCNiXhsI4QtmQaeICpT-k7BQ,Moderate Rebels,https://cn.noxinfluencer.com/youtube/channel/UCNiXhsI4QtmQaeICpT-k7BQ,0,badcase,政治播客，与产品推广无关
5232,UCNj0Yau_lcKsr7tGIuo6P2g,The Battle Family,https://cn.noxinfluencer.com/youtube/channel/UCNj0Yau_lcKsr7tGIuo6P2g,0,badcase,家庭运动内容，与充电宝推广弱相关
5234,UCNjRQUaaBrS6fC1i-uc__ag,queenxpeaches,https://cn.noxinfluencer.com/youtube/channel/UCNjRQUaaBrS6fC1i-uc__ag,0,badcase,无相关标签与内容证据
5237,UCNlwO55F9NOJQ_L4_AcaPoQ,Everything You Want,https://cn.noxinfluencer.com/youtube/channel/UCNlwO55F9NOJQ_L4_AcaPoQ,0,badcase,无相关标签与内容证据
5238,UCNm-HRCaJGarxM1G3FYtkQQ,Vapin Nathan,https://cn.noxinfluencer.com/youtube/channel/UCNm-HRCaJGarxM1G3FYtkQQ,0,badcase,电子烟频道，和充电宝购买场景不匹配
5239,UCNmcm7hrJvW6r2lCwiH3zvA,Chinesehanfushop,https://cn.noxinfluencer.com/youtube/channel/UCNmcm7hrJvW6r2lCwiH3zvA,0,badcase,汉服店铺向，和充电宝无关
5240,UCNn2UOZ6zYinh2NN12Y7ZoA,Miguendoleto,https://cn.noxinfluencer.com/youtube/channel/UCNn2UOZ6zYinh2NN12Y7ZoA,0,badcase,无相关标签与内容证据
5241,UCNnRBjIHO6pzKZMvBkemPpw,Crow Continuum,https://cn.noxinfluencer.com/youtube/channel/UCNnRBjIHO6pzKZMvBkemPpw,0,badcase,游戏内容为主，缺少数码产品推广场景
5243,UCNnne9GCf93CA6WyhthtqoQ,zara,https://cn.noxinfluencer.com/youtube/channel/UCNnne9GCf93CA6WyhthtqoQ,0,badcase,无相关标签与内容证据
5250,UCNsk_fFzgr3iu601QTYKmzw,2x Smarter,https://cn.noxinfluencer.com/youtube/channel/UCNsk_fFzgr3iu601QTYKmzw,0,badcase,无相关标签与内容证据
9501,UCqPWPFjDqL68YO7ys1xQKnQ,Auntie Dorothy Stories,https://cn.noxinfluencer.com/youtube/channel/UCqPWPFjDqL68YO7ys1xQKnQ,0,badcase,无标签与内容证据，难以支撑充电宝推广
9502,UCqRDVv-F19AccycDaMIorsA,CyberBytes Hub,https://cn.noxinfluencer.com/youtube/channel/UCqRDVv-F19AccycDaMIorsA,0,badcase,无标签，缺少相关科技受众证据
9503,UCqRXHV0jNjhrCZ2_uAjAf4Q,Ahsan Intel,https://cn.noxinfluencer.com/youtube/channel/UCqRXHV0jNjhrCZ2_uAjAf4Q,0,badcase,无标签，相关性不足
9504,UCqSdsCb0mHpQFgAMelI4Qcw,MeYussa,https://cn.noxinfluencer.com/youtube/channel/UCqSdsCb0mHpQFgAMelI4Qcw,0,badcase,无标签，相关性不足
9505,UCqTU67XvUy1ENGXG6_3MVDg,Herc Rentals,https://cn.noxinfluencer.com/youtube/channel/UCqTU67XvUy1ENGXG6_3MVDg,0,badcase,无标签，和充电宝推广缺少直接关联
9507,UCqUbDhrdjVb28ALqvedYicQ,"Dude, I Tried It",https://cn.noxinfluencer.com/youtube/channel/UCqUbDhrdjVb28ALqvedYicQ,0,badcase,无标签，缺少测评或购买意图
9508,UCqV0758T6i1wBQUiylCbqJQ,NN slot have fun!!,https://cn.noxinfluencer.com/youtube/channel/UCqV0758T6i1wBQUiylCbqJQ,-15,badcase,赌场老虎机内容，明显不适合产品推广
9509,UCqV59RDGbUsFFRWTnV1JNKQ,мстишуля,https://cn.noxinfluencer.com/youtube/channel/UCqV59RDGbUsFFRWTnV1JNKQ,-15,badcase,娱乐短内容为主，不适合充电宝推广
9510,UCqVHUHUHqFJDjKrrYbUFVyg,Modular Nest,https://cn.noxinfluencer.com/youtube/channel/UCqVHUHUHqFJDjKrrYbUFVyg,0,badcase,无标签，相关性不足
9511,UCqYJHU_fQmNoFFnNsgea7Vg,𝙂𝙤𝙙.𝙎𝙥𝙚𝙖𝙠𝙨,https://cn.noxinfluencer.com/youtube/channel/UCqYJHU_fQmNoFFnNsgea7Vg,0,badcase,无标签，相关性不足
9513,UCqZFE41JB3-gf_tYaPhgzpg,World facts,https://cn.noxinfluencer.com/youtube/channel/UCqZFE41JB3-gf_tYaPhgzpg,-10,badcase,娱乐挑战向内容，和产品推广场景不匹配
9514,UCq_NuhbWHGLGMj_tDIaFpOA,The Gadgetians,https://cn.noxinfluencer.com/youtube/channel/UCq_NuhbWHGLGMj_tDIaFpOA,0,badcase,无标签，缺少科技或评测证据
9515,UCq_Pu2G4Rv3nP_EOnhwTLdw,Technologer,https://cn.noxinfluencer.com/youtube/channel/UCq_Pu2G4Rv3nP_EOnhwTLdw,0,badcase,无标签，缺少科技或评测证据
9516,UCqbJ_8y4Ps9L8dNsqoQUJ2w,KASL Customs,https://cn.noxinfluencer.com/youtube/channel/UCqbJ_8y4Ps9L8dNsqoQUJ2w,0,badcase,汽车改装向，缺少充电设备场景
9519,UCqccMLxc8HcwqnkRSuZ50JQ,Credit Clever,https://cn.noxinfluencer.com/youtube/channel/UCqccMLxc8HcwqnkRSuZ50JQ,0,badcase,无产品相关内容
9520,UCqcjTnlfh3INGdnS1RUHKUw,🛒 24H Trending Global,https://cn.noxinfluencer.com/youtube/channel/UCqcjTnlfh3INGdnS1RUHKUw,0,badcase,泛热门频道，缺少充电宝受众证据
9523,UCqfhyZwD4o_f4tH9RLrvsAA,Inthetrench,https://cn.noxinfluencer.com/youtube/channel/UCqfhyZwD4o_f4tH9RLrvsAA,-10,badcase,娱乐金句向内容，缺少商品推广场景
9526,UCqhGjLnuqnGPkGGksn1Urvg,Ryan Peterson,https://cn.noxinfluencer.com/youtube/channel/UCqhGjLnuqnGPkGGksn1Urvg,0,badcase,无标签与内容，缺乏充电宝推广证据
9529,UCqhonEEO923e5hgX4W6HPwA,Lam Gadgets,https://cn.noxinfluencer.com/youtube/channel/UCqhonEEO923e5hgX4W6HPwA,0,badcase,无标签，无相关证据
9532,UCqiLeHmnS1sHLoCoTOzlgVg,The Wong Way,https://cn.noxinfluencer.com/youtube/channel/UCqiLeHmnS1sHLoCoTOzlgVg,0,badcase,健身内容与充电宝推广缺少场景连接
9533,UCqilkVYNd0T3h7FLFfMX3JA,Kevin Martini,https://cn.noxinfluencer.com/youtube/channel/UCqilkVYNd0T3h7FLFfMX3JA,0,badcase,无标签，无相关证据
9534,UCqj5EXSNBsL5tYmL_gALH9g,Eyebiokin Kenny,https://cn.noxinfluencer.com/youtube/channel/UCqj5EXSNBsL5tYmL_gALH9g,0,badcase,无标签，无相关证据
9535,UCqjC4bnyQAoH9k81iwccBlw,I2-fact,https://cn.noxinfluencer.com/youtube/channel/UCqjC4bnyQAoH9k81iwccBlw,0,badcase,无标签，无相关证据
9536,UCqjHkYYr_X6SM8McgCQxMqg,Prangon D,https://cn.noxinfluencer.com/youtube/channel/UCqjHkYYr_X6SM8McgCQxMqg,0,badcase,无标签，无相关证据
9538,UCqjrtbCSqPvGFOMWWu-x6wg,Nestour Lab,https://cn.noxinfluencer.com/youtube/channel/UCqjrtbCSqPvGFOMWWu-x6wg,-9,badcase,车载配件略相关，但 ASMR 形式强不匹配
9539,UCqk5l6-wUN1_BcEEwu_t11Q,Mike's Lab,https://cn.noxinfluencer.com/youtube/channel/UCqk5l6-wUN1_BcEEwu_t11Q,0,badcase,无标签，无相关证据
9542,UCqm6YwTgFdi-jCVj6McjsnA,J.R. Reviews Stuff,https://cn.noxinfluencer.com/youtube/channel/UCqm6YwTgFdi-jCVj6McjsnA,0,badcase,无标签，无相关证据
9545,UCqoDpZ6N1kSxvrVy9x3bgJg,LEARNINGCHORDS,https://cn.noxinfluencer.com/youtube/channel/UCqoDpZ6N1kSxvrVy9x3bgJg,0,badcase,飞机围观内容偏兴趣娱乐，与电源产品不匹配
9546,UCqpEQIlPzcdx9DHaRD24kXw,EVERGREEN ASSAM,https://cn.noxinfluencer.com/youtube/channel/UCqpEQIlPzcdx9DHaRD24kXw,-5,badcase,整集剧情/节目型内容，推广场景不合适
9547,UCqqu1UfRV-Am4G63Jz4lL9w,Test Zone,https://cn.noxinfluencer.com/youtube/channel/UCqqu1UfRV-Am4G63Jz4lL9w,0,badcase,无标签，无相关证据
9548,UCqrVdjBB19r9TI0ntQhY5FQ,Gear Guide,https://cn.noxinfluencer.com/youtube/channel/UCqrVdjBB19r9TI0ntQhY5FQ,0,badcase,无标签，无相关证据
9549,UCqsfgIcRafU7z-smIXo8NRg,Roy's Moto Ventures,https://cn.noxinfluencer.com/youtube/channel/UCqsfgIcRafU7z-smIXo8NRg,0,badcase,无标签，无相关证据
9550,UCqtfK1CYZGEpauc1p0PM_8Q,Edgy,https://cn.noxinfluencer.com/youtube/channel/UCqtfK1CYZGEpauc1p0PM_8Q,0,badcase,无标签，无相关证据
9551,UCqthAE4OLiml8F34BRVk5gw,EyeOnAiman,https://cn.noxinfluencer.com/youtube/channel/UCqthAE4OLiml8F34BRVk5gw,0,badcase,教育校园类，和充电宝推广无关
9552,UCqurATJIbJY0hvCZlsIQ3LQ,Chris Travels,https://cn.noxinfluencer.com/youtube/channel/UCqurATJIbJY0hvCZlsIQ3LQ,0,badcase,无标签与内容证据，相关性不足
9553,UCquzJaHe_3nLFFPUzd2PDtA,Maso Things,https://cn.noxinfluencer.com/youtube/channel/UCquzJaHe_3nLFFPUzd2PDtA,0,badcase,无标签与内容证据，相关性不足
9555,UCqvAGfHXZUAQWKd9lZWHb1Q,USA Market,https://cn.noxinfluencer.com/youtube/channel/UCqvAGfHXZUAQWKd9lZWHb1Q,0,badcase,无标签和视频证据，相关性不足
9556,UCqvxDmqsN49zTPM20pHSPhw,Rykesworld,https://cn.noxinfluencer.com/youtube/channel/UCqvxDmqsN49zTPM20pHSPhw,0,badcase,无标签和视频证据，相关性不足
9557,UCqyBS2Am8oDbaeLUqVh-KVw,Tech Talk Tech,https://cn.noxinfluencer.com/youtube/channel/UCqyBS2Am8oDbaeLUqVh-KVw,-10,badcase,番剧娱乐内容，和充电宝推广明显错配
9561,UCr-jd4VEUMGdXdwPqhaEe7g,Master Of The Game,https://cn.noxinfluencer.com/youtube/channel/UCr-jd4VEUMGdXdwPqhaEe7g,-15,badcase,纯娱乐搞笑内容，属于明显错配
9566,UCr0VTnk32Zwzw2Z3oMSh0RQ,Hallelucinationgames,https://cn.noxinfluencer.com/youtube/channel/UCr0VTnk32Zwzw2Z3oMSh0RQ,0,badcase,无相关标签，主要是游戏娱乐
9567,UCr0y3oc826WZibuO1teQnhg,The Tech Point,https://cn.noxinfluencer.com/youtube/channel/UCr0y3oc826WZibuO1teQnhg,0,badcase,无相关标签与内容，相关性不足
9569,UCr3CHp4ByHDFjEzheaS_Xcg,Dhrumil P,https://cn.noxinfluencer.com/youtube/channel/UCr3CHp4ByHDFjEzheaS_Xcg,0,badcase,无标签和视频证据，相关性不足
9571,UCr4-_QrHa_CCN872Cgi4D3Q,Larsen & Toubro Infotech,https://cn.noxinfluencer.com/youtube/channel/UCr4-_QrHa_CCN872Cgi4D3Q,0,badcase,企业技术咨询向，和产品推广无关
9574,UCr5HGjrBAN9DYtNTPotLzbA,Object Talk,https://cn.noxinfluencer.com/youtube/channel/UCr5HGjrBAN9DYtNTPotLzbA,0,badcase,无标签与内容证据，相关性不足
9575,UCr5Vm70st2-YQvQ93y_GFcw,Ben Simpson,https://cn.noxinfluencer.com/youtube/channel/UCr5Vm70st2-YQvQ93y_GFcw,0,badcase,金融加密货币频道，和充电宝无关
9576,UCr5plgyYkHldqPu4MNd0cvA,NatureBased,https://cn.noxinfluencer.com/youtube/channel/UCr5plgyYkHldqPu4MNd0cvA,-15,badcase,娱乐影视向，与充电宝推广不匹配
9577,UCr606g8diufwDAzQGGCCqBA,HBtEcH,https://cn.noxinfluencer.com/youtube/channel/UCr606g8diufwDAzQGGCCqBA,0,badcase,无标签无内容，缺少相关证据
9579,UCr6NGqDT2wV74OrK6DJMaeg,NerdVid,https://cn.noxinfluencer.com/youtube/channel/UCr6NGqDT2wV74OrK6DJMaeg,2,badcase,游戏向为主，科技标签过泛
9581,UCr78LXqBMAGanpNiklQEsfg,EMAC Unboxed,https://cn.noxinfluencer.com/youtube/channel/UCr78LXqBMAGanpNiklQEsfg,0,badcase,无标签无内容，无法判断相关性
9582,UCr7NM0aJ-fKGgUspOPVXfIA,Jaden White,https://cn.noxinfluencer.com/youtube/channel/UCr7NM0aJ-fKGgUspOPVXfIA,1,badcase,旅行场景略有重合，但不够成推广号
9583,UCr7lqmcbWDvVM2nbGIZWHqg,GRM3D,https://cn.noxinfluencer.com/youtube/channel/UCr7lqmcbWDvVM2nbGIZWHqg,-10,badcase,ASMR满足感格式，不适合硬件推广
9584,UCr8pk3YhngZ4_iiSI5yN_Dw,Pablo Vargas,https://cn.noxinfluencer.com/youtube/channel/UCr8pk3YhngZ4_iiSI5yN_Dw,0,badcase,无标签无内容，缺少相关证据
9587,UCrBRhVXa-pyWm5AGGEjkqEA,Hupi Tech,https://cn.noxinfluencer.com/youtube/channel/UCrBRhVXa-pyWm5AGGEjkqEA,0,badcase,无标签无内容，无法判断相关性
9588,UCrB_zl77w-woK-JXkLYpkPw,AstroAI,https://cn.noxinfluencer.com/youtube/channel/UCrB_zl77w-woK-JXkLYpkPw,0,badcase,无标签无内容，无法判断相关性
9589,UCrBp8dlhDLVE1ks1C04JB7w,Old World Handyman,https://cn.noxinfluencer.com/youtube/channel/UCrBp8dlhDLVE1ks1C04JB7w,0,badcase,无标签无内容，缺少相关证据
9591,UCrCHSkJxTQxtHE82h7-XTuQ,Gadgets & Tech,https://cn.noxinfluencer.com/youtube/channel/UCrCHSkJxTQxtHE82h7-XTuQ,0,badcase,无标签无内容，缺少相关证据
9593,UCrDERU1SDxEF5ffjmedOeHg,P shredder machine,https://cn.noxinfluencer.com/youtube/channel/UCrDERU1SDxEF5ffjmedOeHg,-15,badcase,粉碎机ASMR格式与充电宝推广强冲突
9594,UCrE0HawjrUzpzjTP8LGG-cQ,Hack&Build,https://cn.noxinfluencer.com/youtube/channel/UCrE0HawjrUzpzjTP8LGG-cQ,0,badcase,无标签无内容，无法判断相关性
9595,UCrF6hzuLSxTd9vYrI9qSN8w,Raul Santa ana,https://cn.noxinfluencer.com/youtube/channel/UCrF6hzuLSxTd9vYrI9qSN8w,0,badcase,宠物/生活向，和充电宝推广关联弱
9596,UCrFCmVUcwhuX2p_y3Ec8OYQ,Joshua Franklin Athletics Club,https://cn.noxinfluencer.com/youtube/channel/UCrFCmVUcwhuX2p_y3Ec8OYQ,0,badcase,运动健身向，缺少数码推广意图
9597,UCrGF_rOzPlBv_s3OLpo9Xpw,Products,https://cn.noxinfluencer.com/youtube/channel/UCrGF_rOzPlBv_s3OLpo9Xpw,0,badcase,无标签无内容，无法判断相关性
9600,UCrH_fopuZGB6cQkgCXGO2PA,OFF-GRID with Laszlo & Renewable Energy,https://cn.noxinfluencer.com/youtube/channel/UCrH_fopuZGB6cQkgCXGO2PA,0,badcase,无标签无内容，缺少相关证据
9601,UCrIXNY6BZYlUMb4AslU2Qxw,YANGILIKLAR UZ,https://cn.noxinfluencer.com/youtube/channel/UCrIXNY6BZYlUMb4AslU2Qxw,-15,badcase,政治新闻频道，和充电宝投放目标明显不匹配
9602,UCrIhxQQPnawY9H1fwAZ49Xw,M R Reviews,https://cn.noxinfluencer.com/youtube/channel/UCrIhxQQPnawY9H1fwAZ49Xw,0,badcase,无标签无内容证据，无法支持充电宝推广
9603,UCrIr8v_vU1bkjnTxw2_9f6Q,Olena's Picks,https://cn.noxinfluencer.com/youtube/channel/UCrIr8v_vU1bkjnTxw2_9f6Q,0,badcase,无标签无内容证据，无法支持充电宝推广
9604,UCrJ7K59ywdCFLzmeMJbXx9w,Cashflow Ninja,https://cn.noxinfluencer.com/youtube/channel/UCrJ7K59ywdCFLzmeMJbXx9w,-15,badcase,金融投资内容，与充电宝投放无关
9605,UCrJIqkFpxnq-THXbWKgF-bw,Bang Roma YT,https://cn.noxinfluencer.com/youtube/channel/UCrJIqkFpxnq-THXbWKgF-bw,0,badcase,无标签无内容证据，无法支持充电宝推广
9606,UCrJu2y3XPCK77dP_Rn2J5lQ,TechFury,https://cn.noxinfluencer.com/youtube/channel/UCrJu2y3XPCK77dP_Rn2J5lQ,0,badcase,无标签无内容证据，无法支持充电宝推广
9608,UCrKHzfruskD8imAVVmWAaSQ,The Bullet Cast,https://cn.noxinfluencer.com/youtube/channel/UCrKHzfruskD8imAVVmWAaSQ,-15,badcase,摔角娱乐频道，不适合产品投放
9609,UCrKVqPBM2w_Y5CevHZ-DPqw,Banking Truths,https://cn.noxinfluencer.com/youtube/channel/UCrKVqPBM2w_Y5CevHZ-DPqw,-15,badcase,理财保险主题，与充电宝无关
9611,UCrKukpaZEra2htzc6mkysDg,Emabsudbdudbd,https://cn.noxinfluencer.com/youtube/channel/UCrKukpaZEra2htzc6mkysDg,0,badcase,无标签无内容证据，无法支持充电宝推广
9612,UCrL_LOIIGKOEc_u21AoqSYQ,LeLiDays,https://cn.noxinfluencer.com/youtube/channel/UCrL_LOIIGKOEc_u21AoqSYQ,0,badcase,日常vlog偏泛生活，缺少数码投放信号
9613,UCrLfG3tm-1435CxiBhXnm4A,MyWeego,https://cn.noxinfluencer.com/youtube/channel/UCrLfG3tm-1435CxiBhXnm4A,0,badcase,无标签无内容证据，无法支持充电宝推广
9615,UCrLre1-pWprRTb8QLMnlovw,Dr. FaithVision Academy,https://cn.noxinfluencer.com/youtube/channel/UCrLre1-pWprRTb8QLMnlovw,-15,badcase,短视频宗教内容，和充电宝投放不符
9616,UCrN1T3GnimxyMduMENd-CQw,SneakerVits,https://cn.noxinfluencer.com/youtube/channel/UCrN1T3GnimxyMduMENd-CQw,0,badcase,无标签无内容证据，无法支持充电宝推广
9618,UCrNP3wSHZbQ6Rde-dFgHoxQ,the Top5 Pickss,https://cn.noxinfluencer.com/youtube/channel/UCrNP3wSHZbQ6Rde-dFgHoxQ,0,badcase,无标签无内容证据，无法支持充电宝推广
9619,UCrNZ3e0oI_toXnTrDpguNUw,Electronic Minds,https://cn.noxinfluencer.com/youtube/channel/UCrNZ3e0oI_toXnTrDpguNUw,0,badcase,缺少标签与内容，相关性不足
9620,UCrNsCuBfStkPs1aaKcEIQkw,Review Best Five,https://cn.noxinfluencer.com/youtube/channel/UCrNsCuBfStkPs1aaKcEIQkw,0,badcase,缺少标签与内容，相关性不足
9624,UCrPcxDTC0nLLBLbJ6-WlEwg,nuvending,https://cn.noxinfluencer.com/youtube/channel/UCrPcxDTC0nLLBLbJ6-WlEwg,0,badcase,无标签无内容证据，无法支持充电宝推广
9626,UCrQaLyvE_cCj1aJ5merOhOA,Amazing Hazari,https://cn.noxinfluencer.com/youtube/channel/UCrQaLyvE_cCj1aJ5merOhOA,-10,badcase,娱乐/电影/游戏为主，与充电宝推广场景不匹配
9627,UCrQt47XZmo-UvVTizbJej6g,Kendall Todd TheSilverGuy,https://cn.noxinfluencer.com/youtube/channel/UCrQt47XZmo-UvVTizbJej6g,-11,badcase,游戏内容占主，DIY/教程不足以支撑数码配件推广
9628,UCrRd1fGczTKOlnrAUyg1j8Q,Standing painting,https://cn.noxinfluencer.com/youtube/channel/UCrRd1fGczTKOlnrAUyg1j8Q,0,badcase,无标签无内容证据，相关性不足
9630,UCrS9QtOUvK7Cc36JYBqMtDQ,JM2C,https://cn.noxinfluencer.com/youtube/channel/UCrS9QtOUvK7Cc36JYBqMtDQ,-10,badcase,音乐娱乐为主，和实体产品推广不相关
9632,UCrTfSaJviMXJw6jCu13knwQ,Jaybian Films,https://cn.noxinfluencer.com/youtube/channel/UCrTfSaJviMXJw6jCu13knwQ,-15,badcase,影视娱乐频道，缺少产品推广语境
9634,UCrUuRvi8pHNLWJSACRpNVjA,Unthinkable Build,https://cn.noxinfluencer.com/youtube/channel/UCrUuRvi8pHNLWJSACRpNVjA,0,badcase,工程/施工主题过远，和充电宝相关性弱
9635,UCrUx0ZCkmiVtCf7RK0PEYTQ,LuxLearner by Education Couture,https://cn.noxinfluencer.com/youtube/channel/UCrUx0ZCkmiVtCf7RK0PEYTQ,0,badcase,早教阅读频道，和数码产品推广无关
9636,UCrVAkzJYnzAoDWLpo87DL4w,Meow (•◡•),https://cn.noxinfluencer.com/youtube/channel/UCrVAkzJYnzAoDWLpo87DL4w,-15,badcase,lofi/电台型内容，与实体产品推广格式冲突
9637,UCrVO_eAE9TEjkX-9UpLFg9Q,FlintReady,https://cn.noxinfluencer.com/youtube/channel/UCrVO_eAE9TEjkX-9UpLFg9Q,0,badcase,无标签无内容证据，相关性不足
9640,UCrWWempvFc-lpOPC8zRNR8g,Online store,https://cn.noxinfluencer.com/youtube/channel/UCrWWempvFc-lpOPC8zRNR8g,0,badcase,店铺型账号偏销售，但创作者证据不足
9641,UCrWowMh2_k1loEoo02CGhfg,bassplay12,https://cn.noxinfluencer.com/youtube/channel/UCrWowMh2_k1loEoo02CGhfg,-15,badcase,音乐翻弹为主，不适合做数码产品推广
9648,UCrYqCqr_JcG0wtJHkPpb5sg,Abir Ahmed,https://cn.noxinfluencer.com/youtube/channel/UCrYqCqr_JcG0wtJHkPpb5sg,0,badcase,无标签无内容证据，相关性不足
9649,UCrZP5mRrvn1WPpBM5S-QBCQ,Ridoy creative channel,https://cn.noxinfluencer.com/youtube/channel/UCrZP5mRrvn1WPpBM5S-QBCQ,0,badcase,无标签无内容证据，相关性不足
9650,UCrZmQT40XHl0uXUxNW12SgA,Budget Guru,https://cn.noxinfluencer.com/youtube/channel/UCrZmQT40XHl0uXUxNW12SgA,0,badcase,预算类账号不等于数码购买导向
9651,UCr_cf_towBlhMsgic6BjLnA,ourfavoritefindz,https://cn.noxinfluencer.com/youtube/channel/UCr_cf_towBlhMsgic6BjLnA,0,badcase,无标签与近期内容，相关性不足
9652,UCraA9_FKMj_RMphQNc2SmSA,3-Sayyora,https://cn.noxinfluencer.com/youtube/channel/UCraA9_FKMj_RMphQNc2SmSA,-15,badcase,政治军事向，与充电宝推广明显不符
9653,UCraJY4WDmsr6wBJv85hO8Sw,1X_INCOME,https://cn.noxinfluencer.com/youtube/channel/UCraJY4WDmsr6wBJv85hO8Sw,0,badcase,无标签与近期内容，相关性不足
9654,UCrbs0Ap1Zne32POR2H-8uoQ,Tiny Market,https://cn.noxinfluencer.com/youtube/channel/UCrbs0Ap1Zne32POR2H-8uoQ,0,badcase,无标签与近期内容，相关性不足
9656,UCregDm4cs0sHYh2RQRt5IsQ,Xhibit Plus,https://cn.noxinfluencer.com/youtube/channel/UCregDm4cs0sHYh2RQRt5IsQ,-15,badcase,音乐娱乐向，缺少产品推广场景
9657,UCrfWwYjck7o9KDhvA9gXaHw,DiDimau90,https://cn.noxinfluencer.com/youtube/channel/UCrfWwYjck7o9KDhvA9gXaHw,0,badcase,无标签与近期内容，相关性不足
9659,UCrgGQnIF_IEh0YvdQ2Kg2xQ,Antonio,https://cn.noxinfluencer.com/youtube/channel/UCrgGQnIF_IEh0YvdQ2Kg2xQ,0,badcase,无标签与近期内容，相关性不足
9660,UCrgq-cPbmJmuOGtBMWpvSng,Tech with Emma,https://cn.noxinfluencer.com/youtube/channel/UCrgq-cPbmJmuOGtBMWpvSng,0,badcase,无标签与近期内容，相关性不足
9661,UCri2YZr80jKK6ZW6-6FTN0g,AnyAdventure,https://cn.noxinfluencer.com/youtube/channel/UCri2YZr80jKK6ZW6-6FTN0g,0,badcase,无标签与近期内容，相关性不足
9662,UCrieclVWdbKYQNWCVqEYg9g,Little Mountain Life,https://cn.noxinfluencer.com/youtube/channel/UCrieclVWdbKYQNWCVqEYg9g,0,badcase,家居生活泛话题，缺少充电宝意图
9665,UCrjWO40jSQ5ig-2RBRils-g,John & Michele shenanigans,https://cn.noxinfluencer.com/youtube/channel/UCrjWO40jSQ5ig-2RBRils-g,0,badcase,无标签与近期内容，相关性不足
9666,UCrkmAjzp6t-0nhTrqDNi4Kg,Xyooj Outdoor,https://cn.noxinfluencer.com/youtube/channel/UCrkmAjzp6t-0nhTrqDNi4Kg,0,badcase,无标签与近期内容，相关性不足
9668,UCrlcaCSN-86vKoJt_a8-0ag,GentlemanCritic,https://cn.noxinfluencer.com/youtube/channel/UCrlcaCSN-86vKoJt_a8-0ag,-15,badcase,影视动画娱乐向，与充电宝推广不匹配
9670,UCroN1OS0x4E8F7iEjvBnffA,Banker Lamp,https://cn.noxinfluencer.com/youtube/channel/UCroN1OS0x4E8F7iEjvBnffA,0,badcase,无标签与近期内容，相关性不足
9671,UCromPik7OOZ2Zhu3_XDcHdg,Snow Joe + Sun Joe,https://cn.noxinfluencer.com/youtube/channel/UCromPik7OOZ2Zhu3_XDcHdg,0,badcase,家居品牌向，缺少充电宝相关信号
9672,UCrov7n4NnuoA2kkzqy72RDg,Your Common Girl,https://cn.noxinfluencer.com/youtube/channel/UCrov7n4NnuoA2kkzqy72RDg,0,badcase,生活美食向，与数码推广关联弱
9673,UCrpYCrOG8JGoYLXPhkr_q8g,Big Save Aliexpress,https://cn.noxinfluencer.com/youtube/channel/UCrpYCrOG8JGoYLXPhkr_q8g,0,badcase,无标签与近期内容，相关性不足
9675,UCrqA4U1bUcWhE_dC-r0Yvrg,You Choice,https://cn.noxinfluencer.com/youtube/channel/UCrqA4U1bUcWhE_dC-r0Yvrg,0,badcase,无标签与近期内容，相关性不足
9676,UCrtPfRcDmk0VU6hnqSPjx4Q,Knoles CoolStuff,https://cn.noxinfluencer.com/youtube/channel/UCrtPfRcDmk0VU6hnqSPjx4Q,-5,badcase,娱乐收藏向，前5含 entertainment，和充电宝推广不匹配
9678,UCrupwszKf1KeUhsPR4-dlBg,eComhubNet,https://cn.noxinfluencer.com/youtube/channel/UCrupwszKf1KeUhsPR4-dlBg,0,badcase,无标签无视频证据，缺少数码推广相关性
9679,UCrwrTnxCtCS-fQmugScuArA,Bitcoin Capitalist,https://cn.noxinfluencer.com/youtube/channel/UCrwrTnxCtCS-fQmugScuArA,0,badcase,加密金融向，与充电宝推广关联很弱
9680,UCrxGvd4_yFasrDJcgW9UsEw,Searching For Treasures (Laura),https://cn.noxinfluencer.com/youtube/channel/UCrxGvd4_yFasrDJcgW9UsEw,0,badcase,无标签无视频证据，缺少产品推广相关性
9681,UCrxaN77F29O5vsYlVsPgCXA,Moneyverse EN,https://cn.noxinfluencer.com/youtube/channel/UCrxaN77F29O5vsYlVsPgCXA,0,badcase,无标签无内容证据，和充电宝无直接关联
9683,UCrySmvNXqYOi6Fy42VsIhhA,The Budget Wise Dad,https://cn.noxinfluencer.com/youtube/channel/UCrySmvNXqYOi6Fy42VsIhhA,0,badcase,无标签无视频证据，无法支持数码产品推广
9684,UCrz6rsjTxOX7v2r2puOKlpg,ProductUnboxed,https://cn.noxinfluencer.com/youtube/channel/UCrz6rsjTxOX7v2r2puOKlpg,0,badcase,无标签无内容证据，无法确认适合充电宝推广
9685,UCrz7JrktSqp8ijsWHPWhCKA,Brightly Directions,https://cn.noxinfluencer.com/youtube/channel/UCrz7JrktSqp8ijsWHPWhCKA,0,badcase,内容杂糅且无数码场景，推广相关性低
9686,UCrzBSHE6eXNp_W08sQTh5IA,Top5 Unboxed,https://cn.noxinfluencer.com/youtube/channel/UCrzBSHE6eXNp_W08sQTh5IA,0,badcase,无标签无内容证据，无法确认适合充电宝推广
9687,UCs-FM5AEmzAkWjip39Tk-Jg,Chasing Honest Light,https://cn.noxinfluencer.com/youtube/channel/UCs-FM5AEmzAkWjip39Tk-Jg,0,badcase,无标签无视频证据，相关性不足
9688,UCs-I0C4R5AHg_oJQXYLqOpA,Lindsie Edgren,https://cn.noxinfluencer.com/youtube/channel/UCs-I0C4R5AHg_oJQXYLqOpA,0,badcase,无标签无视频证据，相关性不足
9689,UCs-gvn5ab1gq-NzzG3KJJUA,Strong Faith Message,https://cn.noxinfluencer.com/youtube/channel/UCs-gvn5ab1gq-NzzG3KJJUA,0,badcase,宗教向，与充电宝推广无关
9690,UCs-ly4crqxI_1beyFzSy41Q,OnaedoSREze,https://cn.noxinfluencer.com/youtube/channel/UCs-ly4crqxI_1beyFzSy41Q,0,badcase,无标签无视频证据，相关性不足
9691,UCs-xpTbziuzdY-AbIumvfLg,Phatkat Collections,https://cn.noxinfluencer.com/youtube/channel/UCs-xpTbziuzdY-AbIumvfLg,0,badcase,手表评测向，和充电宝类目不一致
9692,UCs-zHPiQaEYvIqNNISEmU4A,Practice makes perfect,https://cn.noxinfluencer.com/youtube/channel/UCs-zHPiQaEYvIqNNISEmU4A,0,badcase,汽车DIY向，只有弱场景关联
9693,UCs0SDXSWhdRTEidz3L22KBg,TorqueForge Lab,https://cn.noxinfluencer.com/youtube/channel/UCs0SDXSWhdRTEidz3L22KBg,0,badcase,无标签无视频证据，相关性不足
9695,UCs10x-muRrTQMJ4Ya-fmIlw,Snowflake Inc.,https://cn.noxinfluencer.com/youtube/channel/UCs10x-muRrTQMJ4Ya-fmIlw,0,badcase,数据云/AI向，与充电宝推广无关
9696,UCs12ZsiekjyxKT4610kaC8Q,Juwell Amin,https://cn.noxinfluencer.com/youtube/channel/UCs12ZsiekjyxKT4610kaC8Q,-12,badcase,短视频娱乐向，前5含 entertainment/viral，格式不匹配
9700,UCs3ZIwAL1ApdSLVIILljBRA,Rafin Alam,https://cn.noxinfluencer.com/youtube/channel/UCs3ZIwAL1ApdSLVIILljBRA,0,badcase,无标签无视频证据，相关性不足
9701,UCs4x6wcoPLpSzuiLFtSIKJA,Varón de Dios💖구경평💖마중물,https://cn.noxinfluencer.com/youtube/channel/UCs4x6wcoPLpSzuiLFtSIKJA,-15,badcase,宗教/音乐为主，和充电宝推广场景不匹配
9702,UCs5KJTFjcSRdeG6DoBGe7fA,Life on the Big Rock,https://cn.noxinfluencer.com/youtube/channel/UCs5KJTFjcSRdeG6DoBGe7fA,0,badcase,生活故事类短视频，缺少数码产品推广信号
9704,UCs5idhwR3MV93QCUDDUdNFA,Miranda John,https://cn.noxinfluencer.com/youtube/channel/UCs5idhwR3MV93QCUDDUdNFA,0,badcase,无标签和内容信号，无法判断相关性
9705,UCs5qNWMkLU1MEv7zdkmvifQ,Song Production Pros,https://cn.noxinfluencer.com/youtube/channel/UCs5qNWMkLU1MEv7zdkmvifQ,-10,badcase,音乐制作频道，和充电宝推广场景差距大
9706,UCs6bzqDHyo-PWHZuhaP1_Eg,The 5 Best Review,https://cn.noxinfluencer.com/youtube/channel/UCs6bzqDHyo-PWHZuhaP1_Eg,0,badcase,只有泛化的“review”名称，没有数码标签支撑
9707,UCs6l1xp3PqsuFsu-KoxC8Ag,Alana Marquez,https://cn.noxinfluencer.com/youtube/channel/UCs6l1xp3PqsuFsu-KoxC8Ag,0,badcase,美妆健身向，缺少电子/评测/开箱语义
9709,UCs7WBVgQ0VCypHys2bzUoaw,Tinted,https://cn.noxinfluencer.com/youtube/channel/UCs7WBVgQ0VCypHys2bzUoaw,0,badcase,无标签，无法判断受众
9711,UCs7xeZp9r7l-RAy-3evT-ag,Zero To infinity Tech,https://cn.noxinfluencer.com/youtube/channel/UCs7xeZp9r7l-RAy-3evT-ag,0,badcase,名称偏科技，但缺少标签和内容支撑
9712,UCs8ZZylkBDMTxxSf4M_7Zgw,Rad Pursuit,https://cn.noxinfluencer.com/youtube/channel/UCs8ZZylkBDMTxxSf4M_7Zgw,0,badcase,无标签，和充电宝无明显关系
9713,UCs8enGPEUJbj9q7NKxEHU7g,TechTribe,https://cn.noxinfluencer.com/youtube/channel/UCs8enGPEUJbj9q7NKxEHU7g,0,badcase,只有 Tech 名称，无具体数码评测标签
9715,UCs8ulQpwgOd0eS-4qx8QRtg,Bumps and Bottles,https://cn.noxinfluencer.com/youtube/channel/UCs8ulQpwgOd0eS-4qx8QRtg,0,badcase,名称偏母婴感，但没有可用标签支撑
9716,UCs8yacWiaS-Pjf9ZLfS0uOw,STM ISLAMIC LIFE,https://cn.noxinfluencer.com/youtube/channel/UCs8yacWiaS-Pjf9ZLfS0uOw,-15,badcase,宗教讲经频道，和充电宝推广无关
9717,UCs9AN-WTBsWP72aewXlNKUA,"Riffs, Beards & Gear",https://cn.noxinfluencer.com/youtube/channel/UCs9AN-WTBsWP72aewXlNKUA,-10,badcase,音乐 vlog 为主，没有数码评测场景
9718,UCsA760-IXHqjU9yQAsaPzMA,WattsMindset,https://cn.noxinfluencer.com/youtube/channel/UCsA760-IXHqjU9yQAsaPzMA,0,badcase,无标签，缺少可判断的信息
9719,UCsA7GWI7X0cOS1hA6Msvx2g,Life Gears Hub,https://cn.noxinfluencer.com/youtube/channel/UCsA7GWI7X0cOS1hA6Msvx2g,0,badcase,名称偏泛化，未见数码或评测标签
9720,UCsAte0LpAMTbQSkOwnYe4Pg,Born To Ride,https://cn.noxinfluencer.com/youtube/channel/UCsAte0LpAMTbQSkOwnYe4Pg,0,badcase,疑似骑行生活向，但没有产品推广信号
9721,UCsBVEyFxggo6K5EFCZyRhvQ,infinity sttore,https://cn.noxinfluencer.com/youtube/channel/UCsBVEyFxggo6K5EFCZyRhvQ,0,badcase,店铺感名称，但没有内容标签支撑
9723,UCsDb-6RGAzBimgAy6yVTnQw,Rare Review,https://cn.noxinfluencer.com/youtube/channel/UCsDb-6RGAzBimgAy6yVTnQw,0,badcase,无标签，无法判断相关性
9724,UCsDsY3o5RhxJjTNY8Iw5HfA,James Labs TV,https://cn.noxinfluencer.com/youtube/channel/UCsDsY3o5RhxJjTNY8Iw5HfA,0,badcase,无标签，和充电宝无明显关系
9725,UCsE36wTGZmAaS6i7LZr-9Lw,Jason's Honest Reviews and How-To's,https://cn.noxinfluencer.com/youtube/channel/UCsE36wTGZmAaS6i7LZr-9Lw,0,badcase,无标签，缺少可判断的信息
9726,UCsE8m1W144SQ6Ze_PyLnEnw,Eagle Eye Power Solutions,https://cn.noxinfluencer.com/youtube/channel/UCsE8m1W144SQ6Ze_PyLnEnw,0,badcase,无标签和内容线索，难判断与移动电源是否相关
9730,UCsFBpRO-eXOihqNNaN7o9BQ,S7EALTHY,https://cn.noxinfluencer.com/youtube/channel/UCsFBpRO-eXOihqNNaN7o9BQ,0,badcase,无标签和内容线索，无法支持相关判断
9731,UCsFKLod3eFwN1xNZp5GQRsA,walletopia,https://cn.noxinfluencer.com/youtube/channel/UCsFKLod3eFwN1xNZp5GQRsA,0,badcase,钱包/时尚受众与移动电源关联太弱
9732,UCsFMZFUBFVr9AzRlkmEKdlQ,Novice Media,https://cn.noxinfluencer.com/youtube/channel/UCsFMZFUBFVr9AzRlkmEKdlQ,0,badcase,无标签和内容线索，缺少可用证据
9733,UCsFg9BNkMzNXJPdGDH_3nAQ,Top Amazon Picks,https://cn.noxinfluencer.com/youtube/channel/UCsFg9BNkMzNXJPdGDH_3nAQ,0,badcase,偏选品名称，但缺少具体品类与内容证据
9734,UCsFxEzswnZ9x6xaZaoQwrzA,Top Topics,https://cn.noxinfluencer.com/youtube/channel/UCsFxEzswnZ9x6xaZaoQwrzA,0,badcase,缺少标签和视频线索，相关性不足
9735,UCsGC1iiApGbub7388Fbn7eA,Southern First Bank,https://cn.noxinfluencer.com/youtube/channel/UCsGC1iiApGbub7388Fbn7eA,0,badcase,银行频道与移动电源推广明显不匹配
9736,UCsGFZCzgka3ufYJW32oWuYQ,GizmoTribe,https://cn.noxinfluencer.com/youtube/channel/UCsGFZCzgka3ufYJW32oWuYQ,0,badcase,无标签内容，无法证明数码/充电相关性
9737,UCsGUJRPpDrw8mnGk3otsP1A,Adventures with Dr. Joe,https://cn.noxinfluencer.com/youtube/channel/UCsGUJRPpDrw8mnGk3otsP1A,0,badcase,DIY频道过泛，和移动电源关联不足
9738,UCsGm0K6O76a8vSTww9Y-NLg,ShocktheCityrs,https://cn.noxinfluencer.com/youtube/channel/UCsGm0K6O76a8vSTww9Y-NLg,0,badcase,无内容证据，无法判断与产品推广的匹配度
9740,UCsICGLpcrL542E7e4s4JqiA,Vibe Africa,https://cn.noxinfluencer.com/youtube/channel/UCsICGLpcrL542E7e4s4JqiA,0,badcase,无标签和视频线索，无法建立相关性
9742,UCsJgYqFlZ_JjSj6ReJVz_FQ,The Product Review Room,https://cn.noxinfluencer.com/youtube/channel/UCsJgYqFlZ_JjSj6ReJVz_FQ,0,badcase,仅有评测名称，缺少可验证的标签证据
9745,UCsKSzXmE_thCxKmkjurdOJg,InfluenceEcho,https://cn.noxinfluencer.com/youtube/channel/UCsKSzXmE_thCxKmkjurdOJg,0,badcase,无标签内容，缺少判断依据
9746,UCsK_Lo__Y-8y1Xj9Y0Gd-UA,"HISTORY BUFFET: THE TRUTH IS MESSY, GORY, AND WILD",https://cn.noxinfluencer.com/youtube/channel/UCsK_Lo__Y-8y1Xj9Y0Gd-UA,0,badcase,历史资讯频道与移动电源推广关联弱
9747,UCsKwwQDMxBapqI5QedwNdGw,Squid Head Joe,https://cn.noxinfluencer.com/youtube/channel/UCsKwwQDMxBapqI5QedwNdGw,0,badcase,游戏内容为主，和产品推广关联不足
9749,UCsM4ORP2NTML_Yi1cIVHQTw,Danatapo,https://cn.noxinfluencer.com/youtube/channel/UCsM4ORP2NTML_Yi1cIVHQTw,0,badcase,多主题泛频道，缺少充电/数码聚焦
9750,UCsM9gFdb_rbaRFKpaKQ3l7Q,Mr Marcus Adventure Channel,https://cn.noxinfluencer.com/youtube/channel/UCsM9gFdb_rbaRFKpaKQ3l7Q,0,badcase,冒险主题可能有户外场景，但证据不足
9751,UCsNFhJGGtesRl-5pTbNKEag,Oliver McGhee,https://cn.noxinfluencer.com/youtube/channel/UCsNFhJGGtesRl-5pTbNKEag,1,badcase,以金融/教育为主，科技标签过泛，和充电宝推广关联弱
9752,UCsNX-X3qczKtKWuVod0AkcQ,Inventra,https://cn.noxinfluencer.com/youtube/channel/UCsNX-X3qczKtKWuVod0AkcQ,0,badcase,无标签和视频证据，无法支持充电宝推广相关性
9753,UCsNoF9JzFCY5COGCUqKeOiA,KP Design Crates,https://cn.noxinfluencer.com/youtube/channel/UCsNoF9JzFCY5COGCUqKeOiA,0,badcase,无标签无内容证据，和充电宝推广无明显相关
9755,UCsNvxZC0fIylPROYZK9nTGw,MOVIE  RRECAP,https://cn.noxinfluencer.com/youtube/channel/UCsNvxZC0fIylPROYZK9nTGw,-15,badcase,娱乐/动物向频道，与充电宝推广场景明显不符
9756,UCsOvC1SYzGR_f0d7CO1KmSg,Crypto Helper,https://cn.noxinfluencer.com/youtube/channel/UCsOvC1SYzGR_f0d7CO1KmSg,0,badcase,标签为石油/石油美元，与充电宝推广无关
9757,UCsP3-6ptyMVWaXnlcbziPzQ,Prepper Base,https://cn.noxinfluencer.com/youtube/channel/UCsP3-6ptyMVWaXnlcbziPzQ,0,badcase,无标签、无相关标题，缺少充电宝推广相关证据
9759,UCsPNP0aGxLA6F9cTHbZA7Dw,NextGen Hype,https://cn.noxinfluencer.com/youtube/channel/UCsPNP0aGxLA6F9cTHbZA7Dw,0,badcase,无标签和视频证据，缺少充电宝推广相关性信号
9761,UCsPlFV7HDp3SFg474jDwXIw,Goose Reviews,https://cn.noxinfluencer.com/youtube/channel/UCsPlFV7HDp3SFg474jDwXIw,0,badcase,无标签和内容证据，无法判断为充电宝推广相关频道
9762,UCsQBGMEhG_Dfatz8EnFqJrg,DeviceEnforcer,https://cn.noxinfluencer.com/youtube/channel/UCsQBGMEhG_Dfatz8EnFqJrg,0,badcase,无标签无内容信号，难以判断与充电宝推广相关
9766,UCsU0wF9NHXu8_RzZdOdZzgA,Mr.Scrutiny,https://cn.noxinfluencer.com/youtube/channel/UCsU0wF9NHXu8_RzZdOdZzgA,0,badcase,无标签、无内容信号，无法支持充电宝推广
9767,UCsVEcfKz2mH7NpeFrWbJH7g,Jay Flat Out,https://cn.noxinfluencer.com/youtube/channel/UCsVEcfKz2mH7NpeFrWbJH7g,0,badcase,汽车改装频道，与通用充电宝推广缺少明确受众和购买场景
9768,UCsVMWvVnsozi5B53JIeh6Wg,AmzGadgetss,https://cn.noxinfluencer.com/youtube/channel/UCsVMWvVnsozi5B53JIeh6Wg,0,badcase,无标签和内容匹配，缺少充电宝推广相关性
9770,UCsWDLbvZiET5OXsrKECiPHQ,Aislinn Crane,https://cn.noxinfluencer.com/youtube/channel/UCsWDLbvZiET5OXsrKECiPHQ,0,badcase,无标签、无标题与充电宝推广相关，缺乏任何召回证据
9771,UCsWfHYKXaA0MVqShN9B4CVw,indian talent,https://cn.noxinfluencer.com/youtube/channel/UCsWfHYKXaA0MVqShN9B4CVw,0,badcase,标签以娱乐音乐为主，缺少充电宝推广相关信号
9773,UCsXjvGSBPVMhmzbu0g1nZ_g,Unboxing Space,https://cn.noxinfluencer.com/youtube/channel/UCsXjvGSBPVMhmzbu0g1nZ_g,0,badcase,标签与充电宝无关，偏时尚/手表/鞋类，缺乏数码推广信号
9775,UCsXuki6gNZkbZbJvryLZ-rQ,Willomet Motor & Fab,https://cn.noxinfluencer.com/youtube/channel/UCsXuki6gNZkbZbJvryLZ-rQ,0,badcase,汽车改装DIY频道，与充电宝推广场景无明显相关
9776,UCsY-if0Qo4CFBka3Xr4_QXQ,Mafia Reviews,https://cn.noxinfluencer.com/youtube/channel/UCsY-if0Qo4CFBka3Xr4_QXQ,1,badcase,偏自动化/商业，和充电宝推广弱相关
9777,UCsYFKVxe3XSdWjgtjCpNKiA,ERDEL WISE,https://cn.noxinfluencer.com/youtube/channel/UCsYFKVxe3XSdWjgtjCpNKiA,0,badcase,无有效标签，缺少相关性证据
9781,UCsZSA7frwa5Kc3eN2TexECQ,HYDRO DIPPING ARTIST,https://cn.noxinfluencer.com/youtube/channel/UCsZSA7frwa5Kc3eN2TexECQ,0,badcase,工艺手作向，与充电宝无关
9783,UCs_GN_nFJxofwzZ-kDoiNuQ,Hand-made,https://cn.noxinfluencer.com/youtube/channel/UCs_GN_nFJxofwzZ-kDoiNuQ,0,badcase,无标签无主题，无法判断相关性
9784,UCs_wNXR1YrCc5AictW1Mntg,Rapid Films,https://cn.noxinfluencer.com/youtube/channel/UCs_wNXR1YrCc5AictW1Mntg,-15,badcase,影视娱乐频道，和充电宝推广不匹配
9785,UCs_zG4M2xUb-jqTEomY67Rg,Bangla Health Tips Experts Ibrahim,https://cn.noxinfluencer.com/youtube/channel/UCs_zG4M2xUb-jqTEomY67Rg,0,badcase,健康资讯号，缺少数码购买语境
9786,UCsa779EUjDjZuope4k5WQfQ,cucuj3,https://cn.noxinfluencer.com/youtube/channel/UCsa779EUjDjZuope4k5WQfQ,0,badcase,无有效标签，缺少相关性证据
9787,UCsaCDSD_xL0L8lYPm8NNWcQ,Black Moral Verse,https://cn.noxinfluencer.com/youtube/channel/UCsaCDSD_xL0L8lYPm8NNWcQ,0,badcase,无有效标签，缺少相关性证据
9788,UCsaF9TB7hPyHodtcbG2BWpQ,HENRY,https://cn.noxinfluencer.com/youtube/channel/UCsaF9TB7hPyHodtcbG2BWpQ,0,badcase,无有效标签，缺少相关性证据
9791,UCsbTpU39VNzm3FxnmOGgHHg,Reviews Of Stuff,https://cn.noxinfluencer.com/youtube/channel/UCsbTpU39VNzm3FxnmOGgHHg,0,badcase,无标签无主题，无法判断相关性
9793,UCsb_RMNYtQg7tEfk1cJRGQQ,Listopia Central,https://cn.noxinfluencer.com/youtube/channel/UCsb_RMNYtQg7tEfk1cJRGQQ,0,badcase,美妆护肤榜单号，与充电宝无关
9796,UCsfTBV5EFheyAV6BTKBeYyQ,SUMIT KUMAR,https://cn.noxinfluencer.com/youtube/channel/UCsfTBV5EFheyAV6BTKBeYyQ,0,badcase,无有效标签，缺少相关性证据
9797,UCsgvV7Z3JrKFV__qqKpsZ-Q,Sonia with islam,https://cn.noxinfluencer.com/youtube/channel/UCsgvV7Z3JrKFV__qqKpsZ-Q,0,badcase,无有效标签，缺少相关性证据
9798,UCshKgG9H6fzuKVK46XTsoVw,W. Josef Yavuz,https://cn.noxinfluencer.com/youtube/channel/UCshKgG9H6fzuKVK46XTsoVw,0,badcase,无有效标签，缺少相关性证据
9800,UCshknL9O0HA5wuCfXcO6zgw,Kerkhoff Dellwo,https://cn.noxinfluencer.com/youtube/channel/UCshknL9O0HA5wuCfXcO6zgw,0,badcase,无有效标签，缺少相关性证据
9801,UCsidMXlUZPkokKqvTcD99og,JosianeSRLéonneSRRenau,https://cn.noxinfluencer.com/youtube/channel/UCsidMXlUZPkokKqvTcD99og,0,badcase,无相关标签和标题证据
9802,UCsj0XlmSvVVFl7KLYZHAV7g,CreativeKids,https://cn.noxinfluencer.com/youtube/channel/UCsj0XlmSvVVFl7KLYZHAV7g,0,badcase,无数码供电相关证据，偏儿童向
9803,UCsje3zZcBqFzs9HaGXAJ4Cw,Toppalletfly,https://cn.noxinfluencer.com/youtube/channel/UCsje3zZcBqFzs9HaGXAJ4Cw,0,badcase,无相关标签和内容证据
9807,UCsmPQStDK1C-heTQURej_jA,Amir in America,https://cn.noxinfluencer.com/youtube/channel/UCsmPQStDK1C-heTQURej_jA,-15,badcase,宠物内容为主，不适合人用充电宝推广
9808,UCsmjcHiq-Y8C67VYdRPI0xg,Give yourself A raise,https://cn.noxinfluencer.com/youtube/channel/UCsmjcHiq-Y8C67VYdRPI0xg,0,badcase,金融信用卡内容与充电宝无关
9812,UCsnvOo6bEI-iHHzobtyBZWw,Tony USmachines,https://cn.noxinfluencer.com/youtube/channel/UCsnvOo6bEI-iHHzobtyBZWw,0,badcase,工业包装机械与充电宝推广场景不符
9813,UCso78pM0zelDhoCQQdpD5hA,Red Racer,https://cn.noxinfluencer.com/youtube/channel/UCso78pM0zelDhoCQQdpD5hA,0,badcase,纯游戏娱乐，缺少数码产品推广场景
9814,UCsoH8yUC5OqWnVXOwJ5ddzg,SamusSong,https://cn.noxinfluencer.com/youtube/channel/UCsoH8yUC5OqWnVXOwJ5ddzg,0,badcase,游戏内容为主，只有泛数码标签
9817,UCspZfdIsfrolDpCDQRW9OKg,Archeagus,https://cn.noxinfluencer.com/youtube/channel/UCspZfdIsfrolDpCDQRW9OKg,0,badcase,游戏音乐为主，与充电宝推广不匹配
9819,UCsqg_qOYNGPqY52SsJ_gMxQ,Fresh Start Customs,https://cn.noxinfluencer.com/youtube/channel/UCsqg_qOYNGPqY52SsJ_gMxQ,0,badcase,DIY激光工艺为主，不是充电宝垂类
9820,UCsrHvcTBhU6Jg8YHnTtDWLw,Tech Byte,https://cn.noxinfluencer.com/youtube/channel/UCsrHvcTBhU6Jg8YHnTtDWLw,0,badcase,无标签无内容证据，仅名称偏科技
9821,UCsrUuEoZGxYSUcgsI0dL2UQ,USA Boy,https://cn.noxinfluencer.com/youtube/channel/UCsrUuEoZGxYSUcgsI0dL2UQ,0,badcase,无相关标签和标题证据
9822,UCsrcpzrTJO9j0-7QsD1iQ6w,Pepperell Crafts,https://cn.noxinfluencer.com/youtube/channel/UCsrcpzrTJO9j0-7QsD1iQ6w,0,badcase,手工DIY为主，与充电宝推广不匹配
9823,UCsrnH_aYM3fO-YFEbUv1opA,BenjisFinds,https://cn.noxinfluencer.com/youtube/channel/UCsrnH_aYM3fO-YFEbUv1opA,0,badcase,无相关标签和内容证据
9824,UCssY-O6cs_chMgfuudNljtA,Denzel Garcia,https://cn.noxinfluencer.com/youtube/channel/UCssY-O6cs_chMgfuudNljtA,0,badcase,健身内容与充电宝购买意图弱
9825,UCstZzQslaLQtjr2C6k_KvQw,Tech Genie,https://cn.noxinfluencer.com/youtube/channel/UCstZzQslaLQtjr2C6k_KvQw,0,badcase,无标签/标题证据，科技指向不足
9827,UCsvexWPXw_KijQGBrnlmWHA,Camera Talk Central,https://cn.noxinfluencer.com/youtube/channel/UCsvexWPXw_KijQGBrnlmWHA,0,badcase,无标签无内容，无法判断相关性
9829,UCsweRxTYlk-kkLT5h-LPoSQ,Raw Zen,https://cn.noxinfluencer.com/youtube/channel/UCsweRxTYlk-kkLT5h-LPoSQ,0,badcase,宗教娱乐向，和充电宝推广不匹配
9830,UCswpoCXbKoTGAChb6KjUZMw,Mini Lifehacker,https://cn.noxinfluencer.com/youtube/channel/UCswpoCXbKoTGAChb6KjUZMw,1,badcase,仅有泛生活技巧标签，相关性偏弱
9832,UCsyN93DPkgSTTtH4Yn79EKQ,Smart Review,https://cn.noxinfluencer.com/youtube/channel/UCsyN93DPkgSTTtH4Yn79EKQ,0,badcase,无标签无内容，无法判断相关性
9833,UCszCFGafPLhUi9X7wrSOn7w,Our World Upside Down,https://cn.noxinfluencer.com/youtube/channel/UCszCFGafPLhUi9X7wrSOn7w,0,badcase,无标签无内容，无法判断相关性
9835,UCt-7GzjmkaKLqnI3Bo7ULTA,End,https://cn.noxinfluencer.com/youtube/channel/UCt-7GzjmkaKLqnI3Bo7ULTA,0,badcase,无标签无内容，无法判断相关性
9836,UCt-VNUpxmPEO69lj4s_58Hw,Hopsauce,https://cn.noxinfluencer.com/youtube/channel/UCt-VNUpxmPEO69lj4s_58Hw,0,badcase,无标签无内容，无法判断相关性
9837,UCt0440oISaoVQ_1wXBkpwUA,Pick Point Hub,https://cn.noxinfluencer.com/youtube/channel/UCt0440oISaoVQ_1wXBkpwUA,0,badcase,无标签无内容，无法判断相关性
9839,UCt2ItR0U-6XGAK0eFSPc18A,FindItFast,https://cn.noxinfluencer.com/youtube/channel/UCt2ItR0U-6XGAK0eFSPc18A,0,badcase,无标签无内容，无法判断相关性
9841,UCt2uc9q5t80vXcwJCIaCr7w,DrJuiceMan,https://cn.noxinfluencer.com/youtube/channel/UCt2uc9q5t80vXcwJCIaCr7w,0,badcase,无标签无内容，无法判断相关性
9842,UCt3D0ChzWm5nhFpiAcExsmw,Angel Moreno,https://cn.noxinfluencer.com/youtube/channel/UCt3D0ChzWm5nhFpiAcExsmw,0,badcase,无标签无内容，无法判断相关性
9844,UCt3jdVe5YfUfnrksHvFtnkg,Everyday Family Finds,https://cn.noxinfluencer.com/youtube/channel/UCt3jdVe5YfUfnrksHvFtnkg,0,badcase,无标签无内容，无法判断相关性
9845,UCt48aifd-PYjvwMV3XEqdWA,JG Voyages,https://cn.noxinfluencer.com/youtube/channel/UCt48aifd-PYjvwMV3XEqdWA,0,badcase,无标签无内容，无法判断相关性
9846,UCt5Imxag0wIIx21O6Ezds5A,Explore Lee,https://cn.noxinfluencer.com/youtube/channel/UCt5Imxag0wIIx21O6Ezds5A,0,badcase,无标签无内容，无法判断相关性
9848,UCt68SLOcZtcM7DIYruDTNHA,Top 5 Sales,https://cn.noxinfluencer.com/youtube/channel/UCt68SLOcZtcM7DIYruDTNHA,0,badcase,无标签无内容，无法判断相关性
9852,UCt8-oJKVf9DWCKCb1DXLqjA,Airstream Nerds,https://cn.noxinfluencer.com/youtube/channel/UCt8-oJKVf9DWCKCb1DXLqjA,0,badcase,无标签无内容，相关性无法建立
9853,UCtBRGZemSuj6k30FMQf4nJw,CueSports International,https://cn.noxinfluencer.com/youtube/channel/UCtBRGZemSuj6k30FMQf4nJw,0,badcase,台球赛事垂类，缺少数码充电场景
9854,UCtBWd0jmm7Wl0SmkfCM9j4g,UBL Pack UsCa,https://cn.noxinfluencer.com/youtube/channel/UCtBWd0jmm7Wl0SmkfCM9j4g,0,badcase,无标签无内容，无法判断
9855,UCtC8SANasxz7ZEyuA76QW9g,Hassle Free Reviews,https://cn.noxinfluencer.com/youtube/channel/UCtC8SANasxz7ZEyuA76QW9g,0,badcase,无标签无内容，缺少推广依据
9858,UCtChdRFc7ym2hEFNCmgzI6A,Son Nguyen19,https://cn.noxinfluencer.com/youtube/channel/UCtChdRFc7ym2hEFNCmgzI6A,-15,badcase,喜剧娱乐内容为主，不适合带货充电宝
9860,UCtCocgOEHlZAv-Di0eZxaIg,Victoria Grace,https://cn.noxinfluencer.com/youtube/channel/UCtCocgOEHlZAv-Di0eZxaIg,0,badcase,无标签无内容，无法判断
9861,UCtDpVQE9Bb0iJRoj3XXCRxA,Country Craziness,https://cn.noxinfluencer.com/youtube/channel/UCtDpVQE9Bb0iJRoj3XXCRxA,0,badcase,木材价格话题为主，和数码充电无关
9862,UCtDqqxbVqsZCc8xRUzTthRA,ElectroDemo,https://cn.noxinfluencer.com/youtube/channel/UCtDqqxbVqsZCc8xRUzTthRA,0,badcase,无标签无内容，无法判断
9864,UCtEVv03mFL0_mTKLM9ENDXQ,BANG NIGI,https://cn.noxinfluencer.com/youtube/channel/UCtEVv03mFL0_mTKLM9ENDXQ,0,badcase,游戏内容为主，缺少充电购买信号
9865,UCtF75FOi_pTxsjpt94STtcQ,Ale,https://cn.noxinfluencer.com/youtube/channel/UCtF75FOi_pTxsjpt94STtcQ,0,badcase,无标签无内容，无法判断
9866,UCtFNqvjAIMIL0Icq899vwsQ,Iris Eileen,https://cn.noxinfluencer.com/youtube/channel/UCtFNqvjAIMIL0Icq899vwsQ,-15,badcase,剧情娱乐向，偏内容消费不适合带货
9867,UCtFpl8MuQYaFBOpzX9KbGug,Сакулевич,https://cn.noxinfluencer.com/youtube/channel/UCtFpl8MuQYaFBOpzX9KbGug,0,badcase,刀具工具向，和移动电源场景不匹配
9870,UCtHZ1qs5h4sx9TijVBQCMIA,Bank of America,https://cn.noxinfluencer.com/youtube/channel/UCtHZ1qs5h4sx9TijVBQCMIA,0,badcase,金融品牌号，缺少产品推广场景
9873,UCtLSczEXR3Anstud4VC6hMw,MISJOAN GH,https://cn.noxinfluencer.com/youtube/channel/UCtLSczEXR3Anstud4VC6hMw,0,badcase,杂项娱乐社会号，缺少数码推广场景
9874,UCtM0UV6YmDaQ4XAfTLI9tNQ,Leeann Elisha,https://cn.noxinfluencer.com/youtube/channel/UCtM0UV6YmDaQ4XAfTLI9tNQ,0,badcase,无标签无内容，无法判断
9875,UCtMiHF88exGQSzpTip7biQA,Homemade Hands Review,https://cn.noxinfluencer.com/youtube/channel/UCtMiHF88exGQSzpTip7biQA,0,badcase,无标签无内容，缺少推广依据
9877,UCtMvzfI1-xgZJK-9-Tt0UfA,时光飞行 | Time Flight,https://cn.noxinfluencer.com/youtube/channel/UCtMvzfI1-xgZJK-9-Tt0UfA,1,badcase,航空内容只有机场旅行联想，缺少充电宝推广语境
9878,UCtMxPRGHFoPgEiltZhLT9LQ,Pulsevera Stories,https://cn.noxinfluencer.com/youtube/channel/UCtMxPRGHFoPgEiltZhLT9LQ,0,badcase,无标签无内容信号，无法判断相关性
9881,UCtNVibRjWOSuGrznCRLrKvQ,Zasabo Tunobe,https://cn.noxinfluencer.com/youtube/channel/UCtNVibRjWOSuGrznCRLrKvQ,0,badcase,无标签无视频，缺少任何相关依据
9882,UCtNyr_GVyhiN7EhANsh1JEA,MegaMart,https://cn.noxinfluencer.com/youtube/channel/UCtNyr_GVyhiN7EhANsh1JEA,0,badcase,无标签无视频，缺少任何相关依据
9883,UCtOd72uNHMp6_QdZ9sVvi_Q,The Gadget Lab,https://cn.noxinfluencer.com/youtube/channel/UCtOd72uNHMp6_QdZ9sVvi_Q,0,badcase,标题和标签都缺失，暂无可用相关性证据
9884,UCtPEjp-i9-3BYVHBGEF22CQ,Aurzen Official,https://cn.noxinfluencer.com/youtube/channel/UCtPEjp-i9-3BYVHBGEF22CQ,0,badcase,无标签无视频，无法支撑充电宝推广判断
9885,UCtPJRr1oOo96X1oiY4bd3Jw,toktukpc,https://cn.noxinfluencer.com/youtube/channel/UCtPJRr1oOo96X1oiY4bd3Jw,0,badcase,无标签无视频，无法支撑充电宝推广判断
9886,UCtQ7FPa1HvIYYyqXP1mbn1g,Stephen Kurtzke,https://cn.noxinfluencer.com/youtube/channel/UCtQ7FPa1HvIYYyqXP1mbn1g,0,badcase,无标签无视频，无法支撑充电宝推广判断
9888,UCtQmMOG69oRkzfdHRGc4oxQ,VICTGOAL,https://cn.noxinfluencer.com/youtube/channel/UCtQmMOG69oRkzfdHRGc4oxQ,0,badcase,无标签无视频，缺少任何相关依据
9889,UCtQqL4M5QQstJ0v2865IQuQ,McLarty Films,https://cn.noxinfluencer.com/youtube/channel/UCtQqL4M5QQstJ0v2865IQuQ,0,badcase,娱乐/音乐向内容为主，缺少产品推广语境
9890,UCtQycmSrKdJ0zE0bWumO4vA,Digital Asset Investor,https://cn.noxinfluencer.com/youtube/channel/UCtQycmSrKdJ0zE0bWumO4vA,0,badcase,投资内容与充电宝受众不匹配，缺少产品使用场景
9891,UCtRsUWSlnmATu1X-wORUTqA,Cincinnati Open,https://cn.noxinfluencer.com/youtube/channel/UCtRsUWSlnmATu1X-wORUTqA,0,badcase,网球赛事可有出行场景，但与产品推广弱相关
9892,UCtSNkWk2cTFr598GZbX8ekw,Remis Gruver,https://cn.noxinfluencer.com/youtube/channel/UCtSNkWk2cTFr598GZbX8ekw,0,badcase,无标签无视频，缺少任何相关依据
9893,UCtSmLYXmUoRtoodCy3PxA4w,Dara,https://cn.noxinfluencer.com/youtube/channel/UCtSmLYXmUoRtoodCy3PxA4w,0,badcase,无标签无视频，缺少任何相关依据
9894,UCtTFTw7AxDniiGVkXl63Eqw,LTL repair girl,https://cn.noxinfluencer.com/youtube/channel/UCtTFTw7AxDniiGVkXl63Eqw,0,badcase,无标签无视频，缺少任何相关依据
9895,UCtTOrGOr05G_kM_hQSKZIaA,TWICE Clips,https://cn.noxinfluencer.com/youtube/channel/UCtTOrGOr05G_kM_hQSKZIaA,0,badcase,音乐剪辑向内容为主，不是产品推广场
9896,UCtUOtjwPsouEp7VoOERrFEQ,VinnyGyoza,https://cn.noxinfluencer.com/youtube/channel/UCtUOtjwPsouEp7VoOERrFEQ,0,badcase,无标签无视频，缺少任何相关依据
9899,UCtXHxSNJnxbcMaKpaIma-2Q,Nasar Thavanur,https://cn.noxinfluencer.com/youtube/channel/UCtXHxSNJnxbcMaKpaIma-2Q,0,badcase,无标签无视频，缺少任何相关依据
9900,UCtXVG-OtVREbYA35bdF9DAg,PFO,https://cn.noxinfluencer.com/youtube/channel/UCtXVG-OtVREbYA35bdF9DAg,0,badcase,无标签无视频，缺少任何相关依据
9901,UCtXVIqkc3iBk0bV5gvcNWgw,The Handyman,https://cn.noxinfluencer.com/youtube/channel/UCtXVIqkc3iBk0bV5gvcNWgw,0,badcase,家装/维修内容，和充电宝推广场景关联弱
9902,UCtXqbYbAO7L6OHYFLpbFYng,Tamdan SuperTechno,https://cn.noxinfluencer.com/youtube/channel/UCtXqbYbAO7L6OHYFLpbFYng,0,badcase,无标签、无近期内容，缺少任何相关证据
9904,UCtYxRQVgP7zo4rVPrUbtjfQ,Sokkia Revealer,https://cn.noxinfluencer.com/youtube/channel/UCtYxRQVgP7zo4rVPrUbtjfQ,0,badcase,旅游饮食内容，和充电宝投放不匹配
9906,UCt_6WR6pkouCm_Q48MSTimA,The Review Zone,https://cn.noxinfluencer.com/youtube/channel/UCt_6WR6pkouCm_Q48MSTimA,0,badcase,无标签，无法判断相关性
9907,UCtb09HaOuWMW9A-xQssdRsQ,Tellingbeatzz,https://cn.noxinfluencer.com/youtube/channel/UCtb09HaOuWMW9A-xQssdRsQ,0,badcase,音乐内容，和充电宝投放关联弱
9908,UCtbCLysMUvoomH447mUkstw,YOUCANIC,https://cn.noxinfluencer.com/youtube/channel/UCtbCLysMUvoomH447mUkstw,0,badcase,汽车维修向内容，和充电宝相关弱
9909,UCtbF0JMmjKdXdh7kFaMisFQ,A Jack Out of the Box,https://cn.noxinfluencer.com/youtube/channel/UCtbF0JMmjKdXdh7kFaMisFQ,0,badcase,户外旅行倾向但缺少电子产品语境
9910,UCtbNXK5saM_GJM0wWmiFtFg,Long Term Reviews,https://cn.noxinfluencer.com/youtube/channel/UCtbNXK5saM_GJM0wWmiFtFg,0,badcase,无标签且无内容证据
9912,UCtbkymRCxreyNHb_ON2FCsQ,Rachael Ray Show,https://cn.noxinfluencer.com/youtube/channel/UCtbkymRCxreyNHb_ON2FCsQ,0,badcase,美食综艺内容，和充电宝受众不匹配
9913,UCtc1_V7E5qEILheDkx7vQ0g,BuildEndure,https://cn.noxinfluencer.com/youtube/channel/UCtc1_V7E5qEILheDkx7vQ0g,0,badcase,无标签、无内容证据
9914,UCtc5xfLxq2oBKvsc61wGCYQ,Mr_Bvrks,https://cn.noxinfluencer.com/youtube/channel/UCtc5xfLxq2oBKvsc61wGCYQ,0,badcase,音乐内容，和充电宝投放关联弱
9915,UCtcOvbzvEME5xVTFPo4cBTQ,TheeProphet,https://cn.noxinfluencer.com/youtube/channel/UCtcOvbzvEME5xVTFPo4cBTQ,0,badcase,无标签，相关性不足
9916,UCtcVxoRxwKbHV8uSFYheuKg,FlameZero Reviews,https://cn.noxinfluencer.com/youtube/channel/UCtcVxoRxwKbHV8uSFYheuKg,0,badcase,仅看名称像评测，但无标签支撑
9917,UCtd92aqmPD-jVDNL_9hUuZw,Feraj Travels,https://cn.noxinfluencer.com/youtube/channel/UCtd92aqmPD-jVDNL_9hUuZw,0,badcase,旅行向但无标签，证据不足
9920,UCtdbMdJn6dIGXgNFVBLSjiA,Moments with Mitch,https://cn.noxinfluencer.com/youtube/channel/UCtdbMdJn6dIGXgNFVBLSjiA,0,badcase,无标签，缺少相关证据
9921,UCtf_xBled_Kelrqak0Ane4A,Gregory Ramey,https://cn.noxinfluencer.com/youtube/channel/UCtf_xBled_Kelrqak0Ane4A,0,badcase,无标签，缺少相关证据
9922,UCtfjrriHxeKEm9uQ6krcubQ,В Америке,https://cn.noxinfluencer.com/youtube/channel/UCtfjrriHxeKEm9uQ6krcubQ,0,badcase,美国生活内容，和充电宝相关弱
9923,UCtg1S3ZpXhXEAxn57x8R_mQ,7 млн.просмотров,https://cn.noxinfluencer.com/youtube/channel/UCtg1S3ZpXhXEAxn57x8R_mQ,0,badcase,无标签，无法支持相关判断
9924,UCth4uNlhcWW37Uh2IkDN2cQ,gh0xttherebel,https://cn.noxinfluencer.com/youtube/channel/UCth4uNlhcWW37Uh2IkDN2cQ,-15,badcase,剧情反应/娱乐游戏向，明显不适合
9925,UCthAJeiDA_7iKyzYElbrgjg,NoodleNick,https://cn.noxinfluencer.com/youtube/channel/UCthAJeiDA_7iKyzYElbrgjg,-15,badcase,游戏娱乐为主，和充电宝投放不匹配
9928,UCthyQx8hhq_rnYwAd9nXNKw,Asim Unique,https://cn.noxinfluencer.com/youtube/channel/UCthyQx8hhq_rnYwAd9nXNKw,1,badcase,只有泛数码标签，缺少充电宝场景
9930,UCti-A4Z_gyJySh52r9jQJ-g,U-Know Podcast,https://cn.noxinfluencer.com/youtube/channel/UCti-A4Z_gyJySh52r9jQJ-g,0,badcase,无标签与内容证据，无法判断为相关频道
9931,UCtj1K2MqbIyjdecFP7BN-uQ,Echo Impacts,https://cn.noxinfluencer.com/youtube/channel/UCtj1K2MqbIyjdecFP7BN-uQ,0,badcase,无标签与内容证据，无法判断为相关频道
9932,UCtj6dQh02fDicXTw0SoaxaQ,Ulrich Merveil,https://cn.noxinfluencer.com/youtube/channel/UCtj6dQh02fDicXTw0SoaxaQ,0,badcase,无标签与内容证据，无法判断为相关频道
9933,UCtjNb2iTrBYWlP19zJJHJ9A,Lucky Dawg Productions (Bob Pearce),https://cn.noxinfluencer.com/youtube/channel/UCtjNb2iTrBYWlP19zJJHJ9A,-15,badcase,游戏直播为主，和充电宝推广明显不符
9935,UCtl4Jh6IomgfhU96G_8DsTw,Xmandre Dimples Family Friendly,https://cn.noxinfluencer.com/youtube/channel/UCtl4Jh6IomgfhU96G_8DsTw,0,badcase,家庭娱乐内容，缺少数码/充电相关信号
9937,UCtlcNed9BOLelmVzESj5olQ,MAKE’N BUILDZ,https://cn.noxinfluencer.com/youtube/channel/UCtlcNed9BOLelmVzESj5olQ,0,badcase,无标签与内容证据，无法判断为相关频道
9938,UCtltTs7AtUHfeAJlWmkck2g,ORIGINAL,https://cn.noxinfluencer.com/youtube/channel/UCtltTs7AtUHfeAJlWmkck2g,-15,badcase,游戏娱乐占主导，不适合充电宝推广
9941,UCtm_FaLwDQzZ85vxtgdAi1Q,Toxic Performance,https://cn.noxinfluencer.com/youtube/channel/UCtm_FaLwDQzZ85vxtgdAi1Q,0,badcase,赛车车类内容，和充电宝推广关联弱
9942,UCtnbN8PM6TAFSzFaa8AnnuQ,ESSCEE ASMR,https://cn.noxinfluencer.com/youtube/channel/UCtnbN8PM6TAFSzFaa8AnnuQ,-15,badcase,ASMR 格式与实体产品推广强不匹配
9945,UCto7KBa8QxsYLQLnPnKTd0w,Reviews.org,https://cn.noxinfluencer.com/youtube/channel/UCto7KBa8QxsYLQLnPnKTd0w,-10,badcase,偏影视娱乐评测，不是数码产品推广场景
9946,UCtoXdSMoKhdVm6cMPmdZzqw,LooserPro,https://cn.noxinfluencer.com/youtube/channel/UCtoXdSMoKhdVm6cMPmdZzqw,0,badcase,无标签与内容证据，无法判断为相关频道
9948,UCtogGJ07HI1rWJauox192rQ,Sajib's Eyes,https://cn.noxinfluencer.com/youtube/channel/UCtogGJ07HI1rWJauox192rQ,-15,badcase,音乐娱乐内容为主，不适合充电宝推广
9949,UCtq-EIlkQqx9tx01qEoK2HA,The Economic Reckoning,https://cn.noxinfluencer.com/youtube/channel/UCtq-EIlkQqx9tx01qEoK2HA,0,badcase,无标签与内容证据，无法判断为相关频道
9951,UCtsEvz-rnVZs7uOIGoR7gMA,The Frugal Homestead,https://cn.noxinfluencer.com/youtube/channel/UCtsEvz-rnVZs7uOIGoR7gMA,1,badcase,只有泛生活标签，缺少充电/数码投放意图
9952,UCtstjWaca3TVfr5UEFsoxyw,LOLRush,https://cn.noxinfluencer.com/youtube/channel/UCtstjWaca3TVfr5UEFsoxyw,0,badcase,无标签无内容信号，无法判断相关性
9954,UCtu0tXERKH8ssE1VCGE0S_w,Silver-Traveler,https://cn.noxinfluencer.com/youtube/channel/UCtu0tXERKH8ssE1VCGE0S_w,0,badcase,无标签无内容信号，无法判断相关性
9955,UCtu5X4aYTmMNdauI1u8IKLA,Lyon's Point,https://cn.noxinfluencer.com/youtube/channel/UCtu5X4aYTmMNdauI1u8IKLA,1,badcase,游戏/生活方式有弱场景相关，但缺少产品意图
9956,UCtuaRBkZmbi9fqXKuw_PZBg,New Tech Wonders,https://cn.noxinfluencer.com/youtube/channel/UCtuaRBkZmbi9fqXKuw_PZBg,0,badcase,无标签无内容信号，无法判断相关性
9957,UCtvbP1JSSkdSZ0rqdMfgk4Q,Mountains River Sea,https://cn.noxinfluencer.com/youtube/channel/UCtvbP1JSSkdSZ0rqdMfgk4Q,0,badcase,无标签无内容信号，无法判断相关性
9958,UCtvcbvmB6Y-wGO3tJulrCTA,Bio celebrities,https://cn.noxinfluencer.com/youtube/channel/UCtvcbvmB6Y-wGO3tJulrCTA,-10,badcase,娱乐影视频道，和产品推广场景不匹配
9959,UCtvt9Lrkjx05GV7dVLhVQQQ,A Confused NRI,https://cn.noxinfluencer.com/youtube/channel/UCtvt9Lrkjx05GV7dVLhVQQQ,0,badcase,无标签无内容信号，无法判断相关性
9960,UCtwIVRJn1ZVHSzOCJxeH2Fw,معتز مصطفي Motaz Mostafa,https://cn.noxinfluencer.com/youtube/channel/UCtwIVRJn1ZVHSzOCJxeH2Fw,0,badcase,无标签无内容信号，无法判断相关性
9962,UCtwT-x0c1pdseeXIG2eG6Pg,The Educated Owl,https://cn.noxinfluencer.com/youtube/channel/UCtwT-x0c1pdseeXIG2eG6Pg,-5,badcase,娱乐内容为主，投放匹配度低
9964,UCtxcZojM8zjo3jQKG-7_kkA,Gupiha Kimani,https://cn.noxinfluencer.com/youtube/channel/UCtxcZojM8zjo3jQKG-7_kkA,0,badcase,无标签无内容信号，无法判断相关性
9965,UCtyIFoylPNcgMzUwIdR44Dw,Top 5 Zone,https://cn.noxinfluencer.com/youtube/channel/UCtyIFoylPNcgMzUwIdR44Dw,0,badcase,无标签无内容信号，无法判断相关性
9966,UCu-MBEl2dtfobhB2Jq7kBiw,『Creek-Steve,https://cn.noxinfluencer.com/youtube/channel/UCu-MBEl2dtfobhB2Jq7kBiw,0,badcase,无标签无内容信号，无法判断相关性
9967,UCu07Ixg4x04Fs0zZdwze05g,Heartway Farms,https://cn.noxinfluencer.com/youtube/channel/UCu07Ixg4x04Fs0zZdwze05g,1,badcase,家庭农场生活向，和移动电源关联很弱
9968,UCu0ZHmu4hkUQsidWWhrkU1A,Rocket OnlineShopping,https://cn.noxinfluencer.com/youtube/channel/UCu0ZHmu4hkUQsidWWhrkU1A,0,badcase,无标签无内容信号，无法判断相关性
9969,UCu1A7s8HFJhj9I3w1cVmeTg,Andrew Frech,https://cn.noxinfluencer.com/youtube/channel/UCu1A7s8HFJhj9I3w1cVmeTg,0,badcase,无标签无内容信号，无法判断相关性
9971,UCu3EpSd6zKSO-Lt4yrK1AQQ,Scott in Real Life,https://cn.noxinfluencer.com/youtube/channel/UCu3EpSd6zKSO-Lt4yrK1AQQ,0,badcase,无标签无内容信号，无法判断相关性
9972,UCu4MQzM-Xf-n6Bg3KO4IBbA,SBno1,https://cn.noxinfluencer.com/youtube/channel/UCu4MQzM-Xf-n6Bg3KO4IBbA,0,badcase,无标签无内容信号，无法判断相关性
9973,UCu4WeslVQV0i4XcbvbIg3Mg,JayTheSquadMember,https://cn.noxinfluencer.com/youtube/channel/UCu4WeslVQV0i4XcbvbIg3Mg,0,badcase,无标签无内容信号，无法判断相关性
9975,UCu5AcCAJfKAQZ2GevJVvqew,TalkTickers: AI Podcast Discussing Earnings Calls,https://cn.noxinfluencer.com/youtube/channel/UCu5AcCAJfKAQZ2GevJVvqew,0,badcase,无标签无内容信号，无法判断相关性
9976,UCu5wMILBeySvMYM58P4EB3g,ШопПаллет,https://cn.noxinfluencer.com/youtube/channel/UCu5wMILBeySvMYM58P4EB3g,0,badcase,无相关标签或内容证据
9977,UCu6dDzIoHG6cYp-fHi12evw,Products Radar,https://cn.noxinfluencer.com/youtube/channel/UCu6dDzIoHG6cYp-fHi12evw,0,badcase,无相关标签或内容证据
9978,UCu6fdrSkOVze_GTGyuq-TfQ,Raiya Academy,https://cn.noxinfluencer.com/youtube/channel/UCu6fdrSkOVze_GTGyuq-TfQ,0,badcase,编程知识向内容与充电宝推广无关
9979,UCu7-gSvfKZw5_vvSSHa3P9g,@justjon83,https://cn.noxinfluencer.com/youtube/channel/UCu7-gSvfKZw5_vvSSHa3P9g,0,badcase,无相关标签或内容证据
9980,UCu7lB8_7ObvIFUDYd99aSRg,UNITED STATE,https://cn.noxinfluencer.com/youtube/channel/UCu7lB8_7ObvIFUDYd99aSRg,0,badcase,无相关标签或内容证据
9981,UCu8jVvgNRjh8Bi07IXMk3sA,Funny Interesting Video,https://cn.noxinfluencer.com/youtube/channel/UCu8jVvgNRjh8Bi07IXMk3sA,0,badcase,无相关标签或内容证据
9984,UCu94tQ97wI8AOb7jTm8WHpA,Bergs Review,https://cn.noxinfluencer.com/youtube/channel/UCu94tQ97wI8AOb7jTm8WHpA,0,badcase,无相关标签或内容证据
9986,UCu9crSumYTUyi61-GlZas_Q,Teez Monkey,https://cn.noxinfluencer.com/youtube/channel/UCu9crSumYTUyi61-GlZas_Q,0,badcase,游戏内容缺少充电宝推广语境
9989,UCuAv2pQBm6-rtOphCnSiHJg,Tech Panda Pro,https://cn.noxinfluencer.com/youtube/channel/UCuAv2pQBm6-rtOphCnSiHJg,0,badcase,无相关标签或内容证据
9990,UCuBWgN0M5xtO9nzcG0Nnz2w,GitGudGuide,https://cn.noxinfluencer.com/youtube/channel/UCuBWgN0M5xtO9nzcG0Nnz2w,0,badcase,无相关标签或内容证据
9992,UCuCdWePCT7nwjgeBm22tq6g,Curiosity Cafe,https://cn.noxinfluencer.com/youtube/channel/UCuCdWePCT7nwjgeBm22tq6g,0,badcase,电视棒内容与充电宝推广语境不符
9993,UCuCnXw4HBc4AGnmuHkuWPcQ,Tech Centered,https://cn.noxinfluencer.com/youtube/channel/UCuCnXw4HBc4AGnmuHkuWPcQ,0,badcase,无相关标签或内容证据
9994,UCuDHfnJk-JHxh2VXOm5ncUw,Preston Urvina,https://cn.noxinfluencer.com/youtube/channel/UCuDHfnJk-JHxh2VXOm5ncUw,0,badcase,无相关标签或内容证据
9995,UCuEIHXsd6ifUyLVRjC6WinQ,Hoàng Anh Phạm,https://cn.noxinfluencer.com/youtube/channel/UCuEIHXsd6ifUyLVRjC6WinQ,0,badcase,无相关标签或内容证据
9996,UCuELHjNU37IjbodpTKGM6MQ,"Dick Rochfort, ATP, CFII - Master Instructor",https://cn.noxinfluencer.com/youtube/channel/UCuELHjNU37IjbodpTKGM6MQ,0,badcase,航空培训场景与充电宝推广关联弱
9997,UCuEfig5XqUs072_uewA8QUg,RacingToGreen,https://cn.noxinfluencer.com/youtube/channel/UCuEfig5XqUs072_uewA8QUg,0,badcase,无相关标签或内容证据
9999,UCuFQfYqXGHLKF9IxUCFD6YQ,Salifu Kamara,https://cn.noxinfluencer.com/youtube/channel/UCuFQfYqXGHLKF9IxUCFD6YQ,0,badcase,无相关标签或内容证据
10000,UCuFf4jfj3spGf_UbSbJoVag,Be Motivated,https://cn.noxinfluencer.com/youtube/channel/UCuFf4jfj3spGf_UbSbJoVag,0,badcase,无相关标签或内容证据
