rank,channel_id,channel_name,channel_url,score,suggested_label,why_short
2,UCrzySfCZIMqhYlDsDqtpQ6w,HPad,https://cn.noxinfluencer.com/youtube/channel/UCrzySfCZIMqhYlDsDqtpQ6w,0,badcase,破坏/毁坏内容，不适合卖吸尘器
3,UC8fNxgl93pWAig9iJJIMpyA,Levsob,https://cn.noxinfluencer.com/youtube/channel/UC8fNxgl93pWAig9iJJIMpyA,0,badcase,娱乐生活向，无吸尘器相关信号
4,UCtirMQlaZ6ksFrpbKmPC2yA,Calming Ambience Sounds,https://cn.noxinfluencer.com/youtube/channel/UCtirMQlaZ6ksFrpbKmPC2yA,-10,badcase,白噪音/助眠型，属于强格式错配
9,UCC9IDTRU1oyT109UcC_z9og,Creative & Duck,https://cn.noxinfluencer.com/youtube/channel/UCC9IDTRU1oyT109UcC_z9og,3,badcase,仅泛科技弱相关，缺少吸尘器投放语境
10,UCTnDXsb68jsU6E6Z0es9YNw,Marshall studios  production98,https://cn.noxinfluencer.com/youtube/channel/UCTnDXsb68jsU6E6Z0es9YNw,0,badcase,无有效标签，无法判断相关性
11,UCOYpPCNQmb_v6hWaQIyLkJA,Matthew Gonzalez,https://cn.noxinfluencer.com/youtube/channel/UCOYpPCNQmb_v6hWaQIyLkJA,0,badcase,体育娱乐向，无吸尘器推广信号
14,UC3hPcM4FlXRPPi9fhPra4Zw,The Kirby Company,https://cn.noxinfluencer.com/youtube/channel/UC3hPcM4FlXRPPi9fhPra4Zw,0,badcase,仅生活向标签，缺少吸尘器相关性
15,UCHhOiF9yUARmkEsTwsfMWHg,My Top 5 Choices,https://cn.noxinfluencer.com/youtube/channel/UCHhOiF9yUARmkEsTwsfMWHg,0,badcase,无标签可判定，相关性不足
16,UCUKcmsAb2t80-IArEn3iJKQ,YourPeacefulSound,https://cn.noxinfluencer.com/youtube/channel/UCUKcmsAb2t80-IArEn3iJKQ,-5,badcase,助眠白噪音型，和产品投放明显错配
18,UCOz5vfQ9qcUfXRvEqat1DVA,Cozy Sleep Sounds,https://cn.noxinfluencer.com/youtube/channel/UCOz5vfQ9qcUfXRvEqat1DVA,-10,badcase,睡眠音效频道，属于强格式错配
19,UC8mTFkyP7weTWdlCDKT3n0w,MarcosCeDi,https://cn.noxinfluencer.com/youtube/channel/UC8mTFkyP7weTWdlCDKT3n0w,1,badcase,仅有极弱科技泛相关，不足以投放
20,UClfEV_bXQjZ_lf3icxCPloA,Blackheartvacs,https://cn.noxinfluencer.com/youtube/channel/UClfEV_bXQjZ_lf3icxCPloA,0,badcase,无标签，缺少可用相关性信号
21,UCG9Kc_szc29vlUICXP0MM0w,AI reels,https://cn.noxinfluencer.com/youtube/channel/UCG9Kc_szc29vlUICXP0MM0w,1,badcase,泛科技向，和吸尘器推广关联很弱
23,UCEZmfmpj8T5_tzabVVBSFeA,nikkib ASMR,https://cn.noxinfluencer.com/youtube/channel/UCEZmfmpj8T5_tzabVVBSFeA,-10,badcase,ASMR声效频道，和产品推广明显错配
24,UCCZoL53G8zqL3Yswc-8QWCg,Must-Have Finds,https://cn.noxinfluencer.com/youtube/channel/UCCZoL53G8zqL3Yswc-8QWCg,0,badcase,无标签可判定，相关性不足
26,UCldrSaTYnKUT1log9DaxvMg,AI Palette-Cute Creatures,https://cn.noxinfluencer.com/youtube/channel/UCldrSaTYnKUT1log9DaxvMg,20,badcase,标签命中，但主体是AI萌宠，缺少清洁家电语境
28,UCKbyZ8yloXuyoUyzyGx0CIQ,IMPORTED VACUUM CLEANER,https://cn.noxinfluencer.com/youtube/channel/UCKbyZ8yloXuyoUyzyGx0CIQ,10,badcase,命中吸尘器，但ASMR/满足感风格偏展示音频
29,UCbJY35MlozN7OrJYifSBo4g,The Wonder Hub,https://cn.noxinfluencer.com/youtube/channel/UCbJY35MlozN7OrJYifSBo4g,0,badcase,无标签与内容信号
30,UC4pK0wqFNPB9pmE_wrls8SQ,Shopping Points,https://cn.noxinfluencer.com/youtube/channel/UC4pK0wqFNPB9pmE_wrls8SQ,0,badcase,无标签与内容信号
31,UCcIXFu21t_OWKVwaI_5jYVg,Today's Deals,https://cn.noxinfluencer.com/youtube/channel/UCcIXFu21t_OWKVwaI_5jYVg,0,badcase,无标签与内容信号
33,UCpra2LkCtiSQ67ypU05lfbQ,Valentine Lewis,https://cn.noxinfluencer.com/youtube/channel/UCpra2LkCtiSQ67ypU05lfbQ,20,badcase,美妆时尚为主，吸尘器标签像零散蹭词
34,UC_p9x0GC-8rXtd6_rcaM2Og,lubluelu official,https://cn.noxinfluencer.com/youtube/channel/UC_p9x0GC-8rXtd6_rcaM2Og,0,badcase,无标签与内容信号，难判为可投放创作者
35,UCL2wyOYKTaaq-czrGsc8oiw,Umair's Workshop,https://cn.noxinfluencer.com/youtube/channel/UCL2wyOYKTaaq-czrGsc8oiw,2,badcase,DIY杂项频道，缺少家电推广语境
37,UCu1C5LFvPQzyOVwqBHKq-4A,Learn and Choose,https://cn.noxinfluencer.com/youtube/channel/UCu1C5LFvPQzyOVwqBHKq-4A,0,badcase,无标签和内容证据，无法支撑吸尘器推广相关性
39,UCQxmS3iVsThKYAsNQ540jZw,Michigan Heating Guy,https://cn.noxinfluencer.com/youtube/channel/UCQxmS3iVsThKYAsNQ540jZw,20,badcase,暖通维修为主，吸尘器标签不代表匹配
42,UCLca6ux9xbHyvGi9bTFdBew,Technically Jeff,https://cn.noxinfluencer.com/youtube/channel/UCLca6ux9xbHyvGi9bTFdBew,-15,badcase,汽车频道，与吸尘器推广完全不相关
45,UCaup3mfQQR-_QvdJlPl-KZg,DBProductReviews,https://cn.noxinfluencer.com/youtube/channel/UCaup3mfQQR-_QvdJlPl-KZg,-15,badcase,美食频道，与吸尘器推广场景不匹配
46,UCi3Qg2sp2CYi4UXQ4X0yDZA,Just Vacuuming,https://cn.noxinfluencer.com/youtube/channel/UCi3Qg2sp2CYi4UXQ4X0yDZA,5,badcase,命中吸尘器，但核心是ASMR清洁音频，转化弱
47,UCcSagFUOn9M0c0cFeleWjyA,Brushroll Lover ASMR,https://cn.noxinfluencer.com/youtube/channel/UCcSagFUOn9M0c0cFeleWjyA,5,badcase,命中吸尘器，但核心是ASMR清洁音频，转化弱
48,UCZ5SY0Owwr6bn1mkTbM_rjg,ArbokLover1618,https://cn.noxinfluencer.com/youtube/channel/UCZ5SY0Owwr6bn1mkTbM_rjg,10,badcase,命中吸尘器，但明显偏声音/满足感展示
49,UCIZRf3ME71mY8RB-B0RvHJw,MQ’s World,https://cn.noxinfluencer.com/youtube/channel/UCIZRf3ME71mY8RB-B0RvHJw,-15,badcase,美食短内容，与吸尘器推广场景不匹配
51,UCtWRMD51_PDTsHWbGVhHA1g,Product Picks,https://cn.noxinfluencer.com/youtube/channel/UCtWRMD51_PDTsHWbGVhHA1g,0,badcase,无标签无内容证据，难判断为吸尘器推广相关
54,UCymVzReWIMaa-EApQU3rfHg,It's me Yushi TV,https://cn.noxinfluencer.com/youtube/channel/UCymVzReWIMaa-EApQU3rfHg,0,badcase,以生活娱乐为主，与吸尘器推广相关性弱
57,UC77VVJ7eGcAmcOu4a8vsAiA,Scary Talking Head,https://cn.noxinfluencer.com/youtube/channel/UC77VVJ7eGcAmcOu4a8vsAiA,-15,badcase,恐怖游戏娱乐频道，与吸尘器推广明显不匹配
58,UCS9cJpWSQUOw4cIqC_ndSjQ,Sleeping Easy,https://cn.noxinfluencer.com/youtube/channel/UCS9cJpWSQUOw4cIqC_ndSjQ,5,badcase,ASMR/助眠白噪音频道，格式与产品推广强错配
65,UC9avDmmYgtdCT1ec7dHAjmg,R.E.S.T.,https://cn.noxinfluencer.com/youtube/channel/UC9avDmmYgtdCT1ec7dHAjmg,5,badcase,白噪音助眠频道，强格式错配
70,UC59yuZLoo45WeMRnq9iK56w,TechGround in English,https://cn.noxinfluencer.com/youtube/channel/UC59yuZLoo45WeMRnq9iK56w,0,badcase,无标签无内容，缺少相关性证据
71,UCPySskaPsPYeejViLabdONg,Vacuum Sensation,https://cn.noxinfluencer.com/youtube/channel/UCPySskaPsPYeejViLabdONg,5,badcase,ASMR吸尘音效频道，推广格式明显错配
73,UC3rG3_THnptC0y1YhZ1NlPw,Max Free,https://cn.noxinfluencer.com/youtube/channel/UC3rG3_THnptC0y1YhZ1NlPw,0,badcase,汽车/生活泛频道，与吸尘器推广弱相关
75,UCDKNGTJSt65OGAn2rcXL5qw,BWX,https://cn.noxinfluencer.com/youtube/channel/UCDKNGTJSt65OGAn2rcXL5qw,5,badcase,摩托/车辆频道主域不匹配，标签命中也难转化
76,UC6i6ZM4NBogI6_9Jr7WTwlw,Ambience,https://cn.noxinfluencer.com/youtube/channel/UC6i6ZM4NBogI6_9Jr7WTwlw,5,badcase,ASMR/白噪音氛围号，卖点是声音不是产品
77,UCaqDvDz7FeB_qAM2i8mhkLQ,Daily Necessity Review,https://cn.noxinfluencer.com/youtube/channel/UCaqDvDz7FeB_qAM2i8mhkLQ,1,badcase,标签太泛，缺少清洁家电或导购意图
82,UCqK_cgbk6Hxmw0aAN8BC1og,Neowin,https://cn.noxinfluencer.com/youtube/channel/UCqK_cgbk6Hxmw0aAN8BC1og,1,badcase,手机/游戏资讯号，和吸尘器转化距离大
85,UCO1mQ98Z4NOJucjKqYB_D1Q,Izzy Spears,https://cn.noxinfluencer.com/youtube/channel/UCO1mQ98Z4NOJucjKqYB_D1Q,0,badcase,无标签，无相关证据
86,UCsQZ-8CPpQr0zVSpl-neirw,YUOK NEN -ន៉េន,https://cn.noxinfluencer.com/youtube/channel/UCsQZ-8CPpQr0zVSpl-neirw,5,badcase,主体是粉碎机演示，吸尘器只是混入
87,UCjiuPJQPvf9EVjVWv6h4beA,Techasonic,https://cn.noxinfluencer.com/youtube/channel/UCjiuPJQPvf9EVjVWv6h4beA,-15,badcase,影视娱乐号，和家电推广不匹配
89,UCZDJPQpw5bERVfOSoUJ3yTQ,DKCustomProducts,https://cn.noxinfluencer.com/youtube/channel/UCZDJPQpw5bERVfOSoUJ3yTQ,5,badcase,摩托车DIY号，和吸尘器场景不合
90,UCAu5CYcuVBoKLVa_DjtVCUg,Cleaning service ASMR,https://cn.noxinfluencer.com/youtube/channel/UCAu5CYcuVBoKLVa_DjtVCUg,10,badcase,清洁ASMR偏听感，不是导购转化
91,UCCE8i8uNyzmsvScf-o1_QVQ,Mini toys,https://cn.noxinfluencer.com/youtube/channel/UCCE8i8uNyzmsvScf-o1_QVQ,5,badcase,玩具ASMR频道，受众和格式都不对
99,UCAHtjwTuc3WVwaSWGqb0YCA,Laughing Animals,https://cn.noxinfluencer.com/youtube/channel/UCAHtjwTuc3WVwaSWGqb0YCA,5,badcase,动物娱乐号，受众和内容都不适合
101,UCgI1Y5jVc7EivlITX9Jjp4w,Marcy Masha,https://cn.noxinfluencer.com/youtube/channel/UCgI1Y5jVc7EivlITX9Jjp4w,0,badcase,无标签、无相关视频，缺少清洁家电推广相关性
102,UCGeEa0sdj4n8aI45Vg90u7g,Music 365,https://cn.noxinfluencer.com/youtube/channel/UCGeEa0sdj4n8aI45Vg90u7g,5,badcase,音乐助眠频道，虽有直达标签但与吸尘器推广场景明显不符
104,UCE-Y7xAGsCNozPXKO3haW0w,LoudPlace,https://cn.noxinfluencer.com/youtube/channel/UCE-Y7xAGsCNozPXKO3haW0w,-15,badcase,频道偏汽车车辆领域，与吸尘器推广场景明显不符
110,UCscMKiMlh9EQLDzEtRxr3vg,B Product Peek,https://cn.noxinfluencer.com/youtube/channel/UCscMKiMlh9EQLDzEtRxr3vg,0,badcase,无标签、无视频证据，无法支持吸尘器推广相关性
115,UCHHhJEikFaUukEYhZsKHRgw,Relaxing White Noise for Babies,https://cn.noxinfluencer.com/youtube/channel/UCHHhJEikFaUukEYhZsKHRgw,5,badcase,白噪音/助眠频道，和吸尘器推广格式严重不匹配
116,UCJQullGqWcFhCHIut4KCr8A,PRASA SIDE HUSTLE,https://cn.noxinfluencer.com/youtube/channel/UCJQullGqWcFhCHIut4KCr8A,-15,badcase,金融交易频道，和吸尘器推广主题明显不符
117,UCDl5gZoNFPiVKvPt66FBwCw,Five Star,https://cn.noxinfluencer.com/youtube/channel/UCDl5gZoNFPiVKvPt66FBwCw,0,badcase,无标签、无相关视频，缺少清洁电器推广相关证据
120,UCYi_oLf4IWB3gvVEPsvm9Bw,Love2Review,https://cn.noxinfluencer.com/youtube/channel/UCYi_oLf4IWB3gvVEPsvm9Bw,0,badcase,无标签和内容证据，无法判断与吸尘器推广相关
122,UCeoilfZhEih4I2ZsgSBiLLQ,House Items,https://cn.noxinfluencer.com/youtube/channel/UCeoilfZhEih4I2ZsgSBiLLQ,0,badcase,无标签和内容证据，缺少真空吸尘器推广相关性
127,UCR42bif12ji2nbnbvqBI_jw,kaiz231,https://cn.noxinfluencer.com/youtube/channel/UCR42bif12ji2nbnbvqBI_jw,0,badcase,无标签无内容，缺乏相关证据
130,UCbU5YL6CEh4ozG-dLJpqOCA,e-commerce review,https://cn.noxinfluencer.com/youtube/channel/UCbU5YL6CEh4ozG-dLJpqOCA,0,badcase,无标签无内容，缺乏相关证据
133,UC8sbWy0FIcZQugliuOi4FOg,Febrian Trii,https://cn.noxinfluencer.com/youtube/channel/UC8sbWy0FIcZQugliuOi4FOg,0,badcase,无标签无内容，缺乏相关证据
134,UCFdqO4QaUqUn_eeWwF1ieiA,AliExpress,https://cn.noxinfluencer.com/youtube/channel/UCFdqO4QaUqUn_eeWwF1ieiA,0,badcase,无标签无内容，缺乏相关证据
137,UC5HXNtDSzMsYpHwK_daF8qQ,Express Review,https://cn.noxinfluencer.com/youtube/channel/UC5HXNtDSzMsYpHwK_daF8qQ,0,badcase,无标签无内容，缺乏相关证据
138,UCTvzSFu_bPaAiwjo9pCIsNg,Zaynn's Adventure,https://cn.noxinfluencer.com/youtube/channel/UCTvzSFu_bPaAiwjo9pCIsNg,5,badcase,儿童内容为主，不适合扫地机推广
139,UCsiMxHAf0sS4VzwOy9P0lvA,Kate Brush,https://cn.noxinfluencer.com/youtube/channel/UCsiMxHAf0sS4VzwOy9P0lvA,-15,badcase,娱乐短视频为主，且无直接相关
141,UCZqJzAx3srl4JCSriJmzNPQ,LogeliusD,https://cn.noxinfluencer.com/youtube/channel/UCZqJzAx3srl4JCSriJmzNPQ,5,badcase,破坏内容为主，不适合家电推广
146,UCzISM8l8_rBxf_h4gqqG6wQ,ANDI,https://cn.noxinfluencer.com/youtube/channel/UCzISM8l8_rBxf_h4gqqG6wQ,0,badcase,无标签无内容，缺乏相关证据
147,UC_KF9R6dftv57-KRew-sFbQ,RLJAJN,https://cn.noxinfluencer.com/youtube/channel/UC_KF9R6dftv57-KRew-sFbQ,0,badcase,无标签无内容，缺乏相关证据
153,UCIraqbRQ6Oecm2wWl60CLFA,Sumit dhiman,https://cn.noxinfluencer.com/youtube/channel/UCIraqbRQ6Oecm2wWl60CLFA,5,badcase,喜剧娱乐为主，吸尘器只是挂标标签
158,UCLzLHzVugnUckyJjughbk5g,TorrentPerformance,https://cn.noxinfluencer.com/youtube/channel/UCLzLHzVugnUckyJjughbk5g,20,badcase,车辆/ATV主题偏离，吸尘器只是挂标
160,UCcejqwym8Y_kd0jj5YklyfA,Mega Rigs,https://cn.noxinfluencer.com/youtube/channel/UCcejqwym8Y_kd0jj5YklyfA,20,badcase,工地/机械内容为主，和家用吸尘器不搭
161,UCfqi0d7t9GhkeHKpc5IPWIg,Mediosse HD,https://cn.noxinfluencer.com/youtube/channel/UCfqi0d7t9GhkeHKpc5IPWIg,20,badcase,车类/RC hobby为主，缺少清洁购买语境
164,UCnLS922iaOb7jV1qui4wXfA,Darrencarfan78,https://cn.noxinfluencer.com/youtube/channel/UCnLS922iaOb7jV1qui4wXfA,20,badcase,公路旅行内容，和吸尘器推广弱相关
165,UCB54_CiC-tLjdn2fJc86t7Q,Mycreamlover,https://cn.noxinfluencer.com/youtube/channel/UCB54_CiC-tLjdn2fJc86t7Q,20,badcase,烘焙美食频道，吸尘器标签不构成匹配
167,UC93btlc5Cwnp8_vaBkSuR9Q,Consumer Electronics,https://cn.noxinfluencer.com/youtube/channel/UC93btlc5Cwnp8_vaBkSuR9Q,0,badcase,无有效标签，缺少相关证据
168,UCTdjJms22k-d758ayyi0KNw,FMF,https://cn.noxinfluencer.com/youtube/channel/UCTdjJms22k-d758ayyi0KNw,0,badcase,无标签无内容线索，无法判断相关
173,UCbunYN0o9Yaid7zHaor_UHA,Relaxing White Noise,https://cn.noxinfluencer.com/youtube/channel/UCbunYN0o9Yaid7zHaor_UHA,-15,badcase,白噪音助眠格式，属于强格式不匹配
176,UCgm-gTVuUDmp0wANU_ufPUw,Yummy Kids,https://cn.noxinfluencer.com/youtube/channel/UCgm-gTVuUDmp0wANU_ufPUw,-15,badcase,儿童儿歌娱乐向，和吸尘器推广场景无关
177,UCi0CxoV1bk4UW208VWD1KSw,RianaShow,https://cn.noxinfluencer.com/youtube/channel/UCi0CxoV1bk4UW208VWD1KSw,-15,badcase,娱乐短视频为主，明显不适合家电推广
182,UCv6aQfBFfbepfctSngwpdJw,Mamasoboliha,https://cn.noxinfluencer.com/youtube/channel/UCv6aQfBFfbepfctSngwpdJw,-5,badcase,娱乐生活向为主，和清洁器具推广不匹配
184,UCQNu4yRxUvDtoYJ_xdOis4A,Reviewratzz,https://cn.noxinfluencer.com/youtube/channel/UCQNu4yRxUvDtoYJ_xdOis4A,0,badcase,缺少标签和内容信号，无法判断匹配
187,UC38rn6x-NS4wQmu8L8qN4KA,Hahatoons - Nursery  Rhymes & Kids song's,https://cn.noxinfluencer.com/youtube/channel/UC38rn6x-NS4wQmu8L8qN4KA,-15,badcase,儿童儿歌娱乐向，和吸尘器推广场景无关
189,UC_2pQt_aAX6uexzIANglElg,Warm Glow Ambience,https://cn.noxinfluencer.com/youtube/channel/UC_2pQt_aAX6uexzIANglElg,5,badcase,ASMR/舒缓音频格式与家电推广强冲突
191,UC4wWw_uzufCP6Kw7CmKQDtg,Niopets,https://cn.noxinfluencer.com/youtube/channel/UC4wWw_uzufCP6Kw7CmKQDtg,0,badcase,宠物垂类，缺少清洁器具推广语境
195,UCtdFPLKgSnQwHKK68bWqv2g,Daija Husha,https://cn.noxinfluencer.com/youtube/channel/UCtdFPLKgSnQwHKK68bWqv2g,0,badcase,缺少任何内容标签，无法判断匹配
199,UCAE0Is3GuW3TtquP4xGqz7Q,Handmade Creative Channel,https://cn.noxinfluencer.com/youtube/channel/UCAE0Is3GuW3TtquP4xGqz7Q,2,badcase,仅有DIY/how to弱关联，和吸尘器距离大
200,UChjyXn0g5jV4TmUjYKuBQMA,Nailcou,https://cn.noxinfluencer.com/youtube/channel/UChjyXn0g5jV4TmUjYKuBQMA,2,badcase,只有教程泛标签，美容垂类不适配
213,UCJ8tbqjZTahlvzZB0AFSYoQ,Void Box Master,https://cn.noxinfluencer.com/youtube/channel/UCJ8tbqjZTahlvzZB0AFSYoQ,-15,badcase,娱乐/儿歌垂类，和吸尘器推广明显不符
215,UCEtLp1EcYfjuF4cNfKJR-FA,etekhome,https://cn.noxinfluencer.com/youtube/channel/UCEtLp1EcYfjuF4cNfKJR-FA,0,badcase,宠物垂类，缺少家电/清洁购买场景
225,UCjSknFCag-IBUe6IjLJpIAQ,Muzain Reviews,https://cn.noxinfluencer.com/youtube/channel/UCjSknFCag-IBUe6IjLJpIAQ,-15,badcase,纯游戏频道，和吸尘器推广不匹配
228,UCclMxtWgSXxylkSNYvqDMag,Kayden,https://cn.noxinfluencer.com/youtube/channel/UCclMxtWgSXxylkSNYvqDMag,0,badcase,无标签无内容相关信号
229,UC5e_HLDhpARMPZ8YwJxWNsA,CHEAP OLA STORE,https://cn.noxinfluencer.com/youtube/channel/UC5e_HLDhpARMPZ8YwJxWNsA,0,badcase,无标签无内容相关信号
230,UCt3vGSJq78vRetgUZnRpc9g,Pawfect Tales,https://cn.noxinfluencer.com/youtube/channel/UCt3vGSJq78vRetgUZnRpc9g,10,badcase,宠物娱乐向，吸尘器仅弱搭配不适合带货
232,UCsnWcV73fuh8vCPXDWR-X9w,Epic Review Hub,https://cn.noxinfluencer.com/youtube/channel/UCsnWcV73fuh8vCPXDWR-X9w,1,badcase,仅泛科技标签，吸尘器相关性很弱
237,UCNeX87X-8qTja1F5lQ6rsbQ,Power Masheni,https://cn.noxinfluencer.com/youtube/channel/UCNeX87X-8qTja1F5lQ6rsbQ,0,badcase,无可用相关信号
240,UCr3X27XFzFZEf2DvKMUtaPQ,"Street Fashion,  pretty feet",https://cn.noxinfluencer.com/youtube/channel/UCr3X27XFzFZEf2DvKMUtaPQ,0,badcase,裸足时尚内容，与吸尘器无关
242,UCe6CkE3doCnjCixlM1XNRRA,Fresh and Felicia,https://cn.noxinfluencer.com/youtube/channel/UCe6CkE3doCnjCixlM1XNRRA,0,badcase,电动自行车内容，和吸尘器场景不搭
244,UCWpKgm-RARkZLTkhPdGDjvQ,SoftMagic,https://cn.noxinfluencer.com/youtube/channel/UCWpKgm-RARkZLTkhPdGDjvQ,0,badcase,无标签无内容相关信号
249,UCi3IzXpx5NDRwON3hRbMhHg,PromoCodePal,https://cn.noxinfluencer.com/youtube/channel/UCi3IzXpx5NDRwON3hRbMhHg,0,badcase,纯娱乐/meme，和产品推广不匹配
250,UCO8Y0qMCbw6JBg4qu_Ce-Lw,Samuel Lewis,https://cn.noxinfluencer.com/youtube/channel/UCO8Y0qMCbw6JBg4qu_Ce-Lw,-15,badcase,笑话综艺向，和吸尘器推广不搭
251,UCR86b80YMDpqurn8DiHdgkw,NextPartTV,https://cn.noxinfluencer.com/youtube/channel/UCR86b80YMDpqurn8DiHdgkw,-15,badcase,音乐lofi娱乐向，与吸尘器推广无关
256,UC445yW81qSM3cOg1loaXdFg,LaVida,https://cn.noxinfluencer.com/youtube/channel/UC445yW81qSM3cOg1loaXdFg,0,badcase,无标签，缺少相关信号
258,UCTrenwE0xO39n7RlHYUQSPw,Mischievous Elephant,https://cn.noxinfluencer.com/youtube/channel/UCTrenwE0xO39n7RlHYUQSPw,0,badcase,旅游生活向，相关信号不足
265,UCYTbGNp4vaaDdBEVRxllxLg,Critical Tech,https://cn.noxinfluencer.com/youtube/channel/UCYTbGNp4vaaDdBEVRxllxLg,3,badcase,仅泛科技标签，吸尘器相关性弱
267,UCSsNUXKG2gjqosl3kW62HwQ,TechWalls,https://cn.noxinfluencer.com/youtube/channel/UCSsNUXKG2gjqosl3kW62HwQ,3,badcase,泛科技生活向，相关性不足
268,UC-qJJf8_ua9lTHz0uCkuC5A,BLV90.Cleanup,https://cn.noxinfluencer.com/youtube/channel/UC-qJJf8_ua9lTHz0uCkuC5A,-15,badcase,足球体育号，和吸尘器推广无关
271,UCUoVa-mKZKTqVO8Qi2Bu6vQ,Bosch USA,https://cn.noxinfluencer.com/youtube/channel/UCUoVa-mKZKTqVO8Qi2Bu6vQ,1,badcase,仅泛技术标签，缺少导购信号
273,UCA_sJezj7cacXt-_byN7HGQ,Men‘s awareness,https://cn.noxinfluencer.com/youtube/channel/UCA_sJezj7cacXt-_byN7HGQ,1,badcase,手机为主，吸尘器相关性弱
274,UCa6UyXhegwV4js_tmhCJrcQ,Dave Taylor,https://cn.noxinfluencer.com/youtube/channel/UCa6UyXhegwV4js_tmhCJrcQ,1,badcase,耳机手机为主，不适合吸尘器推广
280,UC8-G2_iXfYB4dYIItBIz5iQ,99feels,https://cn.noxinfluencer.com/youtube/channel/UC8-G2_iXfYB4dYIItBIz5iQ,-15,badcase,音乐放松型频道，和产品推广明显错位
282,UCR-n-jxtKFYJGdC9OjlfaaA,ChrisGTXvideos,https://cn.noxinfluencer.com/youtube/channel/UCR-n-jxtKFYJGdC9OjlfaaA,-15,badcase,纯娱乐短视频，难做家电推广
287,UCFU1O8voaBmyau0kr2uStAA,Rocky Mountain Sewing and Vacuum,https://cn.noxinfluencer.com/youtube/channel/UCFU1O8voaBmyau0kr2uStAA,0,badcase,缝纫标签占主导，缺少吸尘器证据
292,UCGumXE53FJ3B-V7pIGasPaw,Vacuum Sleep Sounds,https://cn.noxinfluencer.com/youtube/channel/UCGumXE53FJ3B-V7pIGasPaw,-15,badcase,睡眠音效频道，属于明显格式错配
297,UCIlqu82HOLN-TYEmwSxShBg,Aaron Freeze,https://cn.noxinfluencer.com/youtube/channel/UCIlqu82HOLN-TYEmwSxShBg,-15,badcase,娱乐体育内容，和产品推广不匹配
298,UCi4cFXcajgaBaaqxMaSxHbg,Den ⚡️,https://cn.noxinfluencer.com/youtube/channel/UCi4cFXcajgaBaaqxMaSxHbg,0,badcase,缺少标签与内容证据
300,UCRKKvi_kOBsHIH8kPnWRH2Q,"Hide-A-Hose, Inc",https://cn.noxinfluencer.com/youtube/channel/UCRKKvi_kOBsHIH8kPnWRH2Q,0,badcase,缺少吸尘器相关标签与内容证据
303,UCnnoVEXsgW98gt0hxszklZQ,Dragon Blogger Technology and Entertainment,https://cn.noxinfluencer.com/youtube/channel/UCnnoVEXsgW98gt0hxszklZQ,-3,badcase,娱乐/游戏向频道，只有泛消费电子和开箱，缺少吸尘器推广意图
308,UCzlBCU32pxxCKO-EFAoVa3A,"Shouldit: Product Reviews, Guides, Price Tracker",https://cn.noxinfluencer.com/youtube/channel/UCzlBCU32pxxCKO-EFAoVa3A,-15,badcase,以食谱/娱乐为主，和吸尘器促销场景不符
309,UCQJt1liRGafkw-sSeUk2TVw,Velvet Relax ASMR,https://cn.noxinfluencer.com/youtube/channel/UCQJt1liRGafkw-sSeUk2TVw,-15,badcase,ASMR放松型频道，与吸尘器推广格式强冲突
311,UCdKPKUpDnzi1OEz3-7ecJ0g,Brandon Jackson,https://cn.noxinfluencer.com/youtube/channel/UCdKPKUpDnzi1OEz3-7ecJ0g,2,badcase,RC玩具频道，缺少清洁家电或测评采购信号
312,UCk9QQYB-WHrUFYvtUUCz1tQ,Millimone Kids Songs,https://cn.noxinfluencer.com/youtube/channel/UCk9QQYB-WHrUFYvtUUCz1tQ,-15,badcase,少儿儿歌频道，和吸尘器推广场景不匹配
313,UCpH76SieU--EG2A11wxcq7g,He. Andrew,https://cn.noxinfluencer.com/youtube/channel/UCpH76SieU--EG2A11wxcq7g,-10,badcase,娱乐泛内容，缺少清洁器相关测评或购买意图
315,UCd517JOHErdFj64kZYPBFsQ,Lalafun Little Learners,https://cn.noxinfluencer.com/youtube/channel/UCd517JOHErdFj64kZYPBFsQ,-15,badcase,频道为儿童儿歌/启蒙内容，与吸尘器推广场景明显不匹配
318,UCw3f3YrgfGxXnYDEmuJc1hQ,The Vac Corner,https://cn.noxinfluencer.com/youtube/channel/UCw3f3YrgfGxXnYDEmuJc1hQ,1,badcase,仅有泛科技标签，缺少清洁家电或测评购买意图
320,UCnGv8HMtDvzkvqPkQby1dww,AUXITO LED,https://cn.noxinfluencer.com/youtube/channel/UCnGv8HMtDvzkvqPkQby1dww,-15,badcase,车辆LED灯安装频道，与吸尘器推广主题明显不符
323,UCITVU5viM2tMhwlcw8DUDLQ,BEST REVIEWS TUBE,https://cn.noxinfluencer.com/youtube/channel/UCITVU5viM2tMhwlcw8DUDLQ,0,badcase,标签偏泛，缺少吸尘器或家电评测证据
330,UCZkhNadH5npoR513_u4iHuQ,Prey 4 Snow Auto Detailing,https://cn.noxinfluencer.com/youtube/channel/UCZkhNadH5npoR513_u4iHuQ,-10,badcase,汽车精洗相关，但ASMR格式和投放不匹配
331,UCKXblbFdykYVEuqr5x4hd9Q,AutistiVision,https://cn.noxinfluencer.com/youtube/channel/UCKXblbFdykYVEuqr5x4hd9Q,-15,badcase,清洁/家电相关，但ASMR满意视频不适合
333,UCLmQiBlILjGJ9gUAQj2j_RQ,Who Else Loves History?,https://cn.noxinfluencer.com/youtube/channel/UCLmQiBlILjGJ9gUAQj2j_RQ,-15,badcase,娱乐表演为主，和吸尘器推广无关
338,UCX4osVjaL5S7_slSUx-WpyQ,The RT4,https://cn.noxinfluencer.com/youtube/channel/UCX4osVjaL5S7_slSUx-WpyQ,-2,badcase,游戏内容为主，科技弱相关不足
339,UCCTwm3K_Xdy81W1wrPe4FVA,Relaxation Channel,https://cn.noxinfluencer.com/youtube/channel/UCCTwm3K_Xdy81W1wrPe4FVA,-10,badcase,白噪音/睡眠频道，格式冲突明显
340,UCWEfcO38yKrLlmNoZOUfI9g,Satisfying 1+1,https://cn.noxinfluencer.com/youtube/channel/UCWEfcO38yKrLlmNoZOUfI9g,-25,badcase,ASMR切物视频，和吸尘器推广不兼容
346,UCF6lhntZmJadxhaxDRZMFEw,Cat Claire Vacs,https://cn.noxinfluencer.com/youtube/channel/UCF6lhntZmJadxhaxDRZMFEw,0,badcase,无有效标签，频道主题不清晰
347,UCFqyQxI8nujjlzChalZuoGA,Ghedran,https://cn.noxinfluencer.com/youtube/channel/UCFqyQxI8nujjlzChalZuoGA,0,badcase,泛生活/健康号，缺少产品推广语境
350,UCmXvAGwaxvRfqmPq7J0Zm6A,HOME HAPPY DREAMS,https://cn.noxinfluencer.com/youtube/channel/UCmXvAGwaxvRfqmPq7J0Zm6A,0,badcase,无标签且主题泛化，不适合投放
352,UC-Seahl1De4BnRjSrNyQezw,Doods,https://cn.noxinfluencer.com/youtube/channel/UC-Seahl1De4BnRjSrNyQezw,-15,badcase,娱乐搞笑频道，不适合卖吸尘器
363,UCxDf99JzfTPsiTEU6lOObhw,Gadget Buy,https://cn.noxinfluencer.com/youtube/channel/UCxDf99JzfTPsiTEU6lOObhw,0,badcase,汽车/车载向，和家用吸尘器不匹配
370,UCIAukBNVNf96O8enNi8m9kA,RAS - Relaxing Ambience Sounds,https://cn.noxinfluencer.com/youtube/channel/UCIAukBNVNf96O8enNi8m9kA,-15,badcase,氛围白噪音频道，格式和带货冲突
375,UCeJj_mBS8mEy7UZB6fcv0hg,Lulalu,https://cn.noxinfluencer.com/youtube/channel/UCeJj_mBS8mEy7UZB6fcv0hg,5,badcase,白噪音助眠频道，和吸尘器投放格式冲突
376,UCpJfr_pItjzSKJgDavcQV3Q,carlye,https://cn.noxinfluencer.com/youtube/channel/UCpJfr_pItjzSKJgDavcQV3Q,0,badcase,无标签与内容证据，难判断为吸尘器投放受众
377,UCpceo-1YxrYXJmq1hAuyPVQ,ASMR. MagicBoop,https://cn.noxinfluencer.com/youtube/channel/UCpceo-1YxrYXJmq1hAuyPVQ,-25,badcase,白噪音/ASMR频道，与吸尘器推广强冲突
378,UCThf7Hv2LsAjmKStIxuwBjA,Relax Vibes for Sleeping,https://cn.noxinfluencer.com/youtube/channel/UCThf7Hv2LsAjmKStIxuwBjA,0,badcase,无标签与标题证据，缺少家电相关信号
379,UCReq2gJITMbr0vArn2MAEmQ,SMILEatTheDEALS,https://cn.noxinfluencer.com/youtube/channel/UCReq2gJITMbr0vArn2MAEmQ,1,badcase,仅泛科技标签，缺少测评或购买语境
381,UCMa3izX7IBxxvV26DTGm0_A,Adam's Faves,https://cn.noxinfluencer.com/youtube/channel/UCMa3izX7IBxxvV26DTGm0_A,0,badcase,无标签与内容证据
382,UClNwztERQAfHAb9zKWuelAg,Cleaning The Dirtiest,https://cn.noxinfluencer.com/youtube/channel/UClNwztERQAfHAb9zKWuelAg,-20,badcase,清洁ASMR频道，属于强格式不匹配
383,UCVs5lJ-gGSpluQYDpjgCxiA,Reviews Sport,https://cn.noxinfluencer.com/youtube/channel/UCVs5lJ-gGSpluQYDpjgCxiA,0,badcase,无标签与内容证据
384,UCiR265PzfxAA7IVwruFHNwQ,ROIDMI,https://cn.noxinfluencer.com/youtube/channel/UCiR265PzfxAA7IVwruFHNwQ,0,badcase,无标签与内容证据，无法确认吸尘器相关
386,UCn5tl7q2mQTbRb4ZbPlFtkA,Classic Vacuum,https://cn.noxinfluencer.com/youtube/channel/UCn5tl7q2mQTbRb4ZbPlFtkA,0,badcase,仅名称像吸尘器，标签证据不足
387,UCaB2njPPykfNxP2oFiYf4sQ,Leah,https://cn.noxinfluencer.com/youtube/channel/UCaB2njPPykfNxP2oFiYf4sQ,0,badcase,无标签与内容证据
388,UCDMSmty7chAsweo2bZc35Jg,Botvac Productions,https://cn.noxinfluencer.com/youtube/channel/UCDMSmty7chAsweo2bZc35Jg,0,badcase,名称像机器人吸尘器，但缺少标签/标题证据
393,UCD2I0nzzBS_V5JwyJbpds8g,Bryon Reviews,https://cn.noxinfluencer.com/youtube/channel/UCD2I0nzzBS_V5JwyJbpds8g,1,badcase,只有泛科技弱相关，吸尘器指向不足
394,UCOSshv8pSc6hsiyxffDTD7g,StarlightReview,https://cn.noxinfluencer.com/youtube/channel/UCOSshv8pSc6hsiyxffDTD7g,1,badcase,偏宠物/生活科技，缺少家电购买信号
396,UCdjJe_6SMyXArvoezvnFB3Q,Choices 247,https://cn.noxinfluencer.com/youtube/channel/UCdjJe_6SMyXArvoezvnFB3Q,1,badcase,仅泛科技生活标签，相关性偏弱
397,UCYgb8u2TzxAHYoEZvYi5iQA,NexNest Picks,https://cn.noxinfluencer.com/youtube/channel/UCYgb8u2TzxAHYoEZvYi5iQA,0,badcase,无标签与内容证据
399,UC9PWHFQRnrqZ_apOBl8pmiA,knitSheep,https://cn.noxinfluencer.com/youtube/channel/UC9PWHFQRnrqZ_apOBl8pmiA,0,badcase,宠物生活泛标签，缺少家电投放语境
400,UCCYEbffRLJomRT2rRjNpWKA,Ameripino,https://cn.noxinfluencer.com/youtube/channel/UCCYEbffRLJomRT2rRjNpWKA,2,badcase,家庭泛题材，但主轴偏宠物美食，投放适配弱
401,UCgz-jZvoZEWc9bC8HS0vwvQ,VacuumVerdict,https://cn.noxinfluencer.com/youtube/channel/UCgz-jZvoZEWc9bC8HS0vwvQ,0,badcase,无标签证据，缺少吸尘器相关内容
402,UCQ_qeHmCO8m4Y9nlfRHCuRg,Nathaniel Aranda,https://cn.noxinfluencer.com/youtube/channel/UCQ_qeHmCO8m4Y9nlfRHCuRg,0,badcase,无相关标签
404,UCrZZuc8jiN3GvWlyqvD5vgA,Bronco Outdoors,https://cn.noxinfluencer.com/youtube/channel/UCrZZuc8jiN3GvWlyqvD5vgA,0,badcase,无标签且与清洁家电无关
408,UChMeRAlEfhw1gtdfIz7LsFw,Little English Storytime,https://cn.noxinfluencer.com/youtube/channel/UChMeRAlEfhw1gtdfIz7LsFw,-15,badcase,ASMR/故事向，属强格式不匹配
411,UCkg6ehWalJLVP0Ysk4zfLWw,Love Review,https://cn.noxinfluencer.com/youtube/channel/UCkg6ehWalJLVP0Ysk4zfLWw,0,badcase,仅生活和美食标签
413,UC1qgAb1cljC0CWNd_zbuZkQ,Juan Pantoja,https://cn.noxinfluencer.com/youtube/channel/UC1qgAb1cljC0CWNd_zbuZkQ,0,badcase,泛生活科技，缺少清洁家电信号
415,UC6UGUFYNC4CDksZMeWGF9Hw,Yeng,https://cn.noxinfluencer.com/youtube/channel/UC6UGUFYNC4CDksZMeWGF9Hw,0,badcase,无相关标签
416,UCrz9q0IAdBueTU_YzyZZpjw,Product Demo Lab,https://cn.noxinfluencer.com/youtube/channel/UCrz9q0IAdBueTU_YzyZZpjw,0,badcase,无标签，无法判断相关性
418,UC9leI8rodWKrASW6MsWw-rQ,jemliz vlogs,https://cn.noxinfluencer.com/youtube/channel/UC9leI8rodWKrASW6MsWw-rQ,0,badcase,旅行类内容，无关
419,UCyrPRGfGkS-qg8tffCBsxjg,NTV Review,https://cn.noxinfluencer.com/youtube/channel/UCyrPRGfGkS-qg8tffCBsxjg,0,badcase,无标签
420,UCmsxU-XsHm4JsrwLSKrzVVA,Trends Reviews,https://cn.noxinfluencer.com/youtube/channel/UCmsxU-XsHm4JsrwLSKrzVVA,0,badcase,无标签
423,UCf75HujdK4DDew2o0-KxNBQ,Consumer Heaven,https://cn.noxinfluencer.com/youtube/channel/UCf75HujdK4DDew2o0-KxNBQ,0,badcase,无标签
424,UCEXi_fpg-LY7mutYQPOVYxQ,OKP LIFE,https://cn.noxinfluencer.com/youtube/channel/UCEXi_fpg-LY7mutYQPOVYxQ,0,badcase,无标签
425,UCnwn42WW9KyK9OEg1RUYSGw,Review Zone Express,https://cn.noxinfluencer.com/youtube/channel/UCnwn42WW9KyK9OEg1RUYSGw,0,badcase,无标签
427,UCwGPfpV7URojhp78Z8mPuLg,NASHMI TOP,https://cn.noxinfluencer.com/youtube/channel/UCwGPfpV7URojhp78Z8mPuLg,0,badcase,无标签无内容信号，难判断为家电相关
429,UC218l1_PJRo3_--x2WBiRpw,Homixide555,https://cn.noxinfluencer.com/youtube/channel/UC218l1_PJRo3_--x2WBiRpw,0,badcase,无可用相关信号
431,UClmuYKht0KEnn-JKkAJ64uQ,Gamle,https://cn.noxinfluencer.com/youtube/channel/UClmuYKht0KEnn-JKkAJ64uQ,0,badcase,生活泛频道，缺少产品推广上下文
438,UCKCb_rgI54tkQhsisRDZPtQ,Vacuum Cleaner White Noise,https://cn.noxinfluencer.com/youtube/channel/UCKCb_rgI54tkQhsisRDZPtQ,-12,badcase,白噪音格式与家电推广强冲突
439,UC9U9sL6e22MNq9hgmby6f4Q,Best Star,https://cn.noxinfluencer.com/youtube/channel/UC9U9sL6e22MNq9hgmby6f4Q,0,badcase,无相关信号
441,UCf4K-9ZIyVJEh9wwK4PpW9A,Lab of Hades,https://cn.noxinfluencer.com/youtube/channel/UCf4K-9ZIyVJEh9wwK4PpW9A,-15,badcase,音乐氛围频道，和实物推广不符
442,UCUHS7b1mq6ysjcVkTBKEqyg,SAVOSIN CRINGE,https://cn.noxinfluencer.com/youtube/channel/UCUHS7b1mq6ysjcVkTBKEqyg,0,badcase,滑板内容与真空吸尘器无关
444,UCo0LuX64heb8LpGDEeMioUQ,STV REVIEWS,https://cn.noxinfluencer.com/youtube/channel/UCo0LuX64heb8LpGDEeMioUQ,0,badcase,仅有名称线索，缺少标签支持
446,UC7UcsaxphNwle6QK83-FNxQ,Argan Lovely,https://cn.noxinfluencer.com/youtube/channel/UC7UcsaxphNwle6QK83-FNxQ,0,badcase,无相关标签或主题信号
448,UCSPS_4pGiWmjWgLa8iR-nVg,Travel Secret Talks,https://cn.noxinfluencer.com/youtube/channel/UCSPS_4pGiWmjWgLa8iR-nVg,0,badcase,旅行话题与家电推广无关
449,UCcBdDdRRHZQqTSmA2caK72Q,"Dat's Newest ""Price Is Right"" Channel",https://cn.noxinfluencer.com/youtube/channel/UCcBdDdRRHZQqTSmA2caK72Q,-15,badcase,娱乐综艺频道，不适合家电投放
450,UCMCfZPd-U0XTbmohhDBmuvg,Shop with MonieB,https://cn.noxinfluencer.com/youtube/channel/UCMCfZPd-U0XTbmohhDBmuvg,0,badcase,无标签，仅名称像购物号，证据不足
466,UCYBnATtSbWetoUS2g0S9ntA,Nicole's Favorite Things,https://cn.noxinfluencer.com/youtube/channel/UCYBnATtSbWetoUS2g0S9ntA,0,badcase,无有效主题信号，难以判断相关
471,UCXlVhz3YlN13ipOb8v1OIew,GreenX,https://cn.noxinfluencer.com/youtube/channel/UCXlVhz3YlN13ipOb8v1OIew,0,badcase,无有效主题信号
475,UCvuPx8kKmvG_LRHmVVC2wmw,Eric,https://cn.noxinfluencer.com/youtube/channel/UCvuPx8kKmvG_LRHmVVC2wmw,0,badcase,无有效主题信号
476,UCBmvY-p9-P3ony6Ac8S4mnw,Ashley ADHD Home-Friendly Tips,https://cn.noxinfluencer.com/youtube/channel/UCBmvY-p9-P3ony6Ac8S4mnw,0,badcase,时尚美妆向，与吸尘器投放无关
478,UCtAdBnLTS9dLpfL594SorBQ,Uncle Dave's movie and toy channel,https://cn.noxinfluencer.com/youtube/channel/UCtAdBnLTS9dLpfL594SorBQ,-25,badcase,影视娱乐为主，且有强格式不匹配
479,UCzQ_otizu5yYLHSc_HRzpkA,My Cute Toys,https://cn.noxinfluencer.com/youtube/channel/UCzQ_otizu5yYLHSc_HRzpkA,-25,badcase,ASMR/解压玩具为主，强格式不匹配
480,UCiINKj7pWctTMffjC6mWIDQ,M Official Mana . 39k  views 3  hr . ago,https://cn.noxinfluencer.com/youtube/channel/UCiINKj7pWctTMffjC6mWIDQ,0,badcase,无标签无内容线索
483,UCqm4rpXe7TfKLmrjc79lDBg,Construction Site,https://cn.noxinfluencer.com/youtube/channel/UCqm4rpXe7TfKLmrjc79lDBg,-25,badcase,动画影视+ASMR，和吸尘器推广不匹配
484,UC6xhx04M7BesmhstRzbqE8Q,Everyday Chris,https://cn.noxinfluencer.com/youtube/channel/UC6xhx04M7BesmhstRzbqE8Q,0,badcase,汽车频道，缺少家电/测评信号
485,UC2KgkpXjLw4ly81p7rORIbQ,Hope99,https://cn.noxinfluencer.com/youtube/channel/UC2KgkpXjLw4ly81p7rORIbQ,0,badcase,无标签无内容线索
486,UClaK5GBRvmTaB227eFP6e9Q,Myks Garage,https://cn.noxinfluencer.com/youtube/channel/UClaK5GBRvmTaB227eFP6e9Q,0,badcase,特斯拉/汽车垂类，与吸尘器无关
491,UC7zZZlpiydaHfa_L-I1OSAw,Future Home,https://cn.noxinfluencer.com/youtube/channel/UC7zZZlpiydaHfa_L-I1OSAw,0,badcase,家居主题泛化，缺少吸尘器证据
492,UCEjZFP5RHwk4oeemWyuXABg,Product Explorer Hub,https://cn.noxinfluencer.com/youtube/channel/UCEjZFP5RHwk4oeemWyuXABg,0,badcase,商品导向过泛，缺少吸尘器线索
493,UCLWNTZUf5MnHmWuNk_JwRRA,House of Brands,https://cn.noxinfluencer.com/youtube/channel/UCLWNTZUf5MnHmWuNk_JwRRA,0,badcase,品牌聚合过泛，缺少吸尘器线索
494,UCSBU0IDfFYWE_HwACc1uyYA,BOBOT,https://cn.noxinfluencer.com/youtube/channel/UCSBU0IDfFYWE_HwACc1uyYA,0,badcase,科技生活方式泛化，缺少垂类证据
495,UCTDDKfnarRI41V7w_hvvc9g,BD Fantasyland,https://cn.noxinfluencer.com/youtube/channel/UCTDDKfnarRI41V7w_hvvc9g,0,badcase,厨房/价格内容为主，与吸尘器偏离
497,UCsDfJzl2rt_T_zwR_EcsMRA,Information House,https://cn.noxinfluencer.com/youtube/channel/UCsDfJzl2rt_T_zwR_EcsMRA,0,badcase,无标签无内容线索
498,UCfap7UjLQQQsuECb_4NbSAg,Soak & Serenity,https://cn.noxinfluencer.com/youtube/channel/UCfap7UjLQQQsuECb_4NbSAg,0,badcase,名称偏放松疗愈，缺少商品匹配
500,UCXfoy4Jidjf4CBXlLtkRomQ,Best Online  Product,https://cn.noxinfluencer.com/youtube/channel/UCXfoy4Jidjf4CBXlLtkRomQ,0,badcase,商品导向泛化，缺少吸尘器线索
4751,UCLYAMZSANt97Y4xECNhgBIA,Cat Power Super,https://cn.noxinfluencer.com/youtube/channel/UCLYAMZSANt97Y4xECNhgBIA,-15,badcase,游戏/音乐娱乐频道，与扫地机投放目标不符
4752,UCLZAQikdPTkhwBW1_4ifkvA,Andrew,https://cn.noxinfluencer.com/youtube/channel/UCLZAQikdPTkhwBW1_4ifkvA,0,badcase,无标签无内容，相关性不足
4757,UCLao5kgt9xXj03UrfYvsvwQ,Stuff,https://cn.noxinfluencer.com/youtube/channel/UCLao5kgt9xXj03UrfYvsvwQ,2,badcase,仅有泛生活标签，缺少清洁家电导购信号
4762,UCLhKvwRxjSpUV25iqBTzbUQ,The Dogist,https://cn.noxinfluencer.com/youtube/channel/UCLhKvwRxjSpUV25iqBTzbUQ,1,badcase,宠物内容为主，仅弱相关，不适合清洁家电投放
4764,UCLiFlLtPVy85vz0cmrsUU-A,Liza's Little Bit Of Everything,https://cn.noxinfluencer.com/youtube/channel/UCLiFlLtPVy85vz0cmrsUU-A,-15,badcase,ASMR/吃播型频道，属于明显投放格式错配
4765,UCLiKiit5Ob3K3uJrCIIzOMg,XZ Log,https://cn.noxinfluencer.com/youtube/channel/UCLiKiit5Ob3K3uJrCIIzOMg,-15,badcase,枪械竞技频道，与扫地机投放场景明显不符
4768,UCLkCs6em5AYTeHVyYqLvjew,Leviticus45,https://cn.noxinfluencer.com/youtube/channel/UCLkCs6em5AYTeHVyYqLvjew,0,badcase,无标签无内容，相关性不足
4770,UCLlEU4St-ZJ73mNVEXgdrVA,miss Veronichka,https://cn.noxinfluencer.com/youtube/channel/UCLlEU4St-ZJ73mNVEXgdrVA,-15,badcase,娱乐短视频为主，与家电导购场景不符
4771,UCLla1vcmX2M45IwKKNVZuhw,2Teker2K Rider,https://cn.noxinfluencer.com/youtube/channel/UCLla1vcmX2M45IwKKNVZuhw,-15,badcase,游戏频道，与清洁家电推广无关
4772,UCLli_5zumfy6JOIwbj33Aww,Chatter-Puff,https://cn.noxinfluencer.com/youtube/channel/UCLli_5zumfy6JOIwbj33Aww,-15,badcase,娱乐短内容占主导，弱相关不足以支撑投放
4775,UCLnaHoZpc3z0NdzEfzxSNrw,TV Anthology Reviews,https://cn.noxinfluencer.com/youtube/channel/UCLnaHoZpc3z0NdzEfzxSNrw,0,badcase,影视综评频道，与扫地机投放目标不一致
4776,UCLnzi15FiEZs70dugPNagxw,Jim Dandy,https://cn.noxinfluencer.com/youtube/channel/UCLnzi15FiEZs70dugPNagxw,-10,badcase,汽车内容域偏离，和吸尘器投放不匹配
4777,UCLp5nTfNgs3c2FZO7gEEMFQ,TriskaSRSafiraSRErdyan,https://cn.noxinfluencer.com/youtube/channel/UCLp5nTfNgs3c2FZO7gEEMFQ,0,badcase,无标签无内容，缺少任何投放依据
4778,UCLpVuLOJSVhyMXe96OycuVA,Interior Design Ideas for Home,https://cn.noxinfluencer.com/youtube/channel/UCLpVuLOJSVhyMXe96OycuVA,-15,badcase,游戏标签明显不适合吸尘器推广
4779,UCLp_URaAod44UHCZWH56Bpw,TP-Link Global Support,https://cn.noxinfluencer.com/youtube/channel/UCLp_URaAod44UHCZWH56Bpw,1,badcase,仅有泛科技标签，缺少清洁/家电场景
4781,UCLqbNwrUt3P1ySp3zaIZfJQ,The Doodle Cast,https://cn.noxinfluencer.com/youtube/channel/UCLqbNwrUt3P1ySp3zaIZfJQ,0,badcase,无标签无内容，无法判断投放相关性
4782,UCLrmHcqHlC_5E4pYV2ZRKiw,Russell “Tanning Bed” Dulaney,https://cn.noxinfluencer.com/youtube/channel/UCLrmHcqHlC_5E4pYV2ZRKiw,0,badcase,无标签无内容，缺少投放证据
4784,UCLsawfPSeUyfmjQKpP4TaXw,David's List of Reviews,https://cn.noxinfluencer.com/youtube/channel/UCLsawfPSeUyfmjQKpP4TaXw,0,badcase,无标签与内容证据，难判定相关性
4785,UCLsg7-ywHS-R3qr28KBMJWA,The Gizmo Garage,https://cn.noxinfluencer.com/youtube/channel/UCLsg7-ywHS-R3qr28KBMJWA,-10,badcase,音乐娱乐频道，和吸尘器推广不匹配
4786,UCLstV4xK2gTPiqVbT3Fm_qg,ggShini,https://cn.noxinfluencer.com/youtube/channel/UCLstV4xK2gTPiqVbT3Fm_qg,0,badcase,无标签无内容，缺少任何投放依据
4787,UCLt1HP9buuT35tmRlm9dQmQ,Gadget Grove,https://cn.noxinfluencer.com/youtube/channel/UCLt1HP9buuT35tmRlm9dQmQ,0,badcase,无标签无内容，缺少任何投放依据
4788,UCLtStulw7XA-mdbb5npoffA,Betsy Mcdaniel,https://cn.noxinfluencer.com/youtube/channel/UCLtStulw7XA-mdbb5npoffA,0,badcase,无标签无内容，缺少任何投放依据
4789,UCLuS87arSNnD9xMPhB9v3WA,Instant Story,https://cn.noxinfluencer.com/youtube/channel/UCLuS87arSNnD9xMPhB9v3WA,-15,badcase,故事儿童娱乐频道，不适合家电投放
4790,UCLvztUp66okXUXiyxQxr1og,Dol Haro,https://cn.noxinfluencer.com/youtube/channel/UCLvztUp66okXUXiyxQxr1og,0,badcase,无标签无内容，缺少投放证据
4791,UCLwFWrYji6b5UcHQ7o4BEvg,pexmode,https://cn.noxinfluencer.com/youtube/channel/UCLwFWrYji6b5UcHQ7o4BEvg,0,badcase,无标签无内容，缺少投放证据
4792,UCLwj7EYWA-yinW-_-Zh5A0w,DailyZondeals,https://cn.noxinfluencer.com/youtube/channel/UCLwj7EYWA-yinW-_-Zh5A0w,0,badcase,无标签无内容，缺少投放依据
4794,UCLxTv2fWrXGBOlhDbeuM4iQ,SAHAI  LAO,https://cn.noxinfluencer.com/youtube/channel/UCLxTv2fWrXGBOlhDbeuM4iQ,-15,badcase,宠物娱乐频道，不适合吸尘器投放
4795,UCLxsKT0ozwFoQgpvbBl17CA,Paul Weber,https://cn.noxinfluencer.com/youtube/channel/UCLxsKT0ozwFoQgpvbBl17CA,-15,badcase,游戏主域偏离，和吸尘器投放不匹配
4796,UCLyAQJK-UiLMtt0IBjG6HCA,Review Reflections,https://cn.noxinfluencer.com/youtube/channel/UCLyAQJK-UiLMtt0IBjG6HCA,0,badcase,无标签无内容，缺少投放依据
4797,UCLz0EgroesmqYdxhb9hmdgQ,Global Discount Network,https://cn.noxinfluencer.com/youtube/channel/UCLz0EgroesmqYdxhb9hmdgQ,-10,badcase,政治热帖频道，和家电投放不匹配
4799,UCLzfs_Fx03QxUasScLLNsWg,AHA Top Tech Everything,https://cn.noxinfluencer.com/youtube/channel/UCLzfs_Fx03QxUasScLLNsWg,0,badcase,无标签无内容，缺少投放证据
4801,UCLzrV-Sib4b_6BwCeSqDTJw,Daenerys Frame,https://cn.noxinfluencer.com/youtube/channel/UCLzrV-Sib4b_6BwCeSqDTJw,-15,badcase,影视娱乐向，和吸尘器带货场景明显不匹配
4803,UCM-Q80OAqasw8CK4U_w9j6g,Crippling Depression,https://cn.noxinfluencer.com/youtube/channel/UCM-Q80OAqasw8CK4U_w9j6g,-15,badcase,VTuber娱乐内容为主，不适合吸尘器推广
4807,UCM0uBI2LChgmlWjIQiwGsJA,Retha Jones,https://cn.noxinfluencer.com/youtube/channel/UCM0uBI2LChgmlWjIQiwGsJA,-15,badcase,娱乐喜剧内容为主，和吸尘器推广不在一个场景
4808,UCM29JpL4J9yvc4lAlQcw3yA,Arts3D,https://cn.noxinfluencer.com/youtube/channel/UCM29JpL4J9yvc4lAlQcw3yA,0,badcase,无标签无内容证据，难判断为吸尘器相关创作者
4812,UCM3Ub5W9ZPQ49QmJRkFZu1g,EngineCo16  Channel,https://cn.noxinfluencer.com/youtube/channel/UCM3Ub5W9ZPQ49QmJRkFZu1g,-15,badcase,动物宠物内容为主，不适合人用吸尘器推广
4813,UCM3vQT_Y62VzneKgtNMwKPQ,Your Team Logo,https://cn.noxinfluencer.com/youtube/channel/UCM3vQT_Y62VzneKgtNMwKPQ,0,badcase,无标签无内容信息，无法支持吸尘器投放判断
4815,UCM5HQeC6sJdeCtR9Dg3EvRg,Dagang Couple Reviewer,https://cn.noxinfluencer.com/youtube/channel/UCM5HQeC6sJdeCtR9Dg3EvRg,-15,badcase,魔术娱乐内容为主，和吸尘器推广明显不符
4816,UCM5aeifvL85OamBV4pCKkyQ,Bobandelliothismustache,https://cn.noxinfluencer.com/youtube/channel/UCM5aeifvL85OamBV4pCKkyQ,0,badcase,胡须护理垂类与吸尘器品类关联很弱
4817,UCM7eLAOmevzjRQU753B7beA,Mojo,https://cn.noxinfluencer.com/youtube/channel/UCM7eLAOmevzjRQU753B7beA,0,badcase,历史资讯内容与吸尘器带货缺少直接关联
4818,UCM818G34wgAZ8DgGAuskH7w,Oleg M.,https://cn.noxinfluencer.com/youtube/channel/UCM818G34wgAZ8DgGAuskH7w,0,badcase,无标签无内容证据，相关性不足
4824,UCM9jQq1hPk6lPEaqNiZCMBg,Picksy Hub,https://cn.noxinfluencer.com/youtube/channel/UCM9jQq1hPk6lPEaqNiZCMBg,0,badcase,无标签无内容，无法判断为吸尘器相关
4826,UCMAItp3HTzIXbzf3_BgCZaw,My Sweet Life,https://cn.noxinfluencer.com/youtube/channel/UCMAItp3HTzIXbzf3_BgCZaw,0,badcase,标签为空且无清洁器相关信号
4828,UCMAzsXunIhMT-mqC9NbqEog,Product Zone,https://cn.noxinfluencer.com/youtube/channel/UCMAzsXunIhMT-mqC9NbqEog,0,badcase,美妆发型垂类，与吸尘器推广不匹配
4829,UCMBsgLXCbgovoAxvg7GAnwA,Anabelle Sanchez,https://cn.noxinfluencer.com/youtube/channel/UCMBsgLXCbgovoAxvg7GAnwA,0,badcase,无相关标签，缺少推广依据
4830,UCMC4sfd6yFeGOMPQI5_l4VQ,Manjusha Chicago,https://cn.noxinfluencer.com/youtube/channel/UCMC4sfd6yFeGOMPQI5_l4VQ,0,badcase,无相关标签，缺少推广依据
4831,UCMCXnHUh3vzZlYSI-g__jPw,Houston Tamil Bro,https://cn.noxinfluencer.com/youtube/channel/UCMCXnHUh3vzZlYSI-g__jPw,0,badcase,生活vlog为主，清洁器相关性弱
4833,UCMDGSLsZLVsQOr6I6e3mlwA,Makayla Samountry,https://cn.noxinfluencer.com/youtube/channel/UCMDGSLsZLVsQOr6I6e3mlwA,0,badcase,图书垂类，与吸尘器推广不相关
4834,UCMDnnp_WLn2CUx4tKI26Vtw,Miedo en la Noche,https://cn.noxinfluencer.com/youtube/channel/UCMDnnp_WLn2CUx4tKI26Vtw,0,badcase,无相关标签，缺少推广依据
4835,UCMDoGQEBNf-yBnUXugkjSYA,Oh Shiitake Mushrooms,https://cn.noxinfluencer.com/youtube/channel/UCMDoGQEBNf-yBnUXugkjSYA,0,badcase,偏娱乐叙事，不适合清洁器推广
4836,UCMDu0BTaOj2E99uRL8kJ2rQ,Russ Godfrey - The RowdyDawg,https://cn.noxinfluencer.com/youtube/channel/UCMDu0BTaOj2E99uRL8kJ2rQ,0,badcase,健身健康垂类，和吸尘器无关
4838,UCMGkwgOomR02Gh9McAXXrVg,Steven Lam,https://cn.noxinfluencer.com/youtube/channel/UCMGkwgOomR02Gh9McAXXrVg,0,badcase,无相关标签，缺少推广依据
4840,UCMH2L97v5zJiN5URL6ktkAQ,Dıytps,https://cn.noxinfluencer.com/youtube/channel/UCMH2L97v5zJiN5URL6ktkAQ,0,badcase,无相关标签，缺少推广依据
4842,UCMHUH522Wvkgv7d7MRA-V7A,Thỏ con Tv,https://cn.noxinfluencer.com/youtube/channel/UCMHUH522Wvkgv7d7MRA-V7A,-15,badcase,ASMR/感官娱乐为主，与清洁器带货不符
4843,UCMHyw-R0dJ-73quZTpGlOoQ,MainStreamGifts,https://cn.noxinfluencer.com/youtube/channel/UCMHyw-R0dJ-73quZTpGlOoQ,0,badcase,礼品向频道，清洁器相关性弱
4844,UCMISaWEv9trPxZ9laKjD7ig,scifiguy02,https://cn.noxinfluencer.com/youtube/channel/UCMISaWEv9trPxZ9laKjD7ig,0,badcase,无相关标签，缺少推广依据
4845,UCMJeEc10j91D6VVX_frggPg,Tech Truth Reviews,https://cn.noxinfluencer.com/youtube/channel/UCMJeEc10j91D6VVX_frggPg,0,badcase,缺少标签证据，难判为清洁器垂类
4847,UCML7RFZbUpLgikfKfJtjbEQ,Sassy Auto Chick,https://cn.noxinfluencer.com/youtube/channel/UCML7RFZbUpLgikfKfJtjbEQ,-10,badcase,车内容+ASMR，非清洁器推广场景
4848,UCMMByRMg28FfITWModtcIsg,Cats Bombing 🐱💛,https://cn.noxinfluencer.com/youtube/channel/UCMMByRMg28FfITWModtcIsg,0,badcase,宠物频道，缺少清洁器推广语境
4852,UCMN-lSIZ6haULvQCrdubftw,K&D Family,https://cn.noxinfluencer.com/youtube/channel/UCMN-lSIZ6haULvQCrdubftw,-15,badcase,娱乐恶搞为主，与吸尘器推广明显不符
4853,UCMNADDYuD4UUOEBOvFxqvHQ,The Animal Explorer,https://cn.noxinfluencer.com/youtube/channel/UCMNADDYuD4UUOEBOvFxqvHQ,0,badcase,无标签无内容，未见相关信号
4857,UCMOKzM-giC_Cgodw0mnmt7A,Gamer Boy Sharaz,https://cn.noxinfluencer.com/youtube/channel/UCMOKzM-giC_Cgodw0mnmt7A,-15,badcase,游戏内容为主，不适合家电推广
4859,UCMO_sIHTZBW1o6FQ_NN8StA,Maloj Peacher,https://cn.noxinfluencer.com/youtube/channel/UCMO_sIHTZBW1o6FQ_NN8StA,0,badcase,旅行娱乐向为主，和吸尘器投放弱相关
4861,UCMPBSep7COfy6gNU5vqwSrA,tao,https://cn.noxinfluencer.com/youtube/channel/UCMPBSep7COfy6gNU5vqwSrA,0,badcase,无标签无内容，未见相关信号
4864,UCMRBiI8I-hv9X3RAo1osbaQ,Sabov family,https://cn.noxinfluencer.com/youtube/channel/UCMRBiI8I-hv9X3RAo1osbaQ,-15,badcase,家庭喜剧娱乐为主，不适合商品推广
4867,UCMS_7nAYCmzslMOiZHumwag,Arianna Hailey,https://cn.noxinfluencer.com/youtube/channel/UCMS_7nAYCmzslMOiZHumwag,-15,badcase,娱乐短视频为主，不适合家电推广
4869,UCMTq-oZYxbr80AK7kXxc98A,Wealth Professor,https://cn.noxinfluencer.com/youtube/channel/UCMTq-oZYxbr80AK7kXxc98A,0,badcase,金融财经向，与吸尘器无关
4870,UCMUda-ju1_Q1MVLypGyMXCQ,Rotha Mea,https://cn.noxinfluencer.com/youtube/channel/UCMUda-ju1_Q1MVLypGyMXCQ,0,badcase,无标签无内容，未见相关信号
4871,UCMV-M_AlBFz-D_WRnbPX4sg,Naain's Production,https://cn.noxinfluencer.com/youtube/channel/UCMV-M_AlBFz-D_WRnbPX4sg,0,badcase,无标签无内容，未见相关信号
4873,UCMWwwUHsFQR0k5fpJANnoIA,Sami lee,https://cn.noxinfluencer.com/youtube/channel/UCMWwwUHsFQR0k5fpJANnoIA,0,badcase,无标签无内容，未见相关信号
4874,UCMXIqoBC13dPsA6sXkuQaQQ,Origin Techies,https://cn.noxinfluencer.com/youtube/channel/UCMXIqoBC13dPsA6sXkuQaQQ,0,badcase,车辆/交通向，与吸尘器无关
4875,UCMXppZrI3cn0Yv0gByugcdQ,Randi's Adventures,https://cn.noxinfluencer.com/youtube/channel/UCMXppZrI3cn0Yv0gByugcdQ,0,badcase,生活记录向，缺少家电相关证据
4878,UCMZzY61mamzUFhQjBlzM9Uw,Unique Shopping Corner,https://cn.noxinfluencer.com/youtube/channel/UCMZzY61mamzUFhQjBlzM9Uw,0,badcase,无标签与内容线索，无法判断相关
4879,UCM_088IedeWM0lj5j8KGR7w,latest gadget,https://cn.noxinfluencer.com/youtube/channel/UCM_088IedeWM0lj5j8KGR7w,0,badcase,无标签与内容线索，无法判断相关
4881,UCM_fQvMeWxmsrokUmj5UoIQ,Bike Beat,https://cn.noxinfluencer.com/youtube/channel/UCM_fQvMeWxmsrokUmj5UoIQ,0,badcase,以运动生活为主，与清洁器关联弱
4882,UCMa9tANpOSJhLCIXvbjdzKA,Total Care Hub,https://cn.noxinfluencer.com/youtube/channel/UCMa9tANpOSJhLCIXvbjdzKA,0,badcase,无标签与内容线索，无法判断相关
4883,UCMaIcia_6QuLbL5RG9nHU4g,winnie pooh,https://cn.noxinfluencer.com/youtube/channel/UCMaIcia_6QuLbL5RG9nHU4g,0,badcase,无标签与内容线索，无法判断相关
4885,UCMbUxJG6PamZKunFJ57UBBA,Calm amidst the noise,https://cn.noxinfluencer.com/youtube/channel/UCMbUxJG6PamZKunFJ57UBBA,0,badcase,无标签与内容线索，无法判断相关
4886,UCMcDgKAZozZvHBGUFW10Rxg,Zebby's Little Audios,https://cn.noxinfluencer.com/youtube/channel/UCMcDgKAZozZvHBGUFW10Rxg,-12,badcase,ASMR音频向，属明显投放形式错配
4888,UCMe2UxU39Z2qAF5lHZuW8mA,Beeqa Zea,https://cn.noxinfluencer.com/youtube/channel/UCMe2UxU39Z2qAF5lHZuW8mA,-15,badcase,娱乐喜剧向，和清洁器投放场景不匹配
4889,UCMeqqoMAsWvJP85Uxj-0hbw,Shahbaz Ahmad Sanmal,https://cn.noxinfluencer.com/youtube/channel/UCMeqqoMAsWvJP85Uxj-0hbw,-15,badcase,娱乐喜剧向，和清洁器投放场景不匹配
4891,UCMgZAhIS0ynj3l6XFuI_Nvw,Zoo-m In,https://cn.noxinfluencer.com/youtube/channel/UCMgZAhIS0ynj3l6XFuI_Nvw,0,badcase,无标签与内容线索，无法判断相关
4892,UCMh79RL_YQboiEsDdd9tAFA,Much Boniello,https://cn.noxinfluencer.com/youtube/channel/UCMh79RL_YQboiEsDdd9tAFA,0,badcase,无标签与内容线索，无法判断相关
4893,UCMjBJZHwH9PanbEjkWhvYOA,Top Secure Tools,https://cn.noxinfluencer.com/youtube/channel/UCMjBJZHwH9PanbEjkWhvYOA,0,badcase,无标签与内容线索，无法判断相关
4894,UCMjqvgp_jc6Tf-4CFaNR3VQ,ScoobyAddicts,https://cn.noxinfluencer.com/youtube/channel/UCMjqvgp_jc6Tf-4CFaNR3VQ,-10,badcase,娱乐玩具向，与清洁器投放不匹配
4895,UCMjrP1TrrqpXK5NiE87kZ_A,The Dad Job,https://cn.noxinfluencer.com/youtube/channel/UCMjrP1TrrqpXK5NiE87kZ_A,0,badcase,无标签与内容线索，无法判断相关
4896,UCMk85-YTMXP5uWVNq-pt_Ag,Jorge Flores,https://cn.noxinfluencer.com/youtube/channel/UCMk85-YTMXP5uWVNq-pt_Ag,0,badcase,商业获客向，与清洁器投放无关
4897,UCMkNGNzzRQ6c2o14nI3v58w,EZ DIY,https://cn.noxinfluencer.com/youtube/channel/UCMkNGNzzRQ6c2o14nI3v58w,0,badcase,无标签与内容线索，无法判断相关
4898,UCMlccg6TFrsCbxtncgWNwiw,Thomas reviews,https://cn.noxinfluencer.com/youtube/channel/UCMlccg6TFrsCbxtncgWNwiw,0,badcase,无标签与内容线索，无法判断相关
4899,UCMm4aVMjBPvlYJR6RB3GaZw,Novaguy383,https://cn.noxinfluencer.com/youtube/channel/UCMm4aVMjBPvlYJR6RB3GaZw,0,badcase,无标签与内容线索，无法判断相关
4900,UCMnJuJs9pBAYgY-3NPuWnbA,youtwoTV,https://cn.noxinfluencer.com/youtube/channel/UCMnJuJs9pBAYgY-3NPuWnbA,-15,badcase,娱乐短视频为主，与清洁器投放明显不符
4902,UCMp5tUUbkd_tfuDt05ePPZQ,Jitu parmar Jitu,https://cn.noxinfluencer.com/youtube/channel/UCMp5tUUbkd_tfuDt05ePPZQ,0,badcase,无标签无内容信号，难以支持吸尘器推广
4903,UCMpOxeNKqAxbzvhUAo2AabQ,Martino Motorsports,https://cn.noxinfluencer.com/youtube/channel/UCMpOxeNKqAxbzvhUAo2AabQ,-15,badcase,赛车汽车垂类，和吸尘器消费场景明显不匹配
4905,UCMrdI_TW51gikHWyISkDbzw,Ramya's Moments,https://cn.noxinfluencer.com/youtube/channel/UCMrdI_TW51gikHWyISkDbzw,0,badcase,旅行生活号，与清洁家电推广关联很弱
4906,UCMrfQUGqh6CZObLpzgMSwrw,Lou Adzima,https://cn.noxinfluencer.com/youtube/channel/UCMrfQUGqh6CZObLpzgMSwrw,0,badcase,无标签无内容信号，难以支持吸尘器推广
4908,UCMsYJ-ut41c0WoGCfil4SVQ,Hamham ASMR,https://cn.noxinfluencer.com/youtube/channel/UCMsYJ-ut41c0WoGCfil4SVQ,-25,badcase,ASMR/放松音频型频道，属于明显格式错配
4910,UCMswOrrK-vfHdtkN-qj8YcQ,The Blue Tade,https://cn.noxinfluencer.com/youtube/channel/UCMswOrrK-vfHdtkN-qj8YcQ,-15,badcase,娱乐/动画/电影向，属于明显的投放错配
4911,UCMt6KwgXeiez6iPVTWQXIAQ,groovy entertainment,https://cn.noxinfluencer.com/youtube/channel/UCMt6KwgXeiez6iPVTWQXIAQ,-15,badcase,娱乐+音乐向，缺少清洁家电购买语境
4912,UCMtFf9ScF1TNYQE8ZZGFMBw,MellstroyBear memes,https://cn.noxinfluencer.com/youtube/channel/UCMtFf9ScF1TNYQE8ZZGFMBw,-10,badcase,meme娱乐号，内容方向与吸尘器推广不符
4913,UCMtRsyurpLyMlfzhmyvidzA,Introvert With Opinions,https://cn.noxinfluencer.com/youtube/channel/UCMtRsyurpLyMlfzhmyvidzA,0,badcase,无标签无内容信号，难以支持吸尘器推广
4914,UCMv7fpEjz6F6_jyPM47qf4w,petrix kluipertt,https://cn.noxinfluencer.com/youtube/channel/UCMv7fpEjz6F6_jyPM47qf4w,0,badcase,无标签无内容信号，难以支持吸尘器推广
4917,UCMvTKi7Bi0I8xoWpBMbCNBQ,MUSICMAMA MAKES MOVIES!,https://cn.noxinfluencer.com/youtube/channel/UCMvTKi7Bi0I8xoWpBMbCNBQ,-5,badcase,宠物娱乐号，缺少清洁家电场景
4918,UCMvk-o0oN-j7x-Wb0F4TfUg,Raul’s Aquatics and Reptiles,https://cn.noxinfluencer.com/youtube/channel/UCMvk-o0oN-j7x-Wb0F4TfUg,-5,badcase,宠物水族垂类，和通用吸尘器推广关联弱
4919,UCMvndRMMjBt4_x4KGS0uZDA,Pitla World,https://cn.noxinfluencer.com/youtube/channel/UCMvndRMMjBt4_x4KGS0uZDA,0,badcase,无标签无内容信号，难以支持吸尘器推广
4921,UCMwFd5hyLKz-5sVOW64Wn1Q,Alex's Insights,https://cn.noxinfluencer.com/youtube/channel/UCMwFd5hyLKz-5sVOW64Wn1Q,0,badcase,无标签无内容信号，难以支持吸尘器推广
4922,UCMx3s7ex4s_cTxHiOy5X7ZQ,24/7 Doodles,https://cn.noxinfluencer.com/youtube/channel/UCMx3s7ex4s_cTxHiOy5X7ZQ,-15,badcase,娱乐动画向，和吸尘器推广明显不搭
4923,UCMxDlK_sbpK0xFc9q81EoaQ,KWASYO,https://cn.noxinfluencer.com/youtube/channel/UCMxDlK_sbpK0xFc9q81EoaQ,0,badcase,无标签无内容信号，难以支持吸尘器推广
4924,UCMxF7I4KSvm3TZN-73gCtDw,Cute Cat,https://cn.noxinfluencer.com/youtube/channel/UCMxF7I4KSvm3TZN-73gCtDw,-5,badcase,猫宠物内容，和吸尘器推广场景不匹配
4927,UCMzdMmRXRjr2rAYKimR9LCA,Emily Jennings,https://cn.noxinfluencer.com/youtube/channel/UCMzdMmRXRjr2rAYKimR9LCA,0,badcase,无标签无内容线索，相关性不足
4928,UCMzxH4m-J8fA-8na2X06HYQ,Winning Pick,https://cn.noxinfluencer.com/youtube/channel/UCMzxH4m-J8fA-8na2X06HYQ,0,badcase,无标签无内容线索，相关性不足
4929,UCMzy5_pULjBzsj_ww_zcU0A,Rehart Taras,https://cn.noxinfluencer.com/youtube/channel/UCMzy5_pULjBzsj_ww_zcU0A,0,badcase,无标签无内容线索，相关性不足
4930,UCN-fHYRrw-sb-AW6UTK8e2Q,Cathy’s Life in USA,https://cn.noxinfluencer.com/youtube/channel/UCN-fHYRrw-sb-AW6UTK8e2Q,0,badcase,生活类名称偏泛，缺少推广证据
4931,UCN-uLUCrIebJ93iwTviBH-g,Dolly Toy,https://cn.noxinfluencer.com/youtube/channel/UCN-uLUCrIebJ93iwTviBH-g,-15,badcase,ASMR/吃播属强格式错配，不适合推广
4932,UCN0Un65VtDg2TbnJnxtHrqw,Giggles & Adventures Nursery Rhymes,https://cn.noxinfluencer.com/youtube/channel/UCN0Un65VtDg2TbnJnxtHrqw,0,badcase,童谣娱乐向，和家电推广场景不符
4933,UCN0_CGPJ_o9_vOK65__X9yQ,Tinkering With Tiny Humans,https://cn.noxinfluencer.com/youtube/channel/UCN0_CGPJ_o9_vOK65__X9yQ,0,badcase,内容看似亲子/儿童向，缺少家电相关证据
4935,UCN17uXdfQnW95Y2mE8RLVdA,ELECTRONICS and TECH NEWS,https://cn.noxinfluencer.com/youtube/channel/UCN17uXdfQnW95Y2mE8RLVdA,0,badcase,科技资讯偏泛，缺少评测或购买意图
4936,UCN1AK4wWjeJRtq_syUvA2bA,General Dose of Games,https://cn.noxinfluencer.com/youtube/channel/UCN1AK4wWjeJRtq_syUvA2bA,0,badcase,纯游戏频道，与吸尘器推广不相关
4938,UCN3WnjcOakDB1sYkEbkZRoA,Products for beauty and health,https://cn.noxinfluencer.com/youtube/channel/UCN3WnjcOakDB1sYkEbkZRoA,0,badcase,品类偏美妆健康，与吸尘器不对口
4940,UCN4rCG54RN-7EggJyQECzDA,Marilou Perdiz,https://cn.noxinfluencer.com/youtube/channel/UCN4rCG54RN-7EggJyQECzDA,0,badcase,短视频生活内容，缺少家电推广线索
4942,UCN5A05E-g98w2GmrzgtwCLA,World Review Zone,https://cn.noxinfluencer.com/youtube/channel/UCN5A05E-g98w2GmrzgtwCLA,0,badcase,内容方向不明，无法判断相关性
4943,UCN5_wPzzbzH1mMQGscOrXhg,fashiglow,https://cn.noxinfluencer.com/youtube/channel/UCN5_wPzzbzH1mMQGscOrXhg,0,badcase,无标签无内容线索，相关性不足
4944,UCN5a9apoEiwKETFQfIfIWDA,DJleaD1981 lea,https://cn.noxinfluencer.com/youtube/channel/UCN5a9apoEiwKETFQfIfIWDA,0,badcase,音乐娱乐向，不适合吸尘器推广
4945,UCN5hqN21QuRblV5YjBMT7MQ,Sardonic MJ,https://cn.noxinfluencer.com/youtube/channel/UCN5hqN21QuRblV5YjBMT7MQ,0,badcase,娱乐音乐向，和产品推广不匹配
4948,UCNAObFu4kmYxLcMf5l_7QGw,Adoric,https://cn.noxinfluencer.com/youtube/channel/UCNAObFu4kmYxLcMf5l_7QGw,0,badcase,无清洁/家电相关标签与内容，缺少推广适配信号
4949,UCNAbh69FwkBkrlKFoXzWp_w,The Pet Psychic,https://cn.noxinfluencer.com/youtube/channel/UCNAbh69FwkBkrlKFoXzWp_w,0,badcase,宠物灵性类内容，和家电推广不匹配
4950,UCNAlQXf2mlaNfeSiHdiN92g,Financial Harvest,https://cn.noxinfluencer.com/youtube/channel/UCNAlQXf2mlaNfeSiHdiN92g,0,badcase,新能源主题，与吸尘器推广无关
4951,UCNBWWvX5cwyfDp5l3fIceOw,Jessica Pelletier,https://cn.noxinfluencer.com/youtube/channel/UCNBWWvX5cwyfDp5l3fIceOw,0,badcase,无标签且无相关视频，缺乏可用推广信号
4952,UCNBik3tBpqcBf6Vl4aNpEeA,allnewuptech,https://cn.noxinfluencer.com/youtube/channel/UCNBik3tBpqcBf6Vl4aNpEeA,0,badcase,无标签且无相关视频，缺乏可用推广信号
4954,UCNBynuf_33hLsDnzXmfH9SA,Prime Tech,https://cn.noxinfluencer.com/youtube/channel/UCNBynuf_33hLsDnzXmfH9SA,0,badcase,无标签且无内容证据
4956,UCNCGgjtifIw1xrW17hBUXVA,The Lab Daily,https://cn.noxinfluencer.com/youtube/channel/UCNCGgjtifIw1xrW17hBUXVA,0,badcase,无标签且无内容证据
4957,UCNCI3wAd1iSt8PYMCI_IS9w,Gadget Guide Pro,https://cn.noxinfluencer.com/youtube/channel/UCNCI3wAd1iSt8PYMCI_IS9w,0,badcase,无标签，缺少与吸尘器相关的评测或购买信号
4958,UCNCYZab7e7IDgHz3l8GFZ_g,Fluffy Puppy Tails,https://cn.noxinfluencer.com/youtube/channel/UCNCYZab7e7IDgHz3l8GFZ_g,0,badcase,宠物向内容，和吸尘器推广关联弱
4959,UCND0xKZS7Bhq4Ct4vOO-M4Q,BenjaBenji,https://cn.noxinfluencer.com/youtube/channel/UCND0xKZS7Bhq4Ct4vOO-M4Q,-15,badcase,ASMR音频向内容，与家电推广形式不匹配
4960,UCNDCWnayPeR6jDU8IRaSjPw,Just Gabe VR,https://cn.noxinfluencer.com/youtube/channel/UCNDCWnayPeR6jDU8IRaSjPw,0,badcase,游戏VR内容，与吸尘器推广无关
4961,UCNDDmjCVRs9lSQ1H7bAS09Q,The Unbutchered Cats🚫✂️,https://cn.noxinfluencer.com/youtube/channel/UCNDDmjCVRs9lSQ1H7bAS09Q,-5,badcase,猫类故事娱乐内容，不适合家电推广
4962,UCNElBKS26SZnuFd1h63PsVQ,Global Deal Explorer,https://cn.noxinfluencer.com/youtube/channel/UCNElBKS26SZnuFd1h63PsVQ,0,badcase,无标签且无内容证据
4963,UCNEmWcAfjzKOCXThkq8kjyg,Ceapest Gadgets,https://cn.noxinfluencer.com/youtube/channel/UCNEmWcAfjzKOCXThkq8kjyg,0,badcase,无标签，缺少与吸尘器相关的评测或购买信号
4964,UCNF-JrU11bL4HYS1E6NKU0g,5BestOnes,https://cn.noxinfluencer.com/youtube/channel/UCNF-JrU11bL4HYS1E6NKU0g,0,badcase,无标签且无内容证据
4965,UCNGHcKJR0AY9ElK_cHP5tXg,MS.EVANS_88,https://cn.noxinfluencer.com/youtube/channel/UCNGHcKJR0AY9ElK_cHP5tXg,0,badcase,无标签且无内容证据
4966,UCNGOvfv3HG9O43svkgDX-dQ,The Cleaning Spear,https://cn.noxinfluencer.com/youtube/channel/UCNGOvfv3HG9O43svkgDX-dQ,0,badcase,仅名称像清洁，缺少标签与内容证据
4967,UCNGvlIRBTURmTqU8rknmawg,Cassjcass,https://cn.noxinfluencer.com/youtube/channel/UCNGvlIRBTURmTqU8rknmawg,0,badcase,无标签且无内容证据
4968,UCNIHJZruWcFEeVX7N-J9L8A,DIY Miniature Clay,https://cn.noxinfluencer.com/youtube/channel/UCNIHJZruWcFEeVX7N-J9L8A,0,badcase,手工微缩内容，与吸尘器推广无关
4969,UCNJW6arTek6XbHNRCAvPZWA,Muhammad Ayub Khan,https://cn.noxinfluencer.com/youtube/channel/UCNJW6arTek6XbHNRCAvPZWA,0,badcase,泛生活/宠物/科技混合，缺少吸尘器信号
4972,UCNKEzd0J_jCn-M7b6O9q4-w,MsMonique Love,https://cn.noxinfluencer.com/youtube/channel/UCNKEzd0J_jCn-M7b6O9q4-w,0,badcase,无标签且无内容证据
4973,UCNKcavV4wx1SAVROXm2FiRw,TTN,https://cn.noxinfluencer.com/youtube/channel/UCNKcavV4wx1SAVROXm2FiRw,0,badcase,扑克博彩内容，与吸尘器推广无关
4974,UCNL-kWhu1v07NPonc-ntMHA,Xiao Miauw,https://cn.noxinfluencer.com/youtube/channel/UCNL-kWhu1v07NPonc-ntMHA,-5,badcase,宠物故事娱乐内容，不适合家电推广
4975,UCNLKM9C5mcbAiuz-U9c4mIA,Theresa Kettler,https://cn.noxinfluencer.com/youtube/channel/UCNLKM9C5mcbAiuz-U9c4mIA,0,badcase,健康饮食内容，与吸尘器推广无关
4976,UCNLb9gw8Vm-YXaL0F88XGzg,BADUMP,https://cn.noxinfluencer.com/youtube/channel/UCNLb9gw8Vm-YXaL0F88XGzg,0,badcase,无标签且无内容线索
4977,UCNLbrlWWVXvh7LROIkrhZDw,theoampreneur,https://cn.noxinfluencer.com/youtube/channel/UCNLbrlWWVXvh7LROIkrhZDw,-10,badcase,娱乐/电影向频道，和吸尘器推广场景不符
4978,UCNLdqhBwGzscezZwsdcm0SA,SuperHeroKids,https://cn.noxinfluencer.com/youtube/channel/UCNLdqhBwGzscezZwsdcm0SA,-15,badcase,儿童娱乐向频道，和家电推广不匹配
4979,UCNLq79-4MkCJMwnyBjlCMPg,dianah wastut,https://cn.noxinfluencer.com/youtube/channel/UCNLq79-4MkCJMwnyBjlCMPg,0,badcase,无标签且无内容线索
4980,UCNMPsZPuYp6hVSSSgX3rpPw,TopFinds Lab,https://cn.noxinfluencer.com/youtube/channel/UCNMPsZPuYp6hVSSSgX3rpPw,0,badcase,无标签且无内容线索
4982,UCNMhaZT3GckcL5Gq6E8h1mA,Jana Hines,https://cn.noxinfluencer.com/youtube/channel/UCNMhaZT3GckcL5Gq6E8h1mA,0,badcase,无标签且无内容线索
4983,UCNMjUHPkhx5d31R5q0NTy7Q,Animals Hilarious Moments,https://cn.noxinfluencer.com/youtube/channel/UCNMjUHPkhx5d31R5q0NTy7Q,-15,badcase,宠物娱乐频道，内容域与吸尘器推广不符
4984,UCNMoVGp0ijS8OjMzWH-MKrA,Da Pound Media,https://cn.noxinfluencer.com/youtube/channel/UCNMoVGp0ijS8OjMzWH-MKrA,-15,badcase,音乐娱乐向频道，不适合家电推广
4987,UCNO2ZbDtlPKGtt9d4D_1b1g,Apocalypse Products,https://cn.noxinfluencer.com/youtube/channel/UCNO2ZbDtlPKGtt9d4D_1b1g,0,badcase,户外求生频道，和室内清洁家电关联弱
4988,UCNOXN2WhXeTPYP2UketyaAw,Earthplate,https://cn.noxinfluencer.com/youtube/channel/UCNOXN2WhXeTPYP2UketyaAw,-15,badcase,动物娱乐向频道，与家电推广不匹配
4990,UCNPVSBbzj7Xd9WCjaJbf9sA,Cimi Khatun,https://cn.noxinfluencer.com/youtube/channel/UCNPVSBbzj7Xd9WCjaJbf9sA,0,badcase,无标签且无内容线索
4991,UCNPd3ENqw62kJJ6998_jq6g,Jay Ville,https://cn.noxinfluencer.com/youtube/channel/UCNPd3ENqw62kJJ6998_jq6g,0,badcase,无标签且无内容线索
4992,UCNPsgBTeN-VCJs6bEC74TvA,JimmyGMedia,https://cn.noxinfluencer.com/youtube/channel/UCNPsgBTeN-VCJs6bEC74TvA,0,badcase,健身训练频道，与吸尘器推广无关
4993,UCNQAoLEv87L7NgUp4We3HIg,CRAZY GREAPA,https://cn.noxinfluencer.com/youtube/channel/UCNQAoLEv87L7NgUp4We3HIg,-15,badcase,娱乐/meme频道，不适合家电推广
4994,UCNQ_Zpr7L7TR29HfAsXdC9g,PUREBUTTERFLYSPIRIT,https://cn.noxinfluencer.com/youtube/channel/UCNQ_Zpr7L7TR29HfAsXdC9g,0,badcase,生活方式泛频道，家电推广承接弱
4996,UCNRCuUzcf4xNzj7CmKIrmDA,StorytellerOfTheDead,https://cn.noxinfluencer.com/youtube/channel/UCNRCuUzcf4xNzj7CmKIrmDA,0,badcase,名称偏故事叙事，无家电推广语境
4997,UCNRFpUndSMds8luHvX7YY_A,hdjnf,https://cn.noxinfluencer.com/youtube/channel/UCNRFpUndSMds8luHvX7YY_A,-15,badcase,娱乐/校园向频道，和吸尘器推广不符
4998,UCNRIWRLsJTDkGwMrLAWc4pw,dillster96,https://cn.noxinfluencer.com/youtube/channel/UCNRIWRLsJTDkGwMrLAWc4pw,0,badcase,无标签且无内容线索
5000,UCNRejWJs0hn8pefj5FiE7ZQ,Hidden In Plain Sight,https://cn.noxinfluencer.com/youtube/channel/UCNRejWJs0hn8pefj5FiE7ZQ,-15,badcase,播客/阴谋论频道，不适合家电推广
5001,UCNRiVv0JgJQ6dQzFZc6PZvA,Dejah Lanay,https://cn.noxinfluencer.com/youtube/channel/UCNRiVv0JgJQ6dQzFZc6PZvA,0,badcase,内容偏泛娱乐/生活，和吸尘器推广无关
5002,UCNSdaZRhOL5fxOxpzwC8EMg,Quick Picks,https://cn.noxinfluencer.com/youtube/channel/UCNSdaZRhOL5fxOxpzwC8EMg,0,badcase,无标签无内容信号，无法判断为相关频道
5003,UCNSi0zorRoMq6ZcvXjmkz5A,Ziyat,https://cn.noxinfluencer.com/youtube/channel/UCNSi0zorRoMq6ZcvXjmkz5A,-15,badcase,猫类娱乐频道，受众不适合人用吸尘器
5004,UCNTGaoEv7KxAhPOUMk4-Wsw,Tri Cast,https://cn.noxinfluencer.com/youtube/channel/UCNTGaoEv7KxAhPOUMk4-Wsw,-15,badcase,游戏娱乐向，和家电推广场景错位
5005,UCNTm5BdYhnZoiCAlxsTRm8A,Pink and the Keytar Cat,https://cn.noxinfluencer.com/youtube/channel/UCNTm5BdYhnZoiCAlxsTRm8A,0,badcase,美妆音乐生活混合频道，与吸尘器不相关
5006,UCNTng2oyoT0724URMLNoGqg,Goodale Farm,https://cn.noxinfluencer.com/youtube/channel/UCNTng2oyoT0724URMLNoGqg,0,badcase,无标签且缺少家居/清洁相关证据
5008,UCNUNZKP56Dvtr9vRq_DmG-w,Joyful Media,https://cn.noxinfluencer.com/youtube/channel/UCNUNZKP56Dvtr9vRq_DmG-w,-15,badcase,纯娱乐整蛊向，和吸尘器推广不匹配
5009,UCNUcfEUU4X6igjRhRadMC_A,DREAM VIEW CHANNEL,https://cn.noxinfluencer.com/youtube/channel/UCNUcfEUU4X6igjRhRadMC_A,0,badcase,无标签内容，相关性证据不足
5012,UCNWCMUmKz03vEkBQrHLcKOA,Gamer Heaven,https://cn.noxinfluencer.com/youtube/channel/UCNWCMUmKz03vEkBQrHLcKOA,-15,badcase,游戏主导频道，和吸尘器推广不匹配
5013,UCNWI2KffLPQTNAJbnaZR4sw,Lloyd Sim,https://cn.noxinfluencer.com/youtube/channel/UCNWI2KffLPQTNAJbnaZR4sw,0,badcase,手机数码向，缺少家电推广语境
5014,UCNXKOn8IL3XgK3T1_cPATew,Hans Moore,https://cn.noxinfluencer.com/youtube/channel/UCNXKOn8IL3XgK3T1_cPATew,0,badcase,彩绘美妆类内容，与吸尘器无关
5015,UCNXjbdlUkGMp_KWAIQvycmQ,HODIAX@US,https://cn.noxinfluencer.com/youtube/channel/UCNXjbdlUkGMp_KWAIQvycmQ,0,badcase,无可用标签与内容，无法支撑相关性
5016,UCNXmnDiPKR4XoXYaUvnbasQ,A2Z Reviews,https://cn.noxinfluencer.com/youtube/channel/UCNXmnDiPKR4XoXYaUvnbasQ,0,badcase,仅有频道名，缺少可用相关性证据
5017,UCNXz_HzmpNyq2gLO3yto0iw,My sweet home,https://cn.noxinfluencer.com/youtube/channel/UCNXz_HzmpNyq2gLO3yto0iw,0,badcase,无标签无内容，难以判断为家电受众
5018,UCNY1jk2LBlzDySOglw7llNw,World Product Zone,https://cn.noxinfluencer.com/youtube/channel/UCNY1jk2LBlzDySOglw7llNw,0,badcase,产品泛类频道但无家电/清洁证据
5019,UCNZDVKcylkvRgkRmZq-h7LQ,Tammy Slaton,https://cn.noxinfluencer.com/youtube/channel/UCNZDVKcylkvRgkRmZq-h7LQ,-10,badcase,娱乐综艺向，非家电种草场景
5020,UCNZdQH7MI4wyKWVICgbNg0w,Aci~Cats,https://cn.noxinfluencer.com/youtube/channel/UCNZdQH7MI4wyKWVICgbNg0w,-15,badcase,猫宠娱乐内容，和吸尘器推广不匹配
5022,UCN_nXlFgfEAEVf0ma9wy4yg,Nomad Kids Shorts,https://cn.noxinfluencer.com/youtube/channel/UCN_nXlFgfEAEVf0ma9wy4yg,0,badcase,儿童童谣内容，不适合吸尘器推广
5023,UCN_qXACa1bxMQNiJ2sowpIg,Ben Meryem,https://cn.noxinfluencer.com/youtube/channel/UCN_qXACa1bxMQNiJ2sowpIg,-10,badcase,娱乐短视频为主，缺少家电购买语境
5024,UCN_vetN6tEvheCk1E3w5LJQ,Info Plus,https://cn.noxinfluencer.com/youtube/channel/UCN_vetN6tEvheCk1E3w5LJQ,0,badcase,体育资讯频道，与吸尘器推广关联弱
5025,UCNaa8wvRObJelh5Byoc3fhw,Physics in Motion,https://cn.noxinfluencer.com/youtube/channel/UCNaa8wvRObJelh5Byoc3fhw,0,badcase,无标签且缺少相关内容证据
5026,UCNabv_OmcP3aTvJ5_gmVKxw,Meilleur,https://cn.noxinfluencer.com/youtube/channel/UCNabv_OmcP3aTvJ5_gmVKxw,0,badcase,缺少标签和标题证据，无法支撑吸尘器推广
5027,UCNbl-MAlxA-n_HL74GfT61g,A Cigar Hustlers Podcast,https://cn.noxinfluencer.com/youtube/channel/UCNbl-MAlxA-n_HL74GfT61g,0,badcase,雪茄播客为主，和吸尘器推广场景无关
5028,UCNblYHKR2u-Mn5evSgWk-yQ,Risa Picante,https://cn.noxinfluencer.com/youtube/channel/UCNblYHKR2u-Mn5evSgWk-yQ,0,badcase,缺少标签和标题，无法判断为相关频道
5029,UCNcGG9HDwRUniu5XUxwXSbQ,JOLLY PLAY,https://cn.noxinfluencer.com/youtube/channel/UCNcGG9HDwRUniu5XUxwXSbQ,-10,badcase,儿童游戏娱乐向，和家电推广明显错位
5031,UCNckk_nkhl4jLPdsZJpxXTg,Forgiven13,https://cn.noxinfluencer.com/youtube/channel/UCNckk_nkhl4jLPdsZJpxXTg,0,badcase,缺少标签和标题证据，无法支撑吸尘器推广
5032,UCNdWFpZ7vZiRlpjxb_qIY0w,The L Wood by Lucy,https://cn.noxinfluencer.com/youtube/channel/UCNdWFpZ7vZiRlpjxb_qIY0w,0,badcase,偏手作与房车改装，和吸尘器推广不匹配
5033,UCNefrbdXS2tKRr_F63-xf_A,Audew,https://cn.noxinfluencer.com/youtube/channel/UCNefrbdXS2tKRr_F63-xf_A,0,badcase,缺少标签和标题证据，无法判断为相关频道
5034,UCNeyC4dMYKfL_BBd6wEtdvw,MrCritterCinema,https://cn.noxinfluencer.com/youtube/channel/UCNeyC4dMYKfL_BBd6wEtdvw,0,badcase,缺少标签和标题证据，无法支撑吸尘器推广
5035,UCNf2HelCmNg6a42foJ-WSZw,Wonder Cat Universe,https://cn.noxinfluencer.com/youtube/channel/UCNf2HelCmNg6a42foJ-WSZw,-15,badcase,猫宠内容为主，不适合做人用吸尘器推广
5036,UCNf42fi8gwp3dWw7tpxEqUQ,Putri Anindya,https://cn.noxinfluencer.com/youtube/channel/UCNf42fi8gwp3dWw7tpxEqUQ,-10,badcase,儿童卡通娱乐向，家电推广承接力弱
5037,UCNfK001ZTSwGe9LJ5gVSJww,Ray Roman,https://cn.noxinfluencer.com/youtube/channel/UCNfK001ZTSwGe9LJ5gVSJww,-15,badcase,喜剧娱乐频道，和吸尘器导购无关
5039,UCNffHFfYVYE4xxkzpDXg96g,The G Automotive And More,https://cn.noxinfluencer.com/youtube/channel/UCNffHFfYVYE4xxkzpDXg96g,0,badcase,汽车维修为主，和吸尘器推广关联很弱
5040,UCNfjLGmKi2RCNCMNOYz6J4g,Helen Great's  AI Combine  =)),https://cn.noxinfluencer.com/youtube/channel/UCNfjLGmKi2RCNCMNOYz6J4g,0,badcase,缺少标签和标题证据，无法支撑吸尘器推广
5041,UCNgkSeX9RjRu35g_wNezOIw,Karnika Kreations,https://cn.noxinfluencer.com/youtube/channel/UCNgkSeX9RjRu35g_wNezOIw,0,badcase,缺少标签和标题证据，无法支撑吸尘器推广
5042,UCNhQ6v9UArcatBg8o463hVA,Parker Reviews,https://cn.noxinfluencer.com/youtube/channel/UCNhQ6v9UArcatBg8o463hVA,0,badcase,只有泛评测名字，没有具体家电相关标签
5043,UCNhR70qGs3BV2hewX-h905w,Life is like a box of chocolates,https://cn.noxinfluencer.com/youtube/channel/UCNhR70qGs3BV2hewX-h905w,0,badcase,美妆生活内容为主，和吸尘器推广不匹配
5044,UCNhW9vMYBT_-I90Giwk10xg,AiGO,https://cn.noxinfluencer.com/youtube/channel/UCNhW9vMYBT_-I90Giwk10xg,0,badcase,缺少标签和标题证据，无法判断为相关频道
5045,UCNhpj0AdMYV9M4DtICNUFuA,InThePresent Mommy,https://cn.noxinfluencer.com/youtube/channel/UCNhpj0AdMYV9M4DtICNUFuA,0,badcase,妈妈垂类但无清洁/家电证据，相关性弱
5046,UCNhyBlPgH0hxCRHbJdPv-dg,Amazing Dogs,https://cn.noxinfluencer.com/youtube/channel/UCNhyBlPgH0hxCRHbJdPv-dg,-15,badcase,狗宠垂类，不适合做人用吸尘器推广
5047,UCNibzxmHa_d6H4rJjR6Fliw,holyfrigginghost,https://cn.noxinfluencer.com/youtube/channel/UCNibzxmHa_d6H4rJjR6Fliw,0,badcase,缺少标签和标题证据，无法支撑吸尘器推广
5048,UCNic0V65LMz4SBjagbW3qEA,TheTop3Products,https://cn.noxinfluencer.com/youtube/channel/UCNic0V65LMz4SBjagbW3qEA,0,badcase,缺少具体家电或清洁类证据，相关性不足
5049,UCNinh-IVo7uOmE3iQy-umow,Cats & Coffee,https://cn.noxinfluencer.com/youtube/channel/UCNinh-IVo7uOmE3iQy-umow,0,badcase,宠物与咖啡混合内容，和吸尘器推广弱相关
5050,UCNj0Yau_lcKsr7tGIuo6P2g,The Battle Family,https://cn.noxinfluencer.com/youtube/channel/UCNj0Yau_lcKsr7tGIuo6P2g,0,badcase,家庭运动内容为主，和吸尘器推广关联弱
5051,UCNj8gGYxdYFSs6NQ45p4tYA,ASMRLadyCleaning,https://cn.noxinfluencer.com/youtube/channel/UCNj8gGYxdYFSs6NQ45p4tYA,-8,badcase,ASMR清洁氛围与产品推广格式不匹配
5052,UCNjZ48ieSZEHfrg9VzTaDrA,ENDWARO7 en Español,https://cn.noxinfluencer.com/youtube/channel/UCNjZ48ieSZEHfrg9VzTaDrA,0,badcase,无相关标签与内容证据
5053,UCNjdI-5lq-zvAl3I9r1p-4A,ssiusplau,https://cn.noxinfluencer.com/youtube/channel/UCNjdI-5lq-zvAl3I9r1p-4A,0,badcase,无相关标签与内容证据
5055,UCNjz5Gmr9SCckGDXCDFPY4A,Axiom Objects,https://cn.noxinfluencer.com/youtube/channel/UCNjz5Gmr9SCckGDXCDFPY4A,0,badcase,无相关标签与内容证据
5056,UCNk3CeLpCA0qIZsuzGl09cw,Homemade Science with Bruce Yeany,https://cn.noxinfluencer.com/youtube/channel/UCNk3CeLpCA0qIZsuzGl09cw,0,badcase,仅有泛化兴趣标签，缺少清洁产品场景
5057,UCNkgFYmRa4Om3O3vGr6rHmw,Fergal Meredith,https://cn.noxinfluencer.com/youtube/channel/UCNkgFYmRa4Om3O3vGr6rHmw,0,badcase,无相关标签与内容证据
5058,UCNkwz52n3h7LTv-HBQo01oA,PrintStick,https://cn.noxinfluencer.com/youtube/channel/UCNkwz52n3h7LTv-HBQo01oA,0,badcase,数码规划向，与清洁产品无关
5059,UCNlAeiioqsEf2rEKacG3AFw,Tomas Bauer,https://cn.noxinfluencer.com/youtube/channel/UCNlAeiioqsEf2rEKacG3AFw,0,badcase,旅游生活向，与清洁产品无关
5060,UCNmxNffAi6Ol2G8aEm07AXw,Self Jokes,https://cn.noxinfluencer.com/youtube/channel/UCNmxNffAi6Ol2G8aEm07AXw,0,badcase,宠物娱乐内容，缺少产品推广场景
5061,UCNnBjcrVK_DtlDKk063M8qA,Cloudy Paws,https://cn.noxinfluencer.com/youtube/channel/UCNnBjcrVK_DtlDKk063M8qA,0,badcase,无相关标签与内容证据
5062,UCNo5_ci3jUTgi5V70zITFtQ,Leona's Creative Endeavors,https://cn.noxinfluencer.com/youtube/channel/UCNo5_ci3jUTgi5V70zITFtQ,0,badcase,节日茶食娱乐向，缺少相关场景
5064,UCNoQHK6_86_Hzsn_oyADIIg,Homemaking with Katrena,https://cn.noxinfluencer.com/youtube/channel/UCNoQHK6_86_Hzsn_oyADIIg,0,badcase,家务向名称但缺少可用标签证据
5066,UCNpv8ESwyf3iyiYAZPzGogw,GoAsFarAsYouCanSee,https://cn.noxinfluencer.com/youtube/channel/UCNpv8ESwyf3iyiYAZPzGogw,0,badcase,兴趣杂项标签过散，与产品无关
5067,UCNqC5LE4BsYxAeLocUI8fPQ,Cat Cat Family,https://cn.noxinfluencer.com/youtube/channel/UCNqC5LE4BsYxAeLocUI8fPQ,0,badcase,无相关标签与内容证据
5068,UCNqPkjq_jN4x-eEtWDrne8A,California Lavender Honey Farm,https://cn.noxinfluencer.com/youtube/channel/UCNqPkjq_jN4x-eEtWDrne8A,0,badcase,农场主题与清洁产品无关
5070,UCNrEKsjN8c3b44VOCs2eMVA,Alex,https://cn.noxinfluencer.com/youtube/channel/UCNrEKsjN8c3b44VOCs2eMVA,0,badcase,无相关标签与内容证据
5071,UCNriOUP1vGJ1Ea6jmiKhXMA,Artisan Made,https://cn.noxinfluencer.com/youtube/channel/UCNriOUP1vGJ1Ea6jmiKhXMA,0,badcase,手工DIY向，缺少清洁家电场景
5072,UCNs-2zpJz0OOMML9P6v-dmQ,"No way, just replay",https://cn.noxinfluencer.com/youtube/channel/UCNs-2zpJz0OOMML9P6v-dmQ,0,badcase,无相关标签与内容证据
5073,UCNsABafjdzbW_IwHXcwbwiQ,Productswithjason,https://cn.noxinfluencer.com/youtube/channel/UCNsABafjdzbW_IwHXcwbwiQ,0,badcase,无相关标签与内容证据
5074,UCNucl6CqR2TshaEY6IJuddw,Q Family,https://cn.noxinfluencer.com/youtube/channel/UCNucl6CqR2TshaEY6IJuddw,0,badcase,家庭娱乐向，缺少产品推广证据
5075,UCNug5rOIfgxdfugbBT9CIKw,New Tech Amazing,https://cn.noxinfluencer.com/youtube/channel/UCNug5rOIfgxdfugbBT9CIKw,0,badcase,无相关标签与内容证据
5077,UCNvn8z6wePbwQKJVL1ZY-0g,Joluzo Dikeku,https://cn.noxinfluencer.com/youtube/channel/UCNvn8z6wePbwQKJVL1ZY-0g,0,badcase,缺少清洁器相关内容信号
5078,UCNxVEpFp0pWURV6BtwqovKA,anisotropicplus,https://cn.noxinfluencer.com/youtube/channel/UCNxVEpFp0pWURV6BtwqovKA,0,badcase,知识/太阳能向，与清洁器推广不相关
5079,UCNxpo8THJ77t58cAKRlKyMQ,RASMARCONI EMPIRE RECORDS,https://cn.noxinfluencer.com/youtube/channel/UCNxpo8THJ77t58cAKRlKyMQ,-10,badcase,音乐娱乐频道，和清洁器推广不匹配
5080,UCNyHFlWUJPzE4c5Am_7DVnw,Kruno Eti,https://cn.noxinfluencer.com/youtube/channel/UCNyHFlWUJPzE4c5Am_7DVnw,0,badcase,车类/泛生活向，和清洁器推广不匹配
5081,UCNytI6p2jK-LrQDYlZ-MVvw,JM Notary Public,https://cn.noxinfluencer.com/youtube/channel/UCNytI6p2jK-LrQDYlZ-MVvw,0,badcase,缺少清洁器相关内容信号
5085,UCO-ZYPEhwhfd3ykL39xdfBg,"Adventures of ""The PAC"".",https://cn.noxinfluencer.com/youtube/channel/UCO-ZYPEhwhfd3ykL39xdfBg,0,badcase,生活娱乐向，缺少清洁器推广语境
5087,UCO200Ohryov2WMQA-K7y-Rw,LIZ CON ALMA Y PROPÓSITO,https://cn.noxinfluencer.com/youtube/channel/UCO200Ohryov2WMQA-K7y-Rw,0,badcase,手工饰品向，与清洁器推广不相关
5088,UCO2GacuVyrTRKPOB87ZKOXw,Jonny Explains,https://cn.noxinfluencer.com/youtube/channel/UCO2GacuVyrTRKPOB87ZKOXw,0,badcase,车类频道，与清洁器推广关联弱
5090,UCO2SvMI_kjR93DWoN72bfNQ,PigNut,https://cn.noxinfluencer.com/youtube/channel/UCO2SvMI_kjR93DWoN72bfNQ,0,badcase,缺少清洁器相关内容信号
5091,UCO2WJhotFWu1Vl-53M3YK2A,Trend Zium,https://cn.noxinfluencer.com/youtube/channel/UCO2WJhotFWu1Vl-53M3YK2A,0,badcase,缺少清洁器相关内容信号
5092,UCO43t-KMZ_j2vRq-SbQvxqw,Oodles & Caboodles of Crafts,https://cn.noxinfluencer.com/youtube/channel/UCO43t-KMZ_j2vRq-SbQvxqw,0,badcase,手工工艺向，与清洁器推广不相关
5094,UCO5Uws1ra1RbNgDqBlViH9w,Yvonne Brilhart,https://cn.noxinfluencer.com/youtube/channel/UCO5Uws1ra1RbNgDqBlViH9w,0,badcase,料理宠物向，与清洁器推广不相关
5095,UCO5_hg18aHeKn1ETcg4Sy3w,Orozco’s Kitchen,https://cn.noxinfluencer.com/youtube/channel/UCO5_hg18aHeKn1ETcg4Sy3w,0,badcase,美食烹饪向，与清洁器推广不相关
5096,UCO5cZTXF9zaZ5BCYBANh1Eg,HouseofChimeras,https://cn.noxinfluencer.com/youtube/channel/UCO5cZTXF9zaZ5BCYBANh1Eg,0,badcase,缺少清洁器相关内容信号
5098,UCO5gXBJ1bCW-zoKU1jZRMOg,Mattastic ASMR,https://cn.noxinfluencer.com/youtube/channel/UCO5gXBJ1bCW-zoKU1jZRMOg,-15,badcase,ASMR音频型频道，对清洁器推广是格式错配
5099,UCO68_cOYpviHA6zxN2vapaQ,Down South Adventures,https://cn.noxinfluencer.com/youtube/channel/UCO68_cOYpviHA6zxN2vapaQ,0,badcase,越野车类频道，与清洁器推广关联弱
5100,UCO6GUwFOWlzRcrvBtWtWcjg,funtasfit,https://cn.noxinfluencer.com/youtube/channel/UCO6GUwFOWlzRcrvBtWtWcjg,-10,badcase,体育娱乐频道，与家电推广关联弱
5101,UCO6fhfTgwEdB-oPpZutk6LQ,Muriel Zarati04,https://cn.noxinfluencer.com/youtube/channel/UCO6fhfTgwEdB-oPpZutk6LQ,-15,badcase,宠物垂类，和人用吸尘器推广受众不匹配
5102,UCO6gNf7zjiMkmDjCsPP9mJQ,Kids Now - Nursery Rhymes,https://cn.noxinfluencer.com/youtube/channel/UCO6gNf7zjiMkmDjCsPP9mJQ,-15,badcase,儿歌音乐频道，非家电带货场景
5103,UCO6igTmQnXNYbwrNOec289w,Thingstrusted,https://cn.noxinfluencer.com/youtube/channel/UCO6igTmQnXNYbwrNOec289w,0,badcase,标签缺失，无法判断与吸尘器相关性
5105,UCO6mBVOYQReqWNuJ9epVQZA,Nora,https://cn.noxinfluencer.com/youtube/channel/UCO6mBVOYQReqWNuJ9epVQZA,0,badcase,无标签无内容线索，相关性不足
5107,UCO7O2IdE8tiGAml0voOCquQ,Aitrus719,https://cn.noxinfluencer.com/youtube/channel/UCO7O2IdE8tiGAml0voOCquQ,0,badcase,无标签无内容线索，相关性不足
5108,UCO7QcFOxqH6WLVyBjJ6oGjw,The Pawsome Show,https://cn.noxinfluencer.com/youtube/channel/UCO7QcFOxqH6WLVyBjJ6oGjw,-10,badcase,宠物节目倾向明显，不适合人用吸尘器投放
5111,UCO7p_6tNdJmMoeYt-FSSrVQ,Andi like,https://cn.noxinfluencer.com/youtube/channel/UCO7p_6tNdJmMoeYt-FSSrVQ,-15,badcase,娱乐短视频为主，和吸尘器投放不匹配
5113,UCO8W-Ylauc5kLjEv2rjwf9w,Potapova_blog,https://cn.noxinfluencer.com/youtube/channel/UCO8W-Ylauc5kLjEv2rjwf9w,-15,badcase,娱乐向频道为主，家电推广不合适
5114,UCO9-djp69ggWOirB3jhjjpw,Rosy,https://cn.noxinfluencer.com/youtube/channel/UCO9-djp69ggWOirB3jhjjpw,-15,badcase,娱乐短视频夹杂婴儿哭闹，不适合家电推广
5115,UCOATwPsJhenzJ_pTXNZGHLg,Travel with RA,https://cn.noxinfluencer.com/youtube/channel/UCOATwPsJhenzJ_pTXNZGHLg,0,badcase,旅行内容与吸尘器销售场景关联弱
5116,UCOBHvGjmtoUCP4hC4AX3RDQ,Clint Luhrs,https://cn.noxinfluencer.com/youtube/channel/UCOBHvGjmtoUCP4hC4AX3RDQ,0,badcase,无标签无内容线索，相关性不足
5117,UCOBsGJ6qmzTFpdE_aNL3Vjw,Panther8816,https://cn.noxinfluencer.com/youtube/channel/UCOBsGJ6qmzTFpdE_aNL3Vjw,-5,badcase,有教程/营销属性，但娱乐音乐成分重
5118,UCOC--GD1ocQy1JqYi0rW1fw,Key Fob Rob,https://cn.noxinfluencer.com/youtube/channel/UCOC--GD1ocQy1JqYi0rW1fw,-5,badcase,汽车钥匙教程，和吸尘器产品不在一条线上
5119,UCOCvTdqa8HVienyZoBoh4Sg,The Skin Standard,https://cn.noxinfluencer.com/youtube/channel/UCOCvTdqa8HVienyZoBoh4Sg,-5,badcase,美妆垂类，与清洁家电不相关
5121,UCODYYQOgQTjWXN8kaYy4FQQ,karlie2303,https://cn.noxinfluencer.com/youtube/channel/UCODYYQOgQTjWXN8kaYy4FQQ,0,badcase,无标签无内容线索，相关性不足
5123,UCOFOzXWgPaIlJxW4N_giW8g,The Malec's,https://cn.noxinfluencer.com/youtube/channel/UCOFOzXWgPaIlJxW4N_giW8g,0,badcase,无标签无内容线索，相关性不足
5125,UCOG0TGHe-s_ddMB3mXq76ZA,FilmiShortreel,https://cn.noxinfluencer.com/youtube/channel/UCOG0TGHe-s_ddMB3mXq76ZA,-15,badcase,短视频影视向，和家电推广不适配
5126,UCOGFq6w4TltcBnp7B8apJ-w,Jasper Natalie,https://cn.noxinfluencer.com/youtube/channel/UCOGFq6w4TltcBnp7B8apJ-w,-15,badcase,动漫娱乐号，和吸尘器推广场景明显不匹配
5127,UCOGVS1y1zB3TSXLbbMuArEQ,Alex Rubi,https://cn.noxinfluencer.com/youtube/channel/UCOGVS1y1zB3TSXLbbMuArEQ,0,badcase,无标签、无内容信号，无法判断清洁器推广相关性
5129,UCOHKWWICnBlKPRwUUehVv3Q,Gazebo Hub,https://cn.noxinfluencer.com/youtube/channel/UCOHKWWICnBlKPRwUUehVv3Q,0,badcase,无标签和内容证据，难以支撑吸尘器推广相关性
5131,UCOIgF0y10-82j5fdNvY9nBA,saneauto,https://cn.noxinfluencer.com/youtube/channel/UCOIgF0y10-82j5fdNvY9nBA,-10,badcase,汽车维修频道与家用吸尘器推广场景不匹配
5132,UCOIs73D_63fN01kt-buVD2A,Positioned Well®,https://cn.noxinfluencer.com/youtube/channel/UCOIs73D_63fN01kt-buVD2A,0,badcase,无标签无内容证据，无法判断与吸尘器推广相关
5133,UCOJ_ga1ErSvre3x8VY26kZg,FluffyFlix,https://cn.noxinfluencer.com/youtube/channel/UCOJ_ga1ErSvre3x8VY26kZg,-15,badcase,宠物狗频道，面向人用吸尘器推广场景明显不匹配
5134,UCOJcw1gbXhiV3dZc_Z6KUMA,Ollie The Monkey,https://cn.noxinfluencer.com/youtube/channel/UCOJcw1gbXhiV3dZc_Z6KUMA,-10,badcase,猴类内容与吸尘器推广场景明显不匹配
5135,UCOKRlGBYzZ9Ou0nWyg1zTJw,The Cooper Scoop,https://cn.noxinfluencer.com/youtube/channel/UCOKRlGBYzZ9Ou0nWyg1zTJw,-15,badcase,动物救援频道，和吸尘器推广场景明显不匹配
5136,UCOLvtfgIjk0WhETAK2NlPwA,La Familia Cocinemosjuntos,https://cn.noxinfluencer.com/youtube/channel/UCOLvtfgIjk0WhETAK2NlPwA,0,badcase,标签仅为家庭/生活/美食，无吸尘器或家电推广意图
5138,UCONL9Hwqj1y_6rl5sYgweVQ,Following Edyta,https://cn.noxinfluencer.com/youtube/channel/UCONL9Hwqj1y_6rl5sYgweVQ,0,badcase,无标签和内容信号，无法支撑吸尘器推广
5140,UCONUZQNBESGhi3q1duCdugQ,Focus and Motivation,https://cn.noxinfluencer.com/youtube/channel/UCONUZQNBESGhi3q1duCdugQ,2,badcase,标签偏科技和电竞，缺少吸尘器购买或测评语境，相关性弱
5141,UCONzTQLN2_DTpVI80Y2I08Q,Johnny Rock,https://cn.noxinfluencer.com/youtube/channel/UCONzTQLN2_DTpVI80Y2I08Q,-15,badcase,汽车类频道与吸尘器推广场景不符，缺少家电/测评/购买意图
5142,UCOOhpRpQ2n8p4mgtADlM5Pw,Fast and Tune,https://cn.noxinfluencer.com/youtube/channel/UCOOhpRpQ2n8p4mgtADlM5Pw,0,badcase,无标签无内容信号，缺乏真空吸尘器推广相关性
5143,UCOPut8WEF0gfug69O3bVEcw,brickstudios,https://cn.noxinfluencer.com/youtube/channel/UCOPut8WEF0gfug69O3bVEcw,-10,badcase,乐高玩具频道，与吸尘器推广场景明显不符
5144,UCOQkAeNuZJYumgdiubsvQUA,Tall_Chilis_Boi,https://cn.noxinfluencer.com/youtube/channel/UCOQkAeNuZJYumgdiubsvQUA,20,badcase,标签有 vacuum cleaner，但频道主体是游戏/音乐，缺少清洁器推广内容
5145,UCOQpwkOs-nHO7mu5orIDIHA,Trending Deal Hub,https://cn.noxinfluencer.com/youtube/channel/UCOQpwkOs-nHO7mu5orIDIHA,0,badcase,无标签和内容证据，无法支持吸尘器推广
5146,UCORtYCE-Fl31LQSYCx7wU2g,Creation Holic,https://cn.noxinfluencer.com/youtube/channel/UCORtYCE-Fl31LQSYCx7wU2g,2,badcase,手工DIY频道，与吸尘器推广无明确相关，仅有泛生活标签
5148,UCOS6QRsHZrKYVk6qPUd53lQ,Craft With Felicia,https://cn.noxinfluencer.com/youtube/channel/UCOS6QRsHZrKYVk6qPUd53lQ,0,badcase,手工DIY频道，和吸尘器推广无关
5149,UCOSWC3MNBIkC7xuJ0lKQQJw,Dream Nest,https://cn.noxinfluencer.com/youtube/channel/UCOSWC3MNBIkC7xuJ0lKQQJw,-15,badcase,短视频ASMR美食号，缺少吸尘器评测/购买意图，推广不匹配
5151,UCOTiYtECnBLH9jr80h6WLQA,Indrafy Amazon,https://cn.noxinfluencer.com/youtube/channel/UCOTiYtECnBLH9jr80h6WLQA,0,badcase,缺少清洁/家电相关证据
5152,UCOTmJWzJQ0qSJ-EsEoMNhcQ,The Bark Side,https://cn.noxinfluencer.com/youtube/channel/UCOTmJWzJQ0qSJ-EsEoMNhcQ,0,badcase,无有效相关标签或内容信号
5153,UCOUJosvk1C3ZKuDeCm7-ByQ,Tralala TV,https://cn.noxinfluencer.com/youtube/channel/UCOUJosvk1C3ZKuDeCm7-ByQ,0,badcase,无有效相关标签或内容信号
5154,UCOUMWzYIxzx-nqmP-rhD1vg,essentialfind,https://cn.noxinfluencer.com/youtube/channel/UCOUMWzYIxzx-nqmP-rhD1vg,0,badcase,无有效相关标签或内容信号
5155,UCOUTJ9fQFsnSuaWR4zFaShQ,MH Reviews,https://cn.noxinfluencer.com/youtube/channel/UCOUTJ9fQFsnSuaWR4zFaShQ,0,badcase,无有效相关标签或内容信号
5156,UCOUa7w1EYqGXeYQxrHfvVxg,SpokenLayer,https://cn.noxinfluencer.com/youtube/channel/UCOUa7w1EYqGXeYQxrHfvVxg,0,badcase,无有效相关标签或内容信号
5158,UCOWEY48f-W4QxZ_ZvC8rbZA,NextBuy,https://cn.noxinfluencer.com/youtube/channel/UCOWEY48f-W4QxZ_ZvC8rbZA,0,badcase,无有效相关标签或内容信号
5159,UCOWO5OeGAD2C-0OQqjUNn5w,2D FUNNI,https://cn.noxinfluencer.com/youtube/channel/UCOWO5OeGAD2C-0OQqjUNn5w,-15,badcase,娱乐/梗图为主，与产品推广错位
5160,UCOX5exZii_IGmO0busHZnig,Passive Review Boss,https://cn.noxinfluencer.com/youtube/channel/UCOX5exZii_IGmO0busHZnig,0,badcase,无有效相关标签或内容信号
5162,UCOXroh-xW5j7y76vmsTlZNA,AnimatingStudios2002,https://cn.noxinfluencer.com/youtube/channel/UCOXroh-xW5j7y76vmsTlZNA,-10,badcase,娱乐电影向，和吸尘器推广不匹配
5163,UCOXvGfhTEH8_0arUqeWHqCQ,TeaTimeMasti Vlogs,https://cn.noxinfluencer.com/youtube/channel/UCOXvGfhTEH8_0arUqeWHqCQ,0,badcase,无有效相关标签或内容信号
5164,UCOYCf3hBPn11UROT8ZeO4Ig,Patti Allred,https://cn.noxinfluencer.com/youtube/channel/UCOYCf3hBPn11UROT8ZeO4Ig,0,badcase,无有效相关标签或内容信号
5165,UCOYdKHo_1T44l66FxBN2_gw,RV Adventures | Todds World,https://cn.noxinfluencer.com/youtube/channel/UCOYdKHo_1T44l66FxBN2_gw,0,badcase,无有效相关标签或内容信号
5166,UCOYeyTuAZ1y4VkpzRNCf4Fw,Gadget Hunter,https://cn.noxinfluencer.com/youtube/channel/UCOYeyTuAZ1y4VkpzRNCf4Fw,-10,badcase,娱乐幽默为主，缺少产品推广场景
5167,UCOYx1x90F4mi3r5YPhM8XBw,Top Rank Product,https://cn.noxinfluencer.com/youtube/channel/UCOYx1x90F4mi3r5YPhM8XBw,0,badcase,无有效相关标签或内容信号
5169,UCO_oCAiux6B6mdQG7cyHcJQ,skip2mylou,https://cn.noxinfluencer.com/youtube/channel/UCO_oCAiux6B6mdQG7cyHcJQ,0,badcase,美妆为主，吸尘器推广相关性弱
5170,UCOaSqvJp8PEf7-NYlfau1Vw,Dog Minded,https://cn.noxinfluencer.com/youtube/channel/UCOaSqvJp8PEf7-NYlfau1Vw,-15,badcase,宠物向内容，不适合人用吸尘器推广
5172,UCObjMOLIl4sYmAMO8140glg,Mark Vins,https://cn.noxinfluencer.com/youtube/channel/UCObjMOLIl4sYmAMO8140glg,-15,badcase,野生动物/宠物内容，和推广场景不符
5173,UCObpOfA1plrrAL_-eIAGQjw,gameworld,https://cn.noxinfluencer.com/youtube/channel/UCObpOfA1plrrAL_-eIAGQjw,0,badcase,无有效相关标签或内容信号
5175,UCOcF-DHH2IvKRjjyIlX8_Vw,HomeTips4You,https://cn.noxinfluencer.com/youtube/channel/UCOcF-DHH2IvKRjjyIlX8_Vw,0,badcase,无有效相关标签或内容信号
5176,UCOcGZ_LZnSwTN0dLF57fX_Q,SAG19DELTA,https://cn.noxinfluencer.com/youtube/channel/UCOcGZ_LZnSwTN0dLF57fX_Q,0,badcase,无标签无内容信号，难判断相关性
5177,UCOctqgMFE2LE5PeDrxGJr9w,John Dash and Friends,https://cn.noxinfluencer.com/youtube/channel/UCOctqgMFE2LE5PeDrxGJr9w,0,badcase,无标签无内容信号，难判断相关性
5178,UCOdSfzlQlgnZvLYFn7vsdhw,StyleSpin,https://cn.noxinfluencer.com/youtube/channel/UCOdSfzlQlgnZvLYFn7vsdhw,-5,badcase,娱乐短视频为主，非家电推广场景
5179,UCOdYk_AGeVsmXToNpxmRzOQ,Catboy 2001,https://cn.noxinfluencer.com/youtube/channel/UCOdYk_AGeVsmXToNpxmRzOQ,-10,badcase,电影娱乐向，吸尘器推广不匹配
5180,UCOdYtGF0YKXhqRTCpjGtLOA,Drake Feeney,https://cn.noxinfluencer.com/youtube/channel/UCOdYtGF0YKXhqRTCpjGtLOA,0,badcase,无标签无内容信号，难判断相关性
5182,UCOfID_oAbXW9_xYLYpKqtxQ,Animation,https://cn.noxinfluencer.com/youtube/channel/UCOfID_oAbXW9_xYLYpKqtxQ,-10,badcase,动画内容，偏娱乐叙事，不是家电推广场景
5187,UCOiYFgUGMIB1lE-1xhEwtvA,I Love Lucy,https://cn.noxinfluencer.com/youtube/channel/UCOiYFgUGMIB1lE-1xhEwtvA,-15,badcase,经典娱乐内容，和吸尘器带货场景不符
5193,UCOljzDRpDcHrQgvQFjuiN1w,A Girl and Her Gang,https://cn.noxinfluencer.com/youtube/channel/UCOljzDRpDcHrQgvQFjuiN1w,0,badcase,无标签无内容信号，难判断相关性
5198,UCOoAC5quBHSaa3bkJXsenIA,Lenny stories sprunki,https://cn.noxinfluencer.com/youtube/channel/UCOoAC5quBHSaa3bkJXsenIA,-10,badcase,故事向内容，偏娱乐不偏选品
5200,UCOpww4F7ly1UEu06t3mVRlw,Trollsome,https://cn.noxinfluencer.com/youtube/channel/UCOpww4F7ly1UEu06t3mVRlw,-15,badcase,娱乐音乐向，明显不适合家电带货
5202,UCOreE0qFNEMiZTLjDQy2a8A,Comy Toys - Nursery Rhymes & Kids Songs,https://cn.noxinfluencer.com/youtube/channel/UCOreE0qFNEMiZTLjDQy2a8A,-15,badcase,少儿儿歌频道，受众与清洁家电推广不匹配
5203,UCOreuvMn8d-SZ1dNKcpGqBA,Love Aliex,https://cn.noxinfluencer.com/youtube/channel/UCOreuvMn8d-SZ1dNKcpGqBA,0,badcase,缺少频道标签与内容证据，无法判断相关
5204,UCOs2I6_kPRvS6j_fRLyLpYw,Dannyp1818,https://cn.noxinfluencer.com/youtube/channel/UCOs2I6_kPRvS6j_fRLyLpYw,-15,badcase,汽车内容为主，清洁家电推广相关性低
5207,UCOt8j4kfVmShMO6X7cIh8oA,Warrior Productions,https://cn.noxinfluencer.com/youtube/channel/UCOt8j4kfVmShMO6X7cIh8oA,0,badcase,缺少可用内容信号，相关性不足
5208,UCOtB6Sl4OmUKtua9baWfctQ,Alexandre Calvez in English,https://cn.noxinfluencer.com/youtube/channel/UCOtB6Sl4OmUKtua9baWfctQ,0,badcase,缺少可用内容信号，相关性不足
5209,UCOtKF32gVYNBWGpK6rl2E1w,ARSEN,https://cn.noxinfluencer.com/youtube/channel/UCOtKF32gVYNBWGpK6rl2E1w,-10,badcase,娱乐和少儿主题为主，不适合清洁家电推广
5210,UCOtPNdegYNB4WB-Pla5ReiQ,Meow-some! Reacts,https://cn.noxinfluencer.com/youtube/channel/UCOtPNdegYNB4WB-Pla5ReiQ,-10,badcase,反应娱乐与宠物向内容，和产品推广不匹配
5213,UCOuQbxT3ChGo6B_cJz9InRg,Pipe Cleaner Crafts B,https://cn.noxinfluencer.com/youtube/channel/UCOuQbxT3ChGo6B_cJz9InRg,-5,badcase,手工DIY频道，和清洁家电推广场景不符
5215,UCOuy4N97edtXlmPhwwOiuaA,Girl Crafts,https://cn.noxinfluencer.com/youtube/channel/UCOuy4N97edtXlmPhwwOiuaA,-5,badcase,手工内容为主，和清洁家电推广不匹配
5216,UCOv2LIsa9tTggvj1rQTZDHQ,chrisundertaking,https://cn.noxinfluencer.com/youtube/channel/UCOv2LIsa9tTggvj1rQTZDHQ,-5,badcase,黄金探险内容与清洁家电推广无关
5217,UCOwZiWcNu-y9SEGMnqh4x3Q,Mega Isco,https://cn.noxinfluencer.com/youtube/channel/UCOwZiWcNu-y9SEGMnqh4x3Q,-15,badcase,纯娱乐短内容，属于明显不适配
5218,UCOwalENlHFtwnQ_ERRqf0rg,"Fur wheelz dogs, cars & Vacations",https://cn.noxinfluencer.com/youtube/channel/UCOwalENlHFtwnQ_ERRqf0rg,-10,badcase,宠物娱乐频道，和人用清洁家电推广不匹配
5219,UCOxFDX9ggvLMjxHAcTbMhJA,Digital Mind Blog,https://cn.noxinfluencer.com/youtube/channel/UCOxFDX9ggvLMjxHAcTbMhJA,0,badcase,缺少频道标签与内容证据，无法判断相关
5220,UCOy0ONJC8Ld8z7BppGWxqew,Creating with Paola,https://cn.noxinfluencer.com/youtube/channel/UCOy0ONJC8Ld8z7BppGWxqew,-5,badcase,手工创作频道，和清洁家电推广场景不符
5221,UCOyThCXrn8DL14w_4VOXYDA,Repon Official,https://cn.noxinfluencer.com/youtube/channel/UCOyThCXrn8DL14w_4VOXYDA,0,badcase,缺少频道标签与内容证据，无法判断相关
5222,UCOyot971eVeruW2fMZPvwmw,Muaz Latest Fashion,https://cn.noxinfluencer.com/youtube/channel/UCOyot971eVeruW2fMZPvwmw,0,badcase,时尚频道为主，清洁家电推广相关性低
5223,UCOz03A3hti0tDksMDOSagzQ,LYDARZ,https://cn.noxinfluencer.com/youtube/channel/UCOz03A3hti0tDksMDOSagzQ,0,badcase,户外船艇内容与清洁家电推广不相关
5224,UCOz8E0vVvX6xiPA1d6SuV1g,WeRV4U,https://cn.noxinfluencer.com/youtube/channel/UCOz8E0vVvX6xiPA1d6SuV1g,0,badcase,缺少频道标签与内容证据，无法判断相关
5225,UCOzByZmuVWQbyoTDO2rAsMA,SnowyThrillers Movie,https://cn.noxinfluencer.com/youtube/channel/UCOzByZmuVWQbyoTDO2rAsMA,-15,badcase,电影解说/惊悚娱乐频道，明显不适配
5226,UCOzxaAZsqfXA9a3p0nosGZQ,Detail Groove,https://cn.noxinfluencer.com/youtube/channel/UCOzxaAZsqfXA9a3p0nosGZQ,3,badcase,汽车美容/贴膜业务场景，仅与吸尘器使用弱相关，缺少产品推广意图
5227,UCP-OuRNP-8oJYcEAMAG5VXg,TIF'S FAMILY VIBES,https://cn.noxinfluencer.com/youtube/channel/UCP-OuRNP-8oJYcEAMAG5VXg,1,badcase,仅有泛生活标签，缺少吸尘器购买或测评意图
5228,UCP-RwqcZOqbvRkv8kfUM9dg,Cats Meow Melody,https://cn.noxinfluencer.com/youtube/channel/UCP-RwqcZOqbvRkv8kfUM9dg,0,badcase,无标签、无相关视频，缺少吸尘器推广相关信号
5229,UCP0TfcQg9KB9UdyZLhWN4vQ,Prime Picked,https://cn.noxinfluencer.com/youtube/channel/UCP0TfcQg9KB9UdyZLhWN4vQ,0,badcase,标签过于泛化，缺少吸尘器推广相关场景
5230,UCP0XZS4USmlXHrkKLfJC0uQ,Yogesh gautam,https://cn.noxinfluencer.com/youtube/channel/UCP0XZS4USmlXHrkKLfJC0uQ,-15,badcase,宠物娱乐频道，和家用吸尘器推广场景不符
5231,UCP0m8VLIgN19gxThDnjaczg,Savage Sound Effects,https://cn.noxinfluencer.com/youtube/channel/UCP0m8VLIgN19gxThDnjaczg,-10,badcase,音效频道属音频娱乐，与吸尘器推广场景明显不符
5232,UCP0poP1xYA_A5arbStmTDLw,Eastern Colorado Life Safety & Hobbies,https://cn.noxinfluencer.com/youtube/channel/UCP0poP1xYA_A5arbStmTDLw,0,badcase,无标签和视频证据，且频道主题与吸尘器推广关联弱
5233,UCP1Jzqs93y1nqpRMwVhAx-Q,Electric Wings,https://cn.noxinfluencer.com/youtube/channel/UCP1Jzqs93y1nqpRMwVhAx-Q,0,badcase,无标签/标题信号，无法判断与吸尘器推广相关
5234,UCP1Oo_a22_bFEk0izaUtMjg,lovepluspet,https://cn.noxinfluencer.com/youtube/channel/UCP1Oo_a22_bFEk0izaUtMjg,0,badcase,无标签和视频证据支持吸尘器推广相关性
5235,UCP1Zr3b_eStW2KZMyZxbQHw,Video Break,https://cn.noxinfluencer.com/youtube/channel/UCP1Zr3b_eStW2KZMyZxbQHw,0,badcase,标签与吸尘器推广无关，缺少产品或购买意图信号
5236,UCP1zzgZKu12CIVat6Q1brWw,JaydenGarage,https://cn.noxinfluencer.com/youtube/channel/UCP1zzgZKu12CIVat6Q1brWw,-10,badcase,频道以泛娱乐/社会政治为主，与吸尘器推广无关
5237,UCP3EawdMvsIN1j9qPa335eA,Christ Centered Gamer,https://cn.noxinfluencer.com/youtube/channel/UCP3EawdMvsIN1j9qPa335eA,-15,badcase,游戏频道，和吸尘器推广场景明显不相关
5238,UCP4M3Q-WSeJVT79PqSCf-hw,Pods Speech,https://cn.noxinfluencer.com/youtube/channel/UCP4M3Q-WSeJVT79PqSCf-hw,0,badcase,频道偏商业励志，与吸尘器推广无关
5239,UCP4O12gW0NgYDLH-fTo_1Mg,Katya and Dima,https://cn.noxinfluencer.com/youtube/channel/UCP4O12gW0NgYDLH-fTo_1Mg,-15,badcase,儿童娱乐频道，与吸尘器推广场景明显不符
5241,UCP6HmOxaHCtwmksu3bxqjNA,Kumbuk TV,https://cn.noxinfluencer.com/youtube/channel/UCP6HmOxaHCtwmksu3bxqjNA,0,badcase,内容偏美食旅行，缺少清洁器具评测或购买语境
5242,UCP6bAAXX2GxQKrX9ugt3u7w,Kanchi Samayal,https://cn.noxinfluencer.com/youtube/channel/UCP6bAAXX2GxQKrX9ugt3u7w,0,badcase,美食/生活vlog频道，与吸尘器推广缺少产品相关性
5243,UCP6zHfHU3vTBM8zD8kH2rmw,CLEAN CAR CHRIS,https://cn.noxinfluencer.com/youtube/channel/UCP6zHfHU3vTBM8zD8kH2rmw,-10,badcase,车载清洁向但以ASMR/满意视频为主，不适合真空吸尘器推广
5244,UCP7W4eDbwxh1ju6IoTHjHkQ,Best Store,https://cn.noxinfluencer.com/youtube/channel/UCP7W4eDbwxh1ju6IoTHjHkQ,0,badcase,无标签无视频证据，缺少吸尘器推广相关性
5245,UCP7us04ZucZY2jY1eIac65Q,Hide,https://cn.noxinfluencer.com/youtube/channel/UCP7us04ZucZY2jY1eIac65Q,0,badcase,无标签与内容证据，无法支持吸尘器推广
5246,UCP83QvrPSmpxl9bvr2EbkIA,Sausage Sounds ASMR,https://cn.noxinfluencer.com/youtube/channel/UCP83QvrPSmpxl9bvr2EbkIA,-12,badcase,ASMR音频向频道，与吸尘器推广用途不匹配
5249,UCPA0K34mv86vHaMgObwJSAA,Wishwa Gaweshaka - විශ්ව ගවේශක -,https://cn.noxinfluencer.com/youtube/channel/UCPA0K34mv86vHaMgObwJSAA,0,badcase,内容偏科普娱乐，缺少吸尘器推广相关标签与购买/评测意图
5250,UCPAC3RQILTsRMhH40ZDZAog,virginia woods,https://cn.noxinfluencer.com/youtube/channel/UCPAC3RQILTsRMhH40ZDZAog,0,badcase,无标签、无视频相关证据，无法判断具备清洁器推广相关性
9501,UCtK_uoAu4izf-9kbWmv1xkA,Heartfelt Tales,https://cn.noxinfluencer.com/youtube/channel/UCtK_uoAu4izf-9kbWmv1xkA,-15,badcase,Reddit故事型频道，和吸尘器推广目标不符
9502,UCtKkr0ypCiYFIFtMLEMSxvQ,Zing Zara,https://cn.noxinfluencer.com/youtube/channel/UCtKkr0ypCiYFIFtMLEMSxvQ,-15,badcase,纯娱乐短视频，缺少家电导购场景
9513,UCtPVUZI80lrBYuBWhM4RgoA,ASMR Nirvana,https://cn.noxinfluencer.com/youtube/channel/UCtPVUZI80lrBYuBWhM4RgoA,-15,badcase,ASMR感官型格式与吸尘器推广强冲突
9514,UCtQBDzCBE1C-p6NqpGlx7bQ,Kiddy Chu,https://cn.noxinfluencer.com/youtube/channel/UCtQBDzCBE1C-p6NqpGlx7bQ,-15,badcase,影视娱乐频道，不适合家电推广
9517,UCtSlfFV43NWvVZGat5a53mw,Topwind Ranch,https://cn.noxinfluencer.com/youtube/channel/UCtSlfFV43NWvVZGat5a53mw,0,badcase,牧场/马类内容与家用吸尘器受众偏离
9518,UCtT6v0Fdcnod61khJeVZ9ew,Eason P,https://cn.noxinfluencer.com/youtube/channel/UCtT6v0Fdcnod61khJeVZ9ew,0,badcase,缺少频道标签和内容证据，难判断相关性
9519,UCtTTb_IxU29pV70lJk65rqQ,DEWAN,https://cn.noxinfluencer.com/youtube/channel/UCtTTb_IxU29pV70lJk65rqQ,0,badcase,缺少频道标签和内容证据
9520,UCtTozxpS4yVHxsxrO84atIg,Serhii Hladun,https://cn.noxinfluencer.com/youtube/channel/UCtTozxpS4yVHxsxrO84atIg,-15,badcase,音乐娱乐频道，与吸尘器推广场景不匹配
9521,UCtU0LWj7mAAfokgh4s_c2MQ,Justine Cuenco Gustafsson,https://cn.noxinfluencer.com/youtube/channel/UCtU0LWj7mAAfokgh4s_c2MQ,0,badcase,美妆时尚受众与家电清洁品类关联弱
9526,UCtWd-XNET4cdmcyRvhjeAQQ,k2O,https://cn.noxinfluencer.com/youtube/channel/UCtWd-XNET4cdmcyRvhjeAQQ,0,badcase,无标签与内容证据，缺少吸尘器推广相关性
9527,UCtYNJxCRqfzGtfNMJtT0Jaw,The GateKeeper,https://cn.noxinfluencer.com/youtube/channel/UCtYNJxCRqfzGtfNMJtT0Jaw,0,badcase,无标签与内容证据，缺少吸尘器推广相关性
9529,UCtYyKNsJCSPUI3zO02kFoOQ,My Car Need,https://cn.noxinfluencer.com/youtube/channel/UCtYyKNsJCSPUI3zO02kFoOQ,0,badcase,车相关频道但无清洁家电或购买信号
9530,UCtZ7B7hsFQ6nIyHHFeIOEyw,organize with Joey,https://cn.noxinfluencer.com/youtube/channel/UCtZ7B7hsFQ6nIyHHFeIOEyw,0,badcase,无标签与内容证据，无法判断为吸尘器投放位
9531,UCtZCutxYULWJvJmGecvv4aQ,Doucets,https://cn.noxinfluencer.com/youtube/channel/UCtZCutxYULWJvJmGecvv4aQ,0,badcase,无标签与内容证据，缺少吸尘器推广相关性
9532,UCtZY4bNAOZSB0Fvdb2UWrJg,HOW THINGS WORK,https://cn.noxinfluencer.com/youtube/channel/UCtZY4bNAOZSB0Fvdb2UWrJg,0,badcase,解释类频道但无吸尘器相关标签或内容
9533,UCtZYyoSfffpHBdWPnTkFsyg,Aquarium TK,https://cn.noxinfluencer.com/youtube/channel/UCtZYyoSfffpHBdWPnTkFsyg,-15,badcase,鱼缸宠物垂类，和人用吸尘器受众不符
9534,UCtZxw36pSnZYffC_XhQdhew,Renz Sadiwa,https://cn.noxinfluencer.com/youtube/channel/UCtZxw36pSnZYffC_XhQdhew,0,badcase,桌搭科技向，缺少清洁家电导购意图
9535,UCt_0ltkPuaaGtm0pNgyerOQ,Genius Gadget,https://cn.noxinfluencer.com/youtube/channel/UCt_0ltkPuaaGtm0pNgyerOQ,0,badcase,无标签与内容证据，无法判断为吸尘器投放位
9537,UCta-IjIkUozU9AnBRuU0FoA,KatieG8tor,https://cn.noxinfluencer.com/youtube/channel/UCta-IjIkUozU9AnBRuU0FoA,0,badcase,泛生活内容，缺少清洁家电语境
9538,UCtaHVzOv_Em98HRCRbHhTjw,The Lab Review,https://cn.noxinfluencer.com/youtube/channel/UCtaHVzOv_Em98HRCRbHhTjw,0,badcase,无标签与内容证据，缺少吸尘器推广相关性
9539,UCtakZwX0UT6SMkO0S9t8XqQ,Reebelo,https://cn.noxinfluencer.com/youtube/channel/UCtakZwX0UT6SMkO0S9t8XqQ,0,badcase,翻新电子产品垂类，与吸尘器不匹配
9540,UCtaykeSsGhtn2o2BsPm-rsw,Make Something,https://cn.noxinfluencer.com/youtube/channel/UCtaykeSsGhtn2o2BsPm-rsw,0,badcase,木工DIY向，非家电测评或导购
9541,UCtb8N_1rMhBOD-SxBDqDpoA,Jaquetfam vlogs,https://cn.noxinfluencer.com/youtube/channel/UCtb8N_1rMhBOD-SxBDqDpoA,0,badcase,vlog泛娱乐，缺少产品导购意图
9542,UCtbkymRCxreyNHb_ON2FCsQ,Rachael Ray Show,https://cn.noxinfluencer.com/youtube/channel/UCtbkymRCxreyNHb_ON2FCsQ,0,badcase,烹饪节目，清洁家电投放相关性弱
9543,UCtdBtbADf0vuPFHyCF1KCog,Best al Review,https://cn.noxinfluencer.com/youtube/channel/UCtdBtbADf0vuPFHyCF1KCog,0,badcase,无标签与内容证据，无法判断为吸尘器投放位
9545,UCtdy_EjJVALSptqS99DoFPw,Shoprexo,https://cn.noxinfluencer.com/youtube/channel/UCtdy_EjJVALSptqS99DoFPw,0,badcase,无标签与内容证据，缺少吸尘器推广相关性
9546,UCteEM4YIjpfesrIfXGsSkdQ,BizanIQ,https://cn.noxinfluencer.com/youtube/channel/UCteEM4YIjpfesrIfXGsSkdQ,0,badcase,宠物娱乐向，缺少家电导购信号
9547,UCtf9Y1A0dO_xE_ni7Po7eMw,Seda Alkan,https://cn.noxinfluencer.com/youtube/channel/UCtf9Y1A0dO_xE_ni7Po7eMw,0,badcase,无标签与内容证据，缺少吸尘器推广相关性
9548,UCtfOrt6jT3VyLgA2fUda3dQ,Furry Friend,https://cn.noxinfluencer.com/youtube/channel/UCtfOrt6jT3VyLgA2fUda3dQ,-10,badcase,宠物狗垂类，和人用吸尘器不匹配
9549,UCthmHPh_YbNDb0B6WUC1wRQ,GeniePixels,https://cn.noxinfluencer.com/youtube/channel/UCthmHPh_YbNDb0B6WUC1wRQ,0,badcase,无标签与内容证据，缺少吸尘器推广相关性
9551,UCtj1K2MqbIyjdecFP7BN-uQ,Echo Impacts,https://cn.noxinfluencer.com/youtube/channel/UCtj1K2MqbIyjdecFP7BN-uQ,0,badcase,无相关标签或内容，缺少清洁/家电信号
9554,UCtjNttzzur9dPD39R9FkvHA,Golfers Guide,https://cn.noxinfluencer.com/youtube/channel/UCtjNttzzur9dPD39R9FkvHA,0,badcase,高尔夫垂类，和 vacuum cleaner 场景不匹配
9555,UCtjtKJ8etudPyeqbwiZtqkg,Raising Harry,https://cn.noxinfluencer.com/youtube/channel/UCtjtKJ8etudPyeqbwiZtqkg,0,badcase,宠物垂类，缺少家电/清洁投放场景
9558,UCtkfrt-pu8P6PXrz_YH2eJQ,Beyond The Now,https://cn.noxinfluencer.com/youtube/channel/UCtkfrt-pu8P6PXrz_YH2eJQ,-15,badcase,游戏短内容为主，和家电推广明显不符
9560,UCtl4Jh6IomgfhU96G_8DsTw,Xmandre Dimples Family Friendly,https://cn.noxinfluencer.com/youtube/channel/UCtl4Jh6IomgfhU96G_8DsTw,0,badcase,娱乐向频道，和家电推广关联弱
9562,UCtm3lKI6uicthpzvwTxJ_lA,2KrazyKampers,https://cn.noxinfluencer.com/youtube/channel/UCtm3lKI6uicthpzvwTxJ_lA,0,badcase,露营/RV 场景，与 vacuum cleaner 推广关联弱
9565,UCtmL2JZKUdtRLu4_Leho1Jg,The Lainez Family🤍,https://cn.noxinfluencer.com/youtube/channel/UCtmL2JZKUdtRLu4_Leho1Jg,0,badcase,家庭 vlog 垂类，缺少清洁/家电导购信号
9566,UCtobSJi4pt97JLjQqk6LoiQ,expressway mk,https://cn.noxinfluencer.com/youtube/channel/UCtobSJi4pt97JLjQqk6LoiQ,-15,badcase,喜剧/prank/短视频为主，强格式不适合投放
9568,UCtp0e6_TtqQ_8T5cdWS_TRw,Roscoe Duhop,https://cn.noxinfluencer.com/youtube/channel/UCtp0e6_TtqQ_8T5cdWS_TRw,-10,badcase,娱乐/摔角表演向，不适合商品导购
9569,UCtpGJy6X3XhuavwytVD-Tyw,Ready to Banana,https://cn.noxinfluencer.com/youtube/channel/UCtpGJy6X3XhuavwytVD-Tyw,-15,badcase,动画梗图娱乐垂类，不适合家电推广
9574,UCtqOzBtpibogd1wsaNWRKZg,Brainy Storytime,https://cn.noxinfluencer.com/youtube/channel/UCtqOzBtpibogd1wsaNWRKZg,0,badcase,storytime 故事向，和家电推广不匹配
9575,UCtqkXoAeYx5S-ijUilWlW9Q,Roderick Frost,https://cn.noxinfluencer.com/youtube/channel/UCtqkXoAeYx5S-ijUilWlW9Q,0,badcase,缺少可判定的垂类或商品信号
9576,UCts5yckijppldDqEG3vEw_Q,Product Video Studio,https://cn.noxinfluencer.com/youtube/channel/UCts5yckijppldDqEG3vEw_Q,0,badcase,无相关标签和视频内容，和吸尘器推广无明显关联
9577,UCtvAxML4h1XvBk6LBR46gsQ,Select Best One,https://cn.noxinfluencer.com/youtube/channel/UCtvAxML4h1XvBk6LBR46gsQ,0,badcase,无相关标签和内容，难以支撑吸尘器推广
9578,UCtwVqb-6rrLF0RBy46vnxpw,Isaac24,https://cn.noxinfluencer.com/youtube/channel/UCtwVqb-6rrLF0RBy46vnxpw,0,badcase,电梯/车辆向，和吸尘器推广不相关
9579,UCtx043LcnOYKMtnLLKZRlig,Journey,https://cn.noxinfluencer.com/youtube/channel/UCtx043LcnOYKMtnLLKZRlig,1,badcase,泛生活频道，只有弱生活标签
9580,UCtxApKQBcAQyjn90wpSrNCQ,RetroGamingDays,https://cn.noxinfluencer.com/youtube/channel/UCtxApKQBcAQyjn90wpSrNCQ,1,badcase,游戏/数码混杂，和吸尘器投放不匹配
9581,UCtxJcQ9ub_zvM_ymvmS9J3A,Savvy Life HQ,https://cn.noxinfluencer.com/youtube/channel/UCtxJcQ9ub_zvM_ymvmS9J3A,0,badcase,无相关标签和内容，缺少可用相关信号
9583,UCtxpVVari-95y-N2HtF4RZw,KeyNoel,https://cn.noxinfluencer.com/youtube/channel/UCtxpVVari-95y-N2HtF4RZw,-10,badcase,娱乐/幽默向，和吸尘器投放不匹配
9584,UCtyKufeCVvgnZRE5I8quY6A,Melanie @ The Story of Five,https://cn.noxinfluencer.com/youtube/channel/UCtyKufeCVvgnZRE5I8quY6A,0,badcase,旅行VLOG为主，缺少家电或测评语境
9585,UCu-3t3hj6w8TqUQ21UJAQjQ,Trending Kids,https://cn.noxinfluencer.com/youtube/channel/UCu-3t3hj6w8TqUQ21UJAQjQ,0,badcase,无相关标签和内容，缺少可用相关信号
9589,UCu0qSL--nWGdV961Ynod4LA,Jareds Reviews,https://cn.noxinfluencer.com/youtube/channel/UCu0qSL--nWGdV961Ynod4LA,0,badcase,无标签，缺少可用相关信号
9590,UCu1-m9pkqn4da6iFGV_qH0g,Easy Life Shop,https://cn.noxinfluencer.com/youtube/channel/UCu1-m9pkqn4da6iFGV_qH0g,0,badcase,无标签，缺少可用相关信号
9592,UCu1sSsjhFHjad3SNIRbVCzw,Rob Douthit,https://cn.noxinfluencer.com/youtube/channel/UCu1sSsjhFHjad3SNIRbVCzw,0,badcase,无标签，缺少可用相关信号
9593,UCu2YQJolPVvS_2nJKL4Jy9g,healthylifeeasylife,https://cn.noxinfluencer.com/youtube/channel/UCu2YQJolPVvS_2nJKL4Jy9g,0,badcase,无标签，缺少可用相关信号
9594,UCu2eLGE2PNBrivdgpE3C4sw,Onu De Ba,https://cn.noxinfluencer.com/youtube/channel/UCu2eLGE2PNBrivdgpE3C4sw,0,badcase,无标签，缺少可用相关信号
9595,UCu2p0ta7nJT2B7V2CAJrmKw,Living This Life,https://cn.noxinfluencer.com/youtube/channel/UCu2p0ta7nJT2B7V2CAJrmKw,0,badcase,旅行/生活向，和吸尘器推广关联弱
9597,UCu36HYLsBlED8Fsk2udOQgw,Epoxy Mania BD,https://cn.noxinfluencer.com/youtube/channel/UCu36HYLsBlED8Fsk2udOQgw,-15,badcase,娱乐音乐向，和吸尘器推广不匹配
9598,UCu3UIT_KmsVqzCvEaKbrnVg,Creativity Base,https://cn.noxinfluencer.com/youtube/channel/UCu3UIT_KmsVqzCvEaKbrnVg,0,badcase,无标签，缺少可用相关信号
9600,UCu3q2JtCkKgIjBTTVxpiyvg,HH Reviews,https://cn.noxinfluencer.com/youtube/channel/UCu3q2JtCkKgIjBTTVxpiyvg,0,badcase,无标签，缺少可用相关信号
9602,UCu4MQzM-Xf-n6Bg3KO4IBbA,SBno1,https://cn.noxinfluencer.com/youtube/channel/UCu4MQzM-Xf-n6Bg3KO4IBbA,0,badcase,无标签无内容信号，相关性不足
9603,UCu4iOHRrM_eLJlvJgW1CTWg,sabina's diary,https://cn.noxinfluencer.com/youtube/channel/UCu4iOHRrM_eLJlvJgW1CTWg,-5,badcase,音乐娱乐/生活向，和家电推广不匹配
9605,UCu6Y2TNUzyNocCpFcpLKrdQ,Baby Colors TV,https://cn.noxinfluencer.com/youtube/channel/UCu6Y2TNUzyNocCpFcpLKrdQ,0,badcase,无标签，缺少可用的推广相关信号
9606,UCu6liSiKZtV_kvmol0iaAsA,tshackantiques,https://cn.noxinfluencer.com/youtube/channel/UCu6liSiKZtV_kvmol0iaAsA,0,badcase,偏古董与泛教程，和吸尘器品类不贴合
9609,UCuARNe6EYnubZFULy19iCDg,EntertainBlast,https://cn.noxinfluencer.com/youtube/channel/UCuARNe6EYnubZFULy19iCDg,0,badcase,励志健身向，和吸尘器推广场景不符
9610,UCuAwht17MF5IiHvBVk28Q2A,Lucky Nail Supply,https://cn.noxinfluencer.com/youtube/channel/UCuAwht17MF5IiHvBVk28Q2A,0,badcase,美甲供应向，和家电投放不匹配
9612,UCuCvcPLYggTqGdf7Inl0q7A,lyubo antonov,https://cn.noxinfluencer.com/youtube/channel/UCuCvcPLYggTqGdf7Inl0q7A,-5,badcase,娱乐/宠物/生活混合，和家电推广不对口
9615,UCuERTXYWbxjJfwye-d1W28A,Core Insights,https://cn.noxinfluencer.com/youtube/channel/UCuERTXYWbxjJfwye-d1W28A,0,badcase,信息过少，无法支撑相关判断
9617,UCuEluQ-S86rj33EftQ64EIA,Catmini,https://cn.noxinfluencer.com/youtube/channel/UCuEluQ-S86rj33EftQ64EIA,-10,badcase,猫宠物娱乐向，和人用吸尘器推广冲突
9619,UCuH6OqmSsSq12UklucxVH5Q,ai scene,https://cn.noxinfluencer.com/youtube/channel/UCuH6OqmSsSq12UklucxVH5Q,0,badcase,AI场景号，和家电推广无直接关系
9620,UCuHD9xewJe3r9eGdjd5z5gw,Recollection Road,https://cn.noxinfluencer.com/youtube/channel/UCuHD9xewJe3r9eGdjd5z5gw,0,badcase,怀旧历史向，受众不匹配
9621,UCuI91vejoMH-lKm1cwvztSQ,ณัฐพงษ์ ยิ่งสันเทียะ,https://cn.noxinfluencer.com/youtube/channel/UCuI91vejoMH-lKm1cwvztSQ,0,badcase,无标签且名称不可辨，相关性不足
9623,UCuIsoaei7jFDTCXmW3t31uA,Savage ShortsYT,https://cn.noxinfluencer.com/youtube/channel/UCuIsoaei7jFDTCXmW3t31uA,-10,badcase,短视频娱乐+宠物/动物向，明显不适配
9624,UCuK2WXcXFTkh7-BaeYu9XwQ,LieFxD,https://cn.noxinfluencer.com/youtube/channel/UCuK2WXcXFTkh7-BaeYu9XwQ,-15,badcase,游戏频道，和家电产品推广几乎完全不相关
9626,UCuK7q477ZiUQkxIKv7IyS-A,Erick Martin Sucre,https://cn.noxinfluencer.com/youtube/channel/UCuK7q477ZiUQkxIKv7IyS-A,0,badcase,泛YouTube标签，和吸尘器无关
9627,UCuKHtKcYVEjII2h6MvuAzog,Invotech Zone,https://cn.noxinfluencer.com/youtube/channel/UCuKHtKcYVEjII2h6MvuAzog,0,badcase,无标签与内容信号
9628,UCuKNbNrmbr3ZyzktZ-_T14A,KIMBERLY FAYE | UGC Creator,https://cn.noxinfluencer.com/youtube/channel/UCuKNbNrmbr3ZyzktZ-_T14A,0,badcase,UGC属性可推广，但无品类证据
9629,UCuKy1j84BK07-qEye-1b-oQ,The Evans 🤍,https://cn.noxinfluencer.com/youtube/channel/UCuKy1j84BK07-qEye-1b-oQ,-15,badcase,音乐娱乐向，与家电推广不符
9630,UCuL1cGa2uwGZ8x5bg_XFBDg,King Crane Plus,https://cn.noxinfluencer.com/youtube/channel/UCuL1cGa2uwGZ8x5bg_XFBDg,-15,badcase,游戏娱乐向，和吸尘器推广错位
9631,UCuLmW4dC0Sfl06rjdj6YYaQ,Hushed Insights,https://cn.noxinfluencer.com/youtube/channel/UCuLmW4dC0Sfl06rjdj6YYaQ,0,badcase,无相关标签或内容
9632,UCuMPBWY8ZbFO_WQLv6wSfnA,Anne şu şu,https://cn.noxinfluencer.com/youtube/channel/UCuMPBWY8ZbFO_WQLv6wSfnA,0,badcase,无相关标签或内容
9634,UCuOdzM7uPRs7CMHCyljSVKQ,HomelyHive,https://cn.noxinfluencer.com/youtube/channel/UCuOdzM7uPRs7CMHCyljSVKQ,0,badcase,仅名称偏家居，缺少清洁证据
9635,UCuPBGqlPM5eEWGihpWUThSA,Healthy Home Cooking,https://cn.noxinfluencer.com/youtube/channel/UCuPBGqlPM5eEWGihpWUThSA,0,badcase,家居烹饪向，非清洁主场景
9636,UCuQL-iRmB6lm6UxUb7_5O9Q,Life of Pixel,https://cn.noxinfluencer.com/youtube/channel/UCuQL-iRmB6lm6UxUb7_5O9Q,0,badcase,无相关标签或内容
9638,UCuRDCd9iaM7OoN8xD-vom7A,Top5Anything,https://cn.noxinfluencer.com/youtube/channel/UCuRDCd9iaM7OoN8xD-vom7A,0,badcase,泛教程向，缺少家电主题
9639,UCuRHDWMfJPXJXHTqKJDJxjg,SUPER MOM Reviews,https://cn.noxinfluencer.com/youtube/channel/UCuRHDWMfJPXJXHTqKJDJxjg,0,badcase,无标签内容，测评属性不足
9640,UCuRjrbtey-jgUOApBxCYcDA,Upper Tech World,https://cn.noxinfluencer.com/youtube/channel/UCuRjrbtey-jgUOApBxCYcDA,0,badcase,仅泛科技名义，缺少家电信号
9641,UCuSIp2TBjeWqu5QNNgqMD9g,Best Products Store,https://cn.noxinfluencer.com/youtube/channel/UCuSIp2TBjeWqu5QNNgqMD9g,0,badcase,名称偏导购，但无具体品类
9642,UCuTEe7TzYsFR5Q21q455c5w,Technology Lover,https://cn.noxinfluencer.com/youtube/channel/UCuTEe7TzYsFR5Q21q455c5w,0,badcase,泛科技受众，缺少清洁家电证据
9643,UCuTOz7kEd0dkousArEqmFlw,Kay Lucas,https://cn.noxinfluencer.com/youtube/channel/UCuTOz7kEd0dkousArEqmFlw,0,badcase,无标签和内容证据，缺少真空吸尘器相关推广信号
9645,UCuTqMeQyK7BxfI3E54Xu0eg,hayashikenki,https://cn.noxinfluencer.com/youtube/channel/UCuTqMeQyK7BxfI3E54Xu0eg,0,badcase,无相关标签或内容
9646,UCuU7j6Zr2MKXAJmRBA-bmxQ,Easy Lifestyle,https://cn.noxinfluencer.com/youtube/channel/UCuU7j6Zr2MKXAJmRBA-bmxQ,0,badcase,仅生活方式泛向，清洁品类不明
9647,UCuU7r-bhkpFJ6DFc-jweGiA,SC Metal Art and Website Design,https://cn.noxinfluencer.com/youtube/channel/UCuU7r-bhkpFJ6DFc-jweGiA,0,badcase,金属艺术/网页设计，完全不相关
9650,UCuUV4YraroHEWlx0cSJMg3Q,Review Hub,https://cn.noxinfluencer.com/youtube/channel/UCuUV4YraroHEWlx0cSJMg3Q,-15,badcase,娱乐短片向，与商品推广不符
9653,UCuVPpn_aRhLas8vtuMc10TA,Jeffrey Tu,https://cn.noxinfluencer.com/youtube/channel/UCuVPpn_aRhLas8vtuMc10TA,1,badcase,偏手机科技，不是家用清洁器内容
9654,UCuVYwpA2i06Otp-W4tXYCBw,Guide Nation,https://cn.noxinfluencer.com/youtube/channel/UCuVYwpA2i06Otp-W4tXYCBw,0,badcase,科技杂谈，无家电购买或测评信号
9656,UCuW1o9EyGF5fA_RjZHVSjSg,Car Accessory World,https://cn.noxinfluencer.com/youtube/channel/UCuW1o9EyGF5fA_RjZHVSjSg,1,badcase,车品频道，和家用吸尘器关联偏弱
9658,UCuWhNssypSR4s2_v7x2GiPw,Pet raising expert,https://cn.noxinfluencer.com/youtube/channel/UCuWhNssypSR4s2_v7x2GiPw,-5,badcase,宠物向频道，与人用吸尘器不匹配
9659,UCuXTtOLXTMsRIYZJZLSzMOA,Nurse Nixy,https://cn.noxinfluencer.com/youtube/channel/UCuXTtOLXTMsRIYZJZLSzMOA,-10,badcase,娱乐音乐向，非吸尘器推广场景
9662,UCuYcwVrTe6qwVBBDxi0WZuQ,Elhassan Concetta,https://cn.noxinfluencer.com/youtube/channel/UCuYcwVrTe6qwVBBDxi0WZuQ,1,badcase,亲子健康泛内容，关联较弱
9669,UCu_tzMtWUKcEquK2kO691_g,All Things Jazzy ❤,https://cn.noxinfluencer.com/youtube/channel/UCu_tzMtWUKcEquK2kO691_g,0,badcase,美食烘焙频道，和吸尘器不相关
9670,UCuaQPhlK2C7ZksBp6SQJTdg,Jemmy k. Leedy,https://cn.noxinfluencer.com/youtube/channel/UCuaQPhlK2C7ZksBp6SQJTdg,-5,badcase,娱乐宠物体育混合，家电相关性弱
9671,UCuawr2RRulsmt6hiklPbz8Q,Pet House,https://cn.noxinfluencer.com/youtube/channel/UCuawr2RRulsmt6hiklPbz8Q,-8,badcase,宠物垂类，非人用吸尘器受众
9673,UCubkbiKNPJ8Fr7VFj3yPplQ,Blue el Policia 👮‍♂️,https://cn.noxinfluencer.com/youtube/channel/UCubkbiKNPJ8Fr7VFj3yPplQ,0,badcase,警察角色内容，与吸尘器无关
9674,UCuc4MxH9elX19vLtDYeJ2Uw,Tinker Forward,https://cn.noxinfluencer.com/youtube/channel/UCuc4MxH9elX19vLtDYeJ2Uw,1,badcase,偏可穿戴数码教程，不是清洁器受众
9676,UCueFj5LR51yd07PwltCpOZQ,Review Hub,https://cn.noxinfluencer.com/youtube/channel/UCueFj5LR51yd07PwltCpOZQ,0,badcase,无标签与内容信号，缺少家电推广相关性
9677,UCueGHHbKAepJjvKkvS9VzBw,KeenEYe Deals,https://cn.noxinfluencer.com/youtube/channel/UCueGHHbKAepJjvKkvS9VzBw,0,badcase,无标签与内容信号，缺少吸尘器推广依据
9678,UCueIRPKhB3YMa82vlUl0PXA,Video Cemal,https://cn.noxinfluencer.com/youtube/channel/UCueIRPKhB3YMa82vlUl0PXA,-15,badcase,宠物娱乐为主，与家用吸尘器推广明显不匹配
9679,UCuengza6azE7Iu9TYx6Ws7w,MyTeci,https://cn.noxinfluencer.com/youtube/channel/UCuengza6azE7Iu9TYx6Ws7w,0,badcase,金融比特币频道，与吸尘器推广无关
9680,UCufVxkwtX5NgATh19586mrg,AKRiseandShine,https://cn.noxinfluencer.com/youtube/channel/UCufVxkwtX5NgATh19586mrg,0,badcase,无标签与内容信号，缺少吸尘器推广依据
9681,UCufoUcY1-KDHuH61qQy7fbg,TOON CHUL BULA,https://cn.noxinfluencer.com/youtube/channel/UCufoUcY1-KDHuH61qQy7fbg,-15,badcase,动画娱乐向，和吸尘器产品推广不匹配
9682,UCufvLsM15IUu-qbLaNak37A,DuoLag,https://cn.noxinfluencer.com/youtube/channel/UCufvLsM15IUu-qbLaNak37A,0,badcase,无标签与内容信号，缺少家电推广相关性
9683,UCug5EWxJwlg0uoz8c6rL8mA,Nails By Key,https://cn.noxinfluencer.com/youtube/channel/UCug5EWxJwlg0uoz8c6rL8mA,0,badcase,美甲美妆频道，与吸尘器推广关联弱
9684,UCugVE7l5wcSzSDBpolLCyPA,Product Paradise,https://cn.noxinfluencer.com/youtube/channel/UCugVE7l5wcSzSDBpolLCyPA,0,badcase,无标签与内容信号，无法判断推广相关性
9685,UCuh0WG4TM84sDZf1bI81AVQ,Caught of Camera,https://cn.noxinfluencer.com/youtube/channel/UCuh0WG4TM84sDZf1bI81AVQ,0,badcase,无标签与内容信号，缺少吸尘器推广依据
9687,UCuixeD9RrYrBviFh-KWDt_Q,Baby Beats Rhymes,https://cn.noxinfluencer.com/youtube/channel/UCuixeD9RrYrBviFh-KWDt_Q,0,badcase,偏宝宝音乐向，与吸尘器推广无关
9688,UCuk1pAp7F08HF3W9rpKTnbA,rex644,https://cn.noxinfluencer.com/youtube/channel/UCuk1pAp7F08HF3W9rpKTnbA,0,badcase,无标签与内容信号，缺少家电推广相关性
9689,UCukWTxfThXF458s-99iAofA,Top Tech World,https://cn.noxinfluencer.com/youtube/channel/UCukWTxfThXF458s-99iAofA,0,badcase,无标签与内容信号，缺少吸尘器推广依据
9691,UCumDlm5dwMJucMva9ZnoMsw,Tech With Commando,https://cn.noxinfluencer.com/youtube/channel/UCumDlm5dwMJucMva9ZnoMsw,0,badcase,无标签与内容信号，缺少家电推广相关性
9692,UCumM-fO7dAosoy5dKhhSvLw,GearBits,https://cn.noxinfluencer.com/youtube/channel/UCumM-fO7dAosoy5dKhhSvLw,0,badcase,无标签与内容信号，缺少家电推广相关性
9693,UCumZLBP953jpuPhnkodV2SQ,ChayCreates,https://cn.noxinfluencer.com/youtube/channel/UCumZLBP953jpuPhnkodV2SQ,0,badcase,无标签与内容信号，缺少家电推广相关性
9695,UCumn8zD62u1UJIY1MIH3WrA,Sebastian Solstole,https://cn.noxinfluencer.com/youtube/channel/UCumn8zD62u1UJIY1MIH3WrA,0,badcase,无标签与内容信号，缺少家电推广相关性
9696,UCun8ZL7Vink5--FNGDlIjeA,Mellonn-chan 🍈,https://cn.noxinfluencer.com/youtube/channel/UCun8ZL7Vink5--FNGDlIjeA,-15,badcase,娱乐音乐游戏向，与吸尘器推广不匹配
9697,UCunXFxoAv9yhtPvR1uU60gw,Moni Singh,https://cn.noxinfluencer.com/youtube/channel/UCunXFxoAv9yhtPvR1uU60gw,0,badcase,无标签与内容信号，缺少吸尘器推广依据
9698,UCuoPHrgPyYyUQ_KVV1uzgyw,My World,https://cn.noxinfluencer.com/youtube/channel/UCuoPHrgPyYyUQ_KVV1uzgyw,-15,badcase,宠物娱乐内容，与家用吸尘器推广不匹配
9700,UCuorq-rzgSCzMzJ_tuzq3kQ,DarwynHyena,https://cn.noxinfluencer.com/youtube/channel/UCuorq-rzgSCzMzJ_tuzq3kQ,0,badcase,无标签与内容信号，缺少家电推广相关性
9701,UCup1h1MISqWWTR_CbvOro2A,Tardkha Food,https://cn.noxinfluencer.com/youtube/channel/UCup1h1MISqWWTR_CbvOro2A,0,badcase,新闻政治频道，和吸尘器推广无关
9707,UCursJQ_AR9KfNDMq8PtVmJQ,Matt Wackerle,https://cn.noxinfluencer.com/youtube/channel/UCursJQ_AR9KfNDMq8PtVmJQ,0,badcase,木工/工艺频道，和吸尘器推广不匹配
9709,UCus9H-X9vLMi6iKQj2OoI1g,Watson's Reviews,https://cn.noxinfluencer.com/youtube/channel/UCus9H-X9vLMi6iKQj2OoI1g,0,badcase,医疗健康频道，与家电推广无关
9710,UCusM8JfDUqm_KmKYXytF7sQ,Strangewood ATX,https://cn.noxinfluencer.com/youtube/channel/UCusM8JfDUqm_KmKYXytF7sQ,-12,badcase,ASMR/氛围型，不适合实体家电推广
9711,UCusu1KZWARoNxt1eU5gUDUg,dnjmmb,https://cn.noxinfluencer.com/youtube/channel/UCusu1KZWARoNxt1eU5gUDUg,0,badcase,无有效标签，缺少吸尘器相关证据
9713,UCutG17Tuu5rgbTaDGdBDZHQ,Be pro بی پرو,https://cn.noxinfluencer.com/youtube/channel/UCutG17Tuu5rgbTaDGdBDZHQ,0,badcase,无明确相关标签，推广匹配度不足
9715,UCuv5qVbROBThH1cN6Ux6DFQ,Best Ever Express 4 You,https://cn.noxinfluencer.com/youtube/channel/UCuv5qVbROBThH1cN6Ux6DFQ,0,badcase,无相关证据，难支撑吸尘器推广
9716,UCuvPpPWC8_TcUwUVpb2esZQ,Applebread,https://cn.noxinfluencer.com/youtube/channel/UCuvPpPWC8_TcUwUVpb2esZQ,-15,badcase,游戏频道，与家电推广场景不符
9718,UCuxvHZc2b0mwNzkTe_466Dg,Kentucky Ranger,https://cn.noxinfluencer.com/youtube/channel/UCuxvHZc2b0mwNzkTe_466Dg,-10,badcase,游戏内容为主，不适合吸尘器推广
9720,UCuyoHlRKco8mqff8ekD6OTQ,Sheribail3,https://cn.noxinfluencer.com/youtube/channel/UCuyoHlRKco8mqff8ekD6OTQ,0,badcase,食品/泛生活频道，和吸尘器无关
9722,UCuzOmKvU5sv4PKwl5dvS98A,Sagarika Naik~ Indianlife in USA,https://cn.noxinfluencer.com/youtube/channel/UCuzOmKvU5sv4PKwl5dvS98A,0,badcase,无相关标签，难判断为有效推广位
9723,UCuzYeWjtDCyjLm_mlMLkCDw,MarianaAvila Vlogs,https://cn.noxinfluencer.com/youtube/channel/UCuzYeWjtDCyjLm_mlMLkCDw,0,badcase,Vlog家庭向，缺少家电推广证据
9726,UCv-X80ygURX9X7rXldE0JGw,Fish Home,https://cn.noxinfluencer.com/youtube/channel/UCv-X80ygURX9X7rXldE0JGw,0,badcase,无相关标签与内容证据
9727,UCv0HbM7V1BoJVq6i4Zh9IAA,MindVibs,https://cn.noxinfluencer.com/youtube/channel/UCv0HbM7V1BoJVq6i4Zh9IAA,0,badcase,无相关标签与内容证据
9729,UCv0aSZL9Q7n3_zkhoHJUX-A,AI KATHA,https://cn.noxinfluencer.com/youtube/channel/UCv0aSZL9Q7n3_zkhoHJUX-A,0,badcase,无标签无视频，无法判断适配度
9730,UCv0dQsAovlqc6EONr-nCCsQ,Real-Life Unboxing,https://cn.noxinfluencer.com/youtube/channel/UCv0dQsAovlqc6EONr-nCCsQ,-10,badcase,时尚订阅盒开箱，和吸尘器导购场景不匹配
9731,UCv1x6l-OXBq_75Csh8j_-lQ,Extreme How-To,https://cn.noxinfluencer.com/youtube/channel/UCv1x6l-OXBq_75Csh8j_-lQ,1,badcase,仅有泛生活标签，清洁家电相关性很弱
9732,UCv2PwkUnrVde7Mkqqsnl6Xw,Kalvin Parsons,https://cn.noxinfluencer.com/youtube/channel/UCv2PwkUnrVde7Mkqqsnl6Xw,0,badcase,无相关标签与内容证据
9733,UCv2aW3KBaz9CqlsQCVY4HBA,EM Tesla,https://cn.noxinfluencer.com/youtube/channel/UCv2aW3KBaz9CqlsQCVY4HBA,0,badcase,车系主题为主，和通用吸尘器不匹配
9734,UCv2cZkEDD_jZUlLmiyJPNrg,Mr DHK,https://cn.noxinfluencer.com/youtube/channel/UCv2cZkEDD_jZUlLmiyJPNrg,0,badcase,无相关标签与内容证据
9738,UCv4t_ETQpCLpCwO-ymfVuTA,GARZILLA,https://cn.noxinfluencer.com/youtube/channel/UCv4t_ETQpCLpCwO-ymfVuTA,-15,badcase,游戏娱乐频道，和吸尘器推广明显不符
9739,UCv5MqEDJ2b-ABT31HNuNr_g,Note Play,https://cn.noxinfluencer.com/youtube/channel/UCv5MqEDJ2b-ABT31HNuNr_g,0,badcase,无相关标签与内容证据
9740,UCv5g0ag1LS73LGP3hJGgPog,gabrieluy77,https://cn.noxinfluencer.com/youtube/channel/UCv5g0ag1LS73LGP3hJGgPog,0,badcase,无相关标签与内容证据
9742,UCv6OtO-DPNs4yD8vld6fKQQ,Readerspice,https://cn.noxinfluencer.com/youtube/channel/UCv6OtO-DPNs4yD8vld6fKQQ,0,badcase,无相关标签与内容证据
9743,UCv6tYJWFu53dO5IE8ae5z_A,TOP 10 CHANNEL,https://cn.noxinfluencer.com/youtube/channel/UCv6tYJWFu53dO5IE8ae5z_A,0,badcase,体育时尚泛频道，和家电导购不匹配
9744,UCv7MdyG9_2X8jExmG5J9QIQ,Survival Kit,https://cn.noxinfluencer.com/youtube/channel/UCv7MdyG9_2X8jExmG5J9QIQ,0,badcase,无相关标签与内容证据
9745,UCv8EnFfl7TocF20NoeZlrkQ,ProfitLink,https://cn.noxinfluencer.com/youtube/channel/UCv8EnFfl7TocF20NoeZlrkQ,0,badcase,无相关标签与内容证据
9746,UCv8MYM4MbIpmn5G3cjjLjVw,Verified Reviews,https://cn.noxinfluencer.com/youtube/channel/UCv8MYM4MbIpmn5G3cjjLjVw,0,badcase,无相关标签与内容证据
9747,UCv8RwssXanLBsBGGQzTIHLg,TrendShrend,https://cn.noxinfluencer.com/youtube/channel/UCv8RwssXanLBsBGGQzTIHLg,0,badcase,无相关标签与内容证据
9748,UCv8zyDJJxhTWjq0tq_whwzw,Petology Lab,https://cn.noxinfluencer.com/youtube/channel/UCv8zyDJJxhTWjq0tq_whwzw,0,badcase,无相关标签与内容证据
9749,UCvB9o_bdyTNJszL6eeuEPcA,CUTE CATS,https://cn.noxinfluencer.com/youtube/channel/UCvB9o_bdyTNJszL6eeuEPcA,-15,badcase,宠物娱乐频道，和家电导购不在一个场景
9750,UCvCP5qObBMYI5StNHyAPuBg,波士頓一口BostonBite,https://cn.noxinfluencer.com/youtube/channel/UCvCP5qObBMYI5StNHyAPuBg,0,badcase,无相关标签与内容证据
9751,UCvCsrP9aaqU25mtS3adMTCw,BeamNG Driver,https://cn.noxinfluencer.com/youtube/channel/UCvCsrP9aaqU25mtS3adMTCw,0,badcase,无相关标签，游戏驾驶内容不适合吸尘器推广
9752,UCvCw88wiws-tcDp4gGuEtZQ,UnboxTheLot,https://cn.noxinfluencer.com/youtube/channel/UCvCw88wiws-tcDp4gGuEtZQ,0,badcase,无标签证据，无法确认产品推广相关
9753,UCvD1CxyRHT1_nMYTrmMNjow,HBIC,https://cn.noxinfluencer.com/youtube/channel/UCvD1CxyRHT1_nMYTrmMNjow,-10,badcase,meme娱乐向，和家电推广语境不符
9754,UCvDi9GTd3MCBR3vukZSj8Gg,Rebecca R.Finch,https://cn.noxinfluencer.com/youtube/channel/UCvDi9GTd3MCBR3vukZSj8Gg,0,badcase,无相关内容信号，不适合吸尘器投放
9755,UCvEa4pz_POqlyLRP-aCpSPg,Lemuse Dogequ,https://cn.noxinfluencer.com/youtube/channel/UCvEa4pz_POqlyLRP-aCpSPg,-15,badcase,故事/Pov娱乐向，明显偏离产品投放
9756,UCvFC3cMXZ63iJWqhTQA7I4A,Modern Touch,https://cn.noxinfluencer.com/youtube/channel/UCvFC3cMXZ63iJWqhTQA7I4A,0,badcase,无相关标签，难以判断为家电推广频道
9758,UCvFgs9Ndy2FlPiyUFxNFamA,An Interesting Short,https://cn.noxinfluencer.com/youtube/channel/UCvFgs9Ndy2FlPiyUFxNFamA,0,badcase,无内容证据，无法判断为产品推广创作者
9759,UCvGNhM7rBnxvYBijYOmWDAw,lolo2,https://cn.noxinfluencer.com/youtube/channel/UCvGNhM7rBnxvYBijYOmWDAw,0,badcase,无标签和标题信息，不适合判为相关
9760,UCvGPag8G7rCPN5LyYI5OeyQ,SkyBlus,https://cn.noxinfluencer.com/youtube/channel/UCvGPag8G7rCPN5LyYI5OeyQ,0,badcase,无相关标签，缺少吸尘器投放语境
9761,UCvH8Qx2bBK3Nd9m5vHne3wg,Patrick Barnes,https://cn.noxinfluencer.com/youtube/channel/UCvH8Qx2bBK3Nd9m5vHne3wg,3,badcase,宠物向有少量场景重叠，但缺少清洁/购买意图
9762,UCvIc17HHXS-Sb1IilBb45vA,Sleet Kitten,https://cn.noxinfluencer.com/youtube/channel/UCvIc17HHXS-Sb1IilBb45vA,4,badcase,宠物猫内容仅弱相关，不足以支撑投放
9763,UCvIePfPZqUXWCDgbNLduuVw,Dark Cloudzz,https://cn.noxinfluencer.com/youtube/channel/UCvIePfPZqUXWCDgbNLduuVw,0,badcase,无相关内容，难以支持吸尘器推广
9764,UCvJ2c3Lt0tIOqC6jTOwCOdg,Top Product Ranking,https://cn.noxinfluencer.com/youtube/channel/UCvJ2c3Lt0tIOqC6jTOwCOdg,0,badcase,无标签证据，无法确认导购/评测语境
9765,UCvJxCvGJiVxm5J6FblHhClQ,Outdoorguy365,https://cn.noxinfluencer.com/youtube/channel/UCvJxCvGJiVxm5J6FblHhClQ,0,badcase,户外泛主题，无吸尘器推广信号
9766,UCvK8xKsqFQJhW8eykQjQCZw,UPLIFTING SOUND,https://cn.noxinfluencer.com/youtube/channel/UCvK8xKsqFQJhW8eykQjQCZw,-15,badcase,纯音乐音频向，属于明显格式错配
9767,UCvLUTfYMhQ-hAdtKx_VtmAA,Twisted Shuriken,https://cn.noxinfluencer.com/youtube/channel/UCvLUTfYMhQ-hAdtKx_VtmAA,0,badcase,无相关标签，难以判断为家电投放频道
9768,UCvLZ4PTlk9onBmosKRI4FjQ,JIRO,https://cn.noxinfluencer.com/youtube/channel/UCvLZ4PTlk9onBmosKRI4FjQ,-4,badcase,娱乐短视频为主，和家电投放不匹配
9769,UCvMClBcq12od-df4vVJ47yw,CulerinBz (Culerin),https://cn.noxinfluencer.com/youtube/channel/UCvMClBcq12od-df4vVJ47yw,-15,badcase,游戏直播向，和吸尘器推广不匹配
9771,UCvML3Qi9KfDYw2IAnq2sB1w,SHANNONIGANS,https://cn.noxinfluencer.com/youtube/channel/UCvML3Qi9KfDYw2IAnq2sB1w,0,badcase,无相关标签，产品推广相关性不足
9773,UCvN80Q5b2AlJs_WZyyyPagQ,TECH VERSE,https://cn.noxinfluencer.com/youtube/channel/UCvN80Q5b2AlJs_WZyyyPagQ,0,badcase,无标签证据，不支持家电推广判断
9774,UCvNYm6kPirvVeo04jx0JcFA,Searching for treasures,https://cn.noxinfluencer.com/youtube/channel/UCvNYm6kPirvVeo04jx0JcFA,0,badcase,泛爱好向，缺少产品导购语境
9775,UCvNpwcnTAtqI2_D95je3MZA,Call Me Dali Baby,https://cn.noxinfluencer.com/youtube/channel/UCvNpwcnTAtqI2_D95je3MZA,0,badcase,无相关标签，无法判断为吸尘器投放渠道
9776,UCvOnG9-IyPPkWlBbWWNOe_w,Online Gadgets,https://cn.noxinfluencer.com/youtube/channel/UCvOnG9-IyPPkWlBbWWNOe_w,0,badcase,无标签无内容，缺少家电/清洁相关信号
9777,UCvPNijY8ojEvwOFCWf7YhjQ,Nathan Harbert,https://cn.noxinfluencer.com/youtube/channel/UCvPNijY8ojEvwOFCWf7YhjQ,-10,badcase,娱乐电影频道，和吸尘器推广主题明显不符
9778,UCvPOAFJ2lY80yoRGBIlKZCA,Elsa Roberson,https://cn.noxinfluencer.com/youtube/channel/UCvPOAFJ2lY80yoRGBIlKZCA,0,badcase,无标签无内容，无法判断为家电推广频道
9781,UCvQJ-nu95C9bl8Mplymuspg,TreyThornton19,https://cn.noxinfluencer.com/youtube/channel/UCvQJ-nu95C9bl8Mplymuspg,0,badcase,无标签无内容，缺少相关创作者信号
9782,UCvQMSeBpY4zwyFBB5Z8U79Q,Andy Neal,https://cn.noxinfluencer.com/youtube/channel/UCvQMSeBpY4zwyFBB5Z8U79Q,0,badcase,户外徒步频道，与家用吸尘器推广关联弱
9783,UCvQZ8E-kK1oFU8cK5y4ADeA,Your Best Choice,https://cn.noxinfluencer.com/youtube/channel/UCvQZ8E-kK1oFU8cK5y4ADeA,0,badcase,无标签无内容，缺少相关创作者信号
9785,UCvR-_ZBV78IrOmWAt7SGS9Q,The Mitch Zone,https://cn.noxinfluencer.com/youtube/channel/UCvR-_ZBV78IrOmWAt7SGS9Q,-15,badcase,游戏频道，受众和吸尘器推广场景明显不匹配
9786,UCvSrjC_zrbJfPn4m_3y7mZA,Top Online Finds,https://cn.noxinfluencer.com/youtube/channel/UCvSrjC_zrbJfPn4m_3y7mZA,0,badcase,无标签无内容，缺少相关创作者信号
9789,UCvUF8xZLskJM5h1FRgKyjYw,Chuck Jacobs,https://cn.noxinfluencer.com/youtube/channel/UCvUF8xZLskJM5h1FRgKyjYw,0,badcase,无标签无内容，缺少相关创作者信号
9790,UCvV7gzY_K_0Laa52gnWnh_g,OXTIKA,https://cn.noxinfluencer.com/youtube/channel/UCvV7gzY_K_0Laa52gnWnh_g,0,badcase,无标签无内容，缺少相关创作者信号
9791,UCvVXgMQ1ONgUIEWe6k1uUEw,Seb & Mich • GominPlanet,https://cn.noxinfluencer.com/youtube/channel/UCvVXgMQ1ONgUIEWe6k1uUEw,0,badcase,无标签无内容，缺少相关创作者信号
9792,UCvVvHnOGRZ6p1F07uNsBMXQ,DeepDreamAi,https://cn.noxinfluencer.com/youtube/channel/UCvVvHnOGRZ6p1F07uNsBMXQ,0,badcase,无标签无内容，缺少相关创作者信号
9797,UCvXx52iA_JNs-NbINy21SaA,Tech Insider,https://cn.noxinfluencer.com/youtube/channel/UCvXx52iA_JNs-NbINy21SaA,0,badcase,无标签无内容，缺少相关创作者信号
9798,UCvY0REMLV8lw6LzK2Xmmhog,ChipForge,https://cn.noxinfluencer.com/youtube/channel/UCvY0REMLV8lw6LzK2Xmmhog,0,badcase,木工木材频道，和吸尘器推广主题不符
9800,UCvYem7vX9bKzL7FOHNvBUyQ,Olga&Gracie,https://cn.noxinfluencer.com/youtube/channel/UCvYem7vX9bKzL7FOHNvBUyQ,0,badcase,无标签无内容，缺少相关创作者信号
9801,UCvYxOREVImcI1wIi0XmQB4w,Bunda yeni,https://cn.noxinfluencer.com/youtube/channel/UCvYxOREVImcI1wIi0XmQB4w,-15,badcase,纯娱乐短视频，和吸尘器推广目标明显不符
9802,UCvZgnWDWzR88GJVzfst_1CA,Svetkonfetka shorts,https://cn.noxinfluencer.com/youtube/channel/UCvZgnWDWzR88GJVzfst_1CA,-15,badcase,挑战喜剧为主，缺少家电推广受众
9804,UCv_QSivPlXI794YoIcsc6vg,Gearhead Garage Inc,https://cn.noxinfluencer.com/youtube/channel/UCv_QSivPlXI794YoIcsc6vg,-15,badcase,汽车内容为主，和家用吸尘器受众不匹配
9805,UCv_ivWy8JGHSWZ3QoC2nl7w,Product Beast,https://cn.noxinfluencer.com/youtube/channel/UCv_ivWy8JGHSWZ3QoC2nl7w,0,badcase,缺少标签和内容信号，无法判断相关性
9807,UCv_vw9XU0fgb7flXjFHT_Aw,1csullivan,https://cn.noxinfluencer.com/youtube/channel/UCv_vw9XU0fgb7flXjFHT_Aw,0,badcase,无标签无内容信号，相关性不足
9808,UCv_wPHSMzBofXZZM_RepZgw,The Global Consensus,https://cn.noxinfluencer.com/youtube/channel/UCv_wPHSMzBofXZZM_RepZgw,0,badcase,无标签无内容信号，相关性不足
9809,UCva2HaV99kkKIQvOTaa8HSQ,Kenna's Kitchen,https://cn.noxinfluencer.com/youtube/channel/UCva2HaV99kkKIQvOTaa8HSQ,0,badcase,做饭内容为主，和吸尘器推广场景关联弱
9810,UCvaYK7HdZZ0ciqD0nyZ6tkA,Majestie's ASMR,https://cn.noxinfluencer.com/youtube/channel/UCvaYK7HdZZ0ciqD0nyZ6tkA,-15,badcase,ASMR音频向，属于明显的推广形式不匹配
9811,UCvbIUeRJOoebQUcYLazKX_A,enjoi,https://cn.noxinfluencer.com/youtube/channel/UCvbIUeRJOoebQUcYLazKX_A,-15,badcase,滑板运动内容，和吸尘器推广受众不符
9812,UCvdHLNxCouPth23fxUApYRg,Prime Picks USA,https://cn.noxinfluencer.com/youtube/channel/UCvdHLNxCouPth23fxUApYRg,0,badcase,无标签无内容信号，相关性不足
9813,UCvdT8z7GCBFR09HUaCQG2jA,Little How To Girl,https://cn.noxinfluencer.com/youtube/channel/UCvdT8z7GCBFR09HUaCQG2jA,0,badcase,无标签无内容信号，相关性不足
9814,UCve7K6QSMHJ70CK53osV2qA,Loving Feline Nurture,https://cn.noxinfluencer.com/youtube/channel/UCve7K6QSMHJ70CK53osV2qA,0,badcase,宠物向频道，不是人用吸尘器的合适受众
9815,UCvehlKDcEUyId5S_uwx6Y7g,INESSA’S FINDS,https://cn.noxinfluencer.com/youtube/channel/UCvehlKDcEUyId5S_uwx6Y7g,0,badcase,社媒/旅行内容泛化，缺少清洁器具购买意图
9816,UCvfD2vxZtLeYfkz1rTbGbhw,Freedom Tour,https://cn.noxinfluencer.com/youtube/channel/UCvfD2vxZtLeYfkz1rTbGbhw,0,badcase,RV生活场景可用，但只属间接相关
9817,UCvfqMquy2DVxASvxtVAwsCw,Judy Young,https://cn.noxinfluencer.com/youtube/channel/UCvfqMquy2DVxASvxtVAwsCw,0,badcase,无标签无内容信号，相关性不足
9818,UCvhWxzzOBzcD2djBBhOrqmg,Peshtook,https://cn.noxinfluencer.com/youtube/channel/UCvhWxzzOBzcD2djBBhOrqmg,-15,badcase,猫宠物内容为主，与人用吸尘器推广不匹配
9819,UCvhXytiLhluHNadcrHIRh8A,Fantasy Playground,https://cn.noxinfluencer.com/youtube/channel/UCvhXytiLhluHNadcrHIRh8A,-15,badcase,影视娱乐儿童内容，和家电推广不相关
9820,UCvis3zhHZulK77VSxRr6d3g,Danny Faulkner,https://cn.noxinfluencer.com/youtube/channel/UCvis3zhHZulK77VSxRr6d3g,0,badcase,无标签无内容信号，相关性不足
9821,UCviyWX5gLQcUvE2fy7GlyOg,Joynob Akter,https://cn.noxinfluencer.com/youtube/channel/UCviyWX5gLQcUvE2fy7GlyOg,0,badcase,无标签无内容信号，相关性不足
9822,UCvjCnBETyqKw-RePgLznxTg,All Product Store,https://cn.noxinfluencer.com/youtube/channel/UCvjCnBETyqKw-RePgLznxTg,0,badcase,缺少标签和内容信号，相关性不足
9823,UCvjeWTe-kOoPPv_is3IXbOg,Life and Lifestyle,https://cn.noxinfluencer.com/youtube/channel/UCvjeWTe-kOoPPv_is3IXbOg,-15,badcase,高尔夫运动内容，和吸尘器推广受众不符
9824,UCvkl2wJetZ5J0e5ABzxtwnQ,Qithara Media,https://cn.noxinfluencer.com/youtube/channel/UCvkl2wJetZ5J0e5ABzxtwnQ,0,badcase,无标签无内容信号，相关性不足
9826,UCvm-kepsC2yCRZoGgG1lQHg,DreThePlug,https://cn.noxinfluencer.com/youtube/channel/UCvm-kepsC2yCRZoGgG1lQHg,0,badcase,科技/求职向内容，与吸尘器推广关联很弱
9828,UCvoU00uxgrKFx9HiLxcS18Q,Heartz Bangla Ltd.,https://cn.noxinfluencer.com/youtube/channel/UCvoU00uxgrKFx9HiLxcS18Q,0,badcase,缺少标签和内容证据，无法判断为家电相关
9829,UCvoZrC6CkchDbUvSuN9MZCQ,Mike.,https://cn.noxinfluencer.com/youtube/channel/UCvoZrC6CkchDbUvSuN9MZCQ,0,badcase,健康生活向，和吸尘器推广关联很弱
9831,UCvoyKVXveeAxj7RqiuNur1g,MauroIacobelli,https://cn.noxinfluencer.com/youtube/channel/UCvoyKVXveeAxj7RqiuNur1g,-15,badcase,故事/动画/搞笑为主，明显是娱乐频道
9833,UCvpBLd8T1cvgJFVr2knAF8w,NJ Digital Tv,https://cn.noxinfluencer.com/youtube/channel/UCvpBLd8T1cvgJFVr2knAF8w,-10,badcase,娱乐电视内容为主，不适合吸尘器推广
9834,UCvpqPtvhroUZaH2c3ngRhIw,Future Boost,https://cn.noxinfluencer.com/youtube/channel/UCvpqPtvhroUZaH2c3ngRhIw,0,badcase,缺少标签和内容证据，无法判断为家电相关
9835,UCvpu7z7VLDScOU5ELDxxmHw,Christina Gowda,https://cn.noxinfluencer.com/youtube/channel/UCvpu7z7VLDScOU5ELDxxmHw,0,badcase,个人主页，无家电推广相关信号
9837,UCvrgxVrBYILROGJ_OY9iVDQ,Soothing White Noise,https://cn.noxinfluencer.com/youtube/channel/UCvrgxVrBYILROGJ_OY9iVDQ,5,badcase,白噪音/婴儿睡眠格式与吸尘器强错配
9838,UCvrsw5V61H8NZ9ZOIYo1tog,RvDiagnostics,https://cn.noxinfluencer.com/youtube/channel/UCvrsw5V61H8NZ9ZOIYo1tog,0,badcase,RV/出行内容与家电推广关联弱
9839,UCvsAaDUbuuAhlfL9AM_eg6g,Fascino Facts Hub 2.0,https://cn.noxinfluencer.com/youtube/channel/UCvsAaDUbuuAhlfL9AM_eg6g,0,badcase,缺少标签和内容证据，无法判断为家电相关
9840,UCvsOipnnrf-m_M7jG4OjNXg,Shortzzz Ultra,https://cn.noxinfluencer.com/youtube/channel/UCvsOipnnrf-m_M7jG4OjNXg,-8,badcase,娱乐搞笑为主，DIY只是弱噪音
9843,UCvtgl8OBZ73DClqwlPAEkqQ,DiyRick66,https://cn.noxinfluencer.com/youtube/channel/UCvtgl8OBZ73DClqwlPAEkqQ,0,badcase,宠物生活向，和吸尘器推广关联很弱
9846,UCvuvpOzVV-mTUd9exZNi8jQ,Richard Arent,https://cn.noxinfluencer.com/youtube/channel/UCvuvpOzVV-mTUd9exZNi8jQ,-15,badcase,娱乐/宠物搞笑为主，和吸尘器推广不匹配
9848,UCvvttnNdZxApnyoIKVmJ8Sg,Caught on Cam: Animal Chaos,https://cn.noxinfluencer.com/youtube/channel/UCvvttnNdZxApnyoIKVmJ8Sg,-10,badcase,动物混乱内容，明显不适合家电推广
9851,UCvwzeJp-OrbhDmqbSeSDzhQ,Guitarist Jamie Glaser,https://cn.noxinfluencer.com/youtube/channel/UCvwzeJp-OrbhDmqbSeSDzhQ,-5,badcase,音乐演出频道，和吸尘器推广场景明显不符
9852,UCvxBNYc25uVjdxcK8pJnlXg,Edita Hovsepyan,https://cn.noxinfluencer.com/youtube/channel/UCvxBNYc25uVjdxcK8pJnlXg,0,badcase,无标签无内容信号，无法判断相关
9853,UCvyohkYIS5Ib9CfRbM810sQ,Konia Jackson,https://cn.noxinfluencer.com/youtube/channel/UCvyohkYIS5Ib9CfRbM810sQ,0,badcase,无标签无内容信号，无法判断相关
9855,UCw0WSCXgN_uwoTZnpsNSJkg,Wishes,https://cn.noxinfluencer.com/youtube/channel/UCw0WSCXgN_uwoTZnpsNSJkg,0,badcase,无标签无内容信号，无法判断相关
9856,UCw0YMe-ZEEm33KqDdbPlFag,The TV Madman,https://cn.noxinfluencer.com/youtube/channel/UCw0YMe-ZEEm33KqDdbPlFag,-5,badcase,历史电视娱乐向，和家电投放不匹配
9857,UCw2ZGP1qE9lRwWwhnMopCZA,ReactivVibeAI,https://cn.noxinfluencer.com/youtube/channel/UCw2ZGP1qE9lRwWwhnMopCZA,-10,badcase,纯娱乐/AI音乐内容，缺少产品推广承接
9859,UCw33bzC3l38jVLveYeEctFw,Infinite_Facts,https://cn.noxinfluencer.com/youtube/channel/UCw33bzC3l38jVLveYeEctFw,0,badcase,无标签无内容信号，无法判断相关
9861,UCw3f9_D7xEI7jlr_6yTWu6Q,fuix,https://cn.noxinfluencer.com/youtube/channel/UCw3f9_D7xEI7jlr_6yTWu6Q,0,badcase,无标签无内容信号，无法判断相关
9862,UCw4HppiL54_UviausvNnIyg,Shiva Connects,https://cn.noxinfluencer.com/youtube/channel/UCw4HppiL54_UviausvNnIyg,0,badcase,无标签无内容信号，无法判断相关
9863,UCw4S6rtmtrgAh6ujjfCw21Q,Pink Fairy,https://cn.noxinfluencer.com/youtube/channel/UCw4S6rtmtrgAh6ujjfCw21Q,1,badcase,仅有shopping弱相关，主体仍是烹饪美食
9864,UCw5VDXH8up3pKUppIvcstNQ,"SLICK SLIME SAM - DIY, Comedy, Science",https://cn.noxinfluencer.com/youtube/channel/UCw5VDXH8up3pKUppIvcstNQ,0,badcase,儿童手工娱乐向，缺少购买或测评场景
9866,UCw6JmMlPAWi7LvAty3CgekA,AbsisFun,https://cn.noxinfluencer.com/youtube/channel/UCw6JmMlPAWi7LvAty3CgekA,0,badcase,无标签无内容信号，无法判断相关
9868,UCw7lII9eJ0NK3ftNEstVsMQ,OgHunt,https://cn.noxinfluencer.com/youtube/channel/UCw7lII9eJ0NK3ftNEstVsMQ,0,badcase,无标签无内容信号，无法判断相关
9869,UCw8sE1kXtLbGj1OtiFiEBpw,Joke Doodle,https://cn.noxinfluencer.com/youtube/channel/UCw8sE1kXtLbGj1OtiFiEBpw,0,badcase,无标签无内容信号，无法判断相关
9871,UCw9PTeIjEHoAkCYE4InoM1A,Hoa Lưu,https://cn.noxinfluencer.com/youtube/channel/UCw9PTeIjEHoAkCYE4InoM1A,0,badcase,无标签无内容信号，无法判断相关
9872,UCwACkX9cFJbYKFR5GQmbpFQ,2407,https://cn.noxinfluencer.com/youtube/channel/UCwACkX9cFJbYKFR5GQmbpFQ,0,badcase,宠物娱乐频道，对吸尘器投放仅有间接受众
9873,UCwAEwjCa56K_2ChIpmikfnQ,Kobe D' Golden,https://cn.noxinfluencer.com/youtube/channel/UCwAEwjCa56K_2ChIpmikfnQ,0,badcase,宠物娱乐频道，对吸尘器投放仅有间接受众
9874,UCwANRzd65T2c_mlTsbrLPXA,SoSquareImCubed,https://cn.noxinfluencer.com/youtube/channel/UCwANRzd65T2c_mlTsbrLPXA,0,badcase,无标签无内容信号，无法判断相关
9876,UCwC-DciMGGk9AgpJ3hpreHw,Talking Tom & Friends TV Mini,https://cn.noxinfluencer.com/youtube/channel/UCwC-DciMGGk9AgpJ3hpreHw,-15,badcase,儿童动画娱乐向，与吸尘器推广完全不匹配
9877,UCwC1lYZA90uJxZWyu4vJIiw,eXposed,https://cn.noxinfluencer.com/youtube/channel/UCwC1lYZA90uJxZWyu4vJIiw,0,badcase,无标签与内容证据，相关性不足
9878,UCwCOltgQaVPnf4aOG565NvQ,Haider,https://cn.noxinfluencer.com/youtube/channel/UCwCOltgQaVPnf4aOG565NvQ,-15,badcase,故事短视频娱乐向，和家电导购不匹配
9879,UCwCQ9WphcKif-VEEhKiT2Qg,Ballin' Under Budget,https://cn.noxinfluencer.com/youtube/channel/UCwCQ9WphcKif-VEEhKiT2Qg,0,badcase,无标签与内容证据，相关性不足
9881,UCwEVoemDh4HWN3Sie-Sl0Tw,Ma Chao,https://cn.noxinfluencer.com/youtube/channel/UCwEVoemDh4HWN3Sie-Sl0Tw,0,badcase,无标签与内容证据，相关性不足
9882,UCwEl3K-GvJbQxMrZ0iHeN1g,Imagine That,https://cn.noxinfluencer.com/youtube/channel/UCwEl3K-GvJbQxMrZ0iHeN1g,0,badcase,无标签与内容证据，相关性不足
9883,UCwHs5JMybN9zOLgsvuSE2JA,Sunglasses Cat,https://cn.noxinfluencer.com/youtube/channel/UCwHs5JMybN9zOLgsvuSE2JA,0,badcase,无标签与内容证据，相关性不足
9885,UCwIWAbIeu0xI0ReKWOcw3eg,Unspeakable,https://cn.noxinfluencer.com/youtube/channel/UCwIWAbIeu0xI0ReKWOcw3eg,-15,badcase,娱乐恶搞向，与吸尘器推广冲突明显
9888,UCwJJ7VNilW8YXbsJnWNEzyw,Inside the Hem,https://cn.noxinfluencer.com/youtube/channel/UCwJJ7VNilW8YXbsJnWNEzyw,0,badcase,缝纫手作向，和吸尘器推广关联很弱
9890,UCwKcXWeMkgl5CR5b-FRwG2Q,s34nVideos,https://cn.noxinfluencer.com/youtube/channel/UCwKcXWeMkgl5CR5b-FRwG2Q,-15,badcase,游戏娱乐向，与实体产品推广不匹配
9892,UCwLONOeDWiux0vS1fwyHF0A,HAHA HUT,https://cn.noxinfluencer.com/youtube/channel/UCwLONOeDWiux0vS1fwyHF0A,0,badcase,无标签与内容证据，相关性不足
9893,UCwLbhNv8er3EShcDKol6H9A,Arva Roller,https://cn.noxinfluencer.com/youtube/channel/UCwLbhNv8er3EShcDKol6H9A,0,badcase,无标签与内容证据，相关性不足
9895,UCwLv5oBxDb5TjS_vWCT7ZzA,3lectronical Gaming And Tech,https://cn.noxinfluencer.com/youtube/channel/UCwLv5oBxDb5TjS_vWCT7ZzA,0,badcase,游戏娱乐为主，缺少可推广证据
9897,UCwMT8b7FJZ3zoJ6VOHKZQSw,Alex Vоr**mov,https://cn.noxinfluencer.com/youtube/channel/UCwMT8b7FJZ3zoJ6VOHKZQSw,0,badcase,音乐娱乐为主，维修标签不足以支撑
9900,UCwMz5N5HM7hf_wVTD_PO2oA,Psychic Reverend Donna Seraphina,https://cn.noxinfluencer.com/youtube/channel/UCwMz5N5HM7hf_wVTD_PO2oA,-15,badcase,娱乐犯罪通灵向，与家电推广明显不符
9903,UCwOCcE4enBgo4DenWHv0JYA,Shane Symonds,https://cn.noxinfluencer.com/youtube/channel/UCwOCcE4enBgo4DenWHv0JYA,1,badcase,仅泛科技标签，手机垂类偏离吸尘器
9905,UCwPVO_p8eIaaBgrEsWG18KQ,Unhappy Dan,https://cn.noxinfluencer.com/youtube/channel/UCwPVO_p8eIaaBgrEsWG18KQ,0,badcase,顶5无相关标签，生活户外向
9910,UCwQ8VO5dHvF5FYnyCctMv3A,DarshD Entertainment,https://cn.noxinfluencer.com/youtube/channel/UCwQ8VO5dHvF5FYnyCctMv3A,-15,badcase,游戏娱乐垂类，和吸尘器推广明显不符
9911,UCwRMmuzc9v5K7izCJOdgrwA,Pawpawmeowmeow,https://cn.noxinfluencer.com/youtube/channel/UCwRMmuzc9v5K7izCJOdgrwA,1,badcase,有评测测试氛围，但品类偏生活美妆
9912,UCwRvzizKyRlR5BpTUWx1Qog,TSA Marketing,https://cn.noxinfluencer.com/youtube/channel/UCwRvzizKyRlR5BpTUWx1Qog,0,badcase,营销向但无家电场景，证据不足
9914,UCwT3raGowPcLeZPtssyjb_Q,falletron,https://cn.noxinfluencer.com/youtube/channel/UCwT3raGowPcLeZPtssyjb_Q,0,badcase,健康自助垂类，和家电推广无关
9915,UCwT4KSSFv1tWQQdzTwlFh2w,Grym's Archive,https://cn.noxinfluencer.com/youtube/channel/UCwT4KSSFv1tWQQdzTwlFh2w,-15,badcase,娱乐影视垂类，和吸尘器推广不符
9919,UCwUXuPBIu4lvWAEKpbR1iLA,𝐂𝐚𝐭𝐃𝐨𝐠 𝐔𝐧𝐢𝐯𝐞𝐫𝐬𝐞,https://cn.noxinfluencer.com/youtube/channel/UCwUXuPBIu4lvWAEKpbR1iLA,0,badcase,宠物向内容，和人用吸尘器关联弱
9920,UCwUh0h274gpxZ3crThQQpLA,Twelve TV,https://cn.noxinfluencer.com/youtube/channel/UCwUh0h274gpxZ3crThQQpLA,-15,badcase,动画娱乐垂类，和吸尘器推广不符
9921,UCwVHHURUwBTOt8AOyVCrF-Q,singh_family_Usa,https://cn.noxinfluencer.com/youtube/channel/UCwVHHURUwBTOt8AOyVCrF-Q,0,badcase,宗教音乐/美食向，和家电推广无关
9922,UCwVMqtRvkoBzyGjUVvyzHMg,APShorts,https://cn.noxinfluencer.com/youtube/channel/UCwVMqtRvkoBzyGjUVvyzHMg,0,badcase,短视频泛内容，缺少家电相关证据
9923,UCwVQZmkLsh89CXdVSP17tWw,HappyParoot,https://cn.noxinfluencer.com/youtube/channel/UCwVQZmkLsh89CXdVSP17tWw,0,badcase,宠物鸟垂类，和吸尘器推广无关
9924,UCwW2O2qDy7L94XBZHcdDxPA,Shana J S,https://cn.noxinfluencer.com/youtube/channel/UCwW2O2qDy7L94XBZHcdDxPA,0,badcase,生活方式vlog，和吸尘器推广关联很弱
9926,UCwWjpa8MtdLEGALsMlYdLew,Laureana Soares,https://cn.noxinfluencer.com/youtube/channel/UCwWjpa8MtdLEGALsMlYdLew,0,badcase,无标签、无相关视频，缺少推广证据
9928,UCwY5eMw8iBcpJ_LA1wbdvdw,The Pet Reality,https://cn.noxinfluencer.com/youtube/channel/UCwY5eMw8iBcpJ_LA1wbdvdw,0,badcase,无标签且无内容信号，难判断相关性
9929,UCwYPHr4MC0cEWHcGH7rCaMQ,Meg n' Dave,https://cn.noxinfluencer.com/youtube/channel/UCwYPHr4MC0cEWHcGH7rCaMQ,0,badcase,婚恋育儿日常为主，和吸尘器推广关联弱
9930,UCwYbaZbrTe0UJozQzrO3bbg,Evolution Power Tools USA,https://cn.noxinfluencer.com/youtube/channel/UCwYbaZbrTe0UJozQzrO3bbg,0,badcase,纯锯切工具频道，和吸尘器类家电购买场景不匹配
9931,UCwZHsOTRY_kDzf38xKApbxw,LADIES CORNER,https://cn.noxinfluencer.com/youtube/channel/UCwZHsOTRY_kDzf38xKApbxw,0,badcase,美甲美妆向，和家电推广无关
9932,UCwZK6775Ep3mieZhxQa2m0A,Good Gadget,https://cn.noxinfluencer.com/youtube/channel/UCwZK6775Ep3mieZhxQa2m0A,0,badcase,无标签，缺少任何相关证据
9933,UCwaGKyDj76cxanSlX84p8Yw,Best Quality,https://cn.noxinfluencer.com/youtube/channel/UCwaGKyDj76cxanSlX84p8Yw,0,badcase,无标签，缺少任何相关证据
9934,UCwaaOeLwsS4EAjnBLnSLcxA,Creative Crafts,https://cn.noxinfluencer.com/youtube/channel/UCwaaOeLwsS4EAjnBLnSLcxA,2,badcase,泛生活/科技号，只有弱场景重叠，相关性不足
9935,UCwasJAB8-gQnxQ-KZYiS64A,NDQ 🦋,https://cn.noxinfluencer.com/youtube/channel/UCwasJAB8-gQnxQ-KZYiS64A,0,badcase,节日生活号，和吸尘器推广缺少对应场景
9936,UCwbpH-vVsi2PXYcokw4jOGQ,RyelJames,https://cn.noxinfluencer.com/youtube/channel/UCwbpH-vVsi2PXYcokw4jOGQ,-15,badcase,游戏娱乐向，明显不适合家电推广
9937,UCwbwXJk-BPA-052jig9gmpw,Jake Thompson,https://cn.noxinfluencer.com/youtube/channel/UCwbwXJk-BPA-052jig9gmpw,-12,badcase,ASMR工艺内容，属于格式错位，不利于家电推广
9938,UCwcJg1p7opXij2mulJdcbew,Bibi's Heartbreak Club,https://cn.noxinfluencer.com/youtube/channel/UCwcJg1p7opXij2mulJdcbew,0,badcase,无标签且无内容信号，相关性不足
9941,UCweEJNgnfjQoKD0FZAGoyWA,Aquarium Tools,https://cn.noxinfluencer.com/youtube/channel/UCweEJNgnfjQoKD0FZAGoyWA,-15,badcase,吃播娱乐号，和吸尘器推广场景错位
9944,UCwf9TcLyS5KDoLRLjke41Hg,Molly Burke,https://cn.noxinfluencer.com/youtube/channel/UCwf9TcLyS5KDoLRLjke41Hg,0,badcase,个人励志美妆向，和家电推广无关
9945,UCwfBtug_t3HHRg3-40xWilA,Qui & Ken,https://cn.noxinfluencer.com/youtube/channel/UCwfBtug_t3HHRg3-40xWilA,0,badcase,综艺旅游日常号，缺少家电评测购买场景
9947,UCwg4F1sN-qaA2CrxRhYbbJg,Jared Desrosiers,https://cn.noxinfluencer.com/youtube/channel/UCwg4F1sN-qaA2CrxRhYbbJg,0,badcase,美食生活号，和吸尘器推广关联弱
9948,UCwgA9c7WPJwgorRNBbtKeTA,Side Dish,https://cn.noxinfluencer.com/youtube/channel/UCwgA9c7WPJwgorRNBbtKeTA,-15,badcase,纯综艺娱乐号，和家电推广目标错位
9950,UCwgH7-tuxSSwvuaMH47rP4A,Product Tube,https://cn.noxinfluencer.com/youtube/channel/UCwgH7-tuxSSwvuaMH47rP4A,0,badcase,无标签且无内容信号，相关性不足
9951,UCwgbxRvpFn6rRGHacHcjhag,Pupster Passion USA,https://cn.noxinfluencer.com/youtube/channel/UCwgbxRvpFn6rRGHacHcjhag,-10,badcase,宠物向频道，非人用吸尘器推广受众
9955,UCwjmH8vk3jujhi2NFp6W3rA,PIPE HOLIC,https://cn.noxinfluencer.com/youtube/channel/UCwjmH8vk3jujhi2NFp6W3rA,-2,badcase,管道类主题与吸尘器关联弱
9956,UCwk0CbemjkVqzT2P-I8Ad9g,Tokki World,https://cn.noxinfluencer.com/youtube/channel/UCwk0CbemjkVqzT2P-I8Ad9g,-10,badcase,儿童动画/教育内容，受众与吸尘器不匹配
9958,UCwl5Xg0amvYxZ0do0fc496A,Islamic Vibes,https://cn.noxinfluencer.com/youtube/channel/UCwl5Xg0amvYxZ0do0fc496A,-2,badcase,宗教向内容，和家电推广关联低
9960,UCwlugykBzH6_9BXOz4K4dFA,DA Squad Official,https://cn.noxinfluencer.com/youtube/channel/UCwlugykBzH6_9BXOz4K4dFA,0,badcase,无明显清晰主题，缺少相关证据
9961,UCwmUi0f6Y_um_f2wXsz0LsQ,HIGH SPEED MINER,https://cn.noxinfluencer.com/youtube/channel/UCwmUi0f6Y_um_f2wXsz0LsQ,0,badcase,加密挖矿向，和家电推广偏离
9962,UCwnbOZHvTcR3M6lCgNGb5bg,Zero to Zenith,https://cn.noxinfluencer.com/youtube/channel/UCwnbOZHvTcR3M6lCgNGb5bg,0,badcase,无明显清晰主题，缺少相关证据
9963,UCwoj1jm-r7-zMz55lw3AzcQ,JhandiChourNorth,https://cn.noxinfluencer.com/youtube/channel/UCwoj1jm-r7-zMz55lw3AzcQ,0,badcase,应试/答案类内容，和产品推广无关
9965,UCwpJqFLCcQjHUpdEn2IwzmQ,Marko Mitrovic,https://cn.noxinfluencer.com/youtube/channel/UCwpJqFLCcQjHUpdEn2IwzmQ,-15,badcase,约会娱乐频道，产品推广场景不适配
9966,UCwpROJmdmUmMj-7sSHl4s5Q,Cookwith5kids,https://cn.noxinfluencer.com/youtube/channel/UCwpROJmdmUmMj-7sSHl4s5Q,0,badcase,家庭做饭内容，和吸尘器推广关联不强
9967,UCwpT8ccsebFR8MoKgoFzDJA,Animal CCTV Moments,https://cn.noxinfluencer.com/youtube/channel/UCwpT8ccsebFR8MoKgoFzDJA,-10,badcase,动物向内容，受众不匹配
9968,UCwpTq7dOfH5Qg3aew-RCpew,Hydro Tek Systems Inc.,https://cn.noxinfluencer.com/youtube/channel/UCwpTq7dOfH5Qg3aew-RCpew,0,badcase,工业系统名称，缺少明确受众
9969,UCwpdt4jU_hSdW9PO8XgRjOw,Station Of Laughter,https://cn.noxinfluencer.com/youtube/channel/UCwpdt4jU_hSdW9PO8XgRjOw,-15,badcase,婴儿搞笑/娱乐，和吸尘器推广不适配
9971,UCwqmgG_yaT-EjnKy3l5Yuzw,M-TRAN,https://cn.noxinfluencer.com/youtube/channel/UCwqmgG_yaT-EjnKy3l5Yuzw,0,badcase,无内容证据，难判断为有效导购频道
9975,UCwrb5ZN-1zsgEKIKFPnB7_Q,OrangePumba,https://cn.noxinfluencer.com/youtube/channel/UCwrb5ZN-1zsgEKIKFPnB7_Q,-15,badcase,娱乐/音乐/儿童内容，明显不适合导购
9976,UCwrufYR5O6Cmt3pylAMJAfg,AI RONIN,https://cn.noxinfluencer.com/youtube/channel/UCwrufYR5O6Cmt3pylAMJAfg,-15,badcase,刀具频道，和吸尘器推广明显不匹配
9977,UCwsH1GaIY3tMaHUK_4H2Wxg,Mini Mutts media🐾🐩,https://cn.noxinfluencer.com/youtube/channel/UCwsH1GaIY3tMaHUK_4H2Wxg,0,badcase,宠物向但无内容证据，相关性不足
9978,UCwsKZbRPYU1Iu88t41JzvSw,Dominich-BUYING ON AMAZON,https://cn.noxinfluencer.com/youtube/channel/UCwsKZbRPYU1Iu88t41JzvSw,0,badcase,仅有买货名称，无标签和内容证据
9979,UCwsQbU_NdM-mgO_79ZYBlGw,suat Bit,https://cn.noxinfluencer.com/youtube/channel/UCwsQbU_NdM-mgO_79ZYBlGw,0,badcase,无标签内容证据，无法判断匹配
9980,UCwsdPu5eR_Q7pHFGZ2fB8XA,doritohead3784,https://cn.noxinfluencer.com/youtube/channel/UCwsdPu5eR_Q7pHFGZ2fB8XA,-15,badcase,娱乐向频道，不适合吸尘器推广
9981,UCwsdSKP5sTkzu4A-hFN6o9g,TECH TIMES Official,https://cn.noxinfluencer.com/youtube/channel/UCwsdSKP5sTkzu4A-hFN6o9g,0,badcase,无标签内容证据，相关性不足
9982,UCwstbtpEYNPGljTlIt-R_Wg,Tech life,https://cn.noxinfluencer.com/youtube/channel/UCwstbtpEYNPGljTlIt-R_Wg,0,badcase,无标签内容证据，相关性不足
9984,UCwtZZoxRpDOjeuQfmabFUxw,kuromi2,https://cn.noxinfluencer.com/youtube/channel/UCwtZZoxRpDOjeuQfmabFUxw,0,badcase,无标签内容证据，相关性不足
9986,UCwuAjvnYSr-gv3fv1r-34-g,Superfreaky,https://cn.noxinfluencer.com/youtube/channel/UCwuAjvnYSr-gv3fv1r-34-g,-15,badcase,灵异娱乐向，和家电推广不匹配
9987,UCwuadwRk2fQs_Z4r4qeQH6g,Uncle Benny's Garage,https://cn.noxinfluencer.com/youtube/channel/UCwuadwRk2fQs_Z4r4qeQH6g,0,badcase,无标签内容证据，相关性不足
9990,UCwvtVQ-rNJ0erTG-KHbNQRg,deputay,https://cn.noxinfluencer.com/youtube/channel/UCwvtVQ-rNJ0erTG-KHbNQRg,-15,badcase,老广告娱乐频道，和吸尘器推广不符
9992,UCwwr0yoRC5XV73jQZtjU0eA,Gadget Gear,https://cn.noxinfluencer.com/youtube/channel/UCwwr0yoRC5XV73jQZtjU0eA,0,badcase,无标签内容证据，相关性不足
9996,UCwzLQmn7fty5498Hx0Bzteg,Office Needs,https://cn.noxinfluencer.com/youtube/channel/UCwzLQmn7fty5498Hx0Bzteg,0,badcase,标签过泛，缺少与吸尘器的明确关联
9997,UCwzRRvvTOBjvOAl5FJPVlbA,Nancy,https://cn.noxinfluencer.com/youtube/channel/UCwzRRvvTOBjvOAl5FJPVlbA,0,badcase,宠物娱乐向，和吸尘器投放关系弱
9999,UCx-DKCxhaiFiw5H1BkOJ9gQ,Tin Tức Độc Lạ,https://cn.noxinfluencer.com/youtube/channel/UCx-DKCxhaiFiw5H1BkOJ9gQ,0,badcase,无标签内容证据，相关性不足
10000,UCx-aiVM7vg28QGTtU20VJ4w,Nylah,https://cn.noxinfluencer.com/youtube/channel/UCx-aiVM7vg28QGTtU20VJ4w,0,badcase,无标签内容证据，相关性不足
