rank,channel_id,channel_name,channel_url,score,suggested_label,why_short
6,UCUTyRDr9A6FZsCvkeiQrd4w,My Cute Pomeranian,https://cn.noxinfluencer.com/youtube/channel/UCUTyRDr9A6FZsCvkeiQrd4w,-10,badcase,宠物名义但标签以恐怖故事/游戏为主，推广宠粮场景不匹配
10,UCd9Mk3xE7o4KSykpQNbRonQ,BalchemANH,https://cn.noxinfluencer.com/youtube/channel/UCd9Mk3xE7o4KSykpQNbRonQ,-5,badcase,偏农业乳业/动物营养机构，非宠物食品消费推广频道
11,UCUHxuPoyNEiA5hNVvpWt-EQ,Haoren Special Effects,https://cn.noxinfluencer.com/youtube/channel/UCUHxuPoyNEiA5hNVvpWt-EQ,2,badcase,仅有宠物/食物泛标签，偏娱乐生活向，缺少宠物食品投放意图
12,UCjaNEVaSWPDGmegG2msb4-w,Shaq The Pug,https://cn.noxinfluencer.com/youtube/channel/UCjaNEVaSWPDGmegG2msb4-w,0,badcase,标签以娱乐/游戏为主，宠物与食品都很泛，投放相关性弱
15,UCsi0ttIib6iEhWvGQVm94QA,Poodle Family,https://cn.noxinfluencer.com/youtube/channel/UCsi0ttIib6iEhWvGQVm94QA,0,badcase,无标签无内容信号，无法判断为宠物食品相关
16,UCTha-ni2CTXtK4Cw3kzdGaA,China Saibainuo Machinery,https://cn.noxinfluencer.com/youtube/channel/UCTha-ni2CTXtK4Cw3kzdGaA,2,badcase,仅有宠物/食品弱泛化标签，机械频道与宠粮推广不匹配
17,UCVyopZsoS91MU_-pwqg1b4g,ShoppingTv,https://cn.noxinfluencer.com/youtube/channel/UCVyopZsoS91MU_-pwqg1b4g,0,badcase,无相关标签或内容，缺乏宠粮推广相关性
20,UCnkHaip0YYyckHI074c444A,Gunbam Cutie,https://cn.noxinfluencer.com/youtube/channel/UCnkHaip0YYyckHI074c444A,10,badcase,虽命中宠粮，但ASMR/睡眠型内容与实体宠粮推广强冲突
21,UCFBGleFWjbiZ5LJgpb0D0FQ,Golden Retriever Duobao,https://cn.noxinfluencer.com/youtube/channel/UCFBGleFWjbiZ5LJgpb0D0FQ,0,badcase,无标签、标题或近期内容证据，无法判断适合宠物食品推广
29,UCHzogYDGS6nihFLkiYw6iNQ,Gadget Fusion 5,https://cn.noxinfluencer.com/youtube/channel/UCHzogYDGS6nihFLkiYw6iNQ,0,badcase,无标签无内容，缺少与宠物食品相关的任何信号
32,UCQOR5alhYXDNPiC5om0uiZg,Kiki and Bonbon,https://cn.noxinfluencer.com/youtube/channel/UCQOR5alhYXDNPiC5om0uiZg,-6,badcase,宠物吃播ASMR偏娱乐，缺少采购或喂养意图
33,UCOGLkZI3g5LtzIJwQtwvgQg,Funny Golden Dogs,https://cn.noxinfluencer.com/youtube/channel/UCOGLkZI3g5LtzIJwQtwvgQg,-3,badcase,仅有泛宠物与娱乐标签，和宠物粮推广关联弱
38,UCOCFVAOVOkfZTOlu3sxKZ_Q,Wutelz,https://cn.noxinfluencer.com/youtube/channel/UCOCFVAOVOkfZTOlu3sxKZ_Q,-15,badcase,游戏娱乐频道，与宠物食品推广目标明显不符
43,UCiGcokmNvo-f2OxqviT0cKA,Pet Reacts: LOL Edition!,https://cn.noxinfluencer.com/youtube/channel/UCiGcokmNvo-f2OxqviT0cKA,-15,badcase,娱乐动画频道，和宠物食品推广格式不匹配
49,UCa5NNydb5xIiju8Z7au7htg,Ideal Farming,https://cn.noxinfluencer.com/youtube/channel/UCa5NNydb5xIiju8Z7au7htg,-12,badcase,ASMR农场内容与宠物食品推广格式明显不匹配
51,UCF18QRlbJUdaZ7phkfaDn0Q,Cute and Funny Life,https://cn.noxinfluencer.com/youtube/channel/UCF18QRlbJUdaZ7phkfaDn0Q,-3,badcase,猫宠物受众仅弱相关，频道偏动物娱乐/野生动物，缺少宠物食品意图
58,UCS6JRIepDEKsW4BumsSYkWQ,PKT UP,https://cn.noxinfluencer.com/youtube/channel/UCS6JRIepDEKsW4BumsSYkWQ,-15,badcase,娱乐测验频道，和宠物食品推广场景明显不匹配
60,UCMcE4tg412Lz0GmqId_hcwQ,Me Ai  Animation TV,https://cn.noxinfluencer.com/youtube/channel/UCMcE4tg412Lz0GmqId_hcwQ,0,badcase,无宠物食品相关标签或内容，频道偏动画娱乐，缺乏推广相关性
63,UCmFUCCyiVgERFKmoZNe2dvg,Wild Hoshi,https://cn.noxinfluencer.com/youtube/channel/UCmFUCCyiVgERFKmoZNe2dvg,-6,badcase,有狗受众相关，但ASMR泛娱乐格式不适合宠物食品推广
71,UCgoOKrgNFbPvBMUpC2IEU5A,Bicolana Sa America,https://cn.noxinfluencer.com/youtube/channel/UCgoOKrgNFbPvBMUpC2IEU5A,-15,badcase,垃圾桶捡食主题与宠物食品推广受众和场景不匹配
78,UCx86b9-td6cTLFI4qM2QYlg,Li Mo,https://cn.noxinfluencer.com/youtube/channel/UCx86b9-td6cTLFI4qM2QYlg,-15,badcase,ASMR音频娱乐为主，和宠物食品推广场景不匹配
79,UCRCaqxCYfLmGNKAWlpXdU4A,Bà Già Review,https://cn.noxinfluencer.com/youtube/channel/UCRCaqxCYfLmGNKAWlpXdU4A,1,badcase,人类烹饪频道，只有泛食物标签，宠物食品相关性弱
80,UCyHKsRnmURYNnQJB34zzmkQ,Funny Cats HD,https://cn.noxinfluencer.com/youtube/channel/UCyHKsRnmURYNnQJB34zzmkQ,2,badcase,以搞笑猫视频为主，有宠物受众但缺少喂养营养场景
85,UCbK9lZUnc-Pz1YEEed_pWYw,Hen Farm,https://cn.noxinfluencer.com/youtube/channel/UCbK9lZUnc-Pz1YEEed_pWYw,-10,badcase,农场/家禽方向，与宠物食品受众不符
87,UCS2qMWCYdmvVH1zVsVWF8qQ,BETTER LIFE PHILLIPINES,https://cn.noxinfluencer.com/youtube/channel/UCS2qMWCYdmvVH1zVsVWF8qQ,0,badcase,历史旅行灵异频道，与宠物食品推广无关
88,UC8shTy-GHETM8MtUXUmdjuA,Penguin Berry,https://cn.noxinfluencer.com/youtube/channel/UC8shTy-GHETM8MtUXUmdjuA,-5,badcase,企鹅/动物娱乐内容，不适合宠物食品推广
90,UCal8iLbvvoIBvnrk9nKJ4-A,Diablo Ruby & Bane,https://cn.noxinfluencer.com/youtube/channel/UCal8iLbvvoIBvnrk9nKJ4-A,1,badcase,人类美食频道，缺少宠物受众和宠粮场景
91,UCi0hTpaLV4_Mg6pqTNrpHeg,KingOfAquariums,https://cn.noxinfluencer.com/youtube/channel/UCi0hTpaLV4_Mg6pqTNrpHeg,0,badcase,纯娱乐表情包频道，与宠物食品推广无关
93,UCTp62kR9ahSGj1T9PjInm0A,sen sen,https://cn.noxinfluencer.com/youtube/channel/UCTp62kR9ahSGj1T9PjInm0A,0,badcase,生活娱乐向，未见宠物食品或喂养相关信号
94,UCcgRY4GHylCCE46K-4D-1Iw,one line,https://cn.noxinfluencer.com/youtube/channel/UCcgRY4GHylCCE46K-4D-1Iw,2,badcase,仅有泛宠物标签，内容偏娱乐，缺少喂养意图
95,UCJ2HMjSPrAp7x2JELObeb-A,More Media Production,https://cn.noxinfluencer.com/youtube/channel/UCJ2HMjSPrAp7x2JELObeb-A,0,badcase,科技摄影向，与宠物食品推广场景不符
97,UClxuDTo2dElLqpDQ5tx1Zew,UNIQUE CREATIVITY,https://cn.noxinfluencer.com/youtube/channel/UClxuDTo2dElLqpDQ5tx1Zew,0,badcase,纯娱乐电影生活类，和宠物食品推广无关
98,UCutUv2A6NxOyiF0Fk43TRbA,KABOOM!,https://cn.noxinfluencer.com/youtube/channel/UCutUv2A6NxOyiF0Fk43TRbA,0,badcase,搞笑生活技巧频道，缺少宠物喂养相关语境
99,UCWcpIeCKm9E3q3gbuAPnFbQ,Chihuahua Bites,https://cn.noxinfluencer.com/youtube/channel/UCWcpIeCKm9E3q3gbuAPnFbQ,0,badcase,无标签、标题或近期内容证据支持宠物食品推广
100,UCHWJTRkohZncuQTrleAuf-g,Flurry Bureau,https://cn.noxinfluencer.com/youtube/channel/UCHWJTRkohZncuQTrleAuf-g,0,badcase,无标签、无内容，无法支持宠物食品推广
103,UCnbeplwxqRgDvRZlLoxQKvA,EL LIFESTYLE USA,https://cn.noxinfluencer.com/youtube/channel/UCnbeplwxqRgDvRZlLoxQKvA,-15,badcase,频道以音乐娱乐为主，缺少宠物喂养或宠粮购买语境，适合度低
108,UCA740MG-F8XR_StFkcwNb8Q,Sylvania News,https://cn.noxinfluencer.com/youtube/channel/UCA740MG-F8XR_StFkcwNb8Q,1,badcase,仅有泛食品标签，缺少宠物喂养场景，新闻频道不适合推宠物食品
109,UCRDIBDL4XKVrpGg1IgWkQRw,JUNINZ FF,https://cn.noxinfluencer.com/youtube/channel/UCRDIBDL4XKVrpGg1IgWkQRw,-15,badcase,游戏梗图娱乐号，与宠物食品推广场景明显不匹配
112,UC0d6D5jxbmomcvKc9QGldIw,PET NATURE TV,https://cn.noxinfluencer.com/youtube/channel/UC0d6D5jxbmomcvKc9QGldIw,-12,badcase,宠物/猫弱相关，但频道偏猫电视娱乐，缺少宠物食品营养或购买场景
113,UCY82AHbxRpoM722t3dQoHXQ,Dog Mukbang ASMR,https://cn.noxinfluencer.com/youtube/channel/UCY82AHbxRpoM722t3dQoHXQ,-12,badcase,ASMR/mukbang 形式不适合宠粮推广，且偏表演内容
114,UC4QLYZSUwUwq9CE_uCu7djA,Startup CPG,https://cn.noxinfluencer.com/youtube/channel/UC4QLYZSUwUwq9CE_uCu7djA,1,badcase,偏 CPG 创业商业内容，不是宠物食品创作者场景
115,UC-RdavfNhJxUy8SANoW2REg,Steven Wiseblood,https://cn.noxinfluencer.com/youtube/channel/UC-RdavfNhJxUy8SANoW2REg,0,badcase,无标签和内容信号，无法判断为宠粮相关
122,UCS3DcBv2WVqxmwwTPhzO6Yw,Nano Spark Ai,https://cn.noxinfluencer.com/youtube/channel/UCS3DcBv2WVqxmwwTPhzO6Yw,-12,badcase,ASMR/AI题材与宠物食品促销不匹配
126,UCqARyNoyVHBlfJIf8pzzRQw,Jackie Bites,https://cn.noxinfluencer.com/youtube/channel/UCqARyNoyVHBlfJIf8pzzRQw,0,badcase,无标签、标题或近期内容支撑宠物食品推广相关性
127,UCe1BOLqwnextHEgShSIOnWw,Landpack Packing Filling Machine,https://cn.noxinfluencer.com/youtube/channel/UCe1BOLqwnextHEgShSIOnWw,-15,badcase,工业包装机频道，与宠物食品推广方向不符
128,UCoNwweopyBlsR-FT6ggfsAg,拉布Lucky,https://cn.noxinfluencer.com/youtube/channel/UCoNwweopyBlsR-FT6ggfsAg,-7,badcase,宠物狗内容相关，但ASMR风格不适合宠粮推广
129,UCG0bbfSqpZH-pUZ0f5v85_w,Vườn xanh - Bếp vui của My,https://cn.noxinfluencer.com/youtube/channel/UCG0bbfSqpZH-pUZ0f5v85_w,0,badcase,无标签、标题或近期内容证据支持宠物食品推广相关性
130,UCKvCeARNon66cFfxI-VsSHA,Elaaf's Gallery,https://cn.noxinfluencer.com/youtube/channel/UCKvCeARNon66cFfxI-VsSHA,-7,badcase,宠物吃播ASMR占主导，宠粮投放匹配度低
131,UCmuPbKbTCqqnlutn9L8OA0w,SM 4Music,https://cn.noxinfluencer.com/youtube/channel/UCmuPbKbTCqqnlutn9L8OA0w,2,badcase,以娱乐/搞笑为主，只有泛宠物与泛食品信号，宠物食品推广匹配弱
133,UC82a20zvFNpxaIo7Oq_D87Q,Crazy Pig,https://cn.noxinfluencer.com/youtube/channel/UC82a20zvFNpxaIo7Oq_D87Q,-3,badcase,有宠物信号但核心是猪类内容，非宠物食品常见受众，偏不匹配
134,UCrUpP9FydgkC80APKc3cDrA,mrsmel269,https://cn.noxinfluencer.com/youtube/channel/UCrUpP9FydgkC80APKc3cDrA,-12,badcase,ASMR加生存杂谈是明显格式错位，不适合做宠物食品推广
135,UCifkdYQHGplGHn9RQYzj8MQ,SHANGHAI FUBO PACKAGING MACHINERY,https://cn.noxinfluencer.com/youtube/channel/UCifkdYQHGplGHn9RQYzj8MQ,-15,badcase,工业包装机械频道，面向设备与制造而非宠物食品消费者，明显不匹配
139,UCuYlp7-cQffGZFFV7qY3BZQ,Farm to Pet,https://cn.noxinfluencer.com/youtube/channel/UCuYlp7-cQffGZFFV7qY3BZQ,0,badcase,频道名相关但缺少标签、视频和近期内容证据
140,UCHxbqoBMP6nd7DOK_gs7Xgw,🫶J.T.C🫶  Jerome The Creator,https://cn.noxinfluencer.com/youtube/channel/UCHxbqoBMP6nd7DOK_gs7Xgw,0,badcase,无相关标签或内容，创作者定位不明
143,UC8Ihn_fmrGLZpG888I-fE0g,Elephant,https://cn.noxinfluencer.com/youtube/channel/UC8Ihn_fmrGLZpG888I-fE0g,0,badcase,无标签、无相关视频或近期内容，缺少宠物食品推广相关证据
147,UCK0HOXJR9OKgaZNeAg8FzCQ,Rebecca’s Beautiful ASMR Addiction,https://cn.noxinfluencer.com/youtube/channel/UCK0HOXJR9OKgaZNeAg8FzCQ,-30,badcase,ASMR助眠型频道，和产品推广格式明显不匹配。
149,UCHKP_u7UuJpC0d7XIPS2CyQ,Elvlitos King🤴,https://cn.noxinfluencer.com/youtube/channel/UCHKP_u7UuJpC0d7XIPS2CyQ,0,badcase,无标签无内容信号，无法判断为宠物食品相关。
153,UCO2XFj47kIjimHX7f9cEokQ,Vannak-kh,https://cn.noxinfluencer.com/youtube/channel/UCO2XFj47kIjimHX7f9cEokQ,0,badcase,无标签、无视频相关证据，无法支撑宠物食品推广
155,UCpwktX4wWK6WvsmMRY-BzEg,Furry Watch,https://cn.noxinfluencer.com/youtube/channel/UCpwktX4wWK6WvsmMRY-BzEg,0,badcase,无标签、相关视频或近期内容，缺少宠物食品推广相关证据
158,UCXC-MAuZ_SKKGs2VmGdwmKQ,"Jinan Arrow Machinery Co., Ltd",https://cn.noxinfluencer.com/youtube/channel/UCXC-MAuZ_SKKGs2VmGdwmKQ,0,badcase,机械公司频道，无宠物食品相关信号
159,UCoymmDAFQSr66XGMGdSlDqw,DEWCO CREATIVE SOLUTIONS,https://cn.noxinfluencer.com/youtube/channel/UCoymmDAFQSr66XGMGdSlDqw,0,badcase,泛公司频道，无宠物食品相关信号
160,UCB26vLg2PnYvijArYvvg6jQ,Amazing Chinese Gadgets,https://cn.noxinfluencer.com/youtube/channel/UCB26vLg2PnYvijArYvvg6jQ,-10,badcase,人类吃播/娱乐频道，和宠物食品推广场景不匹配
162,UCRExIYvszBLlR-ejB3f5rZg,Bruker,https://cn.noxinfluencer.com/youtube/channel/UCRExIYvszBLlR-ejB3f5rZg,0,badcase,科研仪器频道，缺少宠物食品受众与购买场景
166,UCseQLqFh2rlmuTDK466QCmA,bd Love Fishing,https://cn.noxinfluencer.com/youtube/channel/UCseQLqFh2rlmuTDK466QCmA,0,badcase,无相关标签/内容，频道偏钓鱼主题，不适合宠物食品推广
170,UCD2pKr3V_ojmSQRxDb1wi_A,Short Facts Today,https://cn.noxinfluencer.com/youtube/channel/UCD2pKr3V_ojmSQRxDb1wi_A,-2,badcase,宠物受众弱相关，但主打搞笑娱乐，缺少宠物食品/喂养语境
171,UCu8eOEU6-qmdWaWvwgPqeEQ,Small Kh,https://cn.noxinfluencer.com/youtube/channel/UCu8eOEU6-qmdWaWvwgPqeEQ,2,badcase,仅有pet/pets弱相关，且偏野外/昆虫内容
172,UCGolLCVx5X9FMir444zrzAg,Diane - The Canning Nana,https://cn.noxinfluencer.com/youtube/channel/UCGolLCVx5X9FMir444zrzAg,1,badcase,只有food等泛标签，缺少宠物喂食语境
173,UCPGQY3GiYFZf9ixtndkFXsQ,Dogs Choose Humans,https://cn.noxinfluencer.com/youtube/channel/UCPGQY3GiYFZf9ixtndkFXsQ,0,badcase,无标签和标题，缺少可验证相关性
174,UCbBNUsV6FEk6R4yKt9uSb1A,Darin Food & Feed Treats MFG Tech 达润食品生产科技,https://cn.noxinfluencer.com/youtube/channel/UCbBNUsV6FEk6R4yKt9uSb1A,0,badcase,偏食品/饲料生产技术，缺少宠物食品推广相关受众信号
179,UC2kwIF1yh_2dK3VYMIH3DFA,LukeBeGrubbin,https://cn.noxinfluencer.com/youtube/channel/UC2kwIF1yh_2dK3VYMIH3DFA,-5,badcase,人类吃播娱乐，与宠物食品推广不相关
180,UCbrAiJRKTNOyC11xTG5l1MQ,Liked EXperiment,https://cn.noxinfluencer.com/youtube/channel/UCbrAiJRKTNOyC11xTG5l1MQ,0,badcase,泛食物加科技内容，缺少宠物食品受众
182,UCGMiJNOuL7Iocpd7Pbi00fg,Jack Ge,https://cn.noxinfluencer.com/youtube/channel/UCGMiJNOuL7Iocpd7Pbi00fg,0,badcase,车辆生活类，和宠物食品推广基本无关
184,UCfBmjFC2SUMNilItsiLC2Vw,A DT-Garden,https://cn.noxinfluencer.com/youtube/channel/UCfBmjFC2SUMNilItsiLC2Vw,0,badcase,园艺/生活类，缺少宠物食品目标受众与使用语境
185,UCvEYTL3Ok1o9sfopIoYMcTA,Summer's Place,https://cn.noxinfluencer.com/youtube/channel/UCvEYTL3Ok1o9sfopIoYMcTA,-9,badcase,仅有宠物泛相关，娱乐/电影导向不适合宠物食品推广
186,UCi7t1MoN3UvQPKSjNN2MTSQ,SGS North America,https://cn.noxinfluencer.com/youtube/channel/UCi7t1MoN3UvQPKSjNN2MTSQ,0,badcase,无相关标签或内容，缺少宠物食品推广信号
188,UCwayvNgwfdYqjNJPyUHlc0w,Steve's Real Food,https://cn.noxinfluencer.com/youtube/channel/UCwayvNgwfdYqjNJPyUHlc0w,0,badcase,无标签与视频证据，无法支持宠物食品推广
189,UCnn7w1sIcb4Yjt4O4-LMPIA,Koplo pedia,https://cn.noxinfluencer.com/youtube/channel/UCnn7w1sIcb4Yjt4O4-LMPIA,0,badcase,无相关标签或内容，和宠物食品无关
190,UCicmjUC8pG_3jwFo9m-va1g,The Freeze Dried Business,https://cn.noxinfluencer.com/youtube/channel/UCicmjUC8pG_3jwFo9m-va1g,1,badcase,仅有泛食品标签，缺少宠物食品指向
191,UCJGhrfCU3HZmH_tbrIc06ZA,My Dog Supplement,https://cn.noxinfluencer.com/youtube/channel/UCJGhrfCU3HZmH_tbrIc06ZA,0,badcase,无标签和内容证据，难判断为宠物食品推广频道
195,UCZ4t9a5rDVlTRwgMfveiJsw,EatingFood Team,https://cn.noxinfluencer.com/youtube/channel/UCZ4t9a5rDVlTRwgMfveiJsw,-10,badcase,ASMR娱乐格式，与宠物食品推广明显不匹配
196,UC679LrVVdkKsWE0ShglOafQ,Gregory Danner,https://cn.noxinfluencer.com/youtube/channel/UC679LrVVdkKsWE0ShglOafQ,-7,badcase,仅有宠物/犬种弱相关，频道标签含明显加密金融不适合宠物食品推广
198,UC908M-i1qwVS2J0p-6pkibQ,PetPlate,https://cn.noxinfluencer.com/youtube/channel/UC908M-i1qwVS2J0p-6pkibQ,0,badcase,无标签、标题或近期内容证据，无法判断适合推广宠物食品
200,UCSHAgxSQYpKRZJ1Q2j5SZSw,WhisperAuraTingles,https://cn.noxinfluencer.com/youtube/channel/UCSHAgxSQYpKRZJ1Q2j5SZSw,0,badcase,无标签和内容相关信号，不支持宠物食品推广
202,UCKmhCvI4uR0KfILUyjN4MFQ,Lolyshop,https://cn.noxinfluencer.com/youtube/channel/UCKmhCvI4uR0KfILUyjN4MFQ,0,badcase,无标签、无内容，缺乏任何相关信号
203,UCCVFdcRg6X3wANWOK4tjubA,Huerta Photography & Designs,https://cn.noxinfluencer.com/youtube/channel/UCCVFdcRg6X3wANWOK4tjubA,1,badcase,仅有泛食品标签，频道主体偏摄影设计
205,UCjICGC6mz3dyxgQNY38AJsA,Strobigo,https://cn.noxinfluencer.com/youtube/channel/UCjICGC6mz3dyxgQNY38AJsA,0,badcase,无标签和内容证据，无法判断相关性
206,UC2nBQBm8Q9im3MBtf0MRjnw,TurtleJeepJen,https://cn.noxinfluencer.com/youtube/channel/UC2nBQBm8Q9im3MBtf0MRjnw,0,badcase,无宠物食品相关标签或内容信号
209,UCDJjhhwGpAtkrr69CcBRHFg,TerraCycle,https://cn.noxinfluencer.com/youtube/channel/UCDJjhhwGpAtkrr69CcBRHFg,0,badcase,回收环保频道，缺少宠物食品受众和购买意图
210,UC2aDq-QGPcxkFnaPNuVPw_Q,Cash CoinTurning SRP,https://cn.noxinfluencer.com/youtube/channel/UC2aDq-QGPcxkFnaPNuVPw_Q,-10,badcase,猴子娱乐内容与宠物食品推广受众不符
211,UCIBz4S30dIun2VFUu4ExtxQ,HAPPYBOND PETS,https://cn.noxinfluencer.com/youtube/channel/UCIBz4S30dIun2VFUu4ExtxQ,0,badcase,无标签和内容证据，无法判断为宠物食品推广相关
215,UC_9miWNwjvRIwRFuhSYczIw,Chihuahua Bites,https://cn.noxinfluencer.com/youtube/channel/UC_9miWNwjvRIwRFuhSYczIw,0,badcase,无标签，无内容证据，相关性不足
216,UC6MPSxUODYVwM4Nw4IhkcXQ,FabiJan,https://cn.noxinfluencer.com/youtube/channel/UC6MPSxUODYVwM4Nw4IhkcXQ,0,badcase,无标签、标题和近期内容，无法判断与宠物食品相关
217,UC3fGPWMSyLTdnzgf9rAXhKQ,PETASTIC,https://cn.noxinfluencer.com/youtube/channel/UC3fGPWMSyLTdnzgf9rAXhKQ,-14,badcase,宠物娱乐搞笑频道，缺少宠物食品、营养或购买意图
218,UC09XlyxoioF_xDT50KnUozw,Li Susie,https://cn.noxinfluencer.com/youtube/channel/UC09XlyxoioF_xDT50KnUozw,0,badcase,无可用标签和标题信息，和宠物食品推广无关
220,UCCu86q1OZvOTlvfNUt5Frzw,Grandma Lucy's,https://cn.noxinfluencer.com/youtube/channel/UCCu86q1OZvOTlvfNUt5Frzw,0,badcase,无标签或视频证据支持宠物食品推广相关性
221,UCIXXFM0b0qgCX2SgK7h36zA,oddlyfun.02,https://cn.noxinfluencer.com/youtube/channel/UCIXXFM0b0qgCX2SgK7h36zA,-15,badcase,以AI艺术和ASMR视觉内容为主，和宠物食品推广场景明显不匹配
223,UC4eYwxHNv8ee4NFERbjwAWg,ArtificialAbsurdity,https://cn.noxinfluencer.com/youtube/channel/UC4eYwxHNv8ee4NFERbjwAWg,0,badcase,无宠物食品相关标签或内容，缺乏推广匹配信号
224,UC2K32NN1IVukKyVc_oVWW5g,Tom and Jerry 55,https://cn.noxinfluencer.com/youtube/channel/UC2K32NN1IVukKyVc_oVWW5g,-10,badcase,卡通娱乐频道，与宠物食品推广受众和购买意图不匹配
225,UCMUe7E-mUXSaMO6qUflSRAA,Ask Debbie About Hair & Health,https://cn.noxinfluencer.com/youtube/channel/UCMUe7E-mUXSaMO6qUflSRAA,1,badcase,人类健康美妆号，缺少宠物场景，仅有泛 food 词
226,UCimp79C2Pl9RZRtmib3bOMA,CUTE PETS,https://cn.noxinfluencer.com/youtube/channel/UCimp79C2Pl9RZRtmib3bOMA,-13,badcase,宠物受众弱相关，但AI搞笑娱乐短视频缺少宠物食品/营养意图
228,UC1camgQ5bbyoYoj7wqh3kLg,123 GO! Zoo,https://cn.noxinfluencer.com/youtube/channel/UC1camgQ5bbyoYoj7wqh3kLg,-12,badcase,ASMR生活向，属于明显格式错配，和宠物粮无关
229,UCom9LN8FxBVoGjLXfcKQEhw,Ana's Personal Vlog,https://cn.noxinfluencer.com/youtube/channel/UCom9LN8FxBVoGjLXfcKQEhw,-12,badcase,食品ASMR生活号，非宠物受众，强格式错配
230,UC8Zxoe-VfsiZbyCSg9dY7-g,Cat TV Birds,https://cn.noxinfluencer.com/youtube/channel/UC8Zxoe-VfsiZbyCSg9dY7-g,-15,badcase,虱子相关声音内容，主题和宠物粮完全不相关
232,UC8yTr9mqsZ4k-8r354N48UQ,THE FUNGAMA,https://cn.noxinfluencer.com/youtube/channel/UC8yTr9mqsZ4k-8r354N48UQ,0,badcase,无相关标签或视频信号，和宠物食品无关
233,UCcbPQtclBJp_8se9a2t8AoA,Real Alex Clark,https://cn.noxinfluencer.com/youtube/channel/UCcbPQtclBJp_8se9a2t8AoA,0,badcase,偏娱乐生活向，缺少宠物或购买意图信号
234,UCvZg16utObatO2A2mmIPfpA,Farmer Boy Art,https://cn.noxinfluencer.com/youtube/channel/UCvZg16utObatO2A2mmIPfpA,1,badcase,仅有pets弱相关，主标签偏家居园艺，缺少宠物食品推广意图
236,UCOo9IuXfWzQvsrGcsmYPeyw,BulkLoads,https://cn.noxinfluencer.com/youtube/channel/UCOo9IuXfWzQvsrGcsmYPeyw,0,badcase,卡车播客与宠物食品推广无关
240,UCdhKkCoqxkFJu2sLSXYM9IA,NectarCrunch ASMR,https://cn.noxinfluencer.com/youtube/channel/UCdhKkCoqxkFJu2sLSXYM9IA,-12,badcase,ASMR声效放松格式，不适合宠物食品推广
241,UC_gXTsZ69hjMtANDlR-1APA,Heyletsplay,https://cn.noxinfluencer.com/youtube/channel/UC_gXTsZ69hjMtANDlR-1APA,-10,badcase,娱乐短视频，缺少宠物受众与宠物食品购买语境
242,UCL_DKYXsS9GEgqUA5PWZnbw,Dickey Pate,https://cn.noxinfluencer.com/youtube/channel/UCL_DKYXsS9GEgqUA5PWZnbw,-5,badcase,人类食谱频道，缺少宠物受众与宠物食品语境
247,UCw1CMvrlv4UYXMn4l9xW3QA,hourFunny,https://cn.noxinfluencer.com/youtube/channel/UCw1CMvrlv4UYXMn4l9xW3QA,-2,badcase,宠物受众相关，但频道偏搞笑娱乐动物内容，缺少宠物食品推广意图
249,UCEhN9ZRpyRFQcoqcVAGeILA,LOGO EFFECTS CHANNEL,https://cn.noxinfluencer.com/youtube/channel/UCEhN9ZRpyRFQcoqcVAGeILA,-11,badcase,ASMR导向，属于明显形式错配，不适合宠物食品推广
254,UCZyusZ-lObsc-l_iLqdoOUg,LearnRealSkills,https://cn.noxinfluencer.com/youtube/channel/UCZyusZ-lObsc-l_iLqdoOUg,0,badcase,教育类频道，与宠物食品投放无关
256,UC3_xRizCbGCZDv6rH6yOdHw,ZoomieZoo,https://cn.noxinfluencer.com/youtube/channel/UC3_xRizCbGCZDv6rH6yOdHw,1,badcase,仅有“animals”泛相关，缺少宠物食品购买/喂养语境，推广相关性弱
257,UC-EL-wI3yzqkHVod1WKegRg,Skibidi Shorts YT,https://cn.noxinfluencer.com/youtube/channel/UC-EL-wI3yzqkHVod1WKegRg,0,badcase,无宠物食品相关信号，缺少推广适配证据
259,UCr6oMivcJ3lRE1QwkGksJ8w,Gubba Homestead,https://cn.noxinfluencer.com/youtube/channel/UCr6oMivcJ3lRE1QwkGksJ8w,1,badcase,仅有泛食品标签，缺少宠物食品或宠物养护推广语境
260,UCHfBMmI2Jc7DMVBQ6iBeecw,WOA Doodoo,https://cn.noxinfluencer.com/youtube/channel/UCHfBMmI2Jc7DMVBQ6iBeecw,0,badcase,娱乐绘画频道，和宠物食品推广无关
262,UC0P4PiHawiLM8HgMbAQCogw,WOPET,https://cn.noxinfluencer.com/youtube/channel/UC0P4PiHawiLM8HgMbAQCogw,0,badcase,无标签和视频证据，难以支持宠粮推广相关性
264,UCy76s60XoVQL2RvrUKs2VRA,Penguinpepperpia,https://cn.noxinfluencer.com/youtube/channel/UCy76s60XoVQL2RvrUKs2VRA,8,badcase,有猫粮/喂食相关，但CataSMR娱乐格式与宠物食品推广不匹配
265,UC5tFG3H954z87pW-XvVqG1w,Diyansh Ai,https://cn.noxinfluencer.com/youtube/channel/UC5tFG3H954z87pW-XvVqG1w,0,badcase,无标签无内容证据，无法支持宠物食品推广
267,UCzYYJqG5PgsSptzKOOFXFrg,Vital Essentials,https://cn.noxinfluencer.com/youtube/channel/UCzYYJqG5PgsSptzKOOFXFrg,0,badcase,无标签、无视频证据，无法支持宠物食品推广相关性
269,UCxlQq5PAw_SiSfj2c2OAmuQ,Ribopi Homojo,https://cn.noxinfluencer.com/youtube/channel/UCxlQq5PAw_SiSfj2c2OAmuQ,0,badcase,无标签、无相关视频，缺少宠物食品推广相关性信号
270,UC5MfqVw_cF3EqCVDTVMVCJA,Princess Lullaby Music,https://cn.noxinfluencer.com/youtube/channel/UC5MfqVw_cF3EqCVDTVMVCJA,-10,badcase,儿歌音乐频道，与宠物食品推广场景明显不符
271,UCwUA1rK0SI2iH5afZRRHxWA,Zooarcade (Zooarcade),https://cn.noxinfluencer.com/youtube/channel/UCwUA1rK0SI2iH5afZRRHxWA,-8,badcase,宠物动物泛标签有一点相关，但ASMR格式与宠物食品推广不匹配
272,UCPfQPvEP40pqzMuTu2H1vcg,Monkey King,https://cn.noxinfluencer.com/youtube/channel/UCPfQPvEP40pqzMuTu2H1vcg,-2,badcase,宠物猫狗标签偏泛，娱乐短视频为主，缺少宠物食品采购意图
273,UCoT08zYN9InMLR5pQ2Ng6FQ,Q&A QUIZ,https://cn.noxinfluencer.com/youtube/channel/UCoT08zYN9InMLR5pQ2Ng6FQ,-7,badcase,有food/pets/cooking弱相关，但问答娱乐主导，缺少宠物食品推广场景
274,UCtxqQnLgj-1rAVtjpSgPS5A,Gotcha!,https://cn.noxinfluencer.com/youtube/channel/UCtxqQnLgj-1rAVtjpSgPS5A,-5,badcase,无宠物食品意图，内容偏娱乐整活，相关性很弱
279,UC8qMgL_UrkcSO9iRPoCI8lQ,LAURA N NEW YORK,https://cn.noxinfluencer.com/youtube/channel/UC8qMgL_UrkcSO9iRPoCI8lQ,0,badcase,仅有 pets 泛标签，偏泛流量，缺少食品购买语境
280,UCGgkBjhpNxD7CZpla2FspXw,Live Surf Love with Sean Dougherty,https://cn.noxinfluencer.com/youtube/channel/UCGgkBjhpNxD7CZpla2FspXw,0,badcase,音乐海滩生活方式频道，与宠物食品推广无关
281,UCvDBXZnfG_XeKhw9yQqWztA,DumpsterDobbs,https://cn.noxinfluencer.com/youtube/channel/UCvDBXZnfG_XeKhw9yQqWztA,-15,badcase,垃圾捡拾内容，与宠物食品推广场景明显不匹配
287,UCi6e8iznzftG2umavmr5g2g,Paxiom Group,https://cn.noxinfluencer.com/youtube/channel/UCi6e8iznzftG2umavmr5g2g,0,badcase,无标签无内容，缺少任何宠物食品相关信号
288,UCK3sZ75IBFD597W9DPB84iQ,SuperAutoGaming,https://cn.noxinfluencer.com/youtube/channel/UCK3sZ75IBFD597W9DPB84iQ,-15,badcase,游戏频道，super auto pets是游戏名，不是宠物食品推广场景
289,UCjOwnheGtZBxkokS-Ouyf8w,Sachin Badole,https://cn.noxinfluencer.com/youtube/channel/UCjOwnheGtZBxkokS-Ouyf8w,0,badcase,无标签无内容，无法判断与宠物食品推广相关
290,UCOtPNdegYNB4WB-Pla5ReiQ,Meow-some! Reacts,https://cn.noxinfluencer.com/youtube/channel/UCOtPNdegYNB4WB-Pla5ReiQ,-18,badcase,猫和食物仅弱相关，频道偏反应搞笑娱乐，不适合宠物食品推广
293,UCbta5UYAzeIOQAL7-A4s0WA,Bounce The Pit Bull,https://cn.noxinfluencer.com/youtube/channel/UCbta5UYAzeIOQAL7-A4s0WA,-15,badcase,ASMR和吃播娱乐占主导，属于宠粮推广格式错配
295,UCE7vFzfZPHA4Q6W_B7suouQ,Random Randomness Randomly,https://cn.noxinfluencer.com/youtube/channel/UCE7vFzfZPHA4Q6W_B7suouQ,0,badcase,无标签无内容信号，无法支持宠粮推广
296,UCKzT18j5TPS3k9K6aDmUn0g,Zeppo the Saint Bernard,https://cn.noxinfluencer.com/youtube/channel/UCKzT18j5TPS3k9K6aDmUn0g,0,badcase,无标签、视频或近期内容证据，无法确认宠物食品推广相关性
299,UCp7pZSKUNwY5NWk_YuNxEYQ,Bionic Disco,https://cn.noxinfluencer.com/youtube/channel/UCp7pZSKUNwY5NWk_YuNxEYQ,-5,badcase,娱乐/广告归档频道，与宠物食品推广受众和内容场景不匹配
300,UCDmxyXygt14f9E_vcc9VWLg,43BGM,https://cn.noxinfluencer.com/youtube/channel/UCDmxyXygt14f9E_vcc9VWLg,0,badcase,无标签、无相关内容，缺少宠物食品推广信号
301,UC-SFinduScPUqVuQqS5zOsg,Baby Cow,https://cn.noxinfluencer.com/youtube/channel/UC-SFinduScPUqVuQqS5zOsg,0,badcase,无宠物相关信号，和宠物食品推广无关
303,UCSxi8ahR7Sfd3c0Xl22Y0Wg,Kaboom Zoom,https://cn.noxinfluencer.com/youtube/channel/UCSxi8ahR7Sfd3c0Xl22Y0Wg,1,badcase,仅有泛化食物词，主体是娱乐内容
306,UCkxpepZAoszfdE2JRaX8iYw,Gussys Gut,https://cn.noxinfluencer.com/youtube/channel/UCkxpepZAoszfdE2JRaX8iYw,0,badcase,无标签和内容证据，无法支持宠物食品推广相关性
308,UCBMhqJN9KD3APiSB5qq5TiQ,Space Reaction,https://cn.noxinfluencer.com/youtube/channel/UCBMhqJN9KD3APiSB5qq5TiQ,-15,badcase,影视娱乐频道，和宠物食品推广场景明显不匹配
310,UCA7aNkoIJZpCXLjSOtMhOeA,My Tiny Panda,https://cn.noxinfluencer.com/youtube/channel/UCA7aNkoIJZpCXLjSOtMhOeA,-25,badcase,游戏娱乐型频道，属于宠物食品推广的格式错配
312,UC8rLiPxOP2U9gkC4dh0Htkw,AlmostEvil 333,https://cn.noxinfluencer.com/youtube/channel/UC8rLiPxOP2U9gkC4dh0Htkw,0,badcase,无标签、无内容信号，无法支持宠物食品推广
313,UCeHjazMPa6tIQzgVGk3BZyA,Soileau Dibblee,https://cn.noxinfluencer.com/youtube/channel/UCeHjazMPa6tIQzgVGk3BZyA,0,badcase,无标签、无内容信号，无法判断为宠物食品相关
314,UCkzLvx7wYhlU6UO1hUz0LAg,Weird Animal,https://cn.noxinfluencer.com/youtube/channel/UCkzLvx7wYhlU6UO1hUz0LAg,-7,badcase,宠物受众弱相关，但频道偏搞笑动物娱乐，缺少宠物食品推广语境
315,UCV2DufS2qAc_b06bPNaPmWA,Nanthu Vlogs,https://cn.noxinfluencer.com/youtube/channel/UCV2DufS2qAc_b06bPNaPmWA,2,badcase,以故事内容为主，仅有弱宠物词，整体不适合宠物食品推广
316,UCrvOlLkW9m1WqyyBD53iBUw,Hoàng Thị Bình - live with nature,https://cn.noxinfluencer.com/youtube/channel/UCrvOlLkW9m1WqyyBD53iBUw,0,badcase,山居建造频道，和宠物食品推广无关
317,UCPxytmRgtUQB_g-O-iTteMA,BW Integrated Systems,https://cn.noxinfluencer.com/youtube/channel/UCPxytmRgtUQB_g-O-iTteMA,0,badcase,工业自动化与机器人频道，不适合宠物食品推广
318,UCdRqpaDnT3J7WDW32A2ewwg,Flexible Packaging Solutions by BW Packaging,https://cn.noxinfluencer.com/youtube/channel/UCdRqpaDnT3J7WDW32A2ewwg,0,badcase,包装机械偏B2B工业，不是宠物食品受众
324,UC4nsNFTCouVrHHDOkTDVACA,Joy Meme Workshop,https://cn.noxinfluencer.com/youtube/channel/UC4nsNFTCouVrHHDOkTDVACA,-15,badcase,娱乐/meme频道，内容形态与宠物食品推广明显不匹配
325,UCQGEbYjSGj-sdxZgM0h5qow,Timeline of Life,https://cn.noxinfluencer.com/youtube/channel/UCQGEbYjSGj-sdxZgM0h5qow,-10,badcase,野生动物/娱乐向，宠物食品推广关联弱且受众不准
326,UCq_FFmw8L0buW4c-G3AknHw,Deal Discoveries,https://cn.noxinfluencer.com/youtube/channel/UCq_FFmw8L0buW4c-G3AknHw,0,badcase,偏旅游购物测评，缺少宠物或饲料语境
327,UCqT3Z6z9z4YJO4R40_R6v3w,Reaxion Mode,https://cn.noxinfluencer.com/youtube/channel/UCqT3Z6z9z4YJO4R40_R6v3w,-15,badcase,人类吃播娱乐向，与宠物食品推广明显不符
329,UCEVWaifgWAW8dyhIEvB7XUw,Mini la Chihuahua,https://cn.noxinfluencer.com/youtube/channel/UCEVWaifgWAW8dyhIEvB7XUw,-13,badcase,宠物娱乐搞笑频道，无宠物食品、营养或购买意图信号
330,UC2OMJz7q7-tmWZF1-Hfh2kw,Gigsberg,https://cn.noxinfluencer.com/youtube/channel/UC2OMJz7q7-tmWZF1-Hfh2kw,0,badcase,副业赚钱频道，与宠物食品无关
331,UCIEiE-hnAUXUZNNeMJsZBYA,Frank Tufano,https://cn.noxinfluencer.com/youtube/channel/UCIEiE-hnAUXUZNNeMJsZBYA,-14,badcase,人类饮食频道，缺少宠物消费语境，和宠物食品不匹配
332,UC6SLTOEgOIMuHtq_DizMaUg,Understand The Videos,https://cn.noxinfluencer.com/youtube/channel/UC6SLTOEgOIMuHtq_DizMaUg,-13,badcase,宠物娱乐频道，偏搞笑传播，不适合宠物食品投放
333,UCfTh23eacJNC-cyJeiY5inA,5Strands,https://cn.noxinfluencer.com/youtube/channel/UCfTh23eacJNC-cyJeiY5inA,-14,badcase,人类健康检测频道，与宠物食品投放场景不匹配
336,UCUSnM9HRSr7yu9qL6g-pUug,Pawsie Shorts,https://cn.noxinfluencer.com/youtube/channel/UCUSnM9HRSr7yu9qL6g-pUug,0,badcase,无标签无内容，缺乏宠物食品推广相关证据
338,UCbtaKH5bkLwGuq7g1mSsl5g,"R&D Equipment Company, Inc.",https://cn.noxinfluencer.com/youtube/channel/UCbtaKH5bkLwGuq7g1mSsl5g,-15,badcase,工业油加工频道，和宠物食品推广明显不匹配
339,UCBaFxoddQ4LrB5ZCj-Y4uXQ,Hungarian Silent Trucker,https://cn.noxinfluencer.com/youtube/channel/UCBaFxoddQ4LrB5ZCj-Y4uXQ,0,badcase,无标签无内容，无法支持宠物食品推广
340,UCsMb14REtFd57IIPC19Lrww,GamingDude,https://cn.noxinfluencer.com/youtube/channel/UCsMb14REtFd57IIPC19Lrww,0,badcase,游戏频道与宠物食品推广无关
341,UCnAGi4A-cH-yyn4HsTjX8lA,Splashi,https://cn.noxinfluencer.com/youtube/channel/UCnAGi4A-cH-yyn4HsTjX8lA,-15,badcase,人类吃播/挑战类频道，和宠物食品投放明显不符
344,UCZnIhy_MBWiHj03Bn10AMDA,Joyful Gardening w/White Socks & Charlie,https://cn.noxinfluencer.com/youtube/channel/UCZnIhy_MBWiHj03Bn10AMDA,1,badcase,只有泛宠物语义，缺少宠粮意图，相关性偏弱
345,UCDLseqd38teePlEMt7IJ7Rg,Pet Lovers,https://cn.noxinfluencer.com/youtube/channel/UCDLseqd38teePlEMt7IJ7Rg,0,badcase,无标签无内容证据，难判断且缺少宠物食品信号
347,UCgdqQaSK8_OPflrvaF6rCMw,Great Lakes Country,https://cn.noxinfluencer.com/youtube/channel/UCgdqQaSK8_OPflrvaF6rCMw,1,badcase,以人类烹饪和罐藏为主，与宠物食品推广不匹配
348,UCd_v688n6hh9tJzcElhudHw,BOEVAN PACK,https://cn.noxinfluencer.com/youtube/channel/UCd_v688n6hh9tJzcElhudHw,0,badcase,无标签无内容线索，无法判断为宠物食品相关
350,UC4qLWOiNXLjxr8FUsYu3LwQ,Auranest,https://cn.noxinfluencer.com/youtube/channel/UC4qLWOiNXLjxr8FUsYu3LwQ,1,badcase,家居烹饪为主，只有泛食物标签，宠物食品相关性弱
354,UCIDoAVV5h-0abfoOvtfar7g,Chegwidden Ghazvini,https://cn.noxinfluencer.com/youtube/channel/UCIDoAVV5h-0abfoOvtfar7g,0,badcase,无标签无内容，缺少任何宠物食品相关信号
355,UCpFMCKhcvrazpV0cwp6P77g,Doodle Miracle,https://cn.noxinfluencer.com/youtube/channel/UCpFMCKhcvrazpV0cwp6P77g,0,badcase,手绘娱乐向频道，仅有泛化 food，和宠物食品不相关
359,UCq_rKp31yexFOP0RrMIWFJw,Chicken Soup for the Soul,https://cn.noxinfluencer.com/youtube/channel/UCq_rKp31yexFOP0RrMIWFJw,-9,badcase,主轴是娱乐影视，宠物食品仅有弱标签，不适合投放
362,UC631Zwm3wIi_RmlZHYw8_sQ,V Ggg,https://cn.noxinfluencer.com/youtube/channel/UC631Zwm3wIi_RmlZHYw8_sQ,0,badcase,无有效标签，缺少宠物食品相关性
364,UCcHwQCcBKcSVO3pJMXixwUA,Farm life anh,https://cn.noxinfluencer.com/youtube/channel/UCcHwQCcBKcSVO3pJMXixwUA,0,badcase,农场生活向，偏农业场景，不是宠物食品受众
366,UCVHd4zkGrg3l_C4Du9ZaQJg,Go Camp Rina,https://cn.noxinfluencer.com/youtube/channel/UCVHd4zkGrg3l_C4Du9ZaQJg,-14,badcase,娱乐故事/AI频道为主，仅有cat弱相关，宠物食品推广不适配
370,UClVyQ3tsIIaq99YHT_SHmZQ,Very Cool Woman,https://cn.noxinfluencer.com/youtube/channel/UClVyQ3tsIIaq99YHT_SHmZQ,0,badcase,无宠物食品相关标签或内容，缺少推广场景信号
371,UC56M81Rl9y3ADSXjvKmT5_g,The Stray Buffet,https://cn.noxinfluencer.com/youtube/channel/UC56M81Rl9y3ADSXjvKmT5_g,0,badcase,无标签、标题或近期内容证据，无法支持宠物食品推广
379,UCAtbFIb5qxsurD7YIlcdKvA,Xiaoyong's Daily Life,https://cn.noxinfluencer.com/youtube/channel/UCAtbFIb5qxsurD7YIlcdKvA,-15,badcase,纯娱乐家庭游戏向，与宠粮推广明显不符
380,UC4e0-Ex5jRs9unGKD23pCTw,Raw Bistro,https://cn.noxinfluencer.com/youtube/channel/UC4e0-Ex5jRs9unGKD23pCTw,0,badcase,无标签和视频证据，无法确认宠物食品推广相关性
381,UCJaqtTw0AenRgXxrNNbOlAg,BMC TV-SHOW,https://cn.noxinfluencer.com/youtube/channel/UCJaqtTw0AenRgXxrNNbOlAg,-15,badcase,纯娱乐搞笑动物内容，与宠物食品购买/测评语境不符
382,UCu3D4dTpDkoTgowP3x0tytw,Pom Pom Brothers,https://cn.noxinfluencer.com/youtube/channel/UCu3D4dTpDkoTgowP3x0tytw,0,badcase,无标签无内容信号，无法判断为宠物食品相关
384,UCKiIaWdU2lhBRwYGgslu3LQ,JJZ H,https://cn.noxinfluencer.com/youtube/channel/UCKiIaWdU2lhBRwYGgslu3LQ,1,badcase,仅有泛food弱相关，主要是人类美食内容
387,UC0UEK4O_uRF8gKeqtaoBMSQ,Alltech,https://cn.noxinfluencer.com/youtube/channel/UC0UEK4O_uRF8gKeqtaoBMSQ,0,badcase,科技泛频道，宠物标签埋后，宠物食品关联弱
388,UC4Pv2_x9OGhBSoe1Rt_U5IQ,Joey Slay Em,https://cn.noxinfluencer.com/youtube/channel/UC4Pv2_x9OGhBSoe1Rt_U5IQ,-3,badcase,仅有泛宠物/鱼缸场景，主标签偏钓鱼，缺少宠物食品推广意图
389,UCWtTkrJdAbRvJqhyN9gpIvg,Crocodile GuanGuan,https://cn.noxinfluencer.com/youtube/channel/UCWtTkrJdAbRvJqhyN9gpIvg,2,badcase,以鳄鱼/搞笑/游戏为主，宠物食品受众不匹配
392,UCk6eDzbrH8Z3PU7-7pf7QUg,Freight Relocators Live,https://cn.noxinfluencer.com/youtube/channel/UCk6eDzbrH8Z3PU7-7pf7QUg,0,badcase,卡车搬运内容，与宠物食品受众不匹配
393,UCn6ROiPgCiE0RtvcfavGTZw,Horog Julien,https://cn.noxinfluencer.com/youtube/channel/UCn6ROiPgCiE0RtvcfavGTZw,0,badcase,无标签无内容，无法判断相关性
395,UCWbXNkO5rJelUe1dpGqFHrA,Gleaming Echoes,https://cn.noxinfluencer.com/youtube/channel/UCWbXNkO5rJelUe1dpGqFHrA,0,badcase,无标签无内容，缺少任何相关信号
396,UCvBBbyTZxH1CYIfSNsMlzEQ,Maz,https://cn.noxinfluencer.com/youtube/channel/UCvBBbyTZxH1CYIfSNsMlzEQ,0,badcase,无标签无内容，缺少宠物食品相关信号
397,UCNrN8cBTkOfdEaON9z0PCyQ,Pura fishing,https://cn.noxinfluencer.com/youtube/channel/UCNrN8cBTkOfdEaON9z0PCyQ,-15,badcase,儿童童话娱乐频道，和宠物食品推广目标明显不符
398,UCcEXzVtLrZVpDOiasnR-DMw,GS BuPi,https://cn.noxinfluencer.com/youtube/channel/UCcEXzVtLrZVpDOiasnR-DMw,-15,badcase,ASMR+手工感内容，和宠物食品推广的购买场景不匹配
401,UCJz3BHgt8CPEDO8pEXcjFhA,SoloDarlingCreates,https://cn.noxinfluencer.com/youtube/channel/UCJz3BHgt8CPEDO8pEXcjFhA,0,badcase,无标签、无相关视频、无近期内容，缺少宠物食品推广相关证据
402,UClK07BI7jiK5CAmr7I-VsrQ,Scoop the Reporter,https://cn.noxinfluencer.com/youtube/channel/UClK07BI7jiK5CAmr7I-VsrQ,-14,badcase,以娱乐短视频为主，仅有宠物泛标签，推广宠物食品不合适
403,UCgFwilOGp9I8HDSQROelxLw,10+ Years Manufacturer of Filling Packing Machines,https://cn.noxinfluencer.com/youtube/channel/UCgFwilOGp9I8HDSQROelxLw,-10,badcase,包装机械制造商，与宠物食品推广创作者场景不匹配
404,UCYUQHGfaak-Ru5v-S2a9wfg,Pet Park,https://cn.noxinfluencer.com/youtube/channel/UCYUQHGfaak-Ru5v-S2a9wfg,-3,badcase,宠物相关但偏AI娱乐兔子内容，缺少宠物食品推广意图
405,UCDVN2aauibjH09ekBNyVkyg,Factory World,https://cn.noxinfluencer.com/youtube/channel/UCDVN2aauibjH09ekBNyVkyg,0,badcase,无标签、视频或近期内容证据支持宠物食品推广相关性
406,UC7ruXDIHUdk6EbyklV_n9Ow,Aleena Bokhari,https://cn.noxinfluencer.com/youtube/channel/UC7ruXDIHUdk6EbyklV_n9Ow,0,badcase,无标签与内容证据，无法支持宠物食品推广
408,UC28Z85Z9yaFkhS9eQ4kZl6A,Musemeche Perry,https://cn.noxinfluencer.com/youtube/channel/UC28Z85Z9yaFkhS9eQ4kZl6A,0,badcase,无标签、无相关视频、无近期内容证据支持宠物食品推广
409,UCHtp_sQTMARGOtCwL81EtSQ,Petliking Official,https://cn.noxinfluencer.com/youtube/channel/UCHtp_sQTMARGOtCwL81EtSQ,0,badcase,缺少标签、视频和近期内容证据，无法确认宠物食品推广相关性
411,UCV18GT81oww3kiymsouOrDg,Smart-Packer No.1 Packaging Machines Factory,https://cn.noxinfluencer.com/youtube/channel/UCV18GT81oww3kiymsouOrDg,0,badcase,工业包装设备频道，与宠物食品推广场景不相关
413,UCYt0r_TWxe0ucKdUlBGq44w,California Bountiful TV,https://cn.noxinfluencer.com/youtube/channel/UCYt0r_TWxe0ucKdUlBGq44w,-14,badcase,人类食谱与农产品内容为主，缺少宠物食品推广语境
415,UCaSQo6O1elu-SJ1NoOjJsUQ,Pet Brand Podcast,https://cn.noxinfluencer.com/youtube/channel/UCaSQo6O1elu-SJ1NoOjJsUQ,0,badcase,仅频道名相关，无标签或内容证据支持宠物食品推广
416,UCTTuT3RK8AxE1PAwB4AQ-Hg,GOOD VIDEO,https://cn.noxinfluencer.com/youtube/channel/UCTTuT3RK8AxE1PAwB4AQ-Hg,0,badcase,无相关标签与内容，无法支撑宠物食品推广
417,UCwzhGbteG_XHux7OIzeAEwQ,Miskey's Muse,https://cn.noxinfluencer.com/youtube/channel/UCwzhGbteG_XHux7OIzeAEwQ,0,badcase,手作缝纫类频道，与宠物食品推广无关
418,UC-1EKNRui_2lYdY_BR1vaOA,Yapper,https://cn.noxinfluencer.com/youtube/channel/UC-1EKNRui_2lYdY_BR1vaOA,-15,badcase,娱乐搞笑向，促销场景错位，不适合宠物食品
419,UC_iW-ALuIjl1tGiVTyMBPRw,Pranks Invasion,https://cn.noxinfluencer.com/youtube/channel/UC_iW-ALuIjl1tGiVTyMBPRw,-15,badcase,恶搞娱乐频道，和宠物食品投放不匹配
420,UCsyZlNZkExGLcRhJ_iLU6sw,U.S. Packaging Machine Video Hub,https://cn.noxinfluencer.com/youtube/channel/UCsyZlNZkExGLcRhJ_iLU6sw,1,badcase,仅泛食品标签，无宠物食品或宠物护理推广意图
423,UCyst1ynLjy0CuJ65tnvQRsA,Julian Lowenthal,https://cn.noxinfluencer.com/youtube/channel/UCyst1ynLjy0CuJ65tnvQRsA,-15,badcase,娱乐搞笑频道，和宠物食品推广场景基本不匹配
424,UCjhqgUE5lG_lkuZ5yyiaLuw,POBRE AMBISYOSA TV,https://cn.noxinfluencer.com/youtube/channel/UCjhqgUE5lG_lkuZ5yyiaLuw,-12,badcase,ASMR/吃播型频道，属于明显的投放形式错配
425,UCDJFA2v9_H7paGusl9kA5YA,Mama Bear Prepper,https://cn.noxinfluencer.com/youtube/channel/UCDJFA2v9_H7paGusl9kA5YA,1,badcase,偏人类囤粮与备灾，不适合宠物食品投放
427,UCvpQIdzIWVssBfp6UGOA3aQ,Mizashi Xigumu,https://cn.noxinfluencer.com/youtube/channel/UCvpQIdzIWVssBfp6UGOA3aQ,0,badcase,无标签、标题或近期内容证据，无法支持宠物食品推广
428,UCZkDYigbsq-1IJ77ClO4pdQ,Rigoni Kanosh,https://cn.noxinfluencer.com/youtube/channel/UCZkDYigbsq-1IJ77ClO4pdQ,0,badcase,无标签、标题或近期内容证据，无法支持宠物食品推广
429,UCI6SFp6cEZHKHDzFwcCxt_Q,Floofy Paw Hub,https://cn.noxinfluencer.com/youtube/channel/UCI6SFp6cEZHKHDzFwcCxt_Q,0,badcase,无标签、无相关视频或近期内容证据，无法支持宠物食品推广
433,UCIlP2zOEAUj9dilz9Z-s8fw,Thalia Reyes,https://cn.noxinfluencer.com/youtube/channel/UCIlP2zOEAUj9dilz9Z-s8fw,0,badcase,美妆生活频道，与宠物食品目标人群不相关
434,UCz6DpsthEQRlpKN68z5f5zA,Farm & Home Supply Co,https://cn.noxinfluencer.com/youtube/channel/UCz6DpsthEQRlpKN68z5f5zA,0,badcase,供应/钓鱼/旅行标签泛化，缺少宠物受众信号
435,UCyLAascw5_yXdGTSXoUdsag,Huniju Tuzafi,https://cn.noxinfluencer.com/youtube/channel/UCyLAascw5_yXdGTSXoUdsag,0,badcase,无标签无内容，无法判断且不具相关性
436,UCGksBxNZse0e-OEW-PfY6kA,Tapestry of Tails,https://cn.noxinfluencer.com/youtube/channel/UCGksBxNZse0e-OEW-PfY6kA,0,badcase,无宠物食品相关信号，标签与内容信息不足
437,UC-CnTWnm1ybPng-ZVrzrVVQ,Wanome Hixini,https://cn.noxinfluencer.com/youtube/channel/UC-CnTWnm1ybPng-ZVrzrVVQ,0,badcase,无宠物食品相关信号，标签与内容信息不足
439,UCIFX-DGqlGnhsdRm9Zc2djg,Golden Retriever Vc,https://cn.noxinfluencer.com/youtube/channel/UCIFX-DGqlGnhsdRm9Zc2djg,-12,badcase,汽车ASMR内容与宠物食品推广场景不匹配
441,UCZ8vmJ5KT4XC7fLvuXTbOqQ,Battle Team,https://cn.noxinfluencer.com/youtube/channel/UCZ8vmJ5KT4XC7fLvuXTbOqQ,-15,badcase,科技安防频道，和宠物食品受众不匹配
443,UCCoR1uMn6lztRmoc7EmUFiQ,WEIMI Smart Vending Micron Smart Vending,https://cn.noxinfluencer.com/youtube/channel/UCCoR1uMn6lztRmoc7EmUFiQ,-15,badcase,售货机业务频道，和宠物食品投放场景无关
447,UCwcvfG76PhVkfb3_pqewWqw,JTD PACK,https://cn.noxinfluencer.com/youtube/channel/UCwcvfG76PhVkfb3_pqewWqw,0,badcase,无标签、相关视频或近期内容，缺少宠物食品推广相关证据
448,UC-vR5TYg-yq3v1he90Q7e7A,Smart Investing,https://cn.noxinfluencer.com/youtube/channel/UC-vR5TYg-yq3v1he90Q7e7A,-15,badcase,游戏频道，主题与宠物食品推广明显不匹配
449,UCDiMp0DoWK6yQhgHU8DIJ8g,The Donna Drake Show Live It Up,https://cn.noxinfluencer.com/youtube/channel/UCDiMp0DoWK6yQhgHU8DIJ8g,-5,badcase,娱乐电视访谈频道，food泛化且无宠物食品推广语境
453,UCn-9PpjgZpbjN2_PWTDesJA,Ryan Coomer,https://cn.noxinfluencer.com/youtube/channel/UCn-9PpjgZpbjN2_PWTDesJA,-9,badcase,音乐娱乐为主，宠物食品投放场景明显不匹配
455,UC1MS01D67J8mdBktuUBYJbw,Golden Retriever Eat TV,https://cn.noxinfluencer.com/youtube/channel/UC1MS01D67J8mdBktuUBYJbw,-6,badcase,ASMR喂食/吃音频为主，格式与商品投放明显冲突
456,UCVBr0qoBjTkpRKERR5wVPfg,SDCCU,https://cn.noxinfluencer.com/youtube/channel/UCVBr0qoBjTkpRKERR5wVPfg,0,badcase,金融抽奖频道，与宠物食品推广无关
457,UCdQ5pD6Uh8ESQEwAgeh_mMA,Insects and Invaders,https://cn.noxinfluencer.com/youtube/channel/UCdQ5pD6Uh8ESQEwAgeh_mMA,0,badcase,无宠物食品相关信号，主题不匹配
459,UC7j8SnlKscF6Er2_FYZHXfg,Adventures with Blake,https://cn.noxinfluencer.com/youtube/channel/UC7j8SnlKscF6Er2_FYZHXfg,-10,badcase,ASMR儿童玩乐频道，明显不适合宠物食品推广
461,UC6r3JyzXqjQrUge544aHYXw,Ragdoll adventures,https://cn.noxinfluencer.com/youtube/channel/UC6r3JyzXqjQrUge544aHYXw,-8,badcase,仅有泛宠物受众，主标签偏娱乐/野生动物，缺少宠物食品意图
462,UC2GHJWSFxMr9_J_VzZws7LQ,Alex Can,https://cn.noxinfluencer.com/youtube/channel/UC2GHJWSFxMr9_J_VzZws7LQ,0,badcase,无标签、无相关标题，缺乏宠物食品推广相关性
463,UCqAuw5KBlOIMSM-pRBYMQtw,KHAlib Pontino,https://cn.noxinfluencer.com/youtube/channel/UCqAuw5KBlOIMSM-pRBYMQtw,0,badcase,无宠物食品相关标签或内容信号，缺乏推广相关性
464,UCJmU7zL87c-vTJM9NsBgEGw,Noemi Ellauri03,https://cn.noxinfluencer.com/youtube/channel/UCJmU7zL87c-vTJM9NsBgEGw,-4,badcase,娱乐向宠物频道，缺少宠物食品购买或测评意图
467,UCLY6M4NSBXSKS-AXAJzTqcA,Plant Based Briefing,https://cn.noxinfluencer.com/youtube/channel/UCLY6M4NSBXSKS-AXAJzTqcA,0,badcase,植物基资讯频道，与宠物食品投放目标不符
472,UChoKE8Gz_UzjiXoTOreOH_A,Judy Jack,https://cn.noxinfluencer.com/youtube/channel/UChoKE8Gz_UzjiXoTOreOH_A,0,badcase,无标签无内容，无法判断与宠物食品推广相关
474,UCKz96dNsOimbjCaAICR27Mg,Kider,https://cn.noxinfluencer.com/youtube/channel/UCKz96dNsOimbjCaAICR27Mg,0,badcase,无标签无内容，缺乏宠物食品推广相关证据
475,UClIa3XbxdxbKdGstuL8VcFw,Random Commercials,https://cn.noxinfluencer.com/youtube/channel/UClIa3XbxdxbKdGstuL8VcFw,0,badcase,仅有商业名称，无宠物食品相关主题信号
477,UCiO4HZt86OlWCSpUlUqLn-g,The SAM Cooking,https://cn.noxinfluencer.com/youtube/channel/UCiO4HZt86OlWCSpUlUqLn-g,0,badcase,烹饪人类食品向，和宠物食品投放目标不匹配
479,UCqFaHhOf6tH6VvefzL-h_zg,TODO MONDE,https://cn.noxinfluencer.com/youtube/channel/UCqFaHhOf6tH6VvefzL-h_zg,1,badcase,仅有泛food标签，主体是旅行艺术幽默，和宠物食品弱相关
480,UCaWwsHlAbGpCig705EgYEqg,Secia New Material,https://cn.noxinfluencer.com/youtube/channel/UCaWwsHlAbGpCig705EgYEqg,0,badcase,材料类频道，与宠物食品受众和场景都无关
481,UCwu93Q8eYi74z6FGdqgejyg,Sh Syorn,https://cn.noxinfluencer.com/youtube/channel/UCwu93Q8eYi74z6FGdqgejyg,0,badcase,无宠物或宠粮相关线索
482,UCepGpPIaAWQmu1LK-7c8vXQ,PetZen,https://cn.noxinfluencer.com/youtube/channel/UCepGpPIaAWQmu1LK-7c8vXQ,0,badcase,无标签、视频或近期内容证据，无法证明适合宠物食品推广
483,UCnU-FiTubPnXFQq5FcorSEA,Pets Funny World,https://cn.noxinfluencer.com/youtube/channel/UCnU-FiTubPnXFQq5FcorSEA,0,badcase,无标签、标题或近期内容证据，无法判断适合宠物食品推广
485,UCbV7vx-KosNgl2ANLLPKm0g,Echo Machinery | Food Packaging Machines,https://cn.noxinfluencer.com/youtube/channel/UCbV7vx-KosNgl2ANLLPKm0g,-5,badcase,机械包装频道，和宠粮推广受众不匹配
487,UClP7IOjRIS_6cX8tnqUqciQ,CASHYMART,https://cn.noxinfluencer.com/youtube/channel/UClP7IOjRIS_6cX8tnqUqciQ,0,badcase,无标签无内容，缺少宠物食品相关证据
488,UCAgMgjYGbSyjf-hP8S4YDhQ,Your Life is your Creation!,https://cn.noxinfluencer.com/youtube/channel/UCAgMgjYGbSyjf-hP8S4YDhQ,0,badcase,无标签无内容，缺少宠物食品相关证据
491,UCNMhs8Uw0zftRMU84bmbl5g,Feeding Raven Doodles,https://cn.noxinfluencer.com/youtube/channel/UCNMhs8Uw0zftRMU84bmbl5g,0,badcase,无标签、标题或近期内容证据，无法支持宠物食品推广
492,UCD2NozhvKQEsnIuOWR48uWQ,Hari Daily Life,https://cn.noxinfluencer.com/youtube/channel/UCD2NozhvKQEsnIuOWR48uWQ,0,badcase,农业烹饪生活类，和宠物食品推广不匹配
494,UCS4SWx50PsXc9SkDIAQ-z6w,Seamless eCommerce Automations by WebBee,https://cn.noxinfluencer.com/youtube/channel/UCS4SWx50PsXc9SkDIAQ-z6w,0,badcase,B2B电商自动化，和宠物食品受众无关
495,UCIJ0zXQLTb8li_o6gy98tWg,The Bao Crew,https://cn.noxinfluencer.com/youtube/channel/UCIJ0zXQLTb8li_o6gy98tWg,0,badcase,无标签、相关视频或近期内容证据，无法判断适合宠物食品推广
497,UCGEp7d_WRrwLq-2ZrDsdjrw,TotoHamsterJourney,https://cn.noxinfluencer.com/youtube/channel/UCGEp7d_WRrwLq-2ZrDsdjrw,0,badcase,无标签、标题或近期内容证据支持宠物食品推广
500,UCZdHU6hsPAEwNZzahFjXSYw,goodtime777,https://cn.noxinfluencer.com/youtube/channel/UCZdHU6hsPAEwNZzahFjXSYw,0,badcase,频道信息过泛，缺少宠物或宠粮相关信号
2251,UCNPl63Dw6W4bFHvhYupu1Bg,React N RelateTV,https://cn.noxinfluencer.com/youtube/channel/UCNPl63Dw6W4bFHvhYupu1Bg,-13,badcase,娱乐/ASMR/mukbang频道，缺少宠物食品购买或测评意图
2253,UCNUOHoX9vnbLcEPAHciOnCg,Green Life BK,https://cn.noxinfluencer.com/youtube/channel/UCNUOHoX9vnbLcEPAHciOnCg,0,badcase,无标签、标题或近期内容证据，无法支持宠物食品推广
2254,UCNUWYZA8e0LEmCErGnoCXkQ,Jeffroid,https://cn.noxinfluencer.com/youtube/channel/UCNUWYZA8e0LEmCErGnoCXkQ,0,badcase,无标签、无相关视频，缺乏宠物食品推广相关信号
2255,UCNUYpeH8nxV3EINu8lNsLgA,Life with Eny,https://cn.noxinfluencer.com/youtube/channel/UCNUYpeH8nxV3EINu8lNsLgA,0,badcase,无宠物食品相关标签或内容，缺少推广匹配证据
2256,UCNWAErY-HkpRfP_-9sXBEAg,KHUN CHAIY,https://cn.noxinfluencer.com/youtube/channel/UCNWAErY-HkpRfP_-9sXBEAg,0,badcase,无标签和内容，缺少宠物食品推广相关证据
2258,UCNWI6Zs8juSzqkUrC1CqmAA,INSTINCT MINDS,https://cn.noxinfluencer.com/youtube/channel/UCNWI6Zs8juSzqkUrC1CqmAA,0,badcase,无标签无内容，无法建立宠物食品相关性
2260,UCNXfoNWSjfya2-xxN3_uliA,👑Queen B. Day🐾,https://cn.noxinfluencer.com/youtube/channel/UCNXfoNWSjfya2-xxN3_uliA,0,badcase,仅有宠物感名称，无标签和内容证据
2261,UCNYZTC9bZ0l3u8pEXz1NAcg,Easy Healthy & Delicious,https://cn.noxinfluencer.com/youtube/channel/UCNYZTC9bZ0l3u8pEXz1NAcg,-10,badcase,人类健康饮食频道，与宠粮推广受众明显错位
2263,UCNabv_OmcP3aTvJ5_gmVKxw,Meilleur,https://cn.noxinfluencer.com/youtube/channel/UCNabv_OmcP3aTvJ5_gmVKxw,0,badcase,无标签无内容，无法判断宠物食品相关性
2264,UCNalvig1uQIQaTOuCNquo0Q,Mumuah~,https://cn.noxinfluencer.com/youtube/channel/UCNalvig1uQIQaTOuCNquo0Q,0,badcase,无标签无内容，无法判断宠物食品相关性
2265,UCNbRn2hCzqgnZcEDhTlXieA,Khatiya Korner,https://cn.noxinfluencer.com/youtube/channel/UCNbRn2hCzqgnZcEDhTlXieA,1,badcase,人类烹饪/钓鱼内容，仅有泛食品类弱相关
2266,UCNdKWTvOGgE0CrpBTTOtHJg,Eurofins US Food Group,https://cn.noxinfluencer.com/youtube/channel/UCNdKWTvOGgE0CrpBTTOtHJg,0,badcase,标签仅知识/健康/商业，无宠物食品相关受众或购买语境
2267,UCNdh5AzE6SHLalQB4bzeCqw,BoltieBolt,https://cn.noxinfluencer.com/youtube/channel/UCNdh5AzE6SHLalQB4bzeCqw,-9,badcase,宠物娱乐+ASMR导向，偏表演而非宠物食品推广
2268,UCNeInJ0Wcuoj0bQTONH8sFA,HePlaysIt,https://cn.noxinfluencer.com/youtube/channel/UCNeInJ0Wcuoj0bQTONH8sFA,0,badcase,无标签无内容线索，无法判断宠物食品相关性
2273,UCNi0fmF44zlseNeaF512zrA,Destination Fulltime,https://cn.noxinfluencer.com/youtube/channel/UCNi0fmF44zlseNeaF512zrA,0,badcase,房车生活与宠物食品推广场景不相关
2275,UCNjnDhgKqV0yAeV98bXQpsw,RDRNEXUS,https://cn.noxinfluencer.com/youtube/channel/UCNjnDhgKqV0yAeV98bXQpsw,0,badcase,游戏频道与宠物食品推广无关
2277,UCNkO2uz1M31ONz4fL6uYo-Q,MonkeyLillianLouise,https://cn.noxinfluencer.com/youtube/channel/UCNkO2uz1M31ONz4fL6uYo-Q,-15,badcase,猴类内容，和宠物食品投放目标不匹配
2280,UCNm6W6kFDSN9_fHszNQ4OEA,Cat club,https://cn.noxinfluencer.com/youtube/channel/UCNm6W6kFDSN9_fHszNQ4OEA,-7,badcase,猫搞笑娱乐频道，无宠物食品/喂养/营养证据
2281,UCNm_FeqN72B71R_aTYwDh_Q,Escalate Capital,https://cn.noxinfluencer.com/youtube/channel/UCNm_FeqN72B71R_aTYwDh_Q,-15,badcase,业务/电视秀频道，和宠物食品推广场景明显不符
2284,UCNqw1ucZBUP50IXhWHXwQbA,rocksiphone,https://cn.noxinfluencer.com/youtube/channel/UCNqw1ucZBUP50IXhWHXwQbA,0,badcase,无相关标签和内容，缺少宠物食品推广信号
2286,UCNvvWGRW5KZ0AfesPzccRvA,Changing Methods,https://cn.noxinfluencer.com/youtube/channel/UCNvvWGRW5KZ0AfesPzccRvA,0,badcase,新闻娱乐向，无宠物食品相关信号
2288,UCNw_hMqKKBVv06HUB9yJsDQ,Cosmic Glare New,https://cn.noxinfluencer.com/youtube/channel/UCNw_hMqKKBVv06HUB9yJsDQ,0,badcase,无标签、相关标题或近期内容证据，无法支持宠物食品推广
2289,UCNwbLowTVyc6tVYAcFEGTUQ,FlushMind HealthTips,https://cn.noxinfluencer.com/youtube/channel/UCNwbLowTVyc6tVYAcFEGTUQ,0,badcase,无标签、相关视频或近期内容证据，无法支持宠物食品推广
2290,UCNxfIwzEmWPqqLHO3hwbPeA,Moriarty Family Fans,https://cn.noxinfluencer.com/youtube/channel/UCNxfIwzEmWPqqLHO3hwbPeA,0,badcase,无标签、标题或近期内容证据支持宠物食品推广相关性
2291,UCNyD8OIbbOwgjQ7q93RAv6w,Stewbeck Reflections,https://cn.noxinfluencer.com/youtube/channel/UCNyD8OIbbOwgjQ7q93RAv6w,-2,badcase,仅宠物/兔子弱相关，偏动物短视频娱乐，缺少宠物食品推广语境
2292,UCO-5CYjhf56OI7TV1a2df1Q,Amazon 2025 Discount Hub,https://cn.noxinfluencer.com/youtube/channel/UCO-5CYjhf56OI7TV1a2df1Q,0,badcase,宗教短视频，和宠物食品推广无关
2294,UCO1SasMJdmlfrCS5pNJJFQA,TommyBryson,https://cn.noxinfluencer.com/youtube/channel/UCO1SasMJdmlfrCS5pNJJFQA,0,badcase,金融商业内容，与宠物食品推广无关
2295,UCO1WGqiQlmm5cpRDLmNWL1A,Furry Fables,https://cn.noxinfluencer.com/youtube/channel/UCO1WGqiQlmm5cpRDLmNWL1A,0,badcase,无标签无内容，无法建立宠物食品相关性
2296,UCO3tVM3I2-ucusIp68a_p1g,Star Pet Club,https://cn.noxinfluencer.com/youtube/channel/UCO3tVM3I2-ucusIp68a_p1g,0,badcase,无标签与内容证据，无法判断与宠物食品相关
2297,UCO44F8RJ2cgM8iwvp5JYI8g,Nashville PBS,https://cn.noxinfluencer.com/youtube/channel/UCO44F8RJ2cgM8iwvp5JYI8g,0,badcase,公共电视娱乐向，和宠物食品推广关联弱
2298,UCO49SnRCiNRiRO3FPfWLCGw,Net Trends Daily,https://cn.noxinfluencer.com/youtube/channel/UCO49SnRCiNRiRO3FPfWLCGw,0,badcase,孕产生活标签，和宠物食品无明显关系
2302,UCO7QcFOxqH6WLVyBjJ6oGjw,The Pawsome Show,https://cn.noxinfluencer.com/youtube/channel/UCO7QcFOxqH6WLVyBjJ6oGjw,0,badcase,无标签和内容证据，无法判断与宠物食品推广相关
2303,UCO8QVJrWsUMs6KM6fxO5nyw,health🧠 memory,https://cn.noxinfluencer.com/youtube/channel/UCO8QVJrWsUMs6KM6fxO5nyw,0,badcase,无标签和内容证据，和宠物食品推广无关
2304,UCO8lXo5DYw2GJh6LR68L_OA,iSelectFund,https://cn.noxinfluencer.com/youtube/channel/UCO8lXo5DYw2GJh6LR68L_OA,0,badcase,农业科技偏B端，与宠物食品消费推广场景不符
2305,UCOA5u1CDj_Sy1hDbsYaglNA,Phillip Silverstone,https://cn.noxinfluencer.com/youtube/channel/UCOA5u1CDj_Sy1hDbsYaglNA,0,badcase,娱乐影视时尚向，和宠物食品投放场景弱相关
2306,UCODEnmBa1QjecDau3qck9Mg,Tail Tale,https://cn.noxinfluencer.com/youtube/channel/UCODEnmBa1QjecDau3qck9Mg,0,badcase,无标签且无相关视频，缺乏宠物食品推广信号
2307,UCODI8AVdlbgTZMCTvpny5Iw,Downtown Dvo,https://cn.noxinfluencer.com/youtube/channel/UCODI8AVdlbgTZMCTvpny5Iw,0,badcase,无标签、无相关视频，缺乏宠物食品推广相关性
2308,UCOEfD-jwP8ivu0KwGNPgVdg,Truly Dana,https://cn.noxinfluencer.com/youtube/channel/UCOEfD-jwP8ivu0KwGNPgVdg,0,badcase,无标签、无标题，缺少宠粮推广相关信号
2310,UCOIcdUqBYfle-rc0x4vfQbQ,izzoaum,https://cn.noxinfluencer.com/youtube/channel/UCOIcdUqBYfle-rc0x4vfQbQ,0,badcase,无标签、无视频证据，无法支撑宠物食品推广
2311,UCOJCvBHbRIb7ZaFNDw6UxNQ,Nhim Single Mom,https://cn.noxinfluencer.com/youtube/channel/UCOJCvBHbRIb7ZaFNDw6UxNQ,0,badcase,生活方式号，缺少宠物受众与宠物食品语境
2312,UCOJRca-5MnPWR76_bn0HixA,spring summer family,https://cn.noxinfluencer.com/youtube/channel/UCOJRca-5MnPWR76_bn0HixA,-15,badcase,儿童游戏号，和宠物食品推广受众明显不匹配
2314,UCOLqzAFtFa1ltTWGfdCpakA,Recoguru,https://cn.noxinfluencer.com/youtube/channel/UCOLqzAFtFa1ltTWGfdCpakA,0,badcase,无标签无内容，无法判断宠物食品推广相关性
2315,UCOOwEHyzn4msD74KOeZEdRA,Snoozing Dino,https://cn.noxinfluencer.com/youtube/channel/UCOOwEHyzn4msD74KOeZEdRA,-15,badcase,娱乐梗视频号，和宠物食品推广目标不匹配
2319,UCOQ10Yw_c7DxDL017F3Ykng,WildCountry Daily Entertainment,https://cn.noxinfluencer.com/youtube/channel/UCOQ10Yw_c7DxDL017F3Ykng,0,badcase,无可用标签或内容线索，相关性不足
2320,UCOQy8G1o38RWc9ZcYc3pngQ,Cats Life,https://cn.noxinfluencer.com/youtube/channel/UCOQy8G1o38RWc9ZcYc3pngQ,0,badcase,缺少标签和内容证据，无法判断为可投放频道
2321,UCOR--fxbiyGqOR1mdW-5D5w,Respect Shinigami,https://cn.noxinfluencer.com/youtube/channel/UCOR--fxbiyGqOR1mdW-5D5w,0,badcase,无标签与内容信号，和宠粮推广相关性不足
2322,UCOT-OodgHSaVlzKoRy948sQ,Fluffy crafts,https://cn.noxinfluencer.com/youtube/channel/UCOT-OodgHSaVlzKoRy948sQ,-8,badcase,宠物/猫有轻微相关，但ASMR为强格式错配
2323,UCOVIfCLQG3C8MOZoVbqSqVA,52 City Walks,https://cn.noxinfluencer.com/youtube/channel/UCOVIfCLQG3C8MOZoVbqSqVA,0,badcase,无标签无内容，无法支撑宠粮推广
2324,UCOVbla2gzKte5KSG90T1Cmw,Onyx Omelette Orbit,https://cn.noxinfluencer.com/youtube/channel/UCOVbla2gzKte5KSG90T1Cmw,0,badcase,无标签无内容信号，和宠粮推广不相关
2325,UCOVgQlHNqko59iTIGbmuUDw,SashaMoniqueTalks,https://cn.noxinfluencer.com/youtube/channel/UCOVgQlHNqko59iTIGbmuUDw,-6,badcase,泛娱乐/时尚频道，仅有food弱相关，无宠物食品推广意图
2326,UCOW5WH9s5fDaM15m9iIGoow,Chris Marrano,https://cn.noxinfluencer.com/youtube/channel/UCOW5WH9s5fDaM15m9iIGoow,0,badcase,无宠物食品或宠物受众信号，偏商务营销内容。
2327,UCOWFeCQA8bh_9wFYn7YENaw,Sohrab khan,https://cn.noxinfluencer.com/youtube/channel/UCOWFeCQA8bh_9wFYn7YENaw,0,badcase,泛美食/娱乐频道，主要是人类食品内容，不适合宠物食品推广。
2328,UCOXsJedRCYUIV61C_-lfZoA,MamaDee,https://cn.noxinfluencer.com/youtube/channel/UCOXsJedRCYUIV61C_-lfZoA,0,badcase,家庭生活农场内容，缺少宠物食品或宠物消费场景。
2331,UCO_R44Y3EB8_wtdunY_GlhA,MilkyClay,https://cn.noxinfluencer.com/youtube/channel/UCO_R44Y3EB8_wtdunY_GlhA,-15,badcase,FNAF手工娱乐向，和宠物食品推广无关
2333,UCOb9Sg7fyA-gKNXByTGIzKg,Paws & Laughs | Funny Animal Videos,https://cn.noxinfluencer.com/youtube/channel/UCOb9Sg7fyA-gKNXByTGIzKg,0,badcase,动物搞笑娱乐频道，缺少宠物食品护理或购买意图
2334,UCObWH9AaVY_ITGMzqINpYog,Petlytical,https://cn.noxinfluencer.com/youtube/channel/UCObWH9AaVY_ITGMzqINpYog,0,badcase,无标签、标题或近期内容证据，无法确认宠物食品推广相关性
2336,UCOdWWayZ1zMicBODw9KV-rQ,Juice Jayy,https://cn.noxinfluencer.com/youtube/channel/UCOdWWayZ1zMicBODw9KV-rQ,2,badcase,仅有food/cooking泛相关，缺少宠物购买或喂养意图
2337,UCOdwHPw6W5jo2cHonFtKMGA,Zezel-E,https://cn.noxinfluencer.com/youtube/channel/UCOdwHPw6W5jo2cHonFtKMGA,0,badcase,无标签与内容证据，无法判断为相关渠道
2338,UCOf1dnm5SDlI3d5pr3bCCwQ,Du Shiniang Huohuo Team,https://cn.noxinfluencer.com/youtube/channel/UCOf1dnm5SDlI3d5pr3bCCwQ,0,badcase,无标签与内容证据，无法判断为相关渠道
2340,UCOfH5Ap0CB89BxahoPPkIww,Rekt It Paw!,https://cn.noxinfluencer.com/youtube/channel/UCOfH5Ap0CB89BxahoPPkIww,-9,badcase,宠物娱乐短视频为主，偏展示不偏商品推广
2342,UCOgfhqvLJrmrek_yFzevRJw,Jessica Chanel,https://cn.noxinfluencer.com/youtube/channel/UCOgfhqvLJrmrek_yFzevRJw,0,badcase,无标签、无内容线索，缺少可判断的宠物食品相关性
2343,UCOgz3tPVNCSvxLy-A0vp_Zw,Schlesser Breithaupt,https://cn.noxinfluencer.com/youtube/channel/UCOgz3tPVNCSvxLy-A0vp_Zw,0,badcase,无标签、无近期内容，基本无法支撑宠物食品推广
2344,UCOhZpJ_NVEiHNpSI-Rgxg3Q,Wartime TV Actor,https://cn.noxinfluencer.com/youtube/channel/UCOhZpJ_NVEiHNpSI-Rgxg3Q,1,badcase,仅有宠物泛标签，缺少食品/喂养/购买场景
2345,UCOiue0HgZGq35rs0QSCF_6A,George's Happy Goose family,https://cn.noxinfluencer.com/youtube/channel/UCOiue0HgZGq35rs0QSCF_6A,1,badcase,只有泛宠物标签，和宠物食品的转化场景偏弱
2346,UCOj_HvZGmXosyfGznHn6V0Q,Frank Wu,https://cn.noxinfluencer.com/youtube/channel/UCOj_HvZGmXosyfGznHn6V0Q,0,badcase,无宠物食品相关标签或视频，缺乏推广匹配信号
2349,UCOmjf4eXoibEHOQcH3_2s3Q,Jonas art studio,https://cn.noxinfluencer.com/youtube/channel/UCOmjf4eXoibEHOQcH3_2s3Q,0,badcase,无标签和视频证据，缺少宠物食品推广相关性
2350,UCOmtoTHPDZQ08kT1lrUgatg,The Eureka Springs Channel,https://cn.noxinfluencer.com/youtube/channel/UCOmtoTHPDZQ08kT1lrUgatg,0,badcase,无标签、无相关视频，缺少宠物食品推广相关性
2351,UCOnFxOApCM6C-bvqc-wHp8Q,Mr. Kitty & Whiskers,https://cn.noxinfluencer.com/youtube/channel/UCOnFxOApCM6C-bvqc-wHp8Q,0,badcase,标签全是泛生活内容，无宠物食品相关信号
2353,UCOolMDn61XQ8x_xkKuqVmQw,Allen Brooks,https://cn.noxinfluencer.com/youtube/channel/UCOolMDn61XQ8x_xkKuqVmQw,-15,badcase,音乐娱乐频道，和宠物食品推广场景明显不符
2354,UCOq0kvfOXZSdpg47jKvya2Q,King_aNuBiz,https://cn.noxinfluencer.com/youtube/channel/UCOq0kvfOXZSdpg47jKvya2Q,0,badcase,无标签、标题或近期内容证据支持宠物食品推广相关性
2355,UCOrCugMRzX49mVUjM2jEu9w,Chef Rush,https://cn.noxinfluencer.com/youtube/channel/UCOrCugMRzX49mVUjM2jEu9w,-5,badcase,人类烹饪/美食频道，不是宠物食品购买或喂养场景
2356,UCOrb8_nBSpjnjM_zvSmSQEA,Sneed Coding Solutions,https://cn.noxinfluencer.com/youtube/channel/UCOrb8_nBSpjnjM_zvSmSQEA,0,badcase,无相关标签或内容，和宠物食品推广无明显关联
2358,UCOtJdEYxVI83ooKPfo1yOFQ,My Buddy Blitzen,https://cn.noxinfluencer.com/youtube/channel/UCOtJdEYxVI83ooKPfo1yOFQ,0,badcase,无标签无内容，无法支持宠物食品推广相关性
2359,UCOvIn_u4cXW2TR-DHEvDO9w,Adventures of an Intentional Parent!!,https://cn.noxinfluencer.com/youtube/channel/UCOvIn_u4cXW2TR-DHEvDO9w,0,badcase,亲子/家长向频道与宠物食品推广不匹配
2360,UCOvzf5dY9vAg7xAry27lS3w,Chad Bray,https://cn.noxinfluencer.com/youtube/channel/UCOvzf5dY9vAg7xAry27lS3w,0,badcase,无相关标签或内容，和宠物食品推广无关联
2361,UCOweQcKTjJIHvpoCEjFyclQ,North 40 Outfitters,https://cn.noxinfluencer.com/youtube/channel/UCOweQcKTjJIHvpoCEjFyclQ,2,badcase,仅有宠物/食物泛相关，缺少宠物食品推广意图
2362,UCOwzE7ca4zPbYfL7O46uSuw,Mr Sigo,https://cn.noxinfluencer.com/youtube/channel/UCOwzE7ca4zPbYfL7O46uSuw,-10,badcase,娱乐搞笑频道，与宠物食品推广场景明显不符
2363,UCOxIKY-MpSV5TKJfXFnTsAg,Filmaru,https://cn.noxinfluencer.com/youtube/channel/UCOxIKY-MpSV5TKJfXFnTsAg,-15,badcase,娱乐游戏频道，与宠物食品推广主题明显不符
2364,UCOxVbFInVe2sPFVj7g2_kjg,KTravel,https://cn.noxinfluencer.com/youtube/channel/UCOxVbFInVe2sPFVj7g2_kjg,0,badcase,无标签和标题证据，不适合宠物食品推广
2366,UCOxxNlVz3M0EcR3vTKVwVlQ,PhonicsMan,https://cn.noxinfluencer.com/youtube/channel/UCOxxNlVz3M0EcR3vTKVwVlQ,-15,badcase,儿童体教/娱乐向，与宠物食品受众明显不符
2367,UCOynT_ma99o7l-1DGG2wcug,That Guy Reviews,https://cn.noxinfluencer.com/youtube/channel/UCOynT_ma99o7l-1DGG2wcug,0,badcase,爪机/科技爱好向，缺少宠物食品相关信号
2368,UCOz8E0vVvX6xiPA1d6SuV1g,WeRV4U,https://cn.noxinfluencer.com/youtube/channel/UCOz8E0vVvX6xiPA1d6SuV1g,0,badcase,无标签或内容证据，无法确认宠物食品推广相关性
2369,UCOzJTPsRjFviJ746AIfhQXg,Winter Munoz,https://cn.noxinfluencer.com/youtube/channel/UCOzJTPsRjFviJ746AIfhQXg,-15,badcase,二次元娱乐向，与宠物食品推广不匹配
2370,UCP-lGkEiJXfVhPFdRq4aAIQ,Hector Corrales,https://cn.noxinfluencer.com/youtube/channel/UCP-lGkEiJXfVhPFdRq4aAIQ,0,badcase,无标签、无相关视频或近期内容，缺少宠物食品推广相关性
2371,UCP0jEJ-9HeposNTowa2kz2A,pplzdude,https://cn.noxinfluencer.com/youtube/channel/UCP0jEJ-9HeposNTowa2kz2A,-15,badcase,游戏频道与宠粮推广完全不相干，前5标签均为互斥领域
2373,UCP2OuLWJjYDqSrlY53cN_6Q,SunShine,https://cn.noxinfluencer.com/youtube/channel/UCP2OuLWJjYDqSrlY53cN_6Q,0,badcase,仅有人类健康/营养泛标签，缺少宠物食品购买或喂养语境
2374,UCP4pMWhxfZ4oywkrelVt0bA,Modern Process Vault,https://cn.noxinfluencer.com/youtube/channel/UCP4pMWhxfZ4oywkrelVt0bA,1,badcase,偏工厂制作过程频道，只有泛化food标签，缺少宠物食品推广相关受众与购买意图
2375,UCP5g8-y7kdChqQea6zz3zpw,Hà Thị Diện,https://cn.noxinfluencer.com/youtube/channel/UCP5g8-y7kdChqQea6zz3zpw,-10,badcase,户外求生频道，与宠物食品推广无关
2376,UCP6PzPKK56HPoL3SCt1eDJg,Liberty Raptor,https://cn.noxinfluencer.com/youtube/channel/UCP6PzPKK56HPoL3SCt1eDJg,0,badcase,无标签无内容，无法判断与宠物食品推广相关
2377,UCPBpCJWqLdbNPDKJVBAigYg,Chew On This Podcast - Digestible DTC Content,https://cn.noxinfluencer.com/youtube/channel/UCPBpCJWqLdbNPDKJVBAigYg,0,badcase,DTC营销播客，非宠物食品垂类创作者
2378,UCPCD43iApCRKPxKcWxyEwQQ,Lovelyn Bautista,https://cn.noxinfluencer.com/youtube/channel/UCPCD43iApCRKPxKcWxyEwQQ,-12,badcase,ASMR食物向，促销场景错位
2380,UCPGCdJz2Ai3EKrRmyH0vb0w,loveline shorts,https://cn.noxinfluencer.com/youtube/channel/UCPGCdJz2Ai3EKrRmyH0vb0w,-15,badcase,宠物故事娱乐向，不是宠物食品推广场
2382,UCPHZcYYjYFKHnhYZXOiOsfA,Deal Finder Shops,https://cn.noxinfluencer.com/youtube/channel/UCPHZcYYjYFKHnhYZXOiOsfA,0,badcase,房车旅行频道，与宠物食品推广几乎无关
2384,UCPI26tJWCQd5He7k-dbsS6w,Novielyn Labitoria vlog,https://cn.noxinfluencer.com/youtube/channel/UCPI26tJWCQd5He7k-dbsS6w,-12,badcase,ASMR/娱乐型内容与宠物食品投放错位，缺少购买场景
2386,UCPKobolzcxFEA_gKKte-npA,Mnm Blox - Overlook Bay,https://cn.noxinfluencer.com/youtube/channel/UCPKobolzcxFEA_gKKte-npA,1,badcase,仅有“pets”弱相关，且主体是Roblox游戏内容，不适合宠物食品推广
2387,UCPKvX6mJ9egdzTKOQ9EGESg,Arts and Craft Chica,https://cn.noxinfluencer.com/youtube/channel/UCPKvX6mJ9egdzTKOQ9EGESg,0,badcase,艺术手工频道，与宠物食品没有明确消费场景关联
2388,UCPME077OjJNHAxrRZErD47g,KUTV Fresh Living,https://cn.noxinfluencer.com/youtube/channel/UCPME077OjJNHAxrRZErD47g,0,badcase,生活节目但无宠物消费内容，关联很弱
2389,UCPMbFbKC9rayrvZFKVaBxvg,MACKnificent Curls,https://cn.noxinfluencer.com/youtube/channel/UCPMbFbKC9rayrvZFKVaBxvg,0,badcase,无标签无内容，缺少任何宠物食品相关信号
2390,UCPO-tMLqdMuyq8lfANA8Fvw,Bodin,https://cn.noxinfluencer.com/youtube/channel/UCPO-tMLqdMuyq8lfANA8Fvw,0,badcase,艺术/娱乐为主，虽有pets/dog标签但不指向真实宠物消费
2391,UCPOcOcFSlEmmyRqVfbZV1gA,Devoured Daily,https://cn.noxinfluencer.com/youtube/channel/UCPOcOcFSlEmmyRqVfbZV1gA,0,badcase,人类食品安全频道，缺少宠物食品受众与购买语境
2392,UCPOwEqBaICLvO0ioQ46eZjQ,Share Useful Things,https://cn.noxinfluencer.com/youtube/channel/UCPOwEqBaICLvO0ioQ46eZjQ,0,badcase,无标签、视频或近期内容证据，无法支持宠物食品推广
2394,UCPPMaFcMyNy_mDlivP6GQ2Q,Bryghtpath LLC,https://cn.noxinfluencer.com/youtube/channel/UCPPMaFcMyNy_mDlivP6GQ2Q,0,badcase,无标签、无相关视频、无近期内容，缺少宠物食品推广相关性
2395,UCPPklDMLYS5WkxF2AeSqFtQ,Plague Editz,https://cn.noxinfluencer.com/youtube/channel/UCPPklDMLYS5WkxF2AeSqFtQ,-15,badcase,游戏娱乐剪辑频道，和宠物食品推广目标明显不符
2396,UCPQ5ikc_moDzeOZaZ74e_dQ,BizMove,https://cn.noxinfluencer.com/youtube/channel/UCPQ5ikc_moDzeOZaZ74e_dQ,1,badcase,仅有泛化 food/lifestyle 标签，缺少宠物食品或养宠购买意图
2397,UCPQVjsisdIbtLZWeWgv3-fQ,Prophecy Update Videos,https://cn.noxinfluencer.com/youtube/channel/UCPQVjsisdIbtLZWeWgv3-fQ,0,badcase,仅有pets/animals泛相关，且无宠物食品内容或促销意图
2398,UCPSQSNSbx6gTV_m4V1DN5IA,Cain Brands Reviews,https://cn.noxinfluencer.com/youtube/channel/UCPSQSNSbx6gTV_m4V1DN5IA,0,badcase,无标签和内容证据，难判断为宠物食品推广相关
2400,UCPSsfWDYt0ipy5WqmCho88A,FUNNY OLD HUSBAND,https://cn.noxinfluencer.com/youtube/channel/UCPSsfWDYt0ipy5WqmCho88A,-24,badcase,娱乐/幽默/电影频道，缺少宠物食品购买或测评语境
2401,UCPUpMrttxWDhodUgKD47TJA,React & Laugh TV,https://cn.noxinfluencer.com/youtube/channel/UCPUpMrttxWDhodUgKD47TJA,0,badcase,无标签、无标题与宠物食品相关信号，不适合推广
2402,UCPUxgZDCCOdsQ0R0wpzTtdg,animaljake3886,https://cn.noxinfluencer.com/youtube/channel/UCPUxgZDCCOdsQ0R0wpzTtdg,0,badcase,无标签与内容信号，无法判断为宠物食品相关频道
2403,UCPVHuqJdGRrt6FaRPt9Wjvg,Sky Fantasy AI,https://cn.noxinfluencer.com/youtube/channel/UCPVHuqJdGRrt6FaRPt9Wjvg,0,badcase,无内容证据，且与宠物食品推广没有可用关联
2404,UCPVia2f3uskQ7s3887QKNiA,Things That I Want,https://cn.noxinfluencer.com/youtube/channel/UCPVia2f3uskQ7s3887QKNiA,0,badcase,缺少宠物、食品或购买意图信号，不适合投放
2405,UCPVrNkr4Ur0dDFusPFk29Fg,ZipZyme™ Omega,https://cn.noxinfluencer.com/youtube/channel/UCPVrNkr4Ur0dDFusPFk29Fg,0,badcase,仅名称像产品词，不代表宠物食品推广相关
2406,UCPWQWav6BpPvtanCtloXkiw,The CW Network,https://cn.noxinfluencer.com/youtube/channel/UCPWQWav6BpPvtanCtloXkiw,-15,badcase,娱乐/体育定位与宠粮推广无关，属于明显错配
2407,UCPWQkUFal2qg0W3_N0z_j2g,Alex Terranova,https://cn.noxinfluencer.com/youtube/channel/UCPWQkUFal2qg0W3_N0z_j2g,0,badcase,泛生活vlog，缺少宠物或宠粮购买/使用信号
2409,UCPYj22IZxLVC1YLspPwB1Ag,Treasure on Paper,https://cn.noxinfluencer.com/youtube/channel/UCPYj22IZxLVC1YLspPwB1Ag,0,badcase,无标签无内容，缺少宠粮相关性证据
2410,UCPYjlcJncpS6_nil7f-ICwA,Stephen Haws,https://cn.noxinfluencer.com/youtube/channel/UCPYjlcJncpS6_nil7f-ICwA,0,badcase,无标签无内容，缺少宠粮相关性证据
2411,UCPbYdkSAju8kSIDWqajum8A,Kaylynn scope,https://cn.noxinfluencer.com/youtube/channel/UCPbYdkSAju8kSIDWqajum8A,4,badcase,泛食品/烹饪内容，缺少宠物受众信号
2412,UCPddytGZ512szQmDPmBAA0A,Baricousin,https://cn.noxinfluencer.com/youtube/channel/UCPddytGZ512szQmDPmBAA0A,-15,badcase,反应类娱乐频道，与宠物食品投放不符
2413,UCPdeYfSVheQ95CZ-OulR24w,Mike Fetscher,https://cn.noxinfluencer.com/youtube/channel/UCPdeYfSVheQ95CZ-OulR24w,0,badcase,体育旅游内容，缺少宠物食品相关受众
2415,UCPfopSn1vuQWj8qlCo_reog,JaiShare,https://cn.noxinfluencer.com/youtube/channel/UCPfopSn1vuQWj8qlCo_reog,-15,badcase,音乐娱乐频道，属强格式错配
2416,UCPhWNglXnkSjUYmRVj7rGbQ,GiggleShot,https://cn.noxinfluencer.com/youtube/channel/UCPhWNglXnkSjUYmRVj7rGbQ,-15,badcase,频道是Kpop音乐娱乐向，与宠物食品推广目标完全不匹配
2417,UCPidYK81ww1Gv0SkLiHN5Sg,MAY THE SHORTS BE WITH YOU,https://cn.noxinfluencer.com/youtube/channel/UCPidYK81ww1Gv0SkLiHN5Sg,0,badcase,无标签、无标题与近期内容证据，无法支持宠物食品推广相关性
2418,UCPj-OZyev7f_dxGam7wCZmQ,The Desire Company,https://cn.noxinfluencer.com/youtube/channel/UCPj-OZyev7f_dxGam7wCZmQ,3,badcase,以人类饮食内容为主，缺少宠物喂养/宠粮购买信号
2419,UCPjGa0tBF4-u8dJO0FFdJNw,RealViewNation,https://cn.noxinfluencer.com/youtube/channel/UCPjGa0tBF4-u8dJO0FFdJNw,1,badcase,仅有宠物泛标签，频道主打监控/猎奇娱乐，不适合宠物食品推广
2420,UCPlOfJ0GbgqrOzdusZZEEKg,Melissa Chee,https://cn.noxinfluencer.com/youtube/channel/UCPlOfJ0GbgqrOzdusZZEEKg,0,badcase,美妆旅行生活频道，与宠物食品推广无关
2421,UCPnmLoCXZVMuQmQ56baH0Sw,Heison Playmate,https://cn.noxinfluencer.com/youtube/channel/UCPnmLoCXZVMuQmQ56baH0Sw,0,badcase,无宠物/粮食相关信号，学习娱乐向与宠物粮推广不匹配
2422,UCPppVjrM6npvaxNW7DpSEcA,Sol6,https://cn.noxinfluencer.com/youtube/channel/UCPppVjrM6npvaxNW7DpSEcA,0,badcase,泛娱乐短视频，只有泛食物词，无宠物粮受众指向
2423,UCPpubFIcwGvLytL_XMtJJEw,Couple Walking,https://cn.noxinfluencer.com/youtube/channel/UCPpubFIcwGvLytL_XMtJJEw,0,badcase,无标签无内容线索，无法判断为宠物粮相关创作者
2424,UCPq83EY9gf_nPGX9Zz3ZFyg,Above the Noise,https://cn.noxinfluencer.com/youtube/channel/UCPq83EY9gf_nPGX9Zz3ZFyg,0,badcase,无标签无内容线索，和宠物粮推广缺少可用关联
2425,UCPqnTHyOcmrYBeRnIPr7u6A,Orlando Streets,https://cn.noxinfluencer.com/youtube/channel/UCPqnTHyOcmrYBeRnIPr7u6A,2,badcase,只有泛购物场景弱相关，缺少宠物或宠粮受众指向
2426,UCPrKsKee92-ANeRvyPXScpw,Minnesota Vlogs (Vlog MN),https://cn.noxinfluencer.com/youtube/channel/UCPrKsKee92-ANeRvyPXScpw,0,badcase,LGBT娱乐vlog，与宠物食品推广无关
2428,UCPsZOY31cpXxzRy9QNM5Cng,RayJoni05,https://cn.noxinfluencer.com/youtube/channel/UCPsZOY31cpXxzRy9QNM5Cng,1,badcase,仅有泛食品词，缺少宠物语境，关联很弱
2430,UCPuUq_CxRta9xw2JtAkul8A,"Heat and Control, Inc.",https://cn.noxinfluencer.com/youtube/channel/UCPuUq_CxRta9xw2JtAkul8A,1,badcase,工业食品设备号，偏B2B制造场景，不像宠粮推广创作者
2433,UCPypWAHpOe4oML00FyvzZEw,GlowBeats,https://cn.noxinfluencer.com/youtube/channel/UCPypWAHpOe4oML00FyvzZEw,-5,badcase,宠物救援短片偏剧情娱乐，格式不适合做宠粮推广
2434,UCPyurvKyYW-MKqCgoXOLb7w,LavenderLushLuxury,https://cn.noxinfluencer.com/youtube/channel/UCPyurvKyYW-MKqCgoXOLb7w,0,badcase,无标签、标题或近期内容，缺少宠物食品推广相关证据
2435,UCQ00zWTLrgRQJUb8MHQg21A,Come Play With Me,https://cn.noxinfluencer.com/youtube/channel/UCQ00zWTLrgRQJUb8MHQg21A,-15,badcase,儿童玩具频道，和宠粮这种宠物消费品场景不匹配
2436,UCQ1CGD-2qTTC2HbYuiZTtRw,Joe Ditzel,https://cn.noxinfluencer.com/youtube/channel/UCQ1CGD-2qTTC2HbYuiZTtRw,-15,badcase,喜剧娱乐向，明显偏离宠粮推广受众。
2437,UCQ1tideMxdptgrm9gcC2n9A,Joe Cross,https://cn.noxinfluencer.com/youtube/channel/UCQ1tideMxdptgrm9gcC2n9A,1,badcase,仅有泛食品标签，缺少宠物喂养与购买意图。
2438,UCQ28jbcPIAC6LfDnmxHBj9Q,Blessing the Streets,https://cn.noxinfluencer.com/youtube/channel/UCQ28jbcPIAC6LfDnmxHBj9Q,-15,badcase,慈善助人主题，和宠粮投放场景明显不匹配。
2439,UCQ2gWxh780K8f2Wzv_NPyUA,ToyLand SpotComs,https://cn.noxinfluencer.com/youtube/channel/UCQ2gWxh780K8f2Wzv_NPyUA,0,badcase,无标签和内容证据，无法判断为宠粮相关频道。
2441,UCQ5JK6bSa9Q7v7MyCSv2NiQ,SaraLee's Deals Steals and Giveaways,https://cn.noxinfluencer.com/youtube/channel/UCQ5JK6bSa9Q7v7MyCSv2NiQ,-15,badcase,鸡群/野生动物内容，与宠物食品推广对象不匹配
2443,UCQ5n4n7sv2PSvp9_xJHps4A,I Tested It,https://cn.noxinfluencer.com/youtube/channel/UCQ5n4n7sv2PSvp9_xJHps4A,0,badcase,无标签和内容证据，无法支持宠物食品推广
2445,UCQ6JEJKf7DIsieurMJdFvOQ,DailyMeowzas,https://cn.noxinfluencer.com/youtube/channel/UCQ6JEJKf7DIsieurMJdFvOQ,0,badcase,无标签、标题或近期内容证据，无法判断适合宠物食品推广
2446,UCQ6d7ISLj-t3B7ViDsZcQJA,THE SMOKIN'BEAR BBQ,https://cn.noxinfluencer.com/youtube/channel/UCQ6d7ISLj-t3B7ViDsZcQJA,0,badcase,人类烧烤美食频道，与宠粮推广受众不符
2447,UCQAQ2HOtCmtPsEfp6UwCixg,Rifat Khandaker,https://cn.noxinfluencer.com/youtube/channel/UCQAQ2HOtCmtPsEfp6UwCixg,0,badcase,无标签无内容线索，无法判断为宠粮相关
2449,UCQEqkIvN2y--gkCG3JE4NaA,heysweetkay,https://cn.noxinfluencer.com/youtube/channel/UCQEqkIvN2y--gkCG3JE4NaA,0,badcase,仅有泛食物标签，无宠物受众或宠粮意图
2450,UCQF9FM1hzaeogDuqr8PQg8Q,Lý Thị Hoa 4,https://cn.noxinfluencer.com/youtube/channel/UCQF9FM1hzaeogDuqr8PQg8Q,0,badcase,无标签无内容线索，无法支持宠粮推广
2451,UCQGTM-b1xms_y0NpaqJ-Glw,Simple Mukbang,https://cn.noxinfluencer.com/youtube/channel/UCQGTM-b1xms_y0NpaqJ-Glw,-15,badcase,游戏标签占主导，与宠物食品推广完全不匹配
2452,UCQI1oDd6ZoeNCpbSKYhl0rA,Twisted Laughs TV,https://cn.noxinfluencer.com/youtube/channel/UCQI1oDd6ZoeNCpbSKYhl0rA,-10,badcase,宠物相关但以搞笑短视频为主，推广宠物食品适配性差
2454,UCQIC5xTA70wOp_2itYzlUjw,Funny Babies and Pets,https://cn.noxinfluencer.com/youtube/channel/UCQIC5xTA70wOp_2itYzlUjw,-10,badcase,宠物相关但以搞笑亲子内容为主，缺少购买语境
2455,UCQKU54Ig9JBdtJx0rMolFWw,Ella Magers | Evolution of Fitness,https://cn.noxinfluencer.com/youtube/channel/UCQKU54Ig9JBdtJx0rMolFWw,-15,badcase,人类健身素食频道，与宠物食品受众明显错位
2456,UCQMTElDKVliGdLBoaPxwYlA,K2RaW,https://cn.noxinfluencer.com/youtube/channel/UCQMTElDKVliGdLBoaPxwYlA,0,badcase,生活科技向，和宠物食品无关
2458,UCQNo5gs2Ja6-ErLzezo8NWw,iCutie,https://cn.noxinfluencer.com/youtube/channel/UCQNo5gs2Ja6-ErLzezo8NWw,-4,badcase,宠物救助相关，但娱乐故事标签主导，不宜推宠粮
2460,UCQOPbbYmbpavmaToEPMc3Hw,Phamdily,https://cn.noxinfluencer.com/youtube/channel/UCQOPbbYmbpavmaToEPMc3Hw,0,badcase,娱乐VLOG向，与宠物食品无关
2462,UCQOcC69izcQucP1vG3Lg3pw,IMARC Group,https://cn.noxinfluencer.com/youtube/channel/UCQOcC69izcQucP1vG3Lg3pw,0,badcase,无标签无内容，无法建立宠物食品推广相关性
2464,UCQSy0HbaLvIKRjX3cs7dKRA,Luis Bolinao - Amazon For Beginners,https://cn.noxinfluencer.com/youtube/channel/UCQSy0HbaLvIKRjX3cs7dKRA,0,badcase,无标签无内容，无法判断与宠物食品推广的相关性
2466,UCQUG7YTbd1YRx1pgTaGEosg,Revu Scape,https://cn.noxinfluencer.com/youtube/channel/UCQUG7YTbd1YRx1pgTaGEosg,-4,badcase,泛产品评测频道，无宠物食品或宠物护理购买意图
2468,UCQVHZeogOoQ-IeuGfGCrqig,Boopa Funny,https://cn.noxinfluencer.com/youtube/channel/UCQVHZeogOoQ-IeuGfGCrqig,0,badcase,无标签无内容证据，缺少与宠物食品推广相关的有效信号
2470,UCQXwKfM06yQZ2PIJeqj9JFg,Slot Peach,https://cn.noxinfluencer.com/youtube/channel/UCQXwKfM06yQZ2PIJeqj9JFg,0,badcase,无标签、无相关视频，缺少宠物食品推广相关信号
2472,UCQYNW5vJWBBjiep062NwMEA,Browse & Buy Stuff,https://cn.noxinfluencer.com/youtube/channel/UCQYNW5vJWBBjiep062NwMEA,0,badcase,无宠粮相关标签或视频，缺少推广证据
2475,UCQaDjAIpg-pd44ats-HXCyA,WCPO 9,https://cn.noxinfluencer.com/youtube/channel/UCQaDjAIpg-pd44ats-HXCyA,0,badcase,地方新闻频道，标签与宠物食品无直接或强相关，缺少推广语境
2476,UCQbS_fuaSWc9e9m11rl6DRQ,Easy DIY Miniatures,https://cn.noxinfluencer.com/youtube/channel/UCQbS_fuaSWc9e9m11rl6DRQ,0,badcase,手作迷你食物频道，与宠物食品推广无明确受众或购买意图
2478,UCQjWTEnVsg0WrwzZehM7XFA,grizzlys adventure,https://cn.noxinfluencer.com/youtube/channel/UCQjWTEnVsg0WrwzZehM7XFA,0,badcase,体育卡收藏频道，与宠物食品推广无关
2480,UCQkdyItqFBMX3JWOUk9j-jA,Nurture Your Pet,https://cn.noxinfluencer.com/youtube/channel/UCQkdyItqFBMX3JWOUk9j-jA,0,badcase,仅有泛宠物倾向，缺少宠物食品相关内容证据
2482,UCQm3t4nhRZcmn7Lsekrnn5A,Viral Frame,https://cn.noxinfluencer.com/youtube/channel/UCQm3t4nhRZcmn7Lsekrnn5A,0,badcase,无相关标签，缺乏宠物食品受众
2483,UCQn7JQs-MQGQ4FD6Ar66YJQ,TikTok Shorts,https://cn.noxinfluencer.com/youtube/channel/UCQn7JQs-MQGQ4FD6Ar66YJQ,-15,badcase,娱乐舞蹈短视频，和宠物食品推广不符
2484,UCQpiGqTVcVBA9bitSXdqqZw,Animals CMBD,https://cn.noxinfluencer.com/youtube/channel/UCQpiGqTVcVBA9bitSXdqqZw,-10,badcase,ASMR偏消遣，不适合宠物食品推广
2485,UCQpwhKbIdnLU1btt5YEnaKg,@petslover714,https://cn.noxinfluencer.com/youtube/channel/UCQpwhKbIdnLU1btt5YEnaKg,-14,badcase,以搞笑宠物娱乐为主，缺少宠物食品/喂养购买语境
2486,UCQqifhwN26l0oZqFaDAitng,Gotcha! Yes,https://cn.noxinfluencer.com/youtube/channel/UCQqifhwN26l0oZqFaDAitng,0,badcase,娱乐喜剧育儿向，缺少宠物食品受众与购买意图
2487,UCQs-tWGqacJ7vuuJDtXq28w,KOYA with,https://cn.noxinfluencer.com/youtube/channel/UCQs-tWGqacJ7vuuJDtXq28w,1,badcase,仅有泛化 food 标签，无宠物受众或购买意图，相关性弱
2488,UCQsrMsqH4yewRJ6AKjDNS-w,Xiao Daily Life,https://cn.noxinfluencer.com/youtube/channel/UCQsrMsqH4yewRJ6AKjDNS-w,0,badcase,无宠物相关信号，且近期内容缺失，暂判不相关
2489,UCQu5s90PEPy8aEbmF4tM_2w,cursedneural,https://cn.noxinfluencer.com/youtube/channel/UCQu5s90PEPy8aEbmF4tM_2w,0,badcase,无标签和近期内容，无法建立宠物食品相关性
2491,UCR1X2skg3UYwsKd5b9RjGTQ,PlaneCrazySim,https://cn.noxinfluencer.com/youtube/channel/UCR1X2skg3UYwsKd5b9RjGTQ,0,badcase,无相关标签或内容，和宠物食品推广无匹配信号
2492,UCR3iaBgJoLcloYJCifdI7ew,Soothing Healing Music,https://cn.noxinfluencer.com/youtube/channel/UCR3iaBgJoLcloYJCifdI7ew,-12,badcase,音乐冥想型频道，宠物食品推广存在明显格式错配
2493,UCR4u4zBm37-uODgDlvsu7Bg,Freakin Frugal,https://cn.noxinfluencer.com/youtube/channel/UCR4u4zBm37-uODgDlvsu7Bg,1,badcase,仅有泛食品和省钱内容，缺少宠物食品或购买场景
2494,UCR57UuwuMxWBgzDbVE59RMA,5 Best Pick,https://cn.noxinfluencer.com/youtube/channel/UCR57UuwuMxWBgzDbVE59RMA,0,badcase,仅有泛宠物标签且不在前5，缺少宠物食品推广意图
2495,UCR6AGNswDItSKNNcd9214xQ,Celebrity & Sports Insider,https://cn.noxinfluencer.com/youtube/channel/UCR6AGNswDItSKNNcd9214xQ,0,badcase,无标签无内容，无法支持宠物食品推广
2496,UCR9xvr-XIuUPJs1xWySDV5g,Pets Care,https://cn.noxinfluencer.com/youtube/channel/UCR9xvr-XIuUPJs1xWySDV5g,0,badcase,仅频道名相关，无标签、视频或近期内容证据支持推广匹配
2497,UCRAoLjIeDYFOSuXFImfecqg,Matt Mitchell,https://cn.noxinfluencer.com/youtube/channel/UCRAoLjIeDYFOSuXFImfecqg,1,badcase,仅泛食品/健康标签，缺少宠物受众信号
2498,UCRD7ETElgztp-tS6hbw4umA,Rooted Creations,https://cn.noxinfluencer.com/youtube/channel/UCRD7ETElgztp-tS6hbw4umA,0,badcase,手作DIY频道，与宠物食品推广无关
2499,UCRDktkJBNlx8BA7VGKnW3yw,EverydaySkills,https://cn.noxinfluencer.com/youtube/channel/UCRDktkJBNlx8BA7VGKnW3yw,-14,badcase,汽车/车辆内容为主，仅food弱相关，不适合宠物食品推广
2500,UCRF9gXejJEB0shBEbM2hb0Q,MrAlanC,https://cn.noxinfluencer.com/youtube/channel/UCRF9gXejJEB0shBEbM2hb0Q,1,badcase,仅泛食物标签，和宠物食品目标不匹配
2501,UCRGCKpUzCLqtG4qv8seBqFA,Tony Thorn,https://cn.noxinfluencer.com/youtube/channel/UCRGCKpUzCLqtG4qv8seBqFA,0,badcase,无宠物食品或养宠相关信号，标签与内容均为空
2502,UCRHVXw7nzUhGlHy_LYrVsbw,Cambriea & Bobby,https://cn.noxinfluencer.com/youtube/channel/UCRHVXw7nzUhGlHy_LYrVsbw,0,badcase,家庭生活vlog为主，缺少宠物食品或养宠语境
2503,UCRI_dYvkAA_gQfshKFzeHNg,Emagine Reacts,https://cn.noxinfluencer.com/youtube/channel/UCRI_dYvkAA_gQfshKFzeHNg,-10,badcase,反应娱乐型内容，不适合宠物食品推广
2504,UCRJYvYT6Sy8DsSRruoV30Cg,House Of Justice,https://cn.noxinfluencer.com/youtube/channel/UCRJYvYT6Sy8DsSRruoV30Cg,-15,badcase,影视娱乐标签占主导，不具备宠物食品推广语境
2505,UCRKOWvWKDGi9K2G_SqOwbhA,ky,https://cn.noxinfluencer.com/youtube/channel/UCRKOWvWKDGi9K2G_SqOwbhA,-15,badcase,搞笑娱乐向为主，缺少养宠或宠物食品购买语境
2506,UCRKgtsTESvEuW07Q7g7-_sQ,Chillstar 08,https://cn.noxinfluencer.com/youtube/channel/UCRKgtsTESvEuW07Q7g7-_sQ,0,badcase,商业营销频道，与宠物食品受众无关
2508,UCRMCB5M4gopfTg1aN4OEGPA,Chicago Talk Show Host,https://cn.noxinfluencer.com/youtube/channel/UCRMCB5M4gopfTg1aN4OEGPA,0,badcase,无标签无内容，无法支撑宠物食品推广
2511,UCRT0X3EyhVoIBSjSBXLhAIw,MilkSheikh,https://cn.noxinfluencer.com/youtube/channel/UCRT0X3EyhVoIBSjSBXLhAIw,0,badcase,无标签/视频证据，难支持宠物食品推广
2512,UCRTQP7mgOnlanSAWdHSKTcQ,SD STUDIO,https://cn.noxinfluencer.com/youtube/channel/UCRTQP7mgOnlanSAWdHSKTcQ,2,badcase,泛食品/烹饪向，缺少宠物食品购买或喂养意图
2513,UCRTqDGku3E5Dum3BzdNjIeg,Tested In Real Life,https://cn.noxinfluencer.com/youtube/channel/UCRTqDGku3E5Dum3BzdNjIeg,0,badcase,无标签/视频证据，相关性不足
2514,UCRUXnz5cjcTU-ulm32QLEqw,Miu Miu's Corner,https://cn.noxinfluencer.com/youtube/channel/UCRUXnz5cjcTU-ulm32QLEqw,0,badcase,无标签/视频证据，相关性不足
2515,UCRV3F4UxOEqGjNbMIJ7VOFA,Pet Boss Nation®,https://cn.noxinfluencer.com/youtube/channel/UCRV3F4UxOEqGjNbMIJ7VOFA,0,badcase,无标签、视频或近期内容证据，无法确认宠物食品推广相关性
2516,UCRYYR1Zeu7ULiLyN44HTgkA,Exposing Our Waste,https://cn.noxinfluencer.com/youtube/channel/UCRYYR1Zeu7ULiLyN44HTgkA,-14,badcase,以捡垃圾/食物浪费为主，和宠物食品推广不匹配
2517,UCRYxPR-NO09MQz17jkJOYoQ,Lumoar Monetu,https://cn.noxinfluencer.com/youtube/channel/UCRYxPR-NO09MQz17jkJOYoQ,0,badcase,无相关标签或内容信号
2518,UCRZHZXap5tHAwZuKkAWub3g,NillaGRoRilla,https://cn.noxinfluencer.com/youtube/channel/UCRZHZXap5tHAwZuKkAWub3g,0,badcase,无相关标签或内容信号
2519,UCRZbBsZqiUEr0pH_VDkY1Tg,Top & Best,https://cn.noxinfluencer.com/youtube/channel/UCRZbBsZqiUEr0pH_VDkY1Tg,0,badcase,无相关标签或内容信号
2520,UCRb2F_IcFlunJ2BIpaudWIQ,Charlie Noe,https://cn.noxinfluencer.com/youtube/channel/UCRb2F_IcFlunJ2BIpaudWIQ,0,badcase,无相关标签或内容信号
2521,UCRbCPrLzgOnIIzhzEI_dATw,RetroStation,https://cn.noxinfluencer.com/youtube/channel/UCRbCPrLzgOnIIzhzEI_dATw,0,badcase,无标签无内容，缺少宠物食品推广相关信号
2523,UCRdDIj4rNHEMZdJFNXG4_vg,Life with Luna & Arun,https://cn.noxinfluencer.com/youtube/channel/UCRdDIj4rNHEMZdJFNXG4_vg,0,badcase,无标签无内容，无法判断为宠物食品相关
2525,UCRfxhoK3EMCE4iL48SkBBtA,GAMO Production,https://cn.noxinfluencer.com/youtube/channel/UCRfxhoK3EMCE4iL48SkBBtA,0,badcase,仅有泛食物标签，无宠物食品推广意图
2526,UCRgKmDD373u_QzoPgne2Z8A,The Hill Fam Show,https://cn.noxinfluencer.com/youtube/channel/UCRgKmDD373u_QzoPgne2Z8A,0,badcase,娱乐综艺为主，虽有宠物标签但缺少宠物消费场景
2528,UCRgRH93IrJrxeHXp_o8OBPQ,Doll Meets World,https://cn.noxinfluencer.com/youtube/channel/UCRgRH93IrJrxeHXp_o8OBPQ,0,badcase,儿童玩具内容，和宠物食品推广人群不匹配
2529,UCRi28IpYY25KfklcsFKH1_Q,Chin-Sun's Daily life진선의 일상,https://cn.noxinfluencer.com/youtube/channel/UCRi28IpYY25KfklcsFKH1_Q,-10,badcase,ASMR/日常生活频道，属于音频氛围型强格式错配
2530,UCRixkkcgt8Qv2TjoFxYj4mA,Max's Mom's Creations,https://cn.noxinfluencer.com/youtube/channel/UCRixkkcgt8Qv2TjoFxYj4mA,0,badcase,无频道标签、相关视频或近期内容，缺少宠物食品推广相关证据
2531,UCRj8Mp_OpTVaSAjA1kEV4sQ,Susan Lynn Political Predictions,https://cn.noxinfluencer.com/youtube/channel/UCRj8Mp_OpTVaSAjA1kEV4sQ,-15,badcase,政治/玄学/娱乐频道，与宠物食品推广目标明显不符
2532,UCRlULUmPT-i9LaE5GxXRQSg,Lingrand Pet Shop,https://cn.noxinfluencer.com/youtube/channel/UCRlULUmPT-i9LaE5GxXRQSg,0,badcase,频道名相关但缺少标签、视频与近期内容证据
2533,UCRmVrFuuTLLnPv7GMiZg69A,breafkast,https://cn.noxinfluencer.com/youtube/channel/UCRmVrFuuTLLnPv7GMiZg69A,0,badcase,频道主题为回收/捡垃圾，与宠物食品推广受众不匹配
2534,UCRnP-W64PbDLskajdoV5Tfg,Mirca The Husky,https://cn.noxinfluencer.com/youtube/channel/UCRnP-W64PbDLskajdoV5Tfg,-10,badcase,有宠物喂食相关词，但主体是ASMR狗吃内容，偏娱乐展示，缺少宠物食品推广意图
2535,UCRo9YHQIL02s2SPcFum9IWQ,CuteCritter Clips,https://cn.noxinfluencer.com/youtube/channel/UCRo9YHQIL02s2SPcFum9IWQ,0,badcase,无标签和内容证据，缺少宠物食品推广相关性，判为不相关
2536,UCRoHUVtfNVAWbt7cggPR2tw,Brian Boas,https://cn.noxinfluencer.com/youtube/channel/UCRoHUVtfNVAWbt7cggPR2tw,-10,badcase,蛇类宠物频道，非宠物食品/喂养购买场景
2537,UCRoznu-M3T-l2YoP6hah1Ng,Prime Shoppers World,https://cn.noxinfluencer.com/youtube/channel/UCRoznu-M3T-l2YoP6hah1Ng,0,badcase,无标签无内容信号，无法判断宠物食品相关性
2538,UCRqLN0uwZxdeJFyExkczUtw,Ich Bin Rasu,https://cn.noxinfluencer.com/youtube/channel/UCRqLN0uwZxdeJFyExkczUtw,-15,badcase,娱乐时尚频道，受众与宠物食品推广明显不匹配
2539,UCRqVDWoenRWnt-Mn3-BgYgg,Mo and friends,https://cn.noxinfluencer.com/youtube/channel/UCRqVDWoenRWnt-Mn3-BgYgg,-15,badcase,儿童校园内容为主，与宠物食品推广受众不符
2540,UCRr3jU_F6prvhVapEVEcOiA,Daily Animal Chaos Arena,https://cn.noxinfluencer.com/youtube/channel/UCRr3jU_F6prvhVapEVEcOiA,0,badcase,仅有泛动物名，缺少喂养和购买意图信号
2541,UCRr536uCAB89kx9afdxnnQw,Liya’s Face,https://cn.noxinfluencer.com/youtube/channel/UCRr536uCAB89kx9afdxnnQw,0,badcase,生活/时尚为主，缺少宠物食品或养宠购买信号
2542,UCRrfOvOO-Cni3xwvo6rDzhw,sylverclaws,https://cn.noxinfluencer.com/youtube/channel/UCRrfOvOO-Cni3xwvo6rDzhw,0,badcase,无标签无内容，无法判断与宠物食品推广相关
2543,UCRsdKFtohxcOTiXOcnQgJ3w,Funny Liu Xiao,https://cn.noxinfluencer.com/youtube/channel/UCRsdKFtohxcOTiXOcnQgJ3w,1,badcase,仅有泛化food标签，且以娱乐生活为主，不适合宠物食品推广
2544,UCRtCvdCttiwoEf7psS9Q2mQ,Melissa Wade,https://cn.noxinfluencer.com/youtube/channel/UCRtCvdCttiwoEf7psS9Q2mQ,0,badcase,无标签无内容，无法建立宠物食品相关性
2545,UCRtYnEAe6q97t6rEFB7u4nA,Small Hacks,https://cn.noxinfluencer.com/youtube/channel/UCRtYnEAe6q97t6rEFB7u4nA,0,badcase,农场/时尚混杂，缺少宠物喂养或购买意图
2546,UCRtzBcDRqa9AbcDI-Qgyf0Q,Mr. Skinny TV,https://cn.noxinfluencer.com/youtube/channel/UCRtzBcDRqa9AbcDI-Qgyf0Q,0,badcase,偏娱乐时尚向，和宠物食品推广无直接相关
2547,UCRuB_10xK7wYougU6SfqOpw,Genius Store Shorts,https://cn.noxinfluencer.com/youtube/channel/UCRuB_10xK7wYougU6SfqOpw,0,badcase,无标签无内容，无法判断为宠物食品相关
2548,UCRuQDG5vBOWqDObLJgodX4Q,Dragon_Misty Diaries,https://cn.noxinfluencer.com/youtube/channel/UCRuQDG5vBOWqDObLJgodX4Q,0,badcase,无标签无内容，和宠物食品推广缺少相关信号
2549,UCRukFN9U2SUAcVYkxO1illQ,Joshua Thomas,https://cn.noxinfluencer.com/youtube/channel/UCRukFN9U2SUAcVYkxO1illQ,0,badcase,偏钓鱼户外垂类，宠物标签过弱，不适合推宠粮
2550,UCRwu8FfXFI6g9ZktVHuzTCg,Orphans Boys Daily Life,https://cn.noxinfluencer.com/youtube/channel/UCRwu8FfXFI6g9ZktVHuzTCg,0,badcase,内容偏孤儿/生存叙事，与宠物食品推广明显不符
2551,UCRxnBQDrxNflq2MtBaEcrgA,Zef Earth,https://cn.noxinfluencer.com/youtube/channel/UCRxnBQDrxNflq2MtBaEcrgA,1,badcase,只有泛售卖语义，缺少宠物食品受众与购买场景证据
2552,UCRzDUbUqSrTZv47prIS7kfA,Sakthi's Tiger,https://cn.noxinfluencer.com/youtube/channel/UCRzDUbUqSrTZv47prIS7kfA,0,badcase,无标签与视频信息，无法证明与宠物食品推广相关
2553,UCRzTqKrs4Ws5FqvyiDiklXA,Miles&MeTarot,https://cn.noxinfluencer.com/youtube/channel/UCRzTqKrs4Ws5FqvyiDiklXA,-15,badcase,娱乐音乐向频道，和宠物食品投放场景明显不符
2555,UCS5BtqnwRTbZY-gvXWgN6VQ,PetsYlo,https://cn.noxinfluencer.com/youtube/channel/UCS5BtqnwRTbZY-gvXWgN6VQ,0,badcase,仅有宠物倾向名称，缺少标签和内容证据支撑投放
2556,UCS81O5zAYMzKFWX1-RSqEIw,CreativeMuse,https://cn.noxinfluencer.com/youtube/channel/UCS81O5zAYMzKFWX1-RSqEIw,0,badcase,无宠物食品相关标签或内容信号
2558,UCSAEgEP74Ou8lA9jcNrMhFA,Coffee with Rohan  lifestyle,https://cn.noxinfluencer.com/youtube/channel/UCSAEgEP74Ou8lA9jcNrMhFA,0,badcase,生活娱乐类频道，与宠物食品投放目标无关
2559,UCSAF9TeJeWnxHhpNees1mng,ReaderandMediumRosalind,https://cn.noxinfluencer.com/youtube/channel/UCSAF9TeJeWnxHhpNees1mng,-15,badcase,塔罗和通灵内容主导，和宠物食品受众不符
2560,UCSBeGObKlN-_ZPepn_Hf5Rw,Tongue Tied Games,https://cn.noxinfluencer.com/youtube/channel/UCSBeGObKlN-_ZPepn_Hf5Rw,-15,badcase,游戏内容主导，不适合宠物食品推广
2563,UCSE8wETXNcZBLVBhTw4AmDA,"Cynthia Thurlow, NP",https://cn.noxinfluencer.com/youtube/channel/UCSE8wETXNcZBLVBhTw4AmDA,0,badcase,人类健康号，和宠物食品受众不匹配
2564,UCSEahLRrOijFqvnDNTvGyuA,Baby story,https://cn.noxinfluencer.com/youtube/channel/UCSEahLRrOijFqvnDNTvGyuA,-15,badcase,剧情娱乐号，不适合做宠物食品推广
2566,UCSHJC5ARytsFdE4v2TlZLbQ,Ask About Life & How-To,https://cn.noxinfluencer.com/youtube/channel/UCSHJC5ARytsFdE4v2TlZLbQ,0,badcase,偏知识/健康泛内容，与宠物食品推广关联弱
2567,UCSIpSqRea9CXOrq2w5vjvRQ,Free and Paid,https://cn.noxinfluencer.com/youtube/channel/UCSIpSqRea9CXOrq2w5vjvRQ,0,badcase,修复改装类频道，和宠物食品推广无关
2568,UCSJEZ6JtZzd9hSbeA0OwolA,Craftopia,https://cn.noxinfluencer.com/youtube/channel/UCSJEZ6JtZzd9hSbeA0OwolA,0,badcase,手工创作频道，和宠物食品推广不匹配
2569,UCSLBPTMzCf8pbYPdhfKa5MQ,Zion the Golden,https://cn.noxinfluencer.com/youtube/channel/UCSLBPTMzCf8pbYPdhfKa5MQ,0,badcase,缺少标签与内容证据，无法判断为宠物食品相关
2571,UCSNEns8iY_joDMOYY2lkMOQ,Blasi Sabet,https://cn.noxinfluencer.com/youtube/channel/UCSNEns8iY_joDMOYY2lkMOQ,0,badcase,无标签无内容信号，无法支撑宠物食品推广
2573,UCSPSG4QPjN3pS78lroxww4A,Boston University School of Public Health,https://cn.noxinfluencer.com/youtube/channel/UCSPSG4QPjN3pS78lroxww4A,0,badcase,公共健康频道与宠物食品推广目标相关性很弱
2574,UCSPS_4pGiWmjWgLa8iR-nVg,Travel Secret Talks,https://cn.noxinfluencer.com/youtube/channel/UCSPS_4pGiWmjWgLa8iR-nVg,0,badcase,无可用标签和内容，缺少宠物食品相关依据
2577,UCSRIkxITk97y-kOKyutMjkQ,Nom Nom,https://cn.noxinfluencer.com/youtube/channel/UCSRIkxITk97y-kOKyutMjkQ,0,badcase,无标签无内容，缺少宠物食品相关信号
2578,UCSRO0JNUYTCjsk7VmMdNYKw,Gearbox,https://cn.noxinfluencer.com/youtube/channel/UCSRO0JNUYTCjsk7VmMdNYKw,-15,badcase,游戏频道，和宠物食品推广目标明显不符
2580,UCSUi9S7nMEzk6UGMD_QoLVQ,low96hb,https://cn.noxinfluencer.com/youtube/channel/UCSUi9S7nMEzk6UGMD_QoLVQ,0,badcase,RC车辆玩乐频道，缺少宠物食品相关性
2581,UCSWJH7nrsI5daIBd2Zntk7Q,ZERNAZ,https://cn.noxinfluencer.com/youtube/channel/UCSWJH7nrsI5daIBd2Zntk7Q,0,badcase,无标签与内容线索，和宠物食品无关
2582,UCSWdxbCvV6kmcRSsY1hSFaA,HackHop,https://cn.noxinfluencer.com/youtube/channel/UCSWdxbCvV6kmcRSsY1hSFaA,0,badcase,泛生活娱乐频道，缺少宠物食品相关意图
2583,UCSXHLi9HG56oCZwtgD0f5ew,Rocks Cousteau,https://cn.noxinfluencer.com/youtube/channel/UCSXHLi9HG56oCZwtgD0f5ew,0,badcase,古董拍卖类内容，与宠物食品推广无关
2584,UCSX_bX3hujy4R0f25hao5Zw,Noman's Vlogs USA.,https://cn.noxinfluencer.com/youtube/channel/UCSX_bX3hujy4R0f25hao5Zw,0,badcase,空标签空内容，无法建立宠物食品相关性
2588,UCSbRsWDMYeCZCZUtjPlSvAw,Half Moon Bay,https://cn.noxinfluencer.com/youtube/channel/UCSbRsWDMYeCZCZUtjPlSvAw,0,badcase,无标签无内容，缺乏宠粮相关信号
2589,UCSbdgMm0od-75IpuyPSP_yQ,Aethia AI,https://cn.noxinfluencer.com/youtube/channel/UCSbdgMm0od-75IpuyPSP_yQ,0,badcase,无标签无内容，无法判断宠粮相关性
2591,UCScTG7JDyJBVHdpWUMJx1Qw,Cooler depot,https://cn.noxinfluencer.com/youtube/channel/UCScTG7JDyJBVHdpWUMJx1Qw,1,badcase,仅有泛食品标签，无宠物食品或宠物护理推广语境
2593,UCSh2BRhXXMveamBDeOhubfQ,Irene Iron Travels,https://cn.noxinfluencer.com/youtube/channel/UCSh2BRhXXMveamBDeOhubfQ,0,badcase,RV旅行频道，与宠物食品推广无关
2594,UCSh3cchi5vBcPBUxB4TI1Iw,Political_Grunt510,https://cn.noxinfluencer.com/youtube/channel/UCSh3cchi5vBcPBUxB4TI1Iw,0,badcase,无标签和近期内容证据，缺少宠物食品推广相关性
2595,UCSha26BPh5RYcsJONn61t4w,Wild Wild Pets,https://cn.noxinfluencer.com/youtube/channel/UCSha26BPh5RYcsJONn61t4w,0,badcase,频道名相关但缺少标签、视频和近期内容证据，不足以判断适合推广
2598,UCSkv8NjCdlgybKb4P6t3-OQ,Влад,https://cn.noxinfluencer.com/youtube/channel/UCSkv8NjCdlgybKb4P6t3-OQ,0,badcase,无标签无内容，缺少任何宠物食品相关信号
2600,UCSm3v7ef6-aWtAVdvatmAFA,thepovertyprincess sharon sartori,https://cn.noxinfluencer.com/youtube/channel/UCSm3v7ef6-aWtAVdvatmAFA,-15,badcase,人类食物/救助餐食频道，不适合宠物食品推广
2603,UCSoIu2eyZeyQTqKPUi_6mWg,Movie-Penny,https://cn.noxinfluencer.com/youtube/channel/UCSoIu2eyZeyQTqKPUi_6mWg,-15,badcase,剧情娱乐号，与宠粮推广受众明显不匹配
2604,UCSq-l6jECCxxw7x2GvDhjtw,Xynix,https://cn.noxinfluencer.com/youtube/channel/UCSq-l6jECCxxw7x2GvDhjtw,0,badcase,无标签、视频或近期内容证据，缺少宠物食品推广相关性
2606,UCSr_9DIDnXlPxxSbW9-w-BQ,Dan Dillman,https://cn.noxinfluencer.com/youtube/channel/UCSr_9DIDnXlPxxSbW9-w-BQ,-15,badcase,历史神秘学频道，与宠物食品推广无关，适配度很低
2608,UCSssNDs9lT5b7o6hURC1TDA,Reis World,https://cn.noxinfluencer.com/youtube/channel/UCSssNDs9lT5b7o6hURC1TDA,2,badcase,仅有泛购物/食物标签，缺少宠物食品受众与购买意图
2610,UCSvVjznygXVr7JC01fx_XrQ,GemmiYup,https://cn.noxinfluencer.com/youtube/channel/UCSvVjznygXVr7JC01fx_XrQ,0,badcase,无标签、无相关视频内容，缺少宠物食品推广信号
2611,UCSyHWJ8E7egBDeyyzG1dNNg,Ultimate Vumli,https://cn.noxinfluencer.com/youtube/channel/UCSyHWJ8E7egBDeyyzG1dNNg,0,badcase,无有效标签与内容信号，无法支持宠物食品推广
2612,UCSzWJHK2rRVzL1Lw0FqJ4jg,Dove Calderwood,https://cn.noxinfluencer.com/youtube/channel/UCSzWJHK2rRVzL1Lw0FqJ4jg,0,badcase,无有效标签与内容信号，无法支持宠物食品推广
2614,UCT1zGK1xXQWGFB8yEUevcIQ,Buying Advisor,https://cn.noxinfluencer.com/youtube/channel/UCT1zGK1xXQWGFB8yEUevcIQ,0,badcase,无有效标签与内容信号，无法支持宠物食品推广
2617,UCT695JkHMQTwNl9rsPIB8tg,SAINT N MIKE,https://cn.noxinfluencer.com/youtube/channel/UCT695JkHMQTwNl9rsPIB8tg,0,badcase,无标签无内容证据，无法判断与宠物食品推广相关
2618,UCT85XIBOTu3nEsKhdCISj3Q,Delkor Systems,https://cn.noxinfluencer.com/youtube/channel/UCT85XIBOTu3nEsKhdCISj3Q,0,badcase,科技生活杂谈频道，与宠物食品推广无明显相关性
2620,UCTD47En66AtZSVigfpYGhvw,MyWyoStyle,https://cn.noxinfluencer.com/youtube/channel/UCTD47En66AtZSVigfpYGhvw,0,badcase,无标签无内容证据，与宠物食品推广不相关
2621,UCTEii27GtHKxq8xK1NJzppA,Juno,https://cn.noxinfluencer.com/youtube/channel/UCTEii27GtHKxq8xK1NJzppA,-15,badcase,娱乐/游戏/Vtuber频道，和宠粮推广场景明显不符
2623,UCTFHE2ni0-GAtP9SVHkSoeQ,SweetsRose⭐️,https://cn.noxinfluencer.com/youtube/channel/UCTFHE2ni0-GAtP9SVHkSoeQ,-15,badcase,儿童娱乐/玩具内容，和宠粮推广对象不匹配
2624,UCTG-3XWq6wM_MK2roqxdFdA,uHonKon Fun and Relax World,https://cn.noxinfluencer.com/youtube/channel/UCTG-3XWq6wM_MK2roqxdFdA,0,badcase,无标签、标题或近期内容证明与宠物食品推广相关
2626,UCTIL7gKhvJquvIeji4UfPpw,NextPhase Process,https://cn.noxinfluencer.com/youtube/channel/UCTIL7gKhvJquvIeji4UfPpw,0,badcase,无标签、标题或近期内容证据，无法支持宠物食品推广
2627,UCTIZyFR1utT76SxJ0vmXxZA,Bonaar Shimexi,https://cn.noxinfluencer.com/youtube/channel/UCTIZyFR1utT76SxJ0vmXxZA,0,badcase,无标签、无相关视频、无近期内容证据支持宠物食品推广
2628,UCTIxI4IRZ7sM8DG_CAB8Flw,DHgate,https://cn.noxinfluencer.com/youtube/channel/UCTIxI4IRZ7sM8DG_CAB8Flw,-15,badcase,娱乐短视频为主，和宠物食品推广不匹配
2630,UCTKzTNQGblVtuHG8rIzxH0Q,Uncle Denis: No Filter,https://cn.noxinfluencer.com/youtube/channel/UCTKzTNQGblVtuHG8rIzxH0Q,-15,badcase,搞笑娱乐频道，非宠物食品推广场景
2631,UCTNC_cKdX78pOAlzLtNkZfg,Kareem React,https://cn.noxinfluencer.com/youtube/channel/UCTNC_cKdX78pOAlzLtNkZfg,-9,badcase,仅有泛宠物弱相关，频道偏搞笑娱乐，不适合宠物食品推广
2632,UCTNogy7XJqyxRe9O0y2Kmlw,News Trends Stand,https://cn.noxinfluencer.com/youtube/channel/UCTNogy7XJqyxRe9O0y2Kmlw,0,badcase,新闻体育娱乐向，缺少宠物食品受众与购买意图
2633,UCTOeVogXxCG19k01e9rajAg,FactLens,https://cn.noxinfluencer.com/youtube/channel/UCTOeVogXxCG19k01e9rajAg,-10,badcase,宠物娱乐/动物搞笑频道，缺少宠物食品购买或喂养意图
2635,UCTR5ABBKMyw-pRfMT19kIsA,Aquarium Surge,https://cn.noxinfluencer.com/youtube/channel/UCTR5ABBKMyw-pRfMT19kIsA,0,badcase,频道信息为空，无法建立与宠物食品的相关性
2636,UCTS8VyZH5HU-xhYUIjxyTtg,𝔪𝔦𝔠𝔥𝔢𝔩𝔩𝔢,https://cn.noxinfluencer.com/youtube/channel/UCTS8VyZH5HU-xhYUIjxyTtg,-6,badcase,宠物仅弱相关，频道主轴为游戏娱乐，不适合宠物食品推广
2637,UCTTYccSBNghxcxULTGaO1bA,NerdWallet,https://cn.noxinfluencer.com/youtube/channel/UCTTYccSBNghxcxULTGaO1bA,0,badcase,金融教育频道，与宠物食品推广无关
2639,UCTVveg4toj4HjGk21nxzwyg,Healing Fur-Friends Forest,https://cn.noxinfluencer.com/youtube/channel/UCTVveg4toj4HjGk21nxzwyg,0,badcase,无标签无内容证据，无法判断与宠粮相关
2640,UCTX4QuK0_p8SvBUopIxKpWA,Life With Ron,https://cn.noxinfluencer.com/youtube/channel/UCTX4QuK0_p8SvBUopIxKpWA,0,badcase,人类美食与宠物食品推广场景不匹配
2641,UCTZRgA7H6MZhMz_V5WixSGg,Ai generation,https://cn.noxinfluencer.com/youtube/channel/UCTZRgA7H6MZhMz_V5WixSGg,0,badcase,无宠物食品相关标签或内容，纯AI生成不适合投放
2642,UCT_-LF83L-b11y3A9nGTJ4g,Dr. Pedi Natural Health,https://cn.noxinfluencer.com/youtube/channel/UCT_-LF83L-b11y3A9nGTJ4g,0,badcase,健康/食品是泛话题，缺少宠物食品受众与购买意图
2643,UCT_ptqQij_yiuhPGrKxJDwg,The 5 Best,https://cn.noxinfluencer.com/youtube/channel/UCT_ptqQij_yiuhPGrKxJDwg,0,badcase,科技测评频道与宠物食品受众不匹配
2644,UCTa8Jp9zk-SCz0UjpLOztag,Odd Things Only,https://cn.noxinfluencer.com/youtube/channel/UCTa8Jp9zk-SCz0UjpLOztag,0,badcase,缺少标签和内容证据，无法判断为宠物食品相关
2645,UCTaEg4-8VFgpbsu20EOFKXA,Doggy Poo,https://cn.noxinfluencer.com/youtube/channel/UCTaEg4-8VFgpbsu20EOFKXA,0,badcase,无标签、视频或近期内容证据，无法判断适合宠物食品推广
2646,UCTbG0T4mMASNEF3xZLq2Zew,American Ai,https://cn.noxinfluencer.com/youtube/channel/UCTbG0T4mMASNEF3xZLq2Zew,2,badcase,仅有泛食品/菜谱标签，缺少宠物食品投放意图
2647,UCTboy48IjU9RENGzkRNP0iQ,Wisdom of the Sphynx,https://cn.noxinfluencer.com/youtube/channel/UCTboy48IjU9RENGzkRNP0iQ,2,badcase,仅有猫/宠物泛标签，缺少宠物食品的购买或喂养场景
2648,UCTcjJQkp3KcKqIhj6zst4YA,NaturePest Natural Pest Control,https://cn.noxinfluencer.com/youtube/channel/UCTcjJQkp3KcKqIhj6zst4YA,-15,badcase,灭虫频道，与宠物食品推广目标明显不符
2649,UCTcy8JzLiqq4iMJRlUFgHCw,Spotlight STL from HEC Media,https://cn.noxinfluencer.com/youtube/channel/UCTcy8JzLiqq4iMJRlUFgHCw,0,badcase,频道为本地媒体/音乐艺术内容，与宠物食品推广无关
2651,UCTfDwKHWZ_mJQVE1_mN4Veg,Welcome Back to the Kitchen!,https://cn.noxinfluencer.com/youtube/channel/UCTfDwKHWZ_mJQVE1_mN4Veg,0,badcase,无标签无内容，缺乏任何宠物食品相关信号
2652,UCTfLsuocSTKRXK7d6y9BKtw,Ms Florida Hot Picks,https://cn.noxinfluencer.com/youtube/channel/UCTfLsuocSTKRXK7d6y9BKtw,-15,badcase,彩票选号内容，与宠物食品推广场景强冲突
2653,UCTgPiw0yi4jzF8ji__wdpGQ,Sheri Lyee,https://cn.noxinfluencer.com/youtube/channel/UCTgPiw0yi4jzF8ji__wdpGQ,0,badcase,无标签无内容，缺乏任何宠物食品相关信号
2655,UCTh3vdQ7SDH5WYFFr9pDtag,"Dr. Kyle Burton, DAOM, NCCAOM, LAC",https://cn.noxinfluencer.com/youtube/channel/UCTh3vdQ7SDH5WYFFr9pDtag,0,badcase,无标签无内容，缺乏任何宠物食品相关信号
2656,UCThEOJU_4JA4JL5B4npVksA,Fimi,https://cn.noxinfluencer.com/youtube/channel/UCThEOJU_4JA4JL5B4npVksA,0,badcase,无标签、无相关视频、无近期内容，缺乏宠物食品推广相关性
2657,UCThc549mc0dPkHjJFagubxA,BLOONDL,https://cn.noxinfluencer.com/youtube/channel/UCThc549mc0dPkHjJFagubxA,0,badcase,无标签、无相关视频或近期内容，缺乏宠物食品推广相关性
2658,UCTi9-lLw5RqQenEy6il527A,WOA Funny,https://cn.noxinfluencer.com/youtube/channel/UCTi9-lLw5RqQenEy6il527A,-10,badcase,娱乐搞笑频道为主，缺少宠物食品购买意图
2659,UCTiHb8k4CjS7se3XXwBVg8g,Really No Really Podcast,https://cn.noxinfluencer.com/youtube/channel/UCTiHb8k4CjS7se3XXwBVg8g,-5,badcase,播客娱乐向，和宠物食品推广场景不匹配
2660,UCTkDZbEs6MhUAHdLj6PPeFg,Chug Waggin,https://cn.noxinfluencer.com/youtube/channel/UCTkDZbEs6MhUAHdLj6PPeFg,0,badcase,无标签、标题或近期内容证据，无法判断宠物食品推广相关性
2661,UCTkhetliOHCDUPIKWI8o_1A,Tactic TV,https://cn.noxinfluencer.com/youtube/channel/UCTkhetliOHCDUPIKWI8o_1A,-15,badcase,全是游戏相关标签，与宠物食品推广场景强不相关
2662,UCTl26A7Nfomqu7F0HciEnRA,Aliexpress Fast Shipping,https://cn.noxinfluencer.com/youtube/channel/UCTl26A7Nfomqu7F0HciEnRA,0,badcase,无宠物食品相关信号，频道更偏跨境快运，不适合推广宠物食品
2663,UCTlcR_PxTjEA3iE5xRIgm9g,Pets Vibe,https://cn.noxinfluencer.com/youtube/channel/UCTlcR_PxTjEA3iE5xRIgm9g,0,badcase,无标签、视频或近期内容证据，无法判断宠物食品推广相关性
2664,UCTlmw0ZClw6HaFEVP0ba5gA,RICH LUX SHOPPING,https://cn.noxinfluencer.com/youtube/channel/UCTlmw0ZClw6HaFEVP0ba5gA,-4,badcase,购物时尚美妆频道，缺少宠物食品推广意图
2665,UCTm1mspJMJ0br4G8UWpkXqg,Will Chu,https://cn.noxinfluencer.com/youtube/channel/UCTm1mspJMJ0br4G8UWpkXqg,0,badcase,无标签和视频证据，无法支持宠物食品推广
2666,UCTmVdiIcYfK0RJlur0CnYPg,ADC Houndstone & Co.,https://cn.noxinfluencer.com/youtube/channel/UCTmVdiIcYfK0RJlur0CnYPg,0,badcase,无宠物食品相关信号，无法支持推广
2667,UCTnTPk_Ss-wpfU_YRSw5eiA,bareskinjj,https://cn.noxinfluencer.com/youtube/channel/UCTnTPk_Ss-wpfU_YRSw5eiA,-5,badcase,美妆护肤频道，与宠物食品受众不符
2668,UCTnY5ZTCQ3uIWmvYnO_r9dA,ENDLESS JOKES,https://cn.noxinfluencer.com/youtube/channel/UCTnY5ZTCQ3uIWmvYnO_r9dA,0,badcase,仅有娱乐属性，无宠物食品推广相关性
2669,UCTo1g9be552RF0ZPcwIc2ZA,faroutvids,https://cn.noxinfluencer.com/youtube/channel/UCTo1g9be552RF0ZPcwIc2ZA,0,badcase,缺少可用标签与内容证据，相关性不足
2670,UCToPLialjqqlLOZ_QQyujZA,Jack Russell Parents,https://cn.noxinfluencer.com/youtube/channel/UCToPLialjqqlLOZ_QQyujZA,0,badcase,无标签、视频和近期内容证据，无法支持宠物食品推广
2672,UCTqm4HuIAVVGx3Mlip33juQ,Te Amo Pets,https://cn.noxinfluencer.com/youtube/channel/UCTqm4HuIAVVGx3Mlip33juQ,0,badcase,无标签、标题或近期内容证据，无法判断适合宠物食品推广
2673,UCTrOpeOhIAQVCyAh05DkHXQ,Cool Tool,https://cn.noxinfluencer.com/youtube/channel/UCTrOpeOhIAQVCyAh05DkHXQ,-10,badcase,ASMR手作类频道，与宠物食品推广目标不符
2674,UCTrpQ1vLvomyh8CDzoTJxgQ,Woodworking Arts,https://cn.noxinfluencer.com/youtube/channel/UCTrpQ1vLvomyh8CDzoTJxgQ,-10,badcase,木工/ASMR频道，和宠物食品推广目标无关，格式也不适合。
2675,UCTrsnfoHgZ9joSW2AaErbIg,Let's Go Liz,https://cn.noxinfluencer.com/youtube/channel/UCTrsnfoHgZ9joSW2AaErbIg,1,badcase,仅有泛化food标签，缺少宠物/动物/营养相关信号，和宠物食品推广不匹配
2676,UCTsqwIsZQPWkmwsxQqly8Vg,cbatilo,https://cn.noxinfluencer.com/youtube/channel/UCTsqwIsZQPWkmwsxQqly8Vg,0,badcase,车辆/科技类频道，与宠物食品推广无关
2678,UCTv8qU3VRWMVQPtlGMGp37g,Nexa Shorts,https://cn.noxinfluencer.com/youtube/channel/UCTv8qU3VRWMVQPtlGMGp37g,-15,badcase,娱乐影视类内容，与宠物食品推广场景不符
2679,UCTvV7op96n8DlEpjJnHomaw,KJLindenmuth,https://cn.noxinfluencer.com/youtube/channel/UCTvV7op96n8DlEpjJnHomaw,0,badcase,无标签无内容信号，无法判断为相关频道
2680,UCTwQtTA1VKfj7tX5TlPUaAA,Tinsley Equipment Company,https://cn.noxinfluencer.com/youtube/channel/UCTwQtTA1VKfj7tX5TlPUaAA,0,badcase,仅有公司名，无宠物食品相关信号
2681,UCTwXGEG2_gBraHdSqwArjFw,BluEyed Ninja,https://cn.noxinfluencer.com/youtube/channel/UCTwXGEG2_gBraHdSqwArjFw,0,badcase,娱乐户外型频道，缺少宠物食品购买或测评信号
2683,UCTx_ao_ZK50Kiw_sxRS-j_g,Best Reviews,https://cn.noxinfluencer.com/youtube/channel/UCTx_ao_ZK50Kiw_sxRS-j_g,0,badcase,无标签、无相关视频、无近期内容证据支持宠物食品推广
2684,UCTxnE_wlCFES24LqfBrZ1Ew,Shalom5,https://cn.noxinfluencer.com/youtube/channel/UCTxnE_wlCFES24LqfBrZ1Ew,0,badcase,无标签无视频，无法支持宠物食品推广
2686,UCTyaqsUWcQL97RiyaD-IoJQ,AllCatsGoToHeaven,https://cn.noxinfluencer.com/youtube/channel/UCTyaqsUWcQL97RiyaD-IoJQ,-7,badcase,宠物题材但以搞笑娱乐为主，缺少宠物食品购买或测评意图
2687,UCTziSAUDEP2V2XhT1ZQbY9Q,tequila,https://cn.noxinfluencer.com/youtube/channel/UCTziSAUDEP2V2XhT1ZQbY9Q,0,badcase,无标签和内容证据，无法支撑宠物食品推广
2688,UCU-1Q1DmwOXGUJftrqdxpUQ,Jeanette Beautie TV,https://cn.noxinfluencer.com/youtube/channel/UCU-1Q1DmwOXGUJftrqdxpUQ,1,badcase,仅有泛食品标签，内容偏美妆生活，缺少宠物喂养或购买意图
2689,UCU1Ci0eYSHLm2G2zykfIVsA,TwoLuckyHearts,https://cn.noxinfluencer.com/youtube/channel/UCU1Ci0eYSHLm2G2zykfIVsA,0,badcase,无标签和内容证据，缺少宠物食品推广相关性
2690,UCU3K1lqW6lY6deqjTAO5Z3w,Isaac Bradshaw,https://cn.noxinfluencer.com/youtube/channel/UCU3K1lqW6lY6deqjTAO5Z3w,0,badcase,无标签、标题或近期内容证据支持宠物食品推广
2691,UCU4ytu15ne5hV8D4A_dVbHA,THE HAWK - Nature animal documentary,https://cn.noxinfluencer.com/youtube/channel/UCU4ytu15ne5hV8D4A_dVbHA,-4,badcase,动物纪录片/驴主题，缺少宠物食品、营养或购买意图
2692,UCU5fuplXj_5gwSM6up-hHdw,Ads of Brands,https://cn.noxinfluencer.com/youtube/channel/UCU5fuplXj_5gwSM6up-hHdw,0,badcase,品牌娱乐向频道，与宠物食品推广场景无关
2694,UCU6RU5AhEjgtBU6SxMm2i-g,Locale,https://cn.noxinfluencer.com/youtube/channel/UCU6RU5AhEjgtBU6SxMm2i-g,-9,badcase,旅游与本地美食频道，缺少宠物食品购买或养宠语境
2695,UCU7YbVpxfKmZ8gZxp4P1XiA,tec foryou,https://cn.noxinfluencer.com/youtube/channel/UCU7YbVpxfKmZ8gZxp4P1XiA,0,badcase,无标签无内容证据，无法支持宠物食品推广
2696,UCU86c0WOmWEsK0WrNTE1klA,asoftdolphin,https://cn.noxinfluencer.com/youtube/channel/UCU86c0WOmWEsK0WrNTE1klA,0,badcase,无标签无内容信号，相关性不足
2698,UCU9TgiwG5qYdT7MClBvxJlQ,Bipspin81,https://cn.noxinfluencer.com/youtube/channel/UCU9TgiwG5qYdT7MClBvxJlQ,-15,badcase,频道以喜剧娱乐为主，缺少宠物食品营养或购买意图。
2699,UCUBfEG0eIGdB88bxw1vTfzw,Vibes To,https://cn.noxinfluencer.com/youtube/channel/UCUBfEG0eIGdB88bxw1vTfzw,0,badcase,短视频娱乐向，和宠物食品推广基本无关
2700,UCUDBrgi6cmqCi0AFuN80iLQ,Diego Hernandez-Romero VHS Openings And Closing,https://cn.noxinfluencer.com/youtube/channel/UCUDBrgi6cmqCi0AFuN80iLQ,-15,badcase,影视娱乐内容为主，与宠物食品推广明显错位
2701,UCUHW9oR4Ti3nxIgVwln2KuA,"Qualys, Inc.",https://cn.noxinfluencer.com/youtube/channel/UCUHW9oR4Ti3nxIgVwln2KuA,0,badcase,科技安全垂类，与宠粮推广无关
2702,UCUI6KmdZ3MvyHMfy4-YHhjw,radheranikabhakt,https://cn.noxinfluencer.com/youtube/channel/UCUI6KmdZ3MvyHMfy4-YHhjw,-8,badcase,宠物受众有重合，但娱乐内容偏主导
2703,UCUIp4ATqILS6ZpIJEWCckGA,I Like Food,https://cn.noxinfluencer.com/youtube/channel/UCUIp4ATqILS6ZpIJEWCckGA,0,badcase,仅有泛食品语义，缺少宠物受众信号
2704,UCUJxiaLOQiaD6mUP5Xj9YTA,VLADHQ,https://cn.noxinfluencer.com/youtube/channel/UCUJxiaLOQiaD6mUP5Xj9YTA,0,badcase,音乐说唱娱乐向，与宠粮推广无关
2706,UCULi8JLqMAM2o9K4sIU4NDQ,Sauce Queen,https://cn.noxinfluencer.com/youtube/channel/UCULi8JLqMAM2o9K4sIU4NDQ,1,badcase,美食吃播，和宠物食品推广对象不匹配
2708,UCUMPlgTI685TukAJrDESb-w,Rudolfio,https://cn.noxinfluencer.com/youtube/channel/UCUMPlgTI685TukAJrDESb-w,-15,badcase,娱乐短视频频道，和宠物食品推广场景明显不符
2709,UCUN-JOiDi3lF3O_Vdpm4QOA,Nameless Animals,https://cn.noxinfluencer.com/youtube/channel/UCUN-JOiDi3lF3O_Vdpm4QOA,-15,badcase,动物娱乐向内容，不适合宠物食品投放
2710,UCUNeWEiruH3eoBMb17WIrRQ,Fauzia Zahid,https://cn.noxinfluencer.com/youtube/channel/UCUNeWEiruH3eoBMb17WIrRQ,0,badcase,无标签无内容，无法判断相关性，按不相关处理
2711,UCUOtXjq6FO6FpJzQRZGWk8Q,WhiskersAndGiggles,https://cn.noxinfluencer.com/youtube/channel/UCUOtXjq6FO6FpJzQRZGWk8Q,0,badcase,无标签无内容，和宠物食品无关
2712,UCUQynf9NUp2otxYoDnXEV_Q,Food Media Network,https://cn.noxinfluencer.com/youtube/channel/UCUQynf9NUp2otxYoDnXEV_Q,2,badcase,人类烹饪内容，和宠物食品推广不匹配
2713,UCURUU6J6c849o4zYVHSpPwA,Kigaa,https://cn.noxinfluencer.com/youtube/channel/UCURUU6J6c849o4zYVHSpPwA,0,badcase,无标签无内容，缺少宠物食品相关信号
2715,UCUSQ3AcOX813rRXzAu6-FsQ,Fact Queen,https://cn.noxinfluencer.com/youtube/channel/UCUSQ3AcOX813rRXzAu6-FsQ,1,badcase,泛娱乐健康频道，缺少宠物受众和购买意图
2716,UCUT117me749vhyGIR_t3noQ,The Country Couponer - SHORTS,https://cn.noxinfluencer.com/youtube/channel/UCUT117me749vhyGIR_t3noQ,0,badcase,无标签与内容证据，缺少宠物食品采购或喂养语境
2717,UCUTIMTSWBP35U4VlF78LhCQ,Alex King,https://cn.noxinfluencer.com/youtube/channel/UCUTIMTSWBP35U4VlF78LhCQ,0,badcase,无标签与内容证据，无法支持宠物食品推广
2718,UCUU5ywPQQN_wTdzrebvRocA,Nevada County Media,https://cn.noxinfluencer.com/youtube/channel/UCUU5ywPQQN_wTdzrebvRocA,0,badcase,偏本地娱乐/杂项内容，与宠物食品购买意图不匹配
2719,UCUVPX_rHwCZ6drs9jyhP-8w,Tech Hack,https://cn.noxinfluencer.com/youtube/channel/UCUVPX_rHwCZ6drs9jyhP-8w,0,badcase,科技泛内容，与宠物食品喂养和推广场景不相关
2720,UCUVwO0SKQmdUmDJwmfe2smA,X-Tremevidpro,https://cn.noxinfluencer.com/youtube/channel/UCUVwO0SKQmdUmDJwmfe2smA,2,badcase,仅有泛化food/health，缺少宠物语境和购买意图
2721,UCUVzjyDLHOkR32nFb6T8z9Q,Sightbox,https://cn.noxinfluencer.com/youtube/channel/UCUVzjyDLHOkR32nFb6T8z9Q,0,badcase,无标签无内容，缺少宠物食品相关性信号
2722,UCUWLW6XTej-Q2YMW6CcDM5A,Dojo Kun Comics,https://cn.noxinfluencer.com/youtube/channel/UCUWLW6XTej-Q2YMW6CcDM5A,0,badcase,无标签无内容，不适合宠物食品推广召回
2724,UCUYjfOF9aC0h9-uNpTeMffA,Jackson Animation,https://cn.noxinfluencer.com/youtube/channel/UCUYjfOF9aC0h9-uNpTeMffA,-14,badcase,以娱乐动画为主，和宠物食品推广场景不匹配
2726,UCUZ36JQYNnWAyTt-qW8UXkg,Goat Movie,https://cn.noxinfluencer.com/youtube/channel/UCUZ36JQYNnWAyTt-qW8UXkg,0,badcase,无标签和视频证据，无法支持宠物食品推广相关性
2727,UCUa56Tmx-mh-_MxlmA--a4g,KoKoni Dog’s World,https://cn.noxinfluencer.com/youtube/channel/UCUa56Tmx-mh-_MxlmA--a4g,0,badcase,无标签、标题或召回视频证据，无法支持宠物食品推广
2729,UCUcjZhqCFosxUGA5t2eUVDw,Dumpster diving momma of 2,https://cn.noxinfluencer.com/youtube/channel/UCUcjZhqCFosxUGA5t2eUVDw,-15,badcase,免费捡拾/freegan 主题，与宠物食品推广目标明显不符
2730,UCUdJZSkKOQPpoDyqPz-lSjA,K-State,https://cn.noxinfluencer.com/youtube/channel/UCUdJZSkKOQPpoDyqPz-lSjA,-10,badcase,大学/社会知识频道，无宠物食品或购买喂养场景相关信号
2731,UCUeo46WhhQiRnqRzp3D6B8A,Queen Star KungFu,https://cn.noxinfluencer.com/youtube/channel/UCUeo46WhhQiRnqRzp3D6B8A,-8,badcase,故事娱乐向，只有宠物/狗泛标签，缺少宠物食品购买意图
2735,UCUiDE-dYwpAN8NEfnKq7cxQ,Mr Las Official,https://cn.noxinfluencer.com/youtube/channel/UCUiDE-dYwpAN8NEfnKq7cxQ,0,badcase,无标签与内容证据，无法支持宠物食品推广
2737,UCUjtw_c06djDmp5aHymT4RQ,Chenly Creative,https://cn.noxinfluencer.com/youtube/channel/UCUjtw_c06djDmp5aHymT4RQ,0,badcase,缺少任何宠物食品或购买场景信号
2738,UCUkFLGKdIELdrPicD-PTYJQ,Alisha Benson,https://cn.noxinfluencer.com/youtube/channel/UCUkFLGKdIELdrPicD-PTYJQ,0,badcase,缺少任何宠物食品或购买场景信号
2739,UCUkNljWXYlKxn36Dr3YAqrw,Fijuho Meboge,https://cn.noxinfluencer.com/youtube/channel/UCUkNljWXYlKxn36Dr3YAqrw,0,badcase,缺少任何宠物食品或购买场景信号
2740,UCUknL1K-YGAa5sIss9t0_ug,KOAA 5,https://cn.noxinfluencer.com/youtube/channel/UCUknL1K-YGAa5sIss9t0_ug,-10,badcase,新闻频道，与宠物食品推广场景不匹配
2741,UCUldPQCtWVa7Iw4va8MKpBA,Daily Savage Fun,https://cn.noxinfluencer.com/youtube/channel/UCUldPQCtWVa7Iw4va8MKpBA,0,badcase,无标签、视频或近期内容证据，无法支持宠物食品推广
2742,UCUnVz4yrqPkrQz_6t6TxdQw,BarkAndDrama,https://cn.noxinfluencer.com/youtube/channel/UCUnVz4yrqPkrQz_6t6TxdQw,0,badcase,无相关标签和内容信号，无法支持宠物食品推广
2743,UCUntg87EmVsfzFA59rN_Slw,Cooking With Pc9,https://cn.noxinfluencer.com/youtube/channel/UCUntg87EmVsfzFA59rN_Slw,0,badcase,无标签、无相关视频证据，无法支持宠物食品推广
2744,UCUodCJqNkqZXyLRdaToO15Q,Gabriel's 3D Printing,https://cn.noxinfluencer.com/youtube/channel/UCUodCJqNkqZXyLRdaToO15Q,0,badcase,频道为3D打印内容，与宠物食品推广无关
2745,UCUouiRj1SKi4NQxvtFevZIg,ALLIEDFLEX Technologies,https://cn.noxinfluencer.com/youtube/channel/UCUouiRj1SKi4NQxvtFevZIg,1,badcase,工业包装设备频道，仅有宠物食品包装场景弱相关
2747,UCUrrjRVvosKy_KkYjF_WZvg,SurfboardAstronaut89,https://cn.noxinfluencer.com/youtube/channel/UCUrrjRVvosKy_KkYjF_WZvg,0,badcase,美术娱乐频道，和宠物食品推广无关
2748,UCUrvpUO0pmF447Dp1WgFJBA,WambuiSRBabangida,https://cn.noxinfluencer.com/youtube/channel/UCUrvpUO0pmF447Dp1WgFJBA,0,badcase,无标签、无标题内容，缺乏宠物食品推广相关证据
2749,UCUsOE78cRjMN1JUA6neyoug,TheStrawberryAnia Home & Garden,https://cn.noxinfluencer.com/youtube/channel/UCUsOE78cRjMN1JUA6neyoug,0,badcase,无宠物食品相关标签或内容证据，且缺少最近视频支撑
2750,UCUtKyaQabgD_A3Csx6yi5uQ,Shawon Vlogs,https://cn.noxinfluencer.com/youtube/channel/UCUtKyaQabgD_A3Csx6yi5uQ,0,badcase,标签偏泛，缺少宠物食品、宠物护理或购买意图信号
4501,UCt6yEUd9-ckmtIOezZIAMdA,Fighting Grandpa,https://cn.noxinfluencer.com/youtube/channel/UCt6yEUd9-ckmtIOezZIAMdA,-13,badcase,宠物娱乐频道，缺少喂养/购买语境
4502,UCt77TKkJ-PY5wVEDyrx66_w,Ryan Silver,https://cn.noxinfluencer.com/youtube/channel/UCt77TKkJ-PY5wVEDyrx66_w,0,badcase,鞋服时尚频道，与宠物食品推广无关
4503,UCt7BUKwI2PjJVjHSYBYOOBA,Quiz Mart,https://cn.noxinfluencer.com/youtube/channel/UCt7BUKwI2PjJVjHSYBYOOBA,-15,badcase,动画梗内容为主，和宠物食品推广不适配
4504,UCtAdBnLTS9dLpfL594SorBQ,Uncle Dave's movie and toy channel,https://cn.noxinfluencer.com/youtube/channel/UCtAdBnLTS9dLpfL594SorBQ,-15,badcase,电影玩具混合频道，缺少宠物食品导购语境
4505,UCtAda-XVybYmIHsowcuzxWg,TikBOOMTok,https://cn.noxinfluencer.com/youtube/channel/UCtAda-XVybYmIHsowcuzxWg,0,badcase,无标签、无相关视频、无近期内容，缺少宠物食品推广相关证据
4506,UCtB_xONmepHz28BwR46gLNw,DuoQuest,https://cn.noxinfluencer.com/youtube/channel/UCtB_xONmepHz28BwR46gLNw,0,badcase,无标签、无相关内容，缺乏宠物食品推广相关性
4507,UCtCOBZqlXXy9QEd_sXNLeOw,Vivi TV,https://cn.noxinfluencer.com/youtube/channel/UCtCOBZqlXXy9QEd_sXNLeOw,0,badcase,无标签无内容，缺乏宠物食品推广相关证据
4509,UCtFhL0Wrm5W9ty2HbMQiRVg,Lali Crafts,https://cn.noxinfluencer.com/youtube/channel/UCtFhL0Wrm5W9ty2HbMQiRVg,-8,badcase,仅泛宠物受众，且娱乐/吸血鬼题材不适合宠物食品推广
4510,UCtHCrf6Q-iPrUUNADXW4zmA,Shark Puppet Benji,https://cn.noxinfluencer.com/youtube/channel/UCtHCrf6Q-iPrUUNADXW4zmA,-5,badcase,娱乐搞笑向内容，缺少宠物食品/喂养相关信号
4511,UCtHZ1qs5h4sx9TijVBQCMIA,Bank of America,https://cn.noxinfluencer.com/youtube/channel/UCtHZ1qs5h4sx9TijVBQCMIA,0,badcase,金融/商业频道，与宠物食品推广无关
4513,UCtIvUuy9ZX7bV5JxW_rrIDg,Nizage Gojoqu,https://cn.noxinfluencer.com/youtube/channel/UCtIvUuy9ZX7bV5JxW_rrIDg,0,badcase,无标签无内容，无法支持宠物食品推广判断
4514,UCtJO_mSM2PL2mnNsV36sMig,CG14,https://cn.noxinfluencer.com/youtube/channel/UCtJO_mSM2PL2mnNsV36sMig,-12,badcase,ASMR娱乐型内容，和宠物食品推广场景明显不匹配
4517,UCtKqDAdoV_QJZNNwN3n0M7g,Josh Lindsey,https://cn.noxinfluencer.com/youtube/channel/UCtKqDAdoV_QJZNNwN3n0M7g,0,badcase,无标签无内容，缺少任何宠物食品相关信号
4518,UCtL1EP2pIOIprhk6GVoFtIQ,Bubble’s Mini Show,https://cn.noxinfluencer.com/youtube/channel/UCtL1EP2pIOIprhk6GVoFtIQ,0,badcase,无标签无内容，缺少任何宠物食品相关信号
4519,UCtL3Shbh4_Anest60zKFfYg,Cats and Dogs Animation,https://cn.noxinfluencer.com/youtube/channel/UCtL3Shbh4_Anest60zKFfYg,-10,badcase,动画娱乐向，和宠物食品推广的投放场景不匹配
4520,UCtMWfGD23V-eSOnRAt0sq6w,Nestlé USA,https://cn.noxinfluencer.com/youtube/channel/UCtMWfGD23V-eSOnRAt0sq6w,2,badcase,偏人类食品/商业健康内容，缺少宠物喂养场景
4521,UCtMZA6ATyNsCPJ2sXCmGtGw,Jessica Art JT,https://cn.noxinfluencer.com/youtube/channel/UCtMZA6ATyNsCPJ2sXCmGtGw,0,badcase,手工艺术频道，无宠物食品采购或喂养场景
4522,UCtNUdFOIDSZSTXdw0IfB1TQ,24KGTV,https://cn.noxinfluencer.com/youtube/channel/UCtNUdFOIDSZSTXdw0IfB1TQ,0,badcase,偏娱乐车辆内容，缺少宠物食品相关受众意图
4523,UCtOQTD3Siv7J1XZbVUuw7Cg,Timi Nadela,https://cn.noxinfluencer.com/youtube/channel/UCtOQTD3Siv7J1XZbVUuw7Cg,0,badcase,无标签无内容，无法判断为宠物食品推广匹配
4524,UCtOd-MeLARvZGcA0w8RCAlQ,Voyager AI,https://cn.noxinfluencer.com/youtube/channel/UCtOd-MeLARvZGcA0w8RCAlQ,0,badcase,无标签无内容，缺少宠物食品相关推广信号
4525,UCtS501firADMhpCfJtdX2Xg,2nd Update,https://cn.noxinfluencer.com/youtube/channel/UCtS501firADMhpCfJtdX2Xg,0,badcase,娱乐音乐手工混合频道，与宠物食品推广不匹配
4526,UCtVsx83lS0OSmRNn6f_vfEQ,TIMON SHOW,https://cn.noxinfluencer.com/youtube/channel/UCtVsx83lS0OSmRNn6f_vfEQ,0,badcase,实验/汽车频道，与宠物食品推广无关
4527,UCtVyXpb7vzWYcZytGXOuM2Q,PopTeenToons - Funny Cartoons,https://cn.noxinfluencer.com/youtube/channel/UCtVyXpb7vzWYcZytGXOuM2Q,-15,badcase,动画娱乐频道，和宠物食品推广场景不匹配
4528,UCtW5p21aB_F_7p961ebaoXA,VR360 - AVATAR,https://cn.noxinfluencer.com/youtube/channel/UCtW5p21aB_F_7p961ebaoXA,-15,badcase,VR美女内容，与宠物食品推广无关
4529,UCtW7EDWjBrw8RV4IBGnlgvw,Betty The Basset,https://cn.noxinfluencer.com/youtube/channel/UCtW7EDWjBrw8RV4IBGnlgvw,0,badcase,无标签、标题或召回内容证明宠物食品推广相关性
4530,UCtXBm0tp_xCzz4gEizYfN8w,SiriStarTrailer Export,https://cn.noxinfluencer.com/youtube/channel/UCtXBm0tp_xCzz4gEizYfN8w,0,badcase,食品车/拖车内容，缺少宠物食品受众信号
4531,UCtZEGixmrR0vR2vxUiuUsMg,Cyder,https://cn.noxinfluencer.com/youtube/channel/UCtZEGixmrR0vR2vxUiuUsMg,-15,badcase,游戏频道与宠物食品推广场景明显不符
4533,UCt_AdeNpmJXf-N-LwEYk87w,Entertainment channel,https://cn.noxinfluencer.com/youtube/channel/UCt_AdeNpmJXf-N-LwEYk87w,-20,badcase,娱乐影视频道，和宠物食品推广目标明显不符
4535,UCta-IjIkUozU9AnBRuU0FoA,KatieG8tor,https://cn.noxinfluencer.com/youtube/channel/UCta-IjIkUozU9AnBRuU0FoA,1,badcase,仅有泛食品标签，缺少宠物喂养或购买意图，相关性很弱
4537,UCtcO6Q9fwWQ_nKNSG4dlB6g,winter,https://cn.noxinfluencer.com/youtube/channel/UCtcO6Q9fwWQ_nKNSG4dlB6g,0,badcase,无标签无内容信号，无法判断为宠物食品相关
4540,UCtdZbXnHqtwLrxhylQuQtVg,Subarnas Animal Point,https://cn.noxinfluencer.com/youtube/channel/UCtdZbXnHqtwLrxhylQuQtVg,0,badcase,无标签无内容信号，相关性不足
4541,UCteJQ01qoCPOZT0P0CApQ9A,Auzzie,https://cn.noxinfluencer.com/youtube/channel/UCteJQ01qoCPOZT0P0CApQ9A,0,badcase,无宠物食品相关标签或内容信号
4544,UCtgVtiZ4ZhUc5UiqNJ4_shQ,Hometown Station 11 Production,https://cn.noxinfluencer.com/youtube/channel/UCtgVtiZ4ZhUc5UiqNJ4_shQ,0,badcase,新闻娱乐型频道，和宠物食品投放关联弱
4546,UCtjyNP9Vy9W2ZFishqfnqKg,RacaRobert,https://cn.noxinfluencer.com/youtube/channel/UCtjyNP9Vy9W2ZFishqfnqKg,0,badcase,无相关标签或内容，缺乏宠物食品推广受众信号
4547,UCtpDaGwY_Vb267MaFnD7WQA,Finders Review,https://cn.noxinfluencer.com/youtube/channel/UCtpDaGwY_Vb267MaFnD7WQA,0,badcase,无相关标签或内容，难以判断适合宠物食品推广
4548,UCtqIjbyhRxhBIxsO89mRykw,Miscelaneosusa Store,https://cn.noxinfluencer.com/youtube/channel/UCtqIjbyhRxhBIxsO89mRykw,0,badcase,无相关标签或内容，缺少宠物食品投放依据
4550,UCtrpVw5u_JAobWM4XSRRrlA,Online Shopping,https://cn.noxinfluencer.com/youtube/channel/UCtrpVw5u_JAobWM4XSRRrlA,0,badcase,无相关标签或内容，缺少宠物食品推广信号
4551,UCtsZn52K8qGCrWq11jTmjEA,Reddit Tale Teller,https://cn.noxinfluencer.com/youtube/channel/UCtsZn52K8qGCrWq11jTmjEA,0,badcase,无宠物食品相关标签或内容，频道名偏Reddit叙事娱乐
4552,UCtsyIK8C33szxz-mskM0XZA,Delicious Food ®,https://cn.noxinfluencer.com/youtube/channel/UCtsyIK8C33szxz-mskM0XZA,2,badcase,仅有人类美食泛相关，无宠物食品或宠物受众信号
4554,UCttB5CXMadukUg0_e7q13Bw,Great Measures,https://cn.noxinfluencer.com/youtube/channel/UCttB5CXMadukUg0_e7q13Bw,-15,badcase,重音乐娱乐向，和宠物食品投放场景明显不符
4555,UCttOZEGJLZU7la96z33Y-Pg,Awetu Jatt Gbagyi,https://cn.noxinfluencer.com/youtube/channel/UCttOZEGJLZU7la96z33Y-Pg,-15,badcase,以搞笑娱乐为主，宠物词不构成投放相关
4557,UCtvJbVH3XlANcnBO8o3VP5Q,mrhumboldthippy,https://cn.noxinfluencer.com/youtube/channel/UCtvJbVH3XlANcnBO8o3VP5Q,0,badcase,生活杂项频道，与宠物食品推广无明显相关
4558,UCtvo15qApgZF8sHIVMEADwA,Eva the Steam Oven Diva,https://cn.noxinfluencer.com/youtube/channel/UCtvo15qApgZF8sHIVMEADwA,0,badcase,蒸烤箱食谱频道，和宠物食品受众不匹配
4559,UCtwZRcM1fPKWmeaKWzD0bdA,IAB - Interactive Advertising Bureau,https://cn.noxinfluencer.com/youtube/channel/UCtwZRcM1fPKWmeaKWzD0bdA,0,badcase,广告协会类内容，非宠物消费品创作者场景
4560,UCtxn9ytbExBiQbHA1hbMDRQ,Coral Bay Films,https://cn.noxinfluencer.com/youtube/channel/UCtxn9ytbExBiQbHA1hbMDRQ,0,badcase,体育影视频道，与宠物食品推广无关
4561,UCtxo0nTZjzlKJq5-vJq6s6g,The Dr. Gundry Podcast,https://cn.noxinfluencer.com/youtube/channel/UCtxo0nTZjzlKJq5-vJq6s6g,0,badcase,人类健康播客，和宠物食品推广受众不符
4562,UCtyIFoylPNcgMzUwIdR44Dw,Top 5 Zone,https://cn.noxinfluencer.com/youtube/channel/UCtyIFoylPNcgMzUwIdR44Dw,0,badcase,无标签、视频或近期内容证据支持宠物食品推广相关性
4564,UCtyuvwXNRj_GGw3dys-H2dA,Tay's Top Picks,https://cn.noxinfluencer.com/youtube/channel/UCtyuvwXNRj_GGw3dys-H2dA,0,badcase,无标签、标题或近期内容支持宠物食品推广相关性
4565,UCu-SHbNmcwYXqqe2iA8Iy_Q,วรรณิพา โพธิไธสง,https://cn.noxinfluencer.com/youtube/channel/UCu-SHbNmcwYXqqe2iA8Iy_Q,-10,badcase,娱乐卖货号，形态偏娱乐，和宠物食品推广错位
4566,UCu-W9pOHApYm40kC7OIS5Wg,Master D Chul,https://cn.noxinfluencer.com/youtube/channel/UCu-W9pOHApYm40kC7OIS5Wg,-15,badcase,娱乐短视频为主，宠物食品推广场景不匹配
4567,UCu-xBV7YaXq1ZeWMB4XHjqg,jade,https://cn.noxinfluencer.com/youtube/channel/UCu-xBV7YaXq1ZeWMB4XHjqg,0,badcase,无标签无内容，无法判断与宠物食品的相关性
4569,UCu0Gn50PSjozOgwgPVTBB4A,WLOS News 13,https://cn.noxinfluencer.com/youtube/channel/UCu0Gn50PSjozOgwgPVTBB4A,0,badcase,新闻频道缺少宠物相关受众或购买场景
4570,UCu1tTKG4KCT1VPok8wASfVA,One Click Help,https://cn.noxinfluencer.com/youtube/channel/UCu1tTKG4KCT1VPok8wASfVA,0,badcase,无标签无内容，缺少任何相关性信号
4571,UCu2alrvMeIHJNZQroacF8Uw,Mahbuba Shahrin,https://cn.noxinfluencer.com/youtube/channel/UCu2alrvMeIHJNZQroacF8Uw,0,badcase,无宠粮相关标签或内容信号
4572,UCu3q2JtCkKgIjBTTVxpiyvg,HH Reviews,https://cn.noxinfluencer.com/youtube/channel/UCu3q2JtCkKgIjBTTVxpiyvg,0,badcase,缺少宠粮受众与内容证据
4573,UCu4IFA4Xo654oeqj80zd1Dg,The Tabby Cat Diaries,https://cn.noxinfluencer.com/youtube/channel/UCu4IFA4Xo654oeqj80zd1Dg,-24,badcase,仅泛化food，频道偏喜剧娱乐短视频，缺少宠物食品推广意图
4575,UCu5y2nhhFwzIJL2j3jl6Z5w,Mark Sanborn Official Booking Site,https://cn.noxinfluencer.com/youtube/channel/UCu5y2nhhFwzIJL2j3jl6Z5w,0,badcase,仅社会类标签，与宠粮推广无关
4576,UCu9WxoO4lEX4asE6iNdYBew,TinyCrafts,https://cn.noxinfluencer.com/youtube/channel/UCu9WxoO4lEX4asE6iNdYBew,0,badcase,标签全是理财/教育/生活，和宠粮推广无关
4578,UCuDEGJ04ZUdfw5Bpad5urpQ,Laundry Soup,https://cn.noxinfluencer.com/youtube/channel/UCuDEGJ04ZUdfw5Bpad5urpQ,0,badcase,无标签无内容，无法支持宠粮推广相关性
4579,UCuDFRTAOWU7D3uZWsBGEYJg,Forest life,https://cn.noxinfluencer.com/youtube/channel/UCuDFRTAOWU7D3uZWsBGEYJg,0,badcase,农场生活泛内容，缺少宠物喂养或宠粮意图
4580,UCuE7899MYdiiqiDs2BmKrig,Rose Mhe,https://cn.noxinfluencer.com/youtube/channel/UCuE7899MYdiiqiDs2BmKrig,0,badcase,无可用标签和内容信号，相关性不足
4581,UCuEnyJNRt1-wM1CxvdqrNwQ,hollywoodfrodo,https://cn.noxinfluencer.com/youtube/channel/UCuEnyJNRt1-wM1CxvdqrNwQ,0,badcase,测评开箱为主，缺少宠粮/养宠相关信号
4582,UCuFfs3Aq_vQwpWIEkHGn4UQ,Kibbles Gaming,https://cn.noxinfluencer.com/youtube/channel/UCuFfs3Aq_vQwpWIEkHGn4UQ,0,badcase,游戏攻略频道，和宠粮推广场景不相关
4583,UCuGmVxndKgSJf-0ofRsKzYw,Living Miracle Homestead,https://cn.noxinfluencer.com/youtube/channel/UCuGmVxndKgSJf-0ofRsKzYw,0,badcase,偏农场家养内容，和宠粮购买转化弱相关
4584,UCuH7erc4YdT203LxKyLlTxg,Jasxciii,https://cn.noxinfluencer.com/youtube/channel/UCuH7erc4YdT203LxKyLlTxg,0,badcase,时尚娱乐为主，和宠粮推广不匹配
4588,UCuKffC5-gAt00igUd7J1bQw,Jynn,https://cn.noxinfluencer.com/youtube/channel/UCuKffC5-gAt00igUd7J1bQw,0,badcase,游戏频道，和宠物食品推广无关
4589,UCuN6dwu-NerTGgAEqdfYrZg,GraceDeGrace,https://cn.noxinfluencer.com/youtube/channel/UCuN6dwu-NerTGgAEqdfYrZg,0,badcase,绘画艺术频道，与宠物食品受众不匹配
4590,UCuNdH-TqROabmTeiWwDUbHg,Santellan Raheja,https://cn.noxinfluencer.com/youtube/channel/UCuNdH-TqROabmTeiWwDUbHg,0,badcase,无标签无内容信号，无法判断为相关频道
4591,UCuPraEfwjFrd0q73DII_01w,Doi Hin,https://cn.noxinfluencer.com/youtube/channel/UCuPraEfwjFrd0q73DII_01w,0,badcase,无宠物食品相关标签或内容信号
4592,UCuQ4ut_IwfqO7NrDzrAOOoA,The Review Girls,https://cn.noxinfluencer.com/youtube/channel/UCuQ4ut_IwfqO7NrDzrAOOoA,0,badcase,无宠物食品相关标签或内容信号
4594,UCuRWwaSGUTEY5UMEpkQKcfg,Steel and Nunu,https://cn.noxinfluencer.com/youtube/channel/UCuRWwaSGUTEY5UMEpkQKcfg,0,badcase,无宠物食品相关标签或内容信号
4595,UCuSO0qrhLo4c-7wn0dPcZZA,Nitaqu Vikiva,https://cn.noxinfluencer.com/youtube/channel/UCuSO0qrhLo4c-7wn0dPcZZA,0,badcase,无宠物食品相关标签或内容信号
4596,UCuSXszXDm_YAKAEgGOiXCnw,3 cat friends,https://cn.noxinfluencer.com/youtube/channel/UCuSXszXDm_YAKAEgGOiXCnw,0,badcase,无标签、无相关视频、无近期内容证据，无法支持宠物食品推广
4597,UCuSokxhnJtBQyzzc39IF5Hg,Mr Bloopy,https://cn.noxinfluencer.com/youtube/channel/UCuSokxhnJtBQyzzc39IF5Hg,0,badcase,无宠物食品相关标签或内容，证据不足
4598,UCuT5pb5NZEtBfKECtxZHQLQ,BEAU & BRUNO,https://cn.noxinfluencer.com/youtube/channel/UCuT5pb5NZEtBfKECtxZHQLQ,0,badcase,无宠物食品相关标签或内容，证据不足
4599,UCuTEe7TzYsFR5Q21q455c5w,Technology Lover,https://cn.noxinfluencer.com/youtube/channel/UCuTEe7TzYsFR5Q21q455c5w,0,badcase,科技频道与宠物食品推广不匹配
4600,UCuTy8PKPOVA5z_AC7qwfHiw,iChoose Wellness Center,https://cn.noxinfluencer.com/youtube/channel/UCuTy8PKPOVA5z_AC7qwfHiw,0,badcase,健康中心题材不等于宠物食品推广场景
4601,UCuUnB6dERwQlt1rmzqk0LgA,PuppyToons,https://cn.noxinfluencer.com/youtube/channel/UCuUnB6dERwQlt1rmzqk0LgA,0,badcase,无标签或内容证据支持宠物食品推广相关性
4602,UCuUsZU_8IX6s83dQ1hx9Ntg,iPICKmyBUTT,https://cn.noxinfluencer.com/youtube/channel/UCuUsZU_8IX6s83dQ1hx9Ntg,-15,badcase,游戏频道，和宠物食品推广场景无关
4603,UCuVYwpA2i06Otp-W4tXYCBw,Guide Nation,https://cn.noxinfluencer.com/youtube/channel/UCuVYwpA2i06Otp-W4tXYCBw,0,badcase,科技频道，和宠物食品推广语境不匹配
4604,UCuVsp53MuaBPYcAHMqc-8vA,Mix Fitness,https://cn.noxinfluencer.com/youtube/channel/UCuVsp53MuaBPYcAHMqc-8vA,-15,badcase,山羊/农场/搞笑短视频，偏畜牧娱乐，不适合宠物食品
4606,UCuXPwr027xRAtGk7kNYMGaA,Verbotene Korrekturen,https://cn.noxinfluencer.com/youtube/channel/UCuXPwr027xRAtGk7kNYMGaA,-15,badcase,故事娱乐向，明显不适合宠物食品推广
4607,UCuXc8B2xvsD9gBtgdw0MMUg,Lý Tu Duyên,https://cn.noxinfluencer.com/youtube/channel/UCuXc8B2xvsD9gBtgdw0MMUg,1,badcase,仅有泛宠物标签，无宠物食品/营养/购买内容证据
4608,UCuY80SbgTlOTnLIXw3jPcjQ,Carlos Alberto,https://cn.noxinfluencer.com/youtube/channel/UCuY80SbgTlOTnLIXw3jPcjQ,-5,badcase,纯娱乐短视频，和宠物食品投放不匹配
4610,UCuZ8x9iP_NE8IIKYjNcUYTA,Enlighten Era,https://cn.noxinfluencer.com/youtube/channel/UCuZ8x9iP_NE8IIKYjNcUYTA,-5,badcase,宗教娱乐向为主，不适合宠物食品推广
4612,UCuZrVCPV4Tp1r03eVmUX9Jw,Richard Vernadeau,https://cn.noxinfluencer.com/youtube/channel/UCuZrVCPV4Tp1r03eVmUX9Jw,-15,badcase,娱乐影视音乐为主，与宠物食品推广场景明显不符
4613,UCuc-xNV6XemPTAcNbeKUYwg,SAVING_WITH_STACY,https://cn.noxinfluencer.com/youtube/channel/UCuc-xNV6XemPTAcNbeKUYwg,-15,badcase,时尚奢品频道，缺少宠物食品受众与购买场景
4615,UCucd9UnvHFV0ieKgSZ2fffg,Beauty and the Berners,https://cn.noxinfluencer.com/youtube/channel/UCucd9UnvHFV0ieKgSZ2fffg,0,badcase,无标签、相关视频或近期内容证据，无法支持宠物食品推广
4616,UCucxjMCT02U_jFn_SGZ-9Ug,GingerGeekStudios,https://cn.noxinfluencer.com/youtube/channel/UCucxjMCT02U_jFn_SGZ-9Ug,0,badcase,无标签或视频证据，无法证明与宠物食品推广相关
4617,UCudmf9w7PWmKirnXeBNXtBw,Cooking at Home with Keke 💞,https://cn.noxinfluencer.com/youtube/channel/UCudmf9w7PWmKirnXeBNXtBw,1,badcase,仅泛食品标签，无宠物/宠物食品推广意图
4618,UCueNMkAkp5hpCrGHeGa0lUg,Helping Hand,https://cn.noxinfluencer.com/youtube/channel/UCueNMkAkp5hpCrGHeGa0lUg,-26,badcase,宠物仅弱相关，频道偏音乐娱乐睡眠放松，不适合宠物食品推广
4620,UCuiAkZZ-7GqqkyDCRnCGdvg,Kombat Cup,https://cn.noxinfluencer.com/youtube/channel/UCuiAkZZ-7GqqkyDCRnCGdvg,-30,badcase,游戏频道与宠物食品推广受众和内容场景不匹配
4622,UCuiTLfqeW6IBBfNfYyKM5oA,Tommy Gamba,https://cn.noxinfluencer.com/youtube/channel/UCuiTLfqeW6IBBfNfYyKM5oA,0,badcase,冰球/游戏频道，与宠物食品受众无关
4624,UCukJJ66lLslPdjl6Kx7AXoA,Lets Help You Grow Now,https://cn.noxinfluencer.com/youtube/channel/UCukJJ66lLslPdjl6Kx7AXoA,0,badcase,音乐频道，与宠物食品推广无关
4626,UCuo0ikC6qmXrXPvqWUNzY7w,Wow StudyFinds!,https://cn.noxinfluencer.com/youtube/channel/UCuo0ikC6qmXrXPvqWUNzY7w,0,badcase,科学资讯号，缺少宠物受众与宠粮购买意图
4628,UCusC1WFKMMbYqKpFJak7mRg,Scrap It Up!,https://cn.noxinfluencer.com/youtube/channel/UCusC1WFKMMbYqKpFJak7mRg,-15,badcase,垃圾捡拾娱乐号，主体与宠物食品推广明显不符
4629,UCusvsBM7exXoqYVKdXmVNXQ,SCO Reviews,https://cn.noxinfluencer.com/youtube/channel/UCusvsBM7exXoqYVKdXmVNXQ,0,badcase,无标签、相关视频或近期内容证据，无法支持宠物食品推广
4630,UCuuNbfDG-U4l_U6anjNlStw,凱特大貓的旅美生活,https://cn.noxinfluencer.com/youtube/channel/UCuuNbfDG-U4l_U6anjNlStw,0,badcase,无标签、视频或近期内容证据，无法支持宠物食品推广相关性
4631,UCuuWzGHyDyVx9Kpxmf-GO7w,FxcExciting Dog,https://cn.noxinfluencer.com/youtube/channel/UCuuWzGHyDyVx9Kpxmf-GO7w,0,badcase,宠物向但以娱乐搞笑为主，缺少宠粮购买/测评语境
4633,UCv-I3idche0fScBWES-4HtA,Vlogs by Pollys World,https://cn.noxinfluencer.com/youtube/channel/UCv-I3idche0fScBWES-4HtA,0,badcase,以日常vlog和旅行为主，与宠物食品无关
4634,UCv-ezoLyFuyRNDrCTiOJtgA,K4K channel,https://cn.noxinfluencer.com/youtube/channel/UCv-ezoLyFuyRNDrCTiOJtgA,0,badcase,科技反应与软件内容，和宠物食品投放无关
4637,UCv542HrgnKhQx_VjCDh2LWA,Macaque News,https://cn.noxinfluencer.com/youtube/channel/UCv542HrgnKhQx_VjCDh2LWA,-14,badcase,野生动物/娱乐向，缺少宠物喂养和购买语境
4638,UCv56-d1AgCSESjJuQrXOz_w,Vinny Ho,https://cn.noxinfluencer.com/youtube/channel/UCv56-d1AgCSESjJuQrXOz_w,1,badcase,仅有泛食物标签，缺少宠物场景和喂养意图
4640,UCv5DMnPHwBJFljUnUz-WeLQ,LIT🔥BRISTOL BAY ALASKA,https://cn.noxinfluencer.com/youtube/channel/UCv5DMnPHwBJFljUnUz-WeLQ,-15,badcase,娱乐搞笑向，和宠物食品推广场景明显不符
4642,UCv5rCppaRDmQ8ohPIyvdFcg,TootiLo,https://cn.noxinfluencer.com/youtube/channel/UCv5rCppaRDmQ8ohPIyvdFcg,0,badcase,少儿娱乐频道，受众与宠物食品推广不匹配
4643,UCv6ycrTS6JXAEfs5dFZfijg,Crime Scene Cleaning,https://cn.noxinfluencer.com/youtube/channel/UCv6ycrTS6JXAEfs5dFZfijg,0,badcase,犯罪现场清洁服务，与宠物食品推广主题不相关
4646,UCvC8WJzq0avV02X15-Ar85g,That One Super Saiyan,https://cn.noxinfluencer.com/youtube/channel/UCvC8WJzq0avV02X15-Ar85g,0,badcase,游戏频道，缺少宠物食品购买/测评语义，推广相关性低
4647,UCvCmQqULKilWk3YggMsc1bA,Jair Martinez-Johnson,https://cn.noxinfluencer.com/youtube/channel/UCvCmQqULKilWk3YggMsc1bA,0,badcase,无标签、无相关视频和近期内容证据，无法支持宠物食品推广
4648,UCvD8hoKwrcbAawDI04fgQug,Stock Sharks | Official,https://cn.noxinfluencer.com/youtube/channel/UCvD8hoKwrcbAawDI04fgQug,-15,badcase,金融股票频道，与宠物食品推广目的完全不匹配
4649,UCvFPg9dgIvv54m6FBirJXmQ,Care Kids Games,https://cn.noxinfluencer.com/youtube/channel/UCvFPg9dgIvv54m6FBirJXmQ,1,badcase,儿童游戏频道，仅有泛化宠物护理标签，和宠物食品推广不匹配
4651,UCvFYjkRkEK96SGXgE40BGVg,ThriftyShells,https://cn.noxinfluencer.com/youtube/channel/UCvFYjkRkEK96SGXgE40BGVg,0,badcase,无标签、视频或近期内容证据支持宠物食品推广相关性
4652,UCvGSWeZfm1RQZXxzUdXyUZA,Pics-Are-Ai,https://cn.noxinfluencer.com/youtube/channel/UCvGSWeZfm1RQZXxzUdXyUZA,-15,badcase,AI娱乐号，与宠物食品投放目标明显错位
4653,UCvHqfof02oy4P9dw2_jWgfA,ExplainIt All,https://cn.noxinfluencer.com/youtube/channel/UCvHqfof02oy4P9dw2_jWgfA,0,badcase,频道标签偏设计建造，缺少宠物食品购买或喂养相关信号
4654,UCvJAEOuplbG2YKpEuzRGatA,The Canary in the Cage,https://cn.noxinfluencer.com/youtube/channel/UCvJAEOuplbG2YKpEuzRGatA,0,badcase,无标签、相关视频或近期内容证据，无法支持宠物食品推广
4655,UCvJJX-APTU4hbkKAS7No3ug,Cosmic GlowUP,https://cn.noxinfluencer.com/youtube/channel/UCvJJX-APTU4hbkKAS7No3ug,-15,badcase,人类饮食/减肥号，与宠物食品受众不匹配
4656,UCvJiYiBUbw4tmpRSZT2r1Hw,Science Channel,https://cn.noxinfluencer.com/youtube/channel/UCvJiYiBUbw4tmpRSZT2r1Hw,0,badcase,科技科普/娱乐向，和宠物食品推广几乎无关
4657,UCvJxRBlKNlUx8Ouou5ZVCqg,Jiji Today,https://cn.noxinfluencer.com/youtube/channel/UCvJxRBlKNlUx8Ouou5ZVCqg,0,badcase,家电厨房向，缺少宠物食品受众与购买场景
4661,UCvL1LUi2O5bjKFD5yzbHOAg,Shohei U,https://cn.noxinfluencer.com/youtube/channel/UCvL1LUi2O5bjKFD5yzbHOAg,0,badcase,无频道标签和内容信号，无法判断为宠物食品相关
4663,UCvNcLMWOhlfbST5L-J248sg,Senaida Gus,https://cn.noxinfluencer.com/youtube/channel/UCvNcLMWOhlfbST5L-J248sg,0,badcase,无频道标签和内容信号，无法判断为宠物食品相关
4665,UCvQhV0impINSA08m-Dv_l-g,J7409,https://cn.noxinfluencer.com/youtube/channel/UCvQhV0impINSA08m-Dv_l-g,0,badcase,天气灾害频道与宠物食品推广无关
4666,UCvR2IxEiPxTfMKrA79kVHMg,Shisana Zevedi,https://cn.noxinfluencer.com/youtube/channel/UCvR2IxEiPxTfMKrA79kVHMg,1,badcase,人类食谱/烹饪频道，仅有泛食品词，宠物食品推广不匹配
4667,UCvRacwV6D3YhESH1fGMXqHQ,Denver And Friends,https://cn.noxinfluencer.com/youtube/channel/UCvRacwV6D3YhESH1fGMXqHQ,0,badcase,无标签无内容证据，无法判断与宠物食品相关
4668,UCvRw8OyWw09DA1ndw-PWGFA,WFRV Local 5,https://cn.noxinfluencer.com/youtube/channel/UCvRw8OyWw09DA1ndw-PWGFA,0,badcase,本地新闻/政治频道，宠物食品购买或使用语境不足
4669,UCvUcsbXGuew0JhndLGrFXmg,WBM MART USA,https://cn.noxinfluencer.com/youtube/channel/UCvUcsbXGuew0JhndLGrFXmg,0,badcase,仅有零售名，没有宠物食品主题或受众证据
4670,UCvVXgMQ1ONgUIEWe6k1uUEw,Seb & Mich • GominPlanet,https://cn.noxinfluencer.com/youtube/channel/UCvVXgMQ1ONgUIEWe6k1uUEw,0,badcase,无标签、无标题证据，无法支撑宠物食品推广
4671,UCvW9wZWXZM1zttJq0SLRk7A,Funny Videos of Animals,https://cn.noxinfluencer.com/youtube/channel/UCvW9wZWXZM1zttJq0SLRk7A,0,badcase,无宠物食品或宠物照护相关信号
4672,UCvWc3aktIAqk-WEAANp9SKg,Clevyr Creatures Fox Sanctuary,https://cn.noxinfluencer.com/youtube/channel/UCvWc3aktIAqk-WEAANp9SKg,-8,badcase,宠物相关弱，但狐狸ASMR偏娱乐，投放匹配差
4673,UCvWeB6niaqRofgXqRwDxi6A,Faith Titus,https://cn.noxinfluencer.com/youtube/channel/UCvWeB6niaqRofgXqRwDxi6A,0,badcase,无相关标签或内容信号
4675,UCvYMGJ7F-w8gavHmwstc0jQ,BW Packaging,https://cn.noxinfluencer.com/youtube/channel/UCvYMGJ7F-w8gavHmwstc0jQ,0,badcase,无相关行业信号
4677,UCvYvoXhOUym11Qgre8J6ABA,THE 3 AMIGO's,https://cn.noxinfluencer.com/youtube/channel/UCvYvoXhOUym11Qgre8J6ABA,0,badcase,无标签无内容，无法支撑宠物食品推广相关性
4680,UCv_K1tVoAwjyQ1g6_as0sOQ,Whose Line?,https://cn.noxinfluencer.com/youtube/channel/UCv_K1tVoAwjyQ1g6_as0sOQ,0,badcase,无有效频道信息，无法判断为宠物食品相关
4681,UCvbGsTI5QJmYcLLiT27owrw,Facts Storm,https://cn.noxinfluencer.com/youtube/channel/UCvbGsTI5QJmYcLLiT27owrw,-8,badcase,宠物受众较弱，频道主打娱乐/解压内容，缺少宠物食品推广语境
4683,UCvdfCDAJa_Q9ti8UzTxmJEA,Best Of Pets,https://cn.noxinfluencer.com/youtube/channel/UCvdfCDAJa_Q9ti8UzTxmJEA,0,badcase,仅频道名含宠物，无标签、视频或近期内容支撑宠物食品推广
4684,UCvdj7PUDS4Zrs0KcwkOZmQA,Ayesha-in-America,https://cn.noxinfluencer.com/youtube/channel/UCvdj7PUDS4Zrs0KcwkOZmQA,0,badcase,无标签和内容证据，无法支持宠物食品推广相关性
4685,UCveyHwJCcWQjIKlS6nzLsUA,Best Review,https://cn.noxinfluencer.com/youtube/channel/UCveyHwJCcWQjIKlS6nzLsUA,0,badcase,无标签、视频或近期内容证据，无法支持宠物食品推广
4686,UCvgwZcpdDPqiCZCGnN9MRKg,Stranger in My Own Hometown,https://cn.noxinfluencer.com/youtube/channel/UCvgwZcpdDPqiCZCGnN9MRKg,0,badcase,音乐娱乐频道，缺少宠物喂养/宠物食品相关信号
4687,UCviuyyDi5lvFKweMJb4czpg,Double A,https://cn.noxinfluencer.com/youtube/channel/UCviuyyDi5lvFKweMJb4czpg,0,badcase,娱乐短内容为主，和宠物食品推广缺乏匹配
4688,UCvjXYvlpLg1d9naZMMrKqUQ,BacktoNature,https://cn.noxinfluencer.com/youtube/channel/UCvjXYvlpLg1d9naZMMrKqUQ,0,badcase,无标签无内容，无法证明与宠物食品相关
4689,UCvkLX_Fe3bAShb1yzn79vzQ,Autism: Our Daily View,https://cn.noxinfluencer.com/youtube/channel/UCvkLX_Fe3bAShb1yzn79vzQ,0,badcase,自闭症日常内容，非宠物养宠或宠粮场景
4690,UCvn0XQEG3DEbw_1LzGRu5sw,DC Creative TV,https://cn.noxinfluencer.com/youtube/channel/UCvn0XQEG3DEbw_1LzGRu5sw,0,badcase,无可用主题信号，和宠物食品推广无关
4693,UCvoSNwKpKXqAtlICjW0kazA,Bloodworks Northwest,https://cn.noxinfluencer.com/youtube/channel/UCvoSNwKpKXqAtlICjW0kazA,1,badcase,仅有泛健康标签，与宠物食品推广关联很弱
4694,UCvp2pkvp_uW9rs5sRDRMOZg,BreeAnn Marie,https://cn.noxinfluencer.com/youtube/channel/UCvp2pkvp_uW9rs5sRDRMOZg,0,badcase,美妆vlog频道，与宠物食品推广无关
4696,UCvpvX2QDeHiovR-5qAfJ1Hw,JBG TRAVELS,https://cn.noxinfluencer.com/youtube/channel/UCvpvX2QDeHiovR-5qAfJ1Hw,0,badcase,重卡旅行内容，与宠物食品推广基本无关
4697,UCvujPjjq1GM_wpG7BT4_5tQ,NatureWhimsy,https://cn.noxinfluencer.com/youtube/channel/UCvujPjjq1GM_wpG7BT4_5tQ,-2,badcase,宠物受众有，但整体是娱乐音乐号，缺少食品推广语境
4698,UCvuvpOzVV-mTUd9exZNi8jQ,Richard Arent,https://cn.noxinfluencer.com/youtube/channel/UCvuvpOzVV-mTUd9exZNi8jQ,-14,badcase,以搞笑娱乐为主，宠物食品投放匹配度很低
4699,UCvvAZIZpaEo0Vt2YFpn_CgQ,Munchie Daddy,https://cn.noxinfluencer.com/youtube/channel/UCvvAZIZpaEo0Vt2YFpn_CgQ,0,badcase,美食旅游内容，和宠物食品缺少受众与购买意图
4701,UCvxBhXzcCLtsSXsrq0h1U0Q,Thane Walton,https://cn.noxinfluencer.com/youtube/channel/UCvxBhXzcCLtsSXsrq0h1U0Q,1,badcase,仅有泛食物标签，缺少宠物受众和宠粮推广语境
4702,UCvxHOxsI9YgTo8CQMmi4JQA,FashionKnowledgy,https://cn.noxinfluencer.com/youtube/channel/UCvxHOxsI9YgTo8CQMmi4JQA,0,badcase,无标签和内容信号，和宠物食品推广无关
4703,UCvxkbyhtsUFkBfZoEo_nPfg,The Awesome Couple 3,https://cn.noxinfluencer.com/youtube/channel/UCvxkbyhtsUFkBfZoEo_nPfg,-14,badcase,仅有宠物泛标签，频道偏娱乐儿童玩具，缺少宠物食品推广语境
4704,UCvyOQDGJmzlChev6ETs1-sg,Consumer Insights,https://cn.noxinfluencer.com/youtube/channel/UCvyOQDGJmzlChev6ETs1-sg,0,badcase,娱乐电影泛话题，缺少宠物和食品相关信号
4706,UCw--guc7jIviG_brf5BD3XA,INFORAMA,https://cn.noxinfluencer.com/youtube/channel/UCw--guc7jIviG_brf5BD3XA,0,badcase,仅有非Top5泛宠物信号，无宠物食品或购买养护意图
4708,UCw02TejclNZzsE2sExw2tQA,FeroFire,https://cn.noxinfluencer.com/youtube/channel/UCw02TejclNZzsE2sExw2tQA,-10,badcase,游戏/表情包频道，与宠物食品推广目标明显不符
4709,UCw13NrSKD-nD_8E0vBHt5hA,Miss Understood Podcast,https://cn.noxinfluencer.com/youtube/channel/UCw13NrSKD-nD_8E0vBHt5hA,0,badcase,播客访谈娱乐频道，与宠物食品推广无明显相关性
4711,UCw5hxC9BldHV8cU8PgbNY9g,Kluna Tik,https://cn.noxinfluencer.com/youtube/channel/UCw5hxC9BldHV8cU8PgbNY9g,-19,badcase,ASMR吃播类，偏人类娱乐内容，不适合宠物粮推广
4712,UCw6RjFgZrggIeCsWPCsRbVg,BestShortOfficial,https://cn.noxinfluencer.com/youtube/channel/UCw6RjFgZrggIeCsWPCsRbVg,1,badcase,仅有泛食品标签，和宠物粮受众关联很弱
4713,UCw6pZ2JagqV58abfvcVDceQ,furniturefl,https://cn.noxinfluencer.com/youtube/channel/UCw6pZ2JagqV58abfvcVDceQ,0,badcase,无标签无内容信号，无法判断为宠物粮相关频道
4715,UCw98-O5dJwfmnZKrblUiTLQ,BrentWeinbach,https://cn.noxinfluencer.com/youtube/channel/UCw98-O5dJwfmnZKrblUiTLQ,-15,badcase,喜剧播客娱乐频道，缺少宠物食品受众和购买意图
4716,UCw9EIKEEFLYnORVlxy0098w,The Hungry Paws 🐾,https://cn.noxinfluencer.com/youtube/channel/UCw9EIKEEFLYnORVlxy0098w,2,badcase,仅有泛化健康/食物标签，缺少宠物受众与喂养语义
4719,UCwCJte3wxW_caSC13od5zag,Adriana Tangeten03,https://cn.noxinfluencer.com/youtube/channel/UCwCJte3wxW_caSC13od5zag,0,badcase,无标签与内容，无法判断相关性
4720,UCwCQ9WphcKif-VEEhKiT2Qg,Ballin' Under Budget,https://cn.noxinfluencer.com/youtube/channel/UCwCQ9WphcKif-VEEhKiT2Qg,0,badcase,无标签与内容，无法判断相关性
4721,UCwC_6BwJWfM6bp1F-rl2GTw,SHARE MY DAILY,https://cn.noxinfluencer.com/youtube/channel/UCwC_6BwJWfM6bp1F-rl2GTw,-13,badcase,仅有 pets/food 弱相关，主体是游戏频道，不适合推宠物粮
4722,UCwFFp9K3zOLCEiLDg2RI-kg,Seyla Nuon,https://cn.noxinfluencer.com/youtube/channel/UCwFFp9K3zOLCEiLDg2RI-kg,-15,badcase,电影娱乐游戏为主，缺少宠物或购买意图，和宠物粮不相关
4723,UCwFWxZ6jYFZOQW1XwqENGWA,Aevatrex,https://cn.noxinfluencer.com/youtube/channel/UCwFWxZ6jYFZOQW1XwqENGWA,-15,badcase,游戏攻略为主，缺少宠物粮推广场景，相关性很低
4724,UCwGJK7qt1TlSbjvI4Cg03fA,Cooking with GangstaChef Cabrini,https://cn.noxinfluencer.com/youtube/channel/UCwGJK7qt1TlSbjvI4Cg03fA,0,badcase,无标签、无相关视频或近期内容证据，无法支持宠物食品推广
4726,UCwKPOImuAFLgzofmoveM1eQ,Handy Photography,https://cn.noxinfluencer.com/youtube/channel/UCwKPOImuAFLgzofmoveM1eQ,0,badcase,摄影创作频道，与宠粮推广无关
4727,UCwLKQnOcrmfhde6d9v7MJ6g,Teresa F Tullos,https://cn.noxinfluencer.com/youtube/channel/UCwLKQnOcrmfhde6d9v7MJ6g,-15,badcase,主域为校园教育娱乐，缺少宠物食品推广意图
4728,UCwNhk8zcGpBkey4AfgCapzg,YaBoyCarly,https://cn.noxinfluencer.com/youtube/channel/UCwNhk8zcGpBkey4AfgCapzg,0,badcase,游戏娱乐频道，与宠粮推广无关
4729,UCwO310L49t0KX7gFX6Scf_w,Amazing Kay,https://cn.noxinfluencer.com/youtube/channel/UCwO310L49t0KX7gFX6Scf_w,0,badcase,无标签无内容证据，无法支持宠粮推广
4732,UCwTJmkKiK741l86GvtTUjKg,ExxonMobil Chemical,https://cn.noxinfluencer.com/youtube/channel/UCwTJmkKiK741l86GvtTUjKg,0,badcase,无宠物或食品投放相关信号
4735,UCwUjKHqQJB1aVLK2WjcGYOA,LegendofTroZZReacts,https://cn.noxinfluencer.com/youtube/channel/UCwUjKHqQJB1aVLK2WjcGYOA,-15,badcase,娱乐反应频道，主题与宠物食品推广明显不符
4736,UCwVj9VKd3T5Y9kqIhxrv4-A,IamNotAtlas,https://cn.noxinfluencer.com/youtube/channel/UCwVj9VKd3T5Y9kqIhxrv4-A,0,badcase,无标签、无内容信号，和宠物食品推广无关
4737,UCwXZuaiawZFpGS76bn0cxEQ,USACostcoLovers,https://cn.noxinfluencer.com/youtube/channel/UCwXZuaiawZFpGS76bn0cxEQ,0,badcase,无标签、无内容信号，和宠物食品推广无关
4739,UCweAsi2qS9OIfUc15b7B9Bg,Grandma Gets Real,https://cn.noxinfluencer.com/youtube/channel/UCweAsi2qS9OIfUc15b7B9Bg,0,badcase,迷你工艺和生活类内容，和宠物食品推广基本无关
4740,UCweEJNgnfjQoKD0FZAGoyWA,Aquarium Tools,https://cn.noxinfluencer.com/youtube/channel/UCweEJNgnfjQoKD0FZAGoyWA,-10,badcase,mukbang和人类吃播为主，和宠物食品推广格式不匹配
4741,UCwgnd9mYrJNihPC5fjRm-ig,Miqaju Chilobe,https://cn.noxinfluencer.com/youtube/channel/UCwgnd9mYrJNihPC5fjRm-ig,0,badcase,无标签无内容，缺少宠物食品相关信号
4743,UCwiLdS1HgOnj7MNlDBprxGQ,Alia OC,https://cn.noxinfluencer.com/youtube/channel/UCwiLdS1HgOnj7MNlDBprxGQ,0,badcase,无标签无内容，缺少宠物食品相关信号
4744,UCwihHIYYSjwXtmdKiDMdEfg,DoggiesBearSupplies,https://cn.noxinfluencer.com/youtube/channel/UCwihHIYYSjwXtmdKiDMdEfg,0,badcase,无标签无内容，缺少宠物食品相关信号
4745,UCwirXP3xFVFWMUojRQ0W47g,Drama Theory,https://cn.noxinfluencer.com/youtube/channel/UCwirXP3xFVFWMUojRQ0W47g,0,badcase,无标签无内容，缺少宠物食品相关信号
4746,UCwj0BB4F83ZjuqYzQtMYQKw,LTPKMACHINERY,https://cn.noxinfluencer.com/youtube/channel/UCwj0BB4F83ZjuqYzQtMYQKw,0,badcase,无相关标签和视频证据，机械类频道与宠物食品推广不匹配
4747,UCwj6RK2JKEkzoOYjpY_E0bA,sibghatullah,https://cn.noxinfluencer.com/youtube/channel/UCwj6RK2JKEkzoOYjpY_E0bA,0,badcase,无标签、无内容证据，无法判断为宠物食品推广相关
4748,UCwjYxGouOleYaUvrS6OHp2w,Yew Outdoors,https://cn.noxinfluencer.com/youtube/channel/UCwjYxGouOleYaUvrS6OHp2w,1,badcase,仅有pets弱泛标签，无宠粮/购买意图，和户外钓鱼内容关联很弱
4749,UCwjeADcja-HBmDZOuySOq2Q,Insects @ Large & NW Redworms,https://cn.noxinfluencer.com/youtube/channel/UCwjeADcja-HBmDZOuySOq2Q,0,badcase,标签仅涉昆虫和生活方式，缺少宠物食品购买或喂养意图
4750,UCwjm4Wz-TXSrYlajmfRJxSQ,Annex,https://cn.noxinfluencer.com/youtube/channel/UCwjm4Wz-TXSrYlajmfRJxSQ,0,badcase,无标签、标题或近期内容支撑宠物食品推广相关性
4752,UCwm6mogaDnoH2T63J8xEL_Q,Chúc Thị Phấn Daily Life,https://cn.noxinfluencer.com/youtube/channel/UCwm6mogaDnoH2T63J8xEL_Q,0,badcase,无标签无内容信号，无法支撑宠物食品推广
4753,UCwmPtxU6lR0ZaJ9Vyplilhw,Lkaajyhya Gata faf,https://cn.noxinfluencer.com/youtube/channel/UCwmPtxU6lR0ZaJ9Vyplilhw,0,badcase,无标签无内容信号，无法支撑宠物食品推广
4754,UCwn4jklWg3_YwpkB2yYoCag,ChaseandHarley,https://cn.noxinfluencer.com/youtube/channel/UCwn4jklWg3_YwpkB2yYoCag,0,badcase,无标签无内容信号，无法支撑宠物食品推广
4755,UCwnHPA8BJgzAL0KhX8LChsw,Szabo Woodworks,https://cn.noxinfluencer.com/youtube/channel/UCwnHPA8BJgzAL0KhX8LChsw,0,badcase,木工内容与宠物食品推广无关
4756,UCwo8c7JSR5aaKk63UPSRtEg,Qaroka Fomuni,https://cn.noxinfluencer.com/youtube/channel/UCwo8c7JSR5aaKk63UPSRtEg,0,badcase,无宠物食品相关信号，缺少内容与标签支撑
4757,UCwoi8HRUodlOQJooMZ5W59Q,CampDotCom,https://cn.noxinfluencer.com/youtube/channel/UCwoi8HRUodlOQJooMZ5W59Q,0,badcase,无宠物食品相关信号，缺少内容与标签支撑
4758,UCwv6VOS6J898KOAgT076X3Q,Pet Logic,https://cn.noxinfluencer.com/youtube/channel/UCwv6VOS6J898KOAgT076X3Q,0,badcase,仅有宠物名义，无食品/营养/购买语境
4759,UCww3bTXTQHjmk0kkPIcvoUw,Izzyproductions,https://cn.noxinfluencer.com/youtube/channel/UCww3bTXTQHjmk0kkPIcvoUw,-14,badcase,娱乐向频道，宠物词仅泛相关，和宠物食品推广不匹配
4761,UCwxyoDG4qK0NKSZwP8CvoYw,Seb Smith Exciting Stories for Life,https://cn.noxinfluencer.com/youtube/channel/UCwxyoDG4qK0NKSZwP8CvoYw,-10,badcase,故事情绪类频道，和宠物食品推广无关
4762,UCwy7vBWqda04q2wwout-twg,Amazon ProBox,https://cn.noxinfluencer.com/youtube/channel/UCwy7vBWqda04q2wwout-twg,1,badcase,仅有泛化food标签，缺少宠物食品意图
4763,UCwytY81nbge-NZgsMIRYGBQ,Zomix Ali Tv,https://cn.noxinfluencer.com/youtube/channel/UCwytY81nbge-NZgsMIRYGBQ,0,badcase,无标签无内容，缺少相关性证据
4764,UCwz3jAzVeMoTEbw2LHP-WZg,Jose Escamilla,https://cn.noxinfluencer.com/youtube/channel/UCwz3jAzVeMoTEbw2LHP-WZg,0,badcase,无标签无内容，缺少相关性证据
4765,UCwztgKlahpckZcU--vqEpaQ,Ben Jaye,https://cn.noxinfluencer.com/youtube/channel/UCwztgKlahpckZcU--vqEpaQ,0,badcase,娱乐音乐播主，和宠物食品推广关联弱
4766,UCx-Ox0FiJpShp-y-0nCyLqA,Southern Idaho Economic Development,https://cn.noxinfluencer.com/youtube/channel/UCx-Ox0FiJpShp-y-0nCyLqA,0,badcase,无宠物食品相关标签或内容信号
4767,UCx0qxLA4cVMFVZ6NXLcPeEQ,Vitaltheatre,https://cn.noxinfluencer.com/youtube/channel/UCx0qxLA4cVMFVZ6NXLcPeEQ,0,badcase,无宠物食品相关标签或内容信号
4768,UCx3Jp1qi88hwrl2wg2WsaHQ,Ask About Home & Family,https://cn.noxinfluencer.com/youtube/channel/UCx3Jp1qi88hwrl2wg2WsaHQ,1,badcase,仅有泛健康标签，缺少宠物喂养语境
4769,UCx3yjDo5W11XjD0wT_4GXWg,Heart Stories,https://cn.noxinfluencer.com/youtube/channel/UCx3yjDo5W11XjD0wT_4GXWg,0,badcase,无宠物食品相关标签或内容信号
4770,UCx4AKVmxLIml_i7o3QI5BUA,The Adventures of Willy and Tilly,https://cn.noxinfluencer.com/youtube/channel/UCx4AKVmxLIml_i7o3QI5BUA,0,badcase,无宠物食品相关标签或内容信号
4772,UCx6w1IPr3z6WnY3Pj9KIz2w,Furr Sure AI Fun,https://cn.noxinfluencer.com/youtube/channel/UCx6w1IPr3z6WnY3Pj9KIz2w,0,badcase,无标签无内容，缺少宠物食品相关信号
4773,UCx73VhPAbTtkMChd6jZ3bhA,ʀᴀᴛʜᴀ ꜱᴜɴ ᴋʜ,https://cn.noxinfluencer.com/youtube/channel/UCx73VhPAbTtkMChd6jZ3bhA,0,badcase,无标签无内容，缺少宠物食品相关信号
4775,UCxC9kztrp86Xjh0ysEpY9fA,Koala Videos,https://cn.noxinfluencer.com/youtube/channel/UCxC9kztrp86Xjh0ysEpY9fA,-15,badcase,影视娱乐为主，与宠粮推广场景明显不符
4777,UCxDkwDOxhHS-t3eTDvXEEog,UnStoPPablE FaTMaN,https://cn.noxinfluencer.com/youtube/channel/UCxDkwDOxhHS-t3eTDvXEEog,0,badcase,金融励志内容，与宠粮推广人群不相关
4778,UCxEem0UJG0t1PWfDinOEfdQ,Nitro Country,https://cn.noxinfluencer.com/youtube/channel/UCxEem0UJG0t1PWfDinOEfdQ,0,badcase,以短视频娱乐为主，与宠粮推广无关
4780,UCxF3OWYDgpj31Mi2b5mjNXg,Holan Cosme,https://cn.noxinfluencer.com/youtube/channel/UCxF3OWYDgpj31Mi2b5mjNXg,-10,badcase,无标签、无相关视频或近期内容，缺乏宠物食品推广证据
4781,UCxGI3dgFQrLhaNqp6XiOHhg,OopsFunTube,https://cn.noxinfluencer.com/youtube/channel/UCxGI3dgFQrLhaNqp6XiOHhg,0,badcase,无标签无内容信号，无法判断为宠物食品相关频道
4783,UCxGStGMRaOI2r8FY13-jESg,Wee Animation,https://cn.noxinfluencer.com/youtube/channel/UCxGStGMRaOI2r8FY13-jESg,-15,badcase,纯动画游戏娱乐频道，与宠物食品推广受众明显不匹配
4785,UCxIUSG_71PIJfBY8UnCsrXw,KAMION_TATA,https://cn.noxinfluencer.com/youtube/channel/UCxIUSG_71PIJfBY8UnCsrXw,0,badcase,无标签无内容信号，缺少宠物食品相关依据
4787,UCxIpMIdls-rwgEqQ5OcokrA,Lò Thị Vân Daily Life,https://cn.noxinfluencer.com/youtube/channel/UCxIpMIdls-rwgEqQ5OcokrA,0,badcase,无标签、无内容线索，无法判断与宠物食品投放相关
4788,UCxJJbFtmltBE5USgn9wJQaw,LarryTheDramaParrot,https://cn.noxinfluencer.com/youtube/channel/UCxJJbFtmltBE5USgn9wJQaw,0,badcase,无标签且主题不明，缺少宠物食品相关受众信号
4790,UCxK1pACjB67bw-P4OiOoc0w,BestReviews,https://cn.noxinfluencer.com/youtube/channel/UCxK1pACjB67bw-P4OiOoc0w,1,badcase,仅有泛化food标签，缺少宠物人群和宠物食品意图
4793,UCxNLbZR-u7Rip61dzv3k6rw,Zahir Kerimov Reviews,https://cn.noxinfluencer.com/youtube/channel/UCxNLbZR-u7Rip61dzv3k6rw,0,badcase,缺少标签和内容证据
4794,UCxP22MCLSlDFUF0-7aQXd2w,Knit with Linda,https://cn.noxinfluencer.com/youtube/channel/UCxP22MCLSlDFUF0-7aQXd2w,0,badcase,手作社区向，和宠物食品无关
4795,UCxQ1g4ABCly24HLfdPlNGCg,Odorcide,https://cn.noxinfluencer.com/youtube/channel/UCxQ1g4ABCly24HLfdPlNGCg,0,badcase,无可用标签或内容证据
4796,UCxTc3IyiI_of3FcJ8Yh7Gnw,sodany khan,https://cn.noxinfluencer.com/youtube/channel/UCxTc3IyiI_of3FcJ8Yh7Gnw,0,badcase,无标签无标题，无法判断与宠物食品相关
4799,UCxYdJI_TzpBSubFuO3wQVSA,Liz En Route,https://cn.noxinfluencer.com/youtube/channel/UCxYdJI_TzpBSubFuO3wQVSA,0,badcase,无标签无标题，宠物食品相关性证据不足
4800,UCxbm-l-A3flIfU4h3jgI_bA,CajunVodou,https://cn.noxinfluencer.com/youtube/channel/UCxbm-l-A3flIfU4h3jgI_bA,0,badcase,无标签无标题，宠物食品相关性证据不足
4802,UCxfdDztoJp0zzEtITQJB8Rw,RocketG,https://cn.noxinfluencer.com/youtube/channel/UCxfdDztoJp0zzEtITQJB8Rw,0,badcase,无标签、无内容信号，无法支撑宠物食品推广相关性
4803,UCxfjWdemdesa-X-UuAeEBCw,Chiliad Gaming,https://cn.noxinfluencer.com/youtube/channel/UCxfjWdemdesa-X-UuAeEBCw,-15,badcase,游戏频道，和宠物食品推广场景明显不符
4804,UCxfvxMgKxaBsC0nxxbVV_7g,IMotionMarrTV,https://cn.noxinfluencer.com/youtube/channel/UCxfvxMgKxaBsC0nxxbVV_7g,-15,badcase,频道以说唱/娱乐为主，与宠物食品推广无关
4805,UCxgKr2SDkl9r5BULsJUrteg,Adams Reviews,https://cn.noxinfluencer.com/youtube/channel/UCxgKr2SDkl9r5BULsJUrteg,-15,badcase,频道偏家电评测，与宠物食品推广无关，且无宠物/食品信号
4806,UCxgTDcDfXaP95P7w7rzyB-g,Laviemate,https://cn.noxinfluencer.com/youtube/channel/UCxgTDcDfXaP95P7w7rzyB-g,0,badcase,无标签、无相关视频、无近期内容，缺少宠物食品推广证据
4808,UCxhjx7V6e8CifP4L4RL0ESQ,Beyond Gadget Zone,https://cn.noxinfluencer.com/youtube/channel/UCxhjx7V6e8CifP4L4RL0ESQ,0,badcase,无标签、无相关视频、无近期内容，缺少宠物食品推广相关证据
4809,UCxj1L3OknTucp4JJ02V35uw,Wild Soul Connection,https://cn.noxinfluencer.com/youtube/channel/UCxj1L3OknTucp4JJ02V35uw,0,badcase,无标签、标题或近期内容证据支持宠物食品推广相关性
4810,UCxjuFM6VcOj-Vt-yEJBNKOQ,KIFI Local News 8,https://cn.noxinfluencer.com/youtube/channel/UCxjuFM6VcOj-Vt-yEJBNKOQ,-15,badcase,新闻政治体育频道与宠物食品推广主题明显不匹配
4811,UCxkXdmrIc5HG_ClUKrDMA_g,Happy Songs,https://cn.noxinfluencer.com/youtube/channel/UCxkXdmrIc5HG_ClUKrDMA_g,-15,badcase,儿童儿歌娱乐，与宠物食品受众和购买场景均不符
4813,UCxmdvhiYNxeSbz7gBOw7W3w,Lucky BEAR SENSORY,https://cn.noxinfluencer.com/youtube/channel/UCxmdvhiYNxeSbz7gBOw7W3w,-15,badcase,短视频梗图娱乐，和宠物食品推广场景不匹配
4814,UCxo2UqqIolDG87hbjBn9RVA,Sea Siren Janine,https://cn.noxinfluencer.com/youtube/channel/UCxo2UqqIolDG87hbjBn9RVA,-15,badcase,真犯罪叙事娱乐，属于明显不相关频道
4815,UCxqngT-Nrczfe1H_MSKg__g,Mimi Ms Monica2U,https://cn.noxinfluencer.com/youtube/channel/UCxqngT-Nrczfe1H_MSKg__g,0,badcase,泛生活频道，仅有泛食物词，缺少宠物相关信号
4817,UCxsDLqSLOOZfaq6cparBueQ,James Olivar,https://cn.noxinfluencer.com/youtube/channel/UCxsDLqSLOOZfaq6cparBueQ,0,badcase,无标签无内容，几乎没有可用相关性证据
4818,UCxsDknsQGC8WDc9i3mC9CqA,Aphrodite Miyashiroh,https://cn.noxinfluencer.com/youtube/channel/UCxsDknsQGC8WDc9i3mC9CqA,0,badcase,无标签无内容，几乎没有可用相关性证据
4819,UCxtdRpAOakF81khWNFNtZlA,DOGs DAY,https://cn.noxinfluencer.com/youtube/channel/UCxtdRpAOakF81khWNFNtZlA,0,badcase,仅频道名含DOG，无标签和内容支撑宠物食品相关性
4821,UCxvOBLC955EiIcysRYspKZg,AI Health,https://cn.noxinfluencer.com/youtube/channel/UCxvOBLC955EiIcysRYspKZg,0,badcase,无标签与内容证据，无法支持宠物食品投放
4823,UCxvafODlT4FIKekotW97C4Q,Daily Paws,https://cn.noxinfluencer.com/youtube/channel/UCxvafODlT4FIKekotW97C4Q,0,badcase,无可用标签与视频证据，相关性不足
4824,UCxyD9pZDXkVOavccFGcjf-Q,BossDT,https://cn.noxinfluencer.com/youtube/channel/UCxyD9pZDXkVOavccFGcjf-Q,-10,badcase,娱乐搞笑为主，宠物食品投放场景不成立
4825,UCxyXZSfZIBuBUrqCRp3JUvA,Entertainment & FuN,https://cn.noxinfluencer.com/youtube/channel/UCxyXZSfZIBuBUrqCRp3JUvA,0,badcase,纯娱乐向，无宠物食品相关场景
4826,UCxysRLuAGn_KiUcS7YK2GJA,Paula Stewart,https://cn.noxinfluencer.com/youtube/channel/UCxysRLuAGn_KiUcS7YK2GJA,1,badcase,仅有泛化food标签，缺少宠物食品意图
4829,UCy1yWXGgr7a4bLq_2EsiXww,Sweet Amy's Life,https://cn.noxinfluencer.com/youtube/channel/UCy1yWXGgr7a4bLq_2EsiXww,-14,badcase,频道以旅行娱乐度假为主，缺少宠物食品推广意图
4830,UCy3T2bgmhSrbHZGqv7R2DZg,Ed Mace,https://cn.noxinfluencer.com/youtube/channel/UCy3T2bgmhSrbHZGqv7R2DZg,-15,badcase,游戏娱乐频道，与宠物食品推广目标明显不匹配
4831,UCy4earvTTlP5OUpNRvPI7TQ,wowcrendor,https://cn.noxinfluencer.com/youtube/channel/UCy4earvTTlP5OUpNRvPI7TQ,-15,badcase,游戏频道与宠物食品推广主题明显无关
4833,UCy5OAqaav5nT9bDCoelJxYw,PEKOKO TECHNOLOGY,https://cn.noxinfluencer.com/youtube/channel/UCy5OAqaav5nT9bDCoelJxYw,-15,badcase,激光设备频道与宠物食品推广完全不相关
4834,UCy5Y4sqHizWeu2UXcDqfW4A,Food Masala,https://cn.noxinfluencer.com/youtube/channel/UCy5Y4sqHizWeu2UXcDqfW4A,-5,badcase,人类食谱频道，和宠物食品投放受众不匹配
4835,UCy6j8gvuKZrN8yTAAMTYv0w,Wander Dano,https://cn.noxinfluencer.com/youtube/channel/UCy6j8gvuKZrN8yTAAMTYv0w,0,badcase,旅行生活频道缺少宠物食品相关受众信号
4836,UCy8LfEjAzL-5ZHgLUmeExUA,Fact Quickie,https://cn.noxinfluencer.com/youtube/channel/UCy8LfEjAzL-5ZHgLUmeExUA,0,badcase,泛知识娱乐频道，与宠物食品推广无明显受众或购买场景
4837,UCy9s9GVWn-glrF9GiBWJWAg,TheSoul Music FUN,https://cn.noxinfluencer.com/youtube/channel/UCy9s9GVWn-glrF9GiBWJWAg,0,badcase,音乐娱乐向，缺少宠物受众和产品推广语境
4838,UCyA6awNDgzEYgHMVwU464cA,Hằng Family Life,https://cn.noxinfluencer.com/youtube/channel/UCyA6awNDgzEYgHMVwU464cA,0,badcase,无标签无内容证据，无法支撑宠物食品投放
4841,UCyECd6e2H3NkjFEMumcR00w,말소부부 MalssoCouple,https://cn.noxinfluencer.com/youtube/channel/UCyECd6e2H3NkjFEMumcR00w,0,badcase,无标签与内容证据，无法支撑宠物食品推广
4842,UCyHATJ3N8Dep2S3BmusGbpw,Nollora Nunery,https://cn.noxinfluencer.com/youtube/channel/UCyHATJ3N8Dep2S3BmusGbpw,-5,badcase,宠物娱乐搞笑频道，缺少宠物食品购买或喂养推广语境
4843,UCyHVfRN36dd7PbKhpJwsBCw,Gildre - Level Up with Founders and Advisors,https://cn.noxinfluencer.com/youtube/channel/UCyHVfRN36dd7PbKhpJwsBCw,0,badcase,无标签与视频证据，和宠物食品无关
4848,UCyIxjCZdjdl1YLvYuKYMBmA,AmMaReviewRealm,https://cn.noxinfluencer.com/youtube/channel/UCyIxjCZdjdl1YLvYuKYMBmA,0,badcase,无标签无内容，无法判断宠粮推广相关性
4849,UCyJ3meVCfs7muUhNwix121A,The best of everything,https://cn.noxinfluencer.com/youtube/channel/UCyJ3meVCfs7muUhNwix121A,0,badcase,无标签无内容，缺少任何宠粮投放依据
4850,UCyJMYNgC5gwzj3_LUn3JbTg,Tony DiCola,https://cn.noxinfluencer.com/youtube/channel/UCyJMYNgC5gwzj3_LUn3JbTg,0,badcase,无标签无内容，缺少任何宠粮投放依据
4851,UCyK3vbQ93wfF3_phSkNvqkg,Professor Science Cat and Friends,https://cn.noxinfluencer.com/youtube/channel/UCyK3vbQ93wfF3_phSkNvqkg,0,badcase,无标签、标题或近期内容证据支持宠物食品推广相关性
4852,UCyLCrC3oQDIevujCDeodJnA,Bank Gaye,https://cn.noxinfluencer.com/youtube/channel/UCyLCrC3oQDIevujCDeodJnA,-10,badcase,艺术娱乐向，和宠物食品推广场景明显不匹配
4853,UCyMZF95R9yTuXkCs9_9uX1Q,Donna's Products,https://cn.noxinfluencer.com/youtube/channel/UCyMZF95R9yTuXkCs9_9uX1Q,0,badcase,无标签、无相关视频或近期内容，缺少宠物食品推广相关性
4854,UCyN6X3hJ2toKm0l6v9l6IDA,ItsMightyMochi,https://cn.noxinfluencer.com/youtube/channel/UCyN6X3hJ2toKm0l6v9l6IDA,0,badcase,无标签、标题或近期内容证据支持宠物食品推广相关性
4856,UCyQaHCw0EAfwlktewYSia9A,Green forest life,https://cn.noxinfluencer.com/youtube/channel/UCyQaHCw0EAfwlktewYSia9A,-14,badcase,猪/野猪内容为主，宠物食品投放对象不符，且无宠物相关信号
4857,UCyRPKBHJoOxWFkctj8QP0nQ,Teri&Soul,https://cn.noxinfluencer.com/youtube/channel/UCyRPKBHJoOxWFkctj8QP0nQ,0,badcase,无标签、视频或近期内容证据，无法证明适合宠物食品推广
4858,UCySM6Pe2sZsargNlQK-n8tg,Rose Berigan - Thee Rose of Real Estate,https://cn.noxinfluencer.com/youtube/channel/UCySM6Pe2sZsargNlQK-n8tg,0,badcase,无宠物食品相关标签或内容，频道主题疑似房地产，不适合推广
4859,UCySpWP2dRrHilJ-ssyH3z3A,Lilly Bean,https://cn.noxinfluencer.com/youtube/channel/UCySpWP2dRrHilJ-ssyH3z3A,0,badcase,无标签、相关视频或近期内容，缺少宠物食品推广相关证据
4860,UCyUG2htFsMtlhuvBHKYxPrQ,Pete B: East Texas Homesteading,https://cn.noxinfluencer.com/youtube/channel/UCyUG2htFsMtlhuvBHKYxPrQ,1,badcase,仅有泛食品标签，无宠物食品或宠物养护推广语境
4861,UCyUaCr03csY9UWwVT_4JvxA,Doorbell Dispatch,https://cn.noxinfluencer.com/youtube/channel/UCyUaCr03csY9UWwVT_4JvxA,0,badcase,门铃安防内容，与宠物食品推广无关
4862,UCyUbAe2_BAeYUmq3XcSyR7Q,Wildcam Video USA,https://cn.noxinfluencer.com/youtube/channel/UCyUbAe2_BAeYUmq3XcSyR7Q,0,badcase,无标签无内容，且偏野生动物题材
4863,UCyX97mkNpLrSPeIY4OLWjAA,Joy Shopish,https://cn.noxinfluencer.com/youtube/channel/UCyX97mkNpLrSPeIY4OLWjAA,0,badcase,无标签无内容，缺少宠物食品受众信号
4864,UCyXDZHJogWbLotODIOYzSFA,Big Bend Guide,https://cn.noxinfluencer.com/youtube/channel/UCyXDZHJogWbLotODIOYzSFA,0,badcase,无标签无内容，未见宠物相关信号
4866,UCyY8J_qXE7qJvKkHHAOv_ww,Leoloom,https://cn.noxinfluencer.com/youtube/channel/UCyY8J_qXE7qJvKkHHAOv_ww,0,badcase,无宠物或喂养相关信号，无法支撑宠粮推广
4872,UCycgMFO8Toq4Lhteg2-nRdw,Hooked on Pickin' Amazon FBA Seller,https://cn.noxinfluencer.com/youtube/channel/UCycgMFO8Toq4Lhteg2-nRdw,0,badcase,频道偏Amazon FBA/拆箱/玩具销售，无宠物食品推广语境
4873,UCych-Fn1w8dBF_RU6J8N6UA,Quick Line Comedy,https://cn.noxinfluencer.com/youtube/channel/UCych-Fn1w8dBF_RU6J8N6UA,-15,badcase,娱乐搞笑内容为主，与宠物食品推广明显不符
4874,UCycrzA2LboVshHJfmj0DvGg,Orphans Hoàng Nhân,https://cn.noxinfluencer.com/youtube/channel/UCycrzA2LboVshHJfmj0DvGg,0,badcase,生存日常/烹饪向，缺少宠物食品受众与喂养场景
4875,UCydMZ5D-xYff6-BhAqzCkbQ,Charles Yamabe,https://cn.noxinfluencer.com/youtube/channel/UCydMZ5D-xYff6-BhAqzCkbQ,0,badcase,仅泛生活方式/发型标签，无宠物或宠粮推广语境
4876,UCyfjNtxbjHeBw4f9v501iUg,VIRAL PREMIUM,https://cn.noxinfluencer.com/youtube/channel/UCyfjNtxbjHeBw4f9v501iUg,0,badcase,无标签、无标题与近期内容证据，和宠物食品推广无关
4877,UCyfxIVRGeIf207Xq5N55Acg,Good Guy's Winning,https://cn.noxinfluencer.com/youtube/channel/UCyfxIVRGeIf207Xq5N55Acg,1,badcase,仅有泛化food标签，缺少宠物喂养或购买意图，不适合投放
4878,UCyfxcDBRkptxZz5HmlODvuA,The Champ Show Hawaii,https://cn.noxinfluencer.com/youtube/channel/UCyfxcDBRkptxZz5HmlODvuA,0,badcase,无标签、视频或近期内容证据支持宠物食品推广
4879,UCyfzkRDlRac5GK5tz8_RLqw,NewsInfusion NBN,https://cn.noxinfluencer.com/youtube/channel/UCyfzkRDlRac5GK5tz8_RLqw,0,badcase,无标签和内容证据，和宠物食品推广无关
4880,UCyg7Ov1d5ZpiKkqE0-w6OVQ,Fernando Vaca03,https://cn.noxinfluencer.com/youtube/channel/UCyg7Ov1d5ZpiKkqE0-w6OVQ,0,badcase,无标签、相关视频或近期内容，缺少宠物食品推广证据
4881,UCyid9gTC9z4p3YGyWEtb6rQ,E VISION LIFE STYLE,https://cn.noxinfluencer.com/youtube/channel/UCyid9gTC9z4p3YGyWEtb6rQ,0,badcase,无宠物食品相关信号，无法判断为可推广频道
4882,UCylWVheAHNNWLJxSRn2nx0g,BodegaCooler,https://cn.noxinfluencer.com/youtube/channel/UCylWVheAHNNWLJxSRn2nx0g,0,badcase,无宠物食品相关信号，无法判断为可推广频道
4883,UCypq69KU6c9xXM-fCQ0LXKw,Vicks Cooler Chicken BBQ,https://cn.noxinfluencer.com/youtube/channel/UCypq69KU6c9xXM-fCQ0LXKw,0,badcase,无宠物食品相关信号，无法判断为可推广频道
4885,UCyqDqEL0bZWRRZUhLB5u77A,Grow Differently,https://cn.noxinfluencer.com/youtube/channel/UCyqDqEL0bZWRRZUhLB5u77A,0,badcase,无宠物食品相关信号，无法判断为可推广频道
4886,UCyr8MLMwD_nqFqA9TNVc15w,Cup Of Jordy,https://cn.noxinfluencer.com/youtube/channel/UCyr8MLMwD_nqFqA9TNVc15w,3,badcase,服饰穿搭频道，只有泛生活标签，和宠物食品促销相关性很弱
4887,UCys6oszAdJB67mn__6Ch84Q,Brain Pop ai,https://cn.noxinfluencer.com/youtube/channel/UCys6oszAdJB67mn__6Ch84Q,-15,badcase,游戏主频道，和宠物食品推广场景明显不符
4888,UCysS5KC4XSYOUZJpb231iig,QuietPlaces,https://cn.noxinfluencer.com/youtube/channel/UCysS5KC4XSYOUZJpb231iig,1,badcase,仅有泛化food弱相关，频道偏静态风景/生活方式，不适合宠物食品推广
4889,UCytC4EWnnJNT05zP9TMhM_A,Viv and Denny - Shorts,https://cn.noxinfluencer.com/youtube/channel/UCytC4EWnnJNT05zP9TMhM_A,-15,badcase,儿童动画频道，与宠物食品推广场景明显不符
4890,UCyuPbNP3YfxfB83XyVhy8Cg,Reptilian Wonders,https://cn.noxinfluencer.com/youtube/channel/UCyuPbNP3YfxfB83XyVhy8Cg,0,badcase,无宠物食品相关信号，频道名偏爬宠，推广不匹配
4891,UCyvB80U3HuaWVQPNSDGr94Q,Bla Bla Jam!,https://cn.noxinfluencer.com/youtube/channel/UCyvB80U3HuaWVQPNSDGr94Q,-10,badcase,娱乐短视频为主，缺少宠物喂养/购买语境
4892,UCywGBDSlAWYNWMbZ19vaFcg,Shay Budgets,https://cn.noxinfluencer.com/youtube/channel/UCywGBDSlAWYNWMbZ19vaFcg,0,badcase,规划手帐类频道，与宠物食品推广无关
4893,UCyyPshhPqwNpyWC2qZAH5pw,Warren K. Cotton,https://cn.noxinfluencer.com/youtube/channel/UCyyPshhPqwNpyWC2qZAH5pw,0,badcase,无标签、相关视频或近期内容证据，缺乏宠物食品推广相关性
4894,UCz-Rq17PvTVcxtOBq0y_huw,"WMTV | News, Weather & Sports",https://cn.noxinfluencer.com/youtube/channel/UCz-Rq17PvTVcxtOBq0y_huw,1,badcase,仅有泛化的 food 标签，新闻频道不适合宠物食品推广
4895,UCz-V4wUb0exF0sjFJ6WAqfA,MissWorld,https://cn.noxinfluencer.com/youtube/channel/UCz-V4wUb0exF0sjFJ6WAqfA,0,badcase,无标签、标题或近期内容证据支持宠物食品推广
4896,UCz0a2OIAVFz9y6rFq9viP4g,small world,https://cn.noxinfluencer.com/youtube/channel/UCz0a2OIAVFz9y6rFq9viP4g,0,badcase,无标签、无相关视频、无近期内容，缺乏宠物食品推广相关证据
4897,UCz0hJVGuK4--b3t1u3WavYQ,MH Media Express,https://cn.noxinfluencer.com/youtube/channel/UCz0hJVGuK4--b3t1u3WavYQ,0,badcase,无标签、无相关视频、无近期内容，缺少宠物食品推广相关证据
4899,UCz15Wx9BHTPvdZhtCvsIOfw,Tabitha Blue,https://cn.noxinfluencer.com/youtube/channel/UCz15Wx9BHTPvdZhtCvsIOfw,-14,badcase,ASMR 是明显售卖格式不匹配，宠物食品仅有弱泛化食品词
4900,UCz1JlFJSqwxkL9Dwa0eYLVw,Pet Spot Market,https://cn.noxinfluencer.com/youtube/channel/UCz1JlFJSqwxkL9Dwa0eYLVw,0,badcase,无标签、视频或近期内容证据，无法确认宠物食品推广相关性
4901,UCz1qRqjpPhzv9drLFsmMKFQ,KYLEY SUMRALL,https://cn.noxinfluencer.com/youtube/channel/UCz1qRqjpPhzv9drLFsmMKFQ,-14,badcase,ASMR放松音频型频道，与宠物食品推广形式明显不匹配
4902,UCz1vDiKqqj55knUlY2GIMCg,PERFUME PLAYGROUND,https://cn.noxinfluencer.com/youtube/channel/UCz1vDiKqqj55knUlY2GIMCg,0,badcase,香氛美妆题材，与宠物食品受众无关
4903,UCz3vdP_R3hdHgKk0t6gbJWQ,Fun Toy Station,https://cn.noxinfluencer.com/youtube/channel/UCz3vdP_R3hdHgKk0t6gbJWQ,0,badcase,无相关标签与内容
4904,UCz47i3ZwAKNGa_2w-qd8zsQ,Leena's Kitchen,https://cn.noxinfluencer.com/youtube/channel/UCz47i3ZwAKNGa_2w-qd8zsQ,1,badcase,人类料理频道仅有泛食品词，难支撑宠物食品推广
4906,UCz5dsjTEt6b8SLAQHBTzMaw,LivingAload,https://cn.noxinfluencer.com/youtube/channel/UCz5dsjTEt6b8SLAQHBTzMaw,0,badcase,无标签、无内容信号，和宠物食品推广无明显关联
4907,UCz8QsOYD8s3RcQ_-mAWbGBg,FOX 5 San Diego,https://cn.noxinfluencer.com/youtube/channel/UCz8QsOYD8s3RcQ_-mAWbGBg,0,badcase,新闻政治类频道，和宠物食品推广场景不匹配
4909,UCzBrnjM4ulFjaJcYUP4QXcw,WingFrankClipper,https://cn.noxinfluencer.com/youtube/channel/UCzBrnjM4ulFjaJcYUP4QXcw,0,badcase,无标签和内容证据，相关性不足
4911,UCzDIWw2DijA-tNzMc1ZDfNw,Magnet Satisfying,https://cn.noxinfluencer.com/youtube/channel/UCzDIWw2DijA-tNzMc1ZDfNw,-17,badcase,解压ASMR/磁球内容，和宠物粮投放场景不匹配
4913,UCzEojE1cN4CYK86BT25e5lg,Carepet tips,https://cn.noxinfluencer.com/youtube/channel/UCzEojE1cN4CYK86BT25e5lg,0,badcase,无标签、视频或近期内容证据，无法判断适合宠物食品推广
4915,UCzHXTZOC0RvHEWZdnUUQrxQ,Main Street Grit,https://cn.noxinfluencer.com/youtube/channel/UCzHXTZOC0RvHEWZdnUUQrxQ,0,badcase,无宠物粮相关信号，投放相关性不足
4916,UCzIE7obEXJpNKQ0A7n93VRw,AI TRENDX,https://cn.noxinfluencer.com/youtube/channel/UCzIE7obEXJpNKQ0A7n93VRw,0,badcase,无宠粮相关标签或视频，缺少推广相关性
4917,UCzKh_wNgJ-PDJkP1q5KAgdA,Entertainment on the road,https://cn.noxinfluencer.com/youtube/channel/UCzKh_wNgJ-PDJkP1q5KAgdA,0,badcase,消费电子/无人机频道，与宠粮推广主题不符
4918,UCzLHFxgZ-tFUq3ymC8BxQEQ,Flat Necked Gecko,https://cn.noxinfluencer.com/youtube/channel/UCzLHFxgZ-tFUq3ymC8BxQEQ,0,badcase,无标签、标题或召回内容，缺少宠物食品推广相关证据
4919,UCzLXO-ZSi-JtCR7LKedoqZQ,English Duo,https://cn.noxinfluencer.com/youtube/channel/UCzLXO-ZSi-JtCR7LKedoqZQ,0,badcase,缺少任何宠粮、宠物或喂养信号
4922,UCzPjC8WaF31N8uJTk4P_p_Q,Gremlina (gremlina1122),https://cn.noxinfluencer.com/youtube/channel/UCzPjC8WaF31N8uJTk4P_p_Q,0,badcase,无标签无内容信号，无法判断与宠物食品推广相关
4924,UCzR4YJyY1Y-gIt1xf05ZQ3A,SnappyToons,https://cn.noxinfluencer.com/youtube/channel/UCzR4YJyY1Y-gIt1xf05ZQ3A,0,badcase,无可用标签与内容信号，和宠物食品推广无关
4925,UCzRB0Ec4bfOQsV7B2TXHpDQ,Modern Trend Seeker,https://cn.noxinfluencer.com/youtube/channel/UCzRB0Ec4bfOQsV7B2TXHpDQ,0,badcase,无可用标签与内容信号，和宠物食品推广无关
4926,UCzRJVM0G9SXkB8cB2AldhoA,"Daifuku Global Channel ""D-Tube!""",https://cn.noxinfluencer.com/youtube/channel/UCzRJVM0G9SXkB8cB2AldhoA,0,badcase,与宠物食品投放无关，缺少宠物受众与消费场景
4927,UCzSCLqkaX-IW26Vxux-_Jqw,No Beard Papa,https://cn.noxinfluencer.com/youtube/channel/UCzSCLqkaX-IW26Vxux-_Jqw,-12,badcase,ASMR/吃播是强格式错配，不适合宠物食品推广
4928,UCzTVAgWNB_5M65UhWxntcSQ,Mr.Tangerine,https://cn.noxinfluencer.com/youtube/channel/UCzTVAgWNB_5M65UhWxntcSQ,-25,badcase,娱乐/电影反应定位，缺少宠物食品或营养购买语境
4929,UCzTv1mLv8ykBaSuSa7pLhcw,kamran Reacts,https://cn.noxinfluencer.com/youtube/channel/UCzTv1mLv8ykBaSuSa7pLhcw,0,badcase,无宠物食品相关信号，偏美妆娱乐泛内容
4932,UCzUup4FwgeeGj65opJBZeMA,Baldoxxx4000,https://cn.noxinfluencer.com/youtube/channel/UCzUup4FwgeeGj65opJBZeMA,0,badcase,无标签无内容，无法判断相关性
4933,UCzV_hd9M_7UBEVrGLUJu-2Q,Dexter's World,https://cn.noxinfluencer.com/youtube/channel/UCzV_hd9M_7UBEVrGLUJu-2Q,-14,badcase,鱼类养殖内容，和宠物食品投放场景不匹配
4934,UCzWJW9JCfTyHwQuY31Pd2Yg,Daily Anime,https://cn.noxinfluencer.com/youtube/channel/UCzWJW9JCfTyHwQuY31Pd2Yg,-15,badcase,动漫娱乐频道，和宠物食品推广场景明显不符
4935,UCzWOX1N0-wa3ecliV6tpojg,X-Terror.Gaming,https://cn.noxinfluencer.com/youtube/channel/UCzWOX1N0-wa3ecliV6tpojg,0,badcase,无标签无内容，缺少任何相关信号
4936,UCzXU6CHe_cGnQybRN6UxGEg,N.C. Wildlife Resources Commission,https://cn.noxinfluencer.com/youtube/channel/UCzXU6CHe_cGnQybRN6UxGEg,-5,badcase,野生动物与宠物粮推广场景不符，缺少宠物喂养语义
4937,UCz_334E-zEydrH3oJn3t3yw,Sơn's Life,https://cn.noxinfluencer.com/youtube/channel/UCz_334E-zEydrH3oJn3t3yw,-15,badcase,猴类农场内容与宠物粮投放人群不匹配，相关性很低
4938,UCza1Pb0xlbF9lgkvMhS75kw,Travel Channel YT,https://cn.noxinfluencer.com/youtube/channel/UCza1Pb0xlbF9lgkvMhS75kw,1,badcase,仅有泛化food标签，缺少宠物喂养或购买意图
4939,UCzaVgdCEPDQkrDTT28G3MmA,Shakopee Mdewakanton Sioux Community,https://cn.noxinfluencer.com/youtube/channel/UCzaVgdCEPDQkrDTT28G3MmA,0,badcase,原住民社区播客与宠物粮推广缺少明确交集
4940,UCzb8hoHl1eGnzlSfdiPBH3Q,Novian,https://cn.noxinfluencer.com/youtube/channel/UCzb8hoHl1eGnzlSfdiPBH3Q,0,badcase,娱乐访谈类频道与宠物粮推广关联不足
4941,UCzbshspHd7F8ZYLECU07l8A,Alam Radar,https://cn.noxinfluencer.com/youtube/channel/UCzbshspHd7F8ZYLECU07l8A,0,badcase,娱乐搞笑为主，宠物仅泛标签，缺少宠物食品推广场景
4942,UCzd83WFCSUpfRbmWspuUXBA,Fat Orange Play Box,https://cn.noxinfluencer.com/youtube/channel/UCzd83WFCSUpfRbmWspuUXBA,0,badcase,无标签无内容信号，无法判断为宠物食品相关
4944,UCzeNt_bX_FsfuCluF2fx0WQ,FOOD STOP AI,https://cn.noxinfluencer.com/youtube/channel/UCzeNt_bX_FsfuCluF2fx0WQ,0,badcase,无宠物食品相关信号，频道名更像泛AI内容
4945,UCzfiqzYiZe4UgEio4RwARJQ,Forest Free Life,https://cn.noxinfluencer.com/youtube/channel/UCzfiqzYiZe4UgEio4RwARJQ,-14,badcase,仅有泛宠物标签，主标签为朗读内容，不适合宠物食品推广
4947,UCzgnr0Z1v0dN8HHBXafWv_w,Làng Việt Florida USA,https://cn.noxinfluencer.com/youtube/channel/UCzgnr0Z1v0dN8HHBXafWv_w,0,badcase,无标签无内容信号，无法判断与宠物食品相关
4949,UCziqlpzL4-1gAd5XMVb5bug,Alla Lighting Automotive LED Bulbs,https://cn.noxinfluencer.com/youtube/channel/UCziqlpzL4-1gAd5XMVb5bug,0,badcase,汽车LED频道，与宠物食品受众明显不相关
4952,UCzmZi-DTVBiIjq-hO-eNCnw,Ashlynne,https://cn.noxinfluencer.com/youtube/channel/UCzmZi-DTVBiIjq-hO-eNCnw,0,badcase,生活方式频道，和宠物食品推广缺少直接场景
4953,UCzm_skdphUSCqp9XrC5Xj5A,IKnowGadgets,https://cn.noxinfluencer.com/youtube/channel/UCzm_skdphUSCqp9XrC5Xj5A,0,badcase,无标签无内容信号，无法判断为宠物食品相关
4955,UCzoRyR_nlesKZuOlEjWRXQQ,Anthony Chaffee MD,https://cn.noxinfluencer.com/youtube/channel/UCzoRyR_nlesKZuOlEjWRXQQ,0,badcase,人类饮食频道，不是宠物受众
4956,UCzqBLrRNOtlymU6zMnQHmiw,Chef Yun Ha,https://cn.noxinfluencer.com/youtube/channel/UCzqBLrRNOtlymU6zMnQHmiw,0,badcase,无标签、无相关视频、无近期内容，缺少宠物食品推广相关证据
4957,UCzrVBV2Q10aH0lTLoS03F0Q,Juberu Yaqafi,https://cn.noxinfluencer.com/youtube/channel/UCzrVBV2Q10aH0lTLoS03F0Q,0,badcase,无标签、标题或近期内容证据，无法判断适合宠物食品推广
4958,UCzsluooGNR7WKWbEOzP6voA,PRADIP SHORTS,https://cn.noxinfluencer.com/youtube/channel/UCzsluooGNR7WKWbEOzP6voA,-5,badcase,娱乐短视频频道，缺少宠物食品购买或喂养场景
4959,UCztUhkO1jih0JnxjiyywFjw,Dennis Michael Hona,https://cn.noxinfluencer.com/youtube/channel/UCztUhkO1jih0JnxjiyywFjw,0,badcase,无标签、视频或近期内容证据，无法支持宠物食品推广
4960,UCztZ8qr9yif0LJBeSDwGF7w,Cat Daisy,https://cn.noxinfluencer.com/youtube/channel/UCztZ8qr9yif0LJBeSDwGF7w,0,badcase,无标签、视频或近期内容证据，无法支持宠物食品推广
4961,UCztmIyTPlte1xz6OiJjBdQQ,Curiosity-in-Motion,https://cn.noxinfluencer.com/youtube/channel/UCztmIyTPlte1xz6OiJjBdQQ,0,badcase,无标签、无内容信号，无法判断为宠物食品相关
4963,UCzvvcVCxQuj2NldFGHxxoFg,Washington Grown,https://cn.noxinfluencer.com/youtube/channel/UCzvvcVCxQuj2NldFGHxxoFg,2,badcase,仅有泛食品/食谱语义，缺少宠物食品受众与购买意图
4965,UCzyHDlqpGCYv-QVQt-IxmVg,AiDog7,https://cn.noxinfluencer.com/youtube/channel/UCzyHDlqpGCYv-QVQt-IxmVg,2,badcase,AI狗剧情娱乐向为主，缺少真实宠物食品消费场景
