rank,channel_id,channel_name,channel_url,score,suggested_label,why_short
2,UCrzySfCZIMqhYlDsDqtpQ6w,HPad,https://cn--xtb.noxinfluencer.com/youtube/channel/UCrzySfCZIMqhYlDsDqtpQ6w,-5,badcase,虽有吸尘器标签，但主要是破坏娱乐内容，促销场景不匹配。
5,UC8fNxgl93pWAig9iJJIMpyA,Levsob,https://cn--xtb.noxinfluencer.com/youtube/channel/UC8fNxgl93pWAig9iJJIMpyA,-5,badcase,虽有吸尘器标签，但频道主内容是娱乐短剧情，明显不适合推广。
6,UCtirMQlaZ6ksFrpbKmPC2yA,Calming Ambience Sounds,https://cn--xtb.noxinfluencer.com/youtube/channel/UCtirMQlaZ6ksFrpbKmPC2yA,-5,badcase,标签直中但频道是助眠白噪音，强格式错配，不适合推广吸尘器
24,UCG9Kc_szc29vlUICXP0MM0w,AI reels,https://cn--xtb.noxinfluencer.com/youtube/channel/UCG9Kc_szc29vlUICXP0MM0w,-2,badcase,有吸尘器词但主体是AI短视频，促销格式严重不符
25,UCS9cJpWSQUOw4cIqC_ndSjQ,Sleeping Easy,https://cn--xtb.noxinfluencer.com/youtube/channel/UCS9cJpWSQUOw4cIqC_ndSjQ,-2,badcase,ASMR吸尘器白噪音频道，偏音频娱乐而非产品推广，近10条也均失配
27,UCPySskaPsPYeejViLabdONg,Vacuum Sensation,https://cn--xtb.noxinfluencer.com/youtube/channel/UCPySskaPsPYeejViLabdONg,5,badcase,有直达词，但ASMR吸尘声内容是强格式错配，不适合做推广
29,UC1X7MdmCG0uh-Nxe4Yr81Sg,Her Cozy Rituals,https://cn--xtb.noxinfluencer.com/youtube/channel/UC1X7MdmCG0uh-Nxe4Yr81Sg,-13,badcase,近期多是吸尘清洁ASMR，标签偏健身生活，投放格式不匹配
31,UC6i6ZM4NBogI6_9Jr7WTwlw,Ambience,https://cn--xtb.noxinfluencer.com/youtube/channel/UC6i6ZM4NBogI6_9Jr7WTwlw,-5,badcase,ASMR吸尘器音效为主，偏放松聆听，不是产品推广场景
49,UCVf7VFzMDadwa9To0Izmegw,Serba Serbi,https://cn--xtb.noxinfluencer.com/youtube/channel/UCVf7VFzMDadwa9To0Izmegw,-7,badcase,标签不相关，近期虽有吸尘器短视频，但整体内容杂乱
50,UCReq2gJITMbr0vArn2MAEmQ,SMILEatTheDEALS,https://cn--xtb.noxinfluencer.com/youtube/channel/UCReq2gJITMbr0vArn2MAEmQ,-7,badcase,频道偏古董收藏，吸尘器多为旧货展示，不适合新品推广
52,UCUKcmsAb2t80-IArEn3iJKQ,YourPeacefulSound,https://cn--xtb.noxinfluencer.com/youtube/channel/UCUKcmsAb2t80-IArEn3iJKQ,-2,badcase,虽有 vacuum cleaner 直命中，但内容是白噪音/睡眠声，不适合产品推广
53,UCSAVIfJoCVB0PIR0kL6hEqg,Shanice At Home,https://cn--xtb.noxinfluencer.com/youtube/channel/UCSAVIfJoCVB0PIR0kL6hEqg,-10,badcase,生活带货/出版类频道，无吸尘器相关标签，近10条全不匹配
59,UCekILbbHFXMZmd2DU2ujndg,CleanFlow ASMR,https://cn--xtb.noxinfluencer.com/youtube/channel/UCekILbbHFXMZmd2DU2ujndg,-22,badcase,白噪音/ASMR清洁流，属于强格式错配，不适合吸尘器推广
60,UCQJt1liRGafkw-sSeUk2TVw,Velvet Relax ASMR,https://cn--xtb.noxinfluencer.com/youtube/channel/UCQJt1liRGafkw-sSeUk2TVw,-24,badcase,ASMR主导且近期多为放松清洁音频，和吸尘器推广错配
70,UCuUOkyeF5WaZMaTLrUtJXVQ,Gadget Flow,https://cn--xtb.noxinfluencer.com/youtube/channel/UCuUOkyeF5WaZMaTLrUtJXVQ,-6,badcase,仅泛科技弱相关，近期十条几乎全无真空清洁器内容
71,UCk1h4LWbmVdglcAhT8UMitw,Genevieve Moore88,https://cn--xtb.noxinfluencer.com/youtube/channel/UCk1h4LWbmVdglcAhT8UMitw,-20,badcase,喜剧恶搞频道，近期内容均不支持吸尘器推广
79,UCGumXE53FJ3B-V7pIGasPaw,Vacuum Sleep Sounds,https://cn--xtb.noxinfluencer.com/youtube/channel/UCGumXE53FJ3B-V7pIGasPaw,-25,badcase,白噪音/助眠频道，虽含 vacuum 但明显是音频氛围内容，不适合推广产品
82,UCqwsfLM0hkyff8b60mez2hg,Pool Cleaning Hacks,https://cn--xtb.noxinfluencer.com/youtube/channel/UCqwsfLM0hkyff8b60mez2hg,-10,badcase,内容几乎全是泳池清洁，不适合家用吸尘器推广
83,UCRcPcb0yFS114x5-s1pSlyA,Dylan Saborio,https://cn--xtb.noxinfluencer.com/youtube/channel/UCRcPcb0yFS114x5-s1pSlyA,-1,badcase,无相关标签，最近内容也与吸尘器无关
87,UCwasJAB8-gQnxQ-KZYiS64A,NDQ 🦋,https://cn--xtb.noxinfluencer.com/youtube/channel/UCwasJAB8-gQnxQ-KZYiS64A,-20,badcase,偏oddly satisfying和清洁展示，缺少购买/测评意图，格式不适配
106,UCn9x0ljvtwNExcqgPztzffg,The Review Rewind,https://cn--xtb.noxinfluencer.com/youtube/channel/UCn9x0ljvtwNExcqgPztzffg,-10,badcase,频道是泛产品评测，近10条与吸尘器无关，缺少清洁家电信号
110,UC87c8WcWJwImi5imWjuCPzw,synthpro,https://cn--xtb.noxinfluencer.com/youtube/channel/UC87c8WcWJwImi5imWjuCPzw,-20,badcase,频道以合成器音乐/维修为主，和吸尘器推广场景明显不符
111,UCc3vyW5vJm1mvZBftK8UT3A,Boxium Reviews,https://cn--xtb.noxinfluencer.com/youtube/channel/UCc3vyW5vJm1mvZBftK8UT3A,-7,badcase,工具评测频道，近10条无吸尘器相关内容，只有泛家居弱相关
114,UCH-MAXGqz8zc_5atoYCS6Zg,Vacuum State,https://cn--xtb.noxinfluencer.com/youtube/channel/UCH-MAXGqz8zc_5atoYCS6Zg,-5,badcase,内容是娱乐向“Vacuum vs X”，缺少清洁器评测/购买意图
116,UCcU4wy4vPRQa_uNcolDd2hA,Yaber Home,https://cn--xtb.noxinfluencer.com/youtube/channel/UCcU4wy4vPRQa_uNcolDd2hA,-26,badcase,频道主标签偏投影娱乐，虽有吸尘器近作但整体召回主题不匹配
119,UCx_LD1qnA-5z2jayGjN1YTw,Renewable ASTK,https://cn--xtb.noxinfluencer.com/youtube/channel/UCx_LD1qnA-5z2jayGjN1YTw,-10,badcase,无相关标签，近期内容为随机小家电和配件，和吸尘器投放不匹配
123,UCMHQcOsMu-fd69GwtTR1pGQ,5X Finds,https://cn--xtb.noxinfluencer.com/youtube/channel/UCMHQcOsMu-fd69GwtTR1pGQ,-10,badcase,无吸尘器相关标签，近期也没有吸尘器内容
125,UCm6M5tsf0xcYmO_JQGnLPpg,Techno Vision HD,https://cn--xtb.noxinfluencer.com/youtube/channel/UCm6M5tsf0xcYmO_JQGnLPpg,-24,badcase,游戏内容为主，吸尘器只是偶发评测，受众和场景不匹配
127,UCVPuXOD-0pcy3gqoJPlwLIg,chelsea palmer,https://cn--xtb.noxinfluencer.com/youtube/channel/UCVPuXOD-0pcy3gqoJPlwLIg,-9,badcase,时尚生活频道，清洁相关信号太弱，近期内容几乎全不相关
131,UCrd8a3bCbaGF-WHiP4oX_1A,Meagan Rose,https://cn--xtb.noxinfluencer.com/youtube/channel/UCrd8a3bCbaGF-WHiP4oX_1A,-7,badcase,清洁场景相关，但缺少吸尘器产品与购买意图，近况多为泛清洁内容
132,UCgJCa5JyZUFkw2evyuvLbJA,Sami Luo Tech,https://cn--xtb.noxinfluencer.com/youtube/channel/UCgJCa5JyZUFkw2evyuvLbJA,-9,badcase,科技测评向，和吸尘器品类关联弱，近期内容几乎全是其他电子产品
133,UCjOPaJ7-HTWRv5dVbXGqieQ,ROBOCLEAN AURA UZBEKISTAN RASMIY,https://cn--xtb.noxinfluencer.com/youtube/channel/UCjOPaJ7-HTWRv5dVbXGqieQ,0,badcase,直连吸尘器词，但内容偏ASMR和剧情式促销，格式不适合投放
134,UCM6PCe3c-slrYDuXmfD76pg,Griff,https://cn--xtb.noxinfluencer.com/youtube/channel/UCM6PCe3c-slrYDuXmfD76pg,-10,badcase,户外落叶清理为主，叶吸类工具与家用吸尘器不是同一购买场景
136,UCE8TKEWr07Wu09P4UFpGcoQ,Dremel,https://cn--xtb.noxinfluencer.com/youtube/channel/UCE8TKEWr07Wu09P4UFpGcoQ,-9,badcase,DIY工具频道，最近内容与吸尘器推广偏离较大
143,UCngWWLyPbq7SCU4aMvN4yRg,FITIGER,https://cn--xtb.noxinfluencer.com/youtube/channel/UCngWWLyPbq7SCU4aMvN4yRg,-9,badcase,主题为防夹喉急救设备，近10条均不相关，非吸尘器推广场景
146,UCSiWPd49ZjASkFIupi0uGaA,Jeremy Waller,https://cn--xtb.noxinfluencer.com/youtube/channel/UCSiWPd49ZjASkFIupi0uGaA,-10,badcase,标签与吸尘器无关，近10条内容多为旅行/理财/美食，适合度低
153,UCFNUFkMY48oBTmL_sjUMQgg,BGGT Maker,https://cn--xtb.noxinfluencer.com/youtube/channel/UCFNUFkMY48oBTmL_sjUMQgg,-25,badcase,娱乐梗/实验号，和吸尘器推广无关
154,UCmnRJd7a14UMB9721b3FrXw,Smart Easy Home,https://cn--xtb.noxinfluencer.com/youtube/channel/UCmnRJd7a14UMB9721b3FrXw,-12,badcase,家居清洁+ASMR，偏氛围展示，不是吸尘器购买推广
155,UCvuVFbp-Cw1N1l0_uvaAFZw,Vacuum Vibe,https://cn--xtb.noxinfluencer.com/youtube/channel/UCvuVFbp-Cw1N1l0_uvaAFZw,-25,badcase,ASMR 吸尘清洁频道，格式不适合做吸尘器推广
157,UCPYpyvk86SGSGC9RGDQqD6Q,Ira Motherhood,https://cn--xtb.noxinfluencer.com/youtube/channel/UCPYpyvk86SGSGC9RGDQqD6Q,-10,badcase,母婴生活内容，近10条无清洁/吸尘器相关，推广相关性弱
158,UCxdzGetmma7cMV41cY1tbvw,Clean with Prime,https://cn--xtb.noxinfluencer.com/youtube/channel/UCxdzGetmma7cMV41cY1tbvw,-15,badcase,清洁ASMR为主，缺少测评购买意图，近期10条均偏娱乐内容
161,UCQ1O-cgK7gSb6b52TaAPmFQ,Colton Crump DIY,https://cn--xtb.noxinfluencer.com/youtube/channel/UCQ1O-cgK7gSb6b52TaAPmFQ,-8,badcase,家装DIY频道，只有泛家居标签，近10期全是空气冷却器内容
165,UC4Y9pZjjMxFS_n4KhtTQQ1A,GRABO,https://cn--xtb.noxinfluencer.com/youtube/channel/UC4Y9pZjjMxFS_n4KhtTQQ1A,-25,badcase,施工起重工具频道，和家用吸尘器推广场景明显不匹配
168,UCJ1MNUmO-vYAOBFTMoCbjbw,Christy's Cooking & Lifestyle Channel,https://cn--xtb.noxinfluencer.com/youtube/channel/UCJ1MNUmO-vYAOBFTMoCbjbw,-10,badcase,做菜/餐饮内容为主，近十条几乎都与吸尘器无关，明显不适合
170,UCdKPKUpDnzi1OEz3-7ecJ0g,Brandon Jackson,https://cn--xtb.noxinfluencer.com/youtube/channel/UCdKPKUpDnzi1OEz3-7ecJ0g,-3,badcase,偏DIY/泳池及泛带货，缺少吸尘器评测或购买场景
172,UCe8-qO8LB5d79OdgWfpRVtA,Holli Fullbright,https://cn--xtb.noxinfluencer.com/youtube/channel/UCe8-qO8LB5d79OdgWfpRVtA,-21,badcase,清洁ASMR为主，偏生活方式，不适合吸尘器推广
179,UCu_M5GxR555rQoCfXgqdhZQ,Wastecorp Pumps,https://cn--xtb.noxinfluencer.com/youtube/channel/UCu_M5GxR555rQoCfXgqdhZQ,-10,badcase,主做泵和废液转运，近期内容与家用吸尘器推广明显不符
180,UCIXlmjr0zIqcDBE46QJEXBw,Brown's Professional Carpet Care,https://cn--xtb.noxinfluencer.com/youtube/channel/UCIXlmjr0zIqcDBE46QJEXBw,-13,badcase,有清洁场景但偏ASMR和服务演示，不是吸尘器购物/测评向
181,UCr-XT5CLxrWBxDxkX-v0ohQ,NAA PERU SIRI,https://cn--xtb.noxinfluencer.com/youtube/channel/UCr-XT5CLxrWBxDxkX-v0ohQ,-6,badcase,仅有清洁/厨房弱相关，频道以短视频生活美食为主，缺少吸尘器推广意图
183,UC6_MKT6yBBKwEuQFfP0BTCg,Tongyun Lifting Machinery,https://cn--xtb.noxinfluencer.com/youtube/channel/UC6_MKT6yBBKwEuQFfP0BTCg,-20,badcase,工业吊装为主，和家用吸尘器推广场景明显不符
188,UCbFh-R_44sgVmohjMEPzmfQ,Something 2LookAt,https://cn--xtb.noxinfluencer.com/youtube/channel/UCbFh-R_44sgVmohjMEPzmfQ,-8,badcase,ASMR爽感格式为主，虽有工具评测但对吸尘器促销不合适
189,UC8TENxiHgZlGo6nqpfyYVgw,SidsTips,https://cn--xtb.noxinfluencer.com/youtube/channel/UC8TENxiHgZlGo6nqpfyYVgw,-7,badcase,以泛产品评测为主，缺少清洁/吸尘器场景，近期内容偏杂
190,UCcc6QRrUf42UZ8JTeNFctVA,Summer Sky,https://cn--xtb.noxinfluencer.com/youtube/channel/UCcc6QRrUf42UZ8JTeNFctVA,-4,badcase,清洁场景相关但ASMR占比高，适合度受格式错配明显影响
198,UCqAzA1dM2kw4YD2m2N6FJFQ,Frankencooler,https://cn--xtb.noxinfluencer.com/youtube/channel/UCqAzA1dM2kw4YD2m2N6FJFQ,-20,badcase,频道主打自制空调冷风机，近期内容也全不相关
200,UCJGQJF0p5AxwZdeqx4Y8kFw,HVAC Overtime,https://cn--xtb.noxinfluencer.com/youtube/channel/UCJGQJF0p5AxwZdeqx4Y8kFw,0,badcase,频道为HVAC维修/培训内容，与vacuum cleaner推广无直接相关
204,UCf4riZAnJKyTc60FJOcKQOA,Linda & Sunny Life,https://cn--xtb.noxinfluencer.com/youtube/channel/UCf4riZAnJKyTc60FJOcKQOA,-30,badcase,宠物动画娱乐号，主轴与家用吸尘器促销不符，属明显坏例
206,UC_9dmcMOs7VWzUnIwzX133A,Add To Cart Approved,https://cn--xtb.noxinfluencer.com/youtube/channel/UC_9dmcMOs7VWzUnIwzX133A,-10,badcase,无标签且近期内容杂乱，和吸尘器推广关联很弱
210,UCromPik7OOZ2Zhu3_XDcHdg,Snow Joe + Sun Joe,https://cn--xtb.noxinfluencer.com/youtube/channel/UCromPik7OOZ2Zhu3_XDcHdg,-9,badcase,偏户外清洁器械，和室内吸尘器场景不一致，近期内容也不匹配
212,UCYkJ-qEQKf4SgLTrwTrQTSg,Meghan Elizabeth,https://cn--xtb.noxinfluencer.com/youtube/channel/UCYkJ-qEQKf4SgLTrwTrQTSg,-20,badcase,清洁ASMR和跟拍日常为主，缺少吸尘器评测/购买导向
213,UCciL6ejd1G2Y5JrLaFlIgrg,Chic Clean Freak,https://cn--xtb.noxinfluencer.com/youtube/channel/UCciL6ejd1G2Y5JrLaFlIgrg,-19,badcase,清洁ASMR占主导，内容形态不利于吸尘器推广
214,UCTP4RaFLowbZWJ_i0cVQUnQ,Lawnboy8461,https://cn--xtb.noxinfluencer.com/youtube/channel/UCTP4RaFLowbZWJ_i0cVQUnQ,-23,badcase,草坪/车辆设备频道，仅偶发吸尘器标题，家用清洁推广不匹配
222,UC9vNlMUHrafar-4HRoa026A,Lanphan Henan,https://cn--xtb.noxinfluencer.com/youtube/channel/UC9vNlMUHrafar-4HRoa026A,-10,badcase,工业真空干燥设备账号，和家用吸尘器推广场景不符
227,UCY843yecvzY_CoR78wplYHg,Outside The Box,https://cn--xtb.noxinfluencer.com/youtube/channel/UCY843yecvzY_CoR78wplYHg,-6,badcase,主要是泳池机器人维修与诊断，和家用吸尘器推广不匹配
231,UC0vW6um7yWisnIqwQl8SUiQ,China Shop - Logistics,https://cn--xtb.noxinfluencer.com/youtube/channel/UC0vW6um7yWisnIqwQl8SUiQ,-9,badcase,近10条只有1条真吸尘器推广，其余多为其他品类，相关性弱
234,UCCaWgEpxYpnDtcvRsXnDKTQ,Amazing toy's vlog,https://cn--xtb.noxinfluencer.com/youtube/channel/UCCaWgEpxYpnDtcvRsXnDKTQ,-15,badcase,玩具娱乐频道，‘vacuum’只是玩具名，不是人用吸尘器
239,UCrVkQbeEUjlIK6_YesRk5-w,Carla’s Cleaning Corner,https://cn--xtb.noxinfluencer.com/youtube/channel/UCrVkQbeEUjlIK6_YesRk5-w,-7,badcase,ASMR清洁偏展示，不是测评/购买导向
242,UCCHCnbzZMnFKp_lrSqodh6w,Definitely David,https://cn--xtb.noxinfluencer.com/youtube/channel/UCCHCnbzZMnFKp_lrSqodh6w,-25,badcase,泳池清洁器垂类，和家用吸尘器是不同品类，近期也全不匹配
255,UC2BDOdlI_d2h7J390sk9Ahg,Bellionaire Studios,https://cn--xtb.noxinfluencer.com/youtube/channel/UC2BDOdlI_d2h7J390sk9Ahg,-25,badcase,娱乐与标识制作频道，和吸尘器推广明显不相关
257,UCkmrxSw3irNY-YQaRqUyZXw,The Husky Moon,https://cn--xtb.noxinfluencer.com/youtube/channel/UCkmrxSw3irNY-YQaRqUyZXw,-25,badcase,宠物哈士奇娱乐频道，非吸尘器评测/清洁购买场景
258,UClmwVToedtnmTJ0xozK9K5w,HappyRider Reviews,https://cn--xtb.noxinfluencer.com/youtube/channel/UClmwVToedtnmTJ0xozK9K5w,-8,badcase,偏科技测评号，近10条全无家用吸尘器推广场景
259,UCGuRHiYhjsalxRusDyJucZw,Vantage Vault,https://cn--xtb.noxinfluencer.com/youtube/channel/UCGuRHiYhjsalxRusDyJucZw,-10,badcase,无吸尘器相关标签，近期内容偏清洁小物/厨房工具，缺少购买测试场景
261,UC-C7MpUrS3Q6Msf-qOu1E8g,Jon HVAC,https://cn--xtb.noxinfluencer.com/youtube/channel/UC-C7MpUrS3Q6Msf-qOu1E8g,-7,badcase,无直接词，仅有通用评测/开箱；近10条全是HVAC维修内容，与吸尘器推广不符
265,UCle1tLx9ErXjLDaZUOHIy6w,Backyard Repairs,https://cn--xtb.noxinfluencer.com/youtube/channel/UCle1tLx9ErXjLDaZUOHIy6w,-20,badcase,小型发动机维修频道，内容与家用吸尘器推广场景不匹配
266,UCmB7Vd6SNliEubMhioHnJww,NAVAC HVAC,https://cn--xtb.noxinfluencer.com/youtube/channel/UCmB7Vd6SNliEubMhioHnJww,-10,badcase,以HVAC维修/工具为主，缺少家用吸尘器购买或测评语境
269,UCuAJasnVtMW2Hy-94Ty_vKg,Ryan Grenz,https://cn--xtb.noxinfluencer.com/youtube/channel/UCuAJasnVtMW2Hy-94Ty_vKg,-9,badcase,生活vlog为主，最近仅少量家电修理内容，相关性弱
271,UCEfTIU91oHns7bVMV8l8vWQ,FAKTA GOKIL,https://cn--xtb.noxinfluencer.com/youtube/channel/UCEfTIU91oHns7bVMV8l8vWQ,-35,badcase,动物科普+ASMR开箱，不适合推人用吸尘器
274,UCfolmMYcTjcdWe3janTnMAw,Gear Elevation,https://cn--xtb.noxinfluencer.com/youtube/channel/UCfolmMYcTjcdWe3janTnMAw,-8,badcase,生活方式杂货号，只有泛相关，近10条与吸尘器不符
275,UCIT49RXMC_fc2lPG0QTkbeA,Wagner Spraytech,https://cn--xtb.noxinfluencer.com/youtube/channel/UCIT49RXMC_fc2lPG0QTkbeA,-5,badcase,喷涂工具频道，和吸尘器只算泛家装相关，近期也不对题
279,UCv3mfTv2qQJD2Qe59NEPp8Q,Tennant Equipment Insights,https://cn--xtb.noxinfluencer.com/youtube/channel/UCv3mfTv2qQJD2Qe59NEPp8Q,-5,badcase,商业清洁设备频道，偏洗地机/扫地机，近10条都不在吸尘器场景
280,UCPEs1ERjxR-XaMFG8nv4nmw,SP Wood Art,https://cn--xtb.noxinfluencer.com/youtube/channel/UCPEs1ERjxR-XaMFG8nv4nmw,-6,badcase,偏木工抽尘与车间工具，和家用吸尘器推广不匹配
281,UC33mSJYjJWPVBx2zI8Zg-tw,vacpack,https://cn--xtb.noxinfluencer.com/youtube/channel/UC33mSJYjJWPVBx2zI8Zg-tw,-10,badcase,旅行收纳频道，内容是压缩包/旅行整理，与吸尘器推广无关
285,UCoXthsCNWacX7Q2aUkWOTUQ,KaviRam At USA,https://cn--xtb.noxinfluencer.com/youtube/channel/UCoXthsCNWacX7Q2aUkWOTUQ,-9,badcase,标签缺失，近10条只有1条吸尘器开箱，其余高度杂乱
286,UCHAOobTKVcXLdWc_oXwhs8g,Vertak Garden Tools,https://cn--xtb.noxinfluencer.com/youtube/channel/UCHAOobTKVcXLdWc_oXwhs8g,-10,badcase,园艺工具为主，近10条都非吸尘器相关，适配度低
288,UC7G1_-Zscnig2fi3q_59zgQ,LifeHack_PV,https://cn--xtb.noxinfluencer.com/youtube/channel/UC7G1_-Zscnig2fi3q_59zgQ,-25,badcase,ASMR/睡眠娱乐频道，和吸尘器投放场景明显不匹配
290,UClo9oBif-ku_rpvieW843Ow,Flippin' Sweet Gear,https://cn--xtb.noxinfluencer.com/youtube/channel/UClo9oBif-ku_rpvieW843Ow,-20,badcase,睡眠噪音/娱乐导向明显，且近内容偏宠物和户外设备
291,UCcq9kGk96n-e8Ki0_N7fE_g,Thames & Kosmos,https://cn--xtb.noxinfluencer.com/youtube/channel/UCcq9kGk96n-e8Ki0_N7fE_g,-10,badcase,科技/DIY泛频道，缺少清洁购买意图，近期内容全不相关
295,UCKlKJBY-csbQZpmKsUhAmHg,Carpet Cleaning,https://cn--xtb.noxinfluencer.com/youtube/channel/UCKlKJBY-csbQZpmKsUhAmHg,-15,badcase,清洁相关但ASMR/爽感型内容不适合 vacuum cleaner 推广
296,UCKXblbFdykYVEuqr5x4hd9Q,AutistiVision,https://cn--xtb.noxinfluencer.com/youtube/channel/UCKXblbFdykYVEuqr5x4hd9Q,0,badcase,ASMR清洁/洗衣机内容为主，吸尘器仅边缘相关且格式不适配
297,UCT5e-XjqHPfA3_9wF3CgY1w,paceworldwide,https://cn--xtb.noxinfluencer.com/youtube/channel/UCT5e-XjqHPfA3_9wF3CgY1w,-15,badcase,焊接/返修工具频道，近10条内容与吸尘器推广几乎无关
307,UC8EyiwquOuTKuiEfFYs9M2Q,Jason's Dryer Vent Cleaning,https://cn--xtb.noxinfluencer.com/youtube/channel/UC8EyiwquOuTKuiEfFYs9M2Q,-10,badcase,频道主做烘干机风道清洁，近期内容几乎全不相关，难以推广吸尘器
308,UCoZ_Dq6rxp9lG7mocRGh5tA,FNNetwork,https://cn--xtb.noxinfluencer.com/youtube/channel/UCoZ_Dq6rxp9lG7mocRGh5tA,-25,badcase,娱乐/宠物向频道，缺少吸尘器评测或购买场景，近期内容也不匹配
310,UCzDkt3xUqT04FQqIQry7d7A,Music and Beauty Vibes,https://cn--xtb.noxinfluencer.com/youtube/channel/UCzDkt3xUqT04FQqIQry7d7A,1,badcase,有Product Review/Tech Review，但近10条多为其他品类，吸尘器聚焦不足
311,UCoBVD2E96SHSYAmDPIheNvA,KelyLands,https://cn--xtb.noxinfluencer.com/youtube/channel/UCoBVD2E96SHSYAmDPIheNvA,-3,badcase,频道偏车载冰箱/气泵工厂，仅少量车载吸尘器新品内容
313,UCQ0JL_MZr5_gf5aDcGrgaaQ,Brett Goodyear,https://cn--xtb.noxinfluencer.com/youtube/channel/UCQ0JL_MZr5_gf5aDcGrgaaQ,-10,badcase,内容集中在草坪机和园林工具，与吸尘器推广基本无关
314,UC1Hii0kTlOzN6r03Wbric3Q,Clear Water Chronicles,https://cn--xtb.noxinfluencer.com/youtube/channel/UC1Hii0kTlOzN6r03Wbric3Q,-5,badcase,虽有吸尘器标签，但主体是泳池维护，产品域明显不符
315,UCgIcwbhxD1eI1wsDVmnFRpA,Jamil's Smart Picks,https://cn--xtb.noxinfluencer.com/youtube/channel/UCgIcwbhxD1eI1wsDVmnFRpA,-7,badcase,偏泛产品评测号，近10条仅1条机器人吸尘器，整体偏弱
318,UCji-YXTCpEhi5oEYdXcEsOQ,Graco Homeowner Sprayers,https://cn--xtb.noxinfluencer.com/youtube/channel/UCji-YXTCpEhi5oEYdXcEsOQ,-10,badcase,喷涂机垂类，近期10条全是Graco喷涂内容
320,UCr0NinQBDo2Mln6sbAAucaw,Marlene Cardenas,https://cn--xtb.noxinfluencer.com/youtube/channel/UCr0NinQBDo2Mln6sbAAucaw,-10,badcase,清洁生活方式号，近期内容与吸尘器推广大多不符
325,UCE909TwqNOW00nGYPo5pCdQ,Brandon LaChappelle,https://cn--xtb.noxinfluencer.com/youtube/channel/UCE909TwqNOW00nGYPo5pCdQ,-9,badcase,生活方式/科技频道，最近内容多为数码，和吸尘器推广相关性弱
326,UCT0tJ8-L493jHqbEFt5qD0w,Minute Masters,https://cn--xtb.noxinfluencer.com/youtube/channel/UCT0tJ8-L493jHqbEFt5qD0w,-10,badcase,汽车维修频道，近期仅有真空管线内容，非吸尘器推广场景
328,UCpKfOj9x52Z3RMOj_MJVVKg,Dilamiraco 🫧,https://cn--xtb.noxinfluencer.com/youtube/channel/UCpKfOj9x52Z3RMOj_MJVVKg,-7,badcase,近期仅少量清洁相关，整体内容杂且推广相关性弱
332,UCdx-nmLGv3QlmDd3RGO9J9Q,HowtoDoit,https://cn--xtb.noxinfluencer.com/youtube/channel/UCdx-nmLGv3QlmDd3RGO9J9Q,-5,badcase,频道主体偏车辆维修，近10条几乎全不相关
333,UCzEkGFThl8xYSt7GJsk_MTQ,"OcRefrigeration,Hvac,Electrical & other Video's.",https://cn--xtb.noxinfluencer.com/youtube/channel/UCzEkGFThl8xYSt7GJsk_MTQ,-9,badcase,HVAC维修为主，只有一条提到吸尘器，整体不适合推广
334,UCSXN4v3xIQ9rm31FmMpYjJQ,The Kewl Kiwi,https://cn--xtb.noxinfluencer.com/youtube/channel/UCSXN4v3xIQ9rm31FmMpYjJQ,-10,badcase,内容以游戏和随机物件为主，和吸尘器推广无明显关联
337,UCw9UnS-amGQga3rhvzGqcYA,Super Krew,https://cn--xtb.noxinfluencer.com/youtube/channel/UCw9UnS-amGQga3rhvzGqcYA,-25,badcase,儿童玩具向频道，与家用吸尘器受众明显不符
339,UCKRS84pt26AUhxIlQnTH7vg,Martina and Shabrina,https://cn--xtb.noxinfluencer.com/youtube/channel/UCKRS84pt26AUhxIlQnTH7vg,-23,badcase,频道主打书籍、时尚配件，吸尘器仅偶发出现
341,UC6S4DkrCWAMYyGn6OAWhe0Q,Gristle King,https://cn--xtb.noxinfluencer.com/youtube/channel/UC6S4DkrCWAMYyGn6OAWhe0Q,-10,badcase,氦气矿与IoT工程频道，近期内容偏测试设备，与家用吸尘器不符
342,UC199FB3KAzixh09nvPtQOlw,Oops Bros,https://cn--xtb.noxinfluencer.com/youtube/channel/UC199FB3KAzixh09nvPtQOlw,-15,badcase,娱乐搞笑内容为主，和吸尘器购买或评测场景不匹配
349,UChhJmPsLR8pV7_u7XK22pOA,Bunda Ndut,https://cn--xtb.noxinfluencer.com/youtube/channel/UChhJmPsLR8pV7_u7XK22pOA,-30,badcase,娱乐搞笑短内容，近期全是风扇梗，和吸尘器投放不符
350,UCtFVcR2FFwiK_eI6hN8aY5w,The story of Khokon,https://cn--xtb.noxinfluencer.com/youtube/channel/UCtFVcR2FFwiK_eI6hN8aY5w,-35,badcase,娱乐恶搞短视频为主，近期内容全是恶搞，和吸尘器推广明显不匹配
352,UCqkvsBbZIlJm8gwcdvi1emQ,The Tools World,https://cn--xtb.noxinfluencer.com/youtube/channel/UCqkvsBbZIlJm8gwcdvi1emQ,-13,badcase,汽车工具频道偏车用品，和家用吸尘器推广偏离较大
353,UCGASO0Bo5MhuIQMwxrmMEvQ,Dri Yoga,https://cn--xtb.noxinfluencer.com/youtube/channel/UCGASO0Bo5MhuIQMwxrmMEvQ,-22,badcase,VR清洁陪伴内容，缺少产品测评和购买意图，属明显坏例
355,UCAzrbvWr0RolCjF-Xfn3PVw,Kurtoon Sleep,https://cn--xtb.noxinfluencer.com/youtube/channel/UCAzrbvWr0RolCjF-Xfn3PVw,-20,badcase,白噪音助眠频道，吸尘器仅作声音素材，推广格式严重不匹配
356,UCAE0Is3GuW3TtquP4xGqz7Q,Handmade Creative Channel,https://cn--xtb.noxinfluencer.com/youtube/channel/UCAE0Is3GuW3TtquP4xGqz7Q,-9,badcase,DIY工具和木工内容为主，缺少清洁品类与购买意图
358,UCCRTqEYCF_IjgID5WhhqsmQ,Techtonix Tools,https://cn--xtb.noxinfluencer.com/youtube/channel/UCCRTqEYCF_IjgID5WhhqsmQ,-10,badcase,建筑施工工具号，和家用吸尘器目标人群不符
360,UCF4g5caXCjU7lmFpfpUauvg,Empathy Me,https://cn--xtb.noxinfluencer.com/youtube/channel/UCF4g5caXCjU7lmFpfpUauvg,-25,badcase,拟人吐槽娱乐内容，和吸尘器促销场景不匹配
363,UCFPH-tDt3J5mIQusi4eMtLw,McKee's 37,https://cn--xtb.noxinfluencer.com/youtube/channel/UCFPH-tDt3J5mIQusi4eMtLw,-25,badcase,车美容/洗车为主，和家用吸尘器场景明显不匹配
365,UCNyHFlWUJPzE4c5Am_7DVnw,Kruno Eti,https://cn--xtb.noxinfluencer.com/youtube/channel/UCNyHFlWUJPzE4c5Am_7DVnw,-2,badcase,有开箱测评痕迹，但内容杂且近期与吸尘器相关度低
366,UCj-e0GX6QhDChCPUBeX-FbA,DIY JIM,https://cn--xtb.noxinfluencer.com/youtube/channel/UCj-e0GX6QhDChCPUBeX-FbA,-9,badcase,DIY家装频道，近期多为园艺/池塘清洁，缺少家用吸尘器相关内容
367,UCDTRYZ4-Uvf7jQ4-yMsLAzw,Dr. Kim Townsel,https://cn--xtb.noxinfluencer.com/youtube/channel/UCDTRYZ4-Uvf7jQ4-yMsLAzw,10,badcase,标签有直指，但近10条全是摇滚音乐，推广场景明显不符
368,UCkuVhpXxyW7wkqmKriCiY1w,EXPERIMENT CAR VS,https://cn--xtb.noxinfluencer.com/youtube/channel/UCkuVhpXxyW7wkqmKriCiY1w,-22,badcase,ASMR实验频道，近10条多为机器/食物试验，和吸尘器推广不匹配
371,UC1Ha3SiaR81GwtgLkGmxlwA,Johanna Marr,https://cn--xtb.noxinfluencer.com/youtube/channel/UC1Ha3SiaR81GwtgLkGmxlwA,-16,badcase,ASMR家居清洁号，偏氛围与整理，吸尘器推广承接弱
373,UCSkHvUrLusy1CtkwND7_E3w,Safe in the Seat,https://cn--xtb.noxinfluencer.com/youtube/channel/UCSkHvUrLusy1CtkwND7_E3w,-6,badcase,主轴是儿童汽车座椅安全，虽有少量吸尘器标题但频道不聚焦清洁家电
376,UC1Um2ZsKgZ5RjmyVKxyXiXw,David Frank,https://cn--xtb.noxinfluencer.com/youtube/channel/UC1Um2ZsKgZ5RjmyVKxyXiXw,-10,badcase,内容围绕采金设备，和吸尘器推广场景无关
378,UC_44bB8aC_ALnOQZA4Y6BEw,GitFit,https://cn--xtb.noxinfluencer.com/youtube/channel/UC_44bB8aC_ALnOQZA4Y6BEw,-9,badcase,以健身器材维修为主，吸尘器受众不匹配
379,UCflpsaB8PLFy4mOBmBbklQg,MACHINETIC: Plastic Vacuum Forming Machines,https://cn--xtb.noxinfluencer.com/youtube/channel/UCflpsaB8PLFy4mOBmBbklQg,-10,badcase,工业真空成型，不是家用吸尘器内容
384,UC8BzgKWkH0AGzCOORKK7Vwg,5 Minute Fix it,https://cn--xtb.noxinfluencer.com/youtube/channel/UC8BzgKWkH0AGzCOORKK7Vwg,-5,badcase,家电维修受众有一定关联，但缺少测评/购买意图，近况也偏维修
385,UCVJ0PKchCadH0YS5-MPpvkA,Amy Rauch,https://cn--xtb.noxinfluencer.com/youtube/channel/UCVJ0PKchCadH0YS5-MPpvkA,-9,badcase,生活方式Vlog为主，仅少量家清内容，整体与吸尘器投放不匹配
387,UCKjI-cCPtVZ0IUx2eT4hGqw,DAD's Channel,https://cn--xtb.noxinfluencer.com/youtube/channel/UCKjI-cCPtVZ0IUx2eT4hGqw,-25,badcase,全站围绕电助力自行车，近10条也都是骑行/配件，无吸尘器相关信号
389,UC8ky26m4Z7oD4JyjfGzpkIw,Zazo Review,https://cn--xtb.noxinfluencer.com/youtube/channel/UC8ky26m4Z7oD4JyjfGzpkIw,-22,badcase,近10条以ASMR和益智娱乐为主，和吸尘器这种实物推广场景不匹配
392,UCxi3iYavQbXeZV_Oa9nj-nw,Supercar Street Racing,https://cn--xtb.noxinfluencer.com/youtube/channel/UCxi3iYavQbXeZV_Oa9nj-nw,-10,badcase,车辆/科技向频道，最新内容与吸尘器推广几乎无关
393,UCIEk8_zntE9MEqf8mq5gtNw,Hutton Miller,https://cn--xtb.noxinfluencer.com/youtube/channel/UCIEk8_zntE9MEqf8mq5gtNw,-25,badcase,娱乐短视频为主，吸尘器仅偶发出现在标题中
395,UCAERMhFQvRS8JyBXAbKX_7A,Popur,https://cn--xtb.noxinfluencer.com/youtube/channel/UCAERMhFQvRS8JyBXAbKX_7A,-8,badcase,宠物猫用品频道，仅有泛导购/开箱，和吸尘器不匹配
397,UCoR95Wx8C_Jre7psvQ-3uog,WholeToolBox,https://cn--xtb.noxinfluencer.com/youtube/channel/UCoR95Wx8C_Jre7psvQ-3uog,-7,badcase,工具维护号，和吸尘器仅弱泛化相关，近期内容几乎全不匹配
402,UCAERMhFQvRS8JyBXAbKX_7A,Popur,https://cn--xtb.noxinfluencer.com/youtube/channel/UCAERMhFQvRS8JyBXAbKX_7A,-23,badcase,宠物猫砂盆导购频道，与人用吸尘器投放场景不符，近期内容也全不匹配
403,UC4E1QXef8iZmfTGhkprAzKw,EC Details,https://cn--xtb.noxinfluencer.com/youtube/channel/UC4E1QXef8iZmfTGhkprAzKw,-15,badcase,车内清洁向内容，与通用吸尘器推广不匹配，近10条全不相关
404,UCoR95Wx8C_Jre7psvQ-3uog,WholeToolBox,https://cn--xtb.noxinfluencer.com/youtube/channel/UCoR95Wx8C_Jre7psvQ-3uog,-7,badcase,DIY工具维护频道，和吸尘器推广受众不符，近期内容几乎全不匹配
409,UC-FzVb1AdjMv8JWJxFT0O6Q,Crush Zone,https://cn--xtb.noxinfluencer.com/youtube/channel/UC-FzVb1AdjMv8JWJxFT0O6Q,-9,badcase,偏泛科技爆款短视频，缺少清洁器评测/购买语境
410,UCYOqH44-mi8uNtMJdouYyYA,TOLYAN fan Shorts,https://cn--xtb.noxinfluencer.com/youtube/channel/UCYOqH44-mi8uNtMJdouYyYA,-20,badcase,娱乐型Shorts，主题与吸尘器推广明显不符
415,UC2Ougt2BH3_rVOX2KRzN-Kw,Video Play Sound,https://cn--xtb.noxinfluencer.com/youtube/channel/UC2Ougt2BH3_rVOX2KRzN-Kw,-8,badcase,标签是旅行/铁路，近10条几乎全不相关，仅有1-2条清洁类内容。
416,UCelyjUgG9OcDR7Df_Agg9Pg,AMS Serenity,https://cn--xtb.noxinfluencer.com/youtube/channel/UCelyjUgG9OcDR7Df_Agg9Pg,-25,badcase,美肤抽吸ASMR频道，内容偏黑头护理，不适合推广家用吸尘器
417,UC8Hm70pLXCxFzeN2H9niF_w,Flex Magic,https://cn--xtb.noxinfluencer.com/youtube/channel/UC8Hm70pLXCxFzeN2H9niF_w,-25,badcase,搞笑整蛊短视频频道，主题与清洁电器推广无关
421,UCUlWllINOgP-9zJaf5LmWnQ,VSAN AGRO (vsan industries),https://cn--xtb.noxinfluencer.com/youtube/channel/UCUlWllINOgP-9zJaf5LmWnQ,-25,badcase,农机/奶业内容与家用吸尘器推广不符
422,UCoNt90Uat0tD9QJS-HlKk6Q,My Brother JohnDP,https://cn--xtb.noxinfluencer.com/youtube/channel/UCoNt90Uat0tD9QJS-HlKk6Q,-25,badcase,喜剧家庭内容，和吸尘器推广无关
425,UCauCPBIFO3b9DwZO10Br4Zw,The DIY Veteran,https://cn--xtb.noxinfluencer.com/youtube/channel/UCauCPBIFO3b9DwZO10Br4Zw,-5,badcase,DIY维修类频道，工具评测仅弱相关，近10条全是割草机维修，与吸尘器推广不匹配
426,UCHkyQ1zyIq8BKBH9Duc6X8A,iAm NaomiTamar,https://cn--xtb.noxinfluencer.com/youtube/channel/UCHkyQ1zyIq8BKBH9Duc6X8A,-10,badcase,生活方式/妈妈Vlog为主，近10条无吸尘器相关内容
428,UCzRsFcEbQU3nBBBYjR8a8XQ,Dana Vento,https://cn--xtb.noxinfluencer.com/youtube/channel/UCzRsFcEbQU3nBBBYjR8a8XQ,-10,badcase,无相关标签，近期内容多为家居/DIY而非吸尘器推广
430,UCm7haWuHaiVrCK9Dpibz2rw,Little Girl Big World,https://cn--xtb.noxinfluencer.com/youtube/channel/UCm7haWuHaiVrCK9Dpibz2rw,-9,badcase,近10条以时尚/生活方式为主，缺少吸尘器相关购买或评测信号
431,UCgk_HMISNsNYcfCRm7oTuAg,DIY University,https://cn--xtb.noxinfluencer.com/youtube/channel/UCgk_HMISNsNYcfCRm7oTuAg,-7,badcase,手机维修频道，近10条仅3条吸尘器相关教程
432,UCKrIAhAQEt6HQJZsJVG8sTg,Wiloria Home & Kitchen,https://cn--xtb.noxinfluencer.com/youtube/channel/UCKrIAhAQEt6HQJZsJVG8sTg,-6,badcase,家居厨房泛品类，缺少吸尘器清洁设备内容，近热视频多不匹配
434,UC0_XuGfH2cLCEH_OBjAvSNg,Dae Home,https://cn--xtb.noxinfluencer.com/youtube/channel/UC0_XuGfH2cLCEH_OBjAvSNg,-22,badcase,ASMR清洁频道，偏氛围内容，不适合吸尘器带货
436,UCbNvZ62dwoHiAS5JVeSJLkw,Hong ASMR Collection,https://cn--xtb.noxinfluencer.com/youtube/channel/UCbNvZ62dwoHiAS5JVeSJLkw,-21,badcase,ASMR补货整理为主，近10条都非吸尘器评测/购买场景
437,UClqCd-cQdlvUwqKfNzcuT5Q,Nikki Made Me Buy It,https://cn--xtb.noxinfluencer.com/youtube/channel/UClqCd-cQdlvUwqKfNzcuT5Q,-23,badcase,频道偏车品/UTV/宠物及杂货评测，近期无清洁家电内容
441,UCY5rcDZvqa89_SYnJ9I60sg,Xem Phim Chất,https://cn--xtb.noxinfluencer.com/youtube/channel/UCY5rcDZvqa89_SYnJ9I60sg,-29,badcase,娱乐影视频道，且近内容多为剧情/配音，和吸尘器推广严重不匹配
446,UCAMTSVcvh86hOXREOiHnJcQ,Lawn Care Juggernaut,https://cn--xtb.noxinfluencer.com/youtube/channel/UCAMTSVcvh86hOXREOiHnJcQ,-10,badcase,内容偏园艺/户外施工，与吸尘器推广几乎无关
448,UCWI0J3QXT6oTtlgQbQ_OffQ,MR. G,https://cn--xtb.noxinfluencer.com/youtube/channel/UCWI0J3QXT6oTtlgQbQ_OffQ,-7,badcase,泛杂频道，近期内容与吸尘器推广匹配度很低
450,UCCNhPMICB4jdV3b_Tyxh-qQ,izaa.belaaaa,https://cn--xtb.noxinfluencer.com/youtube/channel/UCCNhPMICB4jdV3b_Tyxh-qQ,-21,badcase,近期以ASMR/玩梗为主，非吸尘器评测或种草频道
452,UCGN_T2pzp_3rMBKvkfxEPxQ,Elizabeth Swims,https://cn--xtb.noxinfluencer.com/youtube/channel/UCGN_T2pzp_3rMBKvkfxEPxQ,-23,badcase,以游泳/泳池为主，最近多为水下娱乐，与家用吸尘器不匹配
457,UCPP51AfjwIW5pKYQ57Lv8cA,"Burton Kelso, The Technology Expert",https://cn--xtb.noxinfluencer.com/youtube/channel/UCPP51AfjwIW5pKYQ57Lv8cA,-8,badcase,以科技资讯和数码支持为主，缺少家电/清洁购买语境
460,UCJZ0Tqulv8CSwafx-pm5FOQ,Bfesryy,https://cn--xtb.noxinfluencer.com/youtube/channel/UCJZ0Tqulv8CSwafx-pm5FOQ,-14,badcase,以搞笑/绘画/学生内容为主，和吸尘器推广场景明显不符
464,UCkAv5Q-edWyJBMAtwSi53og,LEGO Life Machines,https://cn--xtb.noxinfluencer.com/youtube/channel/UCkAv5Q-edWyJBMAtwSi53og,-35,badcase,动画娱乐为主，和吸尘器推广场景明显错位
465,UCFnfiBXwHs6vfy_BSZXfCpw,Harry Massy,https://cn--xtb.noxinfluencer.com/youtube/channel/UCFnfiBXwHs6vfy_BSZXfCpw,-5,badcase,泛 gadget 短视频，缺少吸尘器评测和购买信息
466,UCGHlgoFr8tzhKxIwkIqKjYw,Ship To The Moon,https://cn--xtb.noxinfluencer.com/youtube/channel/UCGHlgoFr8tzhKxIwkIqKjYw,-7,badcase,泛家居/科技小商品频道，但近期无清洁或吸尘器内容
467,UCcdODjlw9-buptkU5G96yoA,Big Al's Shoppable Video Reviews,https://cn--xtb.noxinfluencer.com/youtube/channel/UCcdODjlw9-buptkU5G96yoA,-10,badcase,美发器材垂直号，最近10条几乎全是剪发修容，与吸尘器不相关
473,UCbs3bqEuRMOrV1ycQplVzew,Legitimate Cybersecurity,https://cn--xtb.noxinfluencer.com/youtube/channel/UCbs3bqEuRMOrV1ycQplVzew,-10,badcase,隐私安全垂类，近期全是追踪/安全话题，与吸尘器推广无关
475,UC55sRPVJQFhbnSbHy2NTg8Q,Sunseeker North America,https://cn--xtb.noxinfluencer.com/youtube/channel/UC55sRPVJQFhbnSbHy2NTg8Q,-25,badcase,纯割草机品牌号，内容与室内吸尘器完全不同，不适合投放
476,UCsgxDrHfsOjEXmYLFzBM0-g,ENJO Mini Farm,https://cn--xtb.noxinfluencer.com/youtube/channel/UCsgxDrHfsOjEXmYLFzBM0-g,-22,badcase,频道主做迷你工程DIY，非家电评测/购买场景，近10条也无吸尘器相关内容
477,UCv2rFU07CJb_a-FxKPPzYcA,V. Idea,https://cn--xtb.noxinfluencer.com/youtube/channel/UCv2rFU07CJb_a-FxKPPzYcA,-7,badcase,偏DIY频道，近期内容无吸尘器相关，缺少评测/购买语境
478,UCsGOx61cXfa4C_128Xh3mZQ,Gavin Fun Explorations,https://cn--xtb.noxinfluencer.com/youtube/channel/UCsGOx61cXfa4C_128Xh3mZQ,-35,badcase,频道以趣味测验为主，和吸尘器推广场景不符，近期内容也无相关性
480,UCentfg0KBO6wpDeuUVOBo0A,Decorating Emmstyle,https://cn--xtb.noxinfluencer.com/youtube/channel/UCentfg0KBO6wpDeuUVOBo0A,-2,badcase,家居装饰/购物向，缺少吸尘器评测或清洁类内容，近期还有ASMR偏离
481,UCBxol-4n0hHeJ2rNc-9UpWA,Time⏳Skills,https://cn--xtb.noxinfluencer.com/youtube/channel/UCBxol-4n0hHeJ2rNc-9UpWA,-10,badcase,无清洁/家电相关，近10条几乎全是铁路汽车工地内容
482,UCCdppD1FiUUBxzClOfX8sXw,Change Cleaning Services,https://cn--xtb.noxinfluencer.com/youtube/channel/UCCdppD1FiUUBxzClOfX8sXw,-5,badcase,清洁强相关，但ASMR服务展示不适合做吸尘器投放
487,UCMWCvDVaoMEGE-XqJPRoGUQ,AtlanticDrain,https://cn--xtb.noxinfluencer.com/youtube/channel/UCMWCvDVaoMEGE-XqJPRoGUQ,-9,badcase,以排水/土建DIY为主，和吸尘器推广关联很弱
488,UCp9hr63bvn94zVP-KQb_oOQ,Gregory Prescott,https://cn--xtb.noxinfluencer.com/youtube/channel/UCp9hr63bvn94zVP-KQb_oOQ,-10,badcase,近期几乎全是滚筒清洁工具内容，与吸尘器推广不匹配
490,UC4GLavukUPziAY0DGPGXgSw,Land to House LLC,https://cn--xtb.noxinfluencer.com/youtube/channel/UC4GLavukUPziAY0DGPGXgSw,-7,badcase,以离网电力和户外设备为主，和吸尘器受众不够贴合
492,UCSdomIuBZYcY-pA1SLfj_rw,LivinLaVidaAnna,https://cn--xtb.noxinfluencer.com/youtube/channel/UCSdomIuBZYcY-pA1SLfj_rw,-18,badcase,以ASMR和生活记录为主，格式不利于吸尘器推广
494,UCN-rORZV9ltEZTUTL8a4oaw,Kid Toys Channel,https://cn--xtb.noxinfluencer.com/youtube/channel/UCN-rORZV9ltEZTUTL8a4oaw,-25,badcase,玩具RC频道，受众和吸尘器完全不匹配
495,UCxMT_ctz4e89MjYdqd5Saww,Dream 3D,https://cn--xtb.noxinfluencer.com/youtube/channel/UCxMT_ctz4e89MjYdqd5Saww,-25,badcase,短视频娱乐/meme频道，不适合做吸尘器推广
497,UCxaFjEZbZTHi48z9phWRF6Q,Kelli 🧡,https://cn--xtb.noxinfluencer.com/youtube/channel/UCxaFjEZbZTHi48z9phWRF6Q,-24,badcase,ASMR无口播清洁频道，偏氛围内容，不适合卖真空吸尘器
498,UCWLrY-gd2GJxjfWMO7ehnaw,Greenworks Tools,https://cn--xtb.noxinfluencer.com/youtube/channel/UCWLrY-gd2GJxjfWMO7ehnaw,-18,badcase,主打户外园林电动工具，非吸尘器/家电测评场景，近热视频不匹配
499,UCdLlUhD9LUGm0-NTYDASPFA,HVAC School,https://cn--xtb.noxinfluencer.com/youtube/channel/UCdLlUhD9LUGm0-NTYDASPFA,-25,badcase,HVAC专业培训频道，受众是空调技师，不是家用吸尘器购买人群
500,UCm15r3CXL6fBAV5YSXCIjgQ,Syomka. TV,https://cn--xtb.noxinfluencer.com/youtube/channel/UCm15r3CXL6fBAV5YSXCIjgQ,-15,badcase,剧情短剧/娱乐频道，内容与家用吸尘器推广场景明显不符
4751,UCaSxpCRPDSUDSs6jlmlRWpA,TECH ARNAB,https://cn--xtb.noxinfluencer.com/youtube/channel/UCaSxpCRPDSUDSs6jlmlRWpA,-10,badcase,全是投影仪内容，近10条无吸尘器相关，促销相关性很低
4753,UCji94_jOAPbB0y2QzJWnHjg,Advanced Cleaning Systems,https://cn--xtb.noxinfluencer.com/youtube/channel/UCji94_jOAPbB0y2QzJWnHjg,-23,badcase,清洁服务频道，ASMR导向且无吸尘器评测/购买内容，近期全是地毯清洗
4754,UCcFM2sbVKeP7g4ydcX4sjLA,Jack Bias,https://cn--xtb.noxinfluencer.com/youtube/channel/UCcFM2sbVKeP7g4ydcX4sjLA,-4,badcase,仅有泛产品评测，近期多为园艺/机械/杂项，缺少吸尘器推广语境
4756,UCK5y6hRarb9pMgiL1Z9dq2g,Независимый из USA,https://cn--xtb.noxinfluencer.com/youtube/channel/UCK5y6hRarb9pMgiL1Z9dq2g,-9,badcase,车类生活频道，与吸尘器推广场景不匹配，近期内容也几乎全不相关
4757,UCfSChYon0EOsRDXOk7EVrvQ,ក្រុមហ៊ុនជីធម្មជាតិ,https://cn--xtb.noxinfluencer.com/youtube/channel/UCfSChYon0EOsRDXOk7EVrvQ,-9,badcase,农业/种植频道，近10条全不匹配，和吸尘器推广无明显相关
4758,UCAAM-YUR69IX4a3gNsPwygQ,MOTHERCOULD,https://cn--xtb.noxinfluencer.com/youtube/channel/UCAAM-YUR69IX4a3gNsPwygQ,-1,badcase,亲子DIY频道，仅清洁/收纳场景弱相关，缺少吸尘器评测或购买意图
4759,UC5G1GJJeVnURXUibi8SrJHA,MRKVR,https://cn--xtb.noxinfluencer.com/youtube/channel/UC5G1GJJeVnURXUibi8SrJHA,-25,badcase,游戏/VR娱乐频道，与吸尘器推广场景完全不符
4760,UCC2f-i20TrLeWajpZJrEZiA,DiAnitap.M,https://cn--xtb.noxinfluencer.com/youtube/channel/UCC2f-i20TrLeWajpZJrEZiA,-20,badcase,美妆穿搭和ASMR为主，缺少吸尘器测评/购买意图，推广错位
4761,UCUu-Wbo58ba8ppxmfYH7Mlg,Camp and Camera,https://cn--xtb.noxinfluencer.com/youtube/channel/UCUu-Wbo58ba8ppxmfYH7Mlg,-10,badcase,以露营/房车为主，近10条内容均与吸尘器推广不符
4765,UCzM1HPpclXyriKNAvr5m5qA,Unemployed Redneck Hillbilly Creations,https://cn--xtb.noxinfluencer.com/youtube/channel/UCzM1HPpclXyriKNAvr5m5qA,-9,badcase,以园艺/DIY/杂项为主，和吸尘器购买场景偏离
4766,UC-zTxNN-zpC2lKV2_hrivFw,5 to the Ten,https://cn--xtb.noxinfluencer.com/youtube/channel/UC-zTxNN-zpC2lKV2_hrivFw,-10,badcase,汽车/娱乐向频道，和家用吸尘器推广不匹配
4767,UCMfb7Z2e012aS12_shaBjiw,Luxfinity,https://cn--xtb.noxinfluencer.com/youtube/channel/UCMfb7Z2e012aS12_shaBjiw,-10,badcase,科普杂项，近期内容多为无关硬核话题
4768,UChssV-CWHYd5zuBlgHvV3ww,Ky89,https://cn--xtb.noxinfluencer.com/youtube/channel/UChssV-CWHYd5zuBlgHvV3ww,-10,badcase,频道偏电机、风扇、发电实验，缺少吸尘器评测或购买意图
4769,UCL0h7BaZ4qWjN7onOMX_KAw,ynlucid,https://cn--xtb.noxinfluencer.com/youtube/channel/UCL0h7BaZ4qWjN7onOMX_KAw,-10,badcase,反应/短视频娱乐频道，和吸尘器推广不匹配
4770,UC_3Nkhoo9_3JbI4LfrJLrOA,Living Out Here,https://cn--xtb.noxinfluencer.com/youtube/channel/UC_3Nkhoo9_3JbI4LfrJLrOA,-10,badcase,割草机/工具维护频道，和吸尘器推广场景不符
4771,UCVKOzRebkFjhbTz68bNpVmw,DarkSide Music,https://cn--xtb.noxinfluencer.com/youtube/channel/UCVKOzRebkFjhbTz68bNpVmw,-25,badcase,搞笑短视频频道，近期内容全不相关，且不适合做吸尘器推广
4773,UC_3mozQlxawGhpGUsMmuu7A,Fate Farms PA,https://cn--xtb.noxinfluencer.com/youtube/channel/UC_3mozQlxawGhpGUsMmuu7A,-9,badcase,农场机械与DIY内容，和吸尘器推广场景弱相关，近期也不匹配
4774,UCGdTbzDncApnfoa4MMpXBjQ,Cat's Fantasy,https://cn--xtb.noxinfluencer.com/youtube/channel/UCGdTbzDncApnfoa4MMpXBjQ,-35,badcase,纯娱乐表演频道，内容格式与吸尘器推广明显不匹配
4775,UCXUAYF5AN0ssrzsKGEzFTDg,Hoang Williams AI,https://cn--xtb.noxinfluencer.com/youtube/channel/UCXUAYF5AN0ssrzsKGEzFTDg,-35,badcase,AI故事内容为主，非产品评测或购买场景，不适合吸尘器推广
4776,UCGnzYWCr6LMEOipQSi_c7Cw,СВЕТА + ДИМА,https://cn--xtb.noxinfluencer.com/youtube/channel/UCGnzYWCr6LMEOipQSi_c7Cw,-18,badcase,家居娱乐短剧为主，只有泛家居线索，吸尘器推广相关性弱
4777,UCZQalrJhiQ_pheT-3uhd6bg,FACTS ME HINDI 2M,https://cn--xtb.noxinfluencer.com/youtube/channel/UCZQalrJhiQ_pheT-3uhd6bg,-35,badcase,动物救援娱乐短视频，和家用吸尘器推广场景基本不符
4778,UCGD0s4dK4eUhahafW0M5q-Q,JEFFSCAVATOR,https://cn--xtb.noxinfluencer.com/youtube/channel/UCGD0s4dK4eUhahafW0M5q-Q,-10,badcase,工程机械维修频道，缺少家用清洁与吸尘器消费场景
4779,UCTOb6HaBdtM6ZRDO8I78-8Q,excrxv,https://cn--xtb.noxinfluencer.com/youtube/channel/UCTOb6HaBdtM6ZRDO8I78-8Q,-35,badcase,喜剧短剧内容，推广格式和吸尘器产品明显错位
4780,UCez8H2GV6ZglXIPZL4gWw9A,SUPERONE,https://cn--xtb.noxinfluencer.com/youtube/channel/UCez8H2GV6ZglXIPZL4gWw9A,-7,badcase,科技配件频道偏产品，但与吸尘器品类关联很弱
4782,UCCR72a9NUYPW66YKTF7nZsQ,happy fact,https://cn--xtb.noxinfluencer.com/youtube/channel/UCCR72a9NUYPW66YKTF7nZsQ,-20,badcase,短剧/搞笑/故事向内容为主，和吸尘器推广不符
4783,UC38CQXaEkI4k_sQCIZOJJ0Q,Hella DIY & How To,https://cn--xtb.noxinfluencer.com/youtube/channel/UC38CQXaEkI4k_sQCIZOJJ0Q,-10,badcase,频道偏赛车/DIY杂项，缺少吸尘器评测购买或家电清洁语境
4784,UCg0_J4ILKxEDjJ_I_5-YfYg,Cozy Radio,https://cn--xtb.noxinfluencer.com/youtube/channel/UCg0_J4ILKxEDjJ_I_5-YfYg,-22,badcase,ASMR/放松向为主，且近期内容多为体验和工艺展示
4785,UCy2lUlukHrRoxB8tCSPYVrg,korn76live,https://cn--xtb.noxinfluencer.com/youtube/channel/UCy2lUlukHrRoxB8tCSPYVrg,-10,badcase,无频道标签，近期内容杂乱且与家电推广无关
4786,UCNF6SPOUahgRIX6qcVOa6hg,MowMasters,https://cn--xtb.noxinfluencer.com/youtube/channel/UCNF6SPOUahgRIX6qcVOa6hg,-10,badcase,园艺清洁频道，非家用吸尘器受众，近期内容全不相关
4787,UC6eg2uW5RnVyqGUpukdT15w,Sandeep Kumar,https://cn--xtb.noxinfluencer.com/youtube/channel/UC6eg2uW5RnVyqGUpukdT15w,-25,badcase,短视频搞笑恶搞频道，强格式错配，和吸尘器推广无关
4788,UCPSsiJFU2JVh-dfIn1jfZDg,Matt Mattson,https://cn--xtb.noxinfluencer.com/youtube/channel/UCPSsiJFU2JVh-dfIn1jfZDg,-10,badcase,钓鱼/修理混合频道，近期内容与吸尘器无关
4789,UCft71pv0sgNOH1x7xAWtmqg,Brockton Magnet Fisher,https://cn--xtb.noxinfluencer.com/youtube/channel/UCft71pv0sgNOH1x7xAWtmqg,-10,badcase,磁力钓鱼频道，题材与家用吸尘器推广不相关
4790,UCbac-z8As92p002phuvK_3A,DANYMITE RESTORATION,https://cn--xtb.noxinfluencer.com/youtube/channel/UCbac-z8As92p002phuvK_3A,-10,badcase,修复收藏频道，偏器物翻新非吸尘器评测购买场景
4791,UCgXwNLrL7iCguC8RIWvH5MA,Boggs Equipment,https://cn--xtb.noxinfluencer.com/youtube/channel/UCgXwNLrL7iCguC8RIWvH5MA,-10,badcase,工业设备拍卖频道，近期全是包装/折页机，和吸尘器推广不匹配
4792,UCTB6AgbzjreHsSP0OSmuHJQ,q4short,https://cn--xtb.noxinfluencer.com/youtube/channel/UCTB6AgbzjreHsSP0OSmuHJQ,-5,badcase,泛Vlog频道，虽有产品评测标签，但近期多为日常运动内容
4795,UCMkaMty9Kv71IGn50QqQFYA,Anime Robot Zone,https://cn--xtb.noxinfluencer.com/youtube/channel/UCMkaMty9Kv71IGn50QqQFYA,-25,badcase,科幻机甲短片频道，娱乐向内容与家电推广明显不适配
4796,UCELWLIU2eoXNQyQVzv_TQrQ,Jose Pastor Jimenez,https://cn--xtb.noxinfluencer.com/youtube/channel/UCELWLIU2eoXNQyQVzv_TQrQ,-9,badcase,CNC/工具向内容，和家用吸尘器购买场景弱相关，近期也无对应内容
4797,UC-tQIeakd3uaiAAwjYHSy9Q,Chickanic,https://cn--xtb.noxinfluencer.com/youtube/channel/UC-tQIeakd3uaiAAwjYHSy9Q,-10,badcase,小型发动机维修频道，缺少清洁家电或吸尘器相关受众
4798,UC9ZLTd-_UpD9Dg3O2SUQZeg,Lucinda Kristina,https://cn--xtb.noxinfluencer.com/youtube/channel/UC9ZLTd-_UpD9Dg3O2SUQZeg,-15,badcase,以时尚穿搭和生活 vlog 为主，仅有弱家居场景，缺少吸尘器推广意图
4799,UC_6j7mL4rqexjdeovhWLaJA,Nightmare Theater,https://cn--xtb.noxinfluencer.com/youtube/channel/UC_6j7mL4rqexjdeovhWLaJA,-35,badcase,影视短剧和怪物故事为主，属于明显娱乐型不适合产品推广
4800,UCXbrVAbAVd5kDbj8pL2_uSQ,Your number1 fire alarm enthusiastYT,https://cn--xtb.noxinfluencer.com/youtube/channel/UCXbrVAbAVd5kDbj8pL2_uSQ,-10,badcase,火警/警报器垂类，和吸尘器产品与购买场景关联很弱
4801,UCRd_c-BXbCF9V-P3YqHgFwg,Ed2Dangerous,https://cn--xtb.noxinfluencer.com/youtube/channel/UCRd_c-BXbCF9V-P3YqHgFwg,-20,badcase,频道核心是枪械健身内容，与吸尘器推广完全不相关
4803,UC12vEzhF0gYSgqXnHUVXzUA,ColdStart Garage,https://cn--xtb.noxinfluencer.com/youtube/channel/UC12vEzhF0gYSgqXnHUVXzUA,-10,badcase,汽车/机修频道，与吸尘器推广场景不匹配，近10条也全不相关
4805,UCufOoAte2CmBd8zkaO_9uzA,BALDR Electronic,https://cn--xtb.noxinfluencer.com/youtube/channel/UCufOoAte2CmBd8zkaO_9uzA,-7,badcase,家居/电子泛类，近10条均为园艺与设备，和吸尘器推广关联弱
4807,UCWzLmNWhgeh3h1j-M-Isy0g,TheRussianBadger,https://cn--xtb.noxinfluencer.com/youtube/channel/UCWzLmNWhgeh3h1j-M-Isy0g,-25,badcase,游戏娱乐为主，和吸尘器投放场景完全不符
4808,UCAtWafCwfPpJjoMQ5rcek4w,Chad and June,https://cn--xtb.noxinfluencer.com/youtube/channel/UCAtWafCwfPpJjoMQ5rcek4w,-8,badcase,旅行美食生活频道，缺少吸尘器评测/家电购买意图
4809,UCmceScQhrAj__3OMgGvrBhw,Jesse B Outdoors,https://cn--xtb.noxinfluencer.com/youtube/channel/UCmceScQhrAj__3OMgGvrBhw,-10,badcase,枪械射击内容为主，和家电清洁产品不匹配
4811,UCbQicMw8BGfezhIhhfx3Ttg,Growing With The Gatlin’s,https://cn--xtb.noxinfluencer.com/youtube/channel/UCbQicMw8BGfezhIhhfx3Ttg,-7,badcase,家庭母婴日常号，近10条多为育儿/节日内容，吸尘器适配弱
4812,UCn0y8JU8pVU5D7vmNlBlElg,Notjustamanicure,https://cn--xtb.noxinfluencer.com/youtube/channel/UCn0y8JU8pVU5D7vmNlBlElg,-20,badcase,美甲美妆为主，ASMR与吸尘器推广格式不匹配，近10条几乎全不相关
4813,UCxDNHwuxxJZszVheV13byZA,Туманная гора,https://cn--xtb.noxinfluencer.com/youtube/channel/UCxDNHwuxxJZszVheV13byZA,-10,badcase,内容以生活/工程/木材为主，与吸尘器推广几乎无关
4814,UCP9hIcNEHg768JBydLCu_3w,Jonnoh,https://cn--xtb.noxinfluencer.com/youtube/channel/UCP9hIcNEHg768JBydLCu_3w,-10,badcase,频道以摩托车/车辆内容为主，与吸尘器推广几乎无关
4815,UCGy3l-GVHLl8tpafI_XcxIw,Soulaca TV,https://cn--xtb.noxinfluencer.com/youtube/channel/UCGy3l-GVHLl8tpafI_XcxIw,-8,badcase,频道主做镜子电视/浴室电视，近10条全是TV内容，和吸尘器推广不符
4816,UCNXUXRIXz8v3o-MUc0sGs3w,ON BLAST WITH MG,https://cn--xtb.noxinfluencer.com/youtube/channel/UCNXUXRIXz8v3o-MUc0sGs3w,-13,badcase,频道以游戏/社会杂项为主，缺少吸尘器评测或家电购买意图
4817,UCZbtM69UkyJ25_nxUe51KXg,Nikodem Ch.,https://cn--xtb.noxinfluencer.com/youtube/channel/UCZbtM69UkyJ25_nxUe51KXg,-25,badcase,VTuber娱乐频道，和家电推广场景明显不符
4818,UCbDXfZ5BKjdlZdzkEcPLVPw,ForeverInvested$,https://cn--xtb.noxinfluencer.com/youtube/channel/UCbDXfZ5BKjdlZdzkEcPLVPw,-9,badcase,以游戏/割草/户外工具内容为主，缺少吸尘器推广相关性
4819,UCax92CPIUeHQcrTK83NwceQ,Mechanical Girl K,https://cn--xtb.noxinfluencer.com/youtube/channel/UCax92CPIUeHQcrTK83NwceQ,-7,badcase,机械DIY略相关，但近期全是农机改造，缺少吸尘器推广语境
4821,UCFCTj3PvjUa64sObmq19hbQ,It's icy Customs,https://cn--xtb.noxinfluencer.com/youtube/channel/UCFCTj3PvjUa64sObmq19hbQ,-25,badcase,汽车/游戏频道，与吸尘器推广场景明显不符
4822,UClnNm_3P31tTsk0Gh4zQZug,Karrs Kars,https://cn--xtb.noxinfluencer.com/youtube/channel/UClnNm_3P31tTsk0Gh4zQZug,-24,badcase,汽车维修类频道，近期内容全为车相关，缺少吸尘器推广受众
4823,UCXEBsVpmnQmp_Xftur0FqSA,Wealth Pouch Studio,https://cn--xtb.noxinfluencer.com/youtube/channel/UCXEBsVpmnQmp_Xftur0FqSA,-8,badcase,工具/DIY仅弱相关，最近10条均为木工施工流程，不适合吸尘器推广
4824,UCr8ZD6KpFJKBy55noYVkQ-g,Mon English,https://cn--xtb.noxinfluencer.com/youtube/channel/UCr8ZD6KpFJKBy55noYVkQ-g,-9,badcase,标签与真空吸尘器无关，近10条内容也基本不匹配
4825,UCZKDF3LaAY-zgeST9hdqRmg,uniq,https://cn--xtb.noxinfluencer.com/youtube/channel/UCZKDF3LaAY-zgeST9hdqRmg,-22,badcase,近期全是剧情/娱乐内容，和吸尘器推广场景不符
4826,UCpm9uIvTlFKJM9B9FwriioA,MarshmallowPunch6,https://cn--xtb.noxinfluencer.com/youtube/channel/UCpm9uIvTlFKJM9B9FwriioA,-25,badcase,以短剧娱乐为主，与吸尘器推广场景明显不符
4827,UCCBJJjo-N4r-RSwNECtOg5A,Royal Satisfying,https://cn--xtb.noxinfluencer.com/youtube/channel/UCCBJJjo-N4r-RSwNECtOg5A,-22,badcase,ASMR/满足感内容为主，和吸尘器推广场景明显不匹配
4828,UC3Mh04vSxCrqjBWZcziUfuQ,Don Wynn,https://cn--xtb.noxinfluencer.com/youtube/channel/UC3Mh04vSxCrqjBWZcziUfuQ,-10,badcase,近期内容多为泳池/DIY，缺少吸尘器或清洁器具相关信号
4829,UCMcKwobVlnUhCgXPMVmEJpg,shopecx,https://cn--xtb.noxinfluencer.com/youtube/channel/UCMcKwobVlnUhCgXPMVmEJpg,-35,badcase,频道以滑板车和ASMR为主，与吸尘器推广场景明显不符
4830,UCUPKCu1GKAiJwih9f0ZZgug,MicroShock,https://cn--xtb.noxinfluencer.com/youtube/channel/UCUPKCu1GKAiJwih9f0ZZgug,-10,badcase,内容偏生活卫生科普，近10条无吸尘器相关，推广相关性弱
4831,UC2jdqlmKGHKbw904jrDzHcA,Mercuryman Garage and Outdoors,https://cn--xtb.noxinfluencer.com/youtube/channel/UC2jdqlmKGHKbw904jrDzHcA,-10,badcase,火柴/木工/车库内容，与吸尘器推广场景不符，近10条全偏题
4832,UCcZiUpEuEV--ii8dQAB4tWA,ASMR Reality,https://cn--xtb.noxinfluencer.com/youtube/channel/UCcZiUpEuEV--ii8dQAB4tWA,-25,badcase,ASMR+叙事/房产为主，属于强格式错配，几乎无吸尘器推广价值
4833,UCOcrCsklROxt-MS41JFU2rQ,imperial,https://cn--xtb.noxinfluencer.com/youtube/channel/UCOcrCsklROxt-MS41JFU2rQ,-25,badcase,游戏+ASMR/开箱，内容和受众都不适合吸尘器投放
4834,UCGXB8_TgwG0DbjjiBdaCxiQ,GETON,https://cn--xtb.noxinfluencer.com/youtube/channel/UCGXB8_TgwG0DbjjiBdaCxiQ,-10,badcase,纯游戏频道，近期全是梗和玩法视频，和家用清洁产品无关
4836,UCcFVmLE6rc5fyMKJthPStlQ,POV HERO,https://cn--xtb.noxinfluencer.com/youtube/channel/UCcFVmLE6rc5fyMKJthPStlQ,-25,badcase,娱乐短剧频道，近10条全是动作梗视频，与吸尘器推广明显不匹配
4837,UC9ObNzzPJ1CysdLHbHddVhw,The Viral Verse,https://cn--xtb.noxinfluencer.com/youtube/channel/UC9ObNzzPJ1CysdLHbHddVhw,-25,badcase,短剧/热点短视频号，内容与吸尘器推广场景严重不符
4838,UCi5492Y1LL51tQOCT1ac5zg,Off Grid Basement,https://cn--xtb.noxinfluencer.com/youtube/channel/UCi5492Y1LL51tQOCT1ac5zg,-10,badcase,以离网电源/电池为主，近10条多为电池和家电测评，缺少吸尘器内容
4839,UCnaqIF9rv7UCCa4WYpR1lEQ,Juggerpops Shorts,https://cn--xtb.noxinfluencer.com/youtube/channel/UCnaqIF9rv7UCCa4WYpR1lEQ,-19,badcase,以庭院清理/草坪护理为主，非室内吸尘器内容，近期10条也都不匹配
4840,UC6kvdXznq0IusTRfabF5gJg,Mechanic Steve,https://cn--xtb.noxinfluencer.com/youtube/channel/UC6kvdXznq0IusTRfabF5gJg,-10,badcase,汽车维修频道，近期内容与吸尘器推广无关
4841,UCRSIFq4R4hznNJPzNz922xw,BoughtToBuild,https://cn--xtb.noxinfluencer.com/youtube/channel/UCRSIFq4R4hznNJPzNz922xw,-25,badcase,汽车改装频道，与家用吸尘器推广场景不符，近期内容也全是车辆维修
4842,UCf19daJnVrqrZBBrRbvE5cg,Loeb Electric,https://cn--xtb.noxinfluencer.com/youtube/channel/UCf19daJnVrqrZBBrRbvE5cg,0,badcase,电工布线与满足感内容，和吸尘器推广无关
4843,UCUPpgZ4oNhKkgKxNu6opXVA,Yuri Kovalenok,https://cn--xtb.noxinfluencer.com/youtube/channel/UCUPpgZ4oNhKkgKxNu6opXVA,-9,badcase,内容偏科学实验与技术泛题，近10条无吸尘器相关，推广匹配弱
4844,UCztSCM_l40EimZUPDitPXVg,Ben Taylor,https://cn--xtb.noxinfluencer.com/youtube/channel/UCztSCM_l40EimZUPDitPXVg,-9,badcase,仅有home弱相关，近期内容多为时尚旅行奢侈品，和吸尘器推广不匹配
4845,UCCXMKpyqwlRk9_9sxfa6xjQ,THE ZAMP CAMP,https://cn--xtb.noxinfluencer.com/youtube/channel/UCCXMKpyqwlRk9_9sxfa6xjQ,-10,badcase,生活母婴娱乐为主，近10条无吸尘器相关内容，推广相关性弱
4846,UCIUPtaxwxG0HY-9r9W83mPw,RenaissanceCam,https://cn--xtb.noxinfluencer.com/youtube/channel/UCIUPtaxwxG0HY-9r9W83mPw,-9,badcase,仅DIY弱相关，近期多为园艺钓鱼美食，缺少清洁电器推广语境
4847,UCaAzPBNeMTEGVDgVPvo2QoQ,BTxGamer Live,https://cn--xtb.noxinfluencer.com/youtube/channel/UCaAzPBNeMTEGVDgVPvo2QoQ,-10,badcase,直播推广/游戏向频道，与吸尘器产品推广场景无关
4848,UCGR9qbcfLxmWkHAAIga-WdA,Lin Cat,https://cn--xtb.noxinfluencer.com/youtube/channel/UCGR9qbcfLxmWkHAAIga-WdA,-10,badcase,纯夹娃娃挑战频道，内容娱乐化，和吸尘器几乎无场景重合
4849,UCS0BXxR0ph4nLvh2HSn_9lA,Michael Jolls,https://cn--xtb.noxinfluencer.com/youtube/channel/UCS0BXxR0ph4nLvh2HSn_9lA,-18,badcase,娱乐搞笑为主，虽有少量家务清洁内容，但吸尘器推广相关性仍弱
4850,UClCrWbI8iv6pX76mLVZzE9g,House ASMR LOVE,https://cn--xtb.noxinfluencer.com/youtube/channel/UClCrWbI8iv6pX76mLVZzE9g,-25,badcase,ASMR玩具拆箱为主，属于家电产品推广的强格式错配
4851,UCba59wPTU1LglsWPCRL58kQ,iConnect Training,https://cn--xtb.noxinfluencer.com/youtube/channel/UCba59wPTU1LglsWPCRL58kQ,-10,badcase,近期全是HVAC培训/模拟器内容，和吸尘器推广无关
4854,UCHw2wTHTWiNIzk7nfYjE5eQ,LaiCai,https://cn--xtb.noxinfluencer.com/youtube/channel/UCHw2wTHTWiNIzk7nfYjE5eQ,-25,badcase,短剧搞笑频道，属于明显的推广格式不匹配
4855,UCGPBfitts5S1JVkJvysFI9A,GeekForge,https://cn--xtb.noxinfluencer.com/youtube/channel/UCGPBfitts5S1JVkJvysFI9A,-10,badcase,模型/玩具/硬核脑洞内容为主，和吸尘器推广不匹配
4857,UCeNk-1UKihW9VS89apYJxSw,Pro Spot International,https://cn--xtb.noxinfluencer.com/youtube/channel/UCeNk-1UKihW9VS89apYJxSw,-23,badcase,焊接/汽修工业频道，与家用吸尘器导购场景不符
4858,UCXRY5XEGXAZlU0MWCM31oJg,Daryl Turcott,https://cn--xtb.noxinfluencer.com/youtube/channel/UCXRY5XEGXAZlU0MWCM31oJg,-24,badcase,频道以车辆、美食、旅行生活为主，近期内容与吸尘器推广无关
4859,UCKBciQW_1tSRRm8eJb1e5sw,cigvapes,https://cn--xtb.noxinfluencer.com/youtube/channel/UCKBciQW_1tSRRm8eJb1e5sw,-25,badcase,ASMR电子烟频道，格式与家电导购强冲突
4860,UC5uU0xafEtfsZlPc0FZJ2HA,Taylor May,https://cn--xtb.noxinfluencer.com/youtube/channel/UC5uU0xafEtfsZlPc0FZJ2HA,-25,badcase,旅行/车内vlog为主，近期内容与吸尘器推广不匹配
4861,UC_wIIQp6UklfM4oN_BPQKVQ,Brackens Sellar,https://cn--xtb.noxinfluencer.com/youtube/channel/UC_wIIQp6UklfM4oN_BPQKVQ,-10,badcase,健康健身频道，近10条都与吸尘器无关，缺少家电/测评语境
4862,UC2hZEMyt_sBstppUsjJateg,Justin BeiBar Music,https://cn--xtb.noxinfluencer.com/youtube/channel/UC2hZEMyt_sBstppUsjJateg,-11,badcase,娱乐/梗图占主导，虽有GadgetReview但无吸尘器或清洁家电导向
4863,UCRuxkKsqpZLufMrpuUtF6Ww,Bicycle Warehouse HQ,https://cn--xtb.noxinfluencer.com/youtube/channel/UCRuxkKsqpZLufMrpuUtF6Ww,-25,badcase,频道全是自行车内容，与吸尘器推广无关
4864,UCd0CN4jcuyLylEupJI5RUOg,Nang Mowing - Shorts,https://cn--xtb.noxinfluencer.com/youtube/channel/UCd0CN4jcuyLylEupJI5RUOg,-25,badcase,频道聚焦草坪修剪/庭院维护，与吸尘器推广场景明显不符
4865,UC8wAJdVWrkQfi0U6OAzzhDQ,BEST MUSIC,https://cn--xtb.noxinfluencer.com/youtube/channel/UC8wAJdVWrkQfi0U6OAzzhDQ,-25,badcase,频道以喜剧娱乐为主，和吸尘器推广场景明显不符
4866,UCLKo4k5-5YAKGmuGqXez1zA,Gaurav,https://cn--xtb.noxinfluencer.com/youtube/channel/UCLKo4k5-5YAKGmuGqXez1zA,-22,badcase,宗教娱乐短视频，和吸尘器推广场景几乎无关
4867,UCSjF378bQhLKO-ISsrHE7ng,The Lawn Care Nut,https://cn--xtb.noxinfluencer.com/youtube/channel/UCSjF378bQhLKO-ISsrHE7ng,-20,badcase,割草园艺频道，和家用吸尘器购买意图不匹配
4871,UCVcvt9S2tuK8pvmKA_NHlMA,ShaveIceSupplies.Com,https://cn--xtb.noxinfluencer.com/youtube/channel/UCVcvt9S2tuK8pvmKA_NHlMA,-25,badcase,频道全是刨冰机维修/配料，和真空清洁无关
4872,UCONJsn-KNWvfjx5TArdF-Tg,Excavator Spotter,https://cn--xtb.noxinfluencer.com/youtube/channel/UCONJsn-KNWvfjx5TArdF-Tg,-20,badcase,重型挖机与建筑内容，和家用吸尘器推广不匹配
4873,UC_TY42bKZKuUsMp8WK3aM3A,Robert Gardner Wellness,https://cn--xtb.noxinfluencer.com/youtube/channel/UC_TY42bKZKuUsMp8WK3aM3A,-20,badcase,按摩教学内容，与吸尘器产品推广无关
4874,UCfx1xlaMqY5PdeRfMTooJpA,VTEC EDDIE,https://cn--xtb.noxinfluencer.com/youtube/channel/UCfx1xlaMqY5PdeRfMTooJpA,-9,badcase,汽车机修短视频为主，缺少清洁电器种草场景
4875,UCBzh2nDwXAkuuXV6of0rLNA,Wonder Workload,https://cn--xtb.noxinfluencer.com/youtube/channel/UCBzh2nDwXAkuuXV6of0rLNA,-10,badcase,仅有手工搬运/农工内容，和吸尘器无关
4876,UCV5yW4w0cflvLEk9u_OYh5A,Suzie Nice ASMR,https://cn--xtb.noxinfluencer.com/youtube/channel/UCV5yW4w0cflvLEk9u_OYh5A,-25,badcase,ASMR睡眠向频道，与吸尘器推广场景和购买意图完全不匹配
4878,UCAeo-9z8dJVw99TmwB74KSQ,~RT045 Divulgações,https://cn--xtb.noxinfluencer.com/youtube/channel/UCAeo-9z8dJVw99TmwB74KSQ,-20,badcase,频道以音乐/综艺为主，近10条全无吸尘器相关，推广场景不匹配
4879,UCl0_ElSvnw_cWMKa9N0_SgQ,SPA MAN,https://cn--xtb.noxinfluencer.com/youtube/channel/UCl0_ElSvnw_cWMKa9N0_SgQ,-10,badcase,近10条均为热水浴缸维修，与吸尘器推广无关
4880,UCelehuTOPRLWStScBlieZ1g,North,https://cn--xtb.noxinfluencer.com/youtube/channel/UCelehuTOPRLWStScBlieZ1g,-21,badcase,内容以赚钱/娱乐/ASMR为主，与吸尘器推广场景明显不符
4881,UCSVTzwui8_YIlhV2BKgnw0A,Anuvin Ulagam,https://cn--xtb.noxinfluencer.com/youtube/channel/UCSVTzwui8_YIlhV2BKgnw0A,-10,badcase,近期多为旅行/园艺vlog，无吸尘器或清洁电器推广语境
4882,UCaIRZyj8IJ0qWmPP7CMbeFQ,GDop26,https://cn--xtb.noxinfluencer.com/youtube/channel/UCaIRZyj8IJ0qWmPP7CMbeFQ,-25,badcase,Nerf/游戏娱乐频道，偏玩具对战内容，与家电推广明显不符
4884,UCSerSfOy_SCfIsNyJF0_ACA,Dz Funny Edits,https://cn--xtb.noxinfluencer.com/youtube/channel/UCSerSfOy_SCfIsNyJF0_ACA,-18,badcase,娱乐剪辑号，标签偏viral/entertainment，属于明显格式错配
4885,UCG5ifWMkH_4VAgwoxODzHqA,DOMLUST,https://cn--xtb.noxinfluencer.com/youtube/channel/UCG5ifWMkH_4VAgwoxODzHqA,-25,badcase,成人视频/情趣硅胶产品频道，和吸尘器推广属明显不相干领域
4886,UCXB9WfhMQknlayzAfaYRyIA,YtooSmooth,https://cn--xtb.noxinfluencer.com/youtube/channel/UCXB9WfhMQknlayzAfaYRyIA,-22,badcase,剧情/搞笑短内容，和吸尘器推广无关
4887,UC7wXY4usmXm9KALqt56kPjA,Thee Biggs,https://cn--xtb.noxinfluencer.com/youtube/channel/UC7wXY4usmXm9KALqt56kPjA,-10,badcase,泛生活开箱号，产品购买语境弱
4890,UCkdJlP0t2z0xsiBwMoO-07w,Tried At Home Reviews,https://cn--xtb.noxinfluencer.com/youtube/channel/UCkdJlP0t2z0xsiBwMoO-07w,-7,badcase,亲子数码评测为主，无吸尘器或清洁家电推广证据
4891,UCKpHlcz8pkqWcrfVpas7TCQ,Strongest Craftsman,https://cn--xtb.noxinfluencer.com/youtube/channel/UCKpHlcz8pkqWcrfVpas7TCQ,-3,badcase,仅工具评测弱相关，近期多为工业加工短视频，非吸尘器推广场景
4892,UCk5rwESZiFe1u-GczM-uXoQ,Triunfador10,https://cn--xtb.noxinfluencer.com/youtube/channel/UCk5rwESZiFe1u-GczM-uXoQ,-25,badcase,音乐/宗教频道，和吸尘器推广的受众与场景都不匹配
4893,UCa07NcLTfrp0QEQvfEJdrsw,CANABIS MAJOR,https://cn--xtb.noxinfluencer.com/youtube/channel/UCa07NcLTfrp0QEQvfEJdrsw,-9,badcase,泛娱乐短视频，只有科技类弱相关，缺少清洁家电语境
4894,UCmLPnBnLw8Hc-CPOk_j9Usw,Penlar,https://cn--xtb.noxinfluencer.com/youtube/channel/UCmLPnBnLw8Hc-CPOk_j9Usw,-15,badcase,游戏ASMR/桌搭向，虽有评测但格式偏听感展示，不适合清洁家电推广
4896,UCu1xrPkYUzx9BNDtfdIJJHg,Journeyman,https://cn--xtb.noxinfluencer.com/youtube/channel/UCu1xrPkYUzx9BNDtfdIJJHg,-10,badcase,DIY/汽车杂项频道，近10条内容都与吸尘器推广不匹配
4897,UCKdfbTQU6WcWxBpKC-NasNw,Savant Home,https://cn--xtb.noxinfluencer.com/youtube/channel/UCKdfbTQU6WcWxBpKC-NasNw,0,badcase,偏智能家居能源系统，近期内容与吸尘器推广不匹配
4898,UCQ8oEUbZ-NZHbD6lqoIHUwQ,Lana & Lilly Explore,https://cn--xtb.noxinfluencer.com/youtube/channel/UCQ8oEUbZ-NZHbD6lqoIHUwQ,-10,badcase,频道以RV旅行生活和狗内容为主，缺少吸尘器推广相关性
4899,UCIe2kIjbF0NTGDFJokb3ntw,Derrick Ruiz | Westside Los Angeles Broker,https://cn--xtb.noxinfluencer.com/youtube/channel/UCIe2kIjbF0NTGDFJokb3ntw,-10,badcase,地产经纪频道与吸尘器促销场景弱相关，近期全是房产话题
4900,UC5l3c787hVZANXofaS59Ueg,Blainzz,https://cn--xtb.noxinfluencer.com/youtube/channel/UC5l3c787hVZANXofaS59Ueg,-25,badcase,游戏频道主导且标签高度不相容，近期短视频也非吸尘器内容
4901,UCqBpOis3pm6wP3NH0X3VjHA,KAG,https://cn--xtb.noxinfluencer.com/youtube/channel/UCqBpOis3pm6wP3NH0X3VjHA,-25,badcase,游戏频道，与吸尘器投放场景完全无关
4905,UCTPu75wfwp5YJfbh6O218Wg,Tractor Tools Direct,https://cn--xtb.noxinfluencer.com/youtube/channel/UCTPu75wfwp5YJfbh6O218Wg,-25,badcase,农机工具频道，与吸尘器投放场景完全不符
4906,UCZJgb8rV2hcLqMqpt1RyZiA,ACME LASER CUTTING MACHINE,https://cn--xtb.noxinfluencer.com/youtube/channel/UCZJgb8rV2hcLqMqpt1RyZiA,-25,badcase,工业激光切割设备频道，和家用吸尘器目标受众错位
4907,UCcyxLmp6n9sBcYiIfOK9MqQ,Santana Outdoors,https://cn--xtb.noxinfluencer.com/youtube/channel/UCcyxLmp6n9sBcYiIfOK9MqQ,-10,badcase,运动/户外/家庭杂项为主，和吸尘器受众不匹配
4909,UCJCOtOu3oqFaLbBt0egrM4Q,INDIAN FACT 2.O,https://cn--xtb.noxinfluencer.com/youtube/channel/UCJCOtOu3oqFaLbBt0egrM4Q,-9,badcase,短视频工具杂项为主，吸尘器推广语境不足
4911,UC8Uttq_Ut7FBFjnKbk03D3w,CA$H ENTERTAINMENT,https://cn--xtb.noxinfluencer.com/youtube/channel/UC8Uttq_Ut7FBFjnKbk03D3w,-10,badcase,娱乐生活号，与吸尘器推广受众不匹配
4912,UCO6kUqPsGo1RKw6vcikosuw,Process Colossus,https://cn--xtb.noxinfluencer.com/youtube/channel/UCO6kUqPsGo1RKw6vcikosuw,-10,badcase,工厂制造内容，非吸尘器评测/带货场景
4913,UCdcHCVzY4IQLLVvwhUGho5Q,Whitetail Edge,https://cn--xtb.noxinfluencer.com/youtube/channel/UCdcHCVzY4IQLLVvwhUGho5Q,-25,badcase,狩猎垂类，和吸尘器家电推广受众不符
4915,UCIonFoGr52gKxg2ePovhGww,Koham,https://cn--xtb.noxinfluencer.com/youtube/channel/UCIonFoGr52gKxg2ePovhGww,-10,badcase,割草机工厂号，和吸尘器投放受众不符
4916,UC4rekC6KpcYeoJ9xwQ-CLRA,Avto Doctor,https://cn--xtb.noxinfluencer.com/youtube/channel/UC4rekC6KpcYeoJ9xwQ-CLRA,-20,badcase,娱乐/搞笑向频道，近10条内容均不匹配吸尘器推广
4917,UCCym5Qgwaz52zAPwQJJ1N0A,That Nomadic Couple,https://cn--xtb.noxinfluencer.com/youtube/channel/UCCym5Qgwaz52zAPwQJJ1N0A,-10,badcase,频道偏房车旅行生活，无吸尘器评测/清洁购买意图，近作不匹配
4918,UCheEkG7zIB6m6SPxHpgXyrg,Top Hat TITAN,https://cn--xtb.noxinfluencer.com/youtube/channel/UCheEkG7zIB6m6SPxHpgXyrg,-25,badcase,游戏与动画频道，和吸尘器推广场景明显不符
4919,UCome_FkaD7bPxLBxoDbudRg,UsaWego,https://cn--xtb.noxinfluencer.com/youtube/channel/UCome_FkaD7bPxLBxoDbudRg,-10,badcase,短视频故事和泛娱乐为主，缺少吸尘器相关购买或评测信号
4920,UC2QmP8NAf4dQ1QhjlaUI8Cw,Solar Ed  ICE to EV,https://cn--xtb.noxinfluencer.com/youtube/channel/UC2QmP8NAf4dQ1QhjlaUI8Cw,-10,badcase,电动车与储能内容，不是吸尘器的推广受众
4921,UCL0zJUdPvWB4y6MVuVS1D2Q,Reelcraft Industries,https://cn--xtb.noxinfluencer.com/youtube/channel/UCL0zJUdPvWB4y6MVuVS1D2Q,-10,badcase,工业卷轴/五金内容，近10条全不相关，不适合吸尘器推广
4922,UCdzYNAgVeZvkCuv_nWi3RtA,Bamboo Wood Art,https://cn--xtb.noxinfluencer.com/youtube/channel/UCdzYNAgVeZvkCuv_nWi3RtA,-9,badcase,仅有Gadgets泛相关，主体是短视频/动物杂内容，近10条无清洁家电语境
4923,UCHZO6HnJFG6B66fAaMtdRvg,SIU JU OFFICIAL,https://cn--xtb.noxinfluencer.com/youtube/channel/UCHZO6HnJFG6B66fAaMtdRvg,-22,badcase,音乐娱乐/ASMR/宠物向，属于强格式错配，不适合吸尘器带货
4925,UC8lcwolTp5xnx9yRhvMOYYQ,The Amanda Algorithm,https://cn--xtb.noxinfluencer.com/youtube/channel/UC8lcwolTp5xnx9yRhvMOYYQ,-9,badcase,科技/动画/教育向，只有泛化电子标签，近10条与吸尘器不一致
4926,UC8zZiWi-Cr_oibUkh0bh4Yg,California Century University,https://cn--xtb.noxinfluencer.com/youtube/channel/UC8zZiWi-Cr_oibUkh0bh4Yg,-10,badcase,近10条全是商务/汽车/签证等内容，和吸尘器推广无关
4927,UCgUa-hDUWCyUzWanQrGqMaQ,RO Plant Doctor,https://cn--xtb.noxinfluencer.com/youtube/channel/UCgUa-hDUWCyUzWanQrGqMaQ,-10,badcase,RO净水安装频道，和吸尘器推广场景完全不符
4928,UCba59wPTU1LglsWPCRL58kQ,iConnect Training,https://cn--xtb.noxinfluencer.com/youtube/channel/UCba59wPTU1LglsWPCRL58kQ,-10,badcase,近10条全是HVAC培训内容，与吸尘器推广无关
4929,UCji-KsuwJdeKiw22oSiP8Nw,Diana Mache,https://cn--xtb.noxinfluencer.com/youtube/channel/UCji-KsuwJdeKiw22oSiP8Nw,-3,badcase,家居整理/极简相关但无吸尘器评测购买意图，近期多为生活方式内容
4930,UCoJy2bsIh9IppM7a-sNvT3A,Livin' That Fun Life,https://cn--xtb.noxinfluencer.com/youtube/channel/UCoJy2bsIh9IppM7a-sNvT3A,-10,badcase,RV生活内容为主，缺少清洁/家电购买意图，近期内容也不匹配
4931,UCm3U8FWA2dbXw651fXZdhkg,S Power-Portable Line Boring Welding Machine,https://cn--xtb.noxinfluencer.com/youtube/channel/UCm3U8FWA2dbXw651fXZdhkg,-10,badcase,工业镗孔焊接维修频道，和家用吸尘器推广几乎无关
4933,UCHL9lQbuEoqJtlLAW_9cRmQ,Phosphene,https://cn--xtb.noxinfluencer.com/youtube/channel/UCHL9lQbuEoqJtlLAW_9cRmQ,-25,badcase,动物纪录片内容，缺少家电购买或测评语境
4934,UCHw2wTHTWiNIzk7nfYjE5eQ,LaiCai,https://cn--xtb.noxinfluencer.com/youtube/channel/UCHw2wTHTWiNIzk7nfYjE5eQ,-25,badcase,搞笑短剧频道，内容形态与吸尘器推广不匹配
4935,UCGPBfitts5S1JVkJvysFI9A,GeekForge,https://cn--xtb.noxinfluencer.com/youtube/channel/UCGPBfitts5S1JVkJvysFI9A,-10,badcase,模型/极客内容为主，缺少家电推广相关场景
4937,UCeNk-1UKihW9VS89apYJxSw,Pro Spot International,https://cn--xtb.noxinfluencer.com/youtube/channel/UCeNk-1UKihW9VS89apYJxSw,-25,badcase,汽修焊接工业号，受众与家用吸尘器不匹配，近期也全是修车设备
4939,UC1w4lIBso7lRz57vjiliUnQ,Toyshopper,https://cn--xtb.noxinfluencer.com/youtube/channel/UC1w4lIBso7lRz57vjiliUnQ,-25,badcase,ASMR玩具/微缩频道，娱乐属性强，与吸尘器推广格式严重不符
4940,UC_wIIQp6UklfM4oN_BPQKVQ,Brackens Sellar,https://cn--xtb.noxinfluencer.com/youtube/channel/UC_wIIQp6UklfM4oN_BPQKVQ,-9,badcase,健身养生号，近期全是训练和饮食内容，和清洁家电投放关联弱
4941,UCNz4L5-zWaeDZOb_3Mp1bNw,Mobile _ Accessories _ Sasani,https://cn--xtb.noxinfluencer.com/youtube/channel/UCNz4L5-zWaeDZOb_3Mp1bNw,0,badcase,手机配件频道，与吸尘器推广无关
4942,UC2hZEMyt_sBstppUsjJateg,Justin BeiBar Music,https://cn--xtb.noxinfluencer.com/youtube/channel/UC2hZEMyt_sBstppUsjJateg,-11,badcase,娱乐主导且标签混杂，虽有测评但不够适合投放吸尘器
4943,UCd0CN4jcuyLylEupJI5RUOg,Nang Mowing - Shorts,https://cn--xtb.noxinfluencer.com/youtube/channel/UCd0CN4jcuyLylEupJI5RUOg,-25,badcase,割草园艺频道，和家用吸尘器的推广场景不符
4944,UC8wAJdVWrkQfi0U6OAzzhDQ,BEST MUSIC,https://cn--xtb.noxinfluencer.com/youtube/channel/UC8wAJdVWrkQfi0U6OAzzhDQ,-25,badcase,纯娱乐搞笑频道，和吸尘器推广无关
4945,UCtR_JTevZgnhLw8gWbdR9rw,BMW Genius Videos,https://cn--xtb.noxinfluencer.com/youtube/channel/UCtR_JTevZgnhLw8gWbdR9rw,-25,badcase,汽车品牌频道，近期内容均为宝马相关，和吸尘器推广场景无关
4946,UCoyOsfy3RqPftYNvgNAeJ5g,Dad Tech TV,https://cn--xtb.noxinfluencer.com/youtube/channel/UCoyOsfy3RqPftYNvgNAeJ5g,-9,badcase,汽车越野内容为主，与家用吸尘器促销不匹配
4947,UCLKo4k5-5YAKGmuGqXez1zA,Gaurav,https://cn--xtb.noxinfluencer.com/youtube/channel/UCLKo4k5-5YAKGmuGqXez1zA,-25,badcase,宗教短内容主线与吸尘器促销无关
4948,UCSjF378bQhLKO-ISsrHE7ng,The Lawn Care Nut,https://cn--xtb.noxinfluencer.com/youtube/channel/UCSjF378bQhLKO-ISsrHE7ng,-10,badcase,草坪养护垂类，和吸尘器家电促销关联很弱
4950,UC8ERvOLue63i906u3p8YwBQ,alexandra hood,https://cn--xtb.noxinfluencer.com/youtube/channel/UC8ERvOLue63i906u3p8YwBQ,0,badcase,偏生活母婴内容，缺少吸尘器购买/测评/清洁使用信号
4951,UCdcYG5uYFMWGgsujQ-V_U5A,America Lo Telugodu,https://cn--xtb.noxinfluencer.com/youtube/channel/UCdcYG5uYFMWGgsujQ-V_U5A,-7,badcase,科技泛频道，近10期多为旅行/家居杂项，和吸尘器推广不匹配
4952,UC3vViXF8iOyEniIp2TIOxZw,Beachomania,https://cn--xtb.noxinfluencer.com/youtube/channel/UC3vViXF8iOyEniIp2TIOxZw,-22,badcase,海滩旅游+ASMR娱乐为主，和吸尘器投放场景明显不符
4954,UC_WMshiJmdA3ofRKivUq6LQ,ArmorAll,https://cn--xtb.noxinfluencer.com/youtube/channel/UC_WMshiJmdA3ofRKivUq6LQ,-10,badcase,汽车护理品牌频道，近期内容均非吸尘器评测或清洁设备推广
4955,UClKqU4ngW2YJ1ZZ_KvECZzQ,Lepro,https://cn--xtb.noxinfluencer.com/youtube/channel/UClKqU4ngW2YJ1ZZ_KvECZzQ,-18,badcase,灯具安装与场景内容为主，和吸尘器推广无直接关联
4956,UCYLk0i3Z7rMGiBxl1krfKmg,Happy Meow,https://cn--xtb.noxinfluencer.com/youtube/channel/UCYLk0i3Z7rMGiBxl1krfKmg,-35,badcase,卡通娱乐+ASMR频道，和家用吸尘器推广场景明显不符
4957,UCDzAt8m5EczKXXgZhMgAgzg,Lilyy Vlog,https://cn--xtb.noxinfluencer.com/youtube/channel/UCDzAt8m5EczKXXgZhMgAgzg,-10,badcase,兴趣vlog为主，缺少清洁家电测评或购买语境
4958,UCsS-iZbPk3HjWrdsuHcZehA,Pea Pea Cartoon,https://cn--xtb.noxinfluencer.com/youtube/channel/UCsS-iZbPk3HjWrdsuHcZehA,-35,badcase,儿童动画娱乐频道，不适合家用吸尘器推广
4959,UCMzhC2UL3EZmH09PYTQ8AJQ,Bonsystems Global,https://cn--xtb.noxinfluencer.com/youtube/channel/UCMzhC2UL3EZmH09PYTQ8AJQ,-10,badcase,工业机器人工程内容，偏B2B技术而非家用清洁
4960,UCLV9bnuDbh10sY8qfe3Gwog,GHT Group,https://cn--xtb.noxinfluencer.com/youtube/channel/UCLV9bnuDbh10sY8qfe3Gwog,-24,badcase,频道主打影音会议与声学集成，缺少清洁电器推广语境
4961,UCuTmIadxx0ukCKvZgjPjDuw,Nightfall Records,https://cn--xtb.noxinfluencer.com/youtube/channel/UCuTmIadxx0ukCKvZgjPjDuw,-25,badcase,音乐/娱乐/氛围向频道，和吸尘器推广场景强不匹配
4963,UCFLINXqxGjoTDcnbWMa2XVw,Rusty Glovebox,https://cn--xtb.noxinfluencer.com/youtube/channel/UCFLINXqxGjoTDcnbWMa2XVw,-10,badcase,偏维修DIY和车辆工具，缺少家用清洁/吸尘器相关场景
4964,UCb3SzEbSnBxICIH-7FigVog,dusty guy,https://cn--xtb.noxinfluencer.com/youtube/channel/UCb3SzEbSnBxICIH-7FigVog,-10,badcase,以修理/木工/安装为主，近10条无吸尘器相关，推广适配度低
4965,UCnbH6evWcyRyfIshzy-8rlw,Mina Mashup,https://cn--xtb.noxinfluencer.com/youtube/channel/UCnbH6evWcyRyfIshzy-8rlw,-25,badcase,TikTok混剪娱乐号，和吸尘器推广属于明显错位
4966,UChz5AOAFQJjZihrHXpg1UKg,LightsCameraYorks,https://cn--xtb.noxinfluencer.com/youtube/channel/UChz5AOAFQJjZihrHXpg1UKg,-7,badcase,家居泛生活/手工为主，无吸尘器清洁评测或购买意图证据
4967,UCcwxi7Y2iN2QXS7EesZtmPg,Flea Market Vintage,https://cn--xtb.noxinfluencer.com/youtube/channel/UCcwxi7Y2iN2QXS7EesZtmPg,-9,badcase,二手市集/时尚为主，和吸尘器推广场景不匹配
4968,UCXMa-L-k5AgA5XG3ab2__ig,Larosa Ziebol,https://cn--xtb.noxinfluencer.com/youtube/channel/UCXMa-L-k5AgA5XG3ab2__ig,-10,badcase,缺少任何家居清洁线索，近期内容也不相关
4970,UCGQbFIr5ILVmGTXkMvJ9N3w,Mr Jay,https://cn--xtb.noxinfluencer.com/youtube/channel/UCGQbFIr5ILVmGTXkMvJ9N3w,-25,badcase,娱乐游戏频道，和吸尘器属于明显错配
4972,UCcZPwUYCYWUykhoDVB1Nj4Q,Village Life Story,https://cn--xtb.noxinfluencer.com/youtube/channel/UCcZPwUYCYWUykhoDVB1Nj4Q,-4,badcase,仅有清洁场景，偏生活故事内容，缺少产品推广语境
4975,UCc2ka-aGChwIiX0mEXzfmoA,The Grass-fed Homestead,https://cn--xtb.noxinfluencer.com/youtube/channel/UCc2ka-aGChwIiX0mEXzfmoA,-7,badcase,农场/畜牧为主，家电推广语境弱且近期内容不匹配
4976,UCv4kGR-SeSTwdvt4QbOsaBA,TOON TASK,https://cn--xtb.noxinfluencer.com/youtube/channel/UCv4kGR-SeSTwdvt4QbOsaBA,-25,badcase,卡通搞笑/僵尸内容，和吸尘器家电推广场景不符
4977,UCtNdFZHQoeI8kbU9o6PFobQ,Earth Sense,https://cn--xtb.noxinfluencer.com/youtube/channel/UCtNdFZHQoeI8kbU9o6PFobQ,-10,badcase,颗粒炉/烤炉频道，和吸尘器清洁需求关联很弱
4979,UC1TgP91memZiZaRn8wiXXwQ,SavvyExplorer,https://cn--xtb.noxinfluencer.com/youtube/channel/UC1TgP91memZiZaRn8wiXXwQ,-3,badcase,泛家居小工具频道，但近期多为户外棚、美容、摄像头，吸尘器不匹配
4981,UCaZf9B6wukztcSIBk9j-kgA,Hallmark Pool Supplies,https://cn--xtb.noxinfluencer.com/youtube/channel/UCaZf9B6wukztcSIBk9j-kgA,-7,badcase,仅有弱教程关联，近10条内容与吸尘器不匹配
4982,UCeqt23zfGhDsDtSFghi9dSw,TRS RESTORATION,https://cn--xtb.noxinfluencer.com/youtube/channel/UCeqt23zfGhDsDtSFghi9dSw,-25,badcase,ASMR修复/改造格式与吸尘器推广严重错配，近10条几乎全不相关
4983,UCcpujQncqAtbf5xiEzgcOuA,Current Rides,https://cn--xtb.noxinfluencer.com/youtube/channel/UCcpujQncqAtbf5xiEzgcOuA,-9,badcase,有少量购买语境，但内容长期锁定电动滑板车
4984,UCxdk9aBle8YlbbRZVmJyk2Q,World Systems Explained,https://cn--xtb.noxinfluencer.com/youtube/channel/UCxdk9aBle8YlbbRZVmJyk2Q,-25,badcase,韩娱娱乐频道与家电推广受众不符，近10条内容也无关
4985,UCSGNCYGZ0FDurLUg5yYkdHw,Ice Fire Appliances,https://cn--xtb.noxinfluencer.com/youtube/channel/UCSGNCYGZ0FDurLUg5yYkdHw,-9,badcase,家电安装频道有弱器械/安装语境，但近10条都在讲风冷设备
4986,UCTSU4qWr-1NePOm46KJzJjg,Điện tử cho mọi người (Điện tử cho mọi người),https://cn--xtb.noxinfluencer.com/youtube/channel/UCTSU4qWr-1NePOm46KJzJjg,-8,badcase,仅有泛科技标签，近10条内容与吸尘器推广无关
4987,UC29YSBBmAnVDNVyqlipsrrw,Aero Propulsions,https://cn--xtb.noxinfluencer.com/youtube/channel/UC29YSBBmAnVDNVyqlipsrrw,-10,badcase,火箭科普频道，与吸尘器推广无关，近10条内容全不匹配
4988,UCnORWCyz6L_RKOif6YhxI9A,mustafa demiryürek,https://cn--xtb.noxinfluencer.com/youtube/channel/UCnORWCyz6L_RKOif6YhxI9A,-10,badcase,频道偏电路/电源维修，近期内容与吸尘器推广无关
4989,UC-dDLkdpguzL_ffMIZ_tvOw,Crafty Panda Bubbly,https://cn--xtb.noxinfluencer.com/youtube/channel/UC-dDLkdpguzL_ffMIZ_tvOw,-30,badcase,娱乐剧情型频道，近10条全无吸尘器相关，且有明显格式错配
4990,UCg9RoekU1WP-3SPaThERWPQ,Noe Tech,https://cn--xtb.noxinfluencer.com/youtube/channel/UCg9RoekU1WP-3SPaThERWPQ,1,badcase,以工厂机械为主，仅有“mesin”弱相关，缺少吸尘器推广意图
4992,UC6aH53EZeMx1q7M7YyDprtA,Yoo Dabba Dabba,https://cn--xtb.noxinfluencer.com/youtube/channel/UC6aH53EZeMx1q7M7YyDprtA,-20,badcase,嘻哈大麻娱乐号，内容域和家用吸尘器推广明显错位
4993,UCMA28RohDhqWVYp043wMbBQ,To Be Determined,https://cn--xtb.noxinfluencer.com/youtube/channel/UCMA28RohDhqWVYp043wMbBQ,-6,badcase,RV旅行生活频道，缺少清洁电器评测或购买意图内容
4994,UCYsu4DxiosXPbvZycfiQZ2g,Mr. Michal,https://cn--xtb.noxinfluencer.com/youtube/channel/UCYsu4DxiosXPbvZycfiQZ2g,-25,badcase,枪炮实验频道，主题与吸尘器推广完全错位
4996,UCmp6wUhD-D41OIOIwSdIppg,AOLITE Katharine loader FACTORY,https://cn--xtb.noxinfluencer.com/youtube/channel/UCmp6wUhD-D41OIOIwSdIppg,-10,badcase,频道主题是工程机械，和家用吸尘器推广不相关，近10条也不匹配
4997,UCTxe13JwFVxJsugpPJ8XUAA,Todd The GunGuy,https://cn--xtb.noxinfluencer.com/youtube/channel/UCTxe13JwFVxJsugpPJ8XUAA,-10,badcase,枪械/户外频道，受众和吸尘器推广场景不一致，近期也无相关内容
4999,UCTy0avcJLYQb4weAkvjZgtg,Nicole Elizabeth,https://cn--xtb.noxinfluencer.com/youtube/channel/UCTy0avcJLYQb4weAkvjZgtg,-10,badcase,生活方式/时尚频道，只有很弱的家庭场景，近10条内容几乎不相关
5001,UCpqaDMGrlIbmt0pSb_SlVpA,MarigoldHaze,https://cn--xtb.noxinfluencer.com/youtube/channel/UCpqaDMGrlIbmt0pSb_SlVpA,-25,badcase,犬类娱乐号，近10条几乎全是宠物内容，不适合家用吸尘器推广
5002,UCcdx32cRUgszNTp5ymYOuhg,Hmong Brothers Qaib Thaib Yeej,https://cn--xtb.noxinfluencer.com/youtube/channel/UCcdx32cRUgszNTp5ymYOuhg,-6,badcase,泛生活夹杂大量剧情内容，和吸尘器推广相关性弱
5003,UC85J3y0Nn-3Zic8KEeXOD4g,One in One,https://cn--xtb.noxinfluencer.com/youtube/channel/UC85J3y0Nn-3Zic8KEeXOD4g,-24,badcase,娱乐短视频/整蛊号，产品导购属性弱，不适合吸尘器
5004,UCz6HLimuP5wcPkwXk9BALog,Đại Ngáo Vlog,https://cn--xtb.noxinfluencer.com/youtube/channel/UCz6HLimuP5wcPkwXk9BALog,-20,badcase,频道主打钓鱼装备内容，与吸尘器家电推广场景不符
5005,UCwCwx-QE6cz63zYV7b0Cpmg,ElectricBlake,https://cn--xtb.noxinfluencer.com/youtube/channel/UCwCwx-QE6cz63zYV7b0Cpmg,-8,badcase,仅有工具泛标签，近期内容全是汽车/机械，和吸尘器推广不匹配
5006,UCwwA4G7z-rxBs_EgnugTG0A,Charles Coushaine,https://cn--xtb.noxinfluencer.com/youtube/channel/UCwwA4G7z-rxBs_EgnugTG0A,-8,badcase,仅有泛DIY/教程场景，近期多为RV改造旅行，无吸尘器推广信号
5007,UCWfVON7KNF3olvfh1ldCiTg,Life by Jody,https://cn--xtb.noxinfluencer.com/youtube/channel/UCWfVON7KNF3olvfh1ldCiTg,-18,badcase,美妆护肤频道，虽有开箱推广形式但与吸尘器场景不符
5008,UC6SKAhSTXw57ds9s-A1VzGQ,Gina Flys,https://cn--xtb.noxinfluencer.com/youtube/channel/UC6SKAhSTXw57ds9s-A1VzGQ,-10,badcase,无标签且近10条多为生活/表演内容，缺少商品推广信号
5010,UCqJT7DoJlUeiQ4-qxk6Ge9w,Matthew,https://cn--xtb.noxinfluencer.com/youtube/channel/UCqJT7DoJlUeiQ4-qxk6Ge9w,-25,badcase,纯娱乐短视频，近期内容与家电促销高度不匹配
5012,UCP0f9FXZ4g-MxAqSUreHpCw,Taylor Bell,https://cn--xtb.noxinfluencer.com/youtube/channel/UCP0f9FXZ4g-MxAqSUreHpCw,-10,badcase,生活方式旅行vlog，近10条无吸尘器相关内容，推广相关性很弱
5013,UCwoBXOg0AHzfiGgJ4_Q8uzQ,Vicks Humidifiers & Thermometers,https://cn--xtb.noxinfluencer.com/youtube/channel/UCwoBXOg0AHzfiGgJ4_Q8uzQ,-10,badcase,频道主轴是Vicks加湿器与健康护理，和吸尘器推广不相关
5014,UC7QSQd9ELzXSfF23PmMIo-Q,Box Frame,https://cn--xtb.noxinfluencer.com/youtube/channel/UC7QSQd9ELzXSfF23PmMIo-Q,-10,badcase,内容为泛测评/满足感视频，与吸尘器推广无关
5015,UCQmnWBquBRYaIyRyGC9_lEA,Ibnuwani Official,https://cn--xtb.noxinfluencer.com/youtube/channel/UCQmnWBquBRYaIyRyGC9_lEA,-8,badcase,仅DIY/科技泛相关，近10期全是空调/手机/电器改装，和吸尘器推广不匹配
5016,UCGvC9VGOstiv5wTMeZtF-Mg,Riley Meek Tibbs,https://cn--xtb.noxinfluencer.com/youtube/channel/UCGvC9VGOstiv5wTMeZtF-Mg,-10,badcase,母婴育儿频道，近期全是婴儿和妈妈内容，与吸尘器推广无关
5018,UCIe3uHbQU-vaLn2gsuEmH-w,Mironshokh Nurullayev,https://cn--xtb.noxinfluencer.com/youtube/channel/UCIe3uHbQU-vaLn2gsuEmH-w,-10,badcase,饮食健康频道，主题与家电推广不匹配
5020,UC_2UKpsNiM6KHNrooX0GGEQ,EngiNerds,https://cn--xtb.noxinfluencer.com/youtube/channel/UC_2UKpsNiM6KHNrooX0GGEQ,-9,badcase,科技杂货内容偏广，和吸尘器只有弱关联，近期主题也不集中
5021,UCDRklQwLWJ2m3YvjMQWRSuw,Doug Rucker,https://cn--xtb.noxinfluencer.com/youtube/channel/UCDRklQwLWJ2m3YvjMQWRSuw,-10,badcase,以压力清洗培训为主，近期全是压力清洗相关内容，和吸尘器推广无关
5022,UCGvO0XYDdn9_p-xtRc_dw5w,Terminix,https://cn--xtb.noxinfluencer.com/youtube/channel/UCGvO0XYDdn9_p-xtRc_dw5w,-10,badcase,以除虫服务和故事化内容为主，和吸尘器产品推广不匹配
5023,UC6Qq_0WWK8oFYPiQ1ConOTg,Avanzapro,https://cn--xtb.noxinfluencer.com/youtube/channel/UC6Qq_0WWK8oFYPiQ1ConOTg,-25,badcase,娱乐旅行型频道，缺少家电评测或购买语境，和吸尘器推广不符
5024,UCcWyThIgZteL-NZSQoxC9QA,Balkan Sewer & Water Main Service,https://cn--xtb.noxinfluencer.com/youtube/channel/UCcWyThIgZteL-NZSQoxC9QA,-10,badcase,管道与排水维修频道，内容场景不对应吸尘器推广
5025,UC1Bwt9f6CwS9OWb1kmY9tXA,FridayParts,https://cn--xtb.noxinfluencer.com/youtube/channel/UC1Bwt9f6CwS9OWb1kmY9tXA,-10,badcase,工程机械配件频道，主要是车辆设备维修，不适合吸尘器推广
5026,UCsjtPMujFux2jxLCkdP1_ZQ,Suhendi BM,https://cn--xtb.noxinfluencer.com/youtube/channel/UCsjtPMujFux2jxLCkdP1_ZQ,-8,badcase,家居/DIY略相关，但近期多为机器人、玻璃、金属加工，缺少吸尘器内容
5027,UC6ZzLwrby_IoPowUcj5Ko2A,Anastasia Virals,https://cn--xtb.noxinfluencer.com/youtube/channel/UC6ZzLwrby_IoPowUcj5Ko2A,-25,badcase,ASMR解压频道，内容偏砂泥切割与特效，和吸尘器推广场景不符
5028,UCn5IluxRQoPJALiMksr1Wnw,BigFrogs4x4,https://cn--xtb.noxinfluencer.com/youtube/channel/UCn5IluxRQoPJALiMksr1Wnw,-8,badcase,汽车DIY工具频道，近期内容多为车维修改装和歌曲，吸尘器推广相关弱
5029,UCNOzUDYSKPrEnL1T9Hf2-7g,slipgatecentral,https://cn--xtb.noxinfluencer.com/youtube/channel/UCNOzUDYSKPrEnL1T9Hf2-7g,-10,badcase,3D艺术/游戏频道，和吸尘器产品推广受众基本不匹配
5030,UC7u93tufFQwwMXErsU5n-kA,Animated Origins,https://cn--xtb.noxinfluencer.com/youtube/channel/UC7u93tufFQwwMXErsU5n-kA,-35,badcase,娱乐/ASMR/短剧取向明显，属强格式不匹配，不适合吸尘器推广
5031,UCrt93truu9H7VOZemuTQmMQ,gouldaero,https://cn--xtb.noxinfluencer.com/youtube/channel/UCrt93truu9H7VOZemuTQmMQ,-25,badcase,频道以航模、改车、3D打印为主，近期无吸尘器推广场景
5032,UCBhM8DCKnT3qXwTW0eToyCg,How 2 Wrench,https://cn--xtb.noxinfluencer.com/youtube/channel/UCBhM8DCKnT3qXwTW0eToyCg,-24,badcase,汽车维修工具频道，近期内容非家用吸尘器推广场景
5033,UC71iZpZmNgRF3JECFpTAR9A,KentuckyKoozie,https://cn--xtb.noxinfluencer.com/youtube/channel/UC71iZpZmNgRF3JECFpTAR9A,-9,badcase,以伐木/木材内容为主，和家用吸尘器场景偏离
5034,UCKfkXpfLDfLAoPbZ9ke16vQ,Pro Tech Rank,https://cn--xtb.noxinfluencer.com/youtube/channel/UCKfkXpfLDfLAoPbZ9ke16vQ,-20,badcase,科技标签弱相关，但近期内容全偏食品旅行健身，频道不适合吸尘器推广
5035,UCzQqrL998sVbhPumUw7fdkg,SonnyGTA,https://cn--xtb.noxinfluencer.com/youtube/channel/UCzQqrL998sVbhPumUw7fdkg,-30,badcase,娱乐影视/音效内容为主，和家电推广格式明显不匹配
5036,UCpw3s7YY2iDyyLdnIIyW3mw,MoodFlipz,https://cn--xtb.noxinfluencer.com/youtube/channel/UCpw3s7YY2iDyyLdnIIyW3mw,-22,badcase,剧情短内容为主，和吸尘器推广场景不匹配
5037,UC-_9yJocOaRELKQkWL9RCBQ,Topher Harless,https://cn--xtb.noxinfluencer.com/youtube/channel/UC-_9yJocOaRELKQkWL9RCBQ,-21,badcase,喜剧口播为主，缺少家电评测或购买语境
5038,UCabCgxmZx-XIWdbZrA6YucA,CRAFT.DE09,https://cn--xtb.noxinfluencer.com/youtube/channel/UCabCgxmZx-XIWdbZrA6YucA,-7,badcase,家装施工工艺频道，无吸尘器评测/清洁设备推广语境
5039,UCIT0xUZmn0Zqhquj4ePRxEQ,Chris Garage78,https://cn--xtb.noxinfluencer.com/youtube/channel/UCIT0xUZmn0Zqhquj4ePRxEQ,-7,badcase,工具维修类频道，缺少吸尘器/清洁家电推广语境，近期内容均不匹配
5040,UCCCr1IiNPd7w1PHZ_RFsGQg,Vika Vasilek,https://cn--xtb.noxinfluencer.com/youtube/channel/UCCCr1IiNPd7w1PHZ_RFsGQg,-10,badcase,频道以美食、购物和宠物内容为主，近期无吸尘器相关内容
5041,UCbkP7cB5b4uSGaZmpG3iE-g,Drinkingodapops,https://cn--xtb.noxinfluencer.com/youtube/channel/UCbkP7cB5b4uSGaZmpG3iE-g,-25,badcase,游戏频道且近期全是游戏直播/音频，和吸尘器推广几乎无关
5043,UCjJAng748YWUkcKPWx1xZOQ,VibeSync Edits,https://cn--xtb.noxinfluencer.com/youtube/channel/UCjJAng748YWUkcKPWx1xZOQ,-35,badcase,娱乐剪辑号，近期都是梗图和 Use this sound，和吸尘器促销不匹配
5044,UCdcYG5uYFMWGgsujQ-V_U5A,America Lo Telugodu,https://cn--xtb.noxinfluencer.com/youtube/channel/UCdcYG5uYFMWGgsujQ-V_U5A,-10,badcase,生活Vlog仅有泛科技/旅行标签，近期内容也偏杂项，清洁家电相关性弱
5047,UCYLk0i3Z7rMGiBxl1krfKmg,Happy Meow,https://cn--xtb.noxinfluencer.com/youtube/channel/UCYLk0i3Z7rMGiBxl1krfKmg,-35,badcase,娱乐/ASMR/卡通向，和真空吸尘器推广场景明显不符
5048,UCDzAt8m5EczKXXgZhMgAgzg,Lilyy Vlog,https://cn--xtb.noxinfluencer.com/youtube/channel/UCDzAt8m5EczKXXgZhMgAgzg,-9,badcase,生活方式和手作为主，缺少清洁工具或购买意图
5049,UCMzhC2UL3EZmH09PYTQ8AJQ,Bonsystems Global,https://cn--xtb.noxinfluencer.com/youtube/channel/UCMzhC2UL3EZmH09PYTQ8AJQ,-10,badcase,机器人工程频道，与真空吸尘器受众和场景不匹配
5050,UC_J2se8z36ymqJmCH5o4Sew,Taylor VanBeek,https://cn--xtb.noxinfluencer.com/youtube/channel/UC_J2se8z36ymqJmCH5o4Sew,-9,badcase,仅有车旅场景弱相关，近期内容均非清洁/家电推广
5051,UCSerSfOy_SCfIsNyJF0_ACA,Dz Funny Edits,https://cn--xtb.noxinfluencer.com/youtube/channel/UCSerSfOy_SCfIsNyJF0_ACA,-19,badcase,娱乐导向标签占主导，近4条也都不涉及吸尘器或家电推广
5052,UCG5ifWMkH_4VAgwoxODzHqA,DOMLUST,https://cn--xtb.noxinfluencer.com/youtube/channel/UCG5ifWMkH_4VAgwoxODzHqA,-10,badcase,近10条全是成人视频/成人玩具内容，与吸尘器推广受众不符
5053,UCXB9WfhMQknlayzAfaYRyIA,YtooSmooth,https://cn--xtb.noxinfluencer.com/youtube/channel/UCXB9WfhMQknlayzAfaYRyIA,-10,badcase,纯娱乐短视频号，近10条无吸尘器相关或家电推广内容
5055,UC7wXY4usmXm9KALqt56kPjA,Thee Biggs,https://cn--xtb.noxinfluencer.com/youtube/channel/UC7wXY4usmXm9KALqt56kPjA,-10,badcase,生活方式杂记号，近10条内容大多与吸尘器推广无关
5058,UCkdJlP0t2z0xsiBwMoO-07w,Tried At Home Reviews,https://cn--xtb.noxinfluencer.com/youtube/channel/UCkdJlP0t2z0xsiBwMoO-07w,-10,badcase,亲子婴童评测号，和吸尘器推广关联弱
5059,UCKpHlcz8pkqWcrfVpas7TCQ,Strongest Craftsman,https://cn--xtb.noxinfluencer.com/youtube/channel/UCKpHlcz8pkqWcrfVpas7TCQ,-10,badcase,木工金工内容，和家用吸尘器推广不匹配
5060,UCsj3oSUzy2qlYtRQgxlERqA,Dollar Scratchoff,https://cn--xtb.noxinfluencer.com/youtube/channel/UCsj3oSUzy2qlYtRQgxlERqA,-6,badcase,居家短视频但内容杂，吸尘器相关性弱
5061,UCk5rwESZiFe1u-GczM-uXoQ,Triunfador10,https://cn--xtb.noxinfluencer.com/youtube/channel/UCk5rwESZiFe1u-GczM-uXoQ,-25,badcase,音乐/宗教频道，吸尘器受众和促销场景都不匹配
5062,UCa07NcLTfrp0QEQvfEJdrsw,CANABIS MAJOR,https://cn--xtb.noxinfluencer.com/youtube/channel/UCa07NcLTfrp0QEQvfEJdrsw,-25,badcase,短视频娱乐与创作者内容为主，明显不适合家电促销
5064,UCmLPnBnLw8Hc-CPOk_j9Usw,Penlar,https://cn--xtb.noxinfluencer.com/youtube/channel/UCmLPnBnLw8Hc-CPOk_j9Usw,-25,badcase,游戏/桌搭频道，ASMR和近10条内容都与吸尘器推广不符
5065,UCu1xrPkYUzx9BNDtfdIJJHg,Journeyman,https://cn--xtb.noxinfluencer.com/youtube/channel/UCu1xrPkYUzx9BNDtfdIJJHg,-8,badcase,主题偏车辆/铁路/投资，缺少吸尘器评测或家电购买意图
5066,UCKdfbTQU6WcWxBpKC-NasNw,Savant Home,https://cn--xtb.noxinfluencer.com/youtube/channel/UCKdfbTQU6WcWxBpKC-NasNw,-10,badcase,家居科技相关但近期全是能源/安装内容，清洁家电推广不匹配
5067,UCQ8oEUbZ-NZHbD6lqoIHUwQ,Lana & Lilly Explore,https://cn--xtb.noxinfluencer.com/youtube/channel/UCQ8oEUbZ-NZHbD6lqoIHUwQ,-10,badcase,RV旅行生活内容为主，无吸尘器评测或购买意图证据
5068,UCIe2kIjbF0NTGDFJokb3ntw,Derrick Ruiz | Westside Los Angeles Broker,https://cn--xtb.noxinfluencer.com/youtube/channel/UCIe2kIjbF0NTGDFJokb3ntw,-15,badcase,房地产经纪频道，和吸尘器推广几乎无关
5069,UC5l3c787hVZANXofaS59Ueg,Blainzz,https://cn--xtb.noxinfluencer.com/youtube/channel/UC5l3c787hVZANXofaS59Ueg,-25,badcase,游戏短视频频道，明显不适合家电推广
5071,UC1Wn2mFFZjw4NZG9cMiRj_g,车长小洋0V0,https://cn--xtb.noxinfluencer.com/youtube/channel/UC1Wn2mFFZjw4NZG9cMiRj_g,-10,badcase,战锤内容，近10条全不相关，难用于吸尘器推广
5072,UCMwqeFr3ntLAhQX0aWXUtcA,MaxGamer🎮,https://cn--xtb.noxinfluencer.com/youtube/channel/UCMwqeFr3ntLAhQX0aWXUtcA,-10,badcase,游戏娱乐/短视频为主，缺少清洁或家电购买场景
5073,UCpqaDMGrlIbmt0pSb_SlVpA,MarigoldHaze,https://cn--xtb.noxinfluencer.com/youtube/channel/UCpqaDMGrlIbmt0pSb_SlVpA,-25,badcase,宠物狗娱乐/影视短视频频道，与吸尘器产品推广场景不符
5074,UC85J3y0Nn-3Zic8KEeXOD4g,One in One,https://cn--xtb.noxinfluencer.com/youtube/channel/UC85J3y0Nn-3Zic8KEeXOD4g,-15,badcase,娱乐 viral shorts 频道，缺少吸尘器评测或清洁购买意图
5075,UCz6HLimuP5wcPkwXk9BALog,Đại Ngáo Vlog,https://cn--xtb.noxinfluencer.com/youtube/channel/UCz6HLimuP5wcPkwXk9BALog,-10,badcase,钓鱼垂类为主，和吸尘器购买场景基本无关
5076,UCwCwx-QE6cz63zYV7b0Cpmg,ElectricBlake,https://cn--xtb.noxinfluencer.com/youtube/channel/UCwCwx-QE6cz63zYV7b0Cpmg,-6,badcase,机械工具向，和家用吸尘器仅弱相关，近况多为车辆/工具内容
5077,UCwwA4G7z-rxBs_EgnugTG0A,Charles Coushaine,https://cn--xtb.noxinfluencer.com/youtube/channel/UCwwA4G7z-rxBs_EgnugTG0A,-7,badcase,以RV/DIY为主，和吸尘器只有很弱的家庭场景关联
5078,UCyC0BzNxzT83oEOKrXF6B9A,Kid,https://cn--xtb.noxinfluencer.com/youtube/channel/UCyC0BzNxzT83oEOKrXF6B9A,-20,badcase,狗狗娱乐频道，和人用吸尘器推广场景明显不匹配
5079,UCWfVON7KNF3olvfh1ldCiTg,Life by Jody,https://cn--xtb.noxinfluencer.com/youtube/channel/UCWfVON7KNF3olvfh1ldCiTg,-23,badcase,美妆护肤订阅箱频道，近期内容与吸尘器推广明显不匹配
5080,UC6SKAhSTXw57ds9s-A1VzGQ,Gina Flys,https://cn--xtb.noxinfluencer.com/youtube/channel/UC6SKAhSTXw57ds9s-A1VzGQ,-10,badcase,放松生活方式内容，缺少清洁电器测评或购买语境
5082,UCqJT7DoJlUeiQ4-qxk6Ge9w,Matthew,https://cn--xtb.noxinfluencer.com/youtube/channel/UCqJT7DoJlUeiQ4-qxk6Ge9w,-25,badcase,纯娱乐短视频频道，与吸尘器投放场景和受众不匹配
5083,UC1Dtifi6BVmZZWz7LdUwaKg,Steam Boss inc,https://cn--xtb.noxinfluencer.com/youtube/channel/UC1Dtifi6BVmZZWz7LdUwaKg,-23,badcase,清洁ASMR频道偏效果展示，不是吸尘器测评或带货场景
5084,UCwoBXOg0AHzfiGgJ4_Q8uzQ,Vicks Humidifiers & Thermometers,https://cn--xtb.noxinfluencer.com/youtube/channel/UCwoBXOg0AHzfiGgJ4_Q8uzQ,-10,badcase,健康家电品牌频道，和吸尘器推广目标不一致
5085,UC7Ht46LfZ_CA2-jeomhOI0g,TSquad RVing,https://cn--xtb.noxinfluencer.com/youtube/channel/UC7Ht46LfZ_CA2-jeomhOI0g,-10,badcase,RV旅行维护频道，和吸尘器商品推广关联弱
5086,UC7QSQd9ELzXSfF23PmMIo-Q,Box Frame,https://cn--xtb.noxinfluencer.com/youtube/channel/UC7QSQd9ELzXSfF23PmMIo-Q,-10,badcase,无标签且近10条内容均与吸尘器无关，只有通用satisfying格式
5087,UCQmnWBquBRYaIyRyGC9_lEA,Ibnuwani Official,https://cn--xtb.noxinfluencer.com/youtube/channel/UCQmnWBquBRYaIyRyGC9_lEA,-9,badcase,以DIY科技为主，近期10条都与吸尘器推广无关，属不相关频道
5088,UCGvC9VGOstiv5wTMeZtF-Mg,Riley Meek Tibbs,https://cn--xtb.noxinfluencer.com/youtube/channel/UCGvC9VGOstiv5wTMeZtF-Mg,-10,badcase,近10条全是母婴内容，缺少清洁家电相关受众与购买意图
5089,UCFu-0CZrlO6au7MX86Wb45w,Tia's Goods & Gadgets,https://cn--xtb.noxinfluencer.com/youtube/channel/UCFu-0CZrlO6au7MX86Wb45w,-10,badcase,近期10条均与吸尘器无关，缺少家电评测或购买意图
5090,UCIe3uHbQU-vaLn2gsuEmH-w,Mironshokh Nurullayev,https://cn--xtb.noxinfluencer.com/youtube/channel/UCIe3uHbQU-vaLn2gsuEmH-w,-25,badcase,饮食健康频道，最近内容也偏泛娱乐产品话题，不适合吸尘器推广
5092,UCDRklQwLWJ2m3YvjMQWRSuw,Doug Rucker,https://cn--xtb.noxinfluencer.com/youtube/channel/UCDRklQwLWJ2m3YvjMQWRSuw,-4,badcase,高压清洗设备频道，非家用吸尘器推广语境
5093,UCGvO0XYDdn9_p-xtRc_dw5w,Terminix,https://cn--xtb.noxinfluencer.com/youtube/channel/UCGvO0XYDdn9_p-xtRc_dw5w,-25,badcase,虫害/故事型内容为主，不适合吸尘器推广
5094,UC6Qq_0WWK8oFYPiQ1ConOTg,Avanzapro,https://cn--xtb.noxinfluencer.com/youtube/channel/UC6Qq_0WWK8oFYPiQ1ConOTg,-25,badcase,娱乐音乐频道为主，和家用吸尘器推广几乎无关
5095,UCcWyThIgZteL-NZSQoxC9QA,Balkan Sewer & Water Main Service,https://cn--xtb.noxinfluencer.com/youtube/channel/UCcWyThIgZteL-NZSQoxC9QA,-24,badcase,频道主打管道/下水维修，非吸尘器清洁或家电推广场景
5096,UC1Bwt9f6CwS9OWb1kmY9tXA,FridayParts,https://cn--xtb.noxinfluencer.com/youtube/channel/UC1Bwt9f6CwS9OWb1kmY9tXA,-25,badcase,重型机械/拖拉机内容，和家用吸尘器推广受众不符
5097,UCsjtPMujFux2jxLCkdP1_ZQ,Suhendi BM,https://cn--xtb.noxinfluencer.com/youtube/channel/UCsjtPMujFux2jxLCkdP1_ZQ,-24,badcase,家居弱相关，但频道偏短视频奇闻科技，近期几乎无吸尘器推广场景
5098,UC6ZzLwrby_IoPowUcj5Ko2A,Anastasia Virals,https://cn--xtb.noxinfluencer.com/youtube/channel/UC6ZzLwrby_IoPowUcj5Ko2A,-25,badcase,ASMR/解压内容，属于明显形式不匹配
5099,UCn5IluxRQoPJALiMksr1Wnw,BigFrogs4x4,https://cn--xtb.noxinfluencer.com/youtube/channel/UCn5IluxRQoPJALiMksr1Wnw,-7,badcase,汽车维修/改装频道，仅弱工具场景，近期无吸尘器推广语境
5100,UCNOzUDYSKPrEnL1T9Hf2-7g,slipgatecentral,https://cn--xtb.noxinfluencer.com/youtube/channel/UCNOzUDYSKPrEnL1T9Hf2-7g,-25,badcase,3D艺术/游戏内容，和吸尘器推广无关
5101,UCMm-faV3w7Vtdf6oJovn0qA,Cat ASMR Reverse,https://cn--xtb.noxinfluencer.com/youtube/channel/UCMm-faV3w7Vtdf6oJovn0qA,-25,badcase,娱乐卡通宠物玩具内容，近10条全不匹配吸尘器推广
5102,UCQHL9AKtvhqSopmHd2eD5yQ,FlipperFern,https://cn--xtb.noxinfluencer.com/youtube/channel/UCQHL9AKtvhqSopmHd2eD5yQ,-25,badcase,动物惊悚娱乐向频道，近10条均为故事化内容，不适合吸尘器推广
5104,UClHbRYhNOKwLgd19E0hJ5Rw,Random Rebuilds,https://cn--xtb.noxinfluencer.com/youtube/channel/UClHbRYhNOKwLgd19E0hJ5Rw,-13,badcase,汽车维修改装频道，仅DIY弱相关，近期内容与吸尘器推广不匹配
5105,UCL1vxsQokIxt45fm24ihzlg,Town Family Finds,https://cn--xtb.noxinfluencer.com/youtube/channel/UCL1vxsQokIxt45fm24ihzlg,-6,badcase,无吸尘器相关标签或视频，近期内容多为杂货/食品/家居泛品类
5106,UCwPnsXebkLm1YxOK7f8RdZg,Revo TV,https://cn--xtb.noxinfluencer.com/youtube/channel/UCwPnsXebkLm1YxOK7f8RdZg,-25,badcase,短剧娱乐号，内容与家电推广场景明显不符
5108,UCF3L-zPKz_J3DDn47NBJIyQ,MS LADY M VLOGS,https://cn--xtb.noxinfluencer.com/youtube/channel/UCF3L-zPKz_J3DDn47NBJIyQ,-14,badcase,生活娱乐 vlog，无清洁家电评测或购买意图，近作均不匹配
5109,UCxrvo8dHWupVAhsTL8aagHg,Paper Cute Ideas,https://cn--xtb.noxinfluencer.com/youtube/channel/UCxrvo8dHWupVAhsTL8aagHg,-25,badcase,ASMR玩具拆箱频道，和吸尘器推广格式与题材都不匹配
5110,UCvrHxJAqXJtaI5hbRremP2w,Xziuto,https://cn--xtb.noxinfluencer.com/youtube/channel/UCvrHxJAqXJtaI5hbRremP2w,-14,badcase,内容杂且偏游戏/运动/个人向，与吸尘器无关
5111,UC_4fTd1Qc0flINQDodtQpxg,GUD Apparel,https://cn--xtb.noxinfluencer.com/youtube/channel/UC_4fTd1Qc0flINQDodtQpxg,-10,badcase,内容集中在缝纫/刺绣，与吸尘器推广无关
5113,UCVTHfIP_k_sKecMslX4e0fA,Jewer,https://cn--xtb.noxinfluencer.com/youtube/channel/UCVTHfIP_k_sKecMslX4e0fA,-20,badcase,游戏实况频道，受众和吸尘器推广完全不匹配
5114,UCRh9-7gnrbRPO44N-Wh79Tg,3D Musketeers,https://cn--xtb.noxinfluencer.com/youtube/channel/UCRh9-7gnrbRPO44N-Wh79Tg,-10,badcase,3D打印内容为主，与吸尘器消费场景不相关
5115,UC2gc55Fr_iXNX2HLmiiHDgA,dtgxstgh,https://cn--xtb.noxinfluencer.com/youtube/channel/UC2gc55Fr_iXNX2HLmiiHDgA,-20,badcase,短剧情/viral娱乐向，强格式不适合商品推广
5118,UCfr5LOcf1iwrz9CcQ-MlpsQ,KRAFTY,https://cn--xtb.noxinfluencer.com/youtube/channel/UCfr5LOcf1iwrz9CcQ-MlpsQ,-8,badcase,偏工具爽感内容，缺少吸尘器测评或购买导向
5119,UCvMHTWGHGTDPvCS8KE3HhMg,ASMR SATISFYING,https://cn--xtb.noxinfluencer.com/youtube/channel/UCvMHTWGHGTDPvCS8KE3HhMg,-25,badcase,ASMR清洁娱乐为主，属吸尘器推广强不匹配
5120,UCwxUEPnd4OGswQTr0PU0riw,Sandy's Smart Finds,https://cn--xtb.noxinfluencer.com/youtube/channel/UCwxUEPnd4OGswQTr0PU0riw,-10,badcase,健康/变现内容为主，与吸尘器无关
5121,UCkMGBEXqf4EvgAYhb0yIPmw,Varra,https://cn--xtb.noxinfluencer.com/youtube/channel/UCkMGBEXqf4EvgAYhb0yIPmw,-25,badcase,纯音乐/娱乐频道，近期内容全是演奏和动画，和吸尘器推广不符
5122,UCuGLgZ0WBJRAjtFumTjR-iw,DLXTechnology,https://cn--xtb.noxinfluencer.com/youtube/channel/UCuGLgZ0WBJRAjtFumTjR-iw,-10,badcase,无相关标签，近期是其他设备拆装维护，和吸尘器推广无关
5123,UCx72ITuj1U8De88BQEqnDfA,One Strange Journey,https://cn--xtb.noxinfluencer.com/youtube/channel/UCx72ITuj1U8De88BQEqnDfA,-7,badcase,仅有RV生活场景弱相关，近期内容多为房车改装维修，缺少清洁/吸尘器推广语境
5124,UCx3-s0ApHzqOEX11JzGHGiw,safaa kitchen,https://cn--xtb.noxinfluencer.com/youtube/channel/UCx3-s0ApHzqOEX11JzGHGiw,-14,badcase,清洁仅弱支撑，频道近期以博彩扑克、美容和做饭为主，不适合吸尘器推广
5125,UCGYE97MMO2KlTFDFJhbU6Qw,Spark Strange Scoops,https://cn--xtb.noxinfluencer.com/youtube/channel/UCGYE97MMO2KlTFDFJhbU6Qw,-15,badcase,标签和近期都是泛娱乐/搞笑测试内容，没有吸尘器相关购买或评测信号
5126,UCgejpmVxkAjUfCkcEva-Mng,BD AgroTips,https://cn--xtb.noxinfluencer.com/youtube/channel/UCgejpmVxkAjUfCkcEva-Mng,-9,badcase,农业钓鱼频道，近10条内容都无吸尘器相关推广场景
5127,UCGtnSdFKdIdZzjl5BmwzIDA,Remington 870 Blog,https://cn--xtb.noxinfluencer.com/youtube/channel/UCGtnSdFKdIdZzjl5BmwzIDA,-9,badcase,枪械训练内容为主，与吸尘器推广场景不相干
5129,UCX5K0i06vLFO6wFnBKtQ78w,CHUCHO LO QUE TIRAN OFICIAL,https://cn--xtb.noxinfluencer.com/youtube/channel/UCX5K0i06vLFO6wFnBKtQ78w,-8,badcase,捡漏垃圾内容为主，和吸尘器推广关联很弱
5130,UC2x3ohywPrCc2GXXu2blmAA,제인 ASMR Jane,https://cn--xtb.noxinfluencer.com/youtube/channel/UC2x3ohywPrCc2GXXu2blmAA,-25,badcase,ASMR娱乐频道，属于吸尘器等实体产品的强格式错配
5133,UC86bNVTL4x2M-MakQ1nZxjA,Ameson Packaging,https://cn--xtb.noxinfluencer.com/youtube/channel/UC86bNVTL4x2M-MakQ1nZxjA,-20,badcase,工业包装频道，和家用吸尘器推广场景明显不符
5134,UCU7SOQlaAKQ1acQxDkf8Ybg,Baish LTD,https://cn--xtb.noxinfluencer.com/youtube/channel/UCU7SOQlaAKQ1acQxDkf8Ybg,-25,badcase,电子烟垂直频道，与吸尘器产品推广完全不相关
5135,UCZAJDiBDAxIn4RYaSwx-VIA,Tech Commander Repairs,https://cn--xtb.noxinfluencer.com/youtube/channel/UCZAJDiBDAxIn4RYaSwx-VIA,-8,badcase,修理类频道偏游戏机/手机维修，和吸尘器受众错位
5136,UC7llwUnHdx_N6JFS2e8ooaw,Amir's House,https://cn--xtb.noxinfluencer.com/youtube/channel/UC7llwUnHdx_N6JFS2e8ooaw,-25,badcase,儿童科学/玩具内容为主，与吸尘器推广场景明显不符
5137,UCHgSrfXVY_Y2i-gGfzrHruw,Better Silicone,https://cn--xtb.noxinfluencer.com/youtube/channel/UCHgSrfXVY_Y2i-gGfzrHruw,-10,badcase,频道聚焦硅胶制造流程，与吸尘器推广无关，近10条也全部不匹配
5138,UCP2oBQR8uCek9l3CBj_AjMw,Thiên Nga Official,https://cn--xtb.noxinfluencer.com/youtube/channel/UCP2oBQR8uCek9l3CBj_AjMw,-10,badcase,以烹饪/动物短视频为主，无清洁家电相关，近10条全不匹配
5139,UCIKpSMYffFxihYDlNof7hQA,Copper Barn Homestead,https://cn--xtb.noxinfluencer.com/youtube/channel/UCIKpSMYffFxihYDlNof7hQA,-9,badcase,农场/拖拉机内容为主，近10条无吸尘器相关，推广相关性弱
5140,UCBDNTG-al0FO4AvOD3rgy7A,ALAVA,https://cn--xtb.noxinfluencer.com/youtube/channel/UCBDNTG-al0FO4AvOD3rgy7A,-20,badcase,频道主攻农业机械，与家用吸尘器推广场景明显不匹配
5141,UCt2RWJF-54dArXTtt9c1ehQ,MadVictor,https://cn--xtb.noxinfluencer.com/youtube/channel/UCt2RWJF-54dArXTtt9c1ehQ,-10,badcase,短视频杂内容，近期皆泛娱乐科普，与吸尘器推广无关
5142,UC3xlRFC-pycaSNx3A70PI-w,Mower Mike,https://cn--xtb.noxinfluencer.com/youtube/channel/UC3xlRFC-pycaSNx3A70PI-w,-24,badcase,频道聚焦割草机/车辆维修评测，近期内容与吸尘器推广不匹配
5143,UC1cYwE6l7-7aOCdy9-fQZ_g,dhjklp,https://cn--xtb.noxinfluencer.com/youtube/channel/UC1cYwE6l7-7aOCdy9-fQZ_g,-25,badcase,纯喜剧剧情号，娱乐属性强，属明显不适配场景
5144,UC6bMcpc923A3OMgGMvta4bw,anuja autotech,https://cn--xtb.noxinfluencer.com/youtube/channel/UC6bMcpc923A3OMgGMvta4bw,-25,badcase,汽车维修频道，与家用吸尘器推广场景明显不匹配
5145,UC8lNlpYl6_rOMWEMErCsiRg,Barry Johns Studio Talk,https://cn--xtb.noxinfluencer.com/youtube/channel/UC8lNlpYl6_rOMWEMErCsiRg,-10,badcase,音乐制作/录音频道，内容域偏离家电推广场景
5147,UCh6c5LyDPipQIytqqnF3G-w,QQ Toys TV,https://cn--xtb.noxinfluencer.com/youtube/channel/UCh6c5LyDPipQIytqqnF3G-w,-10,badcase,车辆声音/儿童学习内容，和吸尘器推广无关
5148,UCZ6EZ7P9uuMv133bMmYkV1g,Kooky Craftables,https://cn--xtb.noxinfluencer.com/youtube/channel/UCZ6EZ7P9uuMv133bMmYkV1g,-10,badcase,手工打印机测评为主，和吸尘器受众不匹配
5149,UCB9U4aDLmR8p8zMT2pa90CQ,Restored Reality,https://cn--xtb.noxinfluencer.com/youtube/channel/UCB9U4aDLmR8p8zMT2pa90CQ,-22,badcase,动画短片和故事内容为主，属强格式不匹配
5153,UCfr5LOcf1iwrz9CcQ-MlpsQ,KRAFTY,https://cn--xtb.noxinfluencer.com/youtube/channel/UCfr5LOcf1iwrz9CcQ-MlpsQ,-6,badcase,工具发明偏泛，近期都是工具爽感内容，吸尘器关联弱
5154,UCvMHTWGHGTDPvCS8KE3HhMg,ASMR SATISFYING,https://cn--xtb.noxinfluencer.com/youtube/channel/UCvMHTWGHGTDPvCS8KE3HhMg,-35,badcase,ASMR/动画清洁是明显格式错配，不适合吸尘器推广
5155,UCwxUEPnd4OGswQTr0PU0riw,Sandy's Smart Finds,https://cn--xtb.noxinfluencer.com/youtube/channel/UCwxUEPnd4OGswQTr0PU0riw,-10,badcase,无标签且近期多为补剂/生活内容，和吸尘器推广不符
5156,UCuGLgZ0WBJRAjtFumTjR-iw,DLXTechnology,https://cn--xtb.noxinfluencer.com/youtube/channel/UCuGLgZ0WBJRAjtFumTjR-iw,-10,badcase,近10条全不相关，内容偏设备维护，和vacuum cleaner推广不匹配
5157,UCx72ITuj1U8De88BQEqnDfA,One Strange Journey,https://cn--xtb.noxinfluencer.com/youtube/channel/UCx72ITuj1U8De88BQEqnDfA,-10,badcase,RV生活/改装频道，近10条均非清洁器具内容，相关性弱
5158,UCRpHQxjQmue036FOlT5Uryg,SPLATZ,https://cn--xtb.noxinfluencer.com/youtube/channel/UCRpHQxjQmue036FOlT5Uryg,-10,badcase,机车/越野短视频频道，内容域与vacuum cleaner推广完全不搭
5159,UCgejpmVxkAjUfCkcEva-Mng,BD AgroTips,https://cn--xtb.noxinfluencer.com/youtube/channel/UCgejpmVxkAjUfCkcEva-Mng,-10,badcase,以野生动物/趣味POV为主，近10条全不属清洁器具场景
5160,UCGtnSdFKdIdZzjl5BmwzIDA,Remington 870 Blog,https://cn--xtb.noxinfluencer.com/youtube/channel/UCGtnSdFKdIdZzjl5BmwzIDA,-10,badcase,枪械训练/测评频道，受众与vacuum cleaner推广场景不相干
5161,UCAPwx5yhZZQ0ZyUUAL0cttg,Lumafield,https://cn--xtb.noxinfluencer.com/youtube/channel/UCAPwx5yhZZQ0ZyUUAL0cttg,-9,badcase,工业CT检测向，只有泛科技弱相关，和吸尘器推广不符
5163,UCX5K0i06vLFO6wFnBKtQ78w,CHUCHO LO QUE TIRAN OFICIAL,https://cn--xtb.noxinfluencer.com/youtube/channel/UCX5K0i06vLFO6wFnBKtQ78w,-10,badcase,捡拾废弃物内容，和吸尘器购买推广场景基本不搭
5164,UCYTFpS4_0691EinqGfrbrtw,Catty Mukbang,https://cn--xtb.noxinfluencer.com/youtube/channel/UCYTFpS4_0691EinqGfrbrtw,-25,badcase,动画ASMR娱乐频道，属于强格式错配，几乎不适合推吸尘器
5165,UC2x3ohywPrCc2GXXu2blmAA,제인 ASMR Jane,https://cn--xtb.noxinfluencer.com/youtube/channel/UC2x3ohywPrCc2GXXu2blmAA,-25,badcase,ASMR/吃播型内容与吸尘器产品推广存在明显格式错配
5167,UCMBvtJ2PvOAFsJlTbaHkszQ,Cloud's Diamond Sharpening,https://cn--xtb.noxinfluencer.com/youtube/channel/UCMBvtJ2PvOAFsJlTbaHkszQ,-10,badcase,剪刀/推剪维护频道，和吸尘器产品推广不相干
5169,UC86bNVTL4x2M-MakQ1nZxjA,Ameson Packaging,https://cn--xtb.noxinfluencer.com/youtube/channel/UC86bNVTL4x2M-MakQ1nZxjA,-10,badcase,包装工业内容为主，和家用吸尘器推广不匹配
5170,UCU7SOQlaAKQ1acQxDkf8Ybg,Baish LTD,https://cn--xtb.noxinfluencer.com/youtube/channel/UCU7SOQlaAKQ1acQxDkf8Ybg,-25,badcase,vape垂类与吸尘器完全不同，受众不适合
5171,UCZAJDiBDAxIn4RYaSwx-VIA,Tech Commander Repairs,https://cn--xtb.noxinfluencer.com/youtube/channel/UCZAJDiBDAxIn4RYaSwx-VIA,-9,badcase,仅有泛化电子维修信号，近10条全是PS5/Xbox维修，与吸尘器推广不匹配
5172,UC7llwUnHdx_N6JFS2e8ooaw,Amir's House,https://cn--xtb.noxinfluencer.com/youtube/channel/UC7llwUnHdx_N6JFS2e8ooaw,-10,badcase,儿童科普/玩具内容，近10条均为实验与烘焙，吸尘器推广相关性弱
5173,UCP2oBQR8uCek9l3CBj_AjMw,Thiên Nga Official,https://cn--xtb.noxinfluencer.com/youtube/channel/UCP2oBQR8uCek9l3CBj_AjMw,-25,badcase,停格/ASMR娱乐型频道，近10条为做饭与动物趣味内容，属格式错配
5174,UCIKpSMYffFxihYDlNof7hQA,Copper Barn Homestead,https://cn--xtb.noxinfluencer.com/youtube/channel/UCIKpSMYffFxihYDlNof7hQA,-9,badcase,农场纪录与器械维修为主，只有泛化home信号，近10条与吸尘器不符
5175,UCBDNTG-al0FO4AvOD3rgy7A,ALAVA,https://cn--xtb.noxinfluencer.com/youtube/channel/UCBDNTG-al0FO4AvOD3rgy7A,-25,badcase,农业机械频道，内容集中在农具与收割机，和家用吸尘器推广明显不符
5176,UCs_i8wRhhhUL6UifQbnOFsQ,Mudford Garage,https://cn--xtb.noxinfluencer.com/youtube/channel/UCs_i8wRhhhUL6UifQbnOFsQ,-24,badcase,汽车/赛事/ATV频道，与吸尘器家电推广场景不符
5177,UCt2RWJF-54dArXTtt9c1ehQ,MadVictor,https://cn--xtb.noxinfluencer.com/youtube/channel/UCt2RWJF-54dArXTtt9c1ehQ,-20,badcase,短视频娱乐型频道，内容与吸尘器推广场景和购买意图都不匹配
5178,UC3xlRFC-pycaSNx3A70PI-w,Mower Mike,https://cn--xtb.noxinfluencer.com/youtube/channel/UC3xlRFC-pycaSNx3A70PI-w,-4,badcase,频道聚焦割草机维修评测，非吸尘器；近期内容几乎不匹配
5179,UC6bMcpc923A3OMgGMvta4bw,anuja autotech,https://cn--xtb.noxinfluencer.com/youtube/channel/UC6bMcpc923A3OMgGMvta4bw,-25,badcase,汽车维修频道，与家用吸尘器推广场景明显不符
5180,UC8lNlpYl6_rOMWEMErCsiRg,Barry Johns Studio Talk,https://cn--xtb.noxinfluencer.com/youtube/channel/UC8lNlpYl6_rOMWEMErCsiRg,-10,badcase,音乐制作频道，受众与家用吸尘器投放场景不一致
5182,UCh6c5LyDPipQIytqqnF3G-w,QQ Toys TV,https://cn--xtb.noxinfluencer.com/youtube/channel/UCh6c5LyDPipQIytqqnF3G-w,-10,badcase,车辆名称与声音启蒙频道，和吸尘器推广几乎无关
5183,UCZ6EZ7P9uuMv133bMmYkV1g,Kooky Craftables,https://cn--xtb.noxinfluencer.com/youtube/channel/UCZ6EZ7P9uuMv133bMmYkV1g,-10,badcase,手工纸艺为主，近期虽有设备评测，但与吸尘器弱相关
5184,UCTXvLLazdkGh7bgpjrf2QPg,𝗠𝗢𝗭𝗧𝗘𝗖𝗛 𝗢𝗳𝗳𝗶𝗰𝗶𝗮𝗹,https://cn--xtb.noxinfluencer.com/youtube/channel/UCTXvLLazdkGh7bgpjrf2QPg,-10,badcase,以充电宝和手机科技为主，和吸尘器品类不匹配
5186,UC9fRZxM9r6hyI0PxeOVOeIA,Refrigeracion Transferencia Del Calor,https://cn--xtb.noxinfluencer.com/youtube/channel/UC9fRZxM9r6hyI0PxeOVOeIA,-5,badcase,以家电维修为主，但无吸尘器相关信号，近10条全是其他家电内容
5187,UCD4moTupT1SIrkUOh9iADXA,Bang hendra,https://cn--xtb.noxinfluencer.com/youtube/channel/UCD4moTupT1SIrkUOh9iADXA,-25,badcase,以娱乐短视频为主，缺少清洁家电/测评购买意图，近期内容也不匹配
5188,UCKWAYTNQYDkzJrqSwPX7TYQ,VINKOO FACT,https://cn--xtb.noxinfluencer.com/youtube/channel/UCKWAYTNQYDkzJrqSwPX7TYQ,-5,badcase,无相关标签，近期内容偏科技泛娱乐，缺少家电/购买意图
5189,UC3f_geA-K4xAAb1kSjkRocA,AttractionPedia,https://cn--xtb.noxinfluencer.com/youtube/channel/UC3f_geA-K4xAAb1kSjkRocA,-20,badcase,娱乐资讯短内容为主，近期内容与吸尘器推广不匹配
5190,UClc1cqrmXB_Xhn8p4DCTSKw,FUFUSQUISHY_PACKINGORDER,https://cn--xtb.noxinfluencer.com/youtube/channel/UClc1cqrmXB_Xhn8p4DCTSKw,-25,badcase,以ASMR清洁搓捏为主，最近内容与吸尘器推广场景明显不符
5191,UCc9IrdGTqpM03j0J_C99ZPA,Tobi's Real Life Skills  (with Tobi),https://cn--xtb.noxinfluencer.com/youtube/channel/UCc9IrdGTqpM03j0J_C99ZPA,-10,badcase,电池/户外电源频道，与吸尘器家电推广无关，近10条也无相关内容
5192,UCTCiACjgCPE38360e9B33tw,MERINA,https://cn--xtb.noxinfluencer.com/youtube/channel/UCTCiACjgCPE38360e9B33tw,-10,badcase,减脂生活vlog为主，缺少家电/清洁/测评语境，近期也不匹配
5193,UC2NX4XWeEcili5CGYf6WOYA,Mr Detailing,https://cn--xtb.noxinfluencer.com/youtube/channel/UC2NX4XWeEcili5CGYf6WOYA,-9,badcase,工坊工具内容有少量DIY受众，但偏机械加工，不是吸尘器推广场景
5195,UCguh-c9kStooH_18ze6_UrQ,robdude1969,https://cn--xtb.noxinfluencer.com/youtube/channel/UCguh-c9kStooH_18ze6_UrQ,-10,badcase,鸟类/宠物/车辆杂内容为主，和吸尘器推广缺乏受众与场景重叠
5196,UCis1tJ1BXym6iDmp5fsDD4g,Stacy the Rooster,https://cn--xtb.noxinfluencer.com/youtube/channel/UCis1tJ1BXym6iDmp5fsDD4g,-25,badcase,屠宰/剥皮/农场内容与吸尘器推广高度不符
5197,UCO4AaIooUgGTlBH64KWO76w,FarmCraft101,https://cn--xtb.noxinfluencer.com/youtube/channel/UCO4AaIooUgGTlBH64KWO76w,-10,badcase,频道聚焦农机维修与重型设备，近10条内容全不相关
5198,UC3YHnQsq63BWIrmju3nERdA,The Shed Productions,https://cn--xtb.noxinfluencer.com/youtube/channel/UC3YHnQsq63BWIrmju3nERdA,-9,badcase,仅有泛化产品评测标签，近期内容全是烟感/车库门，和吸尘器推广不符
5199,UC9r1EH5qYGYGECrQiAk10_g,NV NAZMUL VRO,https://cn--xtb.noxinfluencer.com/youtube/channel/UC9r1EH5qYGYGECrQiAk10_g,-20,badcase,娱乐短视频号，近期内容全不匹配吸尘器推广
5200,UCCyFq4mNUXCSd-CnpT1rmRQ,Audri Loveberry,https://cn--xtb.noxinfluencer.com/youtube/channel/UCCyFq4mNUXCSd-CnpT1rmRQ,-9,badcase,仅有泛清洁标签，近10条以生活/美妆vlog为主，缺少吸尘器推广场景
5201,UCR1ksygazAOr59yLZ4Mp5tA,Sprinkler Warehouse,https://cn--xtb.noxinfluencer.com/youtube/channel/UCR1ksygazAOr59yLZ4Mp5tA,-10,badcase,喷灌维修/灌溉频道，与吸尘器推广无关
5202,UCnH9w4ZpZUwkzQs237tX7iQ,Willfer,https://cn--xtb.noxinfluencer.com/youtube/channel/UCnH9w4ZpZUwkzQs237tX7iQ,-25,badcase,游戏娱乐频道，和吸尘器推广场景明显不符
5203,UCfwpUynYBlmM-77IFmtnAUA,Daft Pink Art,https://cn--xtb.noxinfluencer.com/youtube/channel/UCfwpUynYBlmM-77IFmtnAUA,-25,badcase,ASMR手作/摆设频道，属于强格式不匹配
5204,UC8qItfbfjSD45q02RQ413JQ,ROYS MAKER,https://cn--xtb.noxinfluencer.com/youtube/channel/UC8qItfbfjSD45q02RQ413JQ,-9,badcase,家居手作偏装饰，和吸尘器仅有很弱的场景重叠
5205,UCQqJRc2MMJ7a2R3KuO_UZjA,Geena Lillian,https://cn--xtb.noxinfluencer.com/youtube/channel/UCQqJRc2MMJ7a2R3KuO_UZjA,-16,badcase,读书生活频道，清洁场景很少，不适合吸尘器推广
5206,UCwGhLnC1vO8lNi5L-Mpx6ww,Kern Laser Systems,https://cn--xtb.noxinfluencer.com/youtube/channel/UCwGhLnC1vO8lNi5L-Mpx6ww,-10,badcase,激光切割/Hobby频道，与吸尘器推广无关，近期内容也完全不匹配
5207,UCxkIQ_dv7psCPRTQp7IMgfw,Manh Phan Funny,https://cn--xtb.noxinfluencer.com/youtube/channel/UCxkIQ_dv7psCPRTQp7IMgfw,-25,badcase,娱乐短视频频道，和吸尘器推广场景不匹配
5209,UCLqCK2sGmkaE9LE-Z-bSoOw,Mico White,https://cn--xtb.noxinfluencer.com/youtube/channel/UCLqCK2sGmkaE9LE-Z-bSoOw,-5,badcase,仅有泛产品评测标签，近期内容与吸尘器推广无关
5210,UCcdqGj5Q-UqMcd3-Iqa921A,parristx,https://cn--xtb.noxinfluencer.com/youtube/channel/UCcdqGj5Q-UqMcd3-Iqa921A,-10,badcase,近10条多为健康/治疗/个人生活，缺少清洁家电或评测购买语境
5211,UCW_k3mq7G7YlsJVVbkPu3NQ,Rachel | Reading Faerie,https://cn--xtb.noxinfluencer.com/youtube/channel/UCW_k3mq7G7YlsJVVbkPu3NQ,-10,badcase,读书/书评频道，和吸尘器推广无关，近10条内容全不匹配
5212,UCBdcLIFLCdqshC-Ez7JSQvQ,ПРОСТО ПРОВЕРЬ,https://cn--xtb.noxinfluencer.com/youtube/channel/UCBdcLIFLCdqshC-Ez7JSQvQ,-10,badcase,以验伪、家居偏方和养生为主，缺少家电测评或购买语境
5213,UCqJqilqxzyhP1QbjAY2MIyg,The Yarn Tales,https://cn--xtb.noxinfluencer.com/youtube/channel/UCqJqilqxzyhP1QbjAY2MIyg,-25,badcase,ASMR娱乐+动物纪录片为主，明显不适合家电推广
5214,UC644dWndezCabQK5kHkomWg,Relax Your Pets,https://cn--xtb.noxinfluencer.com/youtube/channel/UC644dWndezCabQK5kHkomWg,-25,badcase,狗狗音乐陪伴频道，面向宠物而非人用吸尘器
5215,UCY-9yXL2D9FB5s5jxVsLPvw,Makers Corner,https://cn--xtb.noxinfluencer.com/youtube/channel/UCY-9yXL2D9FB5s5jxVsLPvw,-7,badcase,3D打印DIY为主，仅有泛动手属性，缺少清洁家电意图
5217,UCOfSatGfGMCVHViBCd4_rOA,Julie Khuu,https://cn--xtb.noxinfluencer.com/youtube/channel/UCOfSatGfGMCVHViBCd4_rOA,-2,badcase,家居装修相关，但更偏设计装修，吸尘器推广只有弱场景相关
5218,UC-Xo8wKnbJ-cwqvTvP78nrA,ZenASMR,https://cn--xtb.noxinfluencer.com/youtube/channel/UC-Xo8wKnbJ-cwqvTvP78nrA,-35,badcase,ASMR音频型频道，和吸尘器推广场景强不匹配
5219,UCbVn0hEeftT8pedWJJjYhuw,My Old Plumber,https://cn--xtb.noxinfluencer.com/youtube/channel/UCbVn0hEeftT8pedWJJjYhuw,-9,badcase,以管道维修为主，和吸尘器推广关联弱
5220,UCaYGZv7zvfNKhbyBchy1eNg,FIP IIT - JEE NEET,https://cn--xtb.noxinfluencer.com/youtube/channel/UCaYGZv7zvfNKhbyBchy1eNg,-10,badcase,纯科学教育内容，缺少家电购买或测评语境
5221,UCVTLrZu2XhXQYgA_5fs7FMQ,ProMaster Home Repair & Handyman of Cincinnati,https://cn--xtb.noxinfluencer.com/youtube/channel/UCVTLrZu2XhXQYgA_5fs7FMQ,-8,badcase,家装/维修受众偏泛，缺少清洁家电或测评采购意图，近10条也不匹配
5222,UCKfN_pFH2mJ_IaXH4VqdE0Q,The Adventurous Entrepreneur,https://cn--xtb.noxinfluencer.com/youtube/channel/UCKfN_pFH2mJ_IaXH4VqdE0Q,-8,badcase,DIY/翻新受众泛化，未见吸尘器相关产品意图，近期内容多为施工维修
5223,UCtruoc5TBUdp-6kE9T4xd1A,Rogue Wrenching,https://cn--xtb.noxinfluencer.com/youtube/channel/UCtruoc5TBUdp-6kE9T4xd1A,-10,badcase,汽车维修为主，和家用吸尘器推广场景不匹配，近期也无相关内容
5224,UCinUVVBh5KH1053utLIyvUg,Joe's Outdoor Places,https://cn--xtb.noxinfluencer.com/youtube/channel/UCinUVVBh5KH1053utLIyvUg,-22,badcase,户外ASMR/氛围型频道，属于明显的产品推广格式错配
5225,UCX1ztT76CZfs29aGK9Nn7_A,Corporals Corner,https://cn--xtb.noxinfluencer.com/youtube/channel/UCX1ztT76CZfs29aGK9Nn7_A,-10,badcase,露营生存内容与家用吸尘器推广关联弱，近期内容也不支持
5228,UCLiBkXUADXn63NxKV3F1i0A,Solar Surron,https://cn--xtb.noxinfluencer.com/youtube/channel/UCLiBkXUADXn63NxKV3F1i0A,-25,badcase,电助力车垂类，和吸尘器投放主题明显不匹配
5229,UCioy0YS8uVlsqh8VL9Edfwg,Powered With Johnny!,https://cn--xtb.noxinfluencer.com/youtube/channel/UCioy0YS8uVlsqh8VL9Edfwg,-25,badcase,以电动车评测为主，和吸尘器推广受众完全不重合
5230,UC5mbdMnTR5QX0QQRb7lUXwQ,Família Schinemann,https://cn--xtb.noxinfluencer.com/youtube/channel/UC5mbdMnTR5QX0QQRb7lUXwQ,-20,badcase,核心是垃圾捡漏内容，与吸尘器推广场景明显不符
5231,UCPI4ORewTha_IdjG957Ei9Q,Requested Reality,https://cn--xtb.noxinfluencer.com/youtube/channel/UCPI4ORewTha_IdjG957Ei9Q,-25,badcase,娱乐剧情频道，近10条全不匹配吸尘器推广
5232,UCgou-FqaIUTztdvKYcsk2WA,"Jinan Style Machinery Co.,Ltd - STYLECNC",https://cn--xtb.noxinfluencer.com/youtube/channel/UCgou-FqaIUTztdvKYcsk2WA,-10,badcase,工业激光/CNC频道，和家用吸尘器受众不符
5234,UCmYG-6YoGA2k62p4VwKdSsw,Healthy Dad Hacks,https://cn--xtb.noxinfluencer.com/youtube/channel/UCmYG-6YoGA2k62p4VwKdSsw,-5,badcase,仅有泛产品评测标签，近期内容多为球星卡/怀旧，缺少吸尘器场景
5235,UCHYD8GHnb6wXaDIjorirZLQ,Urban Backyard Container Gardening - UBCG,https://cn--xtb.noxinfluencer.com/youtube/channel/UCHYD8GHnb6wXaDIjorirZLQ,-9,badcase,内容以园艺为主，与吸尘器推广场景明显不符
5236,UC9C9mGazv3derTuuFAyJp-Q,myraaa,https://cn--xtb.noxinfluencer.com/youtube/channel/UC9C9mGazv3derTuuFAyJp-Q,-10,badcase,生活/汽车向日常，近10条几乎无清洁相关
5237,UCqRw89SMwSMJ7xl2D9Svrsw,CarHax Shorts,https://cn--xtb.noxinfluencer.com/youtube/channel/UCqRw89SMwSMJ7xl2D9Svrsw,-10,badcase,修车机械内容为主，缺少清洁/购买场景
5238,UC7k1UgPi8WqX96-dpULbX7A,Baimo,https://cn--xtb.noxinfluencer.com/youtube/channel/UC7k1UgPi8WqX96-dpULbX7A,-10,badcase,航空飞机内容，和吸尘器推广场景基本无关
5240,UClrQm27dsPCKdnDXh1FS__Q,SpoonWarrior15,https://cn--xtb.noxinfluencer.com/youtube/channel/UClrQm27dsPCKdnDXh1FS__Q,-25,badcase,喜剧演绎频道，属于明显格式不匹配
5241,UCxuBe-T9pG4AkYxSYRg9Zhg,Lyssy's Life,https://cn--xtb.noxinfluencer.com/youtube/channel/UCxuBe-T9pG4AkYxSYRg9Zhg,-20,badcase,娱乐/抓娃娃频道，和吸尘器推广场景不匹配
5242,UCw-MTb7Lucy7Fk4LRmP5wQw,lifewjan,https://cn--xtb.noxinfluencer.com/youtube/channel/UCw-MTb7Lucy7Fk4LRmP5wQw,-4,badcase,清洁仅弱相关，近期多为自护卫生内容，缺少吸尘器推广场景
5244,UCNutCLP7G8gRrASkUtyNKMw,Minh Huy LQ,https://cn--xtb.noxinfluencer.com/youtube/channel/UCNutCLP7G8gRrASkUtyNKMw,-25,badcase,农业收割机频道，和吸尘器投放完全不相干
5245,UCD0oHFCVwd5-2U_1eY2i3Ug,Vinyl Latte,https://cn--xtb.noxinfluencer.com/youtube/channel/UCD0oHFCVwd5-2U_1eY2i3Ug,-20,badcase,音乐唱片内容为主，不适合吸尘器投放
5246,UCUFz6MTwelEb47MrQafne5w,Craig Kilgore,https://cn--xtb.noxinfluencer.com/youtube/channel/UCUFz6MTwelEb47MrQafne5w,-5,badcase,消费电子评测相邻但聚焦影像直播设备，无清洁家电内容
5247,UCF8QhTd3L6LQLciMAJX2sOw,DeathBlaster,https://cn--xtb.noxinfluencer.com/youtube/channel/UCF8QhTd3L6LQLciMAJX2sOw,-25,badcase,ASMR/短视频娱乐向，和物理产品推广格式强不匹配
5248,UClgXT_rvzMHaJESHXsXAhEw,This Life Outdoors,https://cn--xtb.noxinfluencer.com/youtube/channel/UClgXT_rvzMHaJESHXsXAhEw,-10,badcase,户外/DIY为主，最近内容全偏离家用吸尘器
5249,UCEBUyQzglLRDxcpJNT8R-oQ,Streamyard,https://cn--xtb.noxinfluencer.com/youtube/channel/UCEBUyQzglLRDxcpJNT8R-oQ,-10,badcase,直播工具与内容创作向，缺少家电/评测语境
9501,UCNLwnIplkJUjZ2D8cBT7l8w,Harvest Homesteaders,https://cn--xtb.noxinfluencer.com/youtube/channel/UCNLwnIplkJUjZ2D8cBT7l8w,-10,badcase,农场宠物生活为主，近10条无清洁或家电场景，推广承接弱
9502,UCBtwLVQTAs591IciLgGFLiA,Dan The Man,https://cn--xtb.noxinfluencer.com/youtube/channel/UCBtwLVQTAs591IciLgGFLiA,-25,badcase,纯游戏娱乐频道，和吸尘器推广场景明显不匹配
9503,UCcwgcUTmeoFcJXBC221IhQw,THE GOLDEN AGE OF HEALTH,https://cn--xtb.noxinfluencer.com/youtube/channel/UCcwgcUTmeoFcJXBC221IhQw,-10,badcase,老年健康内容为主，近10条全是保健话题，缺少家居清洁场景
9505,UCIxIrXX87_Mn03CAIf2bDPA,Lydia Patel,https://cn--xtb.noxinfluencer.com/youtube/channel/UCIxIrXX87_Mn03CAIf2bDPA,-10,badcase,内容是Airbnb/房产经营，近10条全不相关，缺少清洁器具推广场景
9506,UCDND8kF3xsIKkfpRZAqnP0A,Poc Network // Tech,https://cn--xtb.noxinfluencer.com/youtube/channel/UCDND8kF3xsIKkfpRZAqnP0A,-5,badcase,科技评测型频道，可沾边，但缺少吸尘器/清洁类内容
9507,UC0lrlo2Pz2P0ivgWo-Z-MBg,Jessuf247,https://cn--xtb.noxinfluencer.com/youtube/channel/UC0lrlo2Pz2P0ivgWo-Z-MBg,-10,badcase,加密货币短视频号，和吸尘器推广无关
9508,UCZLs7xtNEc49KzgZKL8nTxg,Robbins Sawmill & Outdoors,https://cn--xtb.noxinfluencer.com/youtube/channel/UCZLs7xtNEc49KzgZKL8nTxg,-10,badcase,锯木/户外内容，和吸尘器购买场景不相关
9510,UCAUxnwKyiyXg_z4I3TMrLdA,Rachel Strickland,https://cn--xtb.noxinfluencer.com/youtube/channel/UCAUxnwKyiyXg_z4I3TMrLdA,-10,badcase,频道偏二手转卖和服饰清洁，和吸尘器推广基本无关
9511,UCntnJt7w-nfdG37GR0_7pYQ,Red Bearded Builder,https://cn--xtb.noxinfluencer.com/youtube/channel/UCntnJt7w-nfdG37GR0_7pYQ,-8,badcase,建造/家居向，缺少清洁器具购买或评测语境
9514,UCNjMDs8ff658yDpNvv0UeSg,Stevebot,https://cn--xtb.noxinfluencer.com/youtube/channel/UCNjMDs8ff658yDpNvv0UeSg,-25,badcase,游戏直播为主，与吸尘器推广场景明显不匹配
9515,UC7osjFk2g-4evpykZhulbxw,Loiss!,https://cn--xtb.noxinfluencer.com/youtube/channel/UC7osjFk2g-4evpykZhulbxw,-10,badcase,生活vlog/护肤为主，缺少家电评测和清洁场景
9516,UCX4XIomEJQ0wjmkHZ4N-Fww,Damarcco,https://cn--xtb.noxinfluencer.com/youtube/channel/UCX4XIomEJQ0wjmkHZ4N-Fww,-25,badcase,整蛊娱乐频道，内容与吸尘器投放受众和场景都不匹配
9518,UC6xAWB5gVLU2l1bnGo-t8dw,StylerTheSam,https://cn--xtb.noxinfluencer.com/youtube/channel/UC6xAWB5gVLU2l1bnGo-t8dw,-25,badcase,剃发频道，最近全是mundan系列，和吸尘器完全不相干
9519,UCDvS5ZPEeyxv35T5ocqelKw,Rodney Hunt,https://cn--xtb.noxinfluencer.com/youtube/channel/UCDvS5ZPEeyxv35T5ocqelKw,-23,badcase,频道主打DIY太阳能/电池内容，近期无吸尘器或家电推广相关。
9520,UCaMA2T3UQR0ywpjnJL0Ms5Q,Clean Intermittent Fasting and OMAD,https://cn--xtb.noxinfluencer.com/youtube/channel/UCaMA2T3UQR0ywpjnJL0Ms5Q,-10,badcase,健康断食频道，和吸尘器缺少产品或场景关联
9521,UCEkqyXhYblMfsG7Uk5Zflxw,Jay Carver,https://cn--xtb.noxinfluencer.com/youtube/channel/UCEkqyXhYblMfsG7Uk5Zflxw,-25,badcase,影视娱乐频道，和吸尘器推广场景完全不搭
9522,UCevv4Mmjcs6liiEXqmKGOWg,Vidy G,https://cn--xtb.noxinfluencer.com/youtube/channel/UCevv4Mmjcs6liiEXqmKGOWg,-8,badcase,仅有妈妈vlog弱场景，近期内容无清洁或家电推广语境
9523,UCZqGBF8EEchOXZOfxHdVnCg,TechTales,https://cn--xtb.noxinfluencer.com/youtube/channel/UCZqGBF8EEchOXZOfxHdVnCg,-10,badcase,无吸尘器相关标签或视频，近期内容为泛发明趣闻短内容
9525,UCpp_ZwyiqFuGatPhjSfTIXA,recteq,https://cn--xtb.noxinfluencer.com/youtube/channel/UCpp_ZwyiqFuGatPhjSfTIXA,-25,badcase,烧烤烹饪频道，和吸尘器推广场景明显不符
9527,UCAM_3XdcY8OMAp6pB5KEw-A,Coverado,https://cn--xtb.noxinfluencer.com/youtube/channel/UCAM_3XdcY8OMAp6pB5KEw-A,-10,badcase,车品账号，内容集中车座套/脚垫，和家用吸尘器推广不匹配
9528,UC8Wct_bD60IBsuA1dkstI5g,GeekWire,https://cn--xtb.noxinfluencer.com/youtube/channel/UC8Wct_bD60IBsuA1dkstI5g,-7,badcase,科技资讯号，只有泛科技标签，近10条均为AI/商业新闻，相关度弱
9529,UCKpeYvX83syV1mytXADpfGg,Kirby,https://cn--xtb.noxinfluencer.com/youtube/channel/UCKpeYvX83syV1mytXADpfGg,-25,badcase,ASMR/whisper内容为主，属于明显格式不匹配，几乎不适合推吸尘器
9530,UCwny-kPWaUvyXDzpFwIM29w,Melissa's Kitchen Table,https://cn--xtb.noxinfluencer.com/youtube/channel/UCwny-kPWaUvyXDzpFwIM29w,-9,badcase,食物/采购频道，近10条偏厨房和食材，和吸尘器推广关联很弱
9532,UCkS2ixoMYBIpU5JlRPHKmyQ,ShootsTuff,https://cn--xtb.noxinfluencer.com/youtube/channel/UCkS2ixoMYBIpU5JlRPHKmyQ,-25,badcase,游戏娱乐垂类，和家用吸尘器推广目标明显不符
9533,UCtk3_c7Nb7tM8DxTgvpLh_g,PavePro Asphalt Solvent and Release Agent,https://cn--xtb.noxinfluencer.com/youtube/channel/UCtk3_c7Nb7tM8DxTgvpLh_g,-25,badcase,道路施工/沥青设备受众，和家用吸尘器完全不是一类
9534,UCC2Up2HQxYHtZxEjaoWNHHA,Tobias Holenstein,https://cn--xtb.noxinfluencer.com/youtube/channel/UCC2Up2HQxYHtZxEjaoWNHHA,-10,badcase,鱼塘/宠物垂类，和家用吸尘器的购买场景不匹配
9535,UCN4nGhJ8VzcXzfcXEE18O8w,Luggage Making Machine | CHAOXU,https://cn--xtb.noxinfluencer.com/youtube/channel/UCN4nGhJ8VzcXzfcXEE18O8w,-10,badcase,工业制袋机械内容，和家用吸尘器推广目标不一致
9536,UCPE978EhoRv09C7n5i8j8Tg,TPOWIS,https://cn--xtb.noxinfluencer.com/youtube/channel/UCPE978EhoRv09C7n5i8j8Tg,-10,badcase,服装测评与cosplay为主，和吸尘器推广无关
9537,UCWjQ9z4CKNpbZnnEhIluwVw,Mcalevy Mithell,https://cn--xtb.noxinfluencer.com/youtube/channel/UCWjQ9z4CKNpbZnnEhIluwVw,-9,badcase,杂项产品测评混杂自然内容，吸尘器受众不稳
9538,UCS_eOZLFRf1fJ-x86Spi-pA,ScrapitJC,https://cn--xtb.noxinfluencer.com/youtube/channel/UCS_eOZLFRf1fJ-x86Spi-pA,-10,badcase,废品回收和养鸡内容，缺少家电推广场景
9539,UC6q12pxjRW3pg4MjfaZxYlQ,Amazing Skill & Technology,https://cn--xtb.noxinfluencer.com/youtube/channel/UC6q12pxjRW3pg4MjfaZxYlQ,-9,badcase,制造工艺和维修向，非吸尘器购买评测场景
9541,UCui5c0YXLbLLHhuJn27XFlA,BuildAlchemy,https://cn--xtb.noxinfluencer.com/youtube/channel/UCui5c0YXLbLLHhuJn27XFlA,-10,badcase,艺术/娱乐/音乐为主，和家用吸尘器推广几乎无关，近期也全不支持
9542,UCTgkvMj3PLNB13-qNy3eXrg,GalinaFedVlogs,https://cn--xtb.noxinfluencer.com/youtube/channel/UCTgkvMj3PLNB13-qNy3eXrg,-5,badcase,家庭生活vlog，仅弱场景相关，近期多为日常非吸尘器内容
9543,UCxbSPPaHZ-OgV_QLCYCSx8g,Adventure Built,https://cn--xtb.noxinfluencer.com/youtube/channel/UCxbSPPaHZ-OgV_QLCYCSx8g,-10,badcase,越野/汽车改装内容为主，缺少清洁或家电购买意图，不适合推吸尘器
9544,UCpnckXRTlb5BwarlJuchgcQ,Zavodnik SFRJ,https://cn--xtb.noxinfluencer.com/youtube/channel/UCpnckXRTlb5BwarlJuchgcQ,-10,badcase,汽车/车库/修车内容占主导，和家用吸尘器推广关联很弱
9545,UCSjTWAzueLmRPGErfIJQ-RA,Cambria,https://cn--xtb.noxinfluencer.com/youtube/channel/UCSjTWAzueLmRPGErfIJQ-RA,-10,badcase,近10条均为生活/礼品类内容，无清洁器或家电购买测试信号
9546,UCR6c_BPnP1aUGx7bblu911w,Comy Zomy - Nursery Rhymes & Kids Songs,https://cn--xtb.noxinfluencer.com/youtube/channel/UCR6c_BPnP1aUGx7bblu911w,-25,badcase,儿童儿歌频道，受众和内容都与吸尘器促销不符
9549,UCM7veNSEv3og0ItBjrBvorw,idrizone,https://cn--xtb.noxinfluencer.com/youtube/channel/UCM7veNSEv3og0ItBjrBvorw,-25,badcase,以静态艺术和氛围音为主，属于明显的促销形式不匹配
9550,UCFJcu7Lj_qmYuPhMAerryUA,Google.org,https://cn--xtb.noxinfluencer.com/youtube/channel/UCFJcu7Lj_qmYuPhMAerryUA,-10,badcase,公益知识向频道，缺少商品测评或购买导向，相关性弱
9551,UCJjdch1py9Moz126daEkBGg,mechmanalternators,https://cn--xtb.noxinfluencer.com/youtube/channel/UCJjdch1py9Moz126daEkBGg,-10,badcase,车辆发电机频道，和家用吸尘器推广不相关
9552,UCYD5dYwzQcLsBwkQFTR_a0A,Casa Refined VLOGS,https://cn--xtb.noxinfluencer.com/youtube/channel/UCYD5dYwzQcLsBwkQFTR_a0A,-5,badcase,家居生活/装饰Vlog，缺少清洁电器评测或购买意图
9553,UCoHXVevi_VTYMJwR9xzug6A,Richie Hervig,https://cn--xtb.noxinfluencer.com/youtube/channel/UCoHXVevi_VTYMJwR9xzug6A,-10,badcase,电助力自行车内容，和吸尘器受众完全不符
9554,UCH519HZjjYo2yYlt4OPDXWQ,Honest Pick,https://cn--xtb.noxinfluencer.com/youtube/channel/UCH519HZjjYo2yYlt4OPDXWQ,-9,badcase,偏数码测评，虽有SmartHome但近期内容全不相关
9556,UCBdzr941h_u4_v2QxoN3T8A,The Fabric Ninja,https://cn--xtb.noxinfluencer.com/youtube/channel/UCBdzr941h_u4_v2QxoN3T8A,-10,badcase,内容集中在缝纫/手工，缺少吸尘器测评或购买语境
9557,UCrDynZvWVYlfy-0VxAN3tqg,Trucker Jukebox,https://cn--xtb.noxinfluencer.com/youtube/channel/UCrDynZvWVYlfy-0VxAN3tqg,-10,badcase,以卡车和日常更新为主，与吸尘器推广几乎无关
9558,UCOrSBBE5jDADy9mjBeSkpvA,Chili Studio,https://cn--xtb.noxinfluencer.com/youtube/channel/UCOrSBBE5jDADy9mjBeSkpvA,-25,badcase,动画/吃播/ASMR为主，属于物理产品强格式不匹配
9559,UClds1TImZeOYs-vUhiH0FLg,Gracie Terzian,https://cn--xtb.noxinfluencer.com/youtube/channel/UClds1TImZeOYs-vUhiH0FLg,-20,badcase,音乐教学频道，和吸尘器推广场景不匹配
9560,UCWW5r9Kw-meuE6Nv8cU3qRw,Sarbagya Man Shakya,https://cn--xtb.noxinfluencer.com/youtube/channel/UCWW5r9Kw-meuE6Nv8cU3qRw,-10,badcase,频道内容零散偏泛娱乐，与吸尘器推广无明显关联
9561,UCl5HuF4A0eJUCPzXpoZK11g,EEP POWER,https://cn--xtb.noxinfluencer.com/youtube/channel/UCl5HuF4A0eJUCPzXpoZK11g,-10,badcase,电力/太阳能维修频道，最新内容全是逆变器和控制器，不适合吸尘器推广
9562,UC7Kj3SsC-RmXga-XrqwExKw,wisemen trading,https://cn--xtb.noxinfluencer.com/youtube/channel/UC7Kj3SsC-RmXga-XrqwExKw,-9,badcase,刀具户外频道，内容偏刀具/求生工具，与家用吸尘器促销不相关
9563,UCWKKX0EBpngHkEbzQ1rsPQw,EscooterLife,https://cn--xtb.noxinfluencer.com/youtube/channel/UCWKKX0EBpngHkEbzQ1rsPQw,-23,badcase,电动滑板车改装维修频道，与吸尘器推广场景不匹配
9564,UC-SdiwHMuZHjJsxFLXVXC4A,GlambyItti,https://cn--xtb.noxinfluencer.com/youtube/channel/UC-SdiwHMuZHjJsxFLXVXC4A,-10,badcase,美妆穿搭频道，内容与家用清洁器具受众差距大
9565,UCnsLWp0FjAvUxQO4xUL1vzw,Adventures with Trina,https://cn--xtb.noxinfluencer.com/youtube/channel/UCnsLWp0FjAvUxQO4xUL1vzw,-10,badcase,车库机械/改装内容，和吸尘器购买场景不匹配
9566,UCYVUrnJOkXAErJh05hDhSsA,Pursuit of Simplicity,https://cn--xtb.noxinfluencer.com/youtube/channel/UCYVUrnJOkXAErJh05hDhSsA,-9,badcase,生活方式/厨房整理，缺少清洁电器相关内容，近10条都不匹配
9567,UCm1CPs-3TjFhUsPiN8TB_OQ,deleonismoney,https://cn--xtb.noxinfluencer.com/youtube/channel/UCm1CPs-3TjFhUsPiN8TB_OQ,-25,badcase,游戏频道，题材与家电促销明显不相符，近10条全不匹配
9568,UC891BrJdnERjbiEdJzx05bg,Cary Sagady,https://cn--xtb.noxinfluencer.com/youtube/channel/UC891BrJdnERjbiEdJzx05bg,-11,badcase,无吸尘器相关定位，近期内容杂谈/喜剧/ASMR，推广匹配弱
9569,UCGAb35KsMsNIjYZ7e3zaozg,Bealy Good,https://cn--xtb.noxinfluencer.com/youtube/channel/UCGAb35KsMsNIjYZ7e3zaozg,-9,badcase,频道以建房施工农场生活为主，近期无吸尘器推广语境
9570,UCS_8Zfq4OwYH7zkJAOetNMw,zuesybn,https://cn--xtb.noxinfluencer.com/youtube/channel/UCS_8Zfq4OwYH7zkJAOetNMw,-25,badcase,游戏/动漫娱乐向，和吸尘器促销明显错位，近10条全不匹配
9571,UC1yJRLYHXF_O4tIOQkygDgg,Windance Boardshop,https://cn--xtb.noxinfluencer.com/youtube/channel/UC1yJRLYHXF_O4tIOQkygDgg,-9,badcase,水上运动板店频道，虽有产品评测标签但与吸尘器几乎无关
9572,UC5ufJJRfO8rGsBPn3iAnAHA,Las Brujerías de Zafiro,https://cn--xtb.noxinfluencer.com/youtube/channel/UC5ufJJRfO8rGsBPn3iAnAHA,-10,badcase,巫术仪式内容，与吸尘器推广的家电场景完全不匹配
9573,UCyw-dKAgBETVn5U9mF-7ORQ,The Altered Perspective,https://cn--xtb.noxinfluencer.com/youtube/channel/UCyw-dKAgBETVn5U9mF-7ORQ,-10,badcase,娱乐游戏直播为主，缺少家电测评、购买或使用场景
9574,UCfVYCrOI02DT6s__klB7Vjg,Light LK,https://cn--xtb.noxinfluencer.com/youtube/channel/UCfVYCrOI02DT6s__klB7Vjg,-10,badcase,实验短视频为主，未见清洁家电相关受众或购买意图
9575,UCcrbRHOH2PZZX9x53027LFQ,Horizon Hobby,https://cn--xtb.noxinfluencer.com/youtube/channel/UCcrbRHOH2PZZX9x53027LFQ,-10,badcase,RC模型/航模频道，受众与家用吸尘器推广不匹配
9577,UCtfRZ-QzpfGWnQQYGi2RTFg,TeXa Dokon,https://cn--xtb.noxinfluencer.com/youtube/channel/UCtfRZ-QzpfGWnQQYGi2RTFg,-8,badcase,工具机械频道，和家用吸尘器受众偏离
9579,UCJxfiE2GosmOPS-4xfQDXtw,Detailing Breakdown,https://cn--xtb.noxinfluencer.com/youtube/channel/UCJxfiE2GosmOPS-4xfQDXtw,-8,badcase,汽车清洗细分频道，仅弱清洁场景相关，近期内容不支持吸尘器推广
9581,UCtzomheBcfmxdXC4qOZSJGA,Project Nursery,https://cn--xtb.noxinfluencer.com/youtube/channel/UCtzomheBcfmxdXC4qOZSJGA,-3,badcase,仅有育儿房间场景泛相关，近期内容偏装饰而非清洁家电推广
9582,UCDV8_i9tU2hY0C8nxEpO4qQ,Street Barber,https://cn--xtb.noxinfluencer.com/youtube/channel/UCDV8_i9tU2hY0C8nxEpO4qQ,-30,badcase,ASMR/按摩型频道，内容形态与吸尘器推广强不匹配
9585,UCsaKLBKaGX86LO5HEiUhAfQ,The Original Tumbler Rolling Knife Sharpener,https://cn--xtb.noxinfluencer.com/youtube/channel/UCsaKLBKaGX86LO5HEiUhAfQ,-25,badcase,刀具磨刀ASMR频道，题材与吸尘器推广不相干
9586,UCStF2E9_qNtoJnxi92XZysQ,BOBdotEXE,https://cn--xtb.noxinfluencer.com/youtube/channel/UCStF2E9_qNtoJnxi92XZysQ,-25,badcase,游戏频道，和吸尘器推广场景基本无关
9587,UCNLwnIplkJUjZ2D8cBT7l8w,Harvest Homesteaders,https://cn--xtb.noxinfluencer.com/youtube/channel/UCNLwnIplkJUjZ2D8cBT7l8w,-8,badcase,家居DIY仅弱相关，近期多为农园宠物烹饪，无吸尘器推广证据
9588,UCd8Kqei_8vENQmkH48GMeZw,Samantha Martin,https://cn--xtb.noxinfluencer.com/youtube/channel/UCd8Kqei_8vENQmkH48GMeZw,-2,badcase,仅有清洁弱相关，近期多为校园生活、时尚和娱乐内容
9589,UCBtwLVQTAs591IciLgGFLiA,Dan The Man,https://cn--xtb.noxinfluencer.com/youtube/channel/UCBtwLVQTAs591IciLgGFLiA,-25,badcase,娱乐游戏频道，和吸尘器促销受众不匹配
9590,UCcwgcUTmeoFcJXBC221IhQw,THE GOLDEN AGE OF HEALTH,https://cn--xtb.noxinfluencer.com/youtube/channel/UCcwgcUTmeoFcJXBC221IhQw,-10,badcase,健康老年频道缺少家电清洁语境，近期也不匹配
9591,UC3ShzyG34CfIiyDTG-dVGFA,Kayla Simone,https://cn--xtb.noxinfluencer.com/youtube/channel/UC3ShzyG34CfIiyDTG-dVGFA,-6,badcase,家居/DIY有些关联，但近期内容多为母婴和装修，清洁推广不强
9592,UCIxIrXX87_Mn03CAIf2bDPA,Lydia Patel,https://cn--xtb.noxinfluencer.com/youtube/channel/UCIxIrXX87_Mn03CAIf2bDPA,-10,badcase,房源运营和理财向，和吸尘器推广场景关联很弱
9594,UCZLs7xtNEc49KzgZKL8nTxg,Robbins Sawmill & Outdoors,https://cn--xtb.noxinfluencer.com/youtube/channel/UCZLs7xtNEc49KzgZKL8nTxg,-10,badcase,伐木锯木内容，和吸尘器的人群与场景都不匹配
9596,UCntnJt7w-nfdG37GR0_7pYQ,Red Bearded Builder,https://cn--xtb.noxinfluencer.com/youtube/channel/UCntnJt7w-nfdG37GR0_7pYQ,-9,badcase,仅有laundry room弱场景，近期全是施工vlog，和吸尘器推广不匹配
9597,UCIT18NXB-inCq2cMyhwieKA,Yana Mayevska,https://cn--xtb.noxinfluencer.com/youtube/channel/UCIT18NXB-inCq2cMyhwieKA,-10,badcase,母婴日常内容，近期全部是baby/momlife，和吸尘器推广关联弱
9600,UCNjMDs8ff658yDpNvv0UeSg,Stevebot,https://cn--xtb.noxinfluencer.com/youtube/channel/UCNjMDs8ff658yDpNvv0UeSg,-25,badcase,游戏娱乐频道，近10条均为Minecraft/游戏内容，与吸尘器推广无关
9601,UCDfK_kh5GDIeSZMTICXvKUw,Fretzie Zunino,https://cn--xtb.noxinfluencer.com/youtube/channel/UCDfK_kh5GDIeSZMTICXvKUw,-10,badcase,生活vlog为主，无吸尘器相关标签，近10条内容均不匹配
9602,UC6m3byOLfjZmPSEHaJmhUbA,Through the lens,https://cn--xtb.noxinfluencer.com/youtube/channel/UC6m3byOLfjZmPSEHaJmhUbA,-10,badcase,旅游频道，缺少清洁电器相关信号，近10条也无匹配内容
9603,UCeZxh2fW04Ld7RY6TmXgEHw,Foreign Werks,https://cn--xtb.noxinfluencer.com/youtube/channel/UCeZxh2fW04Ld7RY6TmXgEHw,-10,badcase,汽车维修频道，与吸尘器推广场景关联很弱，近10条也都不匹配
9605,UCG2inujrAJx15VFUV70dE-Q,Hyundai How To,https://cn--xtb.noxinfluencer.com/youtube/channel/UCG2inujrAJx15VFUV70dE-Q,-25,badcase,汽车维修频道，和家用吸尘器推广场景不匹配，近10条也无相关内容
9607,UCDX-3dlrANJCt-XJ0KhkkvA,The Universe Channel of the Imperial Calabash,https://cn--xtb.noxinfluencer.com/youtube/channel/UCDX-3dlrANJCt-XJ0KhkkvA,-9,badcase,科普物理频道，和家用吸尘器推广关联弱，近期内容全不相关
9608,UC_1k1eWA4fKgW4jMNVie9DQ,Mantra for World Peace,https://cn--xtb.noxinfluencer.com/youtube/channel/UC_1k1eWA4fKgW4jMNVie9DQ,-25,badcase,恶搞幻觉频道，娱乐/假屏幕效果与吸尘器推广不适配
9609,UCKQosbJTKWjhxNEYpIXSp4Q,Maverick's Arcade,https://cn--xtb.noxinfluencer.com/youtube/channel/UCKQosbJTKWjhxNEYpIXSp4Q,-9,badcase,游戏街机DIY频道，只有泛家居弱相关，近期无吸尘器内容
9610,UCEjfKhnOHIzzWT8pAyHWjkA,namanih,https://cn--xtb.noxinfluencer.com/youtube/channel/UCEjfKhnOHIzzWT8pAyHWjkA,-25,badcase,动漫娱乐频道，主体是内容娱乐而非家电推广，明显不适配
9611,UCwFsezz6yKFzroZKo_Es0Fg,Pink Planet,https://cn--xtb.noxinfluencer.com/youtube/channel/UCwFsezz6yKFzroZKo_Es0Fg,-24,badcase,ASMR娱乐向，近期内容多为音乐/审美，不适合吸尘器推广
9612,UC1TLny0YYzIBgqVACcN4bhA,4KidsCallMeDad,https://cn--xtb.noxinfluencer.com/youtube/channel/UC1TLny0YYzIBgqVACcN4bhA,-10,badcase,家庭娱乐和迪士尼内容为主，缺少吸尘器推广场景
9614,UC-Gh4u5WaLrKnvpnqOrp_Xg,Ra TooL Idea,https://cn--xtb.noxinfluencer.com/youtube/channel/UC-Gh4u5WaLrKnvpnqOrp_Xg,-9,badcase,焊接工具频道，缺少家电/清洁场景，和吸尘器不匹配
9616,UCEzkoRXHQ4V3Vr_BcIIHFxw,Beauty Machine Honkay,https://cn--xtb.noxinfluencer.com/youtube/channel/UCEzkoRXHQ4V3Vr_BcIIHFxw,-10,badcase,美容仪/理疗内容与家用吸尘器无关，近10条全不匹配
9617,UCWWX3zhaVnVw7df6IAFBIVA,Cash Payne,https://cn--xtb.noxinfluencer.com/youtube/channel/UCWWX3zhaVnVw7df6IAFBIVA,-10,badcase,家装改造频道，缺少清洁家电或购买导向，近10条均不匹配
9618,UCn86PE-EdoQ1k5xxY-GgRZQ,SAM WORLD,https://cn--xtb.noxinfluencer.com/youtube/channel/UCn86PE-EdoQ1k5xxY-GgRZQ,-24,badcase,频道主打AI与内容创作，近期无吸尘器或家电评测内容
9619,UC9-nsDkJ__K7SnqKJmlxq9Q,Rahimjon Uz,https://cn--xtb.noxinfluencer.com/youtube/channel/UC9-nsDkJ__K7SnqKJmlxq9Q,-10,badcase,汽车/娱乐频道，和家用吸尘器推广场景不匹配
9620,UCADxoQ8N7KChuJdkcWGgH5g,JAGER PRO®,https://cn--xtb.noxinfluencer.com/youtube/channel/UCADxoQ8N7KChuJdkcWGgH5g,-25,badcase,狩猎控猪频道与家用吸尘器受众完全不相干，强排斥
9621,UCuCGOkab6gXpKku7kxn1Ycg,isabella rodriguez,https://cn--xtb.noxinfluencer.com/youtube/channel/UCuCGOkab6gXpKku7kxn1Ycg,-10,badcase,美妆生活向，和吸尘器推广无关，近期内容也不匹配
9622,UCA0XNxy12EVWiYq2K1FTVMQ,☆ Doodleydooda,https://cn--xtb.noxinfluencer.com/youtube/channel/UCA0XNxy12EVWiYq2K1FTVMQ,-15,badcase,娱乐/Gacha为主，属内容形态错配，不适合家电推广
9623,UC8NFGXr4NzrcTqXjHHsFZjg,Spaghetti Miniatures,https://cn--xtb.noxinfluencer.com/youtube/channel/UC8NFGXr4NzrcTqXjHHsFZjg,-10,badcase,微缩模型喷笔频道，与吸尘器推广场景不符
9625,UChtItxRClqU0zMMycPDfpeQ,MR NAM,https://cn--xtb.noxinfluencer.com/youtube/channel/UChtItxRClqU0zMMycPDfpeQ,-20,badcase,娱乐整活/DIY频道，近期内容与吸尘器推广完全不符
9626,UCc2pxVJOAbMw2aEI3lZCMqQ,Michael Miller,https://cn--xtb.noxinfluencer.com/youtube/channel/UCc2pxVJOAbMw2aEI3lZCMqQ,-15,badcase,直升机/航空频道，和吸尘器推广场景明显不符，近期内容也全是飞行题材
9628,UC-LirITpeSpcj5ykC4lAwvg,Bang Uwar Junior,https://cn--xtb.noxinfluencer.com/youtube/channel/UC-LirITpeSpcj5ykC4lAwvg,-10,badcase,柴油机维修频道，机械修理属性虽强，但和吸尘器购买/使用场景不匹配
9629,UCO866OTCsFchyBKbrzxfmkg,Mousa - Simple Projects,https://cn--xtb.noxinfluencer.com/youtube/channel/UCO866OTCsFchyBKbrzxfmkg,-12,badcase,电子DIY/逆变器内容为主，缺少吸尘器家电推广场景
9630,UC4B87l6IR0qXYQBEostIOoQ,Abdul Corner,https://cn--xtb.noxinfluencer.com/youtube/channel/UC4B87l6IR0qXYQBEostIOoQ,-10,badcase,近期内容均为手工、故事和美学类，与吸尘器推广无关
9631,UCLqTgZt5vfYM4veXaC2svSA,Matt's Off-Road & Outdoors,https://cn--xtb.noxinfluencer.com/youtube/channel/UCLqTgZt5vfYM4veXaC2svSA,-10,badcase,露营改装/越野内容，几乎无家用吸尘器场景
9632,UCMJz2FXHZicdG-hBV7mHsYA,Royal Ruby,https://cn--xtb.noxinfluencer.com/youtube/channel/UCMJz2FXHZicdG-hBV7mHsYA,-10,badcase,车宿旅行为主，和吸尘器推广场景不匹配
9634,UCysRa7nwkClRxVws8Fg_opQ,Blizaine,https://cn--xtb.noxinfluencer.com/youtube/channel/UCysRa7nwkClRxVws8Fg_opQ,-25,badcase,娱乐AI混剪为主，和家用吸尘器推广明显不符
9635,UCOqM_h8xucLPy8zBj9QMmPg,TurnKeyParlor,https://cn--xtb.noxinfluencer.com/youtube/channel/UCOqM_h8xucLPy8zBj9QMmPg,-10,badcase,冰淇淋机测评维护频道，和吸尘器类目偏离
9637,UCNfVejEjxhJICJzpAnQdeGg,the rAbb1t hole,https://cn--xtb.noxinfluencer.com/youtube/channel/UCNfVejEjxhJICJzpAnQdeGg,-25,badcase,汽车改装频道，和吸尘器推广人群不匹配
9638,UCNaVoLaRZK0MrD8rP62d4ow,Diesel Legiance - Garage & Adventure!,https://cn--xtb.noxinfluencer.com/youtube/channel/UCNaVoLaRZK0MrD8rP62d4ow,-25,badcase,车辆和越野内容为主，不适合吸尘器推广
9639,UCFEmtlFAIfYwJJhGWqXK2vQ,Mesmerbot,https://cn--xtb.noxinfluencer.com/youtube/channel/UCFEmtlFAIfYwJJhGWqXK2vQ,-10,badcase,机器人娱乐内容，与吸尘器推广关联很弱
9640,UCx2Kd3hSkAQ7MdrA8zuI7pQ,Christian Lake (17lakect),https://cn--xtb.noxinfluencer.com/youtube/channel/UCx2Kd3hSkAQ7MdrA8zuI7pQ,-25,badcase,游戏动画娱乐频道，明显不适合推广吸尘器
9641,UCFrDCDOxClDTyQQSX3P778A,Tom - Car Gadgets,https://cn--xtb.noxinfluencer.com/youtube/channel/UCFrDCDOxClDTyQQSX3P778A,-10,badcase,汽车配件频道，近10期也全是车品内容，和家用吸尘器推广不匹配
9642,UCw0iI361DLgMzOrnTh9KVfw,Oxman Garage,https://cn--xtb.noxinfluencer.com/youtube/channel/UCw0iI361DLgMzOrnTh9KVfw,-10,badcase,汽车维修改装为主，和吸尘器购买推广场景基本无关
9643,UCJZztZOMcGUBEM7Xw0g6nWA,Zac Malone,https://cn--xtb.noxinfluencer.com/youtube/channel/UCJZztZOMcGUBEM7Xw0g6nWA,-10,badcase,美妆护肤频道，最近内容也与清洁家电无关
9644,UCtHdQ38kMGpasHNW9E8K_Sg,STANLY VEGAS,https://cn--xtb.noxinfluencer.com/youtube/channel/UCtHdQ38kMGpasHNW9E8K_Sg,-10,badcase,生活杂谈为主，近10期内容与吸尘器推广相关性弱
9646,UCGGl-OpWMHVlVo4lgf94Ngg,ally su,https://cn--xtb.noxinfluencer.com/youtube/channel/UCGGl-OpWMHVlVo4lgf94Ngg,-8,badcase,以穿搭/购物为主，近10条无吸尘器相关内容
9647,UC5HJ5REOo6XbFuakJem6TTw,EXPEDITION BUILDS - Adventure Awaits,https://cn--xtb.noxinfluencer.com/youtube/channel/UC5HJ5REOo6XbFuakJem6TTw,-10,badcase,以越野改装为主，近10条无家用吸尘器内容
9648,UCJ4JdHHAw2lm3N3iWTCYG-A,Bandrew Says Podcast,https://cn--xtb.noxinfluencer.com/youtube/channel/UCJ4JdHHAw2lm3N3iWTCYG-A,-10,badcase,以播客/音频设备为主，近10条无吸尘器内容
9649,UCL9SfaiEORmmm8l6qxuDkJA,Virtual Travel Videos | In Case You're Wondering,https://cn--xtb.noxinfluencer.com/youtube/channel/UCL9SfaiEORmmm8l6qxuDkJA,-10,badcase,以旅行/景点为主，虽偶有评测但与吸尘器不匹配
9650,UC0CV_aKB64gb8_Ixy2-esJw,Electronics Innovation,https://cn--xtb.noxinfluencer.com/youtube/channel/UC0CV_aKB64gb8_Ixy2-esJw,-10,badcase,以电子DIY为主，近10条无家用吸尘器内容
9651,UCmbVAqdaTeuYCirvNFWnHWg,Popcorn Genius,https://cn--xtb.noxinfluencer.com/youtube/channel/UCmbVAqdaTeuYCirvNFWnHWg,-25,badcase,美食做法频道，与吸尘器推广场景完全不符
9652,UC9BcNnBJmDpwW271_rKOAfg,Gadget Burst,https://cn--xtb.noxinfluencer.com/youtube/channel/UC9BcNnBJmDpwW271_rKOAfg,1,badcase,偏泛科技/车载工具频道，缺少清洁家电评测或购买意图
9653,UCNyrNYuA8XOSH-gwOZ3Jd_A,OJC,https://cn--xtb.noxinfluencer.com/youtube/channel/UCNyrNYuA8XOSH-gwOZ3Jd_A,-10,badcase,越野露营汽车频道，无吸尘器清洁/评测/购买意图内容
9655,UC4tn34ChVIZ2VaOrXjEa7ng,Aye Ciara,https://cn--xtb.noxinfluencer.com/youtube/channel/UC4tn34ChVIZ2VaOrXjEa7ng,-10,badcase,美妆穿搭生活号，近10条无清洁家电相关内容，推广不匹配
9656,UCHPemKXAv6tMJkkhrDc05eQ,Real Talk Filmz,https://cn--xtb.noxinfluencer.com/youtube/channel/UCHPemKXAv6tMJkkhrDc05eQ,-25,badcase,音乐娱乐频道，最新10条几乎全是MV/说唱，与吸尘器推广无关
9657,UCyNHZDEE3z9VMt6OBwWIKZA,Content Monsters,https://cn--xtb.noxinfluencer.com/youtube/channel/UCyNHZDEE3z9VMt6OBwWIKZA,-20,badcase,影视/VFX频道，内容与吸尘器促销基本无关，最新也全不匹配
9658,UChOkCqsbNr6K1RYi9Sadb5Q,Kim Tippin,https://cn--xtb.noxinfluencer.com/youtube/channel/UChOkCqsbNr6K1RYi9Sadb5Q,-10,badcase,木工手作频道，和家用吸尘器的购买/使用场景关联很弱
9660,UCHtQfiSBy5aeInzZsBNNXcQ,Aquarium Heaven,https://cn--xtb.noxinfluencer.com/youtube/channel/UCHtQfiSBy5aeInzZsBNNXcQ,-25,badcase,观赏鱼/水族频道，主题偏宠物养护，不适合家用吸尘器推广
9661,UCawpQsNsTk8xNFDPMdPPnBw,DJYOGI ENTERTAINMENT,https://cn--xtb.noxinfluencer.com/youtube/channel/UCawpQsNsTk8xNFDPMdPPnBw,-9,badcase,活动/音响频道，近10条全无吸尘器内容，偏离推广场景
9662,UCXazn-Ci7_PGMZBYAG7AS6g,The Plant's Meow,https://cn--xtb.noxinfluencer.com/youtube/channel/UCXazn-Ci7_PGMZBYAG7AS6g,-15,badcase,植物与宠物猫频道，缺少吸尘器评测/家电购买意图
9663,UC8t2WZ3O-jBV7u2P3n1cFyQ,kaylalebomb,https://cn--xtb.noxinfluencer.com/youtube/channel/UC8t2WZ3O-jBV7u2P3n1cFyQ,-6,badcase,美妆生活频道，内容以女孩日常为主，和吸尘器投放不匹配
9665,UCivt2HJnQDlu_eV0ocbPyKw,Mr BadlyTV,https://cn--xtb.noxinfluencer.com/youtube/channel/UCivt2HJnQDlu_eV0ocbPyKw,-10,badcase,社会新闻/执法投诉内容为主，近10条几乎都不适合吸尘器推广
9666,UCCDLitRvL5z7j_1ssvPmlzQ,BoostTechTV,https://cn--xtb.noxinfluencer.com/youtube/channel/UCCDLitRvL5z7j_1ssvPmlzQ,-25,badcase,汽车改装频道，近期全是BMW/车辆内容，和家用吸尘器推广不相关
9667,UCrHZ-f4loG8xNFmTqbSM9Pg,Cheqroom,https://cn--xtb.noxinfluencer.com/youtube/channel/UCrHZ-f4loG8xNFmTqbSM9Pg,-25,badcase,影视器材与设备管理频道，偏相机和拍摄设备，不适合吸尘器投放
9668,UC2OUN2WYU2v0P0RFz89CZJQ,WinterCabin TV,https://cn--xtb.noxinfluencer.com/youtube/channel/UC2OUN2WYU2v0P0RFz89CZJQ,-25,badcase,氛围音频道，雨火炉等ASMR式内容属强格式错配，不适合实物推广
9669,UCEsXJFe0NZmbROZHVnqliiw,Bougie Presh,https://cn--xtb.noxinfluencer.com/youtube/channel/UCEsXJFe0NZmbROZHVnqliiw,-9,badcase,时尚生活为主，只有轻微家居场景，近期内容与吸尘器购买意图不符
9670,UCRWah1jxlbDs9dMXyb3MaFQ,maximpulse,https://cn--xtb.noxinfluencer.com/youtube/channel/UCRWah1jxlbDs9dMXyb3MaFQ,-9,badcase,DIY杂项频道，偏化学/3D打印/小工具，和吸尘器推广相关性弱
9672,UCEIApY4RHr84IOMyLVrOl9A,Dadsfinds,https://cn--xtb.noxinfluencer.com/youtube/channel/UCEIApY4RHr84IOMyLVrOl9A,-8,badcase,标签仅有生活/家庭泛相关，近10条几乎无吸尘器内容
9673,UCuLL5ckvDyQ0JiF8kkyjGtQ,Audio Zone,https://cn--xtb.noxinfluencer.com/youtube/channel/UCuLL5ckvDyQ0JiF8kkyjGtQ,-10,badcase,以音频器材评测为主，与吸尘器推广无直接相关，近10条内容全部不匹配
9674,UCI9lkqxuI04DHm38PjOcrzQ,Flora Sage,https://cn--xtb.noxinfluencer.com/youtube/channel/UCI9lkqxuI04DHm38PjOcrzQ,-35,badcase,主标签偏娱乐冥想音乐，近作仅整理收纳，无吸尘器推广意图
9675,UCydoLlhd9dd5pLyV4eD0PKg,Equipment Zone,https://cn--xtb.noxinfluencer.com/youtube/channel/UCydoLlhd9dd5pLyV4eD0PKg,-10,badcase,频道聚焦打印设备，近10条全是打印机内容，与吸尘器推广无关
9676,UCw-RfszWCOyrUf6zeT5X_gA,ZOO WORLD,https://cn--xtb.noxinfluencer.com/youtube/channel/UCw-RfszWCOyrUf6zeT5X_gA,-20,badcase,恐怖娱乐内容，和吸尘器推广场景完全不符
9677,UCbVZrxYFkkyq3--Y4qJyztw,Deals Therapy,https://cn--xtb.noxinfluencer.com/youtube/channel/UCbVZrxYFkkyq3--Y4qJyztw,-9,badcase,科技开箱评测号，仅有泛消费电子相关
9678,UC1QAeKKkVhKFYeWw_a9Htsg,Tips For Turf,https://cn--xtb.noxinfluencer.com/youtube/channel/UC1QAeKKkVhKFYeWw_a9Htsg,-10,badcase,草坪养护内容，与家用吸尘器无关
9679,UC8StAeF0CHB-zh1w9M3-agw,Ineffable Elysian,https://cn--xtb.noxinfluencer.com/youtube/channel/UC8StAeF0CHB-zh1w9M3-agw,-8,badcase,生活方式妈妈号，只有弱场景重叠，近期内容不匹配
9680,UC9wSXESC2YOCOcZkr4RAS3w,RIPFILMS,https://cn--xtb.noxinfluencer.com/youtube/channel/UC9wSXESC2YOCOcZkr4RAS3w,-25,badcase,喜剧恶搞内容，和吸尘器推广场景不符
9681,UCVtc39xTc0o2PXMCEnIEJng,Chris N' Cars,https://cn--xtb.noxinfluencer.com/youtube/channel/UCVtc39xTc0o2PXMCEnIEJng,-9,badcase,汽车维修DIY频道，仅有弱通用标签，近10条全是汽车内容
9682,UCR5jmrSKyrxEr1Wkmek9OPA,VIDEOS DE EL SALVADOR,https://cn--xtb.noxinfluencer.com/youtube/channel/UCR5jmrSKyrxEr1Wkmek9OPA,-10,badcase,旅游生活频道，无吸尘器相关信号，近10条内容均不匹配
9683,UCTXQIqB28aluZujo_UutE1A,Erin Megan,https://cn--xtb.noxinfluencer.com/youtube/channel/UCTXQIqB28aluZujo_UutE1A,-25,badcase,恐怖读书娱乐频道，题材与吸尘器投放明显不相容
9684,UCR73ViA55KG9jy2oadV-uzw,"Train 2 Fight, LLC",https://cn--xtb.noxinfluencer.com/youtube/channel/UCR73ViA55KG9jy2oadV-uzw,-20,badcase,枪械训练/2A频道，和家用吸尘器投放场景明显冲突
9686,UCo4MnxuIXdEtUPAldHqTOSA,Hype Tech,https://cn--xtb.noxinfluencer.com/youtube/channel/UCo4MnxuIXdEtUPAldHqTOSA,-7,badcase,科技数码泛而不专，近期全是相机/笔记本，和吸尘器推广不匹配
9687,UC1_PkzIp9qhFkBWyOaHvRWA,Tesla How To,https://cn--xtb.noxinfluencer.com/youtube/channel/UC1_PkzIp9qhFkBWyOaHvRWA,-15,badcase,特斯拉车主教程频道，主题过于车辆化，不适合家用吸尘器推广
9689,UCGRvAAlxD6aIr35HNdFm_sA,Hawkes Outdoors,https://cn--xtb.noxinfluencer.com/youtube/channel/UCGRvAAlxD6aIr35HNdFm_sA,-10,badcase,露营越野频道，内容与家用吸尘器购买/使用场景明显不一致
9690,UCGnnXtAVnliL94JJzGWOx1A,Shoham ASMR,https://cn--xtb.noxinfluencer.com/youtube/channel/UCGnnXtAVnliL94JJzGWOx1A,-25,badcase,ASMR/助眠格式与吸尘器种草强冲突，属于明显不适合投放的频道
9691,UCII5GvENnctyPb9DyvWdW5Q,TheBigCrabCake,https://cn--xtb.noxinfluencer.com/youtube/channel/UCII5GvENnctyPb9DyvWdW5Q,-9,badcase,以玩具火车/旅行为主，近10条也与吸尘器无关
9692,UCFg5shxaIDq5SeThYkndLrA,함팩토리,https://cn--xtb.noxinfluencer.com/youtube/channel/UCFg5shxaIDq5SeThYkndLrA,-30,badcase,ASMR水果手作频道，感官娱乐格式与吸尘器推广不匹配
9693,UCyZBnYoQx-yhDGJ82maeZrA,MG Golf,https://cn--xtb.noxinfluencer.com/youtube/channel/UCyZBnYoQx-yhDGJ82maeZrA,-10,badcase,高尔夫垂类，近10条全是球场内容，和吸尘器无关
9694,UCKSBKWkibm8r1St0x-l8QmQ,Ideal Setup,https://cn--xtb.noxinfluencer.com/youtube/channel/UCKSBKWkibm8r1St0x-l8QmQ,-9,badcase,桌搭/办公设备频道，缺少家电清洁或评测场景
9695,UCoPhmVLQURvuqK6SWfV7sBA,BeautybyCarmenR,https://cn--xtb.noxinfluencer.com/youtube/channel/UCoPhmVLQURvuqK6SWfV7sBA,-9,badcase,美妆健康向频道，只有泛产品评测，和吸尘器人群不符
9696,UCMMf_RGLgaNDOndrO5oDpPQ,RobzReactions,https://cn--xtb.noxinfluencer.com/youtube/channel/UCMMf_RGLgaNDOndrO5oDpPQ,-25,badcase,音乐/动漫reaction频道，娱乐向强排他，缺少清洁家电场景
9697,UCm-X6yVNPtWFz9kbR87z26g,Fritz Ramos,https://cn--xtb.noxinfluencer.com/youtube/channel/UCm-X6yVNPtWFz9kbR87z26g,-9,badcase,汽车/BMW维修频道，缺少吸尘器推广语境
9698,UCE5w2bjycEZqguuZqO9VERA,Heroic Forms,https://cn--xtb.noxinfluencer.com/youtube/channel/UCE5w2bjycEZqguuZqO9VERA,-25,badcase,超级英雄剧情短视频，娱乐叙事与吸尘器推广不匹配
9699,UCvZ41et9vJs7oMzfKIzMSVA,RKT,https://cn--xtb.noxinfluencer.com/youtube/channel/UCvZ41et9vJs7oMzfKIzMSVA,-10,badcase,电商创业频道，缺少清洁家电或使用场景信号
9700,UCSGuEFPFgOTBtBpyiX9FxQw,Shenzhen Chuangsaijie Technology Co Ltd,https://cn--xtb.noxinfluencer.com/youtube/channel/UCSGuEFPFgOTBtBpyiX9FxQw,-25,badcase,工业打印机频道，主要卖设备而非清洁家电受众
9701,UC0Np4uDp_LS06Twx7f1B91w,Real Rain Sounds,https://cn--xtb.noxinfluencer.com/youtube/channel/UC0Np4uDp_LS06Twx7f1B91w,-25,badcase,ASMR睡眠雨声频道，内容与吸尘器促销高度不匹配
9702,UCiqvG21xcyX7DrJFYrhDoJQ,A Life More Organized,https://cn--xtb.noxinfluencer.com/youtube/channel/UCiqvG21xcyX7DrJFYrhDoJQ,-9,badcase,仅有泛家居场景，近期内容偏儿童收纳，无吸尘器清洁推广意图
9704,UC_zCZ9vPI07QTg9tt5aa2rA,Hustlin Horsepower,https://cn--xtb.noxinfluencer.com/youtube/channel/UC_zCZ9vPI07QTg9tt5aa2rA,-25,badcase,赛车改装频道，主题与家用吸尘器完全不相关
9705,UCpOcBkfU8rE_1xw-MRlh-YA,MJF MECHANICAL,https://cn--xtb.noxinfluencer.com/youtube/channel/UCpOcBkfU8rE_1xw-MRlh-YA,-10,badcase,暖通管工维修频道偏专业施工，和家用吸尘器关联弱
9706,UCeqJQm6mWXXWF4GV9xckaqQ,Hydraulic Havoc,https://cn--xtb.noxinfluencer.com/youtube/channel/UCeqJQm6mWXXWF4GV9xckaqQ,-25,badcase,水压粉碎娱乐号，无测评/购买语境，近10期全不相关
9707,UC3LnsUei94ixnSLKvYfg_6g,Ivan Meneses,https://cn--xtb.noxinfluencer.com/youtube/channel/UC3LnsUei94ixnSLKvYfg_6g,-9,badcase,仅有泛评测弱相关，近期内容集中充电耳机非清洁家电
9708,UCxCWujKi8-lmoyL2aN4g1AQ,Zensory ASMR,https://cn--xtb.noxinfluencer.com/youtube/channel/UCxCWujKi8-lmoyL2aN4g1AQ,-25,badcase,ASMR+猫内容为主，强格式不匹配，几乎无产品投放语境
9710,UCE-Z6uCeixV5RPi75kVFSkQ,Rochelle Adamson Budgets,https://cn--xtb.noxinfluencer.com/youtube/channel/UCE-Z6uCeixV5RPi75kVFSkQ,-10,badcase,理财预算频道，缺少家电测评或购物意图，不适合
9711,UCSuZ2ywD4KLzoMsqYaSFP9w,Wide Angle Podium,https://cn--xtb.noxinfluencer.com/youtube/channel/UCSuZ2ywD4KLzoMsqYaSFP9w,-25,badcase,全是自行车赛事内容，与吸尘器推广完全无关
9712,UCMkZlh8w0uIRcbW73r9Y3ZQ,دبري ووفري مع كوكي,https://cn--xtb.noxinfluencer.com/youtube/channel/UCMkZlh8w0uIRcbW73r9Y3ZQ,-16,badcase,主标签偏美食烹饪，清洁仅泛场景，无吸尘器推广意图
9713,UCw3cDtDQUkHy83TaaCOWUDw,Rabaconda,https://cn--xtb.noxinfluencer.com/youtube/channel/UCw3cDtDQUkHy83TaaCOWUDw,-25,badcase,摩托换胎工具号，和家用吸尘器受众不匹配
9714,UCARPjzsDXROOMlBtr2VTrOQ,Art Face,https://cn--xtb.noxinfluencer.com/youtube/channel/UCARPjzsDXROOMlBtr2VTrOQ,-25,badcase,数码绘画和VR内容为主，与吸尘器推广不搭
9715,UCoFGoGC7c2b44SKB7XTmKEQ,ARCH JOLTZ,https://cn--xtb.noxinfluencer.com/youtube/channel/UCoFGoGC7c2b44SKB7XTmKEQ,-25,badcase,纯游戏战术频道，和吸尘器投放目标不相关
9716,UCSuO8Aj9LSIYMaILrLLviTA,J-Dubb's Adventure,https://cn--xtb.noxinfluencer.com/youtube/channel/UCSuO8Aj9LSIYMaILrLLviTA,-10,badcase,户外钓猎频道，与吸尘器推广无关，近期内容也无匹配
9717,UCoYAt3MEhOhBRzcXJWIvaSw,Juliann,https://cn--xtb.noxinfluencer.com/youtube/channel/UCoYAt3MEhOhBRzcXJWIvaSw,-10,badcase,生活vlog频道，缺少家电测评或购买导向内容
9718,UC-gtr9a4n9aiGhDyBcuAJgw,Fáme Short,https://cn--xtb.noxinfluencer.com/youtube/channel/UC-gtr9a4n9aiGhDyBcuAJgw,-35,badcase,短视频抽奖流量号，强烈偏娱乐，不适合吸尘器推广
9719,UC0N2Uy2ucNH91j9TaoXrpmw,Choubao,https://cn--xtb.noxinfluencer.com/youtube/channel/UC0N2Uy2ucNH91j9TaoXrpmw,-35,badcase,动画搞笑频道，和吸尘器种草/测评场景不匹配
9720,UC_pbNmMJ079iR3sIpVxlJWA,Biggest Bulls of Dhaka Farms - BBDF,https://cn--xtb.noxinfluencer.com/youtube/channel/UC_pbNmMJ079iR3sIpVxlJWA,-25,badcase,牛场牧场内容，非家电推广受众，相关性很低
9721,UCEh824uwdivVk5wG0KcKDXg,Jon Malin,https://cn--xtb.noxinfluencer.com/youtube/channel/UCEh824uwdivVk5wG0KcKDXg,-25,badcase,娱乐直播/漫画频道，和吸尘器投放场景明显不符
9722,UCIGn6GmiYrp6ndoFBDxkm1w,Design. Build. Lift.,https://cn--xtb.noxinfluencer.com/youtube/channel/UCIGn6GmiYrp6ndoFBDxkm1w,-24,badcase,频道主打健身房器械评测，与吸尘器家电推广不匹配
9723,UC9XTQchzHiSK-C4oeds4cGA,Build Beast,https://cn--xtb.noxinfluencer.com/youtube/channel/UC9XTQchzHiSK-C4oeds4cGA,-10,badcase,纯DIY手作频道，缺少家电/清洁消费语境
9724,UCHaZkpz_awfhJ2jWjv5HMuA,Life With Karisha,https://cn--xtb.noxinfluencer.com/youtube/channel/UCHaZkpz_awfhJ2jWjv5HMuA,-10,badcase,美妆香氛开箱频道，受众与吸尘器不匹配
9725,UCo5UJUqlB-wnL-It6TTFxIQ,Dr Zaid Fadul (MD),https://cn--xtb.noxinfluencer.com/youtube/channel/UCo5UJUqlB-wnL-It6TTFxIQ,-10,badcase,医疗科普频道，缺少清洁家电购买场景
9726,UCFQNC21YJt7GMnjCOwJqT8g,Amanda Darling,https://cn--xtb.noxinfluencer.com/youtube/channel/UCFQNC21YJt7GMnjCOwJqT8g,-25,badcase,音乐娱乐频道，与吸尘器推广场景和受众都不匹配
9727,UCCcjO07UNQ7OCokcdXzfraA,Stripper Cable,https://cn--xtb.noxinfluencer.com/youtube/channel/UCCcjO07UNQ7OCokcdXzfraA,-25,badcase,工厂线束加工频道，偏工业设备，不适合吸尘器投放
9728,UCvm-CFjWK502uw3E9B7UV1Q,Truck Culture,https://cn--xtb.noxinfluencer.com/youtube/channel/UCvm-CFjWK502uw3E9B7UV1Q,-25,badcase,卡车内容频道，受众与家用吸尘器推广不匹配
9729,UCcByEoHG6oiqBzWdSWs6oYg,Kibble Equipment,https://cn--xtb.noxinfluencer.com/youtube/channel/UCcByEoHG6oiqBzWdSWs6oYg,-25,badcase,农业装备频道，行业过窄且与家用吸尘器无关
9730,UCTDpLx4kaSJ6-A8tCl8u6VQ,Squatty Potty,https://cn--xtb.noxinfluencer.com/youtube/channel/UCTDpLx4kaSJ6-A8tCl8u6VQ,-25,badcase,健康如厕品牌号，和清洁电器推广场景偏离
9731,UC6CnQrNCA3Y-lIvYeHDaGgw,Dirt Dudes,https://cn--xtb.noxinfluencer.com/youtube/channel/UC6CnQrNCA3Y-lIvYeHDaGgw,-25,badcase,频道聚焦越野车内容，与吸尘器促销场景明显不符
9732,UCydSdaB8CZ9AFZjPsG3BwEw,Joroto Fitness,https://cn--xtb.noxinfluencer.com/youtube/channel/UCydSdaB8CZ9AFZjPsG3BwEw,-10,badcase,健身器材频道，近期10条内容均与吸尘器推广无关
9733,UCIOLnOuWwthy-yyAXSSqMaA,Tingle Twin,https://cn--xtb.noxinfluencer.com/youtube/channel/UCIOLnOuWwthy-yyAXSSqMaA,-25,badcase,ASMR睡眠剧情频道，与吸尘器推广场景和购买意图明显不匹配
9735,UC8K2pIMUVVcvuVrDW7gNNOg,The Prodigal Son Tv,https://cn--xtb.noxinfluencer.com/youtube/channel/UC8K2pIMUVVcvuVrDW7gNNOg,-35,badcase,频道是搞笑短视频娱乐向，和吸尘器推广场景明显不符
9736,UCfGgaYAkZ1PoV-_AtGY_OdA,StoopsThereItIs,https://cn--xtb.noxinfluencer.com/youtube/channel/UCfGgaYAkZ1PoV-_AtGY_OdA,-10,badcase,无吸尘器相关标签，近10条内容均无推广匹配信号
9738,UChpxNaZZqF9zMZTbtsgX0Ng,Gamedog RC,https://cn--xtb.noxinfluencer.com/youtube/channel/UChpxNaZZqF9zMZTbtsgX0Ng,-25,badcase,RC赛车频道，与吸尘器推广场景明显不符
9739,UC_xR4HgiuzvUEA5g05bZggQ,Miles Miser,https://cn--xtb.noxinfluencer.com/youtube/channel/UC_xR4HgiuzvUEA5g05bZggQ,-10,badcase,频道为旅行/酒店/航司评测，和吸尘器推广无关，近10条均不匹配
9740,UC9eE-gpdWwdCvRe2EutI5MA,Uncharted Supply Co.,https://cn--xtb.noxinfluencer.com/youtube/channel/UC9eE-gpdWwdCvRe2EutI5MA,-5,badcase,偏生存/户外内容，近10条与吸尘器推广几乎无关
9741,UCCiSwe5S7YMGZLvCd5RePJQ,Mate Gan,https://cn--xtb.noxinfluencer.com/youtube/channel/UCCiSwe5S7YMGZLvCd5RePJQ,-25,badcase,音乐娱乐频道，和家用吸尘器推广明显不匹配
9742,UCdFtzC7zhlqQrx0JpH2DzeA,Babcox Media,https://cn--xtb.noxinfluencer.com/youtube/channel/UCdFtzC7zhlqQrx0JpH2DzeA,-8,badcase,汽车维修场景仅弱相关，但近10条都偏汽车内容
9743,UCNl2XXnMMr3O3tTkJ-tHdaQ,Ava OConnor,https://cn--xtb.noxinfluencer.com/youtube/channel/UCNl2XXnMMr3O3tTkJ-tHdaQ,-10,badcase,学生日常与家电/清洁产品购买无明显关联
9744,UCFUA37kA9i--x4CKMSrFa1g,ILYA BOLTENKO,https://cn--xtb.noxinfluencer.com/youtube/channel/UCFUA37kA9i--x4CKMSrFa1g,-10,badcase,旅行骑行频道，缺少清洁家电推广场景
9745,UCO0LP-5Ra56Zxp-28WbXNkQ,Plasma Zone,https://cn--xtb.noxinfluencer.com/youtube/channel/UCO0LP-5Ra56Zxp-28WbXNkQ,-22,badcase,儿童娱乐短视频，产品推广场景不适配
9746,UCaEh_CPU8LXqV3ECD3WT_EQ,Beauty & Motherhood,https://cn--xtb.noxinfluencer.com/youtube/channel/UCaEh_CPU8LXqV3ECD3WT_EQ,-7,badcase,有清洁和测评弱基础，但频道偏娱乐音乐且近作不匹配吸尘器推广
9747,UCKEFHBJ6e6Xw4XYxZSJg6jA,KiwiSeal RIP,https://cn--xtb.noxinfluencer.com/youtube/channel/UCKEFHBJ6e6Xw4XYxZSJg6jA,-25,badcase,游戏娱乐频道，与吸尘器推广场景明显不符
9748,UCXRqkK3_CFe5uwjkcOTg0EA,RubberSideDown,https://cn--xtb.noxinfluencer.com/youtube/channel/UCXRqkK3_CFe5uwjkcOTg0EA,-25,badcase,游戏内容为主，与吸尘器推广场景明显不符
9749,UC5wB9-FFt2hmPmRq5ge8U5g,Парни из Камня,https://cn--xtb.noxinfluencer.com/youtube/channel/UC5wB9-FFt2hmPmRq5ge8U5g,-7,badcase,家装DIY受众可沾边，但无吸尘器相关信号，近10条均为装修内容
9750,UCI8DtrWZvGNsXxUNkW53FAg,Sean (SheepTester),https://cn--xtb.noxinfluencer.com/youtube/channel/UCI8DtrWZvGNsXxUNkW53FAg,-10,badcase,频道主题偏交通和校园日常，与吸尘器推广无关，近10条全部不匹配
9751,UC4a5CqN59H9SxdU7JEHXpRQ,"MOPO Sanitary Wares Co., Ltd",https://cn--xtb.noxinfluencer.com/youtube/channel/UC4a5CqN59H9SxdU7JEHXpRQ,-10,badcase,卫浴五金频道，和吸尘器无关，近10条均是淋浴/水龙头内容
9752,UCH_YQoa3TzKHbk9Y-t8sMgg,Msnaturally Mary,https://cn--xtb.noxinfluencer.com/youtube/channel/UCH_YQoa3TzKHbk9Y-t8sMgg,-10,badcase,美妆母婴生活号，缺少清洁家电相关性，近期内容也不匹配
9753,UCCeoIS2pfSYZ8cFRuZt95dA,TDF Honest Farming,https://cn--xtb.noxinfluencer.com/youtube/channel/UCCeoIS2pfSYZ8cFRuZt95dA,-10,badcase,农场畜牧频道，受众和吸尘器推广场景不相符，近期全是牛场内容
9754,UCW56yOh36cL5aDbiEJKRETQ,nailtreatment DNB,https://cn--xtb.noxinfluencer.com/youtube/channel/UCW56yOh36cL5aDbiEJKRETQ,-22,badcase,ASMR足疗号，属于强格式错配，和吸尘器推广不匹配
9755,UCm_AxRZUc7Eom9vdEzrmbDQ,Camera Insider,https://cn--xtb.noxinfluencer.com/youtube/channel/UCm_AxRZUc7Eom9vdEzrmbDQ,-8,badcase,有泛测评/购物意图，但核心是相机品类，吸尘器关联很弱
9756,UCMcDgKAZozZvHBGUFW10Rxg,Zebby's Little Audios,https://cn--xtb.noxinfluencer.com/youtube/channel/UCMcDgKAZozZvHBGUFW10Rxg,-25,badcase,ASMR角色扮演音频，和吸尘器推广场景不符
9758,UCoDRkuId045uwRVn3PBHUMQ,Đỗ Đức Quyền,https://cn--xtb.noxinfluencer.com/youtube/channel/UCoDRkuId045uwRVn3PBHUMQ,-25,badcase,工程车辆内容，和吸尘器完全不相关
9759,UClsF7VuJEMRzgMzofkzo7kw,Furniture Row,https://cn--xtb.noxinfluencer.com/youtube/channel/UClsF7VuJEMRzgMzofkzo7kw,-8,badcase,家具零售频道，仅弱家居场景相关，近期内容不涉及吸尘器推广
9760,UCHuHrvpx2-dTTx2VEd6jsCQ,Chronarium,https://cn--xtb.noxinfluencer.com/youtube/channel/UCHuHrvpx2-dTTx2VEd6jsCQ,-20,badcase,科普叙事内容，最近10条全无清洁或家电场景
9761,UCXOV2v4OG1OG_4wQMpJ3W5A,CherishToy Global,https://cn--xtb.noxinfluencer.com/youtube/channel/UCXOV2v4OG1OG_4wQMpJ3W5A,-10,badcase,无吸尘器相关标签，近期内容全是宝可梦周边/礼物，家电促销不匹配
9762,UCze3nxOwkIxL_MX6g9wb62Q,simplyfry,https://cn--xtb.noxinfluencer.com/youtube/channel/UCze3nxOwkIxL_MX6g9wb62Q,-7,badcase,无相关标签，近期全是燃烧实验/解压短视频，和吸尘器无关
9763,UCCbnCh6K_uJO4JPtfHLUEyg,Innovation Nation,https://cn--xtb.noxinfluencer.com/youtube/channel/UCCbnCh6K_uJO4JPtfHLUEyg,-10,badcase,偏科技新闻，缺少清洁家电/测评/购买语境，近期内容全不匹配
9764,UCvdoY5POmgsQj4_g7vGgVkg,Curls of a CPA,https://cn--xtb.noxinfluencer.com/youtube/channel/UCvdoY5POmgsQj4_g7vGgVkg,-10,badcase,美发护理频道，围绕护发产品，不适合吸尘器家电推广
9765,UC4bPDsDQFzGcNSWLLbP6gGA,TheMovieManiac,https://cn--xtb.noxinfluencer.com/youtube/channel/UC4bPDsDQFzGcNSWLLbP6gGA,-20,badcase,电影娱乐频道，和吸尘器家电促销无关，近期内容几乎全是电影榜单
9767,UCN0vzarrCVbdAMuKFEYo7Eg,Morelisa,https://cn--xtb.noxinfluencer.com/youtube/channel/UCN0vzarrCVbdAMuKFEYo7Eg,-10,badcase,美妆健身娱乐号，和吸尘器推广无关
9769,UCH2qnqMnTY5o9AiU4zkx1mA,motordoc,https://cn--xtb.noxinfluencer.com/youtube/channel/UCH2qnqMnTY5o9AiU4zkx1mA,-4,badcase,偏工业电机测试维护，吸尘器导购匹配度低
9770,UC0BR9rEzbjgU66eTyCEZJ0g,Lynn Chen,https://cn--xtb.noxinfluencer.com/youtube/channel/UC0BR9rEzbjgU66eTyCEZJ0g,-22,badcase,演员娱乐频道，近10条均为影视场景，和吸尘器推广语境不符
9772,UCbpR4t2oobby7HQ23uksLQw,kapol,https://cn--xtb.noxinfluencer.com/youtube/channel/UCbpR4t2oobby7HQ23uksLQw,-20,badcase,娱乐混色短视频，和家电推广场景不匹配
9773,UCG90Kmiwl_zQS0uHu7qK1GA,Max HandyPro,https://cn--xtb.noxinfluencer.com/youtube/channel/UCG90Kmiwl_zQS0uHu7qK1GA,-8,badcase,仅有家装DIY弱相关，近期内容全是本地安装维修非吸尘器推广
9774,UCkW8TsE0TPiysRyP4Kr9raQ,The Real FeeNicole,https://cn--xtb.noxinfluencer.com/youtube/channel/UCkW8TsE0TPiysRyP4Kr9raQ,-8,badcase,仅家居弱相关，近期多为vlog/穿搭/生活，缺少清洁产品意图
9775,UCU0cV0dRCTgz32obkKkV7Mg,Willow Hand,https://cn--xtb.noxinfluencer.com/youtube/channel/UCU0cV0dRCTgz32obkKkV7Mg,-10,badcase,旅行+马术+时尚向，和吸尘器推广关联弱
9776,UCKlxi-E_4EHJL8byf8-B5dg,Kade Cooks,https://cn--xtb.noxinfluencer.com/youtube/channel/UCKlxi-E_4EHJL8byf8-B5dg,-5,badcase,仅有泛产品评测标签，近10条与吸尘器无关
9777,UCtcyYI7EuFZsQh8e3Ag6fBQ,Sam325,https://cn--xtb.noxinfluencer.com/youtube/channel/UCtcyYI7EuFZsQh8e3Ag6fBQ,-20,badcase,剧情娱乐频道，格式与吸尘器推广明显不符
9780,UCL6QUlmDbhUk_PGvdso_NXQ,Notificaciones De USA,https://cn--xtb.noxinfluencer.com/youtube/channel/UCL6QUlmDbhUk_PGvdso_NXQ,-25,badcase,游戏频道，内容与吸尘器推广不相关
9781,UC-7jmL9a68IdRErAm9FVrNA,Creations By Miss,https://cn--xtb.noxinfluencer.com/youtube/channel/UC-7jmL9a68IdRErAm9FVrNA,-10,badcase,手工频道，近期内容多为手作和整理，和吸尘器推广关联弱
9782,UCk_HDM7eygeTxhckNdSGDUQ,Name Bubbles,https://cn--xtb.noxinfluencer.com/youtube/channel/UCk_HDM7eygeTxhckNdSGDUQ,-10,badcase,内容围绕标签贴纸和亲子生活，和吸尘器推广无关，近期内容也全不匹配
9783,UCPUaC0w_WUDtOyCVIBna8Nw,Michigan Treetop Media,https://cn--xtb.noxinfluencer.com/youtube/channel/UCPUaC0w_WUDtOyCVIBna8Nw,-10,badcase,频道以热水浴缸/户外内容为主，与吸尘器推广无关，近10条也无相关内容
9784,UCNFAu7_95zv_oIzjDB0_Nmg,BriannaCole,https://cn--xtb.noxinfluencer.com/youtube/channel/UCNFAu7_95zv_oIzjDB0_Nmg,-20,badcase,近期10条全为电影/短剧内容，与吸尘器推广场景明显不符
9786,UCk5K_JebMMDE0RvAh0pKDSw,Bariirah’s LifeStyle,https://cn--xtb.noxinfluencer.com/youtube/channel/UCk5K_JebMMDE0RvAh0pKDSw,-35,badcase,喜剧/搞笑娱乐频道，和扫地机推广场景明显不符
9787,UCCT1D64HLu35TcVaPATJvHA,BrodyGT,https://cn--xtb.noxinfluencer.com/youtube/channel/UCCT1D64HLu35TcVaPATJvHA,-35,badcase,VR游戏频道，与扫地机推广无关
9788,UCE2d8SQOv3P4Nyht5vfe-zQ,BERNINA USA,https://cn--xtb.noxinfluencer.com/youtube/channel/UCE2d8SQOv3P4Nyht5vfe-zQ,-10,badcase,缝纫频道，缺少吸尘清洁意图，相关性弱
9789,UCzmdnpy2Mm9aEFy6ph8ZyRw,Lil PieO,https://cn--xtb.noxinfluencer.com/youtube/channel/UCzmdnpy2Mm9aEFy6ph8ZyRw,-35,badcase,音乐娱乐频道，和扫地机推广场景不匹配
9790,UCBEnCxO8a3XALej_xa9ZtrQ,Dood76,https://cn--xtb.noxinfluencer.com/youtube/channel/UCBEnCxO8a3XALej_xa9ZtrQ,-20,badcase,游戏/金融频道，近期内容全无清洁家电意图，推广相关性很低
9791,UCvv7g6YakpIul-b2xKSnH0A,Jab We Met Bollywood,https://cn--xtb.noxinfluencer.com/youtube/channel/UCvv7g6YakpIul-b2xKSnH0A,-25,badcase,娱乐/影视/美食为主，与吸尘器推广不符，近期内容也无关
9792,UC9cOrZgzuF05HXx35S1wjkQ,Hydro Mobile Detailing,https://cn--xtb.noxinfluencer.com/youtube/channel/UC9cOrZgzuF05HXx35S1wjkQ,-25,badcase,卡清ASMR/解压视频为主，属于强格式不匹配，不适合吸尘器推广
9793,UCFvxUdKxflHQxuhFv6tWsfg,Ma ♥ Ambience,https://cn--xtb.noxinfluencer.com/youtube/channel/UCFvxUdKxflHQxuhFv6tWsfg,-25,badcase,白噪音/ASMR氛围频道，物理产品推广格式强不匹配
9795,UCj-ITA8klNrZ8rYyw3OwAJg,Mobile StairLift,https://cn--xtb.noxinfluencer.com/youtube/channel/UCj-ITA8klNrZ8rYyw3OwAJg,-10,badcase,升降椅安装指南频道，和吸尘器类目无关，近期内容也不匹配
9796,UC8eLMQZt1am4viGb8fYLyLQ,Warrior House DIY,https://cn--xtb.noxinfluencer.com/youtube/channel/UC8eLMQZt1am4viGb8fYLyLQ,-7,badcase,家居DIY相关，但近期内容偏木工/生存/创业，缺少清洁家电购买语境
9799,UCT84A4f0S6PVC9qeqyakyvg,goBILDA,https://cn--xtb.noxinfluencer.com/youtube/channel/UCT84A4f0S6PVC9qeqyakyvg,-4,badcase,内容以机器人搭建为主，和吸尘器家电推广关联弱
9800,UC2MlzXEkOnRsmet8k8iod7w,FanFusion_Network,https://cn--xtb.noxinfluencer.com/youtube/channel/UC2MlzXEkOnRsmet8k8iod7w,-25,badcase,屋顶施工垂类，和家用吸尘器推广场景明显不符
9801,UCRivQef1vT634X9OCUMSX0Q,Impact Division,https://cn--xtb.noxinfluencer.com/youtube/channel/UCRivQef1vT634X9OCUMSX0Q,-25,badcase,游戏娱乐频道，近期全是赛车和游戏内容，与吸尘器推广严重不符
9802,UCzIo_huGp9cNGWYhP9WCDZw,zesaybeauty,https://cn--xtb.noxinfluencer.com/youtube/channel/UCzIo_huGp9cNGWYhP9WCDZw,-10,badcase,美业治疗频道，内容与吸尘器推广无关且近期也不匹配
9803,UCRQ5fnRPvpoUIYq_NyP5hng,Tim - AI For Local Businesses,https://cn--xtb.noxinfluencer.com/youtube/channel/UCRQ5fnRPvpoUIYq_NyP5hng,-1,badcase,企业AI话题，和吸尘器推广几乎无关
9804,UCRQ5vdVJc79SiqhfM794dcA,qwe1122,https://cn--xtb.noxinfluencer.com/youtube/channel/UCRQ5vdVJc79SiqhfM794dcA,-10,badcase,校园搞笑频道，近期多为情侣和炫车内容，和吸尘器不相关
9807,UCGhp7CiXoZZdiSDUWj-dQpw,SlushyStudent38,https://cn--xtb.noxinfluencer.com/youtube/channel/UCGhp7CiXoZZdiSDUWj-dQpw,-25,badcase,顶级标签为说唱艺人，近期全是汽车短视频，与吸尘器推广完全不符
9808,UCCsREoj8rSRkEvxWqxr74rQ,Cybernews,https://cn--xtb.noxinfluencer.com/youtube/channel/UCCsREoj8rSRkEvxWqxr74rQ,-7,badcase,偏科技安全新闻，缺少吸尘器购买或测评语境，近10条也基本不相关
9809,UCXBQow5_56NRb__eNuU2W5w,Solo Animation,https://cn--xtb.noxinfluencer.com/youtube/channel/UCXBQow5_56NRb__eNuU2W5w,-35,badcase,频道以游戏/动画/音乐梗内容为主，与吸尘器推广场景不匹配
9810,UCwd0gn63l-cqJJXRC5NM0kg,E SHOP,https://cn--xtb.noxinfluencer.com/youtube/channel/UCwd0gn63l-cqJJXRC5NM0kg,-9,badcase,以家居泛类为主，无吸尘器相关；近10条内容均不匹配
9811,UCEobwGnLSr98JC17zGvNfOA,L&L Skin Global,https://cn--xtb.noxinfluencer.com/youtube/channel/UCEobwGnLSr98JC17zGvNfOA,-26,badcase,ASMR美妆/护肤频道，和吸尘器推广场景明显错位
9812,UCGzB0on9CB8uBztbmgDd_gg,afhgxvzx,https://cn--xtb.noxinfluencer.com/youtube/channel/UCGzB0on9CB8uBztbmgDd_gg,-13,badcase,纯搞笑娱乐内容，缺少家电评测或购物意图
9816,UCoV6kB0CmrxRkHdjd3Ng21g,LordWaff,https://cn--xtb.noxinfluencer.com/youtube/channel/UCoV6kB0CmrxRkHdjd3Ng21g,-25,badcase,娱乐/游戏为主，和家电清洁推广不匹配
9818,UC6tO8khMH3h0gb7jcds96MA,Overland Exposures,https://cn--xtb.noxinfluencer.com/youtube/channel/UC6tO8khMH3h0gb7jcds96MA,-10,badcase,户外摄影评测为主，与家用吸尘器关联弱
9819,UCvRWvPKi51OmgRnf4qTlMgw,LK TVideos,https://cn--xtb.noxinfluencer.com/youtube/channel/UCvRWvPKi51OmgRnf4qTlMgw,-37,badcase,游戏频道且近期开启放松音效内容，属于强格式错配
9820,UCOJCCLfqNgWNj4ZYlMhzBxw,Nub Memez,https://cn--xtb.noxinfluencer.com/youtube/channel/UCOJCCLfqNgWNj4ZYlMhzBxw,-25,badcase,以表情包动画为主，娱乐属性过强，不适合吸尘器推广
9821,UCBXpmvBZ5__WlTP8tyv07YQ,PolishHammer,https://cn--xtb.noxinfluencer.com/youtube/channel/UCBXpmvBZ5__WlTP8tyv07YQ,-25,badcase,核心是大麻种植/戏仿，和吸尘器推广完全不相干
9822,UCOpyC5Vuvjyw9GUH97yQWGw,3R Sales & Service,https://cn--xtb.noxinfluencer.com/youtube/channel/UCOpyC5Vuvjyw9GUH97yQWGw,-8,badcase,清洗服务相关但偏高压洗车，不是吸尘器推广场景
9823,UCK_qwlvj4ZQobgDsalN_Pvg,Hoffman Engineering,https://cn--xtb.noxinfluencer.com/youtube/channel/UCK_qwlvj4ZQobgDsalN_Pvg,-10,badcase,3D打印/激光/数控内容，与吸尘器推广无关
9825,UCR9Gl6VNqtvUTdajc_xUDIg,Workin' With Wiley,https://cn--xtb.noxinfluencer.com/youtube/channel/UCR9Gl6VNqtvUTdajc_xUDIg,-10,badcase,重型DIY/卡车改装内容，和吸尘器推广不匹配
9826,UCnmfDBOce35pEd2tkkOqmsQ,Andrew Cabrera,https://cn--xtb.noxinfluencer.com/youtube/channel/UCnmfDBOce35pEd2tkkOqmsQ,-10,badcase,健身/游戏类频道，和吸尘器推广无直接关联
9827,UCMD5dw_8FCyaHPjztP5sklw,Ron Brown (RonBrown'sBest),https://cn--xtb.noxinfluencer.com/youtube/channel/UCMD5dw_8FCyaHPjztP5sklw,-10,badcase,木工工具频道，和家用吸尘器受众不匹配
9828,UCqYusJNP7LXGbPGTU7cMakg,Body Scents,https://cn--xtb.noxinfluencer.com/youtube/channel/UCqYusJNP7LXGbPGTU7cMakg,-10,badcase,香氛美妆频道，和吸尘器类目基本不相干
9829,UC9FjS0nbUsqyX3tiQvZ13TQ,Lighter Expo,https://cn--xtb.noxinfluencer.com/youtube/channel/UC9FjS0nbUsqyX3tiQvZ13TQ,-13,badcase,仅有弱家居/DIY重叠，近期集中打火机和手机小物，非吸尘器推广场景
9830,UC16eNQvXkmxFrgmTdnPJKuA,小头猫静,https://cn--xtb.noxinfluencer.com/youtube/channel/UC16eNQvXkmxFrgmTdnPJKuA,-10,badcase,母婴频道，和吸尘器推广关联很弱
9831,UCf0ykHmtu74tWVTxTG6GDWA,José luis Yajamín,https://cn--xtb.noxinfluencer.com/youtube/channel/UCf0ykHmtu74tWVTxTG6GDWA,-10,badcase,标牌印刷制作频道，与吸尘器推广无关，近期内容全偏题
9832,UCJDBnRAVXQjepDwl8D_ZWQg,The Pollard Family,https://cn--xtb.noxinfluencer.com/youtube/channel/UCJDBnRAVXQjepDwl8D_ZWQg,-7,badcase,家庭Vlog为主，缺少家电测评语境，仅有少量安装内容
9834,UCKzm3wiij7oy9l8LsYEhzeA,Engines & Elbow Grease,https://cn--xtb.noxinfluencer.com/youtube/channel/UCKzm3wiij7oy9l8LsYEhzeA,-15,badcase,车辆/农机维修频道，和家用吸尘器推广场景不符
9835,UC9vJBRvm204SzoMspMEk0tQ,World of Ozz,https://cn--xtb.noxinfluencer.com/youtube/channel/UC9vJBRvm204SzoMspMEk0tQ,-10,badcase,滑雪旅行相机内容，与吸尘器推广无关
9836,UCrICWDdkaM-RA697dQLGvSA,Anthony M. Davis,https://cn--xtb.noxinfluencer.com/youtube/channel/UCrICWDdkaM-RA697dQLGvSA,-10,badcase,自我成长型频道，和吸尘器推广几乎无关
9837,UCmcTFmf1si_F6XfNGFjPTXg,mr. boogeyman asmr,https://cn--xtb.noxinfluencer.com/youtube/channel/UCmcTFmf1si_F6XfNGFjPTXg,-35,badcase,ASMR/助眠内容，与吸尘器推广场景强不匹配
9838,UCnj_4Tu8LBkgkhlZdDcQtiA,Ladybug Laboratory,https://cn--xtb.noxinfluencer.com/youtube/channel/UCnj_4Tu8LBkgkhlZdDcQtiA,-10,badcase,手工缝纫频道，和吸尘器推广缺少直接相关
9839,UCfGsOqiNgEVGyJ8xbounCuQ,CineChatter,https://cn--xtb.noxinfluencer.com/youtube/channel/UCfGsOqiNgEVGyJ8xbounCuQ,-20,badcase,搞笑短视频频道，内容形式与产品推广不匹配
9840,UCV2911Qoz2Ni_wX-u05U8aw,2020 Theory,https://cn--xtb.noxinfluencer.com/youtube/channel/UCV2911Qoz2Ni_wX-u05U8aw,-25,badcase,纯音乐/流媒体频道，难以承接吸尘器推广
9841,UCIwOYoluQ2LjXVXApJryN3g,Chris Crossed,https://cn--xtb.noxinfluencer.com/youtube/channel/UCIwOYoluQ2LjXVXApJryN3g,-10,badcase,频道以电助力自行车为主，与吸尘器推广无关。
9842,UCoINp5eG4BxyTCad9ZSO9UA,Best Outdoor Lab,https://cn--xtb.noxinfluencer.com/youtube/channel/UCoINp5eG4BxyTCad9ZSO9UA,-24,badcase,户外露营装备频道，缺少吸尘器/家清购买评测信号
9843,UC2GVgfBpsJhN8mMMCnPYmpQ,De USA al Rancho,https://cn--xtb.noxinfluencer.com/youtube/channel/UC2GVgfBpsJhN8mMMCnPYmpQ,-25,badcase,娱乐/病毒式短视频频道，格式和吸尘器推广明显不匹配。
9845,UCy56S2WRT-kwuHSqAEmV7cw,WEE CAPITAL,https://cn--xtb.noxinfluencer.com/youtube/channel/UCy56S2WRT-kwuHSqAEmV7cw,-25,badcase,ASMR和慢生活内容为主，属于典型产品推广格式不匹配。
9846,UCAUfk7_bgWiYBpei0q-NHkA,Purrfect Chanel,https://cn--xtb.noxinfluencer.com/youtube/channel/UCAUfk7_bgWiYBpei0q-NHkA,-25,badcase,猫咪娱乐频道，与吸尘器产品推广场景明显不匹配
9847,UCMLzbZ_tS4D3PI_u_tXTFPA,gravityplug,https://cn--xtb.noxinfluencer.com/youtube/channel/UCMLzbZ_tS4D3PI_u_tXTFPA,-25,badcase,娱乐/歌词/音乐内容，和吸尘器促销意图不符
9848,UCLSiVzImCm8I_n7qOQnBb9A,Valencia Theater Seating,https://cn--xtb.noxinfluencer.com/youtube/channel/UCLSiVzImCm8I_n7qOQnBb9A,-9,badcase,家居场景仅弱相关，近期内容全是座椅沙发，缺少清洁电器语境
9849,UCxClNZ5GvA0nn2nNb7wtdyQ,Sstvshow,https://cn--xtb.noxinfluencer.com/youtube/channel/UCxClNZ5GvA0nn2nNb7wtdyQ,-20,badcase,猎奇剧情向内容，和吸尘器推广场景不匹配
9850,UCp9GmsywyVNLdpu8iB0d9Mg,Tim Welch Vocal Studio,https://cn--xtb.noxinfluencer.com/youtube/channel/UCp9GmsywyVNLdpu8iB0d9Mg,-10,badcase,人声/音乐分析频道，与吸尘器购买场景无关
9851,UCNbkgVh6_xqX2LmX38xIBDg,FLUID Group Research,https://cn--xtb.noxinfluencer.com/youtube/channel/UCNbkgVh6_xqX2LmX38xIBDg,-10,badcase,科研题材为主，和吸尘器产品推广基本无关
9852,UCMVxyNkZf1E4MpvykJ5Y4Jg,Accounting 4 Cycling,https://cn--xtb.noxinfluencer.com/youtube/channel/UCMVxyNkZf1E4MpvykJ5Y4Jg,-15,badcase,有评测/开箱格式但主域为骑行会计，近热视频与吸尘器不符
9853,UCDwzq9ZHOcZdgbvtBPPThtA,Jackie Sawbo,https://cn--xtb.noxinfluencer.com/youtube/channel/UCDwzq9ZHOcZdgbvtBPPThtA,-3,badcase,有清洁/家居弱相关，但近10条全是美食内容，推广吸尘器不匹配
9854,UCXW3rnYw_a2IUVw-tS0FCmg,Ks. Nguyễn Đức Tiến Luyện - Thi Công Cơ Điện,https://cn--xtb.noxinfluencer.com/youtube/channel/UCXW3rnYw_a2IUVw-tS0FCmg,-8,badcase,工程机电内容偏工业施工，和家用吸尘器推广场景不匹配
9855,UCY0MMCZkIbNvwrtZckn_xBg,The L’AzjaDanne’,https://cn--xtb.noxinfluencer.com/youtube/channel/UCY0MMCZkIbNvwrtZckn_xBg,-9,badcase,近期有清洁内容，但无标签且整体是生活日常，吸尘器推广支撑弱
9856,UC0MtyekPWXCjULopSi2XwfQ,CRACK VIDEO,https://cn--xtb.noxinfluencer.com/youtube/channel/UC0MtyekPWXCjULopSi2XwfQ,-8,badcase,以施工维修为主，近10条无吸尘器相关内容
9857,UCzXUzuWSNEflyvFw27VT_qA,Katherine Alex,https://cn--xtb.noxinfluencer.com/youtube/channel/UCzXUzuWSNEflyvFw27VT_qA,-10,badcase,生活vlog频道，近10条无吸尘器相关测评/清洁工具内容
9858,UC4a5CqN59H9SxdU7JEHXpRQ,"MOPO Sanitary Wares Co., Ltd",https://cn--xtb.noxinfluencer.com/youtube/channel/UC4a5CqN59H9SxdU7JEHXpRQ,-9,badcase,频道主营卫浴五金，近期均为花洒/龙头/水槽，与吸尘器推广无关
9859,UCH_YQoa3TzKHbk9Y-t8sMgg,Msnaturally Mary,https://cn--xtb.noxinfluencer.com/youtube/channel/UCH_YQoa3TzKHbk9Y-t8sMgg,-10,badcase,家庭时尚母婴内容，近期无清洁/家电相关，和吸尘器推广不匹配
9860,UCCeoIS2pfSYZ8cFRuZt95dA,TDF Honest Farming,https://cn--xtb.noxinfluencer.com/youtube/channel/UCCeoIS2pfSYZ8cFRuZt95dA,-20,badcase,农场/奶牛内容与家用吸尘器推广人群明显不匹配
9861,UCm_AxRZUc7Eom9vdEzrmbDQ,Camera Insider,https://cn--xtb.noxinfluencer.com/youtube/channel/UCm_AxRZUc7Eom9vdEzrmbDQ,-15,badcase,相机测评垂类，近期全为摄影器材，非吸尘器推广场景
9862,UCokdjffcstkpeajIqrlQDhA,Rosselly,https://cn--xtb.noxinfluencer.com/youtube/channel/UCokdjffcstkpeajIqrlQDhA,-10,badcase,美妆穿搭频道，与吸尘器推广无关，近期内容也不匹配
9863,UCcmNiLO5uSGS2-kSNIQX9vg,Lukyanov_life Youtube,https://cn--xtb.noxinfluencer.com/youtube/channel/UCcmNiLO5uSGS2-kSNIQX9vg,-25,badcase,娱乐短视频频道，题材和吸尘器投放明显不匹配
9864,UClsF7VuJEMRzgMzofkzo7kw,Furniture Row,https://cn--xtb.noxinfluencer.com/youtube/channel/UClsF7VuJEMRzgMzofkzo7kw,-9,badcase,家具/床垫频道，仅弱家居场景相关，近10条均非吸尘器内容
9865,UCHuHrvpx2-dTTx2VEd6jsCQ,Chronarium,https://cn--xtb.noxinfluencer.com/youtube/channel/UCHuHrvpx2-dTTx2VEd6jsCQ,-22,badcase,ASMR/故事向内容，属于明显形式错配，不适合吸尘器推广
9866,UCv5kTrVK5TNGAddqqNZZycA,What's Best Forum,https://cn--xtb.noxinfluencer.com/youtube/channel/UCv5kTrVK5TNGAddqqNZZycA,-25,badcase,音频器材频道，与吸尘器推广场景不符，近10条也全是音频内容
9867,UCcF10lOSqu4G5KP79pzzBkg,The Olexis Show 👑😎,https://cn--xtb.noxinfluencer.com/youtube/channel/UCcF10lOSqu4G5KP79pzzBkg,-25,badcase,时尚奢侈生活方式频道，与吸尘器推广无关，近期内容也不支持
9868,UCvdoY5POmgsQj4_g7vGgVkg,Curls of a CPA,https://cn--xtb.noxinfluencer.com/youtube/channel/UCvdoY5POmgsQj4_g7vGgVkg,-10,badcase,美发护理频道，虽有产品内容但与吸尘器品类缺乏关联
9870,UCoc4iO1r4Bv0kuABk5PUwdw,Duncan Sinfield,https://cn--xtb.noxinfluencer.com/youtube/channel/UCoc4iO1r4Bv0kuABk5PUwdw,-10,badcase,航拍风光频道，与家电类推广无关，近10条均为城市/航拍内容
9871,UCA9GlAGvSMsoXBPR77JTTJQ,Raley's Small Engines,https://cn--xtb.noxinfluencer.com/youtube/channel/UCA9GlAGvSMsoXBPR77JTTJQ,-10,badcase,全是割草机维修内容，和吸尘器投放几乎无关
9873,UCLrV64GvKvajKJM1Ksb3nAQ,clean cuts lawn care,https://cn--xtb.noxinfluencer.com/youtube/channel/UCLrV64GvKvajKJM1Ksb3nAQ,-10,badcase,核心内容是草坪养护与路由经营，和吸尘器推广不匹配
9875,UCG90Kmiwl_zQS0uHu7qK1GA,Max HandyPro,https://cn--xtb.noxinfluencer.com/youtube/channel/UCG90Kmiwl_zQS0uHu7qK1GA,-8,badcase,家装维修号，仅弱关联家用吸尘器，近10条内容均不匹配
9876,UCcZ6UM4u0u9DbAycPOUeJnQ,Jonny Trego,https://cn--xtb.noxinfluencer.com/youtube/channel/UCcZ6UM4u0u9DbAycPOUeJnQ,-10,badcase,无人机频道，近10条内容与吸尘器推广无关
9877,UCxf1KQ43_jAtYLJa1WqSxoA,Home by Lions,https://cn--xtb.noxinfluencer.com/youtube/channel/UCxf1KQ43_jAtYLJa1WqSxoA,-10,badcase,家装维修频道，但缺少清洁电器/评测意图
9878,UCXq1xlfIpiuezU1zde9VUNQ,Silas Tales,https://cn--xtb.noxinfluencer.com/youtube/channel/UCXq1xlfIpiuezU1zde9VUNQ,-25,badcase,短视频事实号，格式与吸尘器产品推广明显不符
9879,UC1tYfDarXW-fe5fLu9W6HLQ,John Recap,https://cn--xtb.noxinfluencer.com/youtube/channel/UC1tYfDarXW-fe5fLu9W6HLQ,-25,badcase,影视解说频道，娱乐向内容与吸尘器推广不适配
9881,UCGfq9ZuPeV1lAtD6mXlFrhQ,King40,https://cn--xtb.noxinfluencer.com/youtube/channel/UCGfq9ZuPeV1lAtD6mXlFrhQ,-22,badcase,娱乐搞笑篮球频道，与吸尘器推广场景和购买意图无关
9882,UCRpQS0MNUKJIQ-iIRm-jb3w,Mason Myles,https://cn--xtb.noxinfluencer.com/youtube/channel/UCRpQS0MNUKJIQ-iIRm-jb3w,-25,badcase,频道以娱乐/游戏为主，近期内容也偏科技杂谈，和吸尘器推广场景不匹配
9883,UCL6QUlmDbhUk_PGvdso_NXQ,Notificaciones De USA,https://cn--xtb.noxinfluencer.com/youtube/channel/UCL6QUlmDbhUk_PGvdso_NXQ,-10,badcase,游戏频道，近期内容为天气/雪景，和吸尘器推广无关
9884,UCLMhW7vaJiyYiwgfyhESsFA,Abandoned Editz,https://cn--xtb.noxinfluencer.com/youtube/channel/UCLMhW7vaJiyYiwgfyhESsFA,-25,badcase,以糖果ASMR/短视频为主，和吸尘器购买推广场景不匹配
9885,UC-7jmL9a68IdRErAm9FVrNA,Creations By Miss,https://cn--xtb.noxinfluencer.com/youtube/channel/UC-7jmL9a68IdRErAm9FVrNA,-10,badcase,频道以手工/DIY为主，近10条与吸尘器推广无关
9886,UCk_HDM7eygeTxhckNdSGDUQ,Name Bubbles,https://cn--xtb.noxinfluencer.com/youtube/channel/UCk_HDM7eygeTxhckNdSGDUQ,-10,badcase,母婴和标签整理内容为主，与吸尘器推广场景弱相关且近期不匹配
9887,UCPUaC0w_WUDtOyCVIBna8Nw,Michigan Treetop Media,https://cn--xtb.noxinfluencer.com/youtube/channel/UCPUaC0w_WUDtOyCVIBna8Nw,-10,badcase,热水浴缸/户外/DIY为主，缺少吸尘器相关清洁购买场景
9888,UCdLKC06y346MU9fovlsOm1g,Phnom Penh Real Estate,https://cn--xtb.noxinfluencer.com/youtube/channel/UCdLKC06y346MU9fovlsOm1g,-4,badcase,清洁泛相关但偏DIY清洁技巧，无吸尘器评测/购买意图
9889,UCk5K_JebMMDE0RvAh0pKDSw,Bariirah’s LifeStyle,https://cn--xtb.noxinfluencer.com/youtube/channel/UCk5K_JebMMDE0RvAh0pKDSw,-25,badcase,娱乐搞笑内容为主，近期内容与吸尘器产品推广场景明显不匹配
9890,UCCT1D64HLu35TcVaPATJvHA,BrodyGT,https://cn--xtb.noxinfluencer.com/youtube/channel/UCCT1D64HLu35TcVaPATJvHA,-25,badcase,游戏娱乐频道为主，内容格式与吸尘器产品推广无关
9891,UCE2d8SQOv3P4Nyht5vfe-zQ,BERNINA USA,https://cn--xtb.noxinfluencer.com/youtube/channel/UCE2d8SQOv3P4Nyht5vfe-zQ,-10,badcase,缝纫工坊内容，近10条都不适合吸尘器推广。
9892,UCzmdnpy2Mm9aEFy6ph8ZyRw,Lil PieO,https://cn--xtb.noxinfluencer.com/youtube/channel/UCzmdnpy2Mm9aEFy6ph8ZyRw,-25,badcase,音乐娱乐频道，和吸尘器推广场景明显不符。
9893,UCzNp-GAKrdlMuXJta6w7Pkw,Pran Kind,https://cn--xtb.noxinfluencer.com/youtube/channel/UCzNp-GAKrdlMuXJta6w7Pkw,-2,badcase,仅AI图片短视频，缺少吸尘器相关受众与场景。
9894,UCBEnCxO8a3XALej_xa9ZtrQ,Dood76,https://cn--xtb.noxinfluencer.com/youtube/channel/UCBEnCxO8a3XALej_xa9ZtrQ,-20,badcase,以游戏和财经内容为主，和吸尘器推广不匹配。
9895,UCvv7g6YakpIul-b2xKSnH0A,Jab We Met Bollywood,https://cn--xtb.noxinfluencer.com/youtube/channel/UCvv7g6YakpIul-b2xKSnH0A,-25,badcase,宝莱坞娱乐向频道，与吸尘器推广场景明显不符。
9896,UC9cOrZgzuF05HXx35S1wjkQ,Hydro Mobile Detailing,https://cn--xtb.noxinfluencer.com/youtube/channel/UC9cOrZgzuF05HXx35S1wjkQ,-22,badcase,ASMR汽车清洁频道，和家用吸尘器推广格式与场景都不匹配
9897,UCEr6wgcy7Gto8cCQhcWE7Lg,Auto View,https://cn--xtb.noxinfluencer.com/youtube/channel/UCEr6wgcy7Gto8cCQhcWE7Lg,-25,badcase,工业制砖机频道，和吸尘器受众几乎无交集
9899,UCThrlhsbO7PFSEgnqnFLD4w,Truck Access Plus,https://cn--xtb.noxinfluencer.com/youtube/channel/UCThrlhsbO7PFSEgnqnFLD4w,-10,badcase,卡车配件频道，近期内容全是安装改装，与家用吸尘器不符
9900,UCl7saz8oImfytlSX6vTtKZA,Sean Buckley,https://cn--xtb.noxinfluencer.com/youtube/channel/UCl7saz8oImfytlSX6vTtKZA,-10,badcase,健身健康频道，近期内容与吸尘器推广几乎无关
9901,UCoFGoGC7c2b44SKB7XTmKEQ,ARCH JOLTZ,https://cn--xtb.noxinfluencer.com/youtube/channel/UCoFGoGC7c2b44SKB7XTmKEQ,-25,badcase,游戏射击频道，近10条均为Arma实况，与吸尘器推广无关
9902,UCoYAt3MEhOhBRzcXJWIvaSw,Juliann,https://cn--xtb.noxinfluencer.com/youtube/channel/UCoYAt3MEhOhBRzcXJWIvaSw,-10,badcase,军旅生活Vlog，近10条多为旅行/财经内容，与吸尘器场景不匹配
9903,UC-gtr9a4n9aiGhDyBcuAJgw,Fáme Short,https://cn--xtb.noxinfluencer.com/youtube/channel/UC-gtr9a4n9aiGhDyBcuAJgw,-10,badcase,抽奖/娱乐短视频频道，近10条均为直播开奖，与吸尘器推广无关
9904,UCfilBW4Xzc8E88jtsJI_O0Q,ASMR Eash,https://cn--xtb.noxinfluencer.com/youtube/channel/UCfilBW4Xzc8E88jtsJI_O0Q,-35,badcase,ASMR剃须频道，属于音频放松内容，和吸尘器推广强冲突
9905,UC0N2Uy2ucNH91j9TaoXrpmw,Choubao,https://cn--xtb.noxinfluencer.com/youtube/channel/UC0N2Uy2ucNH91j9TaoXrpmw,-25,badcase,动画搞笑频道，内容与吸尘器推广场景明显不符，近10条也无相关内容
9906,UCfeXp2K1RtEHN9I32MvE0Hw,Cooking With Peter,https://cn--xtb.noxinfluencer.com/youtube/channel/UCfeXp2K1RtEHN9I32MvE0Hw,-25,badcase,频道以烹饪和厨房电器为主，缺少吸尘器推广语境
9907,UCg9SxSah2uSCa7_yxU6w4vg,Mocki,https://cn--xtb.noxinfluencer.com/youtube/channel/UCg9SxSah2uSCa7_yxU6w4vg,-25,badcase,宠物娱乐频道，受众和吸尘器人群不匹配
9908,UCHaZkpz_awfhJ2jWjv5HMuA,Life With Karisha,https://cn--xtb.noxinfluencer.com/youtube/channel/UCHaZkpz_awfhJ2jWjv5HMuA,-10,badcase,美妆香氛/开箱型频道，缺少家清或家电使用场景
9909,UChIjXIrzhO0AdmE4-7csNCw,TARA'S NEVER SEEN!!,https://cn--xtb.noxinfluencer.com/youtube/channel/UChIjXIrzhO0AdmE4-7csNCw,-25,badcase,医疗健康频道，和吸尘器推广场景基本无关
9910,UCo5UJUqlB-wnL-It6TTFxIQ,Dr Zaid Fadul (MD),https://cn--xtb.noxinfluencer.com/youtube/channel/UCo5UJUqlB-wnL-It6TTFxIQ,-25,badcase,医疗健康频道，近10条均与吸尘器推广无关
9911,UCR2jk9tyih6mE4jxYgDj8aQ,Alex Repair,https://cn--xtb.noxinfluencer.com/youtube/channel/UCR2jk9tyih6mE4jxYgDj8aQ,-9,badcase,以俄语音乐/宗教内容为主，只有泛泛DIY，和吸尘器推广不匹配
9912,UCcByEoHG6oiqBzWdSWs6oYg,Kibble Equipment,https://cn--xtb.noxinfluencer.com/youtube/channel/UCcByEoHG6oiqBzWdSWs6oYg,-20,badcase,农业机械频道，受众和吸尘器消费场景差异大
9913,UC0VRbLeer_BZZhvQ-K9O4_Q,"Katie Clark, IBCLC | The Breastfeeding Mama",https://cn--xtb.noxinfluencer.com/youtube/channel/UC0VRbLeer_BZZhvQ-K9O4_Q,-10,badcase,母婴哺乳内容，和吸尘器无直接产品或场景关联
9914,UCc3JXhrNeLhHKK1Z5jNGJ7A,Tierney Nicole,https://cn--xtb.noxinfluencer.com/youtube/channel/UCc3JXhrNeLhHKK1Z5jNGJ7A,-9,badcase,家庭日常vlog，只有泛母婴受众，缺少清洁家电购买意图
9915,UC6CnQrNCA3Y-lIvYeHDaGgw,Dirt Dudes,https://cn--xtb.noxinfluencer.com/youtube/channel/UC6CnQrNCA3Y-lIvYeHDaGgw,-25,badcase,越野车/UTV频道，品类完全错位
9916,UCydSdaB8CZ9AFZjPsG3BwEw,Joroto Fitness,https://cn--xtb.noxinfluencer.com/youtube/channel/UCydSdaB8CZ9AFZjPsG3BwEw,-10,badcase,健身器材频道，与吸尘器推广场景不相关，近10条内容均明显不匹配
9917,UCLPD11-HqiC9qCliIf7udbA,Naudia Exotica,https://cn--xtb.noxinfluencer.com/youtube/channel/UCLPD11-HqiC9qCliIf7udbA,-10,badcase,内容偏变装/娱乐/DIY，与吸尘器推广几乎无关
9918,UCVc3Ech662fnCad3yz_Al2g,burnout,https://cn--xtb.noxinfluencer.com/youtube/channel/UCVc3Ech662fnCad3yz_Al2g,-7,badcase,以购物/杂项评测为主，近期内容多为尼古丁、工具等，缺少吸尘器相关场景
9919,UC6Innz45NlFhxjtkdqg3VTQ,Liz Amazing,https://cn--xtb.noxinfluencer.com/youtube/channel/UC6Innz45NlFhxjtkdqg3VTQ,-10,badcase,RV生活频道，与吸尘器推广几乎无关，近期内容也不匹配
9920,UCfGgaYAkZ1PoV-_AtGY_OdA,StoopsThereItIs,https://cn--xtb.noxinfluencer.com/youtube/channel/UCfGgaYAkZ1PoV-_AtGY_OdA,-10,badcase,标签和近10条内容都与吸尘器推广无关
9922,UChpxNaZZqF9zMZTbtsgX0Ng,Gamedog RC,https://cn--xtb.noxinfluencer.com/youtube/channel/UChpxNaZZqF9zMZTbtsgX0Ng,-10,badcase,RC车垂类，和吸尘器投放无关
9923,UC_xR4HgiuzvUEA5g05bZggQ,Miles Miser,https://cn--xtb.noxinfluencer.com/youtube/channel/UC_xR4HgiuzvUEA5g05bZggQ,-10,badcase,旅行酒店内容，和吸尘器购买场景不匹配
9924,UC9eE-gpdWwdCvRe2EutI5MA,Uncharted Supply Co.,https://cn--xtb.noxinfluencer.com/youtube/channel/UC9eE-gpdWwdCvRe2EutI5MA,-5,badcase,偏生存装备与户外产品，非家用清洁器具受众
9925,UCv_zm49u-RjnCJVwhUO-ecA,gzumwalt,https://cn--xtb.noxinfluencer.com/youtube/channel/UCv_zm49u-RjnCJVwhUO-ecA,-10,badcase,3D打印机械频道，缺少家电/清洁品推广场景
9926,UCCiSwe5S7YMGZLvCd5RePJQ,Mate Gan,https://cn--xtb.noxinfluencer.com/youtube/channel/UCCiSwe5S7YMGZLvCd5RePJQ,-25,badcase,说唱娱乐频道，和吸尘器推广场景完全不符
9927,UCdFtzC7zhlqQrx0JpH2DzeA,Babcox Media,https://cn--xtb.noxinfluencer.com/youtube/channel/UCdFtzC7zhlqQrx0JpH2DzeA,-10,badcase,汽车维修媒体，和家用吸尘器受众不匹配
9928,UCFUA37kA9i--x4CKMSrFa1g,ILYA BOLTENKO,https://cn--xtb.noxinfluencer.com/youtube/channel/UCFUA37kA9i--x4CKMSrFa1g,-10,badcase,骑行旅行频道，和吸尘器产品推广关联很弱
9929,UCO0LP-5Ra56Zxp-28WbXNkQ,Plasma Zone,https://cn--xtb.noxinfluencer.com/youtube/channel/UCO0LP-5Ra56Zxp-28WbXNkQ,-10,badcase,儿童娱乐短视频，和吸尘器推广无关
9931,UCXRqkK3_CFe5uwjkcOTg0EA,RubberSideDown,https://cn--xtb.noxinfluencer.com/youtube/channel/UCXRqkK3_CFe5uwjkcOTg0EA,-25,badcase,游戏频道，近期内容与吸尘器推广无关
9932,UC5wB9-FFt2hmPmRq5ge8U5g,Парни из Камня,https://cn--xtb.noxinfluencer.com/youtube/channel/UC5wB9-FFt2hmPmRq5ge8U5g,-10,badcase,装修DIY频道，无吸尘器测评/清洁/家电购买意图，近期内容不匹配
9933,UCzEk-RNgNOK-_qYTwxxI1hw,Game Boss,https://cn--xtb.noxinfluencer.com/youtube/channel/UCzEk-RNgNOK-_qYTwxxI1hw,-22,badcase,爵士/咖啡氛围频道，属于明显格式错配
9934,UCpi7cARJWN5WErmPvm_tQIA,Mining America W/ Caleko Wheels Osteel,https://cn--xtb.noxinfluencer.com/youtube/channel/UCpi7cARJWN5WErmPvm_tQIA,-10,badcase,石材/采矿Vlog，近期内容与吸尘器推广无关
9936,UCtmXpOds4rol195voHjMdOw,Cooking with Friends🍴,https://cn--xtb.noxinfluencer.com/youtube/channel/UCtmXpOds4rol195voHjMdOw,-25,badcase,美食/ASMR频道，和吸尘器家电投放场景明显不符
9937,UCbIZkP21RHKnUHp4shzXWxw,Soft Season Diary,https://cn--xtb.noxinfluencer.com/youtube/channel/UCbIZkP21RHKnUHp4shzXWxw,-5,badcase,以情侣娱乐/生活为主，仅有泛家居购物信号，缺少清洁电器推广意图
9938,UCZRwot78HnxTRgMCeAG0KIw,Waldoch,https://cn--xtb.noxinfluencer.com/youtube/channel/UCZRwot78HnxTRgMCeAG0KIw,-25,badcase,汽车改装/货车频道，和吸尘器推广目标完全不匹配
9940,UCtYM4F5P_GdEX640JIy0hFA,Geertop Outdoor,https://cn--xtb.noxinfluencer.com/youtube/channel/UCtYM4F5P_GdEX640JIy0hFA,-10,badcase,露营户外频道，和吸尘器的推广场景关联很弱
9941,UCdL_ou9aZvVHH5b7Nl-ogpA,WizardDetectors,https://cn--xtb.noxinfluencer.com/youtube/channel/UCdL_ou9aZvVHH5b7Nl-ogpA,-5,badcase,产品测评泛向，但近期全是木工/金属探测，吸尘器促销相关性弱
9942,UCmGzq1tebIqcwUm6_zVKfug,SOG Knives,https://cn--xtb.noxinfluencer.com/youtube/channel/UCmGzq1tebIqcwUm6_zVKfug,-25,badcase,刀具/户外工具内容占主导，和吸尘器购买场景基本不相干
9943,UCgLr7xoTU3XgAeLrEYp51sw,Vortex Radar,https://cn--xtb.noxinfluencer.com/youtube/channel/UCgLr7xoTU3XgAeLrEYp51sw,-10,badcase,频道聚焦雷达探测器和行车记录仪，近期内容与吸尘器推广不匹配
9944,UC76fvm2-4d6hayqTd2QfS6Q,UCaughtTv,https://cn--xtb.noxinfluencer.com/youtube/channel/UC76fvm2-4d6hayqTd2QfS6Q,-9,badcase,虽有Cleaning标签，但近期是娱乐/社会向内容，非清洁器推广场景
9945,UCGNyuBl5CIX9gD4_6wE4Jyg,炭治郎与祢豆子,https://cn--xtb.noxinfluencer.com/youtube/channel/UCGNyuBl5CIX9gD4_6wE4Jyg,-10,badcase,动漫/剧情向频道，缺少产品或清洁场景，几乎不适合推广吸尘器
9946,UCQFjcfxx0Q4352EO-V_JMxQ,La Guarufa,https://cn--xtb.noxinfluencer.com/youtube/channel/UCQFjcfxx0Q4352EO-V_JMxQ,-25,badcase,音乐娱乐频道，近10条全不适合吸尘器推广
9947,UCxs1E_7ScAoFqLQfX34Rzaw,JBA University,https://cn--xtb.noxinfluencer.com/youtube/channel/UCxs1E_7ScAoFqLQfX34Rzaw,-10,badcase,音频设备教学号，与吸尘器推广无直接相关
9948,UCJZX6a9rNE5WrFGihWyKy7w,Yael Pena,https://cn--xtb.noxinfluencer.com/youtube/channel/UCJZX6a9rNE5WrFGihWyKy7w,-25,badcase,梗图游戏娱乐号，和吸尘器完全不搭
9949,UCsaL4i1kXC2ZxyU1H6mRCiA,RP3 Reviews,https://cn--xtb.noxinfluencer.com/youtube/channel/UCsaL4i1kXC2ZxyU1H6mRCiA,-24,badcase,手机和汽车科技频道，近期内容无吸尘器或家电购买评测场景
9950,UCr8FnCG2qr7eqMQRAxTfdUQ,Bayramgul,https://cn--xtb.noxinfluencer.com/youtube/channel/UCr8FnCG2qr7eqMQRAxTfdUQ,-25,badcase,ASMR/烹饪向，属于声音氛围频道，不适合吸尘器推广
9951,UCXazn-Ci7_PGMZBYAG7AS6g,The Plant's Meow,https://cn--xtb.noxinfluencer.com/youtube/channel/UCXazn-Ci7_PGMZBYAG7AS6g,-23,badcase,家居弱相关但频道偏植物宠物，近期内容多为猫/猫砂盆非吸尘器推广
9953,UCCDLitRvL5z7j_1ssvPmlzQ,BoostTechTV,https://cn--xtb.noxinfluencer.com/youtube/channel/UCCDLitRvL5z7j_1ssvPmlzQ,-25,badcase,汽车垂类频道，和通用吸尘器推广受众不匹配
9954,UCrHZ-f4loG8xNFmTqbSM9Pg,Cheqroom,https://cn--xtb.noxinfluencer.com/youtube/channel/UCrHZ-f4loG8xNFmTqbSM9Pg,-10,badcase,摄影器材与运营软件频道，和吸尘器推广无关
9955,UC2OUN2WYU2v0P0RFz89CZJQ,WinterCabin TV,https://cn--xtb.noxinfluencer.com/youtube/channel/UC2OUN2WYU2v0P0RFz89CZJQ,-25,badcase,氛围音/ASMR频道，属于物理产品推广强错配
9956,UCRWah1jxlbDs9dMXyb3MaFQ,maximpulse,https://cn--xtb.noxinfluencer.com/youtube/channel/UCRWah1jxlbDs9dMXyb3MaFQ,-10,badcase,内容偏医药/DIY/宠物杂项，近10条与吸尘器无关，推广不匹配
9957,UC_SXVY6z_hEWFdhNDjiXQcg,Paulo Netto04,https://cn--xtb.noxinfluencer.com/youtube/channel/UC_SXVY6z_hEWFdhNDjiXQcg,-10,badcase,工业农机/灌溉频道，家用吸尘器场景不符，近10条也不相关
9958,UCCTbz_VyO5sXO9U1pmuxcHg,Joyce Lin,https://cn--xtb.noxinfluencer.com/youtube/channel/UCCTbz_VyO5sXO9U1pmuxcHg,-8,badcase,泛科技/AI频道，缺少吸尘器或家电评测内容
9959,UCSdUKBB6jc0GcbRtbh3iJcg,Vood World,https://cn--xtb.noxinfluencer.com/youtube/channel/UCSdUKBB6jc0GcbRtbh3iJcg,-10,badcase,蜡烛生活方式频道，和吸尘器购买/使用场景几乎无关
9960,UCnxwwWWsURvKEg18e5tGEpw,Andrea Cermanski @ Santa Fe Painting Workshops,https://cn--xtb.noxinfluencer.com/youtube/channel/UCnxwwWWsURvKEg18e5tGEpw,-10,badcase,绘画教学频道，受众与吸尘器购买场景不搭，近10条均为画作内容
9963,UCuLL5ckvDyQ0JiF8kkyjGtQ,Audio Zone,https://cn--xtb.noxinfluencer.com/youtube/channel/UCuLL5ckvDyQ0JiF8kkyjGtQ,-9,badcase,音频产品评测频道，缺少吸尘器或家电推广相关内容
9964,UCI9lkqxuI04DHm38PjOcrzQ,Flora Sage,https://cn--xtb.noxinfluencer.com/youtube/channel/UCI9lkqxuI04DHm38PjOcrzQ,-13,badcase,偏冥想娱乐标签，近期为整理收纳，缺少吸尘器评测购买意图
9965,UCHxF7UrkVqzdc6s6GQvEQ5Q,BlackEcho,https://cn--xtb.noxinfluencer.com/youtube/channel/UCHxF7UrkVqzdc6s6GQvEQ5Q,-35,badcase,娱乐短剧/影视切片为主，和清洁家电推广格式严重不符
9966,UCydoLlhd9dd5pLyV4eD0PKg,Equipment Zone,https://cn--xtb.noxinfluencer.com/youtube/channel/UCydoLlhd9dd5pLyV4eD0PKg,-10,badcase,打印设备频道，近期全是打印机内容，与吸尘器投放无关
9967,UCw-RfszWCOyrUf6zeT5X_gA,ZOO WORLD,https://cn--xtb.noxinfluencer.com/youtube/channel/UCw-RfszWCOyrUf6zeT5X_gA,-25,badcase,恐怖剧情/动画频道，娱乐叙事与产品推广格式强冲突
9968,UCbVZrxYFkkyq3--Y4qJyztw,Deals Therapy,https://cn--xtb.noxinfluencer.com/youtube/channel/UCbVZrxYFkkyq3--Y4qJyztw,-9,badcase,仅泛消费电子弱相关，近期全是投影/手机/手环非吸尘器场景
9969,UC1QAeKKkVhKFYeWw_a9Htsg,Tips For Turf,https://cn--xtb.noxinfluencer.com/youtube/channel/UC1QAeKKkVhKFYeWw_a9Htsg,-10,badcase,草坪养护频道，场景与吸尘器投放不匹配
9971,UC1Dd24FDDK4nj3LDstEA1UQ,Ebony N Rogers,https://cn--xtb.noxinfluencer.com/youtube/channel/UC1Dd24FDDK4nj3LDstEA1UQ,-5,badcase,清洁泛类相关，但近期10条多为咖啡/餐车内容，吸尘器促销支撑弱
9972,UC_KspsAM78WacK63ET5zYpg,Ibrahim Ahmed,https://cn--xtb.noxinfluencer.com/youtube/channel/UC_KspsAM78WacK63ET5zYpg,-10,badcase,内容偏摄影/游戏/内容创作，和吸尘器推广无关
9973,UCE8pVvaozfDc41OWaioYUFw,PhearNone's Gear & Gadgets Reviews,https://cn--xtb.noxinfluencer.com/youtube/channel/UCE8pVvaozfDc41OWaioYUFw,-9,badcase,偏数码/音乐器材内容，近10条全是DJ更新，无吸尘器相关信号
9974,UCGY-7D1e51UkXfNgpVDYyHA,FizzyFloat,https://cn--xtb.noxinfluencer.com/youtube/channel/UCGY-7D1e51UkXfNgpVDYyHA,-25,badcase,音乐娱乐频道，与吸尘器推广场景无关，近期内容也全不匹配
9975,UCR5jmrSKyrxEr1Wkmek9OPA,VIDEOS DE EL SALVADOR,https://cn--xtb.noxinfluencer.com/youtube/channel/UCR5jmrSKyrxEr1Wkmek9OPA,-10,badcase,频道为旅游生活内容，与吸尘器推广无关，近10条内容均不匹配
9976,UCTXQIqB28aluZujo_UutE1A,Erin Megan,https://cn--xtb.noxinfluencer.com/youtube/channel/UCTXQIqB28aluZujo_UutE1A,-25,badcase,书评/恐怖书频道，和吸尘器促销场景无关，近10条也全不匹配
9977,UCwzKdbVmTaqyjs_25kqcCXg,MARYTON,https://cn--xtb.noxinfluencer.com/youtube/channel/UCwzKdbVmTaqyjs_25kqcCXg,-10,badcase,美甲教程频道，受众与吸尘器不相关，近10条内容均不匹配
9978,UCR73ViA55KG9jy2oadV-uzw,"Train 2 Fight, LLC",https://cn--xtb.noxinfluencer.com/youtube/channel/UCR73ViA55KG9jy2oadV-uzw,-25,badcase,枪械训练频道，和家用吸尘器推广场景明显错位
9979,UCYcjlfmQkqrwFmYdUG-kwqg,Purple Perception,https://cn--xtb.noxinfluencer.com/youtube/channel/UCYcjlfmQkqrwFmYdUG-kwqg,-9,badcase,RV/DIY有些家居场景，但缺少清洁家电与购买意图，整体偏弱
9980,UCLz2ianDW3qUQPRhKdC31pw,CandyCyanide,https://cn--xtb.noxinfluencer.com/youtube/channel/UCLz2ianDW3qUQPRhKdC31pw,-25,badcase,搞笑短视频/娱乐频道，内容形式与吸尘器产品推广不匹配
9981,UCYygiqk8giemz3pE4nrU89g,Dr. Pompa Wellness,https://cn--xtb.noxinfluencer.com/youtube/channel/UCYygiqk8giemz3pE4nrU89g,-18,badcase,健康食品内容为主，近期无吸尘器/清洁电器推广语境
9984,UC1_PkzIp9qhFkBWyOaHvRWA,Tesla How To,https://cn--xtb.noxinfluencer.com/youtube/channel/UC1_PkzIp9qhFkBWyOaHvRWA,-25,badcase,频道几乎全是Tesla教程，受众与吸尘器推广场景明显不符
9986,UCGRvAAlxD6aIr35HNdFm_sA,Hawkes Outdoors,https://cn--xtb.noxinfluencer.com/youtube/channel/UCGRvAAlxD6aIr35HNdFm_sA,-10,badcase,户外越野频道，与吸尘器推广无关
9987,UCGnnXtAVnliL94JJzGWOx1A,Shoham ASMR,https://cn--xtb.noxinfluencer.com/youtube/channel/UCGnnXtAVnliL94JJzGWOx1A,-25,badcase,ASMR音频向内容，属于物理产品推广格式错配
9989,UCKdGXHvuOmbAIOQSPyTXE4w,What’s T,https://cn--xtb.noxinfluencer.com/youtube/channel/UCKdGXHvuOmbAIOQSPyTXE4w,-9,badcase,生活方式频道有清洁场景，但缺少吸尘器信号
9990,UCHMPqAb93eVtukaupZItfWA,BoironUSA,https://cn--xtb.noxinfluencer.com/youtube/channel/UCHMPqAb93eVtukaupZItfWA,-20,badcase,健康睡眠类频道，与吸尘器推广主题不符，近10条也无家电相关内容
9991,UCn1BiRMQVYf0d1zLAdiO4BA,Body-Solid,https://cn--xtb.noxinfluencer.com/youtube/channel/UCn1BiRMQVYf0d1zLAdiO4BA,-10,badcase,健身器材频道，与吸尘器推广目标不匹配
9992,UCII5GvENnctyPb9DyvWdW5Q,TheBigCrabCake,https://cn--xtb.noxinfluencer.com/youtube/channel/UCII5GvENnctyPb9DyvWdW5Q,-10,badcase,模型火车/旅行内容为主，和吸尘器购买场景无关
9993,UCFg5shxaIDq5SeThYkndLrA,함팩토리,https://cn--xtb.noxinfluencer.com/youtube/channel/UCFg5shxaIDq5SeThYkndLrA,-25,badcase,ASMR水果手作属感官娱乐，和吸尘器推广强不匹配
9994,UCyZBnYoQx-yhDGJ82maeZrA,MG Golf,https://cn--xtb.noxinfluencer.com/youtube/channel/UCyZBnYoQx-yhDGJ82maeZrA,-10,badcase,高尔夫教程频道，和家用吸尘器受众不相关
9995,UCKSBKWkibm8r1St0x-l8QmQ,Ideal Setup,https://cn--xtb.noxinfluencer.com/youtube/channel/UCKSBKWkibm8r1St0x-l8QmQ,-9,badcase,偏桌搭和办公科技，缺少清洁家电推广语境，近10条均不匹配
9996,UCoPhmVLQURvuqK6SWfV7sBA,BeautybyCarmenR,https://cn--xtb.noxinfluencer.com/youtube/channel/UCoPhmVLQURvuqK6SWfV7sBA,-9,badcase,仅有泛测评标签，近期内容偏美业，吸尘器投放相关性低
9997,UCuu8CTio2rd4xvUroYq4WEQ,Southern Dirt Gardener,https://cn--xtb.noxinfluencer.com/youtube/channel/UCuu8CTio2rd4xvUroYq4WEQ,-9,badcase,以园艺为主，只有泛居家标签，和吸尘器投放场景不强相关
9998,UC9MkOBZgEtq9gScz83o8BqA,brienza Car Haler,https://cn--xtb.noxinfluencer.com/youtube/channel/UC9MkOBZgEtq9gScz83o8BqA,-9,badcase,汽车/生活杂项频道，近期内容无吸尘器推广场景
9999,UCMMf_RGLgaNDOndrO5oDpPQ,RobzReactions,https://cn--xtb.noxinfluencer.com/youtube/channel/UCMMf_RGLgaNDOndrO5oDpPQ,-25,badcase,音乐反应娱乐号，属于明显格式错配，和吸尘器推广无关
10000,UCE5w2bjycEZqguuZqO9VERA,Heroic Forms,https://cn--xtb.noxinfluencer.com/youtube/channel/UCE5w2bjycEZqguuZqO9VERA,-25,badcase,超英故事娱乐号，题材和吸尘器推广场景完全不符
