rank,channel_id,channel_name,channel_url,score,suggested_label,why_short
2,UC-b79wTDquaFDMHdVlMSZ4g,Forgotten History Files,https://cn.noxinfluencer.com/youtube/channel/UC-b79wTDquaFDMHdVlMSZ4g,0,badcase,无相关标签与内容信号
4,UCCcct8r8g-VKHq2_fw-TOXQ,Tech Trials Blog,https://cn.noxinfluencer.com/youtube/channel/UCCcct8r8g-VKHq2_fw-TOXQ,0,badcase,泛科技博客，缺少咖啡机推广语境
9,UCYuIWYPQQ4JAFBGHzjFjSFQ,Unveiling Gears,https://cn.noxinfluencer.com/youtube/channel/UCYuIWYPQQ4JAFBGHzjFjSFQ,0,badcase,无标签无内容信号
11,UCxa1-6tdkyOAXanjDWExaqQ,Pan Boroda,https://cn.noxinfluencer.com/youtube/channel/UCxa1-6tdkyOAXanjDWExaqQ,0,badcase,车旅生活频道，与咖啡机推广无关
12,UC9l8Ysqe3bx4RG3aet4080w,The Mature Diva: Midlife Made Fabulous,https://cn.noxinfluencer.com/youtube/channel/UC9l8Ysqe3bx4RG3aet4080w,0,badcase,时尚生活向，缺少咖啡机消费语境
14,UCu_WuiQlP97PybJPV5nK0dQ,Ultimate Reviewer,https://cn.noxinfluencer.com/youtube/channel/UCu_WuiQlP97PybJPV5nK0dQ,0,badcase,宠物/泛生活标签，与咖啡机不匹配
16,UCVz7SgaIH0x0NOtMYkBnA3g,HOW TO,https://cn.noxinfluencer.com/youtube/channel/UCVz7SgaIH0x0NOtMYkBnA3g,0,badcase,泛 how-to 短视频，咖啡机相关性不足
17,UC2AUc-4_yMsFHLfPP9Ub8ZA,George Fan,https://cn.noxinfluencer.com/youtube/channel/UC2AUc-4_yMsFHLfPP9Ub8ZA,0,badcase,无相关标签与内容
18,UCP5AykpLhHxKOK-A9KCyC2w,Bliss Home and Life,https://cn.noxinfluencer.com/youtube/channel/UCP5AykpLhHxKOK-A9KCyC2w,2,badcase,仅有家庭场景弱相关，不足以支撑投放
23,UC8Nr144OO16a0Vt8kTXGYsg,Billy Aiken,https://cn.noxinfluencer.com/youtube/channel/UC8Nr144OO16a0Vt8kTXGYsg,0,badcase,商业营销泛频道，缺少咖啡机语义
25,UCzqX7sZ3XaE6e2oeeJtWZ-Q,Amz Honest Reviewer,https://cn.noxinfluencer.com/youtube/channel/UCzqX7sZ3XaE6e2oeeJtWZ-Q,0,badcase,教育类账号，无咖啡机相关证据
28,UCyx8oMDV6UUTj9DUQZmu_lw,Mind Over Mess,https://cn.noxinfluencer.com/youtube/channel/UCyx8oMDV6UUTj9DUQZmu_lw,5,badcase,清洁ASMR格式与咖啡机推广不匹配
30,UCE5Y-aXhtlu797qUNU1znfA,bzzim m,https://cn.noxinfluencer.com/youtube/channel/UCE5Y-aXhtlu797qUNU1znfA,0,badcase,无标签无内容，缺少咖啡机相关性
34,UCEkuogE57xac9EPZ3EZwWIg,Morgan Eckroth,https://cn.noxinfluencer.com/youtube/channel/UCEkuogE57xac9EPZ3EZwWIg,0,badcase,娱乐短视频为主，缺少咖啡机投放依据
37,UCpra2LkCtiSQ67ypU05lfbQ,Valentine Lewis,https://cn.noxinfluencer.com/youtube/channel/UCpra2LkCtiSQ67ypU05lfbQ,-10,badcase,美妆时尚为主，不适合咖啡机投放
43,UC0bXm7SnF_ssc47s6Ab8Yhg,Jack Du,https://cn.noxinfluencer.com/youtube/channel/UC0bXm7SnF_ssc47s6Ab8Yhg,0,badcase,无咖啡相关标签，投放不合适
45,UC2cDae0GAy9ytVEmkFi4i5g,Hoon's Coffee,https://cn.noxinfluencer.com/youtube/channel/UC2cDae0GAy9ytVEmkFi4i5g,0,badcase,无相关标签，相关性不足
48,UCQRwnN5O01LpT_gJ-ZKAz8g,Nealie Boschma,https://cn.noxinfluencer.com/youtube/channel/UCQRwnN5O01LpT_gJ-ZKAz8g,0,badcase,无相关标签，相关性不足
50,UCik8xvfR6s8GQ74QNEGNzwg,Tom’s Guide,https://cn.noxinfluencer.com/youtube/channel/UCik8xvfR6s8GQ74QNEGNzwg,0,badcase,纯科技资讯，缺少咖啡机相关性
52,UCXB3Nt_Zk9c5Vp4EWSZPcLQ,ChillSnap,https://cn.noxinfluencer.com/youtube/channel/UCXB3Nt_Zk9c5Vp4EWSZPcLQ,-15,badcase,ASMR助眠频道，内容格式与咖啡机推广明显不符
54,UCEx3_RBoQQ6HbsJl_EuAUOg,Purity Sin Gaming,https://cn.noxinfluencer.com/youtube/channel/UCEx3_RBoQQ6HbsJl_EuAUOg,0,badcase,游戏频道，与咖啡机推广无明显相关性
58,UC_HRlflCd1ogZBmCu3_Mr0g,Retro Tech & Electronics,https://cn.noxinfluencer.com/youtube/channel/UC_HRlflCd1ogZBmCu3_Mr0g,2,badcase,仅有维修/DIY弱相关，缺少咖啡机推广意图
59,UCneCMMIbVZ-Z4-naVnQx_ZQ,First&Best,https://cn.noxinfluencer.com/youtube/channel/UCneCMMIbVZ-Z4-naVnQx_ZQ,0,badcase,众筹创业频道，缺少咖啡机购买或测评相关信号
60,UCYjSxwrpOInzuU1hz1l9FsA,Imran Ahmed Khan,https://cn.noxinfluencer.com/youtube/channel/UCYjSxwrpOInzuU1hz1l9FsA,0,badcase,无标签、无相关视频，缺少咖啡机推广相关性信号
62,UCR-n-jxtKFYJGdC9OjlfaaA,ChrisGTXvideos,https://cn.noxinfluencer.com/youtube/channel/UCR-n-jxtKFYJGdC9OjlfaaA,-15,badcase,娱乐搞笑频道，与咖啡机带货场景明显不匹配
65,UCu0l4tapSKohQ9sCNA6x_3g,Mirkojax,https://cn.noxinfluencer.com/youtube/channel/UCu0l4tapSKohQ9sCNA6x_3g,-5,badcase,娱乐向AI怀旧频道，与咖啡机带货场景不符
68,UC62rZbrqFlXRqYtBo5ZEt0Q,BestProducts,https://cn.noxinfluencer.com/youtube/channel/UC62rZbrqFlXRqYtBo5ZEt0Q,3,badcase,仅有科技/消费电子泛标签，缺少咖啡机评测或购买意图，相关性偏弱
73,UCZSxI8-TUVinAgwFKDrmDDA,IFix Tech,https://cn.noxinfluencer.com/youtube/channel/UCZSxI8-TUVinAgwFKDrmDDA,1,badcase,仅有泛消费电子标签，缺少咖啡机购买或测评意图
74,UCH0kxOnpXGem-BjCHn_uS2Q,Dulce pink🐺,https://cn.noxinfluencer.com/youtube/channel/UCH0kxOnpXGem-BjCHn_uS2Q,0,badcase,标签偏时尚美妆生活方式，与咖啡机推广无直接相关
75,UCi3IzXpx5NDRwON3hRbMhHg,PromoCodePal,https://cn.noxinfluencer.com/youtube/channel/UCi3IzXpx5NDRwON3hRbMhHg,-15,badcase,娱乐/meme频道，和咖啡机推广场景明显不符
76,UCDNCLa0ZpQtwxjpAU7H3j5g,Penglai Pack,https://cn.noxinfluencer.com/youtube/channel/UCDNCLa0ZpQtwxjpAU7H3j5g,1,badcase,生活/食品泛泛，和咖啡机推广关联弱
77,UCLsg7-ywHS-R3qr28KBMJWA,The Gizmo Garage,https://cn.noxinfluencer.com/youtube/channel/UCLsg7-ywHS-R3qr28KBMJWA,0,badcase,偏音乐娱乐和乐器，不适合咖啡机推广
78,UC4jQTTrCVzesJFRiEUzKqGA,VILLAS CHANNEL VLOGS,https://cn.noxinfluencer.com/youtube/channel/UC4jQTTrCVzesJFRiEUzKqGA,1,badcase,旅行美食 vlog，缺少厨房/咖啡机购买语境
80,UCh5jBjwAxQHB4-IZL4c5o3g,Video introduce the latest products,https://cn.noxinfluencer.com/youtube/channel/UCh5jBjwAxQHB4-IZL4c5o3g,0,badcase,投影仪/吸尘器为主，和咖啡机无关
84,UCGKcCwqsaggMGfioOxsEcwA,Espresso Doc.,https://cn.noxinfluencer.com/youtube/channel/UCGKcCwqsaggMGfioOxsEcwA,-5,badcase,咖啡内容但以ASMR为主，缺少购买/评测语境
85,UCiuXL-nImFzVnes2VlSYdUA,HTECK,https://cn.noxinfluencer.com/youtube/channel/UCiuXL-nImFzVnes2VlSYdUA,0,badcase,电子娱乐向，和咖啡机推广不匹配
86,UCOEObpgLOgoHQQjhTFC5UvQ,Free Repair Guide,https://cn.noxinfluencer.com/youtube/channel/UCOEObpgLOgoHQQjhTFC5UvQ,0,badcase,汽车修理号，和咖啡机目标人群不一致
87,UCF93kQGx2jXDxcGOkRyw8Eg,Natalie Minassian,https://cn.noxinfluencer.com/youtube/channel/UCF93kQGx2jXDxcGOkRyw8Eg,-5,badcase,咖啡+ASMR导向，格式不适合做机型推广
88,UC3z1Viu8O8Wy7SW3uzzYnaw,"Ruian Huajing Machinery Co., Ltd.",https://cn.noxinfluencer.com/youtube/channel/UC3z1Viu8O8Wy7SW3uzzYnaw,0,badcase,工业成型机方向，和家用咖啡机不一致
92,UCsZSA7frwa5Kc3eN2TexECQ,HYDRO DIPPING ARTIST,https://cn.noxinfluencer.com/youtube/channel/UCsZSA7frwa5Kc3eN2TexECQ,0,badcase,纯手工短视频，和咖啡机推广不匹配
94,UCgtuRKva6oKOdkB7FYBSDog,Espresso Outlet LLC,https://cn.noxinfluencer.com/youtube/channel/UCgtuRKva6oKOdkB7FYBSDog,0,badcase,仅有食品生活泛标签，相关性不足
97,UChmQN_Gab1MKAfrOCdUhCBw,Keen On Coffee,https://cn.noxinfluencer.com/youtube/channel/UChmQN_Gab1MKAfrOCdUhCBw,0,badcase,只有食品生活标签，缺少咖啡机语境
99,UC57haygBTuywPaaW7PRkGHQ,Karyna Cast,https://cn.noxinfluencer.com/youtube/channel/UC57haygBTuywPaaW7PRkGHQ,0,badcase,母婴频道，和咖啡机推广不相关
102,UCH8qQ38DIEzpymXmIZVSzfg,BB Walker TV,https://cn.noxinfluencer.com/youtube/channel/UCH8qQ38DIEzpymXmIZVSzfg,-15,badcase,音乐娱乐和乐器内容，和咖啡机推广主题明显错位
103,UCVZWQcViqH0hriQ_KmlHHZg,Girl's Toy Discovery,https://cn.noxinfluencer.com/youtube/channel/UCVZWQcViqH0hriQ_KmlHHZg,0,badcase,无有效标签与内容证据，无法判断为相关创作者
105,UCd0_hbkYNSsAvcqV-yOMPDw,HYDRO ART,https://cn.noxinfluencer.com/youtube/channel/UCd0_hbkYNSsAvcqV-yOMPDw,0,badcase,手工工艺向内容，与咖啡机推广基本无关
107,UCo4XjYB_mRONyQKah8jbjVw,Tracy,https://cn.noxinfluencer.com/youtube/channel/UCo4XjYB_mRONyQKah8jbjVw,0,badcase,工业灌装设备方向，和咖啡机消费者推广不匹配
110,UCpH76SieU--EG2A11wxcq7g,He. Andrew,https://cn.noxinfluencer.com/youtube/channel/UCpH76SieU--EG2A11wxcq7g,-10,badcase,娱乐向短视频为主，和家电推广场景不匹配
112,UCUS8piyBZjlepoLz3ojn7OQ,Express Tech,https://cn.noxinfluencer.com/youtube/channel/UCUS8piyBZjlepoLz3ojn7OQ,0,badcase,缺少任何有效标签或内容证据
113,UCvRFyrlH65q4XenNOITKiIQ,Maomao Lee,https://cn.noxinfluencer.com/youtube/channel/UCvRFyrlH65q4XenNOITKiIQ,0,badcase,偏食品机械制造，不是咖啡机使用或评测场景
118,UCnmAspON_fPxVvJF5I4LiXg,PsyOn Gamer,https://cn.noxinfluencer.com/youtube/channel/UCnmAspON_fPxVvJF5I4LiXg,-15,badcase,游戏恐怖内容，属于明显不相关的娱乐域
123,UCoaQvUmAUAsVFlSKHfz69PA,Caesar Critiques,https://cn.noxinfluencer.com/youtube/channel/UCoaQvUmAUAsVFlSKHfz69PA,0,badcase,时尚娱乐混合主题，与咖啡机推广关联弱
125,UC-W2u7Y8i_6jmeTEtQqUqJQ,Stemon,https://cn.noxinfluencer.com/youtube/channel/UC-W2u7Y8i_6jmeTEtQqUqJQ,0,badcase,研磨机械偏工业，不是咖啡机推广主场
128,UCS3ZWWayvQrHbaXlImQbHvQ,eyeshadowshopper,https://cn.noxinfluencer.com/youtube/channel/UCS3ZWWayvQrHbaXlImQbHvQ,0,badcase,军旅/地域生活号，和咖啡机推广无关
129,UCjeNfGc5_Y4mQOQw65pkSbQ,Parts Guru,https://cn.noxinfluencer.com/youtube/channel/UCjeNfGc5_Y4mQOQw65pkSbQ,0,badcase,无标签无内容信号，无法判断相关性
130,UCHDgg4DS9DZ5gMH7AhKikew,Amazing Unboxing And Reviews,https://cn.noxinfluencer.com/youtube/channel/UCHDgg4DS9DZ5gMH7AhKikew,0,badcase,旅行代购型标签，缺少咖啡机相关证据
135,UC6JSi_CLYNR_ILoH349kryA,Antlerdreamer,https://cn.noxinfluencer.com/youtube/channel/UC6JSi_CLYNR_ILoH349kryA,0,badcase,旅行户外为主，和咖啡机推广不匹配
136,UCWEg4WytP0f_D7YgYawuqKA,The Buscemi Family,https://cn.noxinfluencer.com/youtube/channel/UCWEg4WytP0f_D7YgYawuqKA,-15,badcase,宠物狗垂类，和人用咖啡机互斥
137,UCe1BOLqwnextHEgShSIOnWw,Landpack Packing Filling Machine,https://cn.noxinfluencer.com/youtube/channel/UCe1BOLqwnextHEgShSIOnWw,-15,badcase,工业包装灌装垂类，和咖啡机受众不一致
144,UC8c3P7NxLr7k6XRC6VVMJmg,Smart Fox,https://cn.noxinfluencer.com/youtube/channel/UC8c3P7NxLr7k6XRC6VVMJmg,0,badcase,清洁技巧号，与咖啡机无直接关联
145,UCF9GYL6WmYWvs58vdEMkSKg,2Cents,https://cn.noxinfluencer.com/youtube/channel/UCF9GYL6WmYWvs58vdEMkSKg,0,badcase,无标签无证据
146,UCil5vMUvD5L0XM5Qlou-3Dw,Zhongli Strpack,https://cn.noxinfluencer.com/youtube/channel/UCil5vMUvD5L0XM5Qlou-3Dw,-15,badcase,灌装/封口工业机垂类，明显不适配
149,UCJSQRKqIPeOk9omTm48CFSQ,Random Video,https://cn.noxinfluencer.com/youtube/channel/UCJSQRKqIPeOk9omTm48CFSQ,0,badcase,泛娱乐/宠物车内容，和咖啡机无关
151,UCifkdYQHGplGHn9RQYzj8MQ,SHANGHAI FUBO PACKAGING MACHINERY,https://cn.noxinfluencer.com/youtube/channel/UCifkdYQHGplGHn9RQYzj8MQ,-15,badcase,工业包装机频道，与咖啡机推广品类错位
152,UCan-YDWrHGtmKRLiNa9dEYA,Rachael Tatman,https://cn.noxinfluencer.com/youtube/channel/UCan-YDWrHGtmKRLiNa9dEYA,0,badcase,语言技术频道，与咖啡机购买受众无关
153,UCZ8vmJ5KT4XC7fLvuXTbOqQ,Battle Team,https://cn.noxinfluencer.com/youtube/channel/UCZ8vmJ5KT4XC7fLvuXTbOqQ,0,badcase,安防/电子产品频道，咖啡机相关性弱
154,UC8-xOdcTZg8GgE28LoooxQw,Machineomatic,https://cn.noxinfluencer.com/youtube/channel/UC8-xOdcTZg8GgE28LoooxQw,0,badcase,泛机器与健康频道，缺少咖啡机或厨房场景
155,UCRHPwaiNWTDnnj73P5dpgSw,The Wolf of Williamsburg,https://cn.noxinfluencer.com/youtube/channel/UCRHPwaiNWTDnnj73P5dpgSw,0,badcase,笔记本评测频道，咖啡机受众不匹配
158,UCg7pkqVlbn672Nz8Vei0y0A,L&L Family Vlogs,https://cn.noxinfluencer.com/youtube/channel/UCg7pkqVlbn672Nz8Vei0y0A,0,badcase,家庭娱乐宠物向，咖啡机推广不够精准
161,UCpCu99s3cRtUJemGP1M5sqw,RS Store,https://cn.noxinfluencer.com/youtube/channel/UCpCu99s3cRtUJemGP1M5sqw,0,badcase,泛 gadget 频道，和咖啡机关联弱
162,UCm2nzT3x2Nwj7sA-I-zkw6A,chris watson,https://cn.noxinfluencer.com/youtube/channel/UCm2nzT3x2Nwj7sA-I-zkw6A,0,badcase,无有效标签，无法判断为相关频道
164,UCC-3cubP7yg6puXb4twsKDw,XUANHAI-MACHINE,https://cn.noxinfluencer.com/youtube/channel/UCC-3cubP7yg6puXb4twsKDw,0,badcase,泛机器号但无咖啡场景，相关性弱
166,UC6hQfzsaf_7R6DOALYM18JQ,The Linda Bradley Ind. Cons. Princess House,https://cn.noxinfluencer.com/youtube/channel/UC6hQfzsaf_7R6DOALYM18JQ,0,badcase,家居生活娱乐向，缺少咖啡机场景
167,UCUma6mjYMjRHj9La8ye7mSA,Penglai Machines,https://cn.noxinfluencer.com/youtube/channel/UCUma6mjYMjRHj9La8ye7mSA,0,badcase,机器与生活标签过泛，缺少咖啡主题
168,UCpKM0hMmmgcn3QXEdWli5Xg,Paradise Home,https://cn.noxinfluencer.com/youtube/channel/UCpKM0hMmmgcn3QXEdWli5Xg,0,badcase,无标签无内容，缺少相关证据
169,UC5SMFivkH6TlcplA-PFB2jA,Review Kitchens,https://cn.noxinfluencer.com/youtube/channel/UC5SMFivkH6TlcplA-PFB2jA,0,badcase,无标签，缺少厨房评测证据
171,UCNEcpxJSIDpPslX_At0pzdg,ZONESUN,https://cn.noxinfluencer.com/youtube/channel/UCNEcpxJSIDpPslX_At0pzdg,-15,badcase,工业包装机频道，和咖啡机完全错位
173,UC5mHFrDWk7k59-mNSk_JSPQ,Best Quality Reviews,https://cn.noxinfluencer.com/youtube/channel/UC5mHFrDWk7k59-mNSk_JSPQ,0,badcase,无标签，缺少评测证据
174,UCJSktAH5v9JBp3E3-2d3UmA,Honetop Machine,https://cn.noxinfluencer.com/youtube/channel/UCJSktAH5v9JBp3E3-2d3UmA,-15,badcase,工业包装机械频道，与咖啡机推广目标无关
175,UCPD5YyJUeFDR89xhACq_QnQ,KiWAV.com,https://cn.noxinfluencer.com/youtube/channel/UCPD5YyJUeFDR89xhACq_QnQ,-10,badcase,摩托车配件频道，和咖啡机无关
179,UCieRWoegEypfPPDj4NiqVcw,disposable paper making machines,https://cn.noxinfluencer.com/youtube/channel/UCieRWoegEypfPPDj4NiqVcw,0,badcase,纸制品工业机械号，与咖啡机投放不相干
180,UCAFedUxfrzIDELt2mtte_cA,ShuckaBuck,https://cn.noxinfluencer.com/youtube/channel/UCAFedUxfrzIDELt2mtte_cA,0,badcase,电商周边号，缺少家电/咖啡机相关语境
182,UCHS0hTD4x-w5sUHxNhi6xiw,Kyle Allen Music,https://cn.noxinfluencer.com/youtube/channel/UCHS0hTD4x-w5sUHxNhi6xiw,-15,badcase,音乐娱乐号，和咖啡机推广明显不匹配
184,UCotjQd0hFEa36GyXqvOLBGQ,Laura 🫶🏻,https://cn.noxinfluencer.com/youtube/channel/UCotjQd0hFEa36GyXqvOLBGQ,0,badcase,无有效主题信息，无法判断为咖啡机相关
190,UCJ6jgtmhjp4wujytM45Am0Q,J W,https://cn.noxinfluencer.com/youtube/channel/UCJ6jgtmhjp4wujytM45Am0Q,0,badcase,无主题标签，缺少咖啡机相关证据
191,UCb7vgQKtNl7Vh0t3nRijhxg,alyssa shea today,https://cn.noxinfluencer.com/youtube/channel/UCb7vgQKtNl7Vh0t3nRijhxg,0,badcase,日常个人号，和咖啡机推广无关
194,UC9O8FKbbTMyiqpcGPHMWW-w,Vitaliy Sanravskiy,https://cn.noxinfluencer.com/youtube/channel/UC9O8FKbbTMyiqpcGPHMWW-w,-15,badcase,游戏直播号，与咖啡机投放不匹配
195,UC9fmIDKWmV_wGejEnm8bTfg,Nutr,https://cn.noxinfluencer.com/youtube/channel/UC9fmIDKWmV_wGejEnm8bTfg,0,badcase,营养素食号，和咖啡机主题不相关
197,UC4RlE6nMP_jqPjmISNBIspA,MK Packing Machinery,https://cn.noxinfluencer.com/youtube/channel/UC4RlE6nMP_jqPjmISNBIspA,0,badcase,包装机械号，品类与咖啡机投放不对口
199,UCq1XMIOHqhUjctda_yL0a8A,Life Lab,https://cn.noxinfluencer.com/youtube/channel/UCq1XMIOHqhUjctda_yL0a8A,-10,badcase,时尚模特号，与咖啡机无关
202,UCZhhPWqA_0IWr_SnUPIgL-g,Plastic Shredder Recycling Machines,https://cn.noxinfluencer.com/youtube/channel/UCZhhPWqA_0IWr_SnUPIgL-g,0,badcase,工业粉碎回收设备，和家用咖啡机推广无关
204,UC3BsqTnY5Y4_wj-oLt0fnMA,BIZZ GUIDE,https://cn.noxinfluencer.com/youtube/channel/UC3BsqTnY5Y4_wj-oLt0fnMA,0,badcase,硬件/商用杂项为主，和咖啡机购买场景不匹配
205,UCoE6sekU-vuGxKnKi2kZidQ,Alena Michaelson,https://cn.noxinfluencer.com/youtube/channel/UCoE6sekU-vuGxKnKi2kZidQ,-15,badcase,音乐娱乐频道，与咖啡机投放目标明显不符
211,UCtHPYmKePr5uFf93Nlm1NzQ,Nova Vending | Smart Vending Machine Innovations,https://cn.noxinfluencer.com/youtube/channel/UCtHPYmKePr5uFf93Nlm1NzQ,0,badcase,智能售货机创新，工业设备方向，不适合咖啡机
212,UCJH56qlZK4EmIBg8H-CMXiw,Kitchen Kapers,https://cn.noxinfluencer.com/youtube/channel/UCJH56qlZK4EmIBg8H-CMXiw,1,badcase,食谱生活频道，缺少家电购买/测评意图
214,UCIZRf3ME71mY8RB-B0RvHJw,MQ’s World,https://cn.noxinfluencer.com/youtube/channel/UCIZRf3ME71mY8RB-B0RvHJw,2,badcase,短视频食谱频道，内容形态偏内容消费而非家电推广
217,UCCVbqUL-PPkRDjiludphcgA,Gelgoog Pastry Processing Solutions,https://cn.noxinfluencer.com/youtube/channel/UCCVbqUL-PPkRDjiludphcgA,0,badcase,包装加工设备频道，工业场景和家用咖啡机不匹配
224,UCME7Dr4TDcQB-MqKGYzZzkg,Gadget Reviews,https://cn.noxinfluencer.com/youtube/channel/UCME7Dr4TDcQB-MqKGYzZzkg,2,badcase,汽车数码测评为主，和咖啡机推广场景不匹配
226,UCceM7Z-y5l78d4LN88Yysxw,Top 5 Best,https://cn.noxinfluencer.com/youtube/channel/UCceM7Z-y5l78d4LN88Yysxw,0,badcase,无相关标签和视频证据
227,UCvP0tPERidocsgHLLYvidpQ,Voltage Coffee Supply,https://cn.noxinfluencer.com/youtube/channel/UCvP0tPERidocsgHLLYvidpQ,0,badcase,咖啡供应名义明显，但无标签视频证据
228,UCxwFXi56dZ4qHcHH3-8ApFA,RestEquipPro,https://cn.noxinfluencer.com/youtube/channel/UCxwFXi56dZ4qHcHH3-8ApFA,0,badcase,无相关标签和视频证据
229,UCSu6E-IoNdJpL7zcB0kMoQA,ZONESUN PACKAGING MACHINE,https://cn.noxinfluencer.com/youtube/channel/UCSu6E-IoNdJpL7zcB0kMoQA,0,badcase,包装机械方向，和咖啡机不符
231,UCf75HujdK4DDew2o0-KxNBQ,Consumer Heaven,https://cn.noxinfluencer.com/youtube/channel/UCf75HujdK4DDew2o0-KxNBQ,0,badcase,无相关标签和视频证据
234,UC4DbIbKy05oN5G0Pe85Vn3A,Nadine Hadla,https://cn.noxinfluencer.com/youtube/channel/UC4DbIbKy05oN5G0Pe85Vn3A,0,badcase,无相关标签和视频证据
237,UCgFwilOGp9I8HDSQROelxLw,10+ Years Manufacturer of Filling Packing Machines,https://cn.noxinfluencer.com/youtube/channel/UCgFwilOGp9I8HDSQROelxLw,0,badcase,无相关标签和视频证据
238,UCDfX41sMJRIeG8kqAGTz6mg,BarChemistry,https://cn.noxinfluencer.com/youtube/channel/UCDfX41sMJRIeG8kqAGTz6mg,0,badcase,鸡尾酒娱乐向，非咖啡机推广场景
239,UCtM0UV6YmDaQ4XAfTLI9tNQ,Leeann Elisha,https://cn.noxinfluencer.com/youtube/channel/UCtM0UV6YmDaQ4XAfTLI9tNQ,0,badcase,无相关标签和视频证据
241,UCR4cCrFX8D_K5IoYuGkeGVg,Miss Rena Maldita,https://cn.noxinfluencer.com/youtube/channel/UCR4cCrFX8D_K5IoYuGkeGVg,-15,badcase,ASMR/娱乐向，明显不适合产品推广
242,UCUJXaWqgXtLyKn0WRgyPWVg,Best Smart Reviewer,https://cn.noxinfluencer.com/youtube/channel/UCUJXaWqgXtLyKn0WRgyPWVg,0,badcase,无相关标签和视频证据
243,UCsd59mdpxn1h-ekFPZ-T0HA,Best Reviewer,https://cn.noxinfluencer.com/youtube/channel/UCsd59mdpxn1h-ekFPZ-T0HA,0,badcase,咖啡标签不在前五，相关性不足
245,UCNwKwL_ZsU7kj6RgO237ing,Popular Gadget Items,https://cn.noxinfluencer.com/youtube/channel/UCNwKwL_ZsU7kj6RgO237ing,0,badcase,无相关标签和视频证据
246,UCHr5ZTUsNS_8ZywlbdLBbNA,NewSaier,https://cn.noxinfluencer.com/youtube/channel/UCHr5ZTUsNS_8ZywlbdLBbNA,0,badcase,无相关标签和视频证据
247,UCM1yTRTpnLfHJO0ODo-FH6Q,AIRMSEN,https://cn.noxinfluencer.com/youtube/channel/UCM1yTRTpnLfHJO0ODo-FH6Q,0,badcase,无相关标签和视频证据
248,UC86TD7GWJqrauBYJgIE3KvA,VJohnDIY,https://cn.noxinfluencer.com/youtube/channel/UC86TD7GWJqrauBYJgIE3KvA,0,badcase,无相关标签和视频证据
249,UCXbGKNvpg699BVOM0jdDi6g,Shopping Guides Pro,https://cn.noxinfluencer.com/youtube/channel/UCXbGKNvpg699BVOM0jdDi6g,0,badcase,导购名义泛，但无标签视频证据
251,UCdTf4A8RInk4kPL3O_ooXoA,Italian Bean Delight,https://cn.noxinfluencer.com/youtube/channel/UCdTf4A8RInk4kPL3O_ooXoA,0,badcase,无相关标签，难支持咖啡机投放
252,UCp6dlBkDSU-Pq591L3nRhlQ,Mcilpoog,https://cn.noxinfluencer.com/youtube/channel/UCp6dlBkDSU-Pq591L3nRhlQ,0,badcase,无相关标签，难支持咖啡机投放
255,UC0Ge98RukWA28p25gPnf-eA,Marketing Boost Solutions,https://cn.noxinfluencer.com/youtube/channel/UC0Ge98RukWA28p25gPnf-eA,0,badcase,营销业务垂类，和咖啡机投放无关
256,UCZRO59bvLILoUM-d5xglFvw,Your Game,https://cn.noxinfluencer.com/youtube/channel/UCZRO59bvLILoUM-d5xglFvw,-15,badcase,娱乐游戏垂类，和产品投放错位
260,UC9V-LA8C7BuTr3Aag-jo1VA,Kismile Official,https://cn.noxinfluencer.com/youtube/channel/UC9V-LA8C7BuTr3Aag-jo1VA,0,badcase,无相关标签，难支持咖啡机投放
261,UC4ljJZp6Rly2OJakRtfB4AQ,Jilly Mucciarone,https://cn.noxinfluencer.com/youtube/channel/UC4ljJZp6Rly2OJakRtfB4AQ,-15,badcase,宠物美容垂类，面向宠物非人用
262,UCuBvI7FtVyWDbOm-6rFq8Vw,RIFU Machine,https://cn.noxinfluencer.com/youtube/channel/UCuBvI7FtVyWDbOm-6rFq8Vw,0,badcase,无相关标签，难支持咖啡机投放
263,UC_tH0w071zxKAwnz0WZvEgQ,Shuliy Packing Machinery,https://cn.noxinfluencer.com/youtube/channel/UC_tH0w071zxKAwnz0WZvEgQ,0,badcase,无相关标签，难支持咖啡机投放
267,UCnrOadflrb1YPmLMg3GuOYA,Top Deals Today,https://cn.noxinfluencer.com/youtube/channel/UCnrOadflrb1YPmLMg3GuOYA,0,badcase,无标签证据，难判断为适配频道
268,UClKHxi9jhTC7F3_fp2xsX4A,Product Review 24,https://cn.noxinfluencer.com/youtube/channel/UClKHxi9jhTC7F3_fp2xsX4A,0,badcase,无标签证据，难判断为适配频道
270,UCOUlPJv3fRgRNMM2HvX2qMg,Bena Covame,https://cn.noxinfluencer.com/youtube/channel/UCOUlPJv3fRgRNMM2HvX2qMg,0,badcase,无标签证据，难支持咖啡机投放
271,UCiTvIV5sAVu5Pe_w2TR_CIQ,Morgan Rae Finds,https://cn.noxinfluencer.com/youtube/channel/UCiTvIV5sAVu5Pe_w2TR_CIQ,0,badcase,无标签证据，难支持咖啡机投放
272,UCmve3qPLF6zp8Q6WllVKsCg,Popular Point,https://cn.noxinfluencer.com/youtube/channel/UCmve3qPLF6zp8Q6WllVKsCg,0,badcase,无标签证据，难支持咖啡机投放
275,UCr6qCBA5p2yxIK5N63DrdCg,Product reviews by Ash,https://cn.noxinfluencer.com/youtube/channel/UCr6qCBA5p2yxIK5N63DrdCg,0,badcase,无标签证据，难判断为适配频道
277,UCe_bbW7yBD63h8JzTjeEGAg,Ruby Whiska,https://cn.noxinfluencer.com/youtube/channel/UCe_bbW7yBD63h8JzTjeEGAg,-15,badcase,游戏娱乐号，和咖啡机推广场景冲突
278,UCA8855geWSf-jUuwTIaJKXQ,Product Creativity Master,https://cn.noxinfluencer.com/youtube/channel/UCA8855geWSf-jUuwTIaJKXQ,0,badcase,无明确咖啡、家电或测评信号
280,UCuSj0AwIzrEgLkdMw4omzUQ,"Suzhou automation equipment technology co., LTD.",https://cn.noxinfluencer.com/youtube/channel/UCuSj0AwIzrEgLkdMw4omzUQ,-5,badcase,工业自动化设备号，非咖啡机消费推广场景
281,UC7g6zcNoYN-KydJX4B0UPCw,Chris Han (chrishanxoxo),https://cn.noxinfluencer.com/youtube/channel/UC7g6zcNoYN-KydJX4B0UPCw,0,badcase,美妆生活号，和咖啡机相关性很弱
284,UCRUbMWqqTVV1UIUe6AZgMyw,TOPSFLO Micro Pump,https://cn.noxinfluencer.com/youtube/channel/UCRUbMWqqTVV1UIUe6AZgMyw,-5,badcase,微泵工业品牌号，非创作者推广场景
288,UCin5ARrjGYBsmlEWrV9Stbg,Heather,https://cn.noxinfluencer.com/youtube/channel/UCin5ARrjGYBsmlEWrV9Stbg,0,badcase,无相关品类或内容线索
290,UC-U-dH9DeNIdXEPYwouw5UA,GeekChef Air Fryer Recipes,https://cn.noxinfluencer.com/youtube/channel/UC-U-dH9DeNIdXEPYwouw5UA,0,badcase,空气炸锅食谱号，厨房但品类不匹配
297,UCsDfJzl2rt_T_zwR_EcsMRA,Information House,https://cn.noxinfluencer.com/youtube/channel/UCsDfJzl2rt_T_zwR_EcsMRA,0,badcase,无明确受众或产品相关信号
298,UCy3KEZcw8Q6ghIapYRIJ1Bw,Maddie Green,https://cn.noxinfluencer.com/youtube/channel/UCy3KEZcw8Q6ghIapYRIJ1Bw,0,badcase,旅行/音乐/vlog号，和产品推广不匹配
301,UCc-2P5tCezbxegb7gxp6EXg,HobbyFamilyTV,https://cn.noxinfluencer.com/youtube/channel/UCc-2P5tCezbxegb7gxp6EXg,2,badcase,儿童游戏向，和咖啡机推广场景几乎无关
303,UCSGxDskGl5jWJBn-1buUAsg,Click & Picks,https://cn.noxinfluencer.com/youtube/channel/UCSGxDskGl5jWJBn-1buUAsg,0,badcase,无标签与内容证据
304,UCqh1HGaPselCYbqcYvXCL1A,Clever Goods 4 U,https://cn.noxinfluencer.com/youtube/channel/UCqh1HGaPselCYbqcYvXCL1A,0,badcase,无标签与内容证据
306,UCiw97Iyd9CbAyr00D94v3tg,ABC Puzzle Kids,https://cn.noxinfluencer.com/youtube/channel/UCiw97Iyd9CbAyr00D94v3tg,-15,badcase,儿童玩具/亲子娱乐为主，与咖啡机推广不符
308,UC6h8HQwThiMfXxQGEE8_jqw,DreadTech,https://cn.noxinfluencer.com/youtube/channel/UC6h8HQwThiMfXxQGEE8_jqw,2,badcase,泛科技标签太宽，没有咖啡机评测或购买内容
309,UCC9G3ePQGxvLtLH_9oHQ4mQ,ATOZ Care,https://cn.noxinfluencer.com/youtube/channel/UCC9G3ePQGxvLtLH_9oHQ4mQ,1,badcase,只有生活方式等泛标签，相关性很弱
310,UC8Mi7vT8rH_tlM0Jp4EATMg,Bestar Packaging Rachel,https://cn.noxinfluencer.com/youtube/channel/UC8Mi7vT8rH_tlM0Jp4EATMg,0,badcase,无标签与内容证据
311,UCwvDpMLieM443yydUrgofVg,AliPick Review,https://cn.noxinfluencer.com/youtube/channel/UCwvDpMLieM443yydUrgofVg,0,badcase,无标签与内容证据
312,UC5tIlEQ2_uFpG5wNI3Zl1Rw,AZDad,https://cn.noxinfluencer.com/youtube/channel/UC5tIlEQ2_uFpG5wNI3Zl1Rw,0,badcase,无标签与内容证据
313,UCUyfiAPZ0ueefvdavcq0k9Q,Randall Burg,https://cn.noxinfluencer.com/youtube/channel/UCUyfiAPZ0ueefvdavcq0k9Q,0,badcase,无标签与内容证据
314,UCfMfWxGL3pGNmDE9poQSTag,ALLCHECKOUT,https://cn.noxinfluencer.com/youtube/channel/UCfMfWxGL3pGNmDE9poQSTag,-10,badcase,ASMR音景格式与家电促销不匹配，缺少评测/购买证据
315,UCCoP4LbKGlCPZZO8vRKXwjQ,Purchpad,https://cn.noxinfluencer.com/youtube/channel/UCCoP4LbKGlCPZZO8vRKXwjQ,0,badcase,无标签与内容证据
316,UCuU51NRqzaULXj5_8nRZZjQ,PartsFe,https://cn.noxinfluencer.com/youtube/channel/UCuU51NRqzaULXj5_8nRZZjQ,0,badcase,无标签与内容证据
317,UCJ6chM9N0eCF4XV9QerfA1Q,The Repair Guy ASMR,https://cn.noxinfluencer.com/youtube/channel/UCJ6chM9N0eCF4XV9QerfA1Q,0,badcase,无标签与内容证据
318,UCsLeZ47aXwsLhovxVLWwvIA,Frilly Deal,https://cn.noxinfluencer.com/youtube/channel/UCsLeZ47aXwsLhovxVLWwvIA,0,badcase,无标签与内容证据
319,UCwyR-0bgLnhpQk4ncntLb_g,Bruvi,https://cn.noxinfluencer.com/youtube/channel/UCwyR-0bgLnhpQk4ncntLb_g,0,badcase,无标签与内容证据
320,UCP4y16TQVkReffCVtJeTCYQ,SmartBest,https://cn.noxinfluencer.com/youtube/channel/UCP4y16TQVkReffCVtJeTCYQ,0,badcase,无标签与内容证据
323,UCxRkATQG5ogPrEbU88X0iuA,Lowell Trey,https://cn.noxinfluencer.com/youtube/channel/UCxRkATQG5ogPrEbU88X0iuA,2,badcase,泛科技健康标签，缺少咖啡机购买/评测信号
332,UCLNGAUMYdpCZNo28cG0rrOg,oCoffee,https://cn.noxinfluencer.com/youtube/channel/UCLNGAUMYdpCZNo28cG0rrOg,0,badcase,无标签无内容证据
334,UCDVYSMM-keKG-UidQFz9V0w,Buy On Reviews,https://cn.noxinfluencer.com/youtube/channel/UCDVYSMM-keKG-UidQFz9V0w,0,badcase,无标签无内容证据
335,UCA6F-vBRZ3Pek93M5Or0rxw,ONLINE TESTS AND REVIEWS,https://cn.noxinfluencer.com/youtube/channel/UCA6F-vBRZ3Pek93M5Or0rxw,0,badcase,无标签无内容证据
336,UCEwq6Wt3yeNTCLLhWfPCiKg,The Advance Technology,https://cn.noxinfluencer.com/youtube/channel/UCEwq6Wt3yeNTCLLhWfPCiKg,0,badcase,无标签无内容证据
337,UC1CD3f0PrH2iYN65ZqN-CwA,FA Printing Machine Manufacturer Limited,https://cn.noxinfluencer.com/youtube/channel/UC1CD3f0PrH2iYN65ZqN-CwA,0,badcase,工业印刷设备为主，咖啡机投放不对口
338,UCF3TU0vPy1VXPDPW35i1XYA,According to Amber,https://cn.noxinfluencer.com/youtube/channel/UCF3TU0vPy1VXPDPW35i1XYA,-15,badcase,剧情娱乐向，和咖啡机推广无关
340,UC7jrgxc6Q1dTz1uE5BebMog,Neal's Reviews,https://cn.noxinfluencer.com/youtube/channel/UC7jrgxc6Q1dTz1uE5BebMog,0,badcase,无标签无内容证据
341,UCWvkgO5pE4uPdnXTso1IOkw,Temu Picks,https://cn.noxinfluencer.com/youtube/channel/UCWvkgO5pE4uPdnXTso1IOkw,0,badcase,无标签无内容证据
344,UCW_Li2nfC-8NA82RMFFvGZA,SHANGHAI CHENGXIANG MACHINERY,https://cn.noxinfluencer.com/youtube/channel/UCW_Li2nfC-8NA82RMFFvGZA,0,badcase,无标签无内容证据
345,UCQBDJOxoFi8cZHItAiyrLag,ReviewNest Daily,https://cn.noxinfluencer.com/youtube/channel/UCQBDJOxoFi8cZHItAiyrLag,0,badcase,无标签无内容证据
347,UCCwbbrFw8FbE2J1rQXvyyzw,Home Truth Reviews,https://cn.noxinfluencer.com/youtube/channel/UCCwbbrFw8FbE2J1rQXvyyzw,0,badcase,无标签无内容证据
348,UC5BegTH9g90t9uKrO4t5Pcg,Ask About Food & Facts,https://cn.noxinfluencer.com/youtube/channel/UC5BegTH9g90t9uKrO4t5Pcg,1,badcase,知识问答向，缺少商品/测评语境
350,UCglHNe1Qps5YPTm7I3JtWeQ,Alexander Zapata,https://cn.noxinfluencer.com/youtube/channel/UCglHNe1Qps5YPTm7I3JtWeQ,-12,badcase,ASMR音频向，咖啡词出现也不适合机型投放
351,UC4bELHz0YfXiWaMc39gmHqw,Jason Tong,https://cn.noxinfluencer.com/youtube/channel/UC4bELHz0YfXiWaMc39gmHqw,0,badcase,无相关标签或内容证据
354,UC__Tu8lHDpThTB2EIpfbJ7Q,BLUETTI,https://cn.noxinfluencer.com/youtube/channel/UC__Tu8lHDpThTB2EIpfbJ7Q,0,badcase,太阳能电源受众与咖啡机推广场景偏离
359,UC0GhF05mfZjmSRLGqwlB2zQ,DIY Pinto,https://cn.noxinfluencer.com/youtube/channel/UC0GhF05mfZjmSRLGqwlB2zQ,-15,badcase,ASMR为主，属于明显的产品推广格式不匹配
361,UClh58EVeJlMJsGlwWnQHFmA,tech cali,https://cn.noxinfluencer.com/youtube/channel/UClh58EVeJlMJsGlwWnQHFmA,0,badcase,无相关标签或内容证据
362,UCuhFdlMC0BjvffnEpejfR4w,Tuba's Cooking Studio,https://cn.noxinfluencer.com/youtube/channel/UCuhFdlMC0BjvffnEpejfR4w,4,badcase,有烹饪场景但缺少产品/评测意图
363,UCnWcMrhSylVBYdpw3X8nwZw,Trending Hustle Pros,https://cn.noxinfluencer.com/youtube/channel/UCnWcMrhSylVBYdpw3X8nwZw,0,badcase,无相关标签或内容证据
368,UCQejwlr91D4nSUEMX3Bfkfg,Versus Lab,https://cn.noxinfluencer.com/youtube/channel/UCQejwlr91D4nSUEMX3Bfkfg,0,badcase,无相关标签或内容证据
369,UCvXqavNmXVAOPkD4QQuQ2lQ,The Flip Flop Chef®,https://cn.noxinfluencer.com/youtube/channel/UCvXqavNmXVAOPkD4QQuQ2lQ,2,badcase,仅食物/生活方式泛相关，承接咖啡机较弱
371,UCgofVjiOl-fGJ-3wUlwJeaA,Joy A. J. Pringle,https://cn.noxinfluencer.com/youtube/channel/UCgofVjiOl-fGJ-3wUlwJeaA,0,badcase,无相关标签或内容证据
373,UCnvbcqmt9_PEXW6neQF7V7A,OVR Chef,https://cn.noxinfluencer.com/youtube/channel/UCnvbcqmt9_PEXW6neQF7V7A,0,badcase,无相关标签或内容证据
374,UCivUdSx6e4mVKDZClCEjtgg,JYT Automation Equipment,https://cn.noxinfluencer.com/youtube/channel/UCivUdSx6e4mVKDZClCEjtgg,0,badcase,自动化设备方向偏工业，不适合咖啡机推广
376,UCgQMun8PSdPKEG-tGzQ2RWg,TechTroveToday,https://cn.noxinfluencer.com/youtube/channel/UCgQMun8PSdPKEG-tGzQ2RWg,0,badcase,无关键词或产品推广证据
377,UCWXL3ll_oXjLsnoZZBz_5GA,Rick,https://cn.noxinfluencer.com/youtube/channel/UCWXL3ll_oXjLsnoZZBz_5GA,0,badcase,无关键词或产品推广证据
378,UCS6g7fvSVv5ipgxbgYAXfhA,Next Top Deals,https://cn.noxinfluencer.com/youtube/channel/UCS6g7fvSVv5ipgxbgYAXfhA,0,badcase,无关键词或产品推广证据
379,UC19syw_O9tICDkb8jq4iTaw,FUBO PACKAGING MACHINERY,https://cn.noxinfluencer.com/youtube/channel/UC19syw_O9tICDkb8jq4iTaw,0,badcase,包装机械垂类，不适合咖啡机推广
380,UCssWN569GOTClTqHqMclWoA,Pinay Fit,https://cn.noxinfluencer.com/youtube/channel/UCssWN569GOTClTqHqMclWoA,0,badcase,健身娱乐向，和咖啡机推广无关
381,UCZcWE8-mEAPlPk1wQ0YIvfg,TheRykerDane,https://cn.noxinfluencer.com/youtube/channel/UCZcWE8-mEAPlPk1wQ0YIvfg,0,badcase,DIY泛内容，缺少家电评测/购买意图
382,UCEZ-A8iGAaCIJ0zOmiDsToA,plastic bag making machine,https://cn.noxinfluencer.com/youtube/channel/UCEZ-A8iGAaCIJ0zOmiDsToA,0,badcase,无关键词或产品推广证据
383,UCrdVKa_SOy_SaFx6zcyzaag,ZHONGBAIPACK,https://cn.noxinfluencer.com/youtube/channel/UCrdVKa_SOy_SaFx6zcyzaag,0,badcase,无关键词或产品推广证据
388,UCvuDnqzjQ5qDms0fqIOvx3Q,Milton Coffee Co,https://cn.noxinfluencer.com/youtube/channel/UCvuDnqzjQ5qDms0fqIOvx3Q,0,badcase,仅名称像咖啡垂类，标签和内容缺失
389,UC4SKExjF0N-3eAhWgJkYFvg,Kate_cleanhome,https://cn.noxinfluencer.com/youtube/channel/UC4SKExjF0N-3eAhWgJkYFvg,-12,badcase,ASMR/清洁内容为主，属于格式不匹配
390,UCPvHc82p_mXOOIai-hQ3jHQ,HAPPY HOUSE,https://cn.noxinfluencer.com/youtube/channel/UCPvHc82p_mXOOIai-hQ3jHQ,0,badcase,无关键词或产品推广证据
391,UC1MojJcfZlwDEVMpTDn4cgQ,xonotrix,https://cn.noxinfluencer.com/youtube/channel/UC1MojJcfZlwDEVMpTDn4cgQ,0,badcase,仅hobby泛标签，相关度弱
393,UC1ZqTH4uwU_XV4CAfqufW0Q,Rachel Denise - Sticky Situations Co,https://cn.noxinfluencer.com/youtube/channel/UC1ZqTH4uwU_XV4CAfqufW0Q,0,badcase,手帐/店铺向为主，咖啡机相关性弱
394,UCfegl3OG7LXlQS7-YL5Tvmg,Julk Zhang,https://cn.noxinfluencer.com/youtube/channel/UCfegl3OG7LXlQS7-YL5Tvmg,0,badcase,泛食物生活类，缺少家电推广信号
395,UC26vm15-mU7Q6aBZj3KhkUw,Kitchen Maniac,https://cn.noxinfluencer.com/youtube/channel/UC26vm15-mU7Q6aBZj3KhkUw,0,badcase,无标签与内容证据，难判断
396,UCT-7zfH-Nc4doj9zVZN39GA,Wow Stuff,https://cn.noxinfluencer.com/youtube/channel/UCT-7zfH-Nc4doj9zVZN39GA,0,badcase,无关键词或产品推广证据
397,UCINvRX7koogBIYdFOvyTVhw,ForYouMini,https://cn.noxinfluencer.com/youtube/channel/UCINvRX7koogBIYdFOvyTVhw,0,badcase,无关键词或产品推广证据
398,UCQh_EGeQ_SB6eblbMDuOlpA,Best Review New Prodcuts,https://cn.noxinfluencer.com/youtube/channel/UCQh_EGeQ_SB6eblbMDuOlpA,0,badcase,仅名称像测评号，证据不足
400,UCcYzt5o_Dp40qZHs93R1YGw,4KGearLab,https://cn.noxinfluencer.com/youtube/channel/UCcYzt5o_Dp40qZHs93R1YGw,0,badcase,无关键词或产品推广证据
404,UCBpzFKL1oQOnZVC7FvP9IEQ,"IVY / YAVORSKYY Gems, Travel & Knowledge",https://cn.noxinfluencer.com/youtube/channel/UCBpzFKL1oQOnZVC7FvP9IEQ,0,badcase,珠宝旅行类，和咖啡机推广基本不相关
406,UCV18GT81oww3kiymsouOrDg,Smart-Packer No.1 Packaging Machines Factory,https://cn.noxinfluencer.com/youtube/channel/UCV18GT81oww3kiymsouOrDg,0,badcase,包装机械工厂，和家用咖啡机受众不匹配
407,UCdYW9hAzY8ninEGZDzXk9rg,What's that,https://cn.noxinfluencer.com/youtube/channel/UCdYW9hAzY8ninEGZDzXk9rg,0,badcase,无标签无标题，缺少相关信号
410,UCtZdCywgvXi4oPU-GzgSGaA,K1 Videos,https://cn.noxinfluencer.com/youtube/channel/UCtZdCywgvXi4oPU-GzgSGaA,0,badcase,无标签无标题，缺少相关信号
413,UCrtrKLB0r3JsN3FxO4S2AYg,FreeSpirit,https://cn.noxinfluencer.com/youtube/channel/UCrtrKLB0r3JsN3FxO4S2AYg,0,badcase,生活方式泛频道，缺少产品投放意图
418,UCoI_XF5Jm9k0ZjhCLI0shig,Amazon Shopping,https://cn.noxinfluencer.com/youtube/channel/UCoI_XF5Jm9k0ZjhCLI0shig,0,badcase,无标签无标题，缺少相关信号
419,UCA3uN7IN2GClwa4OslN4DAw,Mrr Little,https://cn.noxinfluencer.com/youtube/channel/UCA3uN7IN2GClwa4OslN4DAw,0,badcase,偏娱乐生活，和咖啡机推广不匹配
420,UCnJ7oqQSnxBzmrHzgfb00BQ,Weibang Packaging Machines & Bottle Filling Line,https://cn.noxinfluencer.com/youtube/channel/UCnJ7oqQSnxBzmrHzgfb00BQ,0,badcase,工业包装机械，受众与家用咖啡机不一致
424,UC4CFzoYpy0f7CigJ2FLQl7Q,Hai and Terrie,https://cn.noxinfluencer.com/youtube/channel/UC4CFzoYpy0f7CigJ2FLQl7Q,0,badcase,美食娱乐向，缺少咖啡机推广意图
426,UCqHMOtoz7YfS56ky_s7c0kw,Guy Stuff,https://cn.noxinfluencer.com/youtube/channel/UCqHMOtoz7YfS56ky_s7c0kw,2,badcase,仅有科技/美食等泛化标签，缺少咖啡机推广意图
427,UC1BwhXnC5CMFi-RR3pk4FSw,Mercadez Michelle,https://cn.noxinfluencer.com/youtube/channel/UC1BwhXnC5CMFi-RR3pk4FSw,2,badcase,仅有家居生活泛相关，缺少咖啡机购买或测评意图
428,UCTnGlhWGr7uVMAlAI6fFJpQ,Tested Truths,https://cn.noxinfluencer.com/youtube/channel/UCTnGlhWGr7uVMAlAI6fFJpQ,0,badcase,无标签、无标题和无近期内容证据，无法支持咖啡机推广
429,UCZRkL3XQcz25kDEw1ijA5Pw,Value Hunters,https://cn.noxinfluencer.com/youtube/channel/UCZRkL3XQcz25kDEw1ijA5Pw,0,badcase,无标签、无相关视频，缺少咖啡机推广相关性信号
430,UCmL17bLk9UBO_IF2VZ9pBtQ,TheRykerDane Reviews,https://cn.noxinfluencer.com/youtube/channel/UCmL17bLk9UBO_IF2VZ9pBtQ,0,badcase,无咖啡机相关标签或视频，只有泛评测名，推广相关性弱
431,UCEPdcVF44smqAqAaDezkqPA,AmandaDidArt,https://cn.noxinfluencer.com/youtube/channel/UCEPdcVF44smqAqAaDezkqPA,0,badcase,标签均为艺术创作，无咖啡机推广相关性
432,UCAtHsd-U2jyJBcbB2AwLpiw,Oksie K,https://cn.noxinfluencer.com/youtube/channel/UCAtHsd-U2jyJBcbB2AwLpiw,1,badcase,仅有food泛相关，缺少咖啡机推广语境，偏弱不适合
435,UCT2OYAQvuEJPMr1-2MeYXpw,Nick Gray,https://cn.noxinfluencer.com/youtube/channel/UCT2OYAQvuEJPMr1-2MeYXpw,0,badcase,标签过于泛化，缺少咖啡机购买或评测语境，适合度弱
437,UCxemiZq0vDZknSjeV4UFyng,CBD machine,https://cn.noxinfluencer.com/youtube/channel/UCxemiZq0vDZknSjeV4UFyng,0,badcase,无咖啡机相关标签或内容，频道名也无明确推广匹配
438,UCA5xxQ2fLJLvLZNQmlpyD_g,AR Express,https://cn.noxinfluencer.com/youtube/channel/UCA5xxQ2fLJLvLZNQmlpyD_g,0,badcase,无标签与内容证据，和咖啡机推广无相关性
439,UCltg1D_WXwT1KOH79Udg37w,Search Mastery,https://cn.noxinfluencer.com/youtube/channel/UCltg1D_WXwT1KOH79Udg37w,-15,badcase,频道以游戏内容为主，与咖啡机推广场景明显不符
440,UCxjfBURvVbQrMqYmGaW9uzA,Wolf Gadget,https://cn.noxinfluencer.com/youtube/channel/UCxjfBURvVbQrMqYmGaW9uzA,0,badcase,无标签和内容证据，缺少咖啡机推广相关性
441,UCPBjNk8xUxZ1b0tY6vzOIBw,Packaging Arts,https://cn.noxinfluencer.com/youtube/channel/UCPBjNk8xUxZ1b0tY6vzOIBw,0,badcase,无咖啡机相关标签或内容，频道主题不适合推广
442,UC9z6TW8Bnig39kuY_ai6B7Q,Matty Bowman,https://cn.noxinfluencer.com/youtube/channel/UC9z6TW8Bnig39kuY_ai6B7Q,0,badcase,攀岩户外频道，与咖啡机推广无明显受众或场景相关
443,UCf-WSqgHDvuw1DhHHKLE3aA,jennybdoll,https://cn.noxinfluencer.com/youtube/channel/UCf-WSqgHDvuw1DhHHKLE3aA,0,badcase,无咖啡机直相关，且无视频内容支撑，整体偏生活美妆类，促销相关性弱
444,UC2XXeb3ke55THvmIaXEYPnw,JustBrittanyNicole,https://cn.noxinfluencer.com/youtube/channel/UC2XXeb3ke55THvmIaXEYPnw,2,badcase,仅有新房/家庭泛标签，缺少咖啡机或家电购买意图
445,UCItN6x50vOqHBYE4NwszFfA,Zach's Contraptions,https://cn.noxinfluencer.com/youtube/channel/UCItN6x50vOqHBYE4NwszFfA,-15,badcase,主要是连锁机关娱乐内容，和咖啡机推广场景不匹配
446,UCflDQov9ZT3ed7Nc3L1WbRg,Top Deal,https://cn.noxinfluencer.com/youtube/channel/UCflDQov9ZT3ed7Nc3L1WbRg,0,badcase,无标签、无内容证据，无法支持咖啡机推广
447,UCeQJBTN7JhQEKTrrA6SlKJg,Eastside Show SCP,https://cn.noxinfluencer.com/youtube/channel/UCeQJBTN7JhQEKTrrA6SlKJg,-15,badcase,SCP恐怖叙事频道，与咖啡机推广场景明显不符
448,UCIOGREs6JthuNsSMfAGj4kQ,Ultimate Tool Reviews,https://cn.noxinfluencer.com/youtube/channel/UCIOGREs6JthuNsSMfAGj4kQ,0,badcase,工具评测频道，无咖啡机或家电推广信号
450,UC7fjz4orxpYlrHvU1H4Kw2w,The Dynamic Family,https://cn.noxinfluencer.com/youtube/channel/UC7fjz4orxpYlrHvU1H4Kw2w,1,badcase,家庭vlog频道，只有泛生活/食物标签，和咖啡机推广关联很弱
451,UCcaoRkd-QGRnkw7tZPggPKw,ShopiGuide,https://cn.noxinfluencer.com/youtube/channel/UCcaoRkd-QGRnkw7tZPggPKw,0,badcase,无标签与咖啡机相关证据，购物导向也不足
454,UCsnvOo6bEI-iHHzobtyBZWw,Tony USmachines,https://cn.noxinfluencer.com/youtube/channel/UCsnvOo6bEI-iHHzobtyBZWw,-15,badcase,工业包装设备标签，和咖啡机推广受众冲突
455,UC2bd7WDCnEPQvPQxrAHg-6g,Relative Tools,https://cn.noxinfluencer.com/youtube/channel/UC2bd7WDCnEPQvPQxrAHg-6g,0,badcase,无标签且仅有工具名线索，缺少投放证据
456,UClwYuH7DJ8fP7G_kcudDQxw,Printing & Packaging Machinery,https://cn.noxinfluencer.com/youtube/channel/UClwYuH7DJ8fP7G_kcudDQxw,-10,badcase,工业机械频道，和咖啡机导购场景不匹配
458,UCaCBtG1yNHw4FJuxdUeHKRw,Saanvi Arts Show,https://cn.noxinfluencer.com/youtube/channel/UCaCBtG1yNHw4FJuxdUeHKRw,0,badcase,绘画内容与咖啡机推广几乎无关
459,UC9Uxd_uFBWqDRAP5E3YXzGg,Top 5,https://cn.noxinfluencer.com/youtube/channel/UC9Uxd_uFBWqDRAP5E3YXzGg,0,badcase,无标签无内容证据，无法支撑咖啡机推广
462,UCKuVf4vjxNFS6G51JdnGcFg,Gadget Insights Hub,https://cn.noxinfluencer.com/youtube/channel/UCKuVf4vjxNFS6G51JdnGcFg,0,badcase,无标签与内容证据，相关性无法成立
465,UC0L1QGMVrapUOGU41xkJuyA,green dragonfly,https://cn.noxinfluencer.com/youtube/channel/UC0L1QGMVrapUOGU41xkJuyA,0,badcase,食谱短视频频道，和咖啡机推广不相干
466,UC-HmDI5oS2yaS144seK8Srg,ELDEST Builds,https://cn.noxinfluencer.com/youtube/channel/UC-HmDI5oS2yaS144seK8Srg,0,badcase,DIY车辆内容为主，与咖啡机投放场景不符
467,UCqBehxL2hDnggrVY8Rtp_MA,Best on Gadgets,https://cn.noxinfluencer.com/youtube/channel/UCqBehxL2hDnggrVY8Rtp_MA,0,badcase,仅有名称线索，缺少可用标签与内容证据
468,UCdbLwQfiJQaCcIRDtt1LLdQ,BreeBuys,https://cn.noxinfluencer.com/youtube/channel/UCdbLwQfiJQaCcIRDtt1LLdQ,0,badcase,无标签，无法判断其是否适合咖啡机推广
469,UCSFpboc8pC0ERGaSH6Dt03A,Entertainment,https://cn.noxinfluencer.com/youtube/channel/UCSFpboc8pC0ERGaSH6Dt03A,-10,badcase,娱乐向频道，内容形态不适合家电导购
470,UCoEHznu6FbrhleVGe0sAP5g,Morgan Green,https://cn.noxinfluencer.com/youtube/channel/UCoEHznu6FbrhleVGe0sAP5g,0,badcase,健康健身向，缺少家电购买意图
471,UC_zWBXMT5sd3kV4OFZc1b0A,Tech World,https://cn.noxinfluencer.com/youtube/channel/UC_zWBXMT5sd3kV4OFZc1b0A,0,badcase,无标签无内容证据，无法支持投放判断
473,UCAM7TIENoSb6n7XQ53hfYUQ,"Matt Kahla, Jr.",https://cn.noxinfluencer.com/youtube/channel/UCAM7TIENoSb6n7XQ53hfYUQ,0,badcase,游戏向受众为主，咖啡机推广相关性弱
474,UCLzTkoPT5Jw9vXCQpNl9nZg,Best Fluencer,https://cn.noxinfluencer.com/youtube/channel/UCLzTkoPT5Jw9vXCQpNl9nZg,0,badcase,仅有名称线索，缺少可验证的推广信号
476,UCCKbBnHLdT9S4O-MNKPK2lA,Danny Pops,https://cn.noxinfluencer.com/youtube/channel/UCCKbBnHLdT9S4O-MNKPK2lA,-15,badcase,游戏娱乐频道，和咖啡机推广场景明显不符
478,UCYYFG3joBNEknryAzcNVYSg,Top Reviewers,https://cn.noxinfluencer.com/youtube/channel/UCYYFG3joBNEknryAzcNVYSg,0,badcase,无标签，无内容证据
480,UCRFjDNY2OI1fN4xl-ei5Igg,Yarnover,https://cn.noxinfluencer.com/youtube/channel/UCRFjDNY2OI1fN4xl-ei5Igg,0,badcase,针织机垂类，和咖啡机无关
482,UCIKrNxbQuhiSrCGH-lF8-Bw,Deep Mindset,https://cn.noxinfluencer.com/youtube/channel/UCIKrNxbQuhiSrCGH-lF8-Bw,0,badcase,无标签，无相关证据
485,UCsMVGompzui_NLmL5MUMmnQ,Best Picks,https://cn.noxinfluencer.com/youtube/channel/UCsMVGompzui_NLmL5MUMmnQ,0,badcase,无标签，无内容证据
486,UCL_Y-7dbK_P5AOddkV0CPgA,DDGLADIVA,https://cn.noxinfluencer.com/youtube/channel/UCL_Y-7dbK_P5AOddkV0CPgA,0,badcase,时尚美妆垂类，和咖啡机受众不匹配
488,UC6OwWfpp8qHf1rfnOXKfxBw,TheRubber,https://cn.noxinfluencer.com/youtube/channel/UC6OwWfpp8qHf1rfnOXKfxBw,-15,badcase,动画娱乐频道，格式和产品推广不符
491,UCkk8XuxQlTvFvB8rA_qJfnA,Homebody Haven,https://cn.noxinfluencer.com/youtube/channel/UCkk8XuxQlTvFvB8rA_qJfnA,0,badcase,无标签，无相关证据
494,UCz89RExGaMWCI3SblUSl6tA,Hot Deals,https://cn.noxinfluencer.com/youtube/channel/UCz89RExGaMWCI3SblUSl6tA,0,badcase,无标签，无相关证据
495,UCpr6CnD9TJGX7IepUlelYCQ,Review Hub,https://cn.noxinfluencer.com/youtube/channel/UCpr6CnD9TJGX7IepUlelYCQ,0,badcase,无标签，无相关证据
497,UCYy2Spb96OLKqqjKnijM4yQ,Mixhup Official,https://cn.noxinfluencer.com/youtube/channel/UCYy2Spb96OLKqqjKnijM4yQ,0,badcase,无标签，无相关证据
499,UCsyZlNZkExGLcRhJ_iLU6sw,U.S. Packaging Machine Video Hub,https://cn.noxinfluencer.com/youtube/channel/UCsyZlNZkExGLcRhJ_iLU6sw,0,badcase,标签偏泛，缺少咖啡机相关证据
500,UCyJ3meVCfs7muUhNwix121A,The best of everything,https://cn.noxinfluencer.com/youtube/channel/UCyJ3meVCfs7muUhNwix121A,0,badcase,无标签，无相关证据
2251,UCDE-Y84yXGb_CCfT2AIA8eg,Historical Figures,https://cn.noxinfluencer.com/youtube/channel/UCDE-Y84yXGb_CCfT2AIA8eg,0,badcase,科学/健康向，和咖啡机推广场景无直接关联
2253,UCDFNcscRTkbvpmwYnvnT56Q,Gamocology,https://cn.noxinfluencer.com/youtube/channel/UCDFNcscRTkbvpmwYnvnT56Q,0,badcase,无标签无内容证据，无法判断咖啡机相关性
2254,UCDFau6z4QowCThB-dkd-KXQ,Joe Allen Carnivore,https://cn.noxinfluencer.com/youtube/channel/UCDFau6z4QowCThB-dkd-KXQ,0,badcase,健康/宗教/生活向，缺少咖啡机购买或使用场景
2255,UCDGIhno0AhtqF1DfMm-8a1A,Sustainability Matters,https://cn.noxinfluencer.com/youtube/channel/UCDGIhno0AhtqF1DfMm-8a1A,0,badcase,环保食物向，和咖啡机推广关联弱
2256,UCDH7KUlHmUWpkwqXPbmEbXQ,Best Tech Hi-Fi,https://cn.noxinfluencer.com/youtube/channel/UCDH7KUlHmUWpkwqXPbmEbXQ,0,badcase,高保真音响频道，与咖啡机推广无关
2257,UCDHpfdGoFn-AUW8dTPGwK5A,EXplore_GoBenZ,https://cn.noxinfluencer.com/youtube/channel/UCDHpfdGoFn-AUW8dTPGwK5A,0,badcase,无标签无内容证据，无法判断相关性
2260,UCDLaEsZWTnM6Jz6RUJZeAXg,Vịt Xinh Crafts,https://cn.noxinfluencer.com/youtube/channel/UCDLaEsZWTnM6Jz6RUJZeAXg,0,badcase,娱乐新闻向，和咖啡机推广关联弱
2261,UCDLaO4pacpiHLmDUWGrWQ4w,Blokkzy,https://cn.noxinfluencer.com/youtube/channel/UCDLaO4pacpiHLmDUWGrWQ4w,-15,badcase,游戏/Minecraft 主导，和咖啡机推广场景明显不匹配
2262,UCDOG5Q7X2gBPy8GcSi3WDfQ,ParlorJones,https://cn.noxinfluencer.com/youtube/channel/UCDOG5Q7X2gBPy8GcSi3WDfQ,0,badcase,政治新闻向，缺少咖啡机受众和使用场景
2263,UCDRpHQCOgKRnofVIyyi0x5g,ZinxterPlays,https://cn.noxinfluencer.com/youtube/channel/UCDRpHQCOgKRnofVIyyi0x5g,0,badcase,无标签无内容证据，无法判断相关性
2264,UCDSqIAZAbSoDJtNJywMhVIA,Zen Remastering,https://cn.noxinfluencer.com/youtube/channel/UCDSqIAZAbSoDJtNJywMhVIA,-27,badcase,睡眠/放松/冥想音频频道，属强格式错配
2267,UCDUCbTYUrB-C2wg_a5XGj7Q,ashmurad,https://cn.noxinfluencer.com/youtube/channel/UCDUCbTYUrB-C2wg_a5XGj7Q,-17,badcase,ASMR/放松格式不适合咖啡机类产品推广
2268,UCDXNkMUN6c8kXMGYObaU0IA,Heather Rhodes,https://cn.noxinfluencer.com/youtube/channel/UCDXNkMUN6c8kXMGYObaU0IA,0,badcase,无标签无内容证据，无法判断相关性
2269,UCDX_OPf1wWQLg-UEH16zzrg,Richard,https://cn.noxinfluencer.com/youtube/channel/UCDX_OPf1wWQLg-UEH16zzrg,0,badcase,无标签无内容证据，无法判断相关性
2270,UCDY1GgBdmBKXT0fWIUzo_ew,Impressive Narratives,https://cn.noxinfluencer.com/youtube/channel/UCDY1GgBdmBKXT0fWIUzo_ew,0,badcase,叙事型频道，和咖啡机推广受众不匹配
2273,UCDb--yY76g1gr8ptR5bIO-A,Noshy,https://cn.noxinfluencer.com/youtube/channel/UCDb--yY76g1gr8ptR5bIO-A,0,badcase,无标签无内容证据，无法判断相关性
2274,UCDbV7Sy8rs4OIoMJ0oM6H9w,Ballistic,https://cn.noxinfluencer.com/youtube/channel/UCDbV7Sy8rs4OIoMJ0oM6H9w,0,badcase,名称偏武器语义，与咖啡机推广无关
2275,UCDcOBRca_oYlxJJk5hzMFqw,Sebastian Saucedo,https://cn.noxinfluencer.com/youtube/channel/UCDcOBRca_oYlxJJk5hzMFqw,0,badcase,无标签无视频，缺少咖啡机推广相关证据
2276,UCDd2YTWyDUIiVb6pYVjWbxA,Michael's Finds,https://cn.noxinfluencer.com/youtube/channel/UCDd2YTWyDUIiVb6pYVjWbxA,0,badcase,无标签与内容证据，难判断为咖啡机推广受众
2278,UCDfoq5esp0arYw0k8z-AvTg,Wandering Yooper,https://cn.noxinfluencer.com/youtube/channel/UCDfoq5esp0arYw0k8z-AvTg,0,badcase,户外钓鱼为主，与咖啡机推广场景不匹配
2279,UCDfvsHaAnJYyHONiBiYeVtQ,FanTop Audio,https://cn.noxinfluencer.com/youtube/channel/UCDfvsHaAnJYyHONiBiYeVtQ,0,badcase,无有效标签与内容证据
2280,UCDgFGnLK5xZjYDfTd64SfrA,Google Googl,https://cn.noxinfluencer.com/youtube/channel/UCDgFGnLK5xZjYDfTd64SfrA,0,badcase,无有效标签与内容证据
2281,UCDhPj68HS7b22YmTsJLi07Q,Misfit Family Network,https://cn.noxinfluencer.com/youtube/channel/UCDhPj68HS7b22YmTsJLi07Q,0,badcase,无有效标签与内容证据
2282,UCDhemapRS4OfAfzTn5kYuvA,Cat-titude Co.,https://cn.noxinfluencer.com/youtube/channel/UCDhemapRS4OfAfzTn5kYuvA,0,badcase,无有效标签与内容证据
2284,UCDigG7fVqSx_aq2oKtcceZQ,Legion Tacticool Cutlery,https://cn.noxinfluencer.com/youtube/channel/UCDigG7fVqSx_aq2oKtcceZQ,0,badcase,刀具/户外器材方向，和咖啡机无关
2285,UCDjS6fcADNqUh72fEriHqbQ,"Guangzhou Jiuhong Printing Machinery Co.,Ltd.",https://cn.noxinfluencer.com/youtube/channel/UCDjS6fcADNqUh72fEriHqbQ,0,badcase,工业印刷设备频道，非咖啡机消费场景
2286,UCDmLX6F_IP-QOCTcM2b8eJw,Motorcycle Monkey,https://cn.noxinfluencer.com/youtube/channel/UCDmLX6F_IP-QOCTcM2b8eJw,0,badcase,摩托旅行方向，与咖啡机推广无关
2287,UCDo0dhw_TJ8xWMj8FSap4cg,Claudette's Charms,https://cn.noxinfluencer.com/youtube/channel/UCDo0dhw_TJ8xWMj8FSap4cg,0,badcase,无有效标签与内容证据
2292,UCDwdDKYq0kcEAlziX5EEP3g,미국 로드트립,https://cn.noxinfluencer.com/youtube/channel/UCDwdDKYq0kcEAlziX5EEP3g,0,badcase,旅行自驾内容，与咖啡机推广不匹配
2296,UCE-oAGdOJbSmgD4vF0lezIg,Travel And Tour World,https://cn.noxinfluencer.com/youtube/channel/UCE-oAGdOJbSmgD4vF0lezIg,0,badcase,旅游媒体方向，与咖啡机无直接相关
2297,UCE1Bf98mJrY2lKtLT5fx4lQ,Dolma’s World,https://cn.noxinfluencer.com/youtube/channel/UCE1Bf98mJrY2lKtLT5fx4lQ,-15,badcase,ASMR为主，明显是音频氛围型，不适合卖咖啡机
2298,UCE3IiR7S0DkqbEvQS4e4FaA,Tech5list,https://cn.noxinfluencer.com/youtube/channel/UCE3IiR7S0DkqbEvQS4e4FaA,0,badcase,无有效标签与内容证据
2299,UCE3hh5F4DA3PnCw_UnVIIFg,Walk Ride Fly,https://cn.noxinfluencer.com/youtube/channel/UCE3hh5F4DA3PnCw_UnVIIFg,0,badcase,城市生活vlog，与咖啡机推广关联弱
2301,UCE52HbnvL6Np_gq-au7-_Aw,Rebekah,https://cn.noxinfluencer.com/youtube/channel/UCE52HbnvL6Np_gq-au7-_Aw,0,badcase,无相关标签或内容信号
2302,UCE6sNeSUFK0RwWoc9F76uEw,Bollywood Gems 💎,https://cn.noxinfluencer.com/youtube/channel/UCE6sNeSUFK0RwWoc9F76uEw,0,badcase,无相关标签或内容信号
2303,UCE6vM1xnFAKAllR6GhxbfdQ,Hime,https://cn.noxinfluencer.com/youtube/channel/UCE6vM1xnFAKAllR6GhxbfdQ,1,badcase,以吃播生活为主，仅有食物弱相关
2304,UCE96uaR1W4xlxyhSYnI0NVQ,AllThingsNeme,https://cn.noxinfluencer.com/youtube/channel/UCE96uaR1W4xlxyhSYnI0NVQ,-13,badcase,ASMR食谱流，和咖啡机投放场景不匹配
2305,UCEAN7SBaOu8ekDZInWbmcwQ,Tech Shout Gadgets,https://cn.noxinfluencer.com/youtube/channel/UCEAN7SBaOu8ekDZInWbmcwQ,0,badcase,仅名称像数码号，缺少有效证据
2306,UCEDEun7sRJuqQSyQAJ8_gyQ,Cat Tales Luminos,https://cn.noxinfluencer.com/youtube/channel/UCEDEun7sRJuqQSyQAJ8_gyQ,0,badcase,无相关标签或内容信号
2308,UCEDTpdNBRqrP5jlh_woc0wg,Jeff Swayzee,https://cn.noxinfluencer.com/youtube/channel/UCEDTpdNBRqrP5jlh_woc0wg,0,badcase,无相关标签或内容信号
2309,UCEEBaIgpK6qimlCLavI7XxQ,Samantha Nicole,https://cn.noxinfluencer.com/youtube/channel/UCEEBaIgpK6qimlCLavI7XxQ,0,badcase,美妆生活号，缺少咖啡机受众信号
2310,UCEEN_B1ohEg71aYrfhS6Zew,PandE's Shop,https://cn.noxinfluencer.com/youtube/channel/UCEEN_B1ohEg71aYrfhS6Zew,0,badcase,无相关标签或内容信号
2312,UCEIErhXL8-rBESSSaesaXxA,Quick Reviews,https://cn.noxinfluencer.com/youtube/channel/UCEIErhXL8-rBESSSaesaXxA,0,badcase,仅名称像评测号，缺少标签证据
2313,UCELbUGyJTDTx4zw97PsTfFA,alyssa fouts,https://cn.noxinfluencer.com/youtube/channel/UCELbUGyJTDTx4zw97PsTfFA,0,badcase,娱乐音乐生活号，和咖啡机关联弱
2315,UCEMNmhw0s4lmuA-h3v3T8Kg,Griselda Ly,https://cn.noxinfluencer.com/youtube/channel/UCEMNmhw0s4lmuA-h3v3T8Kg,0,badcase,无相关标签或内容信号
2316,UCEOZBDMb8Pv_kYL74vWJcfg,The BelaTexan,https://cn.noxinfluencer.com/youtube/channel/UCEOZBDMb8Pv_kYL74vWJcfg,0,badcase,无相关标签或内容信号
2317,UCEP2IGsO_Eh_kSrbjNA5JGQ,Celo Kim,https://cn.noxinfluencer.com/youtube/channel/UCEP2IGsO_Eh_kSrbjNA5JGQ,-5,badcase,咖啡号但带ASMR，缺少评测投放语境
2319,UCEP9a3UgwH5PzwlKmosfliw,Abi Energy 22,https://cn.noxinfluencer.com/youtube/channel/UCEP9a3UgwH5PzwlKmosfliw,0,badcase,健康补剂号，和咖啡机不相关
2320,UCEPC74wfSgcaCH3eVr-S9pg,Dreadworld Sci-Fi,https://cn.noxinfluencer.com/youtube/channel/UCEPC74wfSgcaCH3eVr-S9pg,-15,badcase,纯科幻叙事号，明显不适合
2321,UCETYR3OW2PvtfZDZs4fTDmQ,Unplanned Entertainment,https://cn.noxinfluencer.com/youtube/channel/UCETYR3OW2PvtfZDZs4fTDmQ,-15,badcase,娱乐动画为主，咖啡仅是表面词
2322,UCETl9wWmCkpHQDjNP4Udzvg,Tech boss,https://cn.noxinfluencer.com/youtube/channel/UCETl9wWmCkpHQDjNP4Udzvg,0,badcase,无相关标签或内容信号
2323,UCETnYn9DqN4PhGAvutq_yWw,Gadgets HD,https://cn.noxinfluencer.com/youtube/channel/UCETnYn9DqN4PhGAvutq_yWw,0,badcase,无相关标签或内容信号
2324,UCEUoB8FJdHTZYfzp_bNbMGA,SCI-FI HFY LEGENDS,https://cn.noxinfluencer.com/youtube/channel/UCEUoB8FJdHTZYfzp_bNbMGA,0,badcase,无相关标签或内容信号
2325,UCEVEMvP3i4hlx__BOqJb0uw,Monty Dimes,https://cn.noxinfluencer.com/youtube/channel/UCEVEMvP3i4hlx__BOqJb0uw,0,badcase,无相关标签或内容信号
2326,UCEXXuFMQjrLOCaDVRsIrXXQ,Leticia Pearson,https://cn.noxinfluencer.com/youtube/channel/UCEXXuFMQjrLOCaDVRsIrXXQ,0,badcase,无标签无内容，无法判断咖啡机推广相关性
2327,UCEYfCdeBONUYGsUsZNgC0rQ,charley mcanally,https://cn.noxinfluencer.com/youtube/channel/UCEYfCdeBONUYGsUsZNgC0rQ,-15,badcase,娱乐喜剧为主，和咖啡机推广场景明显不符
2329,UCEZvVbscWLAm15BpM6ESZzw,HH,https://cn.noxinfluencer.com/youtube/channel/UCEZvVbscWLAm15BpM6ESZzw,0,badcase,无标签无内容，缺少咖啡机推广依据
2330,UCE_rmCbwMaG6fBnIzaD5N-w,Ella Relax,https://cn.noxinfluencer.com/youtube/channel/UCE_rmCbwMaG6fBnIzaD5N-w,0,badcase,无标签无内容，无法确认适合带货
2331,UCEap8hfML3nXaMMI1KjgMNQ,AK Two The Screwball Hater,https://cn.noxinfluencer.com/youtube/channel/UCEap8hfML3nXaMMI1KjgMNQ,-15,badcase,电影游戏娱乐向，和产品推广受众不匹配
2332,UCEaxS026ieLoiP_6sm9sB9w,This Channel Is Retired,https://cn.noxinfluencer.com/youtube/channel/UCEaxS026ieLoiP_6sm9sB9w,-15,badcase,娱乐、游戏、反应内容为主，推广属性弱
2333,UCEbkuN5jCqWFufX2J-jFeGg,Modern technology,https://cn.noxinfluencer.com/youtube/channel/UCEbkuN5jCqWFufX2J-jFeGg,0,badcase,无标签无内容，难以判断咖啡机相关性
2335,UCEelfdZId8BlxwHexcOTtDw,Kazuki Nozomi,https://cn.noxinfluencer.com/youtube/channel/UCEelfdZId8BlxwHexcOTtDw,0,badcase,无标签无内容，缺少带货判断依据
2337,UCEgczlTpz3Tu84VNFRbvLtw,YourPalRoss Streams,https://cn.noxinfluencer.com/youtube/channel/UCEgczlTpz3Tu84VNFRbvLtw,-15,badcase,纯游戏频道，和咖啡机推广不匹配
2338,UCEhB66S2lgau9S_KBlghUWw,TastyTalesHub,https://cn.noxinfluencer.com/youtube/channel/UCEhB66S2lgau9S_KBlghUWw,0,badcase,无标签无内容，无法支持推广判断
2339,UCEhM4lgLUPsymdyFjox97qg,TOTL,https://cn.noxinfluencer.com/youtube/channel/UCEhM4lgLUPsymdyFjox97qg,0,badcase,无标签无内容，缺少咖啡机相关信号
2340,UCEiRCCdVenZqtshPAsOTQ0g,Another Package,https://cn.noxinfluencer.com/youtube/channel/UCEiRCCdVenZqtshPAsOTQ0g,0,badcase,无标签无内容，无法判断是否适合推广
2341,UCEjZFP5RHwk4oeemWyuXABg,Product Explorer Hub,https://cn.noxinfluencer.com/youtube/channel/UCEjZFP5RHwk4oeemWyuXABg,0,badcase,仅有频道名线索，标签缺失，相关性不足
2342,UCEm16g07c_XPHn-KFqHVvyw,The Brit Bloom Chronicles,https://cn.noxinfluencer.com/youtube/channel/UCEm16g07c_XPHn-KFqHVvyw,0,badcase,无标签无内容，无法建立咖啡机推广相关性
2343,UCEm737oG-OGDU-L7U3dDQ5Q,Chef Kanwal's Kitchen,https://cn.noxinfluencer.com/youtube/channel/UCEm737oG-OGDU-L7U3dDQ5Q,-9,badcase,ASMR音频导向，和咖啡机带货格式明显冲突
2344,UCEm_0Cv-bdGNSDiG55QJ0Yw,Dr Bob,https://cn.noxinfluencer.com/youtube/channel/UCEm_0Cv-bdGNSDiG55QJ0Yw,-15,badcase,动画娱乐和SCP向频道，和咖啡机推广无关
2346,UCEn7RtlfCvIJYsqkXRvIFbg,Gear Scope,https://cn.noxinfluencer.com/youtube/channel/UCEn7RtlfCvIJYsqkXRvIFbg,0,badcase,无标签内容，无法证明适合咖啡机推广
2347,UCEnGMPV_OsJtDSgq7zjGw0w,CME Traveling,https://cn.noxinfluencer.com/youtube/channel/UCEnGMPV_OsJtDSgq7zjGw0w,0,badcase,无标签无内容，相关性不足
2348,UCEnY27JFD4PyFtzAjH8hRmw,ISPY TOYS,https://cn.noxinfluencer.com/youtube/channel/UCEnY27JFD4PyFtzAjH8hRmw,-15,badcase,游戏主频道，和咖啡机推广受众明显不符
2350,UCEoTyYPG7a-5eoN543t2phA,Best Picks Today,https://cn.noxinfluencer.com/youtube/channel/UCEoTyYPG7a-5eoN543t2phA,0,badcase,无标签无内容，无法判断咖啡机相关性
2351,UCEtJ28X72GHVN6eVKBPtEtw,sen III Lin,https://cn.noxinfluencer.com/youtube/channel/UCEtJ28X72GHVN6eVKBPtEtw,0,badcase,无标签和内容证据，难以支撑咖啡机推广
2353,UCEvrgeuqWSTrtgFhKN_I88Q,Nickie Hollandsworth,https://cn.noxinfluencer.com/youtube/channel/UCEvrgeuqWSTrtgFhKN_I88Q,0,badcase,无标签和内容证据，相关性不足
2354,UCEyCIJiwI1-_nWvcjcFy9pw,Harshita's Kitchen,https://cn.noxinfluencer.com/youtube/channel/UCEyCIJiwI1-_nWvcjcFy9pw,-6,badcase,厨房题材有弱相关，但ASMR格式强不匹配
2355,UCEym6rk7JMqWkp-PB8oEe0A,lego DiseasE,https://cn.noxinfluencer.com/youtube/channel/UCEym6rk7JMqWkp-PB8oEe0A,-15,badcase,玩具和ASMR为主，不适合咖啡机推广
2358,UCF0MporDR3Ly19LcOZwRjNQ,Lucas & Kaho,https://cn.noxinfluencer.com/youtube/channel/UCF0MporDR3Ly19LcOZwRjNQ,-14,badcase,娱乐挑战号为主，和咖啡机推广场景不适配
2359,UCF0QVDLxgUY2e_QWCl_1c0Q,Saides3Dcreations,https://cn.noxinfluencer.com/youtube/channel/UCF0QVDLxgUY2e_QWCl_1c0Q,0,badcase,无标签和内容证据，相关性不足
2360,UCF1wYTEoSJCsKNo-ru47SNA,Launching Tomorrow,https://cn.noxinfluencer.com/youtube/channel/UCF1wYTEoSJCsKNo-ru47SNA,0,badcase,无标签和内容证据，相关性不足
2362,UCF2sSNXNmebUmwm-PK1nuHA,Zodiac Decoded,https://cn.noxinfluencer.com/youtube/channel/UCF2sSNXNmebUmwm-PK1nuHA,0,badcase,无标签和内容证据，相关性不足
2364,UCF5P0Cdfkw7nXjxbMDewzLA,Enflix,https://cn.noxinfluencer.com/youtube/channel/UCF5P0Cdfkw7nXjxbMDewzLA,-4,badcase,娱乐占主，生活方式仅弱相关
2367,UCF8qQCaCslMMcj6OWkwQLkg,Focoid,https://cn.noxinfluencer.com/youtube/channel/UCF8qQCaCslMMcj6OWkwQLkg,0,badcase,无标签和内容证据，相关性不足
2368,UCF9Vq93tH1nTUvHU3OR2TOA,Calm Relaxing My YTC,https://cn.noxinfluencer.com/youtube/channel/UCF9Vq93tH1nTUvHU3OR2TOA,0,badcase,无标签和内容证据，难判断有相关受众
2370,UCFBsFgAiaqcmlW5WOiUQh_w,Noah Zachary,https://cn.noxinfluencer.com/youtube/channel/UCFBsFgAiaqcmlW5WOiUQh_w,-15,badcase,反应娱乐内容为主，不适合咖啡机推广
2372,UCFE7bHWaKsOlXd17GH-wb9Q,Elia Esparza,https://cn.noxinfluencer.com/youtube/channel/UCFE7bHWaKsOlXd17GH-wb9Q,1,badcase,生活方式受众可泛投，但咖啡机意图不强
2374,UCFF5FU9t6tQvrasWnXpXyqw,Green Goals,https://cn.noxinfluencer.com/youtube/channel/UCFF5FU9t6tQvrasWnXpXyqw,0,badcase,无标签和内容证据，相关性不足
2375,UCFFaiA5XJjblblvHFRP2N1A,Mippness,https://cn.noxinfluencer.com/youtube/channel/UCFFaiA5XJjblblvHFRP2N1A,-15,badcase,动画娱乐为主，不适合咖啡机推广
2378,UCFJf45DfuUhTuuiujWfsf6A,Obscura Verse,https://cn.noxinfluencer.com/youtube/channel/UCFJf45DfuUhTuuiujWfsf6A,-15,badcase,娱乐短剧向，和家电推广明显不符
2380,UCFKD22crDa-0TcvMCC1Y1mQ,Mr sourcing agent,https://cn.noxinfluencer.com/youtube/channel/UCFKD22crDa-0TcvMCC1Y1mQ,-15,badcase,娱乐游戏向，和咖啡机推广不匹配
2384,UCFNTIK70xKFkjH_mzej2New,NingD Channel,https://cn.noxinfluencer.com/youtube/channel/UCFNTIK70xKFkjH_mzej2New,-10,badcase,宠物狗频道，面向错位，不适合咖啡机推广
2386,UCFP3FchiXqUTaOUN90pCV5g,Strategic Treasurer,https://cn.noxinfluencer.com/youtube/channel/UCFP3FchiXqUTaOUN90pCV5g,0,badcase,财经教育频道，缺少消费种草场景
2387,UCFPp6ZTqXaYVefn3G50nXWg,Re:Sonance,https://cn.noxinfluencer.com/youtube/channel/UCFPp6ZTqXaYVefn3G50nXWg,-15,badcase,音乐娱乐频道，和咖啡机推广不适配
2389,UCFQESgg5JvrwL0f1kr6oAMw,Tix Stories,https://cn.noxinfluencer.com/youtube/channel/UCFQESgg5JvrwL0f1kr6oAMw,-15,badcase,故事搞笑向，和产品推广场景不符
2390,UCFQMx3Wj6OjvwYcEL9hr8jA,Dignified TV Network,https://cn.noxinfluencer.com/youtube/channel/UCFQMx3Wj6OjvwYcEL9hr8jA,0,badcase,房产杂项为主，缺少咖啡机相关信号
2391,UCFTjhKAa97QC1EFZ6uxqZrA,"Foshan Sayok Packaging Machinery Co.,LTD",https://cn.noxinfluencer.com/youtube/channel/UCFTjhKAa97QC1EFZ6uxqZrA,0,badcase,机械公司号，不是咖啡机创作者分发场景
2392,UCFVR5gPGW9eYjpj7G28Ry9Q,Coltrane Davis,https://cn.noxinfluencer.com/youtube/channel/UCFVR5gPGW9eYjpj7G28Ry9Q,-10,badcase,音乐娱乐为主，产品转化弱
2393,UCFVq6uIRj248jrUNtdZsvZg,The Reality Expressor,https://cn.noxinfluencer.com/youtube/channel/UCFVq6uIRj248jrUNtdZsvZg,0,badcase,无标签无内容证据
2394,UCFYl0OvERz5Hg-1Y_fWIF2g,Lance Infante Doria Jr,https://cn.noxinfluencer.com/youtube/channel/UCFYl0OvERz5Hg-1Y_fWIF2g,0,badcase,以短视频/美妆娱乐为主，和咖啡机弱相关
2395,UCFZXiwK9jOJPW1mDdzomwbQ,Recreational Time,https://cn.noxinfluencer.com/youtube/channel/UCFZXiwK9jOJPW1mDdzomwbQ,0,badcase,缺少相关内容信号
2397,UCFZwVDO6oHBUYxqs4dIOGPg,FLINTEASTWOOD,https://cn.noxinfluencer.com/youtube/channel/UCFZwVDO6oHBUYxqs4dIOGPg,0,badcase,无可用相关信息
2398,UCF__KGiT89E5CCUmKybUl9Q,OikoEco,https://cn.noxinfluencer.com/youtube/channel/UCF__KGiT89E5CCUmKybUl9Q,0,badcase,旅游生活向，和咖啡机推广场景偏离
2399,UCF_f44gUmovGmOGvMO2oLMQ,John Ingle,https://cn.noxinfluencer.com/youtube/channel/UCF_f44gUmovGmOGvMO2oLMQ,0,badcase,无相关证据
2400,UCFb9fjGWWajW1_aoZ7_SsPw,FOODSNAPSTORY,https://cn.noxinfluencer.com/youtube/channel/UCFb9fjGWWajW1_aoZ7_SsPw,-15,badcase,ASMR食物内容是明显格式错配
2401,UCFbNeFwv9Y7PNlDEfFIaw3g,Blue Launch,https://cn.noxinfluencer.com/youtube/channel/UCFbNeFwv9Y7PNlDEfFIaw3g,0,badcase,无相关标签，缺少咖啡机投放语境
2402,UCFdKVK3fRnyV0YWgLUBNrnw,Our Buying Guide,https://cn.noxinfluencer.com/youtube/channel/UCFdKVK3fRnyV0YWgLUBNrnw,0,badcase,无标签无内容，缺少咖啡机相关信号
2403,UCFe6NlRyC3VvdHddjSd9eZw,Lady Di Saves,https://cn.noxinfluencer.com/youtube/channel/UCFe6NlRyC3VvdHddjSd9eZw,0,badcase,预算/生活向，与咖啡机推广关联弱
2404,UCFh4Q4lJG0E0PwgbbZeOXag,AI In Action,https://cn.noxinfluencer.com/youtube/channel/UCFh4Q4lJG0E0PwgbbZeOXag,0,badcase,无相关标签，缺少产品推广语境
2406,UCFhOTMydwevJGT4GyBilNSw,Wellness Tech Reviews,https://cn.noxinfluencer.com/youtube/channel/UCFhOTMydwevJGT4GyBilNSw,0,badcase,无标签，无法判断咖啡机受众匹配
2407,UCFk3D6lg1RuxLaQbylOJEzw,zoke,https://cn.noxinfluencer.com/youtube/channel/UCFk3D6lg1RuxLaQbylOJEzw,0,badcase,无标签无内容，相关性不足
2408,UCFn7xeBv8Ar3SuQtH1Ln65Q,ObaFilms,https://cn.noxinfluencer.com/youtube/channel/UCFn7xeBv8Ar3SuQtH1Ln65Q,-10,badcase,娱乐内容为主，与商品推广不匹配
2409,UCFo7u5YNj_kO0hPYv1axUiA,Neat Home M,https://cn.noxinfluencer.com/youtube/channel/UCFo7u5YNj_kO0hPYv1axUiA,0,badcase,无标签，无咖啡机相关信号
2410,UCFoezzXycn8L0qaMHnqAUxw,‫Quick N’ Learn تعلم الانجليزية مع محمد‬‎,https://cn.noxinfluencer.com/youtube/channel/UCFoezzXycn8L0qaMHnqAUxw,0,badcase,教育语言向，与咖啡机推广无关
2411,UCFprNY-2rioN7wdfSFx1CJw,Smart Deals Bazar,https://cn.noxinfluencer.com/youtube/channel/UCFprNY-2rioN7wdfSFx1CJw,0,badcase,无标签，购物属性不足以支撑投放
2413,UCFrNE3VXueqTK4HJzRfJkhQ,Allen Lin,https://cn.noxinfluencer.com/youtube/channel/UCFrNE3VXueqTK4HJzRfJkhQ,0,badcase,无标签，无法判断咖啡机适配度
2414,UCFrNh4tQe4n6R1c0Ot0A2Jg,Roma's Project Corner,https://cn.noxinfluencer.com/youtube/channel/UCFrNh4tQe4n6R1c0Ot0A2Jg,0,badcase,无标签，项目类内容不等于商品推广
2416,UCFtBQ88TUaYzaT5R5Ic0Q6g,Roll’n with Jackpot Joe,https://cn.noxinfluencer.com/youtube/channel/UCFtBQ88TUaYzaT5R5Ic0Q6g,0,badcase,赌场游戏向，与咖啡机推广不相关
2417,UCFtK5WDULibS_upQb6I4OEw,Shortai,https://cn.noxinfluencer.com/youtube/channel/UCFtK5WDULibS_upQb6I4OEw,0,badcase,无标签，缺少咖啡机相关语境
2418,UCFtZfyMN1gPwoks96DRRrbg,Earlyadopter Lifestyle,https://cn.noxinfluencer.com/youtube/channel/UCFtZfyMN1gPwoks96DRRrbg,0,badcase,创业众筹向，和咖啡机投放关联弱
2419,UCFtrGB8H7FsjiknTEg_SwFw,Designing Dreamscapes,https://cn.noxinfluencer.com/youtube/channel/UCFtrGB8H7FsjiknTEg_SwFw,0,badcase,无标签，无法支撑咖啡机相关投放
2420,UCFxL3-IpQndoPFp3uLSPCiQ,Mike Mason,https://cn.noxinfluencer.com/youtube/channel/UCFxL3-IpQndoPFp3uLSPCiQ,0,badcase,无标签无内容，相关性不足
2422,UCG2ZyysimMPtnuR8iFRTPnw,DOGGO69YT,https://cn.noxinfluencer.com/youtube/channel/UCG2ZyysimMPtnuR8iFRTPnw,0,badcase,无标签，无法判断投放匹配度
2423,UCG37IKGPaunSsFF_CB_eFcA,Just.viral.belike,https://cn.noxinfluencer.com/youtube/channel/UCG37IKGPaunSsFF_CB_eFcA,-15,badcase,游戏娱乐向，与咖啡机推广不匹配
2424,UCG4iP1tX-qR1Gd6BvWWb-FQ,Mark Fauntleroy,https://cn.noxinfluencer.com/youtube/channel/UCG4iP1tX-qR1Gd6BvWWb-FQ,0,badcase,仅生活标签，和咖啡机关联很弱
2425,UCG6I8L6VDX7MQn7GiJlVxgw,Top 5 deals,https://cn.noxinfluencer.com/youtube/channel/UCG6I8L6VDX7MQn7GiJlVxgw,0,badcase,无标签，缺少咖啡机投放信号
2426,UCG6VMVqjqQYmI4XoXDrXipw,NanaVLive,https://cn.noxinfluencer.com/youtube/channel/UCG6VMVqjqQYmI4XoXDrXipw,-15,badcase,娱乐舞蹈内容，与咖啡机推广无关
2428,UCG79YzpHsCAoFcc7g7CxH5g,fastbulletz,https://cn.noxinfluencer.com/youtube/channel/UCG79YzpHsCAoFcc7g7CxH5g,-15,badcase,游戏频道，和咖啡机推广主题冲突明显
2429,UCG7J20LhUeLl6y_Emi7OJrA,The Studio,https://cn.noxinfluencer.com/youtube/channel/UCG7J20LhUeLl6y_Emi7OJrA,0,badcase,无明确咖啡机或购买意图信号
2430,UCG8CyTiAQ_DsaU3SeeOnZVg,Caro&Gera,https://cn.noxinfluencer.com/youtube/channel/UCG8CyTiAQ_DsaU3SeeOnZVg,0,badcase,缺少可判断的标签与内容证据
2431,UCG9FKuqwXKkecT9yQ-ZlymQ,Real Paranormal Videos,https://cn.noxinfluencer.com/youtube/channel/UCG9FKuqwXKkecT9yQ-ZlymQ,-15,badcase,SCP叙事娱乐频道，不适合咖啡机推广
2433,UCGDhf678RHbRCbm9RBm3AFA,Too Simple Crafts,https://cn.noxinfluencer.com/youtube/channel/UCGDhf678RHbRCbm9RBm3AFA,0,badcase,手工DIY为主，缺少咖啡机推广意图
2435,UCGF_Jd7x2r-4xOYjUVW-wOA,chotunab,https://cn.noxinfluencer.com/youtube/channel/UCGF_Jd7x2r-4xOYjUVW-wOA,0,badcase,缺少标签与视频证据，无法判断相关性
2436,UCGG4rmNrv38IWylmmStryeg,Happy Doomers,https://cn.noxinfluencer.com/youtube/channel/UCGG4rmNrv38IWylmmStryeg,-5,badcase,搞笑娱乐与咖啡机促销不匹配
2437,UCGGBD5k3b3e0EN1-CYwEf7g,Lingonberry Intelligence,https://cn.noxinfluencer.com/youtube/channel/UCGGBD5k3b3e0EN1-CYwEf7g,0,badcase,无可用标签，无法支撑推广判断
2438,UCGJDL07qPfI-BANwIpfi27w,AliExpress Review Hub,https://cn.noxinfluencer.com/youtube/channel/UCGJDL07qPfI-BANwIpfi27w,0,badcase,缺少内容标签，无法判断适配度
2439,UCGJurDcrL7wB0um3UQR3yfw,DISCOVER LOS ANGELES,https://cn.noxinfluencer.com/youtube/channel/UCGJurDcrL7wB0um3UQR3yfw,0,badcase,无标签无视频证据，判断为不相关
2440,UCGKlEjix-pUZ-a4P_6G6VEw,Garbo Glassware,https://cn.noxinfluencer.com/youtube/channel/UCGKlEjix-pUZ-a4P_6G6VEw,0,badcase,缺少标签与标题，无法建立相关性
2441,UCGLtPn_GYLnGi7sgwx_132w,Techtuktak Aklgas Kesio247,https://cn.noxinfluencer.com/youtube/channel/UCGLtPn_GYLnGi7sgwx_132w,0,badcase,无标签证据，无法判断为咖啡机相关
2442,UCGMOUF_yGBYRFww9d_UKA1A,Wealth Wise Growth,https://cn.noxinfluencer.com/youtube/channel/UCGMOUF_yGBYRFww9d_UKA1A,0,badcase,商业教育类，缺少咖啡机推广信号
2444,UCGQyiRgIcl5rNMUpMfletnQ,Iuri's Workshop,https://cn.noxinfluencer.com/youtube/channel/UCGQyiRgIcl5rNMUpMfletnQ,0,badcase,DIY工作室类，缺少咖啡机推广意图
2446,UCGSifCPp6r8CJr5FRxyNssg,IvanMakesMusic,https://cn.noxinfluencer.com/youtube/channel/UCGSifCPp6r8CJr5FRxyNssg,0,badcase,无标签与内容证据，不适合咖啡机推广
2448,UCGTo0TloP8hxDc9eu_cveLw,Best 5 Choice,https://cn.noxinfluencer.com/youtube/channel/UCGTo0TloP8hxDc9eu_cveLw,0,badcase,无标签，无法支撑咖啡机相关判断
2449,UCGWQuVpZIIzvuaBOwSzveRg,RestandRelaxationVids,https://cn.noxinfluencer.com/youtube/channel/UCGWQuVpZIIzvuaBOwSzveRg,0,badcase,放松类频道，缺少产品推广证据
2450,UCGXTcL9d367QXuRbKjAxo1Q,Melanie Locke,https://cn.noxinfluencer.com/youtube/channel/UCGXTcL9d367QXuRbKjAxo1Q,0,badcase,无标签内容证据，无法判断适配度
2451,UCGXtY2dokuZpku6Y5MI-Fpw,cnc machining factory,https://cn.noxinfluencer.com/youtube/channel/UCGXtY2dokuZpku6Y5MI-Fpw,0,badcase,工业加工向，与咖啡机消费推广无关
2452,UCGb6A5ungKYhy6RHBenRzcA,Chicklino,https://cn.noxinfluencer.com/youtube/channel/UCGb6A5ungKYhy6RHBenRzcA,0,badcase,信息不足，相关性未体现
2456,UCGevFkpHVZqrmAgWJlTqJDA,Vegas Mini Mansion,https://cn.noxinfluencer.com/youtube/channel/UCGevFkpHVZqrmAgWJlTqJDA,0,badcase,内容意图不明，与咖啡机关联弱
2458,UCGi_rCPkF9aMOCW1iQF-oPQ,Smart Healthy and Fit,https://cn.noxinfluencer.com/youtube/channel/UCGi_rCPkF9aMOCW1iQF-oPQ,0,badcase,健康健身向，与咖啡机购买场景弱相关
2459,UCGiwblnmDlc5nZBHoDQUNSQ,Shecko,https://cn.noxinfluencer.com/youtube/channel/UCGiwblnmDlc5nZBHoDQUNSQ,0,badcase,信息不足，相关信号缺失
2461,UCGmjB2Ady3ViVLgk3fv2GGA,Peak Viral Shorts,https://cn.noxinfluencer.com/youtube/channel/UCGmjB2Ady3ViVLgk3fv2GGA,-5,badcase,娱乐短视频向，推广匹配度差
2462,UCGn7dlcAmH44GqycKa_3ssA,Google Arts & Culture,https://cn.noxinfluencer.com/youtube/channel/UCGn7dlcAmH44GqycKa_3ssA,0,badcase,艺术文化向，与咖啡机推广场景不符
2464,UCGpVUUls-gRODCHcleK506A,Boba's Lego World,https://cn.noxinfluencer.com/youtube/channel/UCGpVUUls-gRODCHcleK506A,-5,badcase,玩具娱乐向，和咖啡机人群不匹配
2466,UCGszLyl37WLegXPMOiLumPQ,Lesli R,https://cn.noxinfluencer.com/youtube/channel/UCGszLyl37WLegXPMOiLumPQ,0,badcase,信息不足，相关信号缺失
2469,UCGxxyZdRBZ_uogq5m1a38fg,Jeannie Bushnell,https://cn.noxinfluencer.com/youtube/channel/UCGxxyZdRBZ_uogq5m1a38fg,0,badcase,宠物/自然/手作向，与咖啡机无关
2470,UCGy4eQKmhdBpRinjotkhLHg,HAPPY EVERY DAY,https://cn.noxinfluencer.com/youtube/channel/UCGy4eQKmhdBpRinjotkhLHg,0,badcase,信息不足，相关信号缺失
2471,UCH0B8WZbua9G8JszpAJAo8g,CRIfinder,https://cn.noxinfluencer.com/youtube/channel/UCH0B8WZbua9G8JszpAJAo8g,0,badcase,宠物/娱乐向，咖啡机推广不合适
2472,UCH1yZ47hXkgpSlNOFtdRRgQ,일해라 현아-Work Silicon Valley,https://cn.noxinfluencer.com/youtube/channel/UCH1yZ47hXkgpSlNOFtdRRgQ,0,badcase,工作生活向，咖啡机相关性弱
2474,UCH4H3uFbpQNKq7l2ezuz1mw,Soundshift Stories,https://cn.noxinfluencer.com/youtube/channel/UCH4H3uFbpQNKq7l2ezuz1mw,-10,badcase,故事娱乐向，属明显格式错配
2477,UCH53W09ibS_nQhNV6h_ctdQ,Fact Flex,https://cn.noxinfluencer.com/youtube/channel/UCH53W09ibS_nQhNV6h_ctdQ,0,badcase,无标签无内容信号
2478,UCH5f1Su9_hvQY5CVw1WideA,Miraz Tech,https://cn.noxinfluencer.com/youtube/channel/UCH5f1Su9_hvQY5CVw1WideA,0,badcase,无标签，无法判断为咖啡机推广适配频道
2479,UCH6IOVI7AdP3cbe3cSAt8xw,IQ Tuber,https://cn.noxinfluencer.com/youtube/channel/UCH6IOVI7AdP3cbe3cSAt8xw,-15,badcase,短视频娱乐型，不适合咖啡机导购
2481,UCHAEguOUT91i7yxzFRZBN2A,Hannah McAleer,https://cn.noxinfluencer.com/youtube/channel/UCHAEguOUT91i7yxzFRZBN2A,0,badcase,时尚美妆受众与咖啡机无关
2484,UCHFZNp38NX_NNEa5jn4tYsQ,PATRICK MARCUCCI,https://cn.noxinfluencer.com/youtube/channel/UCHFZNp38NX_NNEa5jn4tYsQ,0,badcase,健身增肌内容与咖啡机推广无关
2485,UCHFzQ5MoKrjpMpWbrpSSSdQ,Chris Harper,https://cn.noxinfluencer.com/youtube/channel/UCHFzQ5MoKrjpMpWbrpSSSdQ,0,badcase,无标签无匹配信号
2486,UCHGMvINAw7UFfk65SpAPw2Q,SmartphoneFan,https://cn.noxinfluencer.com/youtube/channel/UCHGMvINAw7UFfk65SpAPw2Q,1,badcase,泛手机内容，咖啡机导购相关性弱
2487,UCHGV53VYmDmaC9ZldthkDXQ,Cherry HOME,https://cn.noxinfluencer.com/youtube/channel/UCHGV53VYmDmaC9ZldthkDXQ,0,badcase,无标签无匹配信号
2489,UCHGqveKWuuggKsKDqjDPcXQ,Crystal's Color & Style,https://cn.noxinfluencer.com/youtube/channel/UCHGqveKWuuggKsKDqjDPcXQ,0,badcase,手工涂色内容与咖啡机无关
2490,UCHH_3lX8QShJnhHVA422OCQ,JJ Shankles,https://cn.noxinfluencer.com/youtube/channel/UCHH_3lX8QShJnhHVA422OCQ,1,badcase,偏3D打印/爱好技术，缺少家电导购场景
2491,UCHIxGwHD4nzxJFpaXIONe6g,Vasiliy Agiy,https://cn.noxinfluencer.com/youtube/channel/UCHIxGwHD4nzxJFpaXIONe6g,0,badcase,卡车物流内容与咖啡机无关
2493,UCHKBRqNuaR-jbJDxx8-2tfQ,Miss Evelyn | Home Reset Mom,https://cn.noxinfluencer.com/youtube/channel/UCHKBRqNuaR-jbJDxx8-2tfQ,0,badcase,无标签无内容信号
2494,UCHNpKgI1cL3U8ndp9HJ8t2Q,Last Best Tool,https://cn.noxinfluencer.com/youtube/channel/UCHNpKgI1cL3U8ndp9HJ8t2Q,1,badcase,泛技术工具向，但无评测购买信号
2495,UCHOogmfjwKf2c_L3hkjIxJw,yourdealstore,https://cn.noxinfluencer.com/youtube/channel/UCHOogmfjwKf2c_L3hkjIxJw,0,badcase,无标签无匹配信号
2496,UCHP-mau2TFF5TP5PaCd4aaQ,Wabilogic,https://cn.noxinfluencer.com/youtube/channel/UCHP-mau2TFF5TP5PaCd4aaQ,0,badcase,无标签无匹配信号
2497,UCHPo0wyAGqljDjlJ5CO-2hA,Brittany Hawkins,https://cn.noxinfluencer.com/youtube/channel/UCHPo0wyAGqljDjlJ5CO-2hA,0,badcase,时尚宗教内容与咖啡机无关
2499,UCHT0vM22W-XRpf1Rn3c_vEw,Given A Chance,https://cn.noxinfluencer.com/youtube/channel/UCHT0vM22W-XRpf1Rn3c_vEw,0,badcase,娱乐向内容，不适合咖啡机推广
2500,UCHTlH_ODNRr9cpiSc34Qlnw,Honest and Unbiased,https://cn.noxinfluencer.com/youtube/channel/UCHTlH_ODNRr9cpiSc34Qlnw,0,badcase,内容偏开箱杂项，缺少咖啡机导购意图
2501,UCHTsprSUWkW--rUK4UtwmSg,Withoutink,https://cn.noxinfluencer.com/youtube/channel/UCHTsprSUWkW--rUK4UtwmSg,0,badcase,无标签且无相关内容，缺少咖啡机推广线索
2502,UCHUK8k7Mw3NdCdFgaa9qQsw,Bettye Cline,https://cn.noxinfluencer.com/youtube/channel/UCHUK8k7Mw3NdCdFgaa9qQsw,0,badcase,无标签且无相关内容，缺少咖啡机推广线索
2503,UCHV0viK6ozRlkx2QIMebIDQ,Maya Organized Home,https://cn.noxinfluencer.com/youtube/channel/UCHV0viK6ozRlkx2QIMebIDQ,0,badcase,仅名称偏家居，缺少可验证的咖啡机相关信号
2504,UCHWOhZ6xPXWUwqqJi1xMoVg,Ange_cope,https://cn.noxinfluencer.com/youtube/channel/UCHWOhZ6xPXWUwqqJi1xMoVg,-5,badcase,娱乐为主，科技仅弱相关，偏离器具推广场景
2505,UCHXw1nv6FBmVwOGj2GiEQrg,All in One Garden and Kitchen,https://cn.noxinfluencer.com/youtube/channel/UCHXw1nv6FBmVwOGj2GiEQrg,1,badcase,仅美食泛相关，缺少器具推广或购买意图
2506,UCHYoe8kQ-7Gn9ASOlmI0k6Q,The Food Theorists,https://cn.noxinfluencer.com/youtube/channel/UCHYoe8kQ-7Gn9ASOlmI0k6Q,-8,badcase,理论娱乐向，和咖啡机推广场景不符
2507,UCHZ8nDNHIhqxkSvwnC_8Z6A,Ricewashrepeat,https://cn.noxinfluencer.com/youtube/channel/UCHZ8nDNHIhqxkSvwnC_8Z6A,0,badcase,无标签无内容，相关性不足
2508,UCHZTZPBagE2Uxy4FqBuu9KA,The Gadget World,https://cn.noxinfluencer.com/youtube/channel/UCHZTZPBagE2Uxy4FqBuu9KA,0,badcase,无标签无内容，缺少可判断的器具推广信号
2509,UCH_-sPpth77GbqSI50IDaoA,Bria’s Cozy Home,https://cn.noxinfluencer.com/youtube/channel/UCH_-sPpth77GbqSI50IDaoA,1,badcase,仅家居弱相关，缺少咖啡机推广线索
2510,UCH_vCtmFWcmOiI12Ed8edMQ,ENZO,https://cn.noxinfluencer.com/youtube/channel/UCH_vCtmFWcmOiI12Ed8edMQ,0,badcase,无标签无内容，相关性不足
2511,UCHajRddJGS60yQgLsumSk4Q,Top Five Products,https://cn.noxinfluencer.com/youtube/channel/UCHajRddJGS60yQgLsumSk4Q,0,badcase,仅名称像产品频道，实际证据不足
2513,UCHg9u1IZrxZ88-phqw0go9g,Holo Designers,https://cn.noxinfluencer.com/youtube/channel/UCHg9u1IZrxZ88-phqw0go9g,1,badcase,仅家居设计弱相关，缺少咖啡机推广线索
2514,UCHgE6HWQhmXo9g6b73odf6A,Dopetop,https://cn.noxinfluencer.com/youtube/channel/UCHgE6HWQhmXo9g6b73odf6A,0,badcase,无标签无内容，相关性不足
2515,UCHguKov4eDErGXL2nbXbKAA,Top Winner,https://cn.noxinfluencer.com/youtube/channel/UCHguKov4eDErGXL2nbXbKAA,0,badcase,无标签无内容，相关性不足
2517,UCHhldLvLLdydJNfQpgvTUhw,Girls' Toys,https://cn.noxinfluencer.com/youtube/channel/UCHhldLvLLdydJNfQpgvTUhw,0,badcase,无标签，但玩具向与咖啡机推广不符
2518,UCHic70g4l9AucprU0fJ_SQA,ProFairFlare,https://cn.noxinfluencer.com/youtube/channel/UCHic70g4l9AucprU0fJ_SQA,0,badcase,无标签无内容，相关性不足
2519,UCHjAfeuavGEwVFtttnFr3RA,Aishwarya Overby,https://cn.noxinfluencer.com/youtube/channel/UCHjAfeuavGEwVFtttnFr3RA,0,badcase,无标签无内容，相关性不足
2520,UCHjuVlRMLW9l2NdRexFgwHA,StackShot,https://cn.noxinfluencer.com/youtube/channel/UCHjuVlRMLW9l2NdRexFgwHA,-10,badcase,电影娱乐向，属于明显不适配频道
2521,UCHkDMKu8VgOYovneSb2nBDQ,Filmboy Ultimate,https://cn.noxinfluencer.com/youtube/channel/UCHkDMKu8VgOYovneSb2nBDQ,-15,badcase,动画娱乐向，和商品推广场景明显冲突
2522,UCHlS3GJRr1KzfnXBTSScqPA,Pooja Gujja,https://cn.noxinfluencer.com/youtube/channel/UCHlS3GJRr1KzfnXBTSScqPA,0,badcase,无标签无内容，相关性不足
2523,UCHnLhu6Ch3sON_agkWN7veg,ELDOGGOSTUDIOS,https://cn.noxinfluencer.com/youtube/channel/UCHnLhu6Ch3sON_agkWN7veg,-10,badcase,娱乐游戏向，和咖啡机推广不匹配
2525,UCHoY_vQ0W3A31VkIjg7PVhQ,Layla in america,https://cn.noxinfluencer.com/youtube/channel/UCHoY_vQ0W3A31VkIjg7PVhQ,0,badcase,无标签无内容，相关性不足
2526,UCHolKHL4HW6EcdEydnMuCmQ,LeoBaron007,https://cn.noxinfluencer.com/youtube/channel/UCHolKHL4HW6EcdEydnMuCmQ,0,badcase,无标签与内容信号，缺少推广匹配依据
2528,UCHqK-EB5ttW8ncadqB1mLaw,Latest Products Picker,https://cn.noxinfluencer.com/youtube/channel/UCHqK-EB5ttW8ncadqB1mLaw,0,badcase,无标签与内容信号，难判断可推广性
2531,UCHtwH5kMl7AiUz51YquS7Mw,elsie,https://cn.noxinfluencer.com/youtube/channel/UCHtwH5kMl7AiUz51YquS7Mw,0,badcase,无标签与内容信号，缺少推广匹配依据
2532,UCHu_ccMUY2YU1pziZyamN1w,Mary Rita Kay,https://cn.noxinfluencer.com/youtube/channel/UCHu_ccMUY2YU1pziZyamN1w,-10,badcase,ASMR/短视频导向，促销格式不匹配
2534,UCHw4nDm0EuKgb8ngTFoYaug,GenuineCritics,https://cn.noxinfluencer.com/youtube/channel/UCHw4nDm0EuKgb8ngTFoYaug,0,badcase,无标签与内容信号，缺少推广匹配依据
2535,UCHz_E-dh6QH_s0mM0sUa7Hw,This & That,https://cn.noxinfluencer.com/youtube/channel/UCHz_E-dh6QH_s0mM0sUa7Hw,0,badcase,无标签与内容信号，缺少推广匹配依据
2536,UCI-kJ9RZOUV6T8OzKkCHWgA,web-stroy,https://cn.noxinfluencer.com/youtube/channel/UCI-kJ9RZOUV6T8OzKkCHWgA,0,badcase,无标签与内容信号，缺少推广匹配依据
2537,UCI4P-11lf3kL6CERupmbCQw,Krystal G.,https://cn.noxinfluencer.com/youtube/channel/UCI4P-11lf3kL6CERupmbCQw,0,badcase,无标签与内容信号，缺少推广匹配依据
2538,UCI6SFp6cEZHKHDzFwcCxt_Q,Floofy Paw Hub,https://cn.noxinfluencer.com/youtube/channel/UCI6SFp6cEZHKHDzFwcCxt_Q,0,badcase,无标签与内容信号，缺少推广匹配依据
2539,UCI6nNvQINEgG8e4Xxv6SeTA,2.fit.bros.,https://cn.noxinfluencer.com/youtube/channel/UCI6nNvQINEgG8e4Xxv6SeTA,0,badcase,健身内容与咖啡机推广关联弱
2540,UCI8DXRV212BaND8XVlReK-w,Jada Kali,https://cn.noxinfluencer.com/youtube/channel/UCI8DXRV212BaND8XVlReK-w,0,badcase,大学/时尚生活向，缺少产品推广场景
2543,UCI9rcI6jNq1ifQATw1cppZQ,asia lafaye,https://cn.noxinfluencer.com/youtube/channel/UCI9rcI6jNq1ifQATw1cppZQ,0,badcase,无标签与内容信号，缺少推广匹配依据
2544,UCIA2mRpcXdc1el4xXu-WjNA,Taylor Simone,https://cn.noxinfluencer.com/youtube/channel/UCIA2mRpcXdc1el4xXu-WjNA,0,badcase,无标签与内容信号，缺少推广匹配依据
2545,UCIAH8utvmFmlJRP5k--t8dw,H Fam Reviews,https://cn.noxinfluencer.com/youtube/channel/UCIAH8utvmFmlJRP5k--t8dw,0,badcase,无标签支撑，仅名称不足以判定
2546,UCIFQO-6itPKGUjG0bkMqocA,Ally Dore,https://cn.noxinfluencer.com/youtube/channel/UCIFQO-6itPKGUjG0bkMqocA,0,badcase,家庭/育儿向，不匹配咖啡机推广
2547,UCIGJvCWPJGnYekXElBNe1Uw,Life of Re H. C.,https://cn.noxinfluencer.com/youtube/channel/UCIGJvCWPJGnYekXElBNe1Uw,0,badcase,旅行生活向，缺少家电购买场景
2549,UCIHPT0PVhCbjnWJzPOqR1QQ,The Top Best,https://cn.noxinfluencer.com/youtube/channel/UCIHPT0PVhCbjnWJzPOqR1QQ,0,badcase,无标签与内容信号，缺少推广匹配依据
2552,UCINQ9R7-9eBGuMOygew0KHA,My Short Term Home,https://cn.noxinfluencer.com/youtube/channel/UCINQ9R7-9eBGuMOygew0KHA,0,badcase,无咖啡机、家电或评测信号，相关性不足
2553,UCIOT96Qu8l7G2bldGwI41kg,Premier Finds,https://cn.noxinfluencer.com/youtube/channel/UCIOT96Qu8l7G2bldGwI41kg,0,badcase,无咖啡机、家电或评测信号，相关性不足
2554,UCIPXLDt6m-egG3zO0J-CFyw,Stay Attention! Vacation Home Biz Strategy Svcs,https://cn.noxinfluencer.com/youtube/channel/UCIPXLDt6m-egG3zO0J-CFyw,0,badcase,无咖啡机、家电或评测信号，相关性不足
2556,UCIR_DI92E3m8SISX70SIhqA,D&V,https://cn.noxinfluencer.com/youtube/channel/UCIR_DI92E3m8SISX70SIhqA,0,badcase,无咖啡机、家电或评测信号，相关性不足
2557,UCISBV2eCLkaGJEccRRikodw,Packaging,https://cn.noxinfluencer.com/youtube/channel/UCISBV2eCLkaGJEccRRikodw,0,badcase,无咖啡机、家电或评测信号，相关性不足
2559,UCIYhz2vmrvoR30DZynpkJJQ,World Info 360s,https://cn.noxinfluencer.com/youtube/channel/UCIYhz2vmrvoR30DZynpkJJQ,0,badcase,内容偏资讯图表，与咖啡机推广无关
2560,UCIZv-nHHLbsr-Bgp9caOLTQ,Anahi Carreño,https://cn.noxinfluencer.com/youtube/channel/UCIZv-nHHLbsr-Bgp9caOLTQ,0,badcase,无咖啡机、家电或评测信号，相关性不足
2561,UCI_48jjjvout4kIMJ6p_Hsg,Pricetrix,https://cn.noxinfluencer.com/youtube/channel/UCI_48jjjvout4kIMJ6p_Hsg,0,badcase,无咖啡机、家电或评测信号，相关性不足
2562,UCI_qkupkRULcZJkDi5u_zIA,EGGIMATION,https://cn.noxinfluencer.com/youtube/channel/UCI_qkupkRULcZJkDi5u_zIA,0,badcase,无咖啡机、家电或评测信号，相关性不足
2564,UCIaneK007uZXgEjV3llRqtA,Digital Mom Blog,https://cn.noxinfluencer.com/youtube/channel/UCIaneK007uZXgEjV3llRqtA,0,badcase,仅有blog泛标签，缺少咖啡机相关语境
2565,UCIcmqK5nk62cGlbDD6b1xkA,Iconic Soundbites 2.0,https://cn.noxinfluencer.com/youtube/channel/UCIcmqK5nk62cGlbDD6b1xkA,0,badcase,名称偏音频片段，缺少咖啡机推广相关信号
2566,UCIeWa1EJA3rnlI4o_q2vN9w,EmmTASTY,https://cn.noxinfluencer.com/youtube/channel/UCIeWa1EJA3rnlI4o_q2vN9w,-8,badcase,food/recipe仅弱相关，且ASMR格式不适合咖啡机推广
2567,UCIf7j_kwI0dmf8gLKZWWmoA,Peeler Dicicco,https://cn.noxinfluencer.com/youtube/channel/UCIf7j_kwI0dmf8gLKZWWmoA,0,badcase,无咖啡机、家电或评测信号，相关性不足
2571,UCIjtjrXgYdkQ6eH1uZNfs7w,BevyB,https://cn.noxinfluencer.com/youtube/channel/UCIjtjrXgYdkQ6eH1uZNfs7w,0,badcase,无咖啡机、家电或评测信号，相关性不足
2572,UCIkvAy8deMTUv2kZiDKKG_Q,Pc Cake,https://cn.noxinfluencer.com/youtube/channel/UCIkvAy8deMTUv2kZiDKKG_Q,0,badcase,无咖啡机、家电或评测信号，相关性不足
2573,UCIl9KrTT4IQU7M6NHrwT9QA,Pam from Maryland,https://cn.noxinfluencer.com/youtube/channel/UCIl9KrTT4IQU7M6NHrwT9QA,0,badcase,内容偏手工生活类，与咖啡机推广不匹配
2574,UCIlG8AnF8peG8IuX3Llde7w,Natural Life,https://cn.noxinfluencer.com/youtube/channel/UCIlG8AnF8peG8IuX3Llde7w,0,badcase,泛生活/兴趣标签，缺少咖啡机推广相关性
2575,UCImo0BnD89rZ-l7Qqb8GT4A,HighDollarHobo,https://cn.noxinfluencer.com/youtube/channel/UCImo0BnD89rZ-l7Qqb8GT4A,0,badcase,偏杂项娱乐内容，与咖啡机推广不匹配
2576,UCInHc8NuLIFmGk72MmkHBeg,huntermerck,https://cn.noxinfluencer.com/youtube/channel/UCInHc8NuLIFmGk72MmkHBeg,3,badcase,仅有家居/生活泛标签，缺少咖啡机推广或评测意图
2577,UCIpbwLBQeCnzCNGEPq88h3A,Xuan Polzer,https://cn.noxinfluencer.com/youtube/channel/UCIpbwLBQeCnzCNGEPq88h3A,0,badcase,无标签无内容证据，无法判断为咖啡机推广相关
2578,UCIqcydujkadZX4qzJJbFDOQ,Brayden Lockhart,https://cn.noxinfluencer.com/youtube/channel/UCIqcydujkadZX4qzJJbFDOQ,-15,badcase,娱乐/游戏为主，和咖啡机产品推广明显不匹配
2579,UCIqy9CfXor47cSeWjzchWNw,Jk Collection,https://cn.noxinfluencer.com/youtube/channel/UCIqy9CfXor47cSeWjzchWNw,0,badcase,无标签无内容证据，相关性不足
2580,UCIt55bK_rsjDaaJwFaU0XIw,Nawas,https://cn.noxinfluencer.com/youtube/channel/UCIt55bK_rsjDaaJwFaU0XIw,0,badcase,无标签无内容证据，相关性不足
2581,UCItUfG8gs8wR_1s_fpLxe0Q,Hiro’s Lazy Channel,https://cn.noxinfluencer.com/youtube/channel/UCItUfG8gs8wR_1s_fpLxe0Q,0,badcase,无标签无内容证据，相关性不足
2583,UCIvgOwGMsFASUtiMHjAaxaw,sweetqueenasmr,https://cn.noxinfluencer.com/youtube/channel/UCIvgOwGMsFASUtiMHjAaxaw,-12,badcase,ASMR音频向，和咖啡机推广属于强格式错配
2585,UCIxJ5lqS-5h3VS9X5RkLqng,yomi matsuoka,https://cn.noxinfluencer.com/youtube/channel/UCIxJ5lqS-5h3VS9X5RkLqng,2,badcase,食品生活向较泛，和咖啡机推广关联较弱
2586,UCIxo10w-bJHG69YicSKDwCg,Second Hand TV,https://cn.noxinfluencer.com/youtube/channel/UCIxo10w-bJHG69YicSKDwCg,0,badcase,无标签无内容证据，相关性不足
2589,UCJ0BmJOn_bRKiApjc45QZ1w,Free HD videos - no copyright,https://cn.noxinfluencer.com/youtube/channel/UCJ0BmJOn_bRKiApjc45QZ1w,-15,badcase,素材/航拍库存内容，与商品推广场景不匹配
2590,UCJ0py-Fq9hzuaTkz7easRJA,Carson Duffy,https://cn.noxinfluencer.com/youtube/channel/UCJ0py-Fq9hzuaTkz7easRJA,0,badcase,无标签无内容证据，相关性不足
2594,UCJ46YTYBQVXsfsp8-HryoUA,Pipkin Pippa Ch.【Phase Connect】,https://cn.noxinfluencer.com/youtube/channel/UCJ46YTYBQVXsfsp8-HryoUA,-15,badcase,游戏直播/娱乐为主，不适合咖啡机推广
2597,UCJ57m-URV-r_NL-jCxtaIFw,Fashion Rain,https://cn.noxinfluencer.com/youtube/channel/UCJ57m-URV-r_NL-jCxtaIFw,0,badcase,无标签无内容证据，相关性不足
2599,UCJ6P4dS5FXUa-j_NFIG6yPw,alabaiCA Family,https://cn.noxinfluencer.com/youtube/channel/UCJ6P4dS5FXUa-j_NFIG6yPw,2,badcase,小众果树/美食生活向，和咖啡机推广关联弱
2602,UCJ7G4uahfkdnUT2F1Cn3uGg,Tech Purchases,https://cn.noxinfluencer.com/youtube/channel/UCJ7G4uahfkdnUT2F1Cn3uGg,0,badcase,无标签与内容证据，购买导向未被验证
2603,UCJ988Z4kyjSJ3r0zFL2WXYg,Tom's Home Finds,https://cn.noxinfluencer.com/youtube/channel/UCJ988Z4kyjSJ3r0zFL2WXYg,0,badcase,无标签证据，只有家居名称但不足以判断相关性
2605,UCJ9oV0tBGMx5NIQhJNccZ1w,3M Creative,https://cn.noxinfluencer.com/youtube/channel/UCJ9oV0tBGMx5NIQhJNccZ1w,1,badcase,仅有食品泛相关，主体偏旅游娱乐，推广咖啡机不匹配
2606,UCJB3ABIUm2FgFvcxUDYunjA,BESTBUYFORYOU,https://cn.noxinfluencer.com/youtube/channel/UCJB3ABIUm2FgFvcxUDYunjA,0,badcase,无标签与视频证据，购买导向仅靠名称不足
2608,UCJCpOOnaKorcHA0VWKQJ1WQ,360 Product Spot,https://cn.noxinfluencer.com/youtube/channel/UCJCpOOnaKorcHA0VWKQJ1WQ,0,badcase,名称像产品内容，但缺少标签和近况证据
2609,UCJD7NQgRKMtgPUmX6OsSylg,The Maker Orbit,https://cn.noxinfluencer.com/youtube/channel/UCJD7NQgRKMtgPUmX6OsSylg,0,badcase,缺少咖啡机相关标签或内容证据
2611,UCJFeCj_0Cr0bkENbmbjdX7w,review expert,https://cn.noxinfluencer.com/youtube/channel/UCJFeCj_0Cr0bkENbmbjdX7w,0,badcase,无标签与内容证据，评测意图不明确
2613,UCJHiQdHFvIfdmm3dkeHRuiA,Carrie Hardy,https://cn.noxinfluencer.com/youtube/channel/UCJHiQdHFvIfdmm3dkeHRuiA,0,badcase,无标签证据，无法匹配咖啡机推广
2614,UCJJZi160g6ri_ynGzCOg98w,SuperViralTV,https://cn.noxinfluencer.com/youtube/channel/UCJJZi160g6ri_ynGzCOg98w,0,badcase,活动/游戏向账号，和咖啡机推广场景弱
2615,UCJKTRD26LmX-7RtvWWqZfsA,Sweet and Suites,https://cn.noxinfluencer.com/youtube/channel/UCJKTRD26LmX-7RtvWWqZfsA,1,badcase,有购物泛相关，但主体是玩具可爱内容
2616,UCJLKSFlzVipNfRA4KmFr1dw,Mohamed Alnuaimi,https://cn.noxinfluencer.com/youtube/channel/UCJLKSFlzVipNfRA4KmFr1dw,0,badcase,无标签与内容证据，无法判断为相关频道
2618,UCJO17OHWFNYyPlCCDykB37w,Crossover's Box Studios,https://cn.noxinfluencer.com/youtube/channel/UCJO17OHWFNYyPlCCDykB37w,-15,badcase,动画娱乐内容为主，和咖啡机推广格式明显不符
2619,UCJP3aVsZUckxzqhyt6ojS6g,Jonathan Tan,https://cn.noxinfluencer.com/youtube/channel/UCJP3aVsZUckxzqhyt6ojS6g,-15,badcase,都市传说/娱乐叙事频道，和咖啡机推广不匹配
2620,UCJQ2AwHtgGbDHaTtPNET1sQ,Jcruz Creates,https://cn.noxinfluencer.com/youtube/channel/UCJQ2AwHtgGbDHaTtPNET1sQ,1,badcase,仅有生活方式泛相关，咖啡机匹配度很弱
2621,UCJRgTRgD4J7Tr4mUZg9CCyg,Let's Build Software,https://cn.noxinfluencer.com/youtube/channel/UCJRgTRgD4J7Tr4mUZg9CCyg,-15,badcase,音乐娱乐向内容，和家电推广不符
2622,UCJS7YIi-fgyRogGp6FgPUPw,Jeremy Sry,https://cn.noxinfluencer.com/youtube/channel/UCJS7YIi-fgyRogGp6FgPUPw,1,badcase,健身健康为主，只有食品泛相关
2623,UCJTb9oJ2nfndFvQMR8bLSdA,SCP Slayer-gaming,https://cn.noxinfluencer.com/youtube/channel/UCJTb9oJ2nfndFvQMR8bLSdA,-15,badcase,纯游戏娱乐频道，和咖啡机推广不匹配
2624,UCJTlWiNnZ-B2Cb4sww2nu4Q,Fashion Tips 7,https://cn.noxinfluencer.com/youtube/channel/UCJTlWiNnZ-B2Cb4sww2nu4Q,0,badcase,时尚穿搭频道，和家电产品推广场景不一致
2625,UCJUPOoV8vX6ceqAmn8kh18A,BOKI EMRYS TV,https://cn.noxinfluencer.com/youtube/channel/UCJUPOoV8vX6ceqAmn8kh18A,-15,badcase,恐怖故事娱乐频道，与咖啡机推广不适配
2626,UCJWDSjVBrmIj5gDEZMtw3lQ,Cvnka,https://cn.noxinfluencer.com/youtube/channel/UCJWDSjVBrmIj5gDEZMtw3lQ,-15,badcase,游戏娱乐频道，和咖啡机推广场景明显不符
2627,UCJX2PsB_YGoaBijzuGADYzA,BringItDon,https://cn.noxinfluencer.com/youtube/channel/UCJX2PsB_YGoaBijzuGADYzA,-15,badcase,纯游戏频道，和咖啡机推广场景无关
2630,UCJa8Lz7Ps1UmqRXKR6NOFtw,Tim Joo,https://cn.noxinfluencer.com/youtube/channel/UCJa8Lz7Ps1UmqRXKR6NOFtw,0,badcase,生活方式/市集向内容，缺少咖啡机场景
2631,UCJaJWu2bsQ0NP0G9lwtek6A,NEXUS,https://cn.noxinfluencer.com/youtube/channel/UCJaJWu2bsQ0NP0G9lwtek6A,0,badcase,无标签无内容证据，相关性不足
2636,UCJhptI7DvSjcHIvm1scsBZQ,Ginniccole,https://cn.noxinfluencer.com/youtube/channel/UCJhptI7DvSjcHIvm1scsBZQ,0,badcase,无标签无内容证据，相关性不足
2640,UCJmcC-Q-_ssk1MDuYt-aW4g,Mr. Shao's AI Exploration,https://cn.noxinfluencer.com/youtube/channel/UCJmcC-Q-_ssk1MDuYt-aW4g,-15,badcase,Reddit故事类，内容形态不适合带货
2642,UCJn4jIjuDn8gjepNlmm7ARg,Woofy World,https://cn.noxinfluencer.com/youtube/channel/UCJn4jIjuDn8gjepNlmm7ARg,0,badcase,宠物向频道，不适合人用咖啡机推广
2643,UCJnIfgMRMU_8rX5xfKSS9Aw,Cozy Relaxation,https://cn.noxinfluencer.com/youtube/channel/UCJnIfgMRMU_8rX5xfKSS9Aw,-15,badcase,白噪音/ASMR频道，强格式不匹配
2649,UCJvUXL9iOXBhP22YrUaGMIw,Mister Chase,https://cn.noxinfluencer.com/youtube/channel/UCJvUXL9iOXBhP22YrUaGMIw,0,badcase,无标签无内容证据，相关性不足
2651,UCJwps7710jsIR4X2resUXqg,A Japanese Walking around New York,https://cn.noxinfluencer.com/youtube/channel/UCJwps7710jsIR4X2resUXqg,0,badcase,旅行向，缺少咖啡机投放场景
2653,UCK1Tyw46qhCf1mWv7MkNHyA,Dad Jokes,https://cn.noxinfluencer.com/youtube/channel/UCK1Tyw46qhCf1mWv7MkNHyA,0,badcase,幽默向，和咖啡机推广场景不匹配
2654,UCK2XwuS_GIHD8Rh2NKNb4DQ,andow doank,https://cn.noxinfluencer.com/youtube/channel/UCK2XwuS_GIHD8Rh2NKNb4DQ,0,badcase,缺少相关标签和内容线索
2655,UCK33CfcCt-ezNGd_DiYEXYA,XDDISCIPLE,https://cn.noxinfluencer.com/youtube/channel/UCK33CfcCt-ezNGd_DiYEXYA,0,badcase,缺少相关标签和内容线索
2656,UCK3Ug1aJPt3JAANgezYxnuQ,In My Element,https://cn.noxinfluencer.com/youtube/channel/UCK3Ug1aJPt3JAANgezYxnuQ,0,badcase,车生活向，和咖啡机购买语境偏离
2658,UCK67IqD9UIDUtxGC21jdUWg,DESIGNVTED,https://cn.noxinfluencer.com/youtube/channel/UCK67IqD9UIDUtxGC21jdUWg,-15,badcase,游戏娱乐向，和咖啡机推广明显不匹配
2659,UCK71Jc-pmv3BDHvMCz7rNVA,Mae Rogers,https://cn.noxinfluencer.com/youtube/channel/UCK71Jc-pmv3BDHvMCz7rNVA,0,badcase,缺少相关标签和内容线索
2660,UCK8FSoC7Nq0PP5MDEpfHB1g,Andrea Olie,https://cn.noxinfluencer.com/youtube/channel/UCK8FSoC7Nq0PP5MDEpfHB1g,0,badcase,缺少相关标签和内容线索
2662,UCKBwGrIhebVPTDQV_5jYsJw,HomeShock,https://cn.noxinfluencer.com/youtube/channel/UCKBwGrIhebVPTDQV_5jYsJw,0,badcase,缺少相关标签和内容线索
2665,UCKE56rXfXhOUfyWawnJjRag,HOODEEZ UP,https://cn.noxinfluencer.com/youtube/channel/UCKE56rXfXhOUfyWawnJjRag,0,badcase,缺少相关标签和内容线索
2666,UCKEGqkbBBDlKzL-wp0NN-7w,Programming Homework Help,https://cn.noxinfluencer.com/youtube/channel/UCKEGqkbBBDlKzL-wp0NN-7w,0,badcase,缺少相关标签和内容线索
2668,UCKJ5ycLTRBeqa_vrEf6jPMw,Swag lego,https://cn.noxinfluencer.com/youtube/channel/UCKJ5ycLTRBeqa_vrEf6jPMw,0,badcase,缺少相关标签和内容线索
2670,UCKJjXgIiOCdLsIaU2KrMZqQ,Interesting videos,https://cn.noxinfluencer.com/youtube/channel/UCKJjXgIiOCdLsIaU2KrMZqQ,0,badcase,缺少相关标签和内容线索
2671,UCKKNk_76MStL15BL3al_OvQ,neutrino's mundane life,https://cn.noxinfluencer.com/youtube/channel/UCKKNk_76MStL15BL3al_OvQ,0,badcase,缺少相关标签和内容线索
2672,UCKKcwz-peEXPzNYulgrlOdQ,Yasa Violinist,https://cn.noxinfluencer.com/youtube/channel/UCKKcwz-peEXPzNYulgrlOdQ,-15,badcase,音乐表演频道，商品推广相关性很弱
2674,UCKNW25pAYJ2sa4noWoRnQdw,essteeyou,https://cn.noxinfluencer.com/youtube/channel/UCKNW25pAYJ2sa4noWoRnQdw,0,badcase,缺少相关标签和内容线索
2677,UCKR4s0ZYmwBjWu-W__fHLQQ,Taizy Packaging Machinery,https://cn.noxinfluencer.com/youtube/channel/UCKR4s0ZYmwBjWu-W__fHLQQ,0,badcase,包装机械B2B域，与咖啡机消费推广不符
2679,UCKTyBR73IeMHnEqQu1js9wg,KiDiBoom,https://cn.noxinfluencer.com/youtube/channel/UCKTyBR73IeMHnEqQu1js9wg,-15,badcase,儿童儿歌娱乐域，和咖啡机推广明显不符
2682,UCKV2psNZApYY-fS7LmtoPmw,Tech Made Easy,https://cn.noxinfluencer.com/youtube/channel/UCKV2psNZApYY-fS7LmtoPmw,0,badcase,偏太阳能/露营技术，缺少咖啡机购买语境
2684,UCKYz5uFB4zRRNnC7zbRXf4w,FRANKII,https://cn.noxinfluencer.com/youtube/channel/UCKYz5uFB4zRRNnC7zbRXf4w,0,badcase,艺术创作域，与家电推广关联弱
2686,UCKalW_DhVtL4aNQ9BbmW5hw,Dreamverse Travel,https://cn.noxinfluencer.com/youtube/channel/UCKalW_DhVtL4aNQ9BbmW5hw,0,badcase,旅行主题不明，缺少咖啡机推广语境
2687,UCKbOOGkWRkTMfnt86gp9TRA,The Casting Faith Podcast,https://cn.noxinfluencer.com/youtube/channel/UCKbOOGkWRkTMfnt86gp9TRA,-5,badcase,播客娱乐域，偏内容消费而非商品推广
2688,UCKcNiYVGTAk3NzKEkBLahNA,Elma Chavez,https://cn.noxinfluencer.com/youtube/channel/UCKcNiYVGTAk3NzKEkBLahNA,0,badcase,无标签且无内容证据，相关性不足
2691,UCKeNTQWmDIrixTamMAuMxhA,TOP FIVE ZONE,https://cn.noxinfluencer.com/youtube/channel/UCKeNTQWmDIrixTamMAuMxhA,0,badcase,泛榜单频道，缺少家电或导购证据
2692,UCKeXG0PpeovdllF2831UluQ,SmartNation USA,https://cn.noxinfluencer.com/youtube/channel/UCKeXG0PpeovdllF2831UluQ,0,badcase,无标签且无明确消费品场景
2693,UCKi9jmSMrSzCuqG8Og_a7Gw,Sóc Ham Học,https://cn.noxinfluencer.com/youtube/channel/UCKi9jmSMrSzCuqG8Og_a7Gw,-15,badcase,宠物/动物内容域，与咖啡机推广不符
2694,UCKiN8ZiFwQ1EZozLWCNQPCA,SovandaHOAT,https://cn.noxinfluencer.com/youtube/channel/UCKiN8ZiFwQ1EZozLWCNQPCA,-15,badcase,游戏娱乐域，和家电导购明显错位
2695,UCKjvV6bFdLkjwdA-9ulH35w,Contemplate the Journey,https://cn.noxinfluencer.com/youtube/channel/UCKjvV6bFdLkjwdA-9ulH35w,0,badcase,旅行主题不明，缺少咖啡机购买语境
2696,UCKlcj9KFm_wVjOg_qyzWiZQ,Darius Brodesser,https://cn.noxinfluencer.com/youtube/channel/UCKlcj9KFm_wVjOg_qyzWiZQ,0,badcase,无标签且缺少可判断的产品推广信号
2697,UCKo54_sUjnjbIpSE4gjLuIA,Pro Digit,https://cn.noxinfluencer.com/youtube/channel/UCKo54_sUjnjbIpSE4gjLuIA,0,badcase,数字科技感弱，未见家电或导购证据
2698,UCKoBhmjnIGS49J-R-ckHoAw,Aaron Sánchez Shaun bitzer Sonic and tails,https://cn.noxinfluencer.com/youtube/channel/UCKoBhmjnIGS49J-R-ckHoAw,0,badcase,疑似游戏/娱乐向，和咖啡机推广不匹配
2699,UCKoE96V8qTRmoDI7v2MnkAA,Arafat Hossain,https://cn.noxinfluencer.com/youtube/channel/UCKoE96V8qTRmoDI7v2MnkAA,0,badcase,无标签且无行业/场景证据
2700,UCKrfk9SMJ0_E1f74K-ChN2w,shilpa,https://cn.noxinfluencer.com/youtube/channel/UCKrfk9SMJ0_E1f74K-ChN2w,0,badcase,无标签，无法支撑咖啡机推广判断
2701,UCKs6_2yPlwYyuEFroMoS0bw,LevisWhisperPrints,https://cn.noxinfluencer.com/youtube/channel/UCKs6_2yPlwYyuEFroMoS0bw,0,badcase,无咖啡机相关主题或场景信号
2702,UCKv-NB3qEGAC8mbAFu3uBmw,Tiny World MiniVerse,https://cn.noxinfluencer.com/youtube/channel/UCKv-NB3qEGAC8mbAFu3uBmw,0,badcase,无咖啡机相关主题或场景信号
2703,UCKv6l2_73nSYgyr3jK23U1w,Blasko Caleb,https://cn.noxinfluencer.com/youtube/channel/UCKv6l2_73nSYgyr3jK23U1w,0,badcase,无咖啡机相关主题或场景信号
2704,UCKv8Rrrdc9oxLJmdHItafLA,ManlyBadassHero,https://cn.noxinfluencer.com/youtube/channel/UCKv8Rrrdc9oxLJmdHItafLA,-15,badcase,游戏内容与咖啡机推广明显不符
2705,UCKvFLQwZ3agL3VJmgcKg-pg,Austen Tosone,https://cn.noxinfluencer.com/youtube/channel/UCKvFLQwZ3agL3VJmgcKg-pg,0,badcase,美妆时尚类内容与咖啡机推广弱相关
2706,UCKyb5Mq_f8p0T2BqcptYfbg,Andele Lara,https://cn.noxinfluencer.com/youtube/channel/UCKyb5Mq_f8p0T2BqcptYfbg,0,badcase,美妆生活向，缺少咖啡机推广场景
2707,UCKzDth52Gz-2u3SM2BWiwRg,Caribbean J03,https://cn.noxinfluencer.com/youtube/channel/UCKzDth52Gz-2u3SM2BWiwRg,0,badcase,无咖啡机相关主题或场景信号
2708,UCKzyP078Cy0qWScrBL1C6kQ,Anna - USA,https://cn.noxinfluencer.com/youtube/channel/UCKzyP078Cy0qWScrBL1C6kQ,0,badcase,短视频挑战类，和咖啡机推广不匹配
2709,UCL-HVWDFgx0OZCmmH0F4mbQ,LEGO Speed Build Central,https://cn.noxinfluencer.com/youtube/channel/UCL-HVWDFgx0OZCmmH0F4mbQ,0,badcase,乐高拼搭内容与咖啡机推广无关
2711,UCL0YAUoo3bsYag6wn3g0WVw,WilliApple,https://cn.noxinfluencer.com/youtube/channel/UCL0YAUoo3bsYag6wn3g0WVw,0,badcase,苹果数码频道与咖啡机品类不一致
2712,UCL2K1Ql275GttUtmy5ynLIg,Janey Reyes,https://cn.noxinfluencer.com/youtube/channel/UCL2K1Ql275GttUtmy5ynLIg,0,badcase,时尚家庭向，缺少咖啡机推广相关性
2713,UCL4LlnayiiGpiHKVcYPA5DA,True Gadget,https://cn.noxinfluencer.com/youtube/channel/UCL4LlnayiiGpiHKVcYPA5DA,0,badcase,无咖啡机相关主题或场景信号
2715,UCL7aUtMSMwbrigMcFEbAWbw,Tech 24 EN,https://cn.noxinfluencer.com/youtube/channel/UCL7aUtMSMwbrigMcFEbAWbw,0,badcase,无咖啡机相关主题或场景信号
2716,UCL8ZULXASCc1I_oaOT0NaOQ,Google Chrome,https://cn.noxinfluencer.com/youtube/channel/UCL8ZULXASCc1I_oaOT0NaOQ,0,badcase,浏览器教程与咖啡机推广不相关
2717,UCL8tOGodrzAHNatjkOscayw,SL WISH PRODUCTION,https://cn.noxinfluencer.com/youtube/channel/UCL8tOGodrzAHNatjkOscayw,0,badcase,无咖啡机相关主题或场景信号
2718,UCLA5sdzRcObU4wxIUytRBUg,shockingguy - Join Me on My Journey,https://cn.noxinfluencer.com/youtube/channel/UCLA5sdzRcObU4wxIUytRBUg,0,badcase,生活杂谈向，咖啡机推广相关性弱
2720,UCLBo-Nmn-p7qflwLHRpWFew,Elk,https://cn.noxinfluencer.com/youtube/channel/UCLBo-Nmn-p7qflwLHRpWFew,0,badcase,无咖啡机相关主题或场景信号
2722,UCLGBWrz5vJ4JwLTgIQIgMpg,The Reis on the Road,https://cn.noxinfluencer.com/youtube/channel/UCLGBWrz5vJ4JwLTgIQIgMpg,0,badcase,无咖啡机相关主题或场景信号
2723,UCLGL2dhX5KIZ6s4wUgYu7Tw,Beyond Wasabi,https://cn.noxinfluencer.com/youtube/channel/UCLGL2dhX5KIZ6s4wUgYu7Tw,0,badcase,无咖啡机相关主题或场景信号
2724,UCLLDyL954JjH5-7xCqcrjTA,Tech Spark Review,https://cn.noxinfluencer.com/youtube/channel/UCLLDyL954JjH5-7xCqcrjTA,0,badcase,缺少明确产品评测或购买导向信号
2727,UCLMUdxbNI7zDxyyJvgdubaw,Omindi Gamage,https://cn.noxinfluencer.com/youtube/channel/UCLMUdxbNI7zDxyyJvgdubaw,0,badcase,儿童向频道，与咖啡机购买场景无关
2729,UCLOi9fGe5EdPfquSe1RS5aA,IMAX,https://cn.noxinfluencer.com/youtube/channel/UCLOi9fGe5EdPfquSe1RS5aA,-15,badcase,电影/娱乐主导，属于明显格式错配
2730,UCLP2SeFzsbuOZGTERkZ3H8A,Tech Review,https://cn.noxinfluencer.com/youtube/channel/UCLP2SeFzsbuOZGTERkZ3H8A,0,badcase,无标签信息，无法判断匹配
2734,UCLVGLGVPMAmO7YwDXxnWd3A,SONYBOI,https://cn.noxinfluencer.com/youtube/channel/UCLVGLGVPMAmO7YwDXxnWd3A,0,badcase,无标签信息，无法判断匹配
2736,UCLXi640xPB4tuO_ODo1rU_A,Marina Tee,https://cn.noxinfluencer.com/youtube/channel/UCLXi640xPB4tuO_ODo1rU_A,0,badcase,无标签信息，无法判断匹配
2737,UCLY3-HNKwBRytiBkjcLrEpw,Laughing Animal Land,https://cn.noxinfluencer.com/youtube/channel/UCLY3-HNKwBRytiBkjcLrEpw,0,badcase,无标签信息，无法判断匹配
2739,UCLa_ZN3k4VoEB44Emk65oQA,Sabrina Martin,https://cn.noxinfluencer.com/youtube/channel/UCLa_ZN3k4VoEB44Emk65oQA,0,badcase,无标签信息，无法判断匹配
2740,UCLb1p66q2SfQlTh5kVL-H9Q,sinlab,https://cn.noxinfluencer.com/youtube/channel/UCLb1p66q2SfQlTh5kVL-H9Q,0,badcase,无标签信息，无法判断匹配
2742,UCLfAUbCY9U2KWrXZpgAZFGQ,Productainment,https://cn.noxinfluencer.com/youtube/channel/UCLfAUbCY9U2KWrXZpgAZFGQ,0,badcase,无标签信息，无法判断匹配
2743,UCLfKfPQva6pYqCOW-DHqPXg,Its SugarCoffee,https://cn.noxinfluencer.com/youtube/channel/UCLfKfPQva6pYqCOW-DHqPXg,-15,badcase,Roblox游戏频道，和咖啡机推广域别很大
2744,UCLgN5ZATYd1thqzjdKdADRg,HYPR Ian Foo,https://cn.noxinfluencer.com/youtube/channel/UCLgN5ZATYd1thqzjdKdADRg,0,badcase,冲浪/户外运动向，与咖啡机推广不相关
2746,UCLi2PjiHWSYIr1yaw6X3h2A,Best Buy,https://cn.noxinfluencer.com/youtube/channel/UCLi2PjiHWSYIr1yaw6X3h2A,0,badcase,无标签信息，无法判断匹配
2748,UCLlIaEneF4555f--qyqWZRQ,Ashley Rosales,https://cn.noxinfluencer.com/youtube/channel/UCLlIaEneF4555f--qyqWZRQ,0,badcase,美妆时尚频道，与咖啡机推广无关
2750,UCLolsFy25G5WDUCNfZSxVvw,7Solutions,https://cn.noxinfluencer.com/youtube/channel/UCLolsFy25G5WDUCNfZSxVvw,0,badcase,无标签信息，无法判断匹配
4501,UCrDERU1SDxEF5ffjmedOeHg,P shredder machine,https://cn.noxinfluencer.com/youtube/channel/UCrDERU1SDxEF5ffjmedOeHg,-15,badcase,工业粉碎ASMR频道，与咖啡机投放场景明显不符
4503,UCrErzgEKErFHU16t6oRDp6A,bestbuyitems.com,https://cn.noxinfluencer.com/youtube/channel/UCrErzgEKErFHU16t6oRDp6A,0,badcase,无标签无内容证据，无法判断咖啡机相关性
4505,UCrIh4Fw-xrZ1N85cSYPZFpw,The Hungry Dachshund,https://cn.noxinfluencer.com/youtube/channel/UCrIh4Fw-xrZ1N85cSYPZFpw,-10,badcase,宠物向频道，不适合人用咖啡机推广
4507,UCrJo3L2rn4vhLJXVxNlRc9A,NaturallySimone,https://cn.noxinfluencer.com/youtube/channel/UCrJo3L2rn4vhLJXVxNlRc9A,0,badcase,预算理财频道，与咖啡机推广缺少关联
4510,UCrLtcz3VG-uYXRCNWXsK_oA,These Hands Show It All,https://cn.noxinfluencer.com/youtube/channel/UCrLtcz3VG-uYXRCNWXsK_oA,0,badcase,缺少标签和内容证据，相关性无法成立
4511,UCrM9kvGnHv4BkgqahEkv32A,ppchustle,https://cn.noxinfluencer.com/youtube/channel/UCrM9kvGnHv4BkgqahEkv32A,0,badcase,无可用标签与内容，默认判为不相关
4512,UCrN7B9Jz38eWdCHBgHRj4GQ,evotimelab,https://cn.noxinfluencer.com/youtube/channel/UCrN7B9Jz38eWdCHBgHRj4GQ,0,badcase,无可用标签与内容，默认判为不相关
4513,UCrOTI4agomyAM72GBTxqLAA,Precious Jewel,https://cn.noxinfluencer.com/youtube/channel/UCrOTI4agomyAM72GBTxqLAA,0,badcase,无可用标签与内容，默认判为不相关
4515,UCrQRBfUqGF2tbyIUIiovP5A,Trendy Turn,https://cn.noxinfluencer.com/youtube/channel/UCrQRBfUqGF2tbyIUIiovP5A,0,badcase,无可用标签与内容，默认判为不相关
4516,UCrRcXWHwrz1WBCD8UtPYzWQ,Molly Keller,https://cn.noxinfluencer.com/youtube/channel/UCrRcXWHwrz1WBCD8UtPYzWQ,0,badcase,无可用标签与内容，默认判为不相关
4517,UCrW-DDVjjH-jBdqGq4o6nsg,Gonzy Sensei,https://cn.noxinfluencer.com/youtube/channel/UCrW-DDVjjH-jBdqGq4o6nsg,-10,badcase,娱乐反应游戏频道，与咖啡机投放场景不符
4518,UCrZyN6eV1m-myYc_bBpkhLQ,Mr Snoovo,https://cn.noxinfluencer.com/youtube/channel/UCrZyN6eV1m-myYc_bBpkhLQ,-10,badcase,短视频娱乐直播频道，不适合咖啡机推广
4521,UCrbJppsHAnbw7uwPpzfpxng,Daily Dose of everything,https://cn.noxinfluencer.com/youtube/channel/UCrbJppsHAnbw7uwPpzfpxng,0,badcase,无可用标签与内容，默认判为不相关
4523,UCrgCwvNpi2J_b1p7cCrHUMQ,D20 Woodworking,https://cn.noxinfluencer.com/youtube/channel/UCrgCwvNpi2J_b1p7cCrHUMQ,-10,badcase,游戏娱乐频道，与咖啡机投放不匹配
4524,UCrhnFr9csoeThTTDbqjyhlA,AI or NOTHING,https://cn.noxinfluencer.com/youtube/channel/UCrhnFr9csoeThTTDbqjyhlA,-10,badcase,新闻短视频频道，和咖啡机推广缺少交集
4525,UCriGxJnWZQ3-ZfsFBodpehA,Flow Glim,https://cn.noxinfluencer.com/youtube/channel/UCriGxJnWZQ3-ZfsFBodpehA,0,badcase,无可用标签与内容，默认判为不相关
4526,UCriY-h5n9J0htc3ymog72Gg,Dina Mild,https://cn.noxinfluencer.com/youtube/channel/UCriY-h5n9J0htc3ymog72Gg,-15,badcase,喜剧宠物号，和咖啡机推广场景不符
4527,UCricdMO5o2Rm2w3eEji5JYg,FusionWildlands,https://cn.noxinfluencer.com/youtube/channel/UCricdMO5o2Rm2w3eEji5JYg,0,badcase,无标签无内容证据，无法判断匹配
4528,UCrihGXIjp6fLboSqXBQogeQ,Free Life,https://cn.noxinfluencer.com/youtube/channel/UCrihGXIjp6fLboSqXBQogeQ,-15,badcase,助眠雨声频道，强格式错位
4529,UCrjmnkx0NWxFBoqOEFfW16Q,Does It Dad?,https://cn.noxinfluencer.com/youtube/channel/UCrjmnkx0NWxFBoqOEFfW16Q,-15,badcase,喜剧/汽车向，相关性很弱
4530,UCrk5WD_8hBrQAdnH0pODing,Choose Lifetime,https://cn.noxinfluencer.com/youtube/channel/UCrk5WD_8hBrQAdnH0pODing,0,badcase,无标签无内容证据
4531,UCrlgj1E9KRG-HI_2bMXmGMg,Cheerful Garden Camp,https://cn.noxinfluencer.com/youtube/channel/UCrlgj1E9KRG-HI_2bMXmGMg,0,badcase,无标签无内容证据
4532,UCrnHJbVEe4S9vE5WQhoP1eA,Mi Fe Cotidiana,https://cn.noxinfluencer.com/youtube/channel/UCrnHJbVEe4S9vE5WQhoP1eA,0,badcase,无标签无内容证据
4533,UCroOycCMqB98HGOmWv0STtw,The Fashion Try On,https://cn.noxinfluencer.com/youtube/channel/UCroOycCMqB98HGOmWv0STtw,0,badcase,时尚向频道，和咖啡机关联弱
4534,UCroXa80Gi7bgC2pz9gorikg,Sesage Tetizo,https://cn.noxinfluencer.com/youtube/channel/UCroXa80Gi7bgC2pz9gorikg,0,badcase,无标签无内容证据
4535,UCrpse4Oojs7yPyxF42sxSKg,Hayden Currie,https://cn.noxinfluencer.com/youtube/channel/UCrpse4Oojs7yPyxF42sxSKg,-15,badcase,娱乐/车类内容，和咖啡机不匹配
4537,UCrqR2S4ymKj1-iV5lR7bmwQ,The Warm Edit,https://cn.noxinfluencer.com/youtube/channel/UCrqR2S4ymKj1-iV5lR7bmwQ,0,badcase,无标签无内容证据
4538,UCrtZXCQfRrp0krQz-8TCmCg,Nutrition Coach,https://cn.noxinfluencer.com/youtube/channel/UCrtZXCQfRrp0krQz-8TCmCg,-9,badcase,偏 ASMR/美妆，和咖啡机促销不稳
4541,UCrui0aWcLqs-XMu1pXLayOQ,Rachel,https://cn.noxinfluencer.com/youtube/channel/UCrui0aWcLqs-XMu1pXLayOQ,-15,badcase,清洁ASMR频道，格式和品类都不合
4542,UCrvRZWueTGHpfEqHjwuRFXA,Nyla Symone,https://cn.noxinfluencer.com/youtube/channel/UCrvRZWueTGHpfEqHjwuRFXA,-15,badcase,音乐娱乐号，缺少商品推广语境
4543,UCrxFmk6C6vO7OYGge8neAaw,Visiodra,https://cn.noxinfluencer.com/youtube/channel/UCrxFmk6C6vO7OYGge8neAaw,0,badcase,无标签无内容证据
4549,UCs1ckhyhzE7BZ9Q1VVhonhQ,Ga Hamsi,https://cn.noxinfluencer.com/youtube/channel/UCs1ckhyhzE7BZ9Q1VVhonhQ,1,badcase,健身生活号，仅泛生活弱相关
4551,UCs6Y0tUeO0KkxO71fwjPNHw,Hype Cuttz,https://cn.noxinfluencer.com/youtube/channel/UCs6Y0tUeO0KkxO71fwjPNHw,0,badcase,无咖啡机相关标签或内容，无法支持推广
4552,UCs8eIYcqPFPr43Om7c6rWJQ,Saving Benjamins,https://cn.noxinfluencer.com/youtube/channel/UCs8eIYcqPFPr43Om7c6rWJQ,0,badcase,无咖啡机相关标签或内容，无法支持推广
4553,UCs9siIh64rD-uF2U7wgcOGA,BYOK,https://cn.noxinfluencer.com/youtube/channel/UCs9siIh64rD-uF2U7wgcOGA,-15,badcase,游戏娱乐频道，和咖啡机推广明显不符
4555,UCsBC_Q4SIqklFg5_XpcfDtQ,Isaiah Armendariz,https://cn.noxinfluencer.com/youtube/channel/UCsBC_Q4SIqklFg5_XpcfDtQ,-10,badcase,娱乐搞笑向内容，缺少产品推广语境
4556,UCsBwIVmUAV5iilX4axr7iyg,Ghosts of Tabor,https://cn.noxinfluencer.com/youtube/channel/UCsBwIVmUAV5iilX4axr7iyg,-15,badcase,VR射击游戏频道，和咖啡机投放无关
4557,UCsDb-6RGAzBimgAy6yVTnQw,Rare Review,https://cn.noxinfluencer.com/youtube/channel/UCsDb-6RGAzBimgAy6yVTnQw,0,badcase,缺少标签和视频证据，无法判断适配
4558,UCsEimzQSJoDP8x0eKvdkfDg,FavesDaily,https://cn.noxinfluencer.com/youtube/channel/UCsEimzQSJoDP8x0eKvdkfDg,0,badcase,缺少标签和视频证据，无法判断适配
4559,UCsJgYqFlZ_JjSj6ReJVz_FQ,The Product Review Room,https://cn.noxinfluencer.com/youtube/channel/UCsJgYqFlZ_JjSj6ReJVz_FQ,0,badcase,缺少标签和视频证据，无法判断适配
4560,UCsLC1niv3LgHWDmg5jmYGIA,Edmonds Foods,https://cn.noxinfluencer.com/youtube/channel/UCsLC1niv3LgHWDmg5jmYGIA,0,badcase,缺少咖啡机相关证据，食品频道也不够具体
4562,UCsQ3JdolO1MyXFJMTgAZTVw,Erin Reviews It,https://cn.noxinfluencer.com/youtube/channel/UCsQ3JdolO1MyXFJMTgAZTVw,0,badcase,缺少标签和视频证据，无法判断适配
4563,UCsTHlYNBMWqGkUZZkaME2iw,TVLDESIGNZ,https://cn.noxinfluencer.com/youtube/channel/UCsTHlYNBMWqGkUZZkaME2iw,0,badcase,生活时尚DIY频道，和咖啡机关联不足
4564,UCsWPFvuUHNVbY7gkTtth09A,BrandBuzz,https://cn.noxinfluencer.com/youtube/channel/UCsWPFvuUHNVbY7gkTtth09A,0,badcase,缺少标签和视频证据，无法判断适配
4565,UCsXjvGSBPVMhmzbu0g1nZ_g,Unboxing Space,https://cn.noxinfluencer.com/youtube/channel/UCsXjvGSBPVMhmzbu0g1nZ_g,0,badcase,偏时尚单品，和咖啡机品类不匹配
4566,UCs_efkC260ymb7yTCz2uPqQ,Yuli,https://cn.noxinfluencer.com/youtube/channel/UCs_efkC260ymb7yTCz2uPqQ,0,badcase,缺少标签和视频证据，无法判断适配
4568,UCsaVEjBPRoOV77mtYEcZYPg,Key of Awesome Music,https://cn.noxinfluencer.com/youtube/channel/UCsaVEjBPRoOV77mtYEcZYPg,-10,badcase,纯音乐娱乐频道，和家电投放格式不匹配
4569,UCsb1gvYnIe6_d7L2tFCUeAA,Aliexpress Lexa Store,https://cn.noxinfluencer.com/youtube/channel/UCsb1gvYnIe6_d7L2tFCUeAA,0,badcase,缺少标签和视频证据，无法判断适配
4570,UCsb_RMNYtQg7tEfk1cJRGQQ,Listopia Central,https://cn.noxinfluencer.com/youtube/channel/UCsb_RMNYtQg7tEfk1cJRGQQ,0,badcase,内容偏美妆健康榜单，咖啡机相关性弱
4572,UCseCRAjjb3VDjivUIcman7g,Affiliate Associate,https://cn.noxinfluencer.com/youtube/channel/UCseCRAjjb3VDjivUIcman7g,0,badcase,缺少标签和视频证据，无法判断适配
4573,UCsgEpSSA20NPz3vuscPqRkw,TammyHtheRealtor,https://cn.noxinfluencer.com/youtube/channel/UCsgEpSSA20NPz3vuscPqRkw,0,badcase,房产DIY向频道，和咖啡机关联不足
4574,UCsi7f6y5dH5uuye3MeCfojA,Ballinger Family,https://cn.noxinfluencer.com/youtube/channel/UCsi7f6y5dH5uuye3MeCfojA,0,badcase,家庭vlog偏泛，缺少咖啡机投放证据
4575,UCsiLXfF5pggZ0CcWWFBGDVg,STYLECNC,https://cn.noxinfluencer.com/youtube/channel/UCsiLXfF5pggZ0CcWWFBGDVg,0,badcase,缺少标签和视频证据，无法判断适配
4576,UCsidMXlUZPkokKqvTcD99og,JosianeSRLéonneSRRenau,https://cn.noxinfluencer.com/youtube/channel/UCsidMXlUZPkokKqvTcD99og,0,badcase,无标签和内容证据，缺少咖啡机推广相关性
4577,UCsiqgA9sEPSPbA_yqkzTtBQ,Draw Color Art,https://cn.noxinfluencer.com/youtube/channel/UCsiqgA9sEPSPbA_yqkzTtBQ,-10,badcase,儿童绘画频道，与咖啡机推广场景明显不相关
4578,UCsjZy5cdrx_3lfpeyvrCO9g,Viomi Global,https://cn.noxinfluencer.com/youtube/channel/UCsjZy5cdrx_3lfpeyvrCO9g,1,badcase,仅有泛电子标签，内容偏吸尘器，咖啡机推广相关性弱
4579,UCsl9D9wUu44zOzfSqUUjeOw,videolink,https://cn.noxinfluencer.com/youtube/channel/UCsl9D9wUu44zOzfSqUUjeOw,0,badcase,无标签无内容证据，缺少咖啡机推广相关性
4580,UCsoDRD8Qfi2MD7iXak6W7Kw,Wajeeha’s Cooking Corner 👩‍🍳,https://cn.noxinfluencer.com/youtube/channel/UCsoDRD8Qfi2MD7iXak6W7Kw,0,badcase,无标签与视频证据，难判断为咖啡机推广相关频道
4581,UCspkAtUK_YLeaWKi6W9OoXA,Ivelin Palacio,https://cn.noxinfluencer.com/youtube/channel/UCspkAtUK_YLeaWKi6W9OoXA,0,badcase,旅游生活频道，无咖啡机相关信号，不适合产品推广
4582,UCsrJIqOj-86yvHSoUs2qhVA,Vendnet USA,https://cn.noxinfluencer.com/youtube/channel/UCsrJIqOj-86yvHSoUs2qhVA,2,badcase,仅有泛生活/科技标签，缺少咖啡机购买或测评语境
4583,UCsram9HBOXcOYlo70f7bcCQ,Softtrix,https://cn.noxinfluencer.com/youtube/channel/UCsram9HBOXcOYlo70f7bcCQ,0,badcase,偏营销知识号，与咖啡机产品创作者/使用场景无关
4584,UCsrnSTEZchK1OPTiyz2J_Xg,Conversations With Cor,https://cn.noxinfluencer.com/youtube/channel/UCsrnSTEZchK1OPTiyz2J_Xg,0,badcase,无标签和内容证据，缺少咖啡机推广相关性
4585,UCstZzQslaLQtjr2C6k_KvQw,Tech Genie,https://cn.noxinfluencer.com/youtube/channel/UCstZzQslaLQtjr2C6k_KvQw,0,badcase,无标签、无内容证据，缺少咖啡机推广相关性
4586,UCstjQ-W2oRoHtI7l_CDWcSw,JB Harburg Vlog,https://cn.noxinfluencer.com/youtube/channel/UCstjQ-W2oRoHtI7l_CDWcSw,-7,badcase,以食谱泛内容为主，缺少咖啡机购买/测评意图，ASMR倾向不适合推广
4587,UCsugrrHVcEKwkvOjSnC2SHA,Home Cooking with Josephine Romano,https://cn.noxinfluencer.com/youtube/channel/UCsugrrHVcEKwkvOjSnC2SHA,0,badcase,无咖啡机相关标签或视频，缺乏推广相关性
4588,UCswc0AAH0PbhUG2LBBDrBDg,Heather LB,https://cn.noxinfluencer.com/youtube/channel/UCswc0AAH0PbhUG2LBBDrBDg,0,badcase,无标签和内容证据，无法支持咖啡机推广相关性
4589,UCsyN93DPkgSTTtH4Yn79EKQ,Smart Review,https://cn.noxinfluencer.com/youtube/channel/UCsyN93DPkgSTTtH4Yn79EKQ,0,badcase,无标签无内容信号，缺少咖啡机推广相关性
4590,UCsz-dhsLM6VTYH1yUf5EkfQ,3DModels org,https://cn.noxinfluencer.com/youtube/channel/UCsz-dhsLM6VTYH1yUf5EkfQ,-10,badcase,频道偏3D模型/动物/车辆，和咖啡机推广场景不匹配
4591,UCt-4ODKcxB71BNkOSvbnyvA,Artismia,https://cn.noxinfluencer.com/youtube/channel/UCt-4ODKcxB71BNkOSvbnyvA,0,badcase,标签偏艺术创作，与咖啡机推广无关，且无近期相关内容
4592,UCt-7GzjmkaKLqnI3Bo7ULTA,End,https://cn.noxinfluencer.com/youtube/channel/UCt-7GzjmkaKLqnI3Bo7ULTA,0,badcase,无标签和内容证据，无法支持咖啡机推广相关性
4593,UCt2R_t1tcdSrcmagQuFkDdA,Storied Design with Corbin Reid,https://cn.noxinfluencer.com/youtube/channel/UCt2R_t1tcdSrcmagQuFkDdA,3,badcase,家居设计泛内容，缺少咖啡机评测/购买意图，仅弱场景相关
4594,UCt2luvOLZyBsqz3H2w-KotA,MrB(AI),https://cn.noxinfluencer.com/youtube/channel/UCt2luvOLZyBsqz3H2w-KotA,0,badcase,无标签、无视频内容信号，和咖啡机推广无关
4595,UCt3MShf53TL59LBw-GmFzTQ,Unfiltered Laugh,https://cn.noxinfluencer.com/youtube/channel/UCt3MShf53TL59LBw-GmFzTQ,0,badcase,无相关标签和近期内容，缺少咖啡机推广适配信号
4596,UCt3qogj2OHdMKT6FCUR1Saw,Horror Stories,https://cn.noxinfluencer.com/youtube/channel/UCt3qogj2OHdMKT6FCUR1Saw,-12,badcase,恐怖故事/偷拍视频频道，和咖啡机推广场景明显不匹配
4597,UCt4_jEC4--5s9gwxNsqEjrg,Speak Your Success Media,https://cn.noxinfluencer.com/youtube/channel/UCt4_jEC4--5s9gwxNsqEjrg,0,badcase,体育播客频道，与咖啡机推广无关
4598,UCt4g_--9R68UWd53ojVp2vw,Abderose,https://cn.noxinfluencer.com/youtube/channel/UCt4g_--9R68UWd53ojVp2vw,0,badcase,无标签、无视频信号，缺少咖啡机推广相关性
4599,UCt6PIJv-XToi0M2o8Pp3_kw,Sew Aldo DIY,https://cn.noxinfluencer.com/youtube/channel/UCt6PIJv-XToi0M2o8Pp3_kw,0,badcase,频道是手工缝纫内容，与咖啡机推广无关
4601,UCt7TyfOfivPkJL5LAKfmb0g,Zeken Home,https://cn.noxinfluencer.com/youtube/channel/UCt7TyfOfivPkJL5LAKfmb0g,0,badcase,无标签无内容证据，咖啡机关联缺失
4602,UCtAxPd8ZrQSQaEKtpCppODg,Flexor Clyx,https://cn.noxinfluencer.com/youtube/channel/UCtAxPd8ZrQSQaEKtpCppODg,-5,badcase,内容偏军事历史娱乐，和咖啡机推广不匹配
4603,UCtBFsTgpuuNY6Likem8py2g,Pick Instant,https://cn.noxinfluencer.com/youtube/channel/UCtBFsTgpuuNY6Likem8py2g,0,badcase,无标签无内容证据，相关性不足
4607,UCtH0vldihErhr1ys-j1bO1w,Driftworld Ambience,https://cn.noxinfluencer.com/youtube/channel/UCtH0vldihErhr1ys-j1bO1w,-12,badcase,氛围音频向，属于强格式不匹配
4608,UCtI1pe-IVZOW4rmg2jA83xw,Salty Pseudo,https://cn.noxinfluencer.com/youtube/channel/UCtI1pe-IVZOW4rmg2jA83xw,0,badcase,无有效标签，咖啡机推广难判断
4610,UCtKJHG5_PEkSS4poljUKNUw,Laziz Baldwin,https://cn.noxinfluencer.com/youtube/channel/UCtKJHG5_PEkSS4poljUKNUw,0,badcase,时尚旅行向，咖啡机受众不明显
4612,UCtKuiZD5rkCjEpHymMSh1Pw,Hype House Squad,https://cn.noxinfluencer.com/youtube/channel/UCtKuiZD5rkCjEpHymMSh1Pw,-15,badcase,短视频娱乐向，物理产品推广适配差
4613,UCtNqsRqpUCh0Oig6tw5qvug,Remarkable 10,https://cn.noxinfluencer.com/youtube/channel/UCtNqsRqpUCh0Oig6tw5qvug,0,badcase,无内容证据，相关性不足
4615,UCtOxByjRvQXAaIH6ccexv5A,Brandon Mofat,https://cn.noxinfluencer.com/youtube/channel/UCtOxByjRvQXAaIH6ccexv5A,-5,badcase,偏娱乐搞笑，咖啡机推广相关性低
4618,UCtSiRlYrARRspALio4zB_VA,Felipe Mejia,https://cn.noxinfluencer.com/youtube/channel/UCtSiRlYrARRspALio4zB_VA,0,badcase,偏地产金融，咖啡机推广不够贴合
4619,UCtSmLYXmUoRtoodCy3PxA4w,Dara,https://cn.noxinfluencer.com/youtube/channel/UCtSmLYXmUoRtoodCy3PxA4w,0,badcase,无标签无内容，无法判断相关性
4621,UCta3MuD7omvsJyb-SMQkKOQ,Trend Max,https://cn.noxinfluencer.com/youtube/channel/UCta3MuD7omvsJyb-SMQkKOQ,-10,badcase,娱乐榜单向，缺少家电/购买场景
4626,UCtezuJqYaDSgkSxeb-3gLUQ,The Prather Life,https://cn.noxinfluencer.com/youtube/channel/UCtezuJqYaDSgkSxeb-3gLUQ,0,badcase,无标签无内容，缺少咖啡机推广证据
4627,UCtf9Y1A0dO_xE_ni7Po7eMw,Seda Alkan,https://cn.noxinfluencer.com/youtube/channel/UCtf9Y1A0dO_xE_ni7Po7eMw,0,badcase,无标签无内容，缺少咖啡机推广证据
4628,UCtfygfPYw9XWOPG3SxMTEgg,Royal Jewels,https://cn.noxinfluencer.com/youtube/channel/UCtfygfPYw9XWOPG3SxMTEgg,0,badcase,生活vlog泛内容，和咖啡机关联弱
4629,UCthJojGnUhWil8by6hMmF6A,Edobean,https://cn.noxinfluencer.com/youtube/channel/UCthJojGnUhWil8by6hMmF6A,-15,badcase,游戏内容为主，和家电推广明显不符
4632,UCtqIjbyhRxhBIxsO89mRykw,Miscelaneosusa Store,https://cn.noxinfluencer.com/youtube/channel/UCtqIjbyhRxhBIxsO89mRykw,0,badcase,仅像店铺号，无法判断咖啡机相关
4633,UCtqWnDjXLAeHabP6laIOMiA,Prefer and Pick,https://cn.noxinfluencer.com/youtube/channel/UCtqWnDjXLAeHabP6laIOMiA,0,badcase,泛选品号，未见咖啡机或评测信号
4634,UCtwRB64-aeSu5mmFYAWdQxQ,Pad printer hot stamping machine screen machines,https://cn.noxinfluencer.com/youtube/channel/UCtwRB64-aeSu5mmFYAWdQxQ,0,badcase,工业设备方向，不对应咖啡机推广
4635,UCtwyUmW0wo-N_Y06xjgQuZA,Omaima Doghmi,https://cn.noxinfluencer.com/youtube/channel/UCtwyUmW0wo-N_Y06xjgQuZA,0,badcase,旅游/摩洛哥生活内容，主题不匹配
4636,UCtxpVVari-95y-N2HtF4RZw,KeyNoel,https://cn.noxinfluencer.com/youtube/channel/UCtxpVVari-95y-N2HtF4RZw,0,badcase,娱乐幽默泛内容，缺少产品推广场景
4637,UCu-wtXjcF6_LS8kd8fdumbA,VACUUM TONES OFFICIAL,https://cn.noxinfluencer.com/youtube/channel/UCu-wtXjcF6_LS8kd8fdumbA,-15,badcase,音效/tones类格式，属强推广格式不匹配
4639,UCu1y1gQ5oKonKekq1g9qy2A,TheGeekman,https://cn.noxinfluencer.com/youtube/channel/UCu1y1gQ5oKonKekq1g9qy2A,0,badcase,无明确家电/评测信号
4640,UCu36HYLsBlED8Fsk2udOQgw,Epoxy Mania BD,https://cn.noxinfluencer.com/youtube/channel/UCu36HYLsBlED8Fsk2udOQgw,-15,badcase,音乐娱乐为主，和产品推广不相容
4643,UCuAuK1UrBlODIy8sBOVkwgg,photo manipulation,https://cn.noxinfluencer.com/youtube/channel/UCuAuK1UrBlODIy8sBOVkwgg,0,badcase,摄影修图软件内容，与咖啡机无关
4645,UCuCOj4YPBJFjPtLDOOiyW2Q,Brian Beers,https://cn.noxinfluencer.com/youtube/channel/UCuCOj4YPBJFjPtLDOOiyW2Q,0,badcase,商业加盟类，和咖啡机受众不一致
4647,UCuDPQNfcy8omRu2D8eeic5Q,Mohamadreza Baghayi,https://cn.noxinfluencer.com/youtube/channel/UCuDPQNfcy8omRu2D8eeic5Q,0,badcase,无内容线索，无法支撑咖啡机推广
4648,UCuEWW7vnP5s13gTVpeIeN1A,MySpiceTrail,https://cn.noxinfluencer.com/youtube/channel/UCuEWW7vnP5s13gTVpeIeN1A,0,badcase,仅名称像美食号，标签缺失
4649,UCuFO9uQvdWxw9-Vxi37mz2Q,Sailin Gomez,https://cn.noxinfluencer.com/youtube/channel/UCuFO9uQvdWxw9-Vxi37mz2Q,-15,badcase,ASMR/吃播格式对咖啡机推广是强错配
4650,UCuJ1q_BLCKpO-yfbOwH02BQ,Shi Luxe by Rahshina Glen,https://cn.noxinfluencer.com/youtube/channel/UCuJ1q_BLCKpO-yfbOwH02BQ,0,badcase,奢美泛内容，无咖啡机相关证据
4651,UCuJY_Bj5AE7tcq7_o_k489Q,𝗖𝗮𝗿𝗲𝗲𝗿 𝗪𝗲𝗮𝗹𝘁𝗵 𝗟𝗮𝗯,https://cn.noxinfluencer.com/youtube/channel/UCuJY_Bj5AE7tcq7_o_k489Q,0,badcase,无咖啡机相关标签或内容
4652,UCuKHtKcYVEjII2h6MvuAzog,Invotech Zone,https://cn.noxinfluencer.com/youtube/channel/UCuKHtKcYVEjII2h6MvuAzog,0,badcase,无咖啡机相关标签或内容
4653,UCuKfy99YRWH6RW1KxYIZGlg,Prime Picks,https://cn.noxinfluencer.com/youtube/channel/UCuKfy99YRWH6RW1KxYIZGlg,0,badcase,无咖啡机相关标签或内容
4655,UCuMRCOVPnHu5HYDYGrPxcng,RV & Travel Adventures,https://cn.noxinfluencer.com/youtube/channel/UCuMRCOVPnHu5HYDYGrPxcng,3,badcase,旅行房车场景弱相关，缺少家电测评意图
4658,UCuPb03qXwSN19uIZUkHUjJA,ZackAttack,https://cn.noxinfluencer.com/youtube/channel/UCuPb03qXwSN19uIZUkHUjJA,0,badcase,无咖啡机相关标签或内容
4659,UCuS5fmeEDpnW5JPMdRhGm7A,Making it happen Vlog,https://cn.noxinfluencer.com/youtube/channel/UCuS5fmeEDpnW5JPMdRhGm7A,4,badcase,生活旅游 vlog，缺少咖啡机购买场景
4660,UCuSno_JRjm1k_pkb3rpQAOQ,CraftAltPlay,https://cn.noxinfluencer.com/youtube/channel/UCuSno_JRjm1k_pkb3rpQAOQ,0,badcase,无咖啡机相关标签或内容
4661,UCuUR5e-XV2u2dGLQRBd-rBQ,Gadget Reports,https://cn.noxinfluencer.com/youtube/channel/UCuUR5e-XV2u2dGLQRBd-rBQ,0,badcase,无咖啡机相关标签或内容
4662,UCuUjJTRyBE1sW6sGEWWCN4w,kassie petrocelli,https://cn.noxinfluencer.com/youtube/channel/UCuUjJTRyBE1sW6sGEWWCN4w,0,badcase,无咖啡机相关标签或内容
4663,UCuVtfSS8_3SWaLEsMoO6fSA,Fluent Deutsch,https://cn.noxinfluencer.com/youtube/channel/UCuVtfSS8_3SWaLEsMoO6fSA,0,badcase,无咖啡机相关标签或内容
4664,UCuYR_0chC3ydx1RYpM1I82w,The fame Desk,https://cn.noxinfluencer.com/youtube/channel/UCuYR_0chC3ydx1RYpM1I82w,-15,badcase,新闻政治内容与家电推广明显不符
4665,UCuZI7h80BXNfx_uVdWZdflQ,Aesthetic traveler,https://cn.noxinfluencer.com/youtube/channel/UCuZI7h80BXNfx_uVdWZdflQ,0,badcase,无咖啡机相关标签或内容
4666,UCu_dlFxHZE_x8SpyxBI6big,Gadget Core,https://cn.noxinfluencer.com/youtube/channel/UCu_dlFxHZE_x8SpyxBI6big,0,badcase,无咖啡机相关标签或内容
4668,UCuaXd8nIipeQ7fIbm2J66CA,Supliful,https://cn.noxinfluencer.com/youtube/channel/UCuaXd8nIipeQ7fIbm2J66CA,0,badcase,电商培训偏卖方，不是咖啡机买家
4669,UCuacsn-o8tCGlyAkNFyBaVQ,FreshFits,https://cn.noxinfluencer.com/youtube/channel/UCuacsn-o8tCGlyAkNFyBaVQ,0,badcase,无咖啡机相关标签或内容
4671,UCub842-9SQEN2f_o-RczYtg,Docs Crealities,https://cn.noxinfluencer.com/youtube/channel/UCub842-9SQEN2f_o-RczYtg,0,badcase,健康娱乐混杂，和咖啡机推广不聚焦
4672,UCuchQ_Au8Xm_JWeLoB6zzIg,Omniel Capote,https://cn.noxinfluencer.com/youtube/channel/UCuchQ_Au8Xm_JWeLoB6zzIg,0,badcase,无咖啡机相关标签或内容
4674,UCufY1-FrKYacGYqJzSFH-nA,The Butter Half,https://cn.noxinfluencer.com/youtube/channel/UCufY1-FrKYacGYqJzSFH-nA,0,badcase,无咖啡机相关标签或内容
4675,UCufud7qAKBk-qHJ4e7e49rA,TekkScout,https://cn.noxinfluencer.com/youtube/channel/UCufud7qAKBk-qHJ4e7e49rA,0,badcase,无咖啡机相关标签或内容
4677,UCui-jU7VLkopQi1_oZPFP4Q,Udisen Games,https://cn.noxinfluencer.com/youtube/channel/UCui-jU7VLkopQi1_oZPFP4Q,-15,badcase,游戏内容为主，和咖啡机推广场景明显不符
4678,UCui06JMm1LBL6bFjfqo2JqA,Moon Trent,https://cn.noxinfluencer.com/youtube/channel/UCui06JMm1LBL6bFjfqo2JqA,-15,badcase,音乐娱乐向，缺少咖啡机推广所需的购物语境
4679,UCuiYGLqVBgkVe-sG13vDV8A,Karen Sandiego,https://cn.noxinfluencer.com/youtube/channel/UCuiYGLqVBgkVe-sG13vDV8A,0,badcase,减重健康向，缺少咖啡机相关购买或测评语境
4680,UCuk1pAp7F08HF3W9rpKTnbA,rex644,https://cn.noxinfluencer.com/youtube/channel/UCuk1pAp7F08HF3W9rpKTnbA,0,badcase,无标签和内容证据，无法判断为咖啡机相关创作者
4681,UCumM-fO7dAosoy5dKhhSvLw,GearBits,https://cn.noxinfluencer.com/youtube/channel/UCumM-fO7dAosoy5dKhhSvLw,0,badcase,无标签和内容证据，无法判断为咖啡机相关创作者
4684,UCuqYkvlsY_ga4Dtitv1a8Nw,Molly Daviza,https://cn.noxinfluencer.com/youtube/channel/UCuqYkvlsY_ga4Dtitv1a8Nw,-15,badcase,婴童内容为主，咖啡机推广受众错位明显
4685,UCurAQPyXj5Rb7wX07enwhNw,Ten Keys to Thrive,https://cn.noxinfluencer.com/youtube/channel/UCurAQPyXj5Rb7wX07enwhNw,0,badcase,无标签和内容证据，无法判断为咖啡机相关创作者
4686,UCurWTt5j0wiJ6aw_xsiHwGg,David and Sonia,https://cn.noxinfluencer.com/youtube/channel/UCurWTt5j0wiJ6aw_xsiHwGg,0,badcase,无标签和内容证据，无法判断为咖啡机相关创作者
4687,UCus9H-X9vLMi6iKQj2OoI1g,Watson's Reviews,https://cn.noxinfluencer.com/youtube/channel/UCus9H-X9vLMi6iKQj2OoI1g,-15,badcase,医疗健康向，和咖啡机推广场景不匹配
4688,UCusPf-BFF9UtCTzYqpTl2vw,products,https://cn.noxinfluencer.com/youtube/channel/UCusPf-BFF9UtCTzYqpTl2vw,0,badcase,无标签和内容证据，无法判断为咖啡机相关创作者
4689,UCutXVhhCYuNvqJ7qQxQKGwg,Kitchen Gear Lab,https://cn.noxinfluencer.com/youtube/channel/UCutXVhhCYuNvqJ7qQxQKGwg,0,badcase,无标签和内容证据，无法确认厨房器具垂类
4690,UCuvzqjm9ajHVPendLerQdTw,Simply Science Core,https://cn.noxinfluencer.com/youtube/channel/UCuvzqjm9ajHVPendLerQdTw,0,badcase,无标签和内容证据，无法判断为咖啡机相关创作者
4691,UCuwWkGtmerNMBdd6yf_lidg,MyRegistry.com,https://cn.noxinfluencer.com/youtube/channel/UCuwWkGtmerNMBdd6yf_lidg,0,badcase,无标签和内容证据，无法判断为咖啡机相关创作者
4692,UCuxZWcLB6DpBPLurcdO_10Q,Welon,https://cn.noxinfluencer.com/youtube/channel/UCuxZWcLB6DpBPLurcdO_10Q,0,badcase,无标签和内容证据，无法判断为咖啡机相关创作者
4693,UCuxohPmcHMQJgELyoj3rGZQ,BOXscape,https://cn.noxinfluencer.com/youtube/channel/UCuxohPmcHMQJgELyoj3rGZQ,0,badcase,无标签和内容证据，无法判断为咖啡机相关创作者
4695,UCuyRHb0dPgr0H92_Op59Waw,OUR ALL IN ONE,https://cn.noxinfluencer.com/youtube/channel/UCuyRHb0dPgr0H92_Op59Waw,0,badcase,无标签和内容证据，无法判断为咖啡机相关创作者
4696,UCuyZH7UOio4Zf2yRp09rnyg,Trei Burns Productions,https://cn.noxinfluencer.com/youtube/channel/UCuyZH7UOio4Zf2yRp09rnyg,0,badcase,无标签和内容证据，无法判断为咖啡机相关创作者
4697,UCuzmWTyfDTdeHsmNkLv5cFA,Charlotte Summers- Brown,https://cn.noxinfluencer.com/youtube/channel/UCuzmWTyfDTdeHsmNkLv5cFA,0,badcase,无标签和内容证据，无法判断为咖啡机相关创作者
4698,UCv-fagS_aEoSrSF9gWFgvNg,Aaron Meyers,https://cn.noxinfluencer.com/youtube/channel/UCv-fagS_aEoSrSF9gWFgvNg,0,badcase,无标签和内容证据，无法判断为咖啡机相关创作者
4699,UCv1Uw1LrMGAo1RNZpFJsWAA,Amazon shixs,https://cn.noxinfluencer.com/youtube/channel/UCv1Uw1LrMGAo1RNZpFJsWAA,0,badcase,无标签和内容证据，无法判断为咖啡机相关创作者
4700,UCv2e9PZJq-pZOR5e5VkSgjQ,Scrappy Investor,https://cn.noxinfluencer.com/youtube/channel/UCv2e9PZJq-pZOR5e5VkSgjQ,0,badcase,无标签和内容证据，无法判断为咖啡机相关创作者
4702,UCv3fO89mqQ3lDy5wJUVILJg,SyndicateHDPVR,https://cn.noxinfluencer.com/youtube/channel/UCv3fO89mqQ3lDy5wJUVILJg,-15,badcase,游戏娱乐为主，和咖啡机投放明显不符
4703,UCv4th9s8tl_X2eNsFXEtb9Q,Shardlings Quest,https://cn.noxinfluencer.com/youtube/channel/UCv4th9s8tl_X2eNsFXEtb9Q,-15,badcase,音乐娱乐频道，实物家电推广相关性很低
4704,UCv7ihKeI9P_aYXq0tjHfDSA,Ruby's USA lifestyle,https://cn.noxinfluencer.com/youtube/channel/UCv7ihKeI9P_aYXq0tjHfDSA,0,badcase,无具体相关标签，难支撑咖啡机投放
4707,UCv8czpWVEs7Fw5y_ffQvruQ,Cassandra Bromfield,https://cn.noxinfluencer.com/youtube/channel/UCv8czpWVEs7Fw5y_ffQvruQ,0,badcase,无标签无内容，相关性不足
4708,UCvBIv0lK8_WCNQveoAPktUg,Car Sharing Jho,https://cn.noxinfluencer.com/youtube/channel/UCvBIv0lK8_WCNQveoAPktUg,1,badcase,仅有咖啡弱相关，主体是车共享
4710,UCvE8xdRXCDAZzHFSgkbOrNw,Keto Lifestyle,https://cn.noxinfluencer.com/youtube/channel/UCvE8xdRXCDAZzHFSgkbOrNw,0,badcase,无相关标签，且健身减脂方向偏离
4711,UCvEqA6BJwqbNwgZXzFCcuvg,明澳科技,https://cn.noxinfluencer.com/youtube/channel/UCvEqA6BJwqbNwgZXzFCcuvg,0,badcase,汽车改装频道，与咖啡机投放不匹配
4714,UCvJiYiBUbw4tmpRSZT2r1Hw,Science Channel,https://cn.noxinfluencer.com/youtube/channel/UCvJiYiBUbw4tmpRSZT2r1Hw,0,badcase,科普娱乐为主，缺少家电投放信号
4716,UCvLaRgbZYxAWM9XgQRWMkZw,Aroon Ivy,https://cn.noxinfluencer.com/youtube/channel/UCvLaRgbZYxAWM9XgQRWMkZw,0,badcase,无标签无内容证据，与咖啡机推广相关性不足
4720,UCvREnrrKuHFePQ4W6UTcgnA,Tori DeSimone,https://cn.noxinfluencer.com/youtube/channel/UCvREnrrKuHFePQ4W6UTcgnA,0,badcase,生活vlog为主，缺少产品导购信号
4721,UCvRWDQPRsUPV-ChOKVLyMlQ,Nicole Burgess Marsh,https://cn.noxinfluencer.com/youtube/channel/UCvRWDQPRsUPV-ChOKVLyMlQ,0,badcase,无可用标签，相关性无法支撑
4723,UCvTFZbLYiwDUMNwtYkSGzGg,TECHNO,https://cn.noxinfluencer.com/youtube/channel/UCvTFZbLYiwDUMNwtYkSGzGg,-15,badcase,音乐娱乐频道，和咖啡机投放不匹配
4724,UCvTUTQ41WHdYhAUpwJlnvOw,pattycake,https://cn.noxinfluencer.com/youtube/channel/UCvTUTQ41WHdYhAUpwJlnvOw,0,badcase,无相关标签，无法证明投放价值
4726,UCvVXgMQ1ONgUIEWe6k1uUEw,Seb & Mich • GominPlanet,https://cn.noxinfluencer.com/youtube/channel/UCvVXgMQ1ONgUIEWe6k1uUEw,0,badcase,无标签无内容，缺少咖啡机推广信号
4728,UCvW8iir9W1BYVhIumWgsvaw,Jenn Melon,https://cn.noxinfluencer.com/youtube/channel/UCvW8iir9W1BYVhIumWgsvaw,-15,badcase,娱乐喜剧为主，属于明显不适配频道
4729,UCvWJqZPP8sGAhALszPhFblw,AlexCruzHaha,https://cn.noxinfluencer.com/youtube/channel/UCvWJqZPP8sGAhALszPhFblw,-15,badcase,喜剧/游戏/娱乐占主导，不适合家电推广
4733,UCvYlRdSYamAOmyI77Yqh0vg,Tina Dybal,https://cn.noxinfluencer.com/youtube/channel/UCvYlRdSYamAOmyI77Yqh0vg,0,badcase,无标签无内容，无法判断为咖啡机相关
4734,UCvZhBYAlPOE-wWkOD97_TfQ,ISAAC HUERTA,https://cn.noxinfluencer.com/youtube/channel/UCvZhBYAlPOE-wWkOD97_TfQ,1,badcase,仅有泛生活标签，相关性不足
4735,UCv_0YyplNsDWLar1VBZgQIg,Pop toys,https://cn.noxinfluencer.com/youtube/channel/UCv_0YyplNsDWLar1VBZgQIg,0,badcase,无可用标签与内容，和咖啡机无关
4736,UCv_rViM5ECdrsNC4MAYw8hw,MudiMood,https://cn.noxinfluencer.com/youtube/channel/UCv_rViM5ECdrsNC4MAYw8hw,0,badcase,美妆护肤为主，和咖啡机推广无关
4739,UCvbiyOzrfTz2NCG2Wdfvw0A,Marco ACM,https://cn.noxinfluencer.com/youtube/channel/UCvbiyOzrfTz2NCG2Wdfvw0A,0,badcase,音乐娱乐向频道，与咖啡机关联弱
4740,UCveyHwJCcWQjIKlS6nzLsUA,Best Review,https://cn.noxinfluencer.com/youtube/channel/UCveyHwJCcWQjIKlS6nzLsUA,0,badcase,无标签无内容，无法支持咖啡机推广
4741,UCvgTDOa56uqRulk5kIf5N-A,ProdVue,https://cn.noxinfluencer.com/youtube/channel/UCvgTDOa56uqRulk5kIf5N-A,0,badcase,无标签无内容，和咖啡机无关
4742,UCvh-RYA3O_kDfLXxkqhNw-A,MyTopPicks,https://cn.noxinfluencer.com/youtube/channel/UCvh-RYA3O_kDfLXxkqhNw-A,0,badcase,无标签无内容，不适合咖啡机推广
4743,UCvj6tmOEU8Zixi1zebbY-bg,Amazonblaze,https://cn.noxinfluencer.com/youtube/channel/UCvj6tmOEU8Zixi1zebbY-bg,0,badcase,无标签无内容，和咖啡机推广无交集
4744,UCvkCyQoRBk0k5N08Z2lmUjw,Name Pending Productions,https://cn.noxinfluencer.com/youtube/channel/UCvkCyQoRBk0k5N08Z2lmUjw,0,badcase,无标签无内容，无法判断为相关频道
4745,UCvkQjT3iE80sI079sUeqIaw,JIYA PRODUCTS,https://cn.noxinfluencer.com/youtube/channel/UCvkQjT3iE80sI079sUeqIaw,0,badcase,仅有产品名样式，缺少实际相关信号
4747,UCvnjQ-wBvGE2Ep2OJ_31UlQ,Keke Herlina,https://cn.noxinfluencer.com/youtube/channel/UCvnjQ-wBvGE2Ep2OJ_31UlQ,0,badcase,生活记录但无家居或测评信号
4749,UCvpqPtvhroUZaH2c3ngRhIw,Future Boost,https://cn.noxinfluencer.com/youtube/channel/UCvpqPtvhroUZaH2c3ngRhIw,0,badcase,无标签无内容，无法支持咖啡机推广
4751,UCvqcTGxIJBTEy0pz8wBD3hA,Winner's Lineup,https://cn.noxinfluencer.com/youtube/channel/UCvqcTGxIJBTEy0pz8wBD3hA,0,badcase,无相关标签或视频，难判断为咖啡机推广频道
4753,UCvqpXd8QHfzPwqXuui_vCYQ,Nell SpellSell,https://cn.noxinfluencer.com/youtube/channel/UCvqpXd8QHfzPwqXuui_vCYQ,0,badcase,缺少标签与内容证据，相关性不足
4755,UCvsmO2wbFs68UVMG_LHA5TQ,WE ARE ONE YOUTH,https://cn.noxinfluencer.com/youtube/channel/UCvsmO2wbFs68UVMG_LHA5TQ,0,badcase,宗教/青年内容与咖啡机推广场景不匹配
4756,UCvuYVaQ1b8jfkvvUeTAwr7Q,Corner for Reviews,https://cn.noxinfluencer.com/youtube/channel/UCvuYVaQ1b8jfkvvUeTAwr7Q,0,badcase,仅有频道名带Review，缺少可验证标签
4757,UCvwFB8I1eyaVlc-7SMmhcMA,Spins With Sam,https://cn.noxinfluencer.com/youtube/channel/UCvwFB8I1eyaVlc-7SMmhcMA,0,badcase,无产品或家居相关证据
4758,UCvxh5Ffj5vSxzdu8OG6sHEw,Neat Finds with Nicole,https://cn.noxinfluencer.com/youtube/channel/UCvxh5Ffj5vSxzdu8OG6sHEw,0,badcase,无标签支撑，无法确认选品或测评场景
4759,UCvym2Fm6uMFLIrCzBmLhx1Q,Bloo J,https://cn.noxinfluencer.com/youtube/channel/UCvym2Fm6uMFLIrCzBmLhx1Q,-15,badcase,娱乐影视主域，与咖啡机推广不匹配
4762,UCw0WSCXgN_uwoTZnpsNSJkg,Wishes,https://cn.noxinfluencer.com/youtube/channel/UCw0WSCXgN_uwoTZnpsNSJkg,0,badcase,缺少标签与内容证据
4763,UCw21Qxbzd7etZme0WnVKyEg,gozberry,https://cn.noxinfluencer.com/youtube/channel/UCw21Qxbzd7etZme0WnVKyEg,-15,badcase,游戏内容主导，与家电推广不匹配
4764,UCw3Q-Ouw4DWS6W2UhiMJXPQ,Healthy Disney,https://cn.noxinfluencer.com/youtube/channel/UCw3Q-Ouw4DWS6W2UhiMJXPQ,0,badcase,无标签与内容证据
4765,UCw6QP6sYfNZ0nZ5OM0GZcmQ,Climax Tech Gallery,https://cn.noxinfluencer.com/youtube/channel/UCw6QP6sYfNZ0nZ5OM0GZcmQ,0,badcase,无可用标签，无法确认家电受众
4766,UCw6sJQg4plytFgrbOjNrGYA,"Don't Wait, Buy Now",https://cn.noxinfluencer.com/youtube/channel/UCw6sJQg4plytFgrbOjNrGYA,0,badcase,仅有促销式名称，缺少标签与视频证据
4767,UCw74YMux9WXL8r1Q52Df8Cg,AstroAlchemist,https://cn.noxinfluencer.com/youtube/channel/UCw74YMux9WXL8r1Q52Df8Cg,0,badcase,缺少可判断的相关内容
4768,UCw7npP90rS__GSor7pRjI8Q,Chí Nguyễn,https://cn.noxinfluencer.com/youtube/channel/UCw7npP90rS__GSor7pRjI8Q,0,badcase,缺少可判断的相关内容
4770,UCw8wFQ62eERKRRitHO7zDgw,"Kawtco: Dementia & Alzheimer's Support, Simplified",https://cn.noxinfluencer.com/youtube/channel/UCw8wFQ62eERKRRitHO7zDgw,0,badcase,医疗支持主题与咖啡机推广无关
4771,UCw9P_uFRVPXiLp4I18YHaHw,АzamLEGOguns,https://cn.noxinfluencer.com/youtube/channel/UCw9P_uFRVPXiLp4I18YHaHw,0,badcase,无可用标签，且名称指向非家电主题
4772,UCw9fHDA7Izc37bl9ZM3GYHQ,Stephanie Leyva,https://cn.noxinfluencer.com/youtube/channel/UCw9fHDA7Izc37bl9ZM3GYHQ,0,badcase,无标签与内容证据
4774,UCwEVoemDh4HWN3Sie-Sl0Tw,Ma Chao,https://cn.noxinfluencer.com/youtube/channel/UCwEVoemDh4HWN3Sie-Sl0Tw,0,badcase,无可判断的相关标签
4776,UCwIaqtjczCaEaNxyv61lHNQ,Business Geek,https://cn.noxinfluencer.com/youtube/channel/UCwIaqtjczCaEaNxyv61lHNQ,-15,badcase,企业注册/LLC频道，与咖啡机投放场景无关
4778,UCwJIB4JL9RVYZjf1qtoHmsQ,Pegasus Lounge,https://cn.noxinfluencer.com/youtube/channel/UCwJIB4JL9RVYZjf1qtoHmsQ,-15,badcase,电商卖货但核心是eBay经营，不适合咖啡机
4779,UCwLi1unPbXUvnzEXbtdh8uw,tallboyyyy,https://cn.noxinfluencer.com/youtube/channel/UCwLi1unPbXUvnzEXbtdh8uw,-13,badcase,车内容占主，只有泛电子弱相关
4781,UCwO4I8ynGR65ulLqOj93VwA,Uncivil Gamers,https://cn.noxinfluencer.com/youtube/channel/UCwO4I8ynGR65ulLqOj93VwA,-15,badcase,游戏娱乐频道，和家电投放不匹配
4782,UCwOgVPb_J7fFeqysg_MJWVQ,Engineering Knowledge Hub,https://cn.noxinfluencer.com/youtube/channel/UCwOgVPb_J7fFeqysg_MJWVQ,0,badcase,无标签无内容信号，相关性不足
4784,UCwPmA0uFrFqseKvaHdA0nNQ,CurrentProductReviews,https://cn.noxinfluencer.com/youtube/channel/UCwPmA0uFrFqseKvaHdA0nNQ,0,badcase,无标签标题，缺少可验证的产品相关信号
4785,UCwPnNh5bGEhUZh120YXWSdw,Food Processing Channel,https://cn.noxinfluencer.com/youtube/channel/UCwPnNh5bGEhUZh120YXWSdw,-10,badcase,偏食品工厂设备，和家用咖啡机投放不一致
4787,UCwS1nvv-2teEyHnngzVkZ2g,Michael B Steele Aviation,https://cn.noxinfluencer.com/youtube/channel/UCwS1nvv-2teEyHnngzVkZ2g,-15,badcase,航空旅行内容为主，和咖啡机受众不匹配
4788,UCwWVRR3CSD9eKhkr92D9wmQ,Angela Andruh,https://cn.noxinfluencer.com/youtube/channel/UCwWVRR3CSD9eKhkr92D9wmQ,0,badcase,无可用信号，无法判断为咖啡机相关
4789,UCwWfjOVLrSTxClp5x5mdOrg,Philly Jatt,https://cn.noxinfluencer.com/youtube/channel/UCwWfjOVLrSTxClp5x5mdOrg,0,badcase,无可用信号，相关性不足
4790,UCwWjpa8MtdLEGALsMlYdLew,Laureana Soares,https://cn.noxinfluencer.com/youtube/channel/UCwWjpa8MtdLEGALsMlYdLew,0,badcase,无可用信号，相关性不足
4791,UCwYLJluAXJvH2wJtQ6UgHwg,Spiritual Channel,https://cn.noxinfluencer.com/youtube/channel/UCwYLJluAXJvH2wJtQ6UgHwg,0,badcase,无可用信号，主题也不适合产品投放
4793,UCwZ-Hjk7H8yYhVYRIvCzIeQ,Jozi’s Page,https://cn.noxinfluencer.com/youtube/channel/UCwZ-Hjk7H8yYhVYRIvCzIeQ,-10,badcase,娱乐播客型频道，产品投放相关性低
4794,UCwe6_N8g-JkTEWeOqu89JZQ,manekiimochii,https://cn.noxinfluencer.com/youtube/channel/UCwe6_N8g-JkTEWeOqu89JZQ,-15,badcase,纯游戏频道，属于明显不相关
4796,UCwgZr_F8VmmiCJ4ziBgv0sw,Youtube Daze 🦁💋,https://cn.noxinfluencer.com/youtube/channel/UCwgZr_F8VmmiCJ4ziBgv0sw,0,badcase,美妆和情绪向内容为主，不适合咖啡机
4797,UCwgxo2WmMPspTZ-uYPdyvVA,A-Gifts,https://cn.noxinfluencer.com/youtube/channel/UCwgxo2WmMPspTZ-uYPdyvVA,0,badcase,无可用信号，相关性不足
4798,UCwi5n34OiTSRGHe0nnsQ14Q,JONY REVIEWS,https://cn.noxinfluencer.com/youtube/channel/UCwi5n34OiTSRGHe0nnsQ14Q,0,badcase,无标签标题，只有名称暗示评测，证据不足
4799,UCwj0BB4F83ZjuqYzQtMYQKw,LTPKMACHINERY,https://cn.noxinfluencer.com/youtube/channel/UCwj0BB4F83ZjuqYzQtMYQKw,0,badcase,无标签标题，机器类名称不足以支撑相关
4800,UCwkiRhcFSOM7281lFcIDapA,Life With Isabella Lanter,https://cn.noxinfluencer.com/youtube/channel/UCwkiRhcFSOM7281lFcIDapA,0,badcase,时尚vlog为主，和咖啡机投放不匹配
4801,UCwobFvwzoqOPMckXJelh5Rg,BrickVend,https://cn.noxinfluencer.com/youtube/channel/UCwobFvwzoqOPMckXJelh5Rg,-12,badcase,ASMR+玩具乐高频道，和咖啡机推广的主题与格式都不匹配
4803,UCwrgPsVeZ5C_Cnc6GmJ0_-A,catalyst news,https://cn.noxinfluencer.com/youtube/channel/UCwrgPsVeZ5C_Cnc6GmJ0_-A,-15,badcase,娱乐八卦/音乐频道，与咖啡机推广明显不符
4805,UCwvqdR7d1s6LDAbtleMKfSQ,Crown Volkswagen of Lawrence,https://cn.noxinfluencer.com/youtube/channel/UCwvqdR7d1s6LDAbtleMKfSQ,0,badcase,汽车经销商频道，和咖啡机推广缺少直接关联
4806,UCwwbGZqT6Pf8mXQvN7FxAxQ,Skyler,https://cn.noxinfluencer.com/youtube/channel/UCwwbGZqT6Pf8mXQvN7FxAxQ,0,badcase,美妆生活方式频道，缺少咖啡机相关证据
4807,UCwwq2pzp9g-uO-RkTcaG-Eg,Brittany Anne,https://cn.noxinfluencer.com/youtube/channel/UCwwq2pzp9g-uO-RkTcaG-Eg,0,badcase,无标签无内容证据，难判断为咖啡机合适创作者
4808,UCwxK2Bvlo-WiUx2GfGbSrZA,AKTOR,https://cn.noxinfluencer.com/youtube/channel/UCwxK2Bvlo-WiUx2GfGbSrZA,-12,badcase,娱乐演艺/电影内容，和咖啡机推广不匹配
4812,UCwz_W2Be_IYhff6pTdkZOpQ,Regan Brown,https://cn.noxinfluencer.com/youtube/channel/UCwz_W2Be_IYhff6pTdkZOpQ,0,badcase,个人vlog为主，与咖啡机推广关联很弱
4813,UCx-yx2LO1JAQg17x4aBUAwg,Techno Panda,https://cn.noxinfluencer.com/youtube/channel/UCx-yx2LO1JAQg17x4aBUAwg,0,badcase,科技硬件偏GPU新闻，和咖啡机推广不够贴合
4814,UCx1iyA_H16hYobIUSRXH8Dw,animal breeding funny video,https://cn.noxinfluencer.com/youtube/channel/UCx1iyA_H16hYobIUSRXH8Dw,-8,badcase,动物趣味短视频，和咖啡机推广场景不符
4816,UCx2NHP6rF57HeKaW9TieMXA,Plchomeschool,https://cn.noxinfluencer.com/youtube/channel/UCx2NHP6rF57HeKaW9TieMXA,0,badcase,家庭教育频道，缺少咖啡机产品语境
4817,UCx36Je6Y1_nD8uCvZgCc83Q,Alan Wan,https://cn.noxinfluencer.com/youtube/channel/UCx36Je6Y1_nD8uCvZgCc83Q,0,badcase,食物/娱乐混合频道，咖啡机相关性不强
4820,UCx5ERAjfcMwu9FCSIiw-eRA,Meow Meow,https://cn.noxinfluencer.com/youtube/channel/UCx5ERAjfcMwu9FCSIiw-eRA,0,badcase,美妆舞蹈生活频道，和咖啡机推广不匹配
4823,UCx7Q2JWLSxs_62BnswX1A7g,Florida Jon,https://cn.noxinfluencer.com/youtube/channel/UCx7Q2JWLSxs_62BnswX1A7g,0,badcase,无相关标签与内容，难判断为合适推广频道
4824,UCx7bP0WOik6tLCj_lI9nAGg,LearnSphere,https://cn.noxinfluencer.com/youtube/channel/UCx7bP0WOik6tLCj_lI9nAGg,0,badcase,无相关标签与内容，难判断为合适推广频道
4825,UCx88_UsoNbx6LbNAjW6tzRw,Cam Justice Hub,https://cn.noxinfluencer.com/youtube/channel/UCx88_UsoNbx6LbNAjW6tzRw,0,badcase,无相关标签与内容，难判断为合适推广频道
4827,UCxAyatrD82oc7tugEUcXctA,24Billions.com,https://cn.noxinfluencer.com/youtube/channel/UCxAyatrD82oc7tugEUcXctA,1,badcase,健身励志为主，和咖啡机推广承接弱
4829,UCxDkwDOxhHS-t3eTDvXEEog,UnStoPPablE FaTMaN,https://cn.noxinfluencer.com/youtube/channel/UCxDkwDOxhHS-t3eTDvXEEog,0,badcase,励志金融向，和咖啡机推广几乎无关
4830,UCxFIhce4qzkoi_AMdWSRG7Q,Cartoon Crush,https://cn.noxinfluencer.com/youtube/channel/UCxFIhce4qzkoi_AMdWSRG7Q,-15,badcase,儿童动画娱乐向，属于明显不适合的推广场景
4831,UCxFlp6n1GOVVX7u-EOiTvvg,WNGs,https://cn.noxinfluencer.com/youtube/channel/UCxFlp6n1GOVVX7u-EOiTvvg,0,badcase,无标签与内容信号，无法判断为咖啡机相关
4833,UCxG83ISSA3nl3M7Uvfc7tVw,Mrs. Coffee,https://cn.noxinfluencer.com/youtube/channel/UCxG83ISSA3nl3M7Uvfc7tVw,0,badcase,游戏直播为主，和咖啡机推广关联弱
4834,UCxJJSPYiTFBCnX6BTzJkrVw,Jay,https://cn.noxinfluencer.com/youtube/channel/UCxJJSPYiTFBCnX6BTzJkrVw,0,badcase,缺少任何主题标签，相关性不足
4835,UCxJj06jOiFtEQnBeqIszMbA,Serein Wu Beauty,https://cn.noxinfluencer.com/youtube/channel/UCxJj06jOiFtEQnBeqIszMbA,2,badcase,美妆主导，虽有食谱词但咖啡机承接仍弱
4837,UCxLmzK3vIaGrP1OFEh4pwaw,AFRICAN DIASPORA TRANSITION,https://cn.noxinfluencer.com/youtube/channel/UCxLmzK3vIaGrP1OFEh4pwaw,0,badcase,政治社群内容为主，与咖啡机无关
4838,UCxMT5aIckJkrtZa-k_brQ_A,Lotta,https://cn.noxinfluencer.com/youtube/channel/UCxMT5aIckJkrtZa-k_brQ_A,0,badcase,缺少标签和内容信号
4839,UCxOwb3uyHu-YDXDXv5_axtg,Smart Tech Haven,https://cn.noxinfluencer.com/youtube/channel/UCxOwb3uyHu-YDXDXv5_axtg,0,badcase,无标签信号，无法支撑咖啡机推广
4840,UCxS0KMeoJwaKd1Jq9sy5XKQ,KrissieDeathy,https://cn.noxinfluencer.com/youtube/channel/UCxS0KMeoJwaKd1Jq9sy5XKQ,-15,badcase,游戏动画为主，和家电推广场景不适配
4841,UCxSYr4yhrwjf8j0koeKkXhA,AI & Tech Pro,https://cn.noxinfluencer.com/youtube/channel/UCxSYr4yhrwjf8j0koeKkXhA,0,badcase,缺少标签信号，相关性不足
4843,UCxW7AHI4vRaK-aNBJ_XAB3w,Gatsall,https://cn.noxinfluencer.com/youtube/channel/UCxW7AHI4vRaK-aNBJ_XAB3w,0,badcase,缺少标签和内容信号
4847,UCxWOjHNDmtSa-Eslo32ZFUA,Visual IQ Lab,https://cn.noxinfluencer.com/youtube/channel/UCxWOjHNDmtSa-Eslo32ZFUA,0,badcase,无标签与内容信号
4848,UCxXJWZIrmUe34Pg6sebzkUQ,Hive Park,https://cn.noxinfluencer.com/youtube/channel/UCxXJWZIrmUe34Pg6sebzkUQ,0,badcase,无标签与内容信号
4849,UCxXcyU2Cs5OGZebX2PqqrzA,TheUnfrumpyMommyLife,https://cn.noxinfluencer.com/youtube/channel/UCxXcyU2Cs5OGZebX2PqqrzA,0,badcase,家庭生活向但缺少厨房相关标签
4850,UCxXeKleRisCVccosoM7UFag,Royal Caribbean Cruise Chronicles,https://cn.noxinfluencer.com/youtube/channel/UCxXeKleRisCVccosoM7UFag,0,badcase,旅行邮轮内容，与咖啡机推广不相关
4851,UCx_kZNNPNDKIouL-ydOYulg,r50r,https://cn.noxinfluencer.com/youtube/channel/UCx_kZNNPNDKIouL-ydOYulg,-15,badcase,游戏内容为主，和咖啡机推广明显不符
4852,UCxaZ0oJZJlRQ8wQihzwzsWg,Tina Unboxing Toys,https://cn.noxinfluencer.com/youtube/channel/UCxaZ0oJZJlRQ8wQihzwzsWg,-15,badcase,玩具开箱为主，咖啡机推广不适配
4853,UCxdCeHBUOlcCWr6RM8acEog,Winston Moy,https://cn.noxinfluencer.com/youtube/channel/UCxdCeHBUOlcCWr6RM8acEog,0,badcase,工坊/CNC内容，缺少咖啡机消费场景
4854,UCxdJqUmP5ftLBosnsd_5dbw,Mastergame5x,https://cn.noxinfluencer.com/youtube/channel/UCxdJqUmP5ftLBosnsd_5dbw,0,badcase,无标签和内容证据，无法判断相关性
4855,UCxdQfbwFypE-UShe0_p15xw,Luci Baby,https://cn.noxinfluencer.com/youtube/channel/UCxdQfbwFypE-UShe0_p15xw,-15,badcase,儿童教育频道，和咖啡机受众不匹配
4856,UCxdbT68crID4cy_oD8ff0ZA,Aieve Home,https://cn.noxinfluencer.com/youtube/channel/UCxdbT68crID4cy_oD8ff0ZA,0,badcase,无标签证据，相关性无法确认
4857,UCxe6XFBFkSt67tlx9gj5mdw,T.M.GRACHIKOVICH,https://cn.noxinfluencer.com/youtube/channel/UCxe6XFBFkSt67tlx9gj5mdw,0,badcase,无标签证据，相关性无法确认
4858,UCxf8cQcPx_0vssQ-KYpmt5w,Crescent Isle,https://cn.noxinfluencer.com/youtube/channel/UCxf8cQcPx_0vssQ-KYpmt5w,-15,badcase,游戏频道，和咖啡机推广不符
4860,UCxfhmdYOZKhytWBDmOGJ38g,Brutal Reviews,https://cn.noxinfluencer.com/youtube/channel/UCxfhmdYOZKhytWBDmOGJ38g,0,badcase,无标签证据，内容方向不明
4862,UCxl_r-iP8mrfJ1bgqr7jzAw,The Trey King Show,https://cn.noxinfluencer.com/youtube/channel/UCxl_r-iP8mrfJ1bgqr7jzAw,0,badcase,娱乐访谈为主，咖啡机推广不匹配
4863,UCxmtynP5qEldD5f-ErCbaTA,digimore24,https://cn.noxinfluencer.com/youtube/channel/UCxmtynP5qEldD5f-ErCbaTA,0,badcase,无标签证据，相关性无法确认
4865,UCxnjiYKuAlwQW1snmOT30pA,Raytech7,https://cn.noxinfluencer.com/youtube/channel/UCxnjiYKuAlwQW1snmOT30pA,0,badcase,科技内容偏泛，缺少咖啡机购买信号
4866,UCxppz31K2YVWlaHTA077c7Q,Digital Products Review,https://cn.noxinfluencer.com/youtube/channel/UCxppz31K2YVWlaHTA077c7Q,0,badcase,无标签证据，相关性无法确认
4867,UCxqDR-kvbhyjK9ZPPtYxevA,Anthony S. Ferraro,https://cn.noxinfluencer.com/youtube/channel/UCxqDR-kvbhyjK9ZPPtYxevA,0,badcase,受众与咖啡机推广场景不匹配
4868,UCxqhGYDufMx9pzmn7bES5uQ,Top Practical Picks,https://cn.noxinfluencer.com/youtube/channel/UCxqhGYDufMx9pzmn7bES5uQ,0,badcase,无标签证据，相关性无法确认
4869,UCxtvVy4ddQ6mfa4Fm-p7Skw,Teeth,https://cn.noxinfluencer.com/youtube/channel/UCxtvVy4ddQ6mfa4Fm-p7Skw,-15,badcase,游戏/meme内容，和咖啡机推广不符
4871,UCxuVUhzfxQfxKj_UABig85Q,Rational Commerce,https://cn.noxinfluencer.com/youtube/channel/UCxuVUhzfxQfxKj_UABig85Q,0,badcase,标签过泛，缺少咖啡机相关信号
4872,UCxv2usMJFL_nmWdB5Yrxcjg,Abbi Thurber,https://cn.noxinfluencer.com/youtube/channel/UCxv2usMJFL_nmWdB5Yrxcjg,0,badcase,无标签证据，相关性无法确认
4873,UCxyLPDg7mWwnvn6aOX6DjYQ,Benjamin Ramsey,https://cn.noxinfluencer.com/youtube/channel/UCxyLPDg7mWwnvn6aOX6DjYQ,0,badcase,旅行新闻向，咖啡机推广场景较弱
4874,UCxyl6nEXVA7gn1H3Ho-PzSw,Top Generator,https://cn.noxinfluencer.com/youtube/channel/UCxyl6nEXVA7gn1H3Ho-PzSw,0,badcase,娱乐/猎金内容，和咖啡机推广不符
4875,UCxzxNSfyKJLI7Xbde7Y6OZA,Real User Reviews,https://cn.noxinfluencer.com/youtube/channel/UCxzxNSfyKJLI7Xbde7Y6OZA,0,badcase,无标签证据，相关性无法确认
4876,UCy-ms9wg49AfpfZ4UvhUX-A,Emily Jackson,https://cn.noxinfluencer.com/youtube/channel/UCy-ms9wg49AfpfZ4UvhUX-A,0,badcase,无标签和内容信号，无法判断与咖啡机推广相关
4877,UCy2imQCNYqxttL8e0c8JLug,Bruhn_Doe,https://cn.noxinfluencer.com/youtube/channel/UCy2imQCNYqxttL8e0c8JLug,-15,badcase,以paintball为主，和咖啡机推广场景明显不符
4880,UCy4x55mwh5hlNkX6ND9CBdg,OUR DREAMS,https://cn.noxinfluencer.com/youtube/channel/UCy4x55mwh5hlNkX6ND9CBdg,0,badcase,无标签和内容信号，无法判断与咖啡机推广相关
4882,UCy7yFCYJGZeFctd6_jOifJg,Sky Clay,https://cn.noxinfluencer.com/youtube/channel/UCy7yFCYJGZeFctd6_jOifJg,-15,badcase,娱乐玩具向频道，和咖啡机产品推广不匹配
4883,UCy9vQ7b9Y13w9zuRWigfqng,Magick Academy,https://cn.noxinfluencer.com/youtube/channel/UCy9vQ7b9Y13w9zuRWigfqng,-5,badcase,宗教符号与咖啡机推广关联弱，主题偏离明显
4884,UCyEwLY6dLvT9z5_-l1WpTSw,Akhtar Akhtar,https://cn.noxinfluencer.com/youtube/channel/UCyEwLY6dLvT9z5_-l1WpTSw,0,badcase,无标签和内容信号，无法判断与咖啡机推广相关
4886,UCyHljD6IC0p_X42cCZogk7Q,Tiffany Ann,https://cn.noxinfluencer.com/youtube/channel/UCyHljD6IC0p_X42cCZogk7Q,0,badcase,无标签和内容信号，无法判断与咖啡机推广相关
4887,UCyIsHv_wbRWBu3wNNmmsNBg,Bonyo Bonev,https://cn.noxinfluencer.com/youtube/channel/UCyIsHv_wbRWBu3wNNmmsNBg,0,badcase,无标签和内容信号，无法判断与咖啡机推广相关
4888,UCyK4X5oXzSvKRuQH7_0OB3g,Laura's Last Ditch Vintage Kitchenwares,https://cn.noxinfluencer.com/youtube/channel/UCyK4X5oXzSvKRuQH7_0OB3g,0,badcase,名称像厨房用品，但无标签和内容支撑，证据不足
4889,UCyN9Bgo0tZoT4_ANF6V7ngQ,Business Sprint,https://cn.noxinfluencer.com/youtube/channel/UCyN9Bgo0tZoT4_ANF6V7ngQ,0,badcase,无标签和内容信号，无法判断与咖啡机推广相关
4890,UCyRk08l7CdQsVmQX3fhW_iQ,LOOK,https://cn.noxinfluencer.com/youtube/channel/UCyRk08l7CdQsVmQX3fhW_iQ,0,badcase,无标签和内容信号，无法判断与咖啡机推广相关
4892,UCyTbKoVhLbydYuIFAFw5rdw,The Adventures of Karen,https://cn.noxinfluencer.com/youtube/channel/UCyTbKoVhLbydYuIFAFw5rdw,1,badcase,生活美食向，只有弱食品场景，咖啡机关联不足
4893,UCyWiWsGe4D_ZKivHdTOsLIw,AI to brands-Your generative AI expert,https://cn.noxinfluencer.com/youtube/channel/UCyWiWsGe4D_ZKivHdTOsLIw,0,badcase,无标签和内容信号，无法判断与咖啡机推广相关
4894,UCyXIFu_U_h-3LCfRN26adIg,James Hicks,https://cn.noxinfluencer.com/youtube/channel/UCyXIFu_U_h-3LCfRN26adIg,0,badcase,商业播客为主，缺少厨房电器或购买场景信号
4895,UCyXWYhbJomJcTUg98MR5PFA,Little Tritans - Kids Songs and Nursery Rhymes,https://cn.noxinfluencer.com/youtube/channel/UCyXWYhbJomJcTUg98MR5PFA,-15,badcase,儿童儿歌频道，受众和咖啡机推广完全不匹配
4896,UCyXbWcDuAkBNl5c5UdIWoOg,Narbeedeals,https://cn.noxinfluencer.com/youtube/channel/UCyXbWcDuAkBNl5c5UdIWoOg,0,badcase,无标签和内容信号，无法判断与咖啡机推广相关
4897,UCyY9tTl4EBfaKEg17B4Clmg,Rural Travel Stories,https://cn.noxinfluencer.com/youtube/channel/UCyY9tTl4EBfaKEg17B4Clmg,0,badcase,无标签和内容信号，无法判断与咖啡机推广相关
4898,UCyYGbBvicdjDvNEehOMEy4A,阿淇博士 Dr. Achi,https://cn.noxinfluencer.com/youtube/channel/UCyYGbBvicdjDvNEehOMEy4A,2,badcase,旅行生活为主，仅有弱食品健康信号，咖啡机关联弱
4899,UCyYLrqWj3wxXp8PQxa8oWKQ,Trending Kitchen Pro,https://cn.noxinfluencer.com/youtube/channel/UCyYLrqWj3wxXp8PQxa8oWKQ,-10,badcase,新闻短视频向，缺少咖啡机购买或评测意图
4900,UCyZIo7aNs6dLw1-c3cdY8Sw,Trusty Picks,https://cn.noxinfluencer.com/youtube/channel/UCyZIo7aNs6dLw1-c3cdY8Sw,0,badcase,无标签和内容信号，无法判断与咖啡机推广相关
4901,UCy_BAtLKQqGAkpJhObtKR5Q,ActivWall,https://cn.noxinfluencer.com/youtube/channel/UCy_BAtLKQqGAkpJhObtKR5Q,0,badcase,无标签无内容证据，和咖啡机推广无关
4904,UCyb_u_iDj6KKmVbjLfrPk7w,The WorldWide Machinist,https://cn.noxinfluencer.com/youtube/channel/UCyb_u_iDj6KKmVbjLfrPk7w,0,badcase,工业制造垂类，和咖啡机消费推广不匹配
4905,UCybcIbwymuqybtM_4iNrTIQ,AutoSledge,https://cn.noxinfluencer.com/youtube/channel/UCybcIbwymuqybtM_4iNrTIQ,0,badcase,汽车垂类，和咖啡机推广无关
4906,UCybcsYm0GzjLzwoqBD8BQpw,Tyto,https://cn.noxinfluencer.com/youtube/channel/UCybcsYm0GzjLzwoqBD8BQpw,-15,badcase,娱乐打斗向，格式与咖啡机推广明显不符
4908,UCyeHkS0onvWL0TV9yt9yf0A,Shopper Hill Reviews,https://cn.noxinfluencer.com/youtube/channel/UCyeHkS0onvWL0TV9yt9yf0A,0,badcase,无标签无内容证据，无法判断为合适推广位
4909,UCyeSmmp2GazWJtflNlKVPDQ,traceacolyte-3D,https://cn.noxinfluencer.com/youtube/channel/UCyeSmmp2GazWJtflNlKVPDQ,0,badcase,3D动画/艺术向，和家电推广无关
4910,UCyecoTkdnvleH-NIgFYIQ0w,Damian Reloaded,https://cn.noxinfluencer.com/youtube/channel/UCyecoTkdnvleH-NIgFYIQ0w,0,badcase,缺少可用标签与内容证据
4911,UCyg33r8GHyoBwu4ZT_I_AVw,Hoplon InfoSec,https://cn.noxinfluencer.com/youtube/channel/UCyg33r8GHyoBwu4ZT_I_AVw,0,badcase,信息安全垂类，与咖啡机无关
4912,UCygkzPpueoIJQsLUnGEqFdA,Kirby Allison,https://cn.noxinfluencer.com/youtube/channel/UCygkzPpueoIJQsLUnGEqFdA,0,badcase,时尚男装垂类，与咖啡机推广不匹配
4913,UCyht4P0KLyICaCL5Xr2fnKg,Puku TV,https://cn.noxinfluencer.com/youtube/channel/UCyht4P0KLyICaCL5Xr2fnKg,2,badcase,仅有食物/生活方式泛标签，缺少咖啡机证据
4914,UCyiMb4vFJtWUDV-4ZW9kV0A,Mills “Mills”,https://cn.noxinfluencer.com/youtube/channel/UCyiMb4vFJtWUDV-4ZW9kV0A,0,badcase,无标签无内容证据
4915,UCyjR3p64vJ6gy8-UIiQyaug,Life with Lily,https://cn.noxinfluencer.com/youtube/channel/UCyjR3p64vJ6gy8-UIiQyaug,0,badcase,无标签无内容证据
4917,UCykM24MtxQcFc7XebbdxzzQ,Mark Brockman,https://cn.noxinfluencer.com/youtube/channel/UCykM24MtxQcFc7XebbdxzzQ,0,badcase,无标签无内容证据
4919,UCykza6U2_OH4VpvWKjymdaA,TRIUMPHLASER,https://cn.noxinfluencer.com/youtube/channel/UCykza6U2_OH4VpvWKjymdaA,5,badcase,机器设备向，但受众与咖啡机不够一致
4920,UCymAqJmsJvAhUupRs7RzCsw,daddycool,https://cn.noxinfluencer.com/youtube/channel/UCymAqJmsJvAhUupRs7RzCsw,-15,badcase,ASMR型内容，属于明显推广格式不匹配
4921,UCymMH-qpXmKL74YwxsfaPdg,CakePopClara,https://cn.noxinfluencer.com/youtube/channel/UCymMH-qpXmKL74YwxsfaPdg,0,badcase,时尚美妆垂类，与咖啡机推广无关
4924,UCyu7G4yzbBurC1oeKPqcQmg,Amandha Tutoreales44,https://cn.noxinfluencer.com/youtube/channel/UCyu7G4yzbBurC1oeKPqcQmg,2,badcase,仅有泛生活/食物标签，咖啡机相关性弱
4925,UCyupaTaSv38Yr_zga_4ZOsA,PickNProof,https://cn.noxinfluencer.com/youtube/channel/UCyupaTaSv38Yr_zga_4ZOsA,0,badcase,无标签无内容证据
4926,UCywtxl41LbTjk7vU5ovX_lQ,Done With Humans,https://cn.noxinfluencer.com/youtube/channel/UCywtxl41LbTjk7vU5ovX_lQ,0,badcase,无标签与内容证据，无法判断与咖啡机推广相关
4927,UCyzAjaUa79dPJWafs7_8N2g,Benisa’s Cafe Podcast,https://cn.noxinfluencer.com/youtube/channel/UCyzAjaUa79dPJWafs7_8N2g,0,badcase,仅名称含Cafe，无标签和测评/购买场景证据
4928,UCyzMcpQkq1umDTBbLPtFxhg,Rev. Elaine At Studio 7,https://cn.noxinfluencer.com/youtube/channel/UCyzMcpQkq1umDTBbLPtFxhg,-15,badcase,音乐娱乐频道，和咖啡机推广场景不符
4930,UCz0OdvEezW8_fNhEUoKpxXA,Random Order Show™,https://cn.noxinfluencer.com/youtube/channel/UCz0OdvEezW8_fNhEUoKpxXA,-15,badcase,脱口秀喜剧娱乐，属于明显不适配场景
4932,UCz3OasV2gmKt7HGKkf8LU3Q,Dame Reviews,https://cn.noxinfluencer.com/youtube/channel/UCz3OasV2gmKt7HGKkf8LU3Q,0,badcase,无标签，证据不足
4933,UCz3yYin2fPxe2WFKSXNQitA,Café Soñé,https://cn.noxinfluencer.com/youtube/channel/UCz3yYin2fPxe2WFKSXNQitA,0,badcase,仅名称像咖啡馆，缺少咖啡机推广证据
4935,UCz4dQMXZgrh8e5Cgt9wdAew,Quinn Mullen,https://cn.noxinfluencer.com/youtube/channel/UCz4dQMXZgrh8e5Cgt9wdAew,0,badcase,无标签，证据不足
4936,UCz6C_V6Jk2mtNBcPE5DFIew,Side Hustle Culture,https://cn.noxinfluencer.com/youtube/channel/UCz6C_V6Jk2mtNBcPE5DFIew,0,badcase,商业/NFT短内容，和咖啡机推广无关
4937,UCz6nDSqsSzTHBVXNCX-KnBw,ella rae ৎ,https://cn.noxinfluencer.com/youtube/channel/UCz6nDSqsSzTHBVXNCX-KnBw,-15,badcase,娱乐舞蹈短视频，缺少产品推广场景
4939,UCz7AQSofg3GwaSb_nmarECg,Ali Accessories,https://cn.noxinfluencer.com/youtube/channel/UCz7AQSofg3GwaSb_nmarECg,0,badcase,无标签，缺少相关内容证据
4940,UCzAb8vbeGwotAScG3HNsSwA,Maple Kuroko,https://cn.noxinfluencer.com/youtube/channel/UCzAb8vbeGwotAScG3HNsSwA,-15,badcase,游戏VTuber频道，和咖啡机推广不匹配
4941,UCzAhuIdbZx4sVSQzumq7gKg,beth frank @farbav,https://cn.noxinfluencer.com/youtube/channel/UCzAhuIdbZx4sVSQzumq7gKg,-15,badcase,宠物狗主题，属于人用咖啡机的排斥域
4942,UCzAsugFMifN8AHeFzvwZ0jg,Toy Playset,https://cn.noxinfluencer.com/youtube/channel/UCzAsugFMifN8AHeFzvwZ0jg,-15,badcase,玩具开箱频道，和咖啡机推广不匹配
4944,UCzBe4mSTtuih0B1RBUitAFA,All about Embroidery,https://cn.noxinfluencer.com/youtube/channel/UCzBe4mSTtuih0B1RBUitAFA,0,badcase,刺绣手工频道，与咖啡机推广无关
4945,UCzCn68c4iBOTfPX9wW5q9_w,Finite Banjo,https://cn.noxinfluencer.com/youtube/channel/UCzCn68c4iBOTfPX9wW5q9_w,0,badcase,音乐乐器频道，与咖啡机推广无关
4946,UCzIiPhRa3QUvMVS2pP1rj2g,AIMotion by TQ,https://cn.noxinfluencer.com/youtube/channel/UCzIiPhRa3QUvMVS2pP1rj2g,0,badcase,AI/动效类频道，缺少咖啡机相关受众
4947,UCzJFyNryVgytgRteUdnwHqQ,Family Time,https://cn.noxinfluencer.com/youtube/channel/UCzJFyNryVgytgRteUdnwHqQ,0,badcase,家庭儿童玩具向，咖啡机推广不够匹配
4948,UCzLXO-ZSi-JtCR7LKedoqZQ,English Duo,https://cn.noxinfluencer.com/youtube/channel/UCzLXO-ZSi-JtCR7LKedoqZQ,0,badcase,双语频道无标签，缺少相关证据
4949,UCzLbdV1VO5X62AmQqnIthAQ,Amazingfacts,https://cn.noxinfluencer.com/youtube/channel/UCzLbdV1VO5X62AmQqnIthAQ,0,badcase,事实短视频/故事向，缺少产品推广场景
4951,UCzMaEHjKpfepkqGASi_cZ8g,BrandsWalk,https://cn.noxinfluencer.com/youtube/channel/UCzMaEHjKpfepkqGASi_cZ8g,2,badcase,科技生活号，只有极弱泛化受众，不足以支撑咖啡机种草
4952,UCzNga-FFRPCg60Nc7H3TR1Q,Abby Berner,https://cn.noxinfluencer.com/youtube/channel/UCzNga-FFRPCg60Nc7H3TR1Q,-15,badcase,娱乐短视频号，和咖啡机推广场景明显不匹配
4953,UCzOpgXwa2VobXyee7B2htGg,Elie Magic,https://cn.noxinfluencer.com/youtube/channel/UCzOpgXwa2VobXyee7B2htGg,-15,badcase,娱乐魔术搞笑号，产品种草相关性很低
4955,UCzPfCt2PB1MNP5fzLZz_OYQ,Blair Dalar khodagholian,https://cn.noxinfluencer.com/youtube/channel/UCzPfCt2PB1MNP5fzLZz_OYQ,0,badcase,时尚穿搭号，缺少家电/测评/购买导向
4956,UCzRRouU8zgLbqja_GS39CjA,STARLING BUICK GMC STUART,https://cn.noxinfluencer.com/youtube/channel/UCzRRouU8zgLbqja_GS39CjA,0,badcase,无标签信号，无法判断为咖啡机相关频道
4957,UCzSxiED06Ll120gJtJMqeRA,NextGen Spark,https://cn.noxinfluencer.com/youtube/channel/UCzSxiED06Ll120gJtJMqeRA,0,badcase,无标签信号，无法判断为咖啡机相关频道
4959,UCzTtg2SeUHbuRZGc2W9OtUQ,Santhiya Sathyanarayanan,https://cn.noxinfluencer.com/youtube/channel/UCzTtg2SeUHbuRZGc2W9OtUQ,0,badcase,无标签信号，缺少可用相关性依据
4960,UCzU68_liU17Q8U0jjHt6_Ig,PIKSPOTT,https://cn.noxinfluencer.com/youtube/channel/UCzU68_liU17Q8U0jjHt6_Ig,0,badcase,无标签信号，缺少可用相关性依据
4962,UCzWPHs0aV8pFfkKkMz5kVZQ,Wow Navyata INDIA USA Telugu Vlogs,https://cn.noxinfluencer.com/youtube/channel/UCzWPHs0aV8pFfkKkMz5kVZQ,0,badcase,无标签信号，缺少可用相关性依据
4963,UCzX8BaDLzuumeZCSfqaQnwQ,Tech Gear,https://cn.noxinfluencer.com/youtube/channel/UCzX8BaDLzuumeZCSfqaQnwQ,1,badcase,偏自行车/交通工具内容，和咖啡机关联很弱
4964,UCzZh5Y7huuIKrj_kzM6TLjw,DeRage,https://cn.noxinfluencer.com/youtube/channel/UCzZh5Y7huuIKrj_kzM6TLjw,-14,badcase,游戏内容为主，和家电推广基本无关
4965,UCz_DuAtrBCc1NdhCR-zHByA,Angela fandom,https://cn.noxinfluencer.com/youtube/channel/UCz_DuAtrBCc1NdhCR-zHByA,0,badcase,无标签信号，缺少可用相关性依据
4966,UCzawKJKBm5cY9-Sk-zPSziA,Residential Aesthetics,https://cn.noxinfluencer.com/youtube/channel/UCzawKJKBm5cY9-Sk-zPSziA,0,badcase,无标签信号，缺少可用相关性依据
4967,UCzcaV986l0A1BYnr1SHjqvw,Alpha My Luv,https://cn.noxinfluencer.com/youtube/channel/UCzcaV986l0A1BYnr1SHjqvw,0,badcase,无标签信号，缺少可用相关性依据
4968,UCzcyql_MK-mABk4eZxRJCrg,aleedays,https://cn.noxinfluencer.com/youtube/channel/UCzcyql_MK-mABk4eZxRJCrg,-13,badcase,ASMR午餐便当号，属于明显音频沉浸型不匹配
4971,UCzh8RUtQbFLlOkM-ZKVX-5g,Tomar Thomas,https://cn.noxinfluencer.com/youtube/channel/UCzh8RUtQbFLlOkM-ZKVX-5g,1,badcase,泛生活穿搭vlog，缺少家电测评和购买导向
4972,UCzjw4SriSDk-Rj9HDP8b98g,KRT LYFE,https://cn.noxinfluencer.com/youtube/channel/UCzjw4SriSDk-Rj9HDP8b98g,2,badcase,偏出行/户外场景，咖啡机相关性不足
4973,UCzm_skdphUSCqp9XrC5Xj5A,IKnowGadgets,https://cn.noxinfluencer.com/youtube/channel/UCzm_skdphUSCqp9XrC5Xj5A,0,badcase,无标签信号，无法确认 gadgets 相关内容
4974,UCznRyLyXK9QWHs05PK2MGBQ,USA Swimming,https://cn.noxinfluencer.com/youtube/channel/UCznRyLyXK9QWHs05PK2MGBQ,0,badcase,游泳体育号，和咖啡机推广缺少场景重叠
4975,UCznXQY6_I3XHv3Q8y7xs90w,Clautie News,https://cn.noxinfluencer.com/youtube/channel/UCznXQY6_I3XHv3Q8y7xs90w,-15,badcase,新闻政治号，内容主题与产品推广不匹配
4976,UCzoIh9Tp8er5SyHy1-C9I5w,Sourcing Scout,https://cn.noxinfluencer.com/youtube/channel/UCzoIh9Tp8er5SyHy1-C9I5w,0,badcase,无标签无相关视频，缺少咖啡机推广相关信号
4977,UCzpnLvYFv8aZfA9xu_5jp6A,FOLLOW YOURSELF # Indian mommy channel,https://cn.noxinfluencer.com/youtube/channel/UCzpnLvYFv8aZfA9xu_5jp6A,0,badcase,无咖啡机推广相关信号，母婴频道主域不匹配
4979,UCzrx2xv3BXgPNZKWBp7VzqA,Đồ tự chế sáng tạo,https://cn.noxinfluencer.com/youtube/channel/UCzrx2xv3BXgPNZKWBp7VzqA,0,badcase,DIY手作频道，无咖啡机评测/购买/使用语境，推广相关性很弱
4981,UCztouNoPPi8MKvbfSGx1StA,Hiking with Katie,https://cn.noxinfluencer.com/youtube/channel/UCztouNoPPi8MKvbfSGx1StA,0,badcase,户外旅行向，缺少咖啡机购买或评测语境
4982,UCzv3ddQpgKnV2lBkHhhxcXw,Reviews That Actually Work,https://cn.noxinfluencer.com/youtube/channel/UCzv3ddQpgKnV2lBkHhhxcXw,0,badcase,缺少咖啡机相关标签和内容证据，无法判断为促销适配频道
4983,UCzvUpKP3KVEPX5Th0s3dTuQ,Mike Johnson,https://cn.noxinfluencer.com/youtube/channel/UCzvUpKP3KVEPX5Th0s3dTuQ,-10,badcase,频道偏娱乐音乐，缺少咖啡机购买/评测意图，推广场景不匹配
4984,UCzvUrvlZvHK5pxW6FLMH8uA,SQ4D,https://cn.noxinfluencer.com/youtube/channel/UCzvUrvlZvHK5pxW6FLMH8uA,2,badcase,3D打印科技频道，与咖啡机推广场景仅弱相关，缺少购买或测评意图
4985,UCzyk28OpgNL9dlF9Gcajnjg,My little Closet,https://cn.noxinfluencer.com/youtube/channel/UCzyk28OpgNL9dlF9Gcajnjg,-15,badcase,ASMR玩具开箱，格式和受众都不适合咖啡机推广
