rank,channel_id,channel_name,channel_url,score,suggested_label,why_short
3,UC9HMNn0WUUdfx5mJ7eVx_-Q,Smart Agricultural Equipment,https://cn.noxinfluencer.com/youtube/channel/UC9HMNn0WUUdfx5mJ7eVx_-Q,2,badcase,仅泛化车辆/生活标签，缺少割草机相关性
5,UCw9UnS-amGQga3rhvzGqcYA,Super Krew,https://cn.noxinfluencer.com/youtube/channel/UCw9UnS-amGQga3rhvzGqcYA,5,badcase,儿童/玩耍频道，虽有 lawn mower 但偏玩具或情景内容
9,UC3EnCMGIwSqLUSlaYILlgxQ,Schneider & Son,https://cn.noxinfluencer.com/youtube/channel/UC3EnCMGIwSqLUSlaYILlgxQ,0,badcase,无标签，无相关证据
13,UCU3gQGhk0lYK-fKOR0sopgg,CarsandCameras,https://cn.noxinfluencer.com/youtube/channel/UCU3gQGhk0lYK-fKOR0sopgg,4,badcase,汽车/卡丁内容为主，只有泛车辆关联
15,UCNOQRHCgNudYBNGKt9l7juQ,C & C Outdoor Power Equipment,https://cn.noxinfluencer.com/youtube/channel/UCNOQRHCgNudYBNGKt9l7juQ,0,badcase,无标签，无法判断为相关推广频道
20,UCi71_6BH_4IknooDc5BpRWA,Best Lawn Mowers,https://cn.noxinfluencer.com/youtube/channel/UCi71_6BH_4IknooDc5BpRWA,-10,badcase,体育/娱乐标签主导，与割草机推广不符
23,UCyCVQsbOMQpk0S-Kqx92LXw,Boonslick Equipment,https://cn.noxinfluencer.com/youtube/channel/UCyCVQsbOMQpk0S-Kqx92LXw,2,badcase,只有泛设备/车辆标签，相关性很弱
25,UCRYTHQdVVOy3EI_KBezw29A,Vintage Moments,https://cn.noxinfluencer.com/youtube/channel/UCRYTHQdVVOy3EI_KBezw29A,-5,badcase,娱乐/商业广告内容为主，不适合产品推广
26,UC-J9tlS17r5mLQ4aYiojV3Q,Lazy Grandpa's Garage,https://cn.noxinfluencer.com/youtube/channel/UC-J9tlS17r5mLQ4aYiojV3Q,0,badcase,无标签和内容证据，无法判断与 lawn mower 相关
31,UCso4Ur7dreUJh8ehPqO4LJw,Steve Jessup,https://cn.noxinfluencer.com/youtube/channel/UCso4Ur7dreUJh8ehPqO4LJw,8,badcase,虽有 mower 标签，但主体是喜剧/节目，投放不合适
34,UCpH76SieU--EG2A11wxcq7g,He. Andrew,https://cn.noxinfluencer.com/youtube/channel/UCpH76SieU--EG2A11wxcq7g,-10,badcase,娱乐型频道，缺少产品推广上下文
51,UCFvj_I4oLmGjfkZmp5UNY7A,Air Ratchet Garage,https://cn.noxinfluencer.com/youtube/channel/UCFvj_I4oLmGjfkZmp5UNY7A,0,badcase,无标签且无 lawn mower 相关信号
54,UCUp9imM6sZqkgZw58hsQIZQ,Average Maintenance,https://cn.noxinfluencer.com/youtube/channel/UCUp9imM6sZqkgZw58hsQIZQ,0,badcase,仅有通用生活/科技标签，和 lawn mower 无关
56,UC3CNQ02Jx_XV5HQF_gk4jcw,How To DIY Moore,https://cn.noxinfluencer.com/youtube/channel/UC3CNQ02Jx_XV5HQF_gk4jcw,1,badcase,仅有泛化 DIY 线索，推广相关性弱
58,UC0GvBGrlsZtIVaI-mUGsh9Q,Wrenches & Rides,https://cn.noxinfluencer.com/youtube/channel/UC0GvBGrlsZtIVaI-mUGsh9Q,1,badcase,只有 outdoor power 这类弱线索，相关性不足
66,UCvG-mX0rWIsKOQ_e6AvhCeA,Mow It Wells,https://cn.noxinfluencer.com/youtube/channel/UCvG-mX0rWIsKOQ_e6AvhCeA,5,badcase,ASMR/oddlysatisfying 为强格式不匹配
68,UCXwb1CndQynbqMdz8haeE_w,That Dad Mike,https://cn.noxinfluencer.com/youtube/channel/UCXwb1CndQynbqMdz8haeE_w,2,badcase,泛生活 DIY 频道，缺少草坪机购买/使用语境
69,UCH5_GxLN3mv0GmXZOoCllNg,BTECK,https://cn.noxinfluencer.com/youtube/channel/UCH5_GxLN3mv0GmXZOoCllNg,0,badcase,无标签，无法判断与 lawn mower 相关性
70,UC5WEDSpOj5kotV7a7PJ1iMQ,Geo Programmer,https://cn.noxinfluencer.com/youtube/channel/UC5WEDSpOj5kotV7a7PJ1iMQ,0,badcase,编程/科普向，和 lawn mower 基本无关
71,UCrFbpwEEYsRZDli-AEfCWFw,Square2448,https://cn.noxinfluencer.com/youtube/channel/UCrFbpwEEYsRZDli-AEfCWFw,5,badcase,游戏模拟内容，真实 lawn mower 推广不合适
72,UCWU6gCZsOnmOP_ypWd_KNYA,D.R.C. Productions,https://cn.noxinfluencer.com/youtube/channel/UCWU6gCZsOnmOP_ypWd_KNYA,0,badcase,无标签，缺少任何相关场景信号
77,UCXqgb_iVJtmE73ycq43ZZwA,Kid Crew,https://cn.noxinfluencer.com/youtube/channel/UCXqgb_iVJtmE73ycq43ZZwA,10,badcase,儿童受众与成人草坪设备推广不匹配
78,UCcDOwRJNmQZ54r583alacwA,GEAR TESTED,https://cn.noxinfluencer.com/youtube/channel/UCcDOwRJNmQZ54r583alacwA,0,badcase,车辆生活类频道，缺少草坪机械推广语境
84,UCaQSXrk9g3aw-OBwxFmVPmg,Visack72,https://cn.noxinfluencer.com/youtube/channel/UCaQSXrk9g3aw-OBwxFmVPmg,0,badcase,娱乐音乐频道，缺少割草机受众
86,UCM29JpL4J9yvc4lAlQcw3yA,Arts3D,https://cn.noxinfluencer.com/youtube/channel/UCM29JpL4J9yvc4lAlQcw3yA,0,badcase,无标签与内容线索，无法建立相关性
89,UCbFh-R_44sgVmohjMEPzmfQ,Something 2LookAt,https://cn.noxinfluencer.com/youtube/channel/UCbFh-R_44sgVmohjMEPzmfQ,10,badcase,ASMR/满足感是强格式错配，不适合卖割草机
94,UC6zzlBIwNS9GJZZ3rBx_WhQ,Hudson's Playground Gaming,https://cn.noxinfluencer.com/youtube/channel/UC6zzlBIwNS9GJZZ3rBx_WhQ,5,badcase,游戏频道且带产品词，仍属明显错配
99,UChxyqA6I6Q82GaQ4CZwRhFg,Nunki Rider,https://cn.noxinfluencer.com/youtube/channel/UChxyqA6I6Q82GaQ4CZwRhFg,0,badcase,宠物短视频与人用割草机受众不符
111,UCdLp4p4hl9DJ1V7XUbLaBWw,Jack of All Trades,https://cn.noxinfluencer.com/youtube/channel/UCdLp4p4hl9DJ1V7XUbLaBWw,0,badcase,无相关标签，无法判断为割草机频道
114,UCMWlbh8hYOw3SjGcZNZvtsA,Mow It Wells Plus,https://cn.noxinfluencer.com/youtube/channel/UCMWlbh8hYOw3SjGcZNZvtsA,8,badcase,虽有草坪内容，但ASMR/感官向，不适合推广
116,UCZ9qhtRvSWLA_51iUDTNaRA,TW Review,https://cn.noxinfluencer.com/youtube/channel/UCZ9qhtRvSWLA_51iUDTNaRA,0,badcase,无割草机相关标签，泛生活科技
141,UCoR95Wx8C_Jre7psvQ-3uog,WholeToolBox,https://cn.noxinfluencer.com/youtube/channel/UCoR95Wx8C_Jre7psvQ-3uog,0,badcase,缺少有效标签，无法判断为可推广频道
154,UCK2nT-jak_BUjN6Av-Gdyvw,VielDan,https://cn.noxinfluencer.com/youtube/channel/UCK2nT-jak_BUjN6Av-Gdyvw,5,badcase,主域是 RC 车 hobby，lawn mower 只是弱标签噪音。
164,UCyneGks78mAm0QCLMPTmAaA,Sears PartsDirect,https://cn.noxinfluencer.com/youtube/channel/UCyneGks78mAm0QCLMPTmAaA,5,badcase,主域是冰箱维修，lawn mower 只是噪音标签。
166,UCkkj8VTmpWTU431qYX4_Svg,AJ Restorations,https://cn.noxinfluencer.com/youtube/channel/UCkkj8VTmpWTU431qYX4_Svg,5,badcase,ASMR/修复向为主，非 mower 购买推广场景。
170,UCEvU_rDmlMhA8sNpRnO5LBA,BS Electronics,https://cn.noxinfluencer.com/youtube/channel/UCEvU_rDmlMhA8sNpRnO5LBA,0,badcase,无相关标签与内容信号，缺少可用相关性。
171,UCR42bif12ji2nbnbvqBI_jw,kaiz231,https://cn.noxinfluencer.com/youtube/channel/UCR42bif12ji2nbnbvqBI_jw,0,badcase,无相关标签与内容信号，缺少可用相关性。
178,UCAu5CYcuVBoKLVa_DjtVCUg,Cleaning service ASMR,https://cn.noxinfluencer.com/youtube/channel/UCAu5CYcuVBoKLVa_DjtVCUg,5,badcase,清洁ASMR为主，音频娱乐格式不适合割草机推广
194,UC2AUc-4_yMsFHLfPP9Ub8ZA,George Fan,https://cn.noxinfluencer.com/youtube/channel/UC2AUc-4_yMsFHLfPP9Ub8ZA,0,badcase,无相关标签，缺少草坪/设备受众
197,UCivi_f1nniBzEOfKhRoN12Q,Grind Hard Plumbing Co,https://cn.noxinfluencer.com/youtube/channel/UCivi_f1nniBzEOfKhRoN12Q,0,badcase,汽车越野内容为主，和割草机不相关
206,UCg-qup2vkWUPBZX9XgkJDDQ,Sakla TV,https://cn.noxinfluencer.com/youtube/channel/UCg-qup2vkWUPBZX9XgkJDDQ,-15,badcase,游戏娱乐为主，和割草机推广不匹配
207,UCDH1jJVDoEleFIsfVnX4pgA,The LawnFellas,https://cn.noxinfluencer.com/youtube/channel/UCDH1jJVDoEleFIsfVnX4pgA,8,badcase,直命中但ASMR割草，偏观看而非带货
211,UC4_rmRLgOpIUKsTvuqBq1dw,Rick Mammana,https://cn.noxinfluencer.com/youtube/channel/UC4_rmRLgOpIUKsTvuqBq1dw,5,badcase,割草机+mukbang混杂，娱乐向不适合投放
213,UCnM3Zz5cc2KkrWu_tnj0C7g,TechUtopia,https://cn.noxinfluencer.com/youtube/channel/UCnM3Zz5cc2KkrWu_tnj0C7g,-5,badcase,游戏数码为主，和割草机几乎无关
214,UCuc4MxH9elX19vLtDYeJ2Uw,Tinker Forward,https://cn.noxinfluencer.com/youtube/channel/UCuc4MxH9elX19vLtDYeJ2Uw,2,badcase,智能手表向，和割草机推广偏离
220,UC8KyyhPfL4v2sZGbcGg7b7Q,Handyman Hal,https://cn.noxinfluencer.com/youtube/channel/UC8KyyhPfL4v2sZGbcGg7b7Q,1,badcase,儿童教育向，和割草机场景不匹配
227,UCFdqO4QaUqUn_eeWwF1ieiA,AliExpress,https://cn.noxinfluencer.com/youtube/channel/UCFdqO4QaUqUn_eeWwF1ieiA,0,badcase,无有效标签与草坪割草机相关
230,UCnctwyKFsCAAe_sd1K7hrmA,Life With Brian Lofty,https://cn.noxinfluencer.com/youtube/channel/UCnctwyKFsCAAe_sd1K7hrmA,5,badcase,ASMR/满足感格式与产品推广明显不匹配
233,UC2EraglPs-95qnKVrFq4kMA,Chase Brogan,https://cn.noxinfluencer.com/youtube/channel/UC2EraglPs-95qnKVrFq4kMA,0,badcase,游戏频道，与 lawn mower 推广无关
237,UCf76T9N5p21HMDWhaWJzC2Q,Inventor K,https://cn.noxinfluencer.com/youtube/channel/UCf76T9N5p21HMDWhaWJzC2Q,0,badcase,通用 DIY 发明频道，缺少割草机推广场景
239,UC_jtZPMdxyAK8XysGbwW7ng,Bumbox Bum,https://cn.noxinfluencer.com/youtube/channel/UC_jtZPMdxyAK8XysGbwW7ng,0,badcase,无标签信息，无法判断为相关频道
241,UCpra2LkCtiSQ67ypU05lfbQ,Valentine Lewis,https://cn.noxinfluencer.com/youtube/channel/UCpra2LkCtiSQ67ypU05lfbQ,0,badcase,美妆时尚频道，与 lawn mower 无关
247,UCDEOB38c2U8XYsFBq5Oo1mg,Freshly Charged,https://cn.noxinfluencer.com/youtube/channel/UCDEOB38c2U8XYsFBq5Oo1mg,0,badcase,电动自行车/消费电子频道，不相关
252,UCNU0zwdNogJjpDnkRhc2p0A,Mr. Inventor,https://cn.noxinfluencer.com/youtube/channel/UCNU0zwdNogJjpDnkRhc2p0A,2,badcase,以泛DIY手作为主，和割草机购买场景关联弱
257,UCjMVmz06abZGVdWjd1mAMnQ,Tech With Brett,https://cn.noxinfluencer.com/youtube/channel/UCjMVmz06abZGVdWjd1mAMnQ,0,badcase,智能家居科技向，和割草机主题不搭
258,UCKnGI1rKPOu_IFnVHWvSXrQ,Davey Struggle,https://cn.noxinfluencer.com/youtube/channel/UCKnGI1rKPOu_IFnVHWvSXrQ,0,badcase,泛家居DIY内容，缺少草坪设备购买意图
264,UCG7VPXT0QJEFth-9EMpuFnw,Bella and Jason,https://cn.noxinfluencer.com/youtube/channel/UCG7VPXT0QJEFth-9EMpuFnw,0,badcase,骑行运动号，和割草机无关
265,UCcvDAKie2xh6pLK2p_qF-7g,TheFormalPickle,https://cn.noxinfluencer.com/youtube/channel/UCcvDAKie2xh6pLK2p_qF-7g,-15,badcase,游戏模拟器娱乐号，和产品推广不匹配
266,UCWpME6oSrCjyyNOnZYgXm7Q,ManShed,https://cn.noxinfluencer.com/youtube/channel/UCWpME6oSrCjyyNOnZYgXm7Q,0,badcase,科技杂谈为主，缺少草坪设备场景
269,UCMK35dc3gTdhNTic_NA_5lQ,HandyDadTV,https://cn.noxinfluencer.com/youtube/channel/UCMK35dc3gTdhNTic_NA_5lQ,1,badcase,泛家居改造号，和割草机关联偏弱
270,UCClIEhn8S1qZ0cgH47fryQQ,WeldPro,https://cn.noxinfluencer.com/youtube/channel/UCClIEhn8S1qZ0cgH47fryQQ,0,badcase,焊接DIY号，和割草机推广不相关
271,UCus9H-X9vLMi6iKQj2OoI1g,Watson's Reviews,https://cn.noxinfluencer.com/youtube/channel/UCus9H-X9vLMi6iKQj2OoI1g,0,badcase,医疗健康号，明显不适合
275,UCqq7PB4na3W3TnvR9J07ZnQ,MemphisMower,https://cn.noxinfluencer.com/youtube/channel/UCqq7PB4na3W3TnvR9J07ZnQ,5,badcase,宠物娱乐为主，割草机词只是表面命中
279,UCE5kc_Sb_RKSD0d_rZ551nQ,Something Else2LookAt,https://cn.noxinfluencer.com/youtube/channel/UCE5kc_Sb_RKSD0d_rZ551nQ,5,badcase,虽命中 mower，但 ASMR/舒缓格式不适合推广
280,UCtOzK8P5EPSKg6fLx0LJZOg,mycustomgokart,https://cn.noxinfluencer.com/youtube/channel/UCtOzK8P5EPSKg6fLx0LJZOg,1,badcase,仅有 vehicle 等泛标签，缺少草坪/工具语义
281,UConQeJRfaLwJ9LbXBS5nhxQ,Charlie Berens,https://cn.noxinfluencer.com/youtube/channel/UConQeJRfaLwJ9LbXBS5nhxQ,-15,badcase,喜剧娱乐为主，与割草机推广场景不符
284,UCjEZ2_9ho0_8vyoVjfVHAEg,Fentertainment,https://cn.noxinfluencer.com/youtube/channel/UCjEZ2_9ho0_8vyoVjfVHAEg,1,badcase,仅有车辆泛标签，和割草机关联弱
290,UCPcTVKQxhpFwN140EEDVZfg,BenjaminNelson,https://cn.noxinfluencer.com/youtube/channel/UCPcTVKQxhpFwN140EEDVZfg,3,badcase,泛 DIY/车辆标签，相关性偏弱
291,UCbBb4sTKvz0EOq-g0YGX82w,FIX Tech Guides,https://cn.noxinfluencer.com/youtube/channel/UCbBb4sTKvz0EOq-g0YGX82w,1,badcase,技术/车辆泛标签，相关性弱
292,UCe6NoDrzQTCyG1ZUFdMdRsg,Tripods Garage,https://cn.noxinfluencer.com/youtube/channel/UCe6NoDrzQTCyG1ZUFdMdRsg,0,badcase,3D打印/科技方向，和割草机无关
293,UCdFYDm_incn_jvWs5N9mcLw,"Android,ios Gaming Channel",https://cn.noxinfluencer.com/youtube/channel/UCdFYDm_incn_jvWs5N9mcLw,-15,badcase,游戏娱乐为主，与割草机推广场景明显不符
294,UCPivGkDwFySKlZR_8nO8lGA,Valid Consumer,https://cn.noxinfluencer.com/youtube/channel/UCPivGkDwFySKlZR_8nO8lGA,0,badcase,消费科技泛频道，与割草机无直接关联
296,UCZ5m9YUHugIin4qxGRuSinQ,Jonathan Stewart,https://cn.noxinfluencer.com/youtube/channel/UCZ5m9YUHugIin4qxGRuSinQ,1,badcase,宠物/娱乐泛标签，缺少相关场景
298,UCgqeVuybGGlZ3s42YLrTBZQ,Chicken Schmidt Farms,https://cn.noxinfluencer.com/youtube/channel/UCgqeVuybGGlZ3s42YLrTBZQ,0,badcase,家禽农场内容，缺少草坪设备语义
299,UCPrfNyL7yN-15Q6Eu7UYkOA,TechTrends,https://cn.noxinfluencer.com/youtube/channel/UCPrfNyL7yN-15Q6Eu7UYkOA,3,badcase,电动自行车/车辆泛标签，相关性有限
300,UCzS3h055sSrgs57Zr6-zG8A,Nater Tater,https://cn.noxinfluencer.com/youtube/channel/UCzS3h055sSrgs57Zr6-zG8A,0,badcase,家庭网络科技频道，和割草机无关
306,UCW_nJOTeCUCgOTeqadhd2MA,Hawaii Detailing,https://cn.noxinfluencer.com/youtube/channel/UCW_nJOTeCUCgOTeqadhd2MA,0,badcase,汽车美容与割草机推广场景不匹配
307,UCzwXrpOfZPOQamgwIuBkfxQ,WT Creative,https://cn.noxinfluencer.com/youtube/channel/UCzwXrpOfZPOQamgwIuBkfxQ,1,badcase,DIY手作频道，只有轻度场景重叠，相关性不足
309,UCND183bspXmFr5YCLXh7KDQ,Go Build Stuff,https://cn.noxinfluencer.com/youtube/channel/UCND183bspXmFr5YCLXh7KDQ,1,badcase,偏建造内容，和割草机推广关联偏弱
313,UCooulUwMsi9jJpOz7wfYR5Q,OldSoulMillennial,https://cn.noxinfluencer.com/youtube/channel/UCooulUwMsi9jJpOz7wfYR5Q,0,badcase,以车辆短视频为主，缺少草坪设备相关信号
314,UCWVH1FryFHgIktQpFRpV9uQ,TOOL BOSS,https://cn.noxinfluencer.com/youtube/channel/UCWVH1FryFHgIktQpFRpV9uQ,0,badcase,标签过泛，工具主题不够明确
315,UCDtnOp7jxs-OxlHrYw6QTAg,IrixGuy's Adventure Channel,https://cn.noxinfluencer.com/youtube/channel/UCDtnOp7jxs-OxlHrYw6QTAg,0,badcase,以车辆/杂项为主，和割草机推广不匹配
322,UCgp7vHIv7tuoOIVDChhgLqQ,Hard Working Man,https://cn.noxinfluencer.com/youtube/channel/UCgp7vHIv7tuoOIVDChhgLqQ,0,badcase,主线是劈柴/原木处理，和割草机推广不贴合
324,UCSavPw3cMUdBItSLBS0oeZg,dramanew,https://cn.noxinfluencer.com/youtube/channel/UCSavPw3cMUdBItSLBS0oeZg,0,badcase,无有效标签，无法判断与割草机推广的相关性
328,UCfLe_A4mMCbOHoZxn6D_WYw,Tools Log,https://cn.noxinfluencer.com/youtube/channel/UCfLe_A4mMCbOHoZxn6D_WYw,4,badcase,仅工具/DIY泛标签，缺少割草机或草坪场景
330,UCa_x0ZHqoAsKN13oIA_8z3Q,TylerTube,https://cn.noxinfluencer.com/youtube/channel/UCa_x0ZHqoAsKN13oIA_8z3Q,0,badcase,偏实验/生活内容，和割草机推广关联弱
331,UCxZ26XBfGn-TzdH-nbyQPew,Northern Tool,https://cn.noxinfluencer.com/youtube/channel/UCxZ26XBfGn-TzdH-nbyQPew,0,badcase,以家具/吃播为主，与割草机不相关
332,UCDg2pH8s5AM-vMnwCVbeTbw,SoMuchTech,https://cn.noxinfluencer.com/youtube/channel/UCDg2pH8s5AM-vMnwCVbeTbw,0,badcase,纯科技泛内容，缺少园艺或设备场景
335,UC2qGzM7mSoXdYT5MacO1khw,Suburb Chartre,https://cn.noxinfluencer.com/youtube/channel/UC2qGzM7mSoXdYT5MacO1khw,0,badcase,无相关标签，缺少可用场景
337,UCOcVGrIGHRCd5efZtIUaSIw,Inspiring Designs,https://cn.noxinfluencer.com/youtube/channel/UCOcVGrIGHRCd5efZtIUaSIw,0,badcase,室内设计频道，与割草机不相关
338,UCSFOWOgB_s52kkhzRaCS2gQ,MANSCAPED®,https://cn.noxinfluencer.com/youtube/channel/UCSFOWOgB_s52kkhzRaCS2gQ,-15,badcase,男士理容品牌，和真正割草机品类错位
341,UC2MJc19aTAUJk7TrbPrMhEQ,eufy Official,https://cn.noxinfluencer.com/youtube/channel/UC2MJc19aTAUJk7TrbPrMhEQ,0,badcase,智能安防/宠物科技，与割草机无关
346,UC4vrZI-aLygbhd0mvgeG1ow,Off The Path With Kevin,https://cn.noxinfluencer.com/youtube/channel/UC4vrZI-aLygbhd0mvgeG1ow,0,badcase,纯生活 vlog，缺少产品场景
347,UCKEXOVmmOGQwdL6JltTXyJQ,Erlinonthedaily,https://cn.noxinfluencer.com/youtube/channel/UCKEXOVmmOGQwdL6JltTXyJQ,0,badcase,汽车日常频道，与割草机不相关
350,UCyE1iLKSXcdoeyS0b8T3log,BIG HEAD JUAN,https://cn.noxinfluencer.com/youtube/channel/UCyE1iLKSXcdoeyS0b8T3log,0,badcase,游戏/音乐泛娱乐，与割草机无关
351,UC98B-j6iMJ0wv2HD87mrjqg,TSG,https://cn.noxinfluencer.com/youtube/channel/UC98B-j6iMJ0wv2HD87mrjqg,0,badcase,户外/射击/宠物杂项，和割草机推广无关
361,UCPXXG0mMXuNopVsb_9xoJDA,Satisfying Lawn Care Videos,https://cn.noxinfluencer.com/youtube/channel/UCPXXG0mMXuNopVsb_9xoJDA,-15,badcase,游戏娱乐频道，与实体产品推广强冲突
362,UC4jRFRKHlxAvrz02IfvAfEw,Pro Picks,https://cn.noxinfluencer.com/youtube/channel/UC4jRFRKHlxAvrz02IfvAfEw,0,badcase,消费电子/相机向，和割草机受众不匹配
363,UCOQKmRk1sXtKTljKMyLIUgw,DIRT BIKE  FAB. DBF garage.,https://cn.noxinfluencer.com/youtube/channel/UCOQKmRk1sXtKTljKMyLIUgw,0,badcase,越野摩托方向，和割草机品类偏离
364,UCFgNxNVSxneyuGavnCxvr6A,Elite Rejects,https://cn.noxinfluencer.com/youtube/channel/UCFgNxNVSxneyuGavnCxvr6A,-15,badcase,游戏娱乐内容，不适合割草机投放
369,UCwODuUYQDnvU0gn9CQpr6PQ,FREEDOM SYNDICATE,https://cn.noxinfluencer.com/youtube/channel/UCwODuUYQDnvU0gn9CQpr6PQ,0,badcase,ATV/摩托方向，不适合草坪设备推广
371,UCS3IKzxMf7uvVE4WP9xp2WA,Homegrown How To,https://cn.noxinfluencer.com/youtube/channel/UCS3IKzxMf7uvVE4WP9xp2WA,-5,badcase,有草坪语义，但 ASMR 格式与实体产品推广冲突
373,UCnLS922iaOb7jV1qui4wXfA,Darrencarfan78,https://cn.noxinfluencer.com/youtube/channel/UCnLS922iaOb7jV1qui4wXfA,-10,badcase,动画/旅行向，和割草机推广无关
374,UCXNipNRV-wL7p5Gq9wCc1Ng,The HOA Insider,https://cn.noxinfluencer.com/youtube/channel/UCXNipNRV-wL7p5Gq9wCc1Ng,0,badcase,无有效标签，相关性不足
376,UCl3c8-e6-5HCULFb04Wt3Rg,Fondupot's Garage,https://cn.noxinfluencer.com/youtube/channel/UCl3c8-e6-5HCULFb04Wt3Rg,2,badcase,车库DIY泛化，缺少割草机或园艺购买意图
378,UCOD5SV_Buv32Dxz1OQDhTzA,Shaws Garage,https://cn.noxinfluencer.com/youtube/channel/UCOD5SV_Buv32Dxz1OQDhTzA,0,badcase,偏车库和赛车内容，和割草机推广关联很弱
379,UCEuDivNXBimHIPBbwCgUT9A,Junebug Rancho,https://cn.noxinfluencer.com/youtube/channel/UCEuDivNXBimHIPBbwCgUT9A,-15,badcase,音乐娱乐为主，与割草机推广完全不匹配
380,UCXElckAX7CBeTPbS4FaHUcw,ALL Electric ⚡️,https://cn.noxinfluencer.com/youtube/channel/UCXElckAX7CBeTPbS4FaHUcw,0,badcase,电动车和自行车主题，和割草机受众不重叠
382,UC-7HprBDSeQXf48YDoWEEBA,Scrap & Pallet Man,https://cn.noxinfluencer.com/youtube/channel/UC-7HprBDSeQXf48YDoWEEBA,0,badcase,废品捡拾主题，和园艺设备推广关联弱
383,UCPG0i0qXulZbt3-cwPGTkYw,DIY KAI,https://cn.noxinfluencer.com/youtube/channel/UCPG0i0qXulZbt3-cwPGTkYw,2,badcase,偏汽修 DIY，缺少草坪或园艺设备场景
384,UCipIUAbN3b1UdsbQ0Uv04Ng,"Beer, Booze & B.S.",https://cn.noxinfluencer.com/youtube/channel/UCipIUAbN3b1UdsbQ0Uv04Ng,-5,badcase,故事播客为主，lawn mower 只是蹭词
387,UCwJ0MSnM3_3OGuekYGI6bzw,Homey Vibe,https://cn.noxinfluencer.com/youtube/channel/UCwJ0MSnM3_3OGuekYGI6bzw,0,badcase,美妆生活向，和割草机受众不匹配
391,UCkHmZfoDjC_Qjh912eJexjA,Famous Tool,https://cn.noxinfluencer.com/youtube/channel/UCkHmZfoDjC_Qjh912eJexjA,0,badcase,top 5 里缺少工具或园艺导购意图
395,UC2XT2QmmEn0gOp-hwWR6GSQ,Tony Lee Glenn,https://cn.noxinfluencer.com/youtube/channel/UC2XT2QmmEn0gOp-hwWR6GSQ,-15,badcase,音乐娱乐为主，不适合卖割草机
396,UC0RpbAavOM8a1bBPIqeiOdA,Jason Fellon,https://cn.noxinfluencer.com/youtube/channel/UC0RpbAavOM8a1bBPIqeiOdA,1,badcase,越野汽车内容，和园艺设备受众差异大
397,UCy-_QMNoc0FimS_ib3Pgu8Q,JRMSweeps,https://cn.noxinfluencer.com/youtube/channel/UCy-_QMNoc0FimS_ib3Pgu8Q,0,badcase,宠物和钓鱼主题，缺少割草机消费场景
399,UCtnKybmEdcAU8nRQeNpaQ9A,Paul Naylor,https://cn.noxinfluencer.com/youtube/channel/UCtnKybmEdcAU8nRQeNpaQ9A,0,badcase,汽修维护号，和割草机不相关
400,UC4TK8YvBjAeMacLpPDuRuLA,bbb jim1,https://cn.noxinfluencer.com/youtube/channel/UC4TK8YvBjAeMacLpPDuRuLA,0,badcase,汽车杂谈号，缺少园艺设备主题
403,UCgpB1DJxnbl6iwAcHx_5P7A,Hipa Store,https://cn.noxinfluencer.com/youtube/channel/UCgpB1DJxnbl6iwAcHx_5P7A,0,badcase,无 mower 相关标签，缺少推广上下文
404,UCa_Z9W0BnxH84UGk0Uw_PCw,buckets garage,https://cn.noxinfluencer.com/youtube/channel/UCa_Z9W0BnxH84UGk0Uw_PCw,-15,badcase,娱乐/喜剧向，和 lawn mower 推广明显冲突
408,UCkW6Dn60emUHhtx-7dRSYrQ,Big O Reviewz & Vlogz,https://cn.noxinfluencer.com/youtube/channel/UCkW6Dn60emUHhtx-7dRSYrQ,0,badcase,vlog/美食/相机为主，和 mower 推广不匹配
409,UClqFLOuok7DfUd1TQpMd7pQ,Agricultural Sprayer Drone & cleaning drone,https://cn.noxinfluencer.com/youtube/channel/UClqFLOuok7DfUd1TQpMd7pQ,0,badcase,农业无人机频道，品类与 mower 不同
412,UCZE0jtbY8odX5IS559DsQcA,Struggleville2,https://cn.noxinfluencer.com/youtube/channel/UCZE0jtbY8odX5IS559DsQcA,0,badcase,以综合评测为主，缺少 mower 相关信号
413,UCamdel_Kj-320C6npfwCptQ,Jack and Dan,https://cn.noxinfluencer.com/youtube/channel/UCamdel_Kj-320C6npfwCptQ,-10,badcase,宠物/水族向，受众与人用 mower 不匹配
420,UCDHto5LdWLNt7lnhdeoQWtQ,Curiosity Insight,https://cn.noxinfluencer.com/youtube/channel/UCDHto5LdWLNt7lnhdeoQWtQ,-15,badcase,宠物/狗向，和 mower 推广不适配
424,UC3QDmfJHwEyKAam957mwfYg,MilhausHD,https://cn.noxinfluencer.com/youtube/channel/UC3QDmfJHwEyKAam957mwfYg,0,badcase,无标签与内容证据
426,UCnhRi05Uv2vwIY1nRMeyo4g,Tech Wave,https://cn.noxinfluencer.com/youtube/channel/UCnhRi05Uv2vwIY1nRMeyo4g,0,badcase,科技测评向，和割草机推广几乎无关
428,UCaaNNmuNW8MhaOhC_JzoHdg,Second Chance Mowers,https://cn.noxinfluencer.com/youtube/channel/UCaaNNmuNW8MhaOhC_JzoHdg,0,badcase,车类拆车频道，和割草机推广不匹配
434,UCMcCAix0u6yIvFvRY6vpg3Q,Killer Fuzz,https://cn.noxinfluencer.com/youtube/channel/UCMcCAix0u6yIvFvRY6vpg3Q,0,badcase,钓鱼频道，和割草机无关
436,UCY9zQuadSnx_dUHqvaybpiw,SmallTownUSA,https://cn.noxinfluencer.com/youtube/channel/UCY9zQuadSnx_dUHqvaybpiw,0,badcase,拆车特技频道，与割草机无关
439,UC6-uGBFbI92bIGj1L8WHNpg,The Supers - Funny Superhero Cartoons for Kids,https://cn.noxinfluencer.com/youtube/channel/UC6-uGBFbI92bIGj1L8WHNpg,-15,badcase,儿童卡通娱乐，属于明显不适合场景
440,UCJJ3ifF0RHXooRnZ-CReaSQ,DIY Homefront,https://cn.noxinfluencer.com/youtube/channel/UCJJ3ifF0RHXooRnZ-CReaSQ,0,badcase,无标签且无内容证据，无法判断为相关
441,UCcJq8HxHAghgc8PyuakzCHA,Tractorman64,https://cn.noxinfluencer.com/youtube/channel/UCcJq8HxHAghgc8PyuakzCHA,5,badcase,虽命中 lawn mower，但主轴是拖拉机撞车娱乐
442,UCbrWhPB4b9bMQL7AWAZ0b2A,Wrenches and Rods,https://cn.noxinfluencer.com/youtube/channel/UCbrWhPB4b9bMQL7AWAZ0b2A,0,badcase,缺少标签和内容证据，相关性不足
444,UCRiTr7Ltnss9GFVqz_COOeQ,Thoth Mark,https://cn.noxinfluencer.com/youtube/channel/UCRiTr7Ltnss9GFVqz_COOeQ,0,badcase,游戏频道，与割草机无关
446,UCM7y11leh5Bh6o1e4j3Pgcw,FAB Video's,https://cn.noxinfluencer.com/youtube/channel/UCM7y11leh5Bh6o1e4j3Pgcw,5,badcase,命中词但以搞笑失败视频为主，不适合推广
447,UCzqBuhTIXYYTL1fSzaXvwnQ,Shanti Regan,https://cn.noxinfluencer.com/youtube/channel/UCzqBuhTIXYYTL1fSzaXvwnQ,0,badcase,木工/劈木偏庭院手作，和割草机关联弱
449,UCOClvgLYa7g75eIaTdwj_vg,Consumer Reports,https://cn.noxinfluencer.com/youtube/channel/UCOClvgLYa7g75eIaTdwj_vg,0,badcase,汽车测试频道，和割草机品类不匹配
450,UC1EFJJJyXa0h11EA7tqIHBw,Tool Wizard,https://cn.noxinfluencer.com/youtube/channel/UC1EFJJJyXa0h11EA7tqIHBw,0,badcase,无相关标签，属于空白命中
451,UCBIIQCeH_v8d67hlYOBVR_Q,Prime Technology HD,https://cn.noxinfluencer.com/youtube/channel/UCBIIQCeH_v8d67hlYOBVR_Q,-15,badcase,娱乐答题频道，和割草机推广场景明显不符
455,UCFXMNYKKMkmBAxcDHu_94ag,whats next garage,https://cn.noxinfluencer.com/youtube/channel/UCFXMNYKKMkmBAxcDHu_94ag,0,badcase,车库/生活向，缺少草坪设备信号
457,UCEV0wvwOvj-qAhqwo4eZ5dw,DMAXRYNO,https://cn.noxinfluencer.com/youtube/channel/UCEV0wvwOvj-qAhqwo4eZ5dw,0,badcase,汽车/拖拽内容，和割草机受众不匹配
458,UCDtPanmfSgo9MEwfj8LYA-A,Patriot Contraptions,https://cn.noxinfluencer.com/youtube/channel/UCDtPanmfSgo9MEwfj8LYA-A,0,badcase,DIY通用创作，只有手作工具受众的弱重叠
460,UC268bvWnu6209gO8ISTIVaA,Turf Nerds: A Lawn Care Podcast,https://cn.noxinfluencer.com/youtube/channel/UC268bvWnu6209gO8ISTIVaA,0,badcase,空标签频道，无法建立割草机相关性
465,UCnr_X0CATlYWhYtCUR2aeMw,AverageAnthony,https://cn.noxinfluencer.com/youtube/channel/UCnr_X0CATlYWhYtCUR2aeMw,0,badcase,空标签频道，无法判断匹配度
468,UC7ssYyYxo88laKkU0tW9j9A,ThunderHead289,https://cn.noxinfluencer.com/youtube/channel/UC7ssYyYxo88laKkU0tW9j9A,0,badcase,汽车修复内容，和割草机推广关联弱
470,UCeBqpDw4Qy2HCYQSNod8p0g,STA-BIL Brand,https://cn.noxinfluencer.com/youtube/channel/UCeBqpDw4Qy2HCYQSNod8p0g,0,badcase,品牌偏燃油添加剂，不是割草机受众核心
473,UClnpoBjst8FNomTOX_ufKUQ,Weezy Weeds LLC,https://cn.noxinfluencer.com/youtube/channel/UClnpoBjst8FNomTOX_ufKUQ,0,badcase,空标签频道，无法建立割草机相关性
478,UCGoYbhZutN7mBjAg-vnt0qQ,Turningwrenches85,https://cn.noxinfluencer.com/youtube/channel/UCGoYbhZutN7mBjAg-vnt0qQ,0,badcase,无标签无内容，相关证据缺失
480,UC8KzTTDAZ2Nh1Z9zFANPpAg,How-To-Videos,https://cn.noxinfluencer.com/youtube/channel/UC8KzTTDAZ2Nh1Z9zFANPpAg,1,badcase,汽车频道，和割草机推广偏离
482,UCYqvMHIkyGYDq9NQ7NksriA,Officer Oil - AMSOIL,https://cn.noxinfluencer.com/youtube/channel/UCYqvMHIkyGYDq9NQ7NksriA,0,badcase,无可用标签，相关性不足
485,UCGdlvCinfhtyPDfUCUmLPFQ,Lab Review,https://cn.noxinfluencer.com/youtube/channel/UCGdlvCinfhtyPDfUCUmLPFQ,0,badcase,无标签无内容，相关证据不足
488,UCiCk1qL1UUnFDjRNx1vPJdg,TechnologyX AI,https://cn.noxinfluencer.com/youtube/channel/UCiCk1qL1UUnFDjRNx1vPJdg,0,badcase,AI机器人内容，与割草机无关
494,UCKkI79ZR7iqzYjwpp_YIJNg,sg media,https://cn.noxinfluencer.com/youtube/channel/UCKkI79ZR7iqzYjwpp_YIJNg,-15,badcase,动物/自然内容，与割草机受众不符
496,UClDwrumr_89G3sDUWzCvKkw,JJ Merchant,https://cn.noxinfluencer.com/youtube/channel/UClDwrumr_89G3sDUWzCvKkw,1,badcase,仅有泛泛车/生活标签，相关性弱
499,UCWj-DivD_-OePBvh2HAQqQQ,My Lawn Story,https://cn.noxinfluencer.com/youtube/channel/UCWj-DivD_-OePBvh2HAQqQQ,0,badcase,无标签和内容，无法确认投放性
500,UCEg8Snu4wHfGPL5G8TEr8PA,NICK KELLEY,https://cn.noxinfluencer.com/youtube/channel/UCEg8Snu4wHfGPL5G8TEr8PA,-15,badcase,娱乐游戏频道，与产品推广场景不符
4551,UCNBLWOd7cpJJOqULk5qZLxg,themadmailler,https://cn.noxinfluencer.com/youtube/channel/UCNBLWOd7cpJJOqULk5qZLxg,0,badcase,蜂群/隐居生活频道，和割草机推广缺少直接场景
4552,UCND_2Ke3tDZ8fO3FnGnSbAw,What's Uptin?,https://cn.noxinfluencer.com/youtube/channel/UCND_2Ke3tDZ8fO3FnGnSbAw,-5,badcase,旅游娱乐为主，和割草机产品推广场景不符
4553,UCNEUwPbay41SRoH39VdRaxQ,AnimeRoll,https://cn.noxinfluencer.com/youtube/channel/UCNEUwPbay41SRoH39VdRaxQ,0,badcase,无标签无内容证据，无法支持割草机推广
4554,UCNEZwnzjJ4wlw5661r8Cu6w,prankcallcity,https://cn.noxinfluencer.com/youtube/channel/UCNEZwnzjJ4wlw5661r8Cu6w,0,badcase,疑似恶搞号，缺少家居/工具相关语境
4555,UCNE_wXV-ZXb-JsqHMweL7jQ,IDogFan41,https://cn.noxinfluencer.com/youtube/channel/UCNE_wXV-ZXb-JsqHMweL7jQ,0,badcase,宠物/音乐/机器人向，和割草机受众不匹配
4556,UCNFi3_8_fVaGvceC6T2iNsA,DW's Southern Cooking BBQ & Camping Adventures,https://cn.noxinfluencer.com/youtube/channel/UCNFi3_8_fVaGvceC6T2iNsA,0,badcase,烹饪与露营为主，缺少园艺工具推广语境
4557,UCNFoDvN7H5FmO2wzjhoBRFg,Strange Tech,https://cn.noxinfluencer.com/youtube/channel/UCNFoDvN7H5FmO2wzjhoBRFg,0,badcase,科技杂项频道，和割草机缺少明确相关
4558,UCNHKu-bGD-bZLjwnaq54LKw,The Carolina Cadman Outdoors,https://cn.noxinfluencer.com/youtube/channel/UCNHKu-bGD-bZLjwnaq54LKw,0,badcase,狩猎频道，与割草机推广关联弱
4559,UCNHPCpZxOh1-iIcNI8did9A,NoFate247,https://cn.noxinfluencer.com/youtube/channel/UCNHPCpZxOh1-iIcNI8did9A,1,badcase,仅有 home 泛词，相关性很弱
4561,UCNIdQ-YVVBInCxQOTjNbBIQ,Mark Monlux,https://cn.noxinfluencer.com/youtube/channel/UCNIdQ-YVVBInCxQOTjNbBIQ,0,badcase,无标签无证据，缺少割草机相关语境
4562,UCNJ5l21uPRLh_DrSdmQHYUA,Rob's Garage,https://cn.noxinfluencer.com/youtube/channel/UCNJ5l21uPRLh_DrSdmQHYUA,0,badcase,车库频道信息不足，无法判断为割草机相关
4563,UCNJ9rzk2tkXS6yNTvbT07Rg,Kos Rentyuk,https://cn.noxinfluencer.com/youtube/channel/UCNJ9rzk2tkXS6yNTvbT07Rg,0,badcase,无标签无证据，相关性不足
4565,UCNK9PkyIhZqDtUYizT1BYhA,Explore Abandoned Places With TattooTonyAlton,https://cn.noxinfluencer.com/youtube/channel/UCNK9PkyIhZqDtUYizT1BYhA,-15,badcase,废墟探索娱乐向，与割草机推广不符
4566,UCNL2iABgDn_boD4j_WYsi8A,Quick Tips,https://cn.noxinfluencer.com/youtube/channel/UCNL2iABgDn_boD4j_WYsi8A,1,badcase,汽车维修教学为主，和割草机仅有弱泛化 overlap
4567,UCNMHb8CYuzSSsfBRc8Kj8rQ,Kendallville TV,https://cn.noxinfluencer.com/youtube/channel/UCNMHb8CYuzSSsfBRc8Kj8rQ,0,badcase,无标签无证据，相关性不足
4568,UCNMhaZT3GckcL5Gq6E8h1mA,Jana Hines,https://cn.noxinfluencer.com/youtube/channel/UCNMhaZT3GckcL5Gq6E8h1mA,0,badcase,无标签无证据，相关性不足
4569,UCNN9HrsyAY5DOzOrLZ6B4aQ,Forgotten Black History,https://cn.noxinfluencer.com/youtube/channel/UCNN9HrsyAY5DOzOrLZ6B4aQ,0,badcase,历史文化频道，与割草机推广场景不相关
4570,UCNNiFNjPhdoPvdlgrltZIRA,VIRAL STORIES,https://cn.noxinfluencer.com/youtube/channel/UCNNiFNjPhdoPvdlgrltZIRA,-15,badcase,娱乐故事号，属于明显不适配格式
4571,UCNNniVcJmxIl0gSfjMH2CWw,Growth Architecture,https://cn.noxinfluencer.com/youtube/channel/UCNNniVcJmxIl0gSfjMH2CWw,0,badcase,商业访谈频道，缺少家居工具受众
4573,UCNOUcXN-JjY6P2OwyTE_daQ,The Enterprise World,https://cn.noxinfluencer.com/youtube/channel/UCNOUcXN-JjY6P2OwyTE_daQ,0,badcase,商业杂志号，与割草机购买语境弱
4574,UCNOkG5sJie7fnkw_bnvlkQA,Choose Wisely,https://cn.noxinfluencer.com/youtube/channel/UCNOkG5sJie7fnkw_bnvlkQA,0,badcase,无标签无证据，相关性不足
4576,UCNP-8sTozaiq-0H2FDI1o1Q,WHATS NEXT ????,https://cn.noxinfluencer.com/youtube/channel/UCNP-8sTozaiq-0H2FDI1o1Q,0,badcase,无标签且无园艺/机械相关信号
4577,UCNPqQ6owgF-2v_4TQ-j2NWA,Old Timer Outdoors,https://cn.noxinfluencer.com/youtube/channel/UCNPqQ6owgF-2v_4TQ-j2NWA,0,badcase,狩猎垂类，和割草机促销不匹配
4579,UCNRXHwAfOsAANg5tx4r-G2A,WARE Boilers,https://cn.noxinfluencer.com/youtube/channel/UCNRXHwAfOsAANg5tx4r-G2A,0,badcase,锅炉/蒸汽垂类，与割草机无关
4581,UCNTEZXxZrOwKlsCFH5IP9kw,Ms. Random Reviews,https://cn.noxinfluencer.com/youtube/channel/UCNTEZXxZrOwKlsCFH5IP9kw,0,badcase,评测标题不足且无园艺/机械信号
4583,UCNTjodpHAF-oeA2Ny-VrZtw,Jasper’s Story,https://cn.noxinfluencer.com/youtube/channel/UCNTjodpHAF-oeA2Ny-VrZtw,0,badcase,故事向频道，缺少商品推广上下文
4584,UCNU6GMHFEMQ0GX_Hs_zPihA,Vidsage,https://cn.noxinfluencer.com/youtube/channel/UCNU6GMHFEMQ0GX_Hs_zPihA,-15,badcase,短视频娱乐向，属于明显格式错配
4586,UCNUUJPqGGno56q4vKXDyHUw,Drey TheGamer,https://cn.noxinfluencer.com/youtube/channel/UCNUUJPqGGno56q4vKXDyHUw,-15,badcase,游戏向频道，与割草机促销无关
4587,UCNUxxSqGpSLvaiYXtpz-hNw,Shepherd Wolf // MinecraftPro97k,https://cn.noxinfluencer.com/youtube/channel/UCNUxxSqGpSLvaiYXtpz-hNw,-10,badcase,游戏/MC垂类，和园艺工具受众不重叠
4590,UCNVTFmdUrrZL5D9MSa6nZhw,Total OutLet,https://cn.noxinfluencer.com/youtube/channel/UCNVTFmdUrrZL5D9MSa6nZhw,0,badcase,无标签且无园艺/机械相关信号
4593,UCNXKOn8IL3XgK3T1_cPATew,Hans Moore,https://cn.noxinfluencer.com/youtube/channel/UCNXKOn8IL3XgK3T1_cPATew,0,badcase,脸绘美妆垂类，与割草机无关
4594,UCNXvxXpDJXp-mZu3pFMzYHQ,Our Changing Climate,https://cn.noxinfluencer.com/youtube/channel/UCNXvxXpDJXp-mZu3pFMzYHQ,0,badcase,环境议题频道，与商品促销不匹配
4596,UCNZ7jIkhzZp6sM8D2Kl4h1g,Health and beauty Reviews,https://cn.noxinfluencer.com/youtube/channel/UCNZ7jIkhzZp6sM8D2Kl4h1g,0,badcase,美妆/健康垂类，与割草机无关
4600,UCNaDF4DohSzgDbTF5Z5JxGA,Xforceguy,https://cn.noxinfluencer.com/youtube/channel/UCNaDF4DohSzgDbTF5Z5JxGA,-10,badcase,娱乐向频道，且主题与割草机不搭
4601,UCNaVoLaRZK0MrD8rP62d4ow,"Diesel Legiance - One Garage, Every Project.",https://cn.noxinfluencer.com/youtube/channel/UCNaVoLaRZK0MrD8rP62d4ow,0,badcase,车辆/生活方式向，缺少草坪维护和割草场景
4602,UCNb1bAhw0WVgDVKaG-in8Yw,JunkedUpKitten,https://cn.noxinfluencer.com/youtube/channel/UCNb1bAhw0WVgDVKaG-in8Yw,-15,badcase,宠物娱乐频道，和割草机推广场景明显不符
4603,UCNc3jQAZKphqMOx5qg8zugA,Creative Curation by Kate,https://cn.noxinfluencer.com/youtube/channel/UCNc3jQAZKphqMOx5qg8zugA,0,badcase,无标签无内容，无法判断为相关受众
4605,UCNcvt5do03qcy577xmWQfdw,Pura Folsom,https://cn.noxinfluencer.com/youtube/channel/UCNcvt5do03qcy577xmWQfdw,0,badcase,无标签无内容，缺少判断依据
4606,UCNdkXcdGT17f-mS_PnByvkA,Driftwood Music,https://cn.noxinfluencer.com/youtube/channel/UCNdkXcdGT17f-mS_PnByvkA,0,badcase,偏生存新闻/备灾向，缺少园艺或家居工具场景
4607,UCNeJT-myUaHT-YdOyHIB_kA,Coleen Sews & Chats,https://cn.noxinfluencer.com/youtube/channel/UCNeJT-myUaHT-YdOyHIB_kA,-15,badcase,ASMR缝纫手作频道，属于强格式/主题错配
4608,UCNeLxcK09ZnpQIggO1KnJ1A,WinterMG,https://cn.noxinfluencer.com/youtube/channel/UCNeLxcK09ZnpQIggO1KnJ1A,-15,badcase,纯游戏频道，与产品推广受众完全不符
4610,UCNepEAWZH0TBu7dkxIbluDw,"Dad, how do I?",https://cn.noxinfluencer.com/youtube/channel/UCNepEAWZH0TBu7dkxIbluDw,0,badcase,泛教程频道，缺少割草机相关场景
4611,UCNfK001ZTSwGe9LJ5gVSJww,Ray Roman,https://cn.noxinfluencer.com/youtube/channel/UCNfK001ZTSwGe9LJ5gVSJww,-15,badcase,喜剧短内容，和产品种草/购买意图不匹配
4613,UCNfsoRAJn5I2clwQtqngGow,GameZine,https://cn.noxinfluencer.com/youtube/channel/UCNfsoRAJn5I2clwQtqngGow,-15,badcase,游戏叙事频道，与割草机推广无关
4615,UCNhkGpSySgw7OWAKAuRRseQ,Swimming in the Deep,https://cn.noxinfluencer.com/youtube/channel/UCNhkGpSySgw7OWAKAuRRseQ,0,badcase,泳池/水疗向，和草坪设备受众关联弱
4616,UCNhmOF-7XMymHPT-oWHLpuQ,NCALIB,https://cn.noxinfluencer.com/youtube/channel/UCNhmOF-7XMymHPT-oWHLpuQ,-15,badcase,纯音乐频道，不适合做实体产品推广
4617,UCNj0Yau_lcKsr7tGIuo6P2g,The Battle Family,https://cn.noxinfluencer.com/youtube/channel/UCNj0Yau_lcKsr7tGIuo6P2g,0,badcase,家庭运动杂内容，缺少园艺或工具购买意图
4619,UCNkETBwkARrGDx-G7P-jLJg,BUZZR,https://cn.noxinfluencer.com/youtube/channel/UCNkETBwkARrGDx-G7P-jLJg,-15,badcase,综艺游戏频道，与产品推广场景不符
4620,UCNkhSr8Lks45eIPKQqYbBXA,Kris Aguilar,https://cn.noxinfluencer.com/youtube/channel/UCNkhSr8Lks45eIPKQqYbBXA,0,badcase,无标签无内容，缺少匹配依据
4621,UCNl7tte5b1iOhVt9URTse9Q,BELLA ROSE CHANNEL,https://cn.noxinfluencer.com/youtube/channel/UCNl7tte5b1iOhVt9URTse9Q,0,badcase,美食生活向，与割草机推广场景不符
4622,UCNm0lESU_elO6tLdnpzJhJA,Brodie Morrison,https://cn.noxinfluencer.com/youtube/channel/UCNm0lESU_elO6tLdnpzJhJA,0,badcase,无标签无内容，无法判断相关性
4623,UCNm2EPE31WFCO0r5Yniiv4g,BAM Racing Videos,https://cn.noxinfluencer.com/youtube/channel/UCNm2EPE31WFCO0r5Yniiv4g,0,badcase,赛车内容与草坪设备推广场景弱相关
4624,UCNmT3zkQj2A5V3Dq6tWejpw,Valdez Ventures,https://cn.noxinfluencer.com/youtube/channel/UCNmT3zkQj2A5V3Dq6tWejpw,0,badcase,无标签无内容，缺少匹配依据
4625,UCNmbiSN1kj47lyJVOEgKBgg,BYU Universe,https://cn.noxinfluencer.com/youtube/channel/UCNmbiSN1kj47lyJVOEgKBgg,0,badcase,社会/宗教/体育混合，和产品场景不匹配
4627,UCNnaa3wOREFWNT0VtFwCUXw,Steininger family.,https://cn.noxinfluencer.com/youtube/channel/UCNnaa3wOREFWNT0VtFwCUXw,-15,badcase,娱乐/音乐为主，和割草机推广不匹配
4631,UCNpVGE8hjXDUaqfJs6fM-fQ,Sweet Angel MTV,https://cn.noxinfluencer.com/youtube/channel/UCNpVGE8hjXDUaqfJs6fM-fQ,-15,badcase,音乐娱乐频道，和产品推广场景冲突
4637,UCNrT-lKe7r-Qi2KHQR109WQ,TurboFan,https://cn.noxinfluencer.com/youtube/channel/UCNrT-lKe7r-Qi2KHQR109WQ,0,badcase,无标签无内容线索，难判断相关性
4638,UCNrhacmqJHnrdp7PuLa3mJA,Scottimus Coffield,https://cn.noxinfluencer.com/youtube/channel/UCNrhacmqJHnrdp7PuLa3mJA,0,badcase,无标签无内容线索，相关证据不足
4639,UCNsZOz2Fy6ZJu-XbO6V00wA,ChrisBassettDIY,https://cn.noxinfluencer.com/youtube/channel/UCNsZOz2Fy6ZJu-XbO6V00wA,-5,badcase,游戏内容占主导，和割草机推广差距大
4642,UCNwBe7dEAZz3XKKNT1C1XgA,Chilly Moose,https://cn.noxinfluencer.com/youtube/channel/UCNwBe7dEAZz3XKKNT1C1XgA,0,badcase,无标签无内容线索，相关性不足
4643,UCNwDP_EJ1zuS5gzOwvxeF6Q,TocoTV,https://cn.noxinfluencer.com/youtube/channel/UCNwDP_EJ1zuS5gzOwvxeF6Q,-15,badcase,娱乐/病毒内容为主，明显偏离产品推广
4644,UCNyHsf-B4lg-twSTk4EHT0A,HOT PRODUCT,https://cn.noxinfluencer.com/youtube/channel/UCNyHsf-B4lg-twSTk4EHT0A,0,badcase,无标签无内容，缺少可用受众证据
4647,UCNzszbnvQeFzObW0ghk0Ckw,Dave's Garage,https://cn.noxinfluencer.com/youtube/channel/UCNzszbnvQeFzObW0ghk0Ckw,-3,badcase,科技频道为主，和割草机购买场景不对口
4650,UCO1Lg5J7OhUVDFRyR6NRKRQ,WIFR TV,https://cn.noxinfluencer.com/youtube/channel/UCO1Lg5J7OhUVDFRyR6NRKRQ,-10,badcase,新闻电视型频道，产品转化场景弱
4651,UCO2DX0cGbOAeb9UuJELrBmw,Twin Cities Adventures,https://cn.noxinfluencer.com/youtube/channel/UCO2DX0cGbOAeb9UuJELrBmw,0,badcase,古董收藏频道，和割草机推广几乎无关
4652,UCO2MGN9M-0rBlSUK4GaqHkA,otherr,https://cn.noxinfluencer.com/youtube/channel/UCO2MGN9M-0rBlSUK4GaqHkA,0,badcase,无标签无内容证据，无法判断相关性
4653,UCO2RafvMgqlepmwhg5iuJYg,Matt Gonzalez,https://cn.noxinfluencer.com/youtube/channel/UCO2RafvMgqlepmwhg5iuJYg,0,badcase,消费电子向，和割草机受众不匹配
4654,UCO2SvMI_kjR93DWoN72bfNQ,PigNut,https://cn.noxinfluencer.com/youtube/channel/UCO2SvMI_kjR93DWoN72bfNQ,0,badcase,无标签，无相关推广信号
4655,UCO3UTBPrgnfMhbjUcHB-2CQ,Authorized Dealer,https://cn.noxinfluencer.com/youtube/channel/UCO3UTBPrgnfMhbjUcHB-2CQ,0,badcase,无标签，缺少定位信息
4656,UCO3fUkjCFTAuaIKHSdvKKIQ,Zy Unlimited Music,https://cn.noxinfluencer.com/youtube/channel/UCO3fUkjCFTAuaIKHSdvKKIQ,0,badcase,音乐类定位，和割草机推广不搭
4658,UCO46OVVy03bHpMuGmEpzc0g,RTG FAMILY,https://cn.noxinfluencer.com/youtube/channel/UCO46OVVy03bHpMuGmEpzc0g,-10,badcase,游戏内容为主，和割草机受众明显错位
4660,UCO4rvxZ-bJ6uGDeSkMCmzEg,Bay Area Buggs,https://cn.noxinfluencer.com/youtube/channel/UCO4rvxZ-bJ6uGDeSkMCmzEg,-15,badcase,游戏角色扮演内容，和产品推广错位
4661,UCO5Jeark1e_JP36mY3ua19g,The Commodity,https://cn.noxinfluencer.com/youtube/channel/UCO5Jeark1e_JP36mY3ua19g,-5,badcase,娱乐/旅行/反应视频为主，产品相关性弱
4662,UCO5WZpf4iKvzK2fW8ozxQcA,Maleick Fleming,https://cn.noxinfluencer.com/youtube/channel/UCO5WZpf4iKvzK2fW8ozxQcA,-15,badcase,游戏与主机内容为主，不适合割草机推广
4663,UCO5f-SEbMeMFrftOAIf4RFA,Stolen Bones,https://cn.noxinfluencer.com/youtube/channel/UCO5f-SEbMeMFrftOAIf4RFA,0,badcase,无标签无内容证据，相关性不足
4664,UCO5wtDLVsCHJjVChis-j1qg,BrockHard Entertainment,https://cn.noxinfluencer.com/youtube/channel/UCO5wtDLVsCHJjVChis-j1qg,-15,badcase,游戏和音乐混合，和割草机推广不匹配
4665,UCO5zEj6SsBMX1QAA0tNQMWA,Sheila Chandler,https://cn.noxinfluencer.com/youtube/channel/UCO5zEj6SsBMX1QAA0tNQMWA,0,badcase,无标签，缺少可用相关信号
4666,UCO62AVOyfSy9gXyINfkgQKQ,Innovative Techs,https://cn.noxinfluencer.com/youtube/channel/UCO62AVOyfSy9gXyINfkgQKQ,0,badcase,偏科技发明向，只有弱泛化关联
4668,UCO6ZvzP8p8KKGSIYNNx_Reg,Captain Crunch,https://cn.noxinfluencer.com/youtube/channel/UCO6ZvzP8p8KKGSIYNNx_Reg,-15,badcase,游戏音乐娱乐向，和割草机受众错位
4669,UCO6kzQ-7wcG0x8W5LpBA9RQ,NewsChannel 5,https://cn.noxinfluencer.com/youtube/channel/UCO6kzQ-7wcG0x8W5LpBA9RQ,-15,badcase,新闻政治向，缺少产品推广场景
4670,UCO6rDmP_HNVZU2H1xkNrNNA,Eddie,https://cn.noxinfluencer.com/youtube/channel/UCO6rDmP_HNVZU2H1xkNrNNA,0,badcase,无标签无内容证据，无法建立关联
4672,UCO7QcFOxqH6WLVyBjJ6oGjw,The Pawsome Show,https://cn.noxinfluencer.com/youtube/channel/UCO7QcFOxqH6WLVyBjJ6oGjw,0,badcase,无标签，和割草机无直接关联
4673,UCO7VxDH0CQxehyMR7XAoWNg,Neal Peterson,https://cn.noxinfluencer.com/youtube/channel/UCO7VxDH0CQxehyMR7XAoWNg,0,badcase,无标签，无相关证据
4674,UCO86zw-y9s_kQ5EeX0lAqPw,New Creations,https://cn.noxinfluencer.com/youtube/channel/UCO86zw-y9s_kQ5EeX0lAqPw,0,badcase,无标签，无相关证据
4676,UCO8LjK5WHhMNzj3pSzf_yTA,The Pink Envelope,https://cn.noxinfluencer.com/youtube/channel/UCO8LjK5WHhMNzj3pSzf_yTA,0,badcase,订阅盒/时尚评测方向，和割草机推广无关
4677,UCO8UmA8DnkZB3P0G6wTAZqA,Marlon from Manchester MFM,https://cn.noxinfluencer.com/youtube/channel/UCO8UmA8DnkZB3P0G6wTAZqA,0,badcase,无有效标签和内容线索，无法判断与割草机相关
4679,UCO8fQqYM_EeHxiGYONWt-fg,Peachy,https://cn.noxinfluencer.com/youtube/channel/UCO8fQqYM_EeHxiGYONWt-fg,-15,badcase,以娱乐搞笑为主，和割草机推广场景不符
4680,UCO8xHStFIvFQo9aitEpa0fw,Eric Sarra,https://cn.noxinfluencer.com/youtube/channel/UCO8xHStFIvFQo9aitEpa0fw,0,badcase,无标签无内容，缺少任何割草机相关证据
4681,UCO9SZMWz2Qs7IKJEaTIT80A,northwoods discovery,https://cn.noxinfluencer.com/youtube/channel/UCO9SZMWz2Qs7IKJEaTIT80A,0,badcase,偏狩猎/越野内容，和割草机推广没有明确交集
4682,UCO9efbiatDh1xxbTSYfsD0A,Home Canvas,https://cn.noxinfluencer.com/youtube/channel/UCO9efbiatDh1xxbTSYfsD0A,0,badcase,无标签无内容线索，和割草机无关
4683,UCOA9OdLPN9t5dkc6H5b8jsA,PowerSports,https://cn.noxinfluencer.com/youtube/channel/UCOA9OdLPN9t5dkc6H5b8jsA,0,badcase,汽车/性能改装向，和割草机品类不相干
4684,UCOBgIlmJNMBH2Nxe_2Opryw,Muddy Throttle Outdoors,https://cn.noxinfluencer.com/youtube/channel/UCOBgIlmJNMBH2Nxe_2Opryw,0,badcase,狩猎/水禽内容为主，和割草机推广不匹配
4685,UCOCWJDGJBrgmIi7vjh-gTKw,chẩu thị nhạ farm's daily life,https://cn.noxinfluencer.com/youtube/channel/UCOCWJDGJBrgmIi7vjh-gTKw,1,badcase,仅有 farm 这类弱场景词，缺少割草机意图
4686,UCOD_Wt7UlDl1cvycVbTxjlA,dirtmister16,https://cn.noxinfluencer.com/youtube/channel/UCOD_Wt7UlDl1cvycVbTxjlA,0,badcase,无标签无内容，无法支持割草机推广
4687,UCODa_o-u3ih7_7ZtfBhJLxw,Testimonies4Life,https://cn.noxinfluencer.com/youtube/channel/UCODa_o-u3ih7_7ZtfBhJLxw,0,badcase,宗教频道，和割草机购买场景没有关系
4688,UCODdqxhlkjLuXKmYoKC5Kzg,Craigs Docks,https://cn.noxinfluencer.com/youtube/channel/UCODdqxhlkjLuXKmYoKC5Kzg,0,badcase,无标签无内容，缺少相关性证据
4691,UCOF0szqi1qecLKNnejYz5lA,Useful Item,https://cn.noxinfluencer.com/youtube/channel/UCOF0szqi1qecLKNnejYz5lA,0,badcase,无标签无内容，和割草机无关
4692,UCOF3ROEnNwN_YybWgfDiaxg,Scott Pycik,https://cn.noxinfluencer.com/youtube/channel/UCOF3ROEnNwN_YybWgfDiaxg,0,badcase,无标签无内容，缺少相关性证据
4693,UCOFRobUuj3ctLS7tQ_2Aj_w,aMaliciousMafia,https://cn.noxinfluencer.com/youtube/channel/UCOFRobUuj3ctLS7tQ_2Aj_w,0,badcase,无标签无内容，无法判断与割草机相关
4694,UCOGE7wqjkvkGPn-xKHK05dw,Farm Alarm,https://cn.noxinfluencer.com/youtube/channel/UCOGE7wqjkvkGPn-xKHK05dw,0,badcase,偏农机赛事/卡车内容，和割草机推广不够贴近
4695,UCOGGxKRwQAfD_knwWMemedw,Katana Lightn3ngCat,https://cn.noxinfluencer.com/youtube/channel/UCOGGxKRwQAfD_knwWMemedw,-15,badcase,以戏仿/游戏/娱乐为主，和割草机推广不符
4696,UCOGNyvtgStVA88tAhoCMYGw,korguenkomodo,https://cn.noxinfluencer.com/youtube/channel/UCOGNyvtgStVA88tAhoCMYGw,0,badcase,手机数码向，和割草机品类没有直接关系
4698,UCOGspNko0U6vBMuJW0nAdmg,SteeveGMTECH,https://cn.noxinfluencer.com/youtube/channel/UCOGspNko0U6vBMuJW0nAdmg,0,badcase,偏车辆和工具展示，缺少割草机购买意图
4699,UCOHGIv5BG80gDndp5dCMMKw,James Gadget,https://cn.noxinfluencer.com/youtube/channel/UCOHGIv5BG80gDndp5dCMMKw,0,badcase,无标签无内容，和割草机无关
4700,UCOHx7K3xC8BJswA9Wag6O2g,Josiah's place,https://cn.noxinfluencer.com/youtube/channel/UCOHx7K3xC8BJswA9Wag6O2g,0,badcase,户外狩猎内容为主，和割草机推广关联弱
4702,UCOIhoH8ASAfSZCixhGridFA,EmersonBiggens1,https://cn.noxinfluencer.com/youtube/channel/UCOIhoH8ASAfSZCixhGridFA,-15,badcase,音乐娱乐向，和割草机推广场景明显不符
4703,UCOIxh4XCX3lTJIrHm5FLLPA,DadHav,https://cn.noxinfluencer.com/youtube/channel/UCOIxh4XCX3lTJIrHm5FLLPA,0,badcase,无标签无内容，缺少相关性证据
4704,UCOKYFsR5ek0fF18yCCF_qig,Red Stag Co,https://cn.noxinfluencer.com/youtube/channel/UCOKYFsR5ek0fF18yCCF_qig,0,badcase,汽车/经典卡车内容为主，和割草机推广关联不足
4705,UCOLkhOth-qb8uvPrClkQD5A,Paving New Paths,https://cn.noxinfluencer.com/youtube/channel/UCOLkhOth-qb8uvPrClkQD5A,0,badcase,RV生活偏移动居住，割草机受众匹配弱
4706,UCOMlUf-nTA_9q6Rf1MNKgQg,Living In North Atlanta Georgia,https://cn.noxinfluencer.com/youtube/channel/UCOMlUf-nTA_9q6Rf1MNKgQg,0,badcase,房产展示向，和割草机推广目标不匹配
4708,UCOO6_C9wTXV09JSbgLAm7OA,Show Me Firearms,https://cn.noxinfluencer.com/youtube/channel/UCOO6_C9wTXV09JSbgLAm7OA,-15,badcase,枪械内容，和割草机推广完全不匹配
4710,UCOOUuwm1HQ7CNlx25JxUm3A,MineLand,https://cn.noxinfluencer.com/youtube/channel/UCOOUuwm1HQ7CNlx25JxUm3A,-15,badcase,游戏娱乐向，和割草机推广无关
4711,UCOP1VuV2bE3xbczLB22GRCQ,Hovey Smith,https://cn.noxinfluencer.com/youtube/channel/UCOP1VuV2bE3xbczLB22GRCQ,0,badcase,内容过于泛化，缺少割草机相关信号
4712,UCOQpwkOs-nHO7mu5orIDIHA,Trending Deal Hub,https://cn.noxinfluencer.com/youtube/channel/UCOQpwkOs-nHO7mu5orIDIHA,0,badcase,无标签无内容，缺少可用相关性
4713,UCOR-MtiRIwTnkCmPcBVu8-w,BACKYARD BROADHEADS,https://cn.noxinfluencer.com/youtube/channel/UCOR-MtiRIwTnkCmPcBVu8-w,-15,badcase,狩猎弩箭内容，和割草机推广不相容
4715,UCOR8jXz9qVeFbv8LYFOL_AQ,Sirrom0206,https://cn.noxinfluencer.com/youtube/channel/UCOR8jXz9qVeFbv8LYFOL_AQ,0,badcase,航空和泛科技内容，和割草机受众不符
4717,UCOSINWvR8JOnnqCP7I6O8TQ,"Erik ""ProCharger"" Radzins",https://cn.noxinfluencer.com/youtube/channel/UCOSINWvR8JOnnqCP7I6O8TQ,0,badcase,汽车性能内容为主，和割草机推广不匹配
4720,UCOUVsAJAuWhotcnm5KMgDWA,GKGF Garage,https://cn.noxinfluencer.com/youtube/channel/UCOUVsAJAuWhotcnm5KMgDWA,0,badcase,车库生活内容过泛，和割草机不够相关
4722,UCOUlPJv3fRgRNMM2HvX2qMg,Bena Covame,https://cn.noxinfluencer.com/youtube/channel/UCOUlPJv3fRgRNMM2HvX2qMg,0,badcase,无标签无内容，无法判断相关性
4723,UCOVDYdVQoRf-A2wOx318KVw,Chy repair,https://cn.noxinfluencer.com/youtube/channel/UCOVDYdVQoRf-A2wOx318KVw,-10,badcase,剧情生活向，和割草机推广目标不符
4724,UCOVe_njM0_4OqQT0qD90sGg,Please Plant Me,https://cn.noxinfluencer.com/youtube/channel/UCOVe_njM0_4OqQT0qD90sGg,0,badcase,无标签无内容，缺少相关证据
4725,UCOWMu6kQgYHoBHn576WAeDA,Benji The Bobcat,https://cn.noxinfluencer.com/youtube/channel/UCOWMu6kQgYHoBHn576WAeDA,-15,badcase,游戏内容为主，不适合割草机推广
4726,UCOWUFS6T51u1I2q1qkMMa4g,PodcastPulse,https://cn.noxinfluencer.com/youtube/channel/UCOWUFS6T51u1I2q1qkMMa4g,0,badcase,无相关标签，内容线索不足
4728,UCOXq5Z1jWjzE9xh2u33rbdA,King Leon Lionheart,https://cn.noxinfluencer.com/youtube/channel/UCOXq5Z1jWjzE9xh2u33rbdA,-10,badcase,体育娱乐内容，和割草机推广场景不匹配
4730,UCOZdqcYIXrn6yNtpAZvgq6w,PREPARED ENVY,https://cn.noxinfluencer.com/youtube/channel/UCOZdqcYIXrn6yNtpAZvgq6w,0,badcase,无标签，无相关证据
4731,UCOZmnFyVdO8MbvUpjcOudCg,wilimovich,https://cn.noxinfluencer.com/youtube/channel/UCOZmnFyVdO8MbvUpjcOudCg,0,badcase,RC车和汽车偏好明显，和割草机关联弱
4732,UCO_AhGPy8QHl6PDSm4iqNLA,Bubba Sawyer,https://cn.noxinfluencer.com/youtube/channel/UCO_AhGPy8QHl6PDSm4iqNLA,-5,badcase,娱乐音乐向，产品推广相关性低
4733,UCO_G1mj0plTZ4O4T1zS5xOA,girl repair,https://cn.noxinfluencer.com/youtube/channel/UCO_G1mj0plTZ4O4T1zS5xOA,0,badcase,无标签，无法判断为相关频道
4735,UCOaJRTMf-myiVe0eLTENq-g,Silver Cymbal Workshop,https://cn.noxinfluencer.com/youtube/channel/UCOaJRTMf-myiVe0eLTENq-g,0,badcase,仅生活方式标签，缺少产品推广信号
4737,UCOae78VuF2CkrdgKc3dR_Zw,The Johnston Family Homestead,https://cn.noxinfluencer.com/youtube/channel/UCOae78VuF2CkrdgKc3dR_Zw,0,badcase,无标签，缺少可用相关信号
4738,UCOaogrST4O_AHAKqbNs6gxA,REVIEWS POINT,https://cn.noxinfluencer.com/youtube/channel/UCOaogrST4O_AHAKqbNs6gxA,0,badcase,无标签，但缺少相关证据
4739,UCObntZ4F7bHdc-qHu5ng8Nw,s h q a,https://cn.noxinfluencer.com/youtube/channel/UCObntZ4F7bHdc-qHu5ng8Nw,0,badcase,无标签，无相关证据
4740,UCOc-grOdNldKHl8PCNvWktA,Bug Bmx,https://cn.noxinfluencer.com/youtube/channel/UCOc-grOdNldKHl8PCNvWktA,-10,badcase,搞笑恶搞向，和割草机推广不适合
4742,UCOdD3OTvRiSksreDVTmOguQ,DarthLuck,https://cn.noxinfluencer.com/youtube/channel/UCOdD3OTvRiSksreDVTmOguQ,0,badcase,无标签、无视频标题证据，缺少草坪机推广相关性
4744,UCOg-k-qLDLqh9AvAwm1TOdw,Lava Tools,https://cn.noxinfluencer.com/youtube/channel/UCOg-k-qLDLqh9AvAwm1TOdw,0,badcase,无标签，工具向线索不足
4746,UCOgm5rZS9rGMgyIWU0axtZg,Best Find Today,https://cn.noxinfluencer.com/youtube/channel/UCOgm5rZS9rGMgyIWU0axtZg,0,badcase,无标签，缺少相关证据
4747,UCOgwnhxJNRUK5EUvFoFMJMw,Mini Epics,https://cn.noxinfluencer.com/youtube/channel/UCOgwnhxJNRUK5EUvFoFMJMw,-15,badcase,宠物/美食/娱乐向，与割草机推广不匹配
4748,UCOhbzVLoyAjZhGoY8n4MBJQ,Household Hooligans,https://cn.noxinfluencer.com/youtube/channel/UCOhbzVLoyAjZhGoY8n4MBJQ,0,badcase,无标签，缺少相关证据
4749,UCOhs6kGT_zQYi9clGRe-eCg,Naomi Guzman,https://cn.noxinfluencer.com/youtube/channel/UCOhs6kGT_zQYi9clGRe-eCg,0,badcase,无标签，缺少相关证据
4750,UCOhthtWpNlWPjguvc3AJBGQ,American Smoke,https://cn.noxinfluencer.com/youtube/channel/UCOhthtWpNlWPjguvc3AJBGQ,-10,badcase,烹饪美食向，与割草机推广不相关
4751,UCOiXrPKkSmPcfIlQvY6pcMQ,waygsGT,https://cn.noxinfluencer.com/youtube/channel/UCOiXrPKkSmPcfIlQvY6pcMQ,-15,badcase,游戏频道，内容与割草机推广完全不相关
4752,UCOiYFgUGMIB1lE-1xhEwtvA,I Love Lucy,https://cn.noxinfluencer.com/youtube/channel/UCOiYFgUGMIB1lE-1xhEwtvA,-10,badcase,情景喜剧/娱乐频道，和割草机购买场景无关
4753,UCOigKXvbWJ8TU5bBQSDYsEQ,TopBestBox,https://cn.noxinfluencer.com/youtube/channel/UCOigKXvbWJ8TU5bBQSDYsEQ,1,badcase,科技评测泛化，只有少量泛工具类弱相关
4754,UCOj-q-37b_P-AZfv-AAN40A,⭐ Authentic Insights with Karen⭐,https://cn.noxinfluencer.com/youtube/channel/UCOj-q-37b_P-AZfv-AAN40A,0,badcase,无标签无内容线索，无法判断为相关频道
4756,UCOkNbsKJTp51bvBun8sy8VA,650ib,https://cn.noxinfluencer.com/youtube/channel/UCOkNbsKJTp51bvBun8sy8VA,-15,badcase,摩托/赛车垂类，和割草机受众不匹配
4760,UCOmcA3f_RrH6b9NmcNa4tdg,CNET,https://cn.noxinfluencer.com/youtube/channel/UCOmcA3f_RrH6b9NmcNa4tdg,0,badcase,科技媒体垂类，缺少园林/家用设备语境
4761,UCOmsEhmSHx1i87mqBpg0Bgw,Redline Powersports Sumter,https://cn.noxinfluencer.com/youtube/channel/UCOmsEhmSHx1i87mqBpg0Bgw,0,badcase,仅有店名线索，无可用标签支撑相关性
4763,UCOnpP6I-3QdZsZI-lDpOBpg,Tools & Tech,https://cn.noxinfluencer.com/youtube/channel/UCOnpP6I-3QdZsZI-lDpOBpg,0,badcase,标签缺失，无法支持割草机推广判断
4764,UCOnxASOjJw0Xl18Eqz3he3Q,Cooper Turner,https://cn.noxinfluencer.com/youtube/channel/UCOnxASOjJw0Xl18Eqz3he3Q,2,badcase,户外生活弱相关，缺少家用设备购买语境
4765,UCOnyeE7kzaV2gKyEwpa1hsQ,Chad Her,https://cn.noxinfluencer.com/youtube/channel/UCOnyeE7kzaV2gKyEwpa1hsQ,-5,badcase,娱乐/短片内容为主，不适合割草机推广
4766,UCOoNc7Q2oDHxgK1DLyMon1A,Dillon Street Boys,https://cn.noxinfluencer.com/youtube/channel/UCOoNc7Q2oDHxgK1DLyMon1A,0,badcase,无标签无内容线索，相关性不足
4768,UCOpxWA2UC4SaKLC1i-f4skw,MyRobotWorkForce,https://cn.noxinfluencer.com/youtube/channel/UCOpxWA2UC4SaKLC1i-f4skw,0,badcase,无标签无内容线索，相关性不足
4769,UCOqe5hbqi5UXnAWTfRx4D_Q,Douglas Dunn,https://cn.noxinfluencer.com/youtube/channel/UCOqe5hbqi5UXnAWTfRx4D_Q,0,badcase,无标签无内容线索，相关性不足
4771,UCOr1pN3XHqNzbqHiht8-EsA,Kids World Siha,https://cn.noxinfluencer.com/youtube/channel/UCOr1pN3XHqNzbqHiht8-EsA,0,badcase,无标签无内容线索，相关性不足
4772,UCOr3uCLECtUnuFllGR6YLcA,Michael Less,https://cn.noxinfluencer.com/youtube/channel/UCOr3uCLECtUnuFllGR6YLcA,0,badcase,旅行vlog垂类，和割草机推广场景弱
4773,UCOrA6ueaiiFmqlWBtgqHEdA,BassSniperScooter,https://cn.noxinfluencer.com/youtube/channel/UCOrA6ueaiiFmqlWBtgqHEdA,0,badcase,钓鱼户外频道，和割草机产品不匹配
4774,UCOrMIQ3PlIFdYZB71W0TbtQ,MrHG78,https://cn.noxinfluencer.com/youtube/channel/UCOrMIQ3PlIFdYZB71W0TbtQ,0,badcase,消费电子垂类，缺少园林设备购买场景
4775,UCOrRz1TrGEqF6q21gtQ4gOQ,ZZPerformance,https://cn.noxinfluencer.com/youtube/channel/UCOrRz1TrGEqF6q21gtQ4gOQ,0,badcase,汽车性能频道，和割草机受众基本不重叠
4777,UCOrY4jt1Qh_mMIKZfHXIA2A,Old Nerd Playing Old PC Games,https://cn.noxinfluencer.com/youtube/channel/UCOrY4jt1Qh_mMIKZfHXIA2A,-15,badcase,游戏娱乐向，和割草机促销场景不匹配
4779,UCOrcIaT19a4kwktG-kB0Rrw,Vacuum Chef,https://cn.noxinfluencer.com/youtube/channel/UCOrcIaT19a4kwktG-kB0Rrw,0,badcase,真空吸尘器垂直频道，与割草机品类错位
4780,UCOrdBJSPsmsdTyZSF43Fwsw,Dr. Cullen Hardy,https://cn.noxinfluencer.com/youtube/channel/UCOrdBJSPsmsdTyZSF43Fwsw,0,badcase,无标签与无内容证据，无法判断相关
4781,UCOreuvMn8d-SZ1dNKcpGqBA,Love Aliex,https://cn.noxinfluencer.com/youtube/channel/UCOreuvMn8d-SZ1dNKcpGqBA,0,badcase,无标签与无内容证据，无法判断相关
4782,UCOsiNFTvkXQoemx3A5uM9_g,FutureTech Zone,https://cn.noxinfluencer.com/youtube/channel/UCOsiNFTvkXQoemx3A5uM9_g,0,badcase,科技汽车向，和园林工具推广关联弱
4783,UCOsp6qFVia36rBLFCLVpbNw,novel gates,https://cn.noxinfluencer.com/youtube/channel/UCOsp6qFVia36rBLFCLVpbNw,0,badcase,无标签与无内容证据，无法判断相关
4784,UCOspJRNtGHlkKkSpUSchN0Q,LC Family,https://cn.noxinfluencer.com/youtube/channel/UCOspJRNtGHlkKkSpUSchN0Q,0,badcase,家庭/育儿/体育向，和割草机受众不符
4785,UCOswNVmXxQLHYUuapDtqLOw,DJE,https://cn.noxinfluencer.com/youtube/channel/UCOswNVmXxQLHYUuapDtqLOw,0,badcase,泛生活健康向，缺少园艺或工具场景
4787,UCOti8vp5kSIznALDYtDIHhQ,chicagospots,https://cn.noxinfluencer.com/youtube/channel/UCOti8vp5kSIznALDYtDIHhQ,-10,badcase,娱乐电视向为主，促销场景不合适
4788,UCOtoxvHLKrIlWbt4MRBWfbQ,RawBeautyKristi,https://cn.noxinfluencer.com/youtube/channel/UCOtoxvHLKrIlWbt4MRBWfbQ,0,badcase,美妆教程频道，和割草机品类无关
4789,UCOtzDXJsCS78HWtdTSz48Vg,CCR Industrial,https://cn.noxinfluencer.com/youtube/channel/UCOtzDXJsCS78HWtdTSz48Vg,0,badcase,无标签与无内容证据，无法判断相关
4791,UCOuHOoUoI7xNkwF2pGu29Gw,Tech Deals,https://cn.noxinfluencer.com/youtube/channel/UCOuHOoUoI7xNkwF2pGu29Gw,0,badcase,无标签与无内容证据，无法判断相关
4792,UCOuJHdEZ6QuJZ6v-YDyb9FA,Gym Girls,https://cn.noxinfluencer.com/youtube/channel/UCOuJHdEZ6QuJZ6v-YDyb9FA,0,badcase,无标签与无内容证据，无法判断相关
4793,UCOuLCBH7x-SdkBZ_EILfQRA,WF Video Productions - Worthless Films,https://cn.noxinfluencer.com/youtube/channel/UCOuLCBH7x-SdkBZ_EILfQRA,0,badcase,影视制作/生活向，相关度很低
4794,UCOuReOu1bQgl-zc6vf927Wg,Tommy Vlogs,https://cn.noxinfluencer.com/youtube/channel/UCOuReOu1bQgl-zc6vf927Wg,0,badcase,摩托/骑行向，和庭院工具推广不匹配
4795,UCOurkuAuyM3YZrChp2lJKKA,New Review World,https://cn.noxinfluencer.com/youtube/channel/UCOurkuAuyM3YZrChp2lJKKA,0,badcase,无标签与无内容证据，无法判断相关
4796,UCOuu74B_kTji3BQpZFCZnng,Logan Gamble,https://cn.noxinfluencer.com/youtube/channel/UCOuu74B_kTji3BQpZFCZnng,0,badcase,无标签与无内容证据，无法判断相关
4797,UCOvcRp2yOyS7MooiT_5Qxmg,Humans React,https://cn.noxinfluencer.com/youtube/channel/UCOvcRp2yOyS7MooiT_5Qxmg,-10,badcase,娱乐反应视频为主，促销转化弱
4798,UCOwUXo048uVOUtclcxp9DlQ,Erie Pa Happenings,https://cn.noxinfluencer.com/youtube/channel/UCOwUXo048uVOUtclcxp9DlQ,0,badcase,骑行生活频道，缺少园艺工具语境
4802,UCOxYX1mG3gSJ6h3l43OhG9Q,the40yogamer,https://cn.noxinfluencer.com/youtube/channel/UCOxYX1mG3gSJ6h3l43OhG9Q,0,badcase,纯游戏号，和割草机推广无关
4803,UCOxoGn23BBHWghJelrqGkhg,Braydon Price,https://cn.noxinfluencer.com/youtube/channel/UCOxoGn23BBHWghJelrqGkhg,-10,badcase,机车越野为主，和割草机受众不对口
4805,UCOyot971eVeruW2fMZPvwmw,Muaz Latest Fashion,https://cn.noxinfluencer.com/youtube/channel/UCOyot971eVeruW2fMZPvwmw,0,badcase,时尚号，和割草机购买场景无关
4806,UCOytZrDuHpmpfdtRU9SCHXA,Feather Films,https://cn.noxinfluencer.com/youtube/channel/UCOytZrDuHpmpfdtRU9SCHXA,-15,badcase,电影解说娱乐号，和割草机场景冲突
4808,UCP-5MqzjBhS1vLcaBDKbJjQ,Jungle Jay Adventures,https://cn.noxinfluencer.com/youtube/channel/UCP-5MqzjBhS1vLcaBDKbJjQ,0,badcase,户外探险为主，缺少园艺设备语境
4809,UCP0PxuXp_xZOV0yhbA9noYw,Renegade Garage,https://cn.noxinfluencer.com/youtube/channel/UCP0PxuXp_xZOV0yhbA9noYw,-5,badcase,车类内容为主，和割草机受众偏离
4811,UCP0uc7nNk_goehJRGIF2n0Q,kick stand “kick stand” outdoors,https://cn.noxinfluencer.com/youtube/channel/UCP0uc7nNk_goehJRGIF2n0Q,0,badcase,户外杂项号，缺少割草机语境
4812,UCP1N9j-Jl890PHJjD3VnhLg,Melissa Metrano,https://cn.noxinfluencer.com/youtube/channel/UCP1N9j-Jl890PHJjD3VnhLg,0,badcase,生活方式号过泛，缺少工具/园艺意图
4813,UCP1pRRcTrorolz3CFe6NZ5Q,Steve Guidi,https://cn.noxinfluencer.com/youtube/channel/UCP1pRRcTrorolz3CFe6NZ5Q,0,badcase,无明确内容标签，无法支持推广
4814,UCP2pxY8FndLmqC6yFg4PpRA,Gun For Hire,https://cn.noxinfluencer.com/youtube/channel/UCP2pxY8FndLmqC6yFg4PpRA,-15,badcase,枪支政治号，和割草机推广不适配
4816,UCP3EawdMvsIN1j9qPa335eA,Christ Centered Gamer,https://cn.noxinfluencer.com/youtube/channel/UCP3EawdMvsIN1j9qPa335eA,-15,badcase,游戏娱乐号，和割草机受众冲突
4817,UCP3KspJqO1fOMBxvpaJmMXQ,Liam Fearon,https://cn.noxinfluencer.com/youtube/channel/UCP3KspJqO1fOMBxvpaJmMXQ,-15,badcase,音乐娱乐号，和割草机场景不符
4819,UCP4QpEC4LGuYmLs3qPKicvQ,SyncalTrades,https://cn.noxinfluencer.com/youtube/channel/UCP4QpEC4LGuYmLs3qPKicvQ,0,badcase,交易类账号无园艺/工具信号
4820,UCP4oXlE0ZoCYx4oO3J49lPg,Steve F,https://cn.noxinfluencer.com/youtube/channel/UCP4oXlE0ZoCYx4oO3J49lPg,0,badcase,无标签，无法判断相关性
4822,UCP6RbngljRhgR0Tplnd9RxQ,Chroma™,https://cn.noxinfluencer.com/youtube/channel/UCP6RbngljRhgR0Tplnd9RxQ,-15,badcase,游戏梗号，和割草机推广不匹配
4823,UCP6aTjEDBP_o-F02xvzFUmg,Ben's Honest Reviews,https://cn.noxinfluencer.com/youtube/channel/UCP6aTjEDBP_o-F02xvzFUmg,0,badcase,像测评号，但缺少园艺/工具证据
4824,UCP7IjGWy5wx-TomaOtYD9sg,Nobroc Games,https://cn.noxinfluencer.com/youtube/channel/UCP7IjGWy5wx-TomaOtYD9sg,-15,badcase,纯游戏号，和家用工具受众不匹配
4825,UCP7Oufy9AsIuPYbqBNA8r5Q,NEWSBIT Trending News Daily,https://cn.noxinfluencer.com/youtube/channel/UCP7Oufy9AsIuPYbqBNA8r5Q,0,badcase,新闻杂号，宠物/娱乐为主，不适合
4826,UCP7VBZA3R-ostxNueaZNCfA,Shakoor201,https://cn.noxinfluencer.com/youtube/channel/UCP7VBZA3R-ostxNueaZNCfA,0,badcase,无相关标签，和割草机投放无明显重合
4827,UCP7W4eDbwxh1ju6IoTHjHkQ,Best Store,https://cn.noxinfluencer.com/youtube/channel/UCP7W4eDbwxh1ju6IoTHjHkQ,0,badcase,无相关标签，缺少割草机或家居设备语境
4828,UCP7lwUtWOIQR5uI7TzzE09A,ZETSUBO,https://cn.noxinfluencer.com/youtube/channel/UCP7lwUtWOIQR5uI7TzzE09A,5,badcase,娱乐动漫为主，虽含产品词但不适合投放
4829,UCP83baPjNK53Q40zkv_OEsA,Smokin with Hass,https://cn.noxinfluencer.com/youtube/channel/UCP83baPjNK53Q40zkv_OEsA,0,badcase,无相关标签，和割草机推广无直接关联
4830,UCP87lB2-KTmNbAfELkRwRJA,breaf on ted,https://cn.noxinfluencer.com/youtube/channel/UCP87lB2-KTmNbAfELkRwRJA,0,badcase,无相关标签，缺少割草机相关受众信号
4832,UCP99KiHKMsXj4RYv5khj3Qw,Down South Pickin' n Stackin',https://cn.noxinfluencer.com/youtube/channel/UCP99KiHKMsXj4RYv5khj3Qw,0,badcase,无相关标签，和割草机投放场景不匹配
4833,UCPALLPNv882MCszcUjU5DmQ,LDSreliance,https://cn.noxinfluencer.com/youtube/channel/UCPALLPNv882MCszcUjU5DmQ,0,badcase,电源/太阳能产品向，和割草机相关度不足
4834,UCPAe0GE55kBIDRqzGfaRwUw,Kitchen Wizardry,https://cn.noxinfluencer.com/youtube/channel/UCPAe0GE55kBIDRqzGfaRwUw,0,badcase,无相关标签，家居频道不等于割草机投放
4835,UCPAelQT6eJ7JjB5SJMS_uVA,#Milo2023,https://cn.noxinfluencer.com/youtube/channel/UCPAelQT6eJ7JjB5SJMS_uVA,0,badcase,无有效标签，无法判断为割草机相关频道
4836,UCPBNk4so6BO8ReWqdoE-8jA,Robert's Ride Along,https://cn.noxinfluencer.com/youtube/channel/UCPBNk4so6BO8ReWqdoE-8jA,0,badcase,岩石收藏/车辆向内容，和割草机投放无关
4838,UCPC-Nuf9hhbGEC4uF93cbjg,Top10Reviews,https://cn.noxinfluencer.com/youtube/channel/UCPC-Nuf9hhbGEC4uF93cbjg,0,badcase,泛兴趣科技频道，缺少割草机或园艺相关信号
4839,UCPC65iPjPrFTHQE0bnKYzBw,Johnson Family Mobile,https://cn.noxinfluencer.com/youtube/channel/UCPC65iPjPrFTHQE0bnKYzBw,0,badcase,无标签信息，无法支持割草机推广
4840,UCPCc4i_lIw-fW9oBXh6yTnw,NURK FPV,https://cn.noxinfluencer.com/youtube/channel/UCPCc4i_lIw-fW9oBXh6yTnw,0,badcase,无人机/摄像内容为主，和割草机受众不重合
4841,UCPDQgn1p5Jeti_OUeDmB2gw,TechTested,https://cn.noxinfluencer.com/youtube/channel/UCPDQgn1p5Jeti_OUeDmB2gw,0,badcase,无相关标签，和割草机投放不匹配
4842,UCPDis9pjXuqyI7RYLJ-TTSA,FailArmy,https://cn.noxinfluencer.com/youtube/channel/UCPDis9pjXuqyI7RYLJ-TTSA,-15,badcase,纯搞笑失败集锦，和割草机推广人群错位
4843,UCPGuBhvp_ThFTmVgzjFu_Zw,Robert,https://cn.noxinfluencer.com/youtube/channel/UCPGuBhvp_ThFTmVgzjFu_Zw,0,badcase,无标签信息，无法支持割草机推广
4844,UCPGw4ro8ymF5q3DxdU9ex-Q,Show-Me Fish Tales,https://cn.noxinfluencer.com/youtube/channel/UCPGw4ro8ymF5q3DxdU9ex-Q,0,badcase,钓鱼/宠物兴趣向，和割草机投放关联很弱
4846,UCPIJy0kVEu4KQbPk7CGuYJw,tech express,https://cn.noxinfluencer.com/youtube/channel/UCPIJy0kVEu4KQbPk7CGuYJw,0,badcase,无相关标签，和割草机受众不匹配
4847,UCPIc49FrwXL3sx768IehRRg,Destination DeRo,https://cn.noxinfluencer.com/youtube/channel/UCPIc49FrwXL3sx768IehRRg,0,badcase,旅行vlog为主，缺少割草机相关语境
4848,UCPJ5Cpis3WL2Bif0VHqbYfQ,Brogen Davis,https://cn.noxinfluencer.com/youtube/channel/UCPJ5Cpis3WL2Bif0VHqbYfQ,0,badcase,无标签信息，无法支持割草机推广
4850,UCPJDQL7kAPAAabG1OQe2kcw,ArasXY,https://cn.noxinfluencer.com/youtube/channel/UCPJDQL7kAPAAabG1OQe2kcw,-15,badcase,娱乐短视频为主，和割草机推广人群错位
4851,UCPJfA21R6tFK2bERpkBXEhg,TonetteandFamily,https://cn.noxinfluencer.com/youtube/channel/UCPJfA21R6tFK2bERpkBXEhg,0,badcase,母婴/生活内容，与割草机推广无关
4855,UCPKuXIhUhXS8Y9INCG-qqYw,databug88,https://cn.noxinfluencer.com/youtube/channel/UCPKuXIhUhXS8Y9INCG-qqYw,0,badcase,体育/泛生活频道，与割草机无关
4856,UCPL6WV4Zrwu1WE_xRIb0TRQ,Roshan Store,https://cn.noxinfluencer.com/youtube/channel/UCPL6WV4Zrwu1WE_xRIb0TRQ,0,badcase,无有效标签与内容信号，无法支持推广
4857,UCPLRnMNnvJQ0-SSBQbXtyGA,The Achristopats Adventure And Homestead Channel,https://cn.noxinfluencer.com/youtube/channel/UCPLRnMNnvJQ0-SSBQbXtyGA,0,badcase,无标签无视频信号，相关性不足
4858,UCPLm9YsvshnBBfrK2aJoIug,Nikki Morissette,https://cn.noxinfluencer.com/youtube/channel/UCPLm9YsvshnBBfrK2aJoIug,0,badcase,无标签无内容证据，和割草机无关
4859,UCPM5Mychu5p3kUzMfnxItjQ,First On Auto Parts,https://cn.noxinfluencer.com/youtube/channel/UCPM5Mychu5p3kUzMfnxItjQ,0,badcase,汽车配件方向，和割草机受众不匹配
4861,UCPMIXPIhGp2WJzocPRQiM1w,JMTech,https://cn.noxinfluencer.com/youtube/channel/UCPMIXPIhGp2WJzocPRQiM1w,0,badcase,科技器材频道，与割草机受众不符
4862,UCPN-jCN1cXa-vnPcnZAbMIA,MyFarmLife,https://cn.noxinfluencer.com/youtube/channel/UCPN-jCN1cXa-vnPcnZAbMIA,0,badcase,仅有农场名，无可用推广证据
4863,UCPNIAGYnxdow7qWgxF-ztTw,Michael Salerno,https://cn.noxinfluencer.com/youtube/channel/UCPNIAGYnxdow7qWgxF-ztTw,-15,badcase,笑话段子频道，明显不适合产品推广
4864,UCPNIbNv3IGlEOzWzOVMygqA,Joey W Lee,https://cn.noxinfluencer.com/youtube/channel/UCPNIbNv3IGlEOzWzOVMygqA,0,badcase,无标签无内容证据，相关性不足
4866,UCPOJwWF7N_of4zmz40oIu1w,Gia Armani,https://cn.noxinfluencer.com/youtube/channel/UCPOJwWF7N_of4zmz40oIu1w,0,badcase,娱乐/宠物混合内容，与割草机弱相关
4867,UCPO_L3hLqGPV91aEqUJ4fAA,Random!,https://cn.noxinfluencer.com/youtube/channel/UCPO_L3hLqGPV91aEqUJ4fAA,0,badcase,无标签无内容证据，相关性不足
4869,UCPQWe7qo9-oP-2HqbflURSQ,ᥫ᭡ The Puig Family ᥫ᭡,https://cn.noxinfluencer.com/youtube/channel/UCPQWe7qo9-oP-2HqbflURSQ,-15,badcase,娱乐短视频频道，推广场景明显不符
4870,UCPS4UnKvqZidaXYCtMS9ZfA,Shawn TFT Plus,https://cn.noxinfluencer.com/youtube/channel/UCPS4UnKvqZidaXYCtMS9ZfA,-15,badcase,纯游戏频道，与割草机产品受众不符
4871,UCPS70N8TjDVAIRHf1i_FV8A,Craftivox,https://cn.noxinfluencer.com/youtube/channel/UCPS70N8TjDVAIRHf1i_FV8A,0,badcase,无标签无内容证据，相关性不足
4873,UCPS_X3rQ0v6rfnHewRxLABA,Dabawenya Wife In America,https://cn.noxinfluencer.com/youtube/channel/UCPS_X3rQ0v6rfnHewRxLABA,0,badcase,移民事务内容，与割草机无关
4875,UCPSerfKwdf2NQS0vtRIBk3w,Trusted Tech & Gadget,https://cn.noxinfluencer.com/youtube/channel/UCPSerfKwdf2NQS0vtRIBk3w,0,badcase,无标签无内容证据，相关性不足
4876,UCPSfjD7o1CQZXzdAy56c8kg,Uncle Rob,https://cn.noxinfluencer.com/youtube/channel/UCPSfjD7o1CQZXzdAy56c8kg,0,badcase,无相关标签和内容信号，难支撑 lawn mower 推广
4877,UCPSpb94dgcisxrTkrM-nN4Q,County Fair Guy,https://cn.noxinfluencer.com/youtube/channel/UCPSpb94dgcisxrTkrM-nN4Q,0,badcase,无相关标签和内容信号，难支撑 lawn mower 推广
4878,UCPSq1Ud8qgHhpETLs7gPvkQ,Tiki Taka,https://cn.noxinfluencer.com/youtube/channel/UCPSq1Ud8qgHhpETLs7gPvkQ,-15,badcase,宠物/搞笑短视频导向，不适合 lawn mower 推广
4879,UCPThCKgBrcKJ_GoXP4zBsbQ,IL Knierim,https://cn.noxinfluencer.com/youtube/channel/UCPThCKgBrcKJ_GoXP4zBsbQ,0,badcase,无相关标签和内容信号，难支撑 lawn mower 推广
4880,UCPUP92zu5r07F77zgNt15og,Sonata's Antics,https://cn.noxinfluencer.com/youtube/channel/UCPUP92zu5r07F77zgNt15og,-15,badcase,娱乐/音乐/访谈向频道，和 lawn mower 推广场景明显不符
4881,UCPUPKgG_zR8slF82LZjc_9Q,Logo Lee,https://cn.noxinfluencer.com/youtube/channel/UCPUPKgG_zR8slF82LZjc_9Q,0,badcase,无相关标签和内容信号，难支撑 lawn mower 推广
4883,UCPVjcX6q7OYJd89B_-G_9XA,Harv-Movies,https://cn.noxinfluencer.com/youtube/channel/UCPVjcX6q7OYJd89B_-G_9XA,0,badcase,无相关标签和内容信号，难支撑 lawn mower 推广
4885,UCPVsg9e_grA9xLRN0gD9nmg,Joe Root,https://cn.noxinfluencer.com/youtube/channel/UCPVsg9e_grA9xLRN0gD9nmg,0,badcase,无相关标签和内容信号，难支撑 lawn mower 推广
4886,UCPWgdcHE748xf_qRaUjznXQ,The Minto Show,https://cn.noxinfluencer.com/youtube/channel/UCPWgdcHE748xf_qRaUjznXQ,0,badcase,无相关标签和内容信号，难支撑 lawn mower 推广
4888,UCPXpeL_1wyu89nnl37jz3Eg,23rd Garage,https://cn.noxinfluencer.com/youtube/channel/UCPXpeL_1wyu89nnl37jz3Eg,0,badcase,汽车/车库向内容，和 lawn mower 推广关系弱
4889,UCPYIvn7VNKShSob8HgnXbHA,The_Rev_Room,https://cn.noxinfluencer.com/youtube/channel/UCPYIvn7VNKShSob8HgnXbHA,-5,badcase,搞笑娱乐为主，缺少工具测评或购买意图
4890,UCPZE9Kf7IwnRFJ-P_0bOf9A,Breeze Offroad,https://cn.noxinfluencer.com/youtube/channel/UCPZE9Kf7IwnRFJ-P_0bOf9A,0,badcase,汽车/越野向内容，和 lawn mower 推广关系弱
4891,UCPZcyRDfRGf-1orDdIm_uig,MJP Games,https://cn.noxinfluencer.com/youtube/channel/UCPZcyRDfRGf-1orDdIm_uig,-15,badcase,游戏内容，和家用园艺工具推广无关
4894,UCPcWPxsLN4OYG8vDpN5dq7Q,Mhaya Scott Acres,https://cn.noxinfluencer.com/youtube/channel/UCPcWPxsLN4OYG8vDpN5dq7Q,-15,badcase,宠物狗向内容，受众与 lawn mower 推广不匹配
4895,UCPchRA_SXTEfBla6MTm69xg,PicRic,https://cn.noxinfluencer.com/youtube/channel/UCPchRA_SXTEfBla6MTm69xg,-15,badcase,ASMR/工业音效导向，属于强格式错配
4897,UCPdUTQRqw3y2PdSuJwpYdhw,Taylor Elmore,https://cn.noxinfluencer.com/youtube/channel/UCPdUTQRqw3y2PdSuJwpYdhw,0,badcase,美食/家庭做饭内容，和 lawn mower 推广不相关
4898,UCPdZb69InsnBkLkDPHska8g,OxyOsbourne,https://cn.noxinfluencer.com/youtube/channel/UCPdZb69InsnBkLkDPHska8g,0,badcase,无相关标签和内容信号，难支撑 lawn mower 推广
4899,UCPe01VhAox_45mFe8bTOQKA,GameraidersLIVE,https://cn.noxinfluencer.com/youtube/channel/UCPe01VhAox_45mFe8bTOQKA,-15,badcase,游戏内容，和家用园艺工具推广无关
4900,UCPeBdd3RNWKurQbg6W-2wng,Your Comedy Minute,https://cn.noxinfluencer.com/youtube/channel/UCPeBdd3RNWKurQbg6W-2wng,-15,badcase,喜剧搞笑内容，不适合 lawn mower 推广
4901,UCPepVjJzIp1ByahJ2RUFPhw,HOA Drama Stories,https://cn.noxinfluencer.com/youtube/channel/UCPepVjJzIp1ByahJ2RUFPhw,0,badcase,无相关标签，故事类内容不适合推割草机
4905,UCPgXhd019oOk_1t1XBvhvJQ,WalStreet,https://cn.noxinfluencer.com/youtube/channel/UCPgXhd019oOk_1t1XBvhvJQ,0,badcase,无标签，无相关证据
4908,UCPgjWCKL9eUk_u4-KRP4jdw,2 Mostly Bald Guys,https://cn.noxinfluencer.com/youtube/channel/UCPgjWCKL9eUk_u4-KRP4jdw,-15,badcase,车辆/摩托内容，和割草机推广不匹配
4909,UCPgnXcdbHMjt16B1Pd5Crnw,Outside Sam,https://cn.noxinfluencer.com/youtube/channel/UCPgnXcdbHMjt16B1Pd5Crnw,0,badcase,无标签，无相关证据
4910,UCPgxr5wjhcISFlLBl4-VkfA,brandtech pro,https://cn.noxinfluencer.com/youtube/channel/UCPgxr5wjhcISFlLBl4-VkfA,0,badcase,无标签，无相关证据
4911,UCPha-Mlmzj5OuM5kWweWJmQ,Alexey,https://cn.noxinfluencer.com/youtube/channel/UCPha-Mlmzj5OuM5kWweWJmQ,0,badcase,无标签，无相关证据
4912,UCPhckk25N7P8OI580ucRidA,Ctop,https://cn.noxinfluencer.com/youtube/channel/UCPhckk25N7P8OI580ucRidA,-15,badcase,游戏内容，和割草机推广明显不符
4914,UCPiydZxfhRk1T79CpTSavIw,MODRN GOLF,https://cn.noxinfluencer.com/youtube/channel/UCPiydZxfhRk1T79CpTSavIw,0,badcase,高尔夫器材受众与割草机推广弱相关
4915,UCPk60LLfMuknzxNoCyNmSIw,Key In Hand,https://cn.noxinfluencer.com/youtube/channel/UCPk60LLfMuknzxNoCyNmSIw,0,badcase,无标签，无相关证据
4916,UCPl7XqV9beQowDNsaeC9Q5A,Almond Consulting,https://cn.noxinfluencer.com/youtube/channel/UCPl7XqV9beQowDNsaeC9Q5A,0,badcase,资安咨询类内容，不适合家用工具推广
4917,UCPlA-Z-8VyXiByZlndxt7eQ,Leigh Ann,https://cn.noxinfluencer.com/youtube/channel/UCPlA-Z-8VyXiByZlndxt7eQ,0,badcase,娱乐/情侣日常内容，相关性弱
4918,UCPm8GueZ60mKYCKh35XBw-w,The Meme Den,https://cn.noxinfluencer.com/youtube/channel/UCPm8GueZ60mKYCKh35XBw-w,0,badcase,无标签，无相关证据
4919,UCPmBD8Rik97quc1lZ8dvDIQ,Future's Past,https://cn.noxinfluencer.com/youtube/channel/UCPmBD8Rik97quc1lZ8dvDIQ,0,badcase,奢侈品仿包开箱，和割草机无关
4920,UCPmBhhdBqxhXldH-W9ZQmYQ,SlashStreams Network,https://cn.noxinfluencer.com/youtube/channel/UCPmBhhdBqxhXldH-W9ZQmYQ,0,badcase,无标签，无相关证据
4921,UCPmOeU4l0bmZ9pojzH-TqZg,JeromeQ Comedy Reactions,https://cn.noxinfluencer.com/youtube/channel/UCPmOeU4l0bmZ9pojzH-TqZg,-15,badcase,表情包/喜剧内容，不适合产品推广
4922,UCPmcnf9YWiBzOQd_JTHd1TQ,Pet Secrets,https://cn.noxinfluencer.com/youtube/channel/UCPmcnf9YWiBzOQd_JTHd1TQ,0,badcase,宠物内容，和人用割草机无关
4923,UCPnIuXqlPCGoqUaC2JfWSVw,DarkStoneCastle,https://cn.noxinfluencer.com/youtube/channel/UCPnIuXqlPCGoqUaC2JfWSVw,0,badcase,泛生活科技频道，相关性不足
4924,UCPnR4L9QqvZFeORA5FavfAw,CheapGeek,https://cn.noxinfluencer.com/youtube/channel/UCPnR4L9QqvZFeORA5FavfAw,0,badcase,车辆/房车内容，和割草机推广不匹配
4925,UCPncBscU3hCxaIFuVIXFiiQ,The Outdoors Daddy,https://cn.noxinfluencer.com/youtube/channel/UCPncBscU3hCxaIFuVIXFiiQ,0,badcase,无相关园艺标签，相关性不足
4926,UCPpVRUgj13nXYgqQMI7mrqA,Channel Dior,https://cn.noxinfluencer.com/youtube/channel/UCPpVRUgj13nXYgqQMI7mrqA,-5,badcase,美食频道，主题与割草机推广明显不符
4927,UCPq9DSHjSk14ipHiuvaXYZw,The Petrol Vault,https://cn.noxinfluencer.com/youtube/channel/UCPq9DSHjSk14ipHiuvaXYZw,0,badcase,无标签、无内容证据，无法支持割草机推广相关性
4928,UCPqcNy58EjfmuP_waUknRSw,Artisan Loop,https://cn.noxinfluencer.com/youtube/channel/UCPqcNy58EjfmuP_waUknRSw,0,badcase,无标签和视频信号，无法支持割草机推广，判定为不相关
4930,UCPt1jEbRWkTBcioPEGPJY9w,All4Shawn,https://cn.noxinfluencer.com/youtube/channel/UCPt1jEbRWkTBcioPEGPJY9w,0,badcase,汽车车主内容，与割草机推广无关，缺少园艺/工具/购买意图
4932,UCPu0ecwq5xvekhh-WOvQIMA,Brian's Fix & Repair,https://cn.noxinfluencer.com/youtube/channel/UCPu0ecwq5xvekhh-WOvQIMA,0,badcase,无标签和内容证据，无法支持割草机推广相关性
4934,UCPv0gW1pt9ZMcFNn_DyV2IQ,old64goat,https://cn.noxinfluencer.com/youtube/channel/UCPv0gW1pt9ZMcFNn_DyV2IQ,0,badcase,仅有泛化生活/工具标签，缺少割草机或园艺购买场景
4935,UCPv6_GljwnFHvHWcsU074qQ,electronicsNmore,https://cn.noxinfluencer.com/youtube/channel/UCPv6_GljwnFHvHWcsU074qQ,-15,badcase,频道偏法律/保险/医药主题，与割草机推广场景明显不符
4936,UCPvMUGIfjJ1xDJeWckkROgA,STeamReviews,https://cn.noxinfluencer.com/youtube/channel/UCPvMUGIfjJ1xDJeWckkROgA,2,badcase,仅有科技/爱好泛标签，缺少割草机购买或测评意图
4937,UCPvaceZxrow7yy0L2e71fLA,Exchanging Wisdom,https://cn.noxinfluencer.com/youtube/channel/UCPvaceZxrow7yy0L2e71fLA,0,badcase,无标签和内容证据，和割草机推广无相关性
4938,UCPvqG1xrvBpSntpvFrk1ZuA,TRAILPOWER,https://cn.noxinfluencer.com/youtube/channel/UCPvqG1xrvBpSntpvFrk1ZuA,0,badcase,标签偏车旅/户外，缺少割草机或园艺购买语境
4939,UCPw65G6OIwmDcMl623N_9Wg,Top Rated,https://cn.noxinfluencer.com/youtube/channel/UCPw65G6OIwmDcMl623N_9Wg,0,badcase,标签多为泛科技/生活，和 lawn mower 推广无明显相关
4940,UCPw98sSWeIWKoYLaEoZQj0Q,Sleep Better,https://cn.noxinfluencer.com/youtube/channel/UCPw98sSWeIWKoYLaEoZQj0Q,0,badcase,无相关标签与内容信号，偏睡眠主题，难推广割草机
4941,UCPwVnyPbolHLtTF25MG1OrQ,Vtuber Clip & Subs Ch.,https://cn.noxinfluencer.com/youtube/channel/UCPwVnyPbolHLtTF25MG1OrQ,-15,badcase,虚拟主播切片号，受众与割草机推广完全不匹配
4942,UCPw_W4aLUvehrX05otxqrWA,Just Matilda,https://cn.noxinfluencer.com/youtube/channel/UCPw_W4aLUvehrX05otxqrWA,0,badcase,频道偏城市旅行/火车内容，与割草机推广无关
4943,UCPwcBIPFyRai2vCDe07KtzA,tgvyhbujnikm,https://cn.noxinfluencer.com/youtube/channel/UCPwcBIPFyRai2vCDe07KtzA,-15,badcase,频道以娱乐/宠物为主，与割草机推广场景明显不符
4944,UCPxg8BpRHGyWXztSi6qMHXA,The DIY Farmers,https://cn.noxinfluencer.com/youtube/channel/UCPxg8BpRHGyWXztSi6qMHXA,1,badcase,仅有农场泛相关，缺少割草机购买/评测意图
4945,UCPxlQ-GyNf2YOCF66rgbZgQ,GeekSpin,https://cn.noxinfluencer.com/youtube/channel/UCPxlQ-GyNf2YOCF66rgbZgQ,2,badcase,仅有科技/生活泛标签，缺少园艺工具或测评购买信号
4946,UCPyzFFQ_ss4YbVpN57ENYwA,ThriftStore Hacker,https://cn.noxinfluencer.com/youtube/channel/UCPyzFFQ_ss4YbVpN57ENYwA,-15,badcase,频道偏金融加密，与割草机推广场景明显不符
4947,UCPz8utAr93VsJbjEvq8g_gA,Wades RC,https://cn.noxinfluencer.com/youtube/channel/UCPz8utAr93VsJbjEvq8g_gA,-15,badcase,RC模型车频道，与割草机推广受众和场景明显不匹配
4948,UCQ-ZokRbnuK-QOy0bDQWgFQ,Rosel Simpson TV,https://cn.noxinfluencer.com/youtube/channel/UCQ-ZokRbnuK-QOy0bDQWgFQ,-15,badcase,以烹饪内容为主，与割草机推广场景明显不匹配
4949,UCQ-ut6ag6YOVsppZy9oHoFQ,Unboxing Synapses,https://cn.noxinfluencer.com/youtube/channel/UCQ-ut6ag6YOVsppZy9oHoFQ,0,badcase,无标签、无相关视频信号，无法支持割草机推广相关性
4950,UCQ0BJ4N7T6iOYzauUKJLb_w,Orschell Excavating,https://cn.noxinfluencer.com/youtube/channel/UCQ0BJ4N7T6iOYzauUKJLb_w,-10,badcase,施工挖掘类频道，和割草机推广人群明显不符
4952,UCQ0pIvf4i7UWJ9sHq3Zhfpg,NextCube Tech,https://cn.noxinfluencer.com/youtube/channel/UCQ0pIvf4i7UWJ9sHq3Zhfpg,0,badcase,无标签无内容证据，无法判断为相关
4953,UCQ1L-38wxgWDjMt6EAFwGbA,TLCee Updates,https://cn.noxinfluencer.com/youtube/channel/UCQ1L-38wxgWDjMt6EAFwGbA,-5,badcase,娱乐向频道，缺少产品推广语境
4954,UCQ1staeBJ2dVtaJRJoc8EWw,5BestPro,https://cn.noxinfluencer.com/youtube/channel/UCQ1staeBJ2dVtaJRJoc8EWw,0,badcase,无标签无内容证据，无法判断为相关
4955,UCQ3XNnLmleIeIMAvHsVr28Q,Ferraiz Hinkes,https://cn.noxinfluencer.com/youtube/channel/UCQ3XNnLmleIeIMAvHsVr28Q,0,badcase,无标签无内容证据，无法判断为相关
4958,UCQ4a3sKgqz0cwGrPeJoFeyw,Midwest Option Hunt Channel,https://cn.noxinfluencer.com/youtube/channel/UCQ4a3sKgqz0cwGrPeJoFeyw,0,badcase,狩猎内容为主，和割草机推广场景偏离
4959,UCQ4rXeLWokPiRANuSh1fraQ,DMR Heroes,https://cn.noxinfluencer.com/youtube/channel/UCQ4rXeLWokPiRANuSh1fraQ,-15,badcase,游戏娱乐频道，与割草机推广完全不相符
4960,UCQ4s9mZhxslK-dd7LbDUzrQ,Best Aliexpress Products House,https://cn.noxinfluencer.com/youtube/channel/UCQ4s9mZhxslK-dd7LbDUzrQ,0,badcase,仅名称像选品号，无标签/内容证据
4961,UCQ5x2mP8b--MTVYwwQUbBaw,MBJ DIY,https://cn.noxinfluencer.com/youtube/channel/UCQ5x2mP8b--MTVYwwQUbBaw,0,badcase,标签全是平台运营词，无产品受众
4962,UCQ61Iqy6U6fgjfQa8DmF1HQ,Silent Scars,https://cn.noxinfluencer.com/youtube/channel/UCQ61Iqy6U6fgjfQa8DmF1HQ,-15,badcase,喜剧娱乐主导，明显不适合物理产品推广
4965,UCQ8styy6s8d98ohSdFwtLAg,Troy Shaw,https://cn.noxinfluencer.com/youtube/channel/UCQ8styy6s8d98ohSdFwtLAg,0,badcase,家庭 vlog 向，缺少园林工具场景
4966,UCQ94b18vowJ4NhRmVJ6du9A,jasminealvey,https://cn.noxinfluencer.com/youtube/channel/UCQ94b18vowJ4NhRmVJ6du9A,0,badcase,无标签无内容证据，无法判断为相关
4967,UCQ9e0JHba7ApNz_-HL-p_6A,GREENPOWERSCIENCE,https://cn.noxinfluencer.com/youtube/channel/UCQ9e0JHba7ApNz_-HL-p_6A,0,badcase,科研/太阳能向，和割草机推广关系弱
4969,UCQ9v466uLBE3v5-GlSRTIBg,Mechanic Huong Lan,https://cn.noxinfluencer.com/youtube/channel/UCQ9v466uLBE3v5-GlSRTIBg,0,badcase,无标签无内容证据，无法判断为相关
4971,UCQAqjLdh4F_IJ2NS8kndlWQ,Jordan Sherrod,https://cn.noxinfluencer.com/youtube/channel/UCQAqjLdh4F_IJ2NS8kndlWQ,-15,badcase,娱乐/短剧向内容，和割草机受众不匹配
4973,UCQBDJOxoFi8cZHItAiyrLag,ReviewNest Daily,https://cn.noxinfluencer.com/youtube/channel/UCQBDJOxoFi8cZHItAiyrLag,0,badcase,无标签无内容证据，无法判断为相关
4974,UCQBMdhVX8w_Q6J8UrEglvkg,bigshredder,https://cn.noxinfluencer.com/youtube/channel/UCQBMdhVX8w_Q6J8UrEglvkg,0,badcase,回收生活向，和割草机推广关系弱
4977,UCQC_9JswYck-ciNICA1x1Qg,Josh Cobb,https://cn.noxinfluencer.com/youtube/channel/UCQC_9JswYck-ciNICA1x1Qg,0,badcase,泛生活科技，缺少割草机或工具推广信号
4978,UCQCo2L7U7WU0eNIFQ7WzFjw,Gymnanigains,https://cn.noxinfluencer.com/youtube/channel/UCQCo2L7U7WU0eNIFQ7WzFjw,0,badcase,宠物与健身向，和割草机推广关联弱
4980,UCQENNJK7HHVmoy34WPjebkw,BT Build Things - Home Edition,https://cn.noxinfluencer.com/youtube/channel/UCQENNJK7HHVmoy34WPjebkw,0,badcase,无标签，无法判断为相关频道
4981,UCQEoqaxNfIzgQMtj52v3ajA,Armata099,https://cn.noxinfluencer.com/youtube/channel/UCQEoqaxNfIzgQMtj52v3ajA,-5,badcase,游戏向为主，不适合工具类产品推广
4982,UCQF-_-CrbxhCpOypu9EpvsA,Diamonds 4 Linda,https://cn.noxinfluencer.com/youtube/channel/UCQF-_-CrbxhCpOypu9EpvsA,0,badcase,手工DIY向，和割草机品类关联弱
4985,UCQFOonrE-VWoxCmjfrOQJuw,Subariblet,https://cn.noxinfluencer.com/youtube/channel/UCQFOonrE-VWoxCmjfrOQJuw,0,badcase,无标签，缺少可用相关性证据
4986,UCQGKkMsv7i46stflWnzousg,Cleanup Relax,https://cn.noxinfluencer.com/youtube/channel/UCQGKkMsv7i46stflWnzousg,-12,badcase,ASMR清洁格式，偏听感不适合卖割草机
4987,UCQHVG5IiPTgrk97MYbCA9dw,Spc_Munguia,https://cn.noxinfluencer.com/youtube/channel/UCQHVG5IiPTgrk97MYbCA9dw,0,badcase,宠物/鱼缸等杂项内容，和割草机推广不匹配
4989,UCQHxjvq8S_Ebdy9Pg5LUBVQ,Tech Estate,https://cn.noxinfluencer.com/youtube/channel/UCQHxjvq8S_Ebdy9Pg5LUBVQ,0,badcase,无标签，缺少可用相关性证据
4992,UCQJSPycOxbb7MJag0IrbyAg,Premium Fuel Only,https://cn.noxinfluencer.com/youtube/channel/UCQJSPycOxbb7MJag0IrbyAg,0,badcase,无标签，缺少可用相关性证据
4993,UCQKYq1113r9bBMwP-SGhJhQ,iWill,https://cn.noxinfluencer.com/youtube/channel/UCQKYq1113r9bBMwP-SGhJhQ,0,badcase,无标签，缺少可用相关性证据
4994,UCQKgEiUF-1lk6-_u4vURW9w,Leo Reiffen,https://cn.noxinfluencer.com/youtube/channel/UCQKgEiUF-1lk6-_u4vURW9w,0,badcase,无标签，缺少可用相关性证据
4997,UCQMgecWdiyjXqIQaq3pe3tA,Genuine show,https://cn.noxinfluencer.com/youtube/channel/UCQMgecWdiyjXqIQaq3pe3tA,0,badcase,音乐类内容为主，和割草机推广不匹配
4999,UCQN8SmllNRGCSQWaxS3TpCw,myrna reyes,https://cn.noxinfluencer.com/youtube/channel/UCQN8SmllNRGCSQWaxS3TpCw,-5,badcase,音乐/表演内容为主，不适合工具推广
5000,UCQNUmQcMMvg8xZcfh94jT4w,PIXIEDRAW1,https://cn.noxinfluencer.com/youtube/channel/UCQNUmQcMMvg8xZcfh94jT4w,-15,badcase,娱乐音乐频道，明显不适合割草机推广
5001,UCQNuGDUxuWFGB6834b2KMWw,The Open Booth,https://cn.noxinfluencer.com/youtube/channel/UCQNuGDUxuWFGB6834b2KMWw,0,badcase,无标签和内容线索，和割草机无明显相关
5002,UCQNvo_31eXdsdqhXjiH0Jcw,Double D Kicks,https://cn.noxinfluencer.com/youtube/channel/UCQNvo_31eXdsdqhXjiH0Jcw,-15,badcase,鞋服潮流向，与割草机推广场景明显不符
5004,UCQObd2W7coJIAYe-sZmO6ew,The Art of Craftsmanship,https://cn.noxinfluencer.com/youtube/channel/UCQObd2W7coJIAYe-sZmO6ew,0,badcase,工艺手作向，和园艺割草工具相关性弱
5005,UCQOcC69izcQucP1vG3Lg3pw,IMARC Group,https://cn.noxinfluencer.com/youtube/channel/UCQOcC69izcQucP1vG3Lg3pw,0,badcase,无标签，缺少任何园艺或工具购买语境
5006,UCQOqIF4Zew28WPPCufn4WJg,BladeCraft Studio,https://cn.noxinfluencer.com/youtube/channel/UCQOqIF4Zew28WPPCufn4WJg,0,badcase,无标签，缺少园艺/工具/购买相关信号
5008,UCQPUyWu5Ad_XBwbDDT19WDA,Rusty Hammer Forge,https://cn.noxinfluencer.com/youtube/channel/UCQPUyWu5Ad_XBwbDDT19WDA,0,badcase,锻造修理向但非园艺设备，相关性偏弱
5009,UCQQZu8jY4sCC1YoyvbOjHBQ,Best Of Top 10,https://cn.noxinfluencer.com/youtube/channel/UCQQZu8jY4sCC1YoyvbOjHBQ,0,badcase,榜单频道泛化，缺少割草机受众信号
5011,UCQRC7AmywmL3PTePI_tP2_Q,Henry Pug  & Brothers,https://cn.noxinfluencer.com/youtube/channel/UCQRC7AmywmL3PTePI_tP2_Q,-15,badcase,宠物狗内容，和人用割草机推广互斥
5012,UCQRS3G_F99qEZvjX0cPOX0w,Business Assurance,https://cn.noxinfluencer.com/youtube/channel/UCQRS3G_F99qEZvjX0cPOX0w,0,badcase,无标签，缺少相关受众
5013,UCQS5UMV_xc6KKJyn0mE7OIQ,LYRIX559,https://cn.noxinfluencer.com/youtube/channel/UCQS5UMV_xc6KKJyn0mE7OIQ,0,badcase,无标签，缺少相关受众
5015,UCQT0TzzyEUUfAEHyemf5z8w,Corey's World,https://cn.noxinfluencer.com/youtube/channel/UCQT0TzzyEUUfAEHyemf5z8w,0,badcase,无标签，缺少相关受众
5016,UCQTu7scwnv2GmnWx6vHEY3g,The Random Channel And More,https://cn.noxinfluencer.com/youtube/channel/UCQTu7scwnv2GmnWx6vHEY3g,0,badcase,无标签，缺少相关受众
5017,UCQUyPDkIW4B6K69-LFL2lKA,Kola,https://cn.noxinfluencer.com/youtube/channel/UCQUyPDkIW4B6K69-LFL2lKA,0,badcase,科技数码向，和割草机品类不匹配
5019,UCQV1mr6-WFws1bwbYRviefg,Joman,https://cn.noxinfluencer.com/youtube/channel/UCQV1mr6-WFws1bwbYRviefg,0,badcase,娱乐混合向，缺少园艺或工具购买语境
5020,UCQXSy_ZZ4hlvgC15k6ZErsQ,Callhampterofficial,https://cn.noxinfluencer.com/youtube/channel/UCQXSy_ZZ4hlvgC15k6ZErsQ,-15,badcase,宠物仓鼠内容，和人用割草机明显互斥
5022,UCQYkGYBG_y4WZUpV6nz82fQ,MITEEman,https://cn.noxinfluencer.com/youtube/channel/UCQYkGYBG_y4WZUpV6nz82fQ,0,badcase,健康宠物混合向，缺少园艺工具语境
5025,UCQZB6kPdZuTlZJmbwIIjO9Q,Stephanie McDee,https://cn.noxinfluencer.com/youtube/channel/UCQZB6kPdZuTlZJmbwIIjO9Q,0,badcase,音乐生活向，和割草机推广无关
5027,UCQZjDglw_BT6Wfc_PK3wGUw,Shannon Cornthwaite Advocacy,https://cn.noxinfluencer.com/youtube/channel/UCQZjDglw_BT6Wfc_PK3wGUw,0,badcase,无垂类标签，无法判断为割草机受众
5028,UCQ_28m8T35_zYFViEh4SSlQ,Jan Mark Garcia,https://cn.noxinfluencer.com/youtube/channel/UCQ_28m8T35_zYFViEh4SSlQ,-15,badcase,ASMR/短视频娱乐为主，与产品推广场景不符
5030,UCQa5oIUiCBtBupkTCaJnCog,LIFE OF JAEE,https://cn.noxinfluencer.com/youtube/channel/UCQa5oIUiCBtBupkTCaJnCog,0,badcase,无相关标签与内容证据
5032,UCQahJ7jP0Ob5IRxcNV42Wdw,SanJoseMaxwell,https://cn.noxinfluencer.com/youtube/channel/UCQahJ7jP0Ob5IRxcNV42Wdw,-10,badcase,以音乐/娱乐为主，和割草机推广关联弱
5033,UCQajL6XlajMfMZq85egGdyw,Texas Ranching,https://cn.noxinfluencer.com/youtube/channel/UCQajL6XlajMfMZq85egGdyw,0,badcase,缺少标签和内容线索，相关性不足
5034,UCQbL_cMJR-Z1cqXyrJ6LMEg,Me And My Royal Enfield,https://cn.noxinfluencer.com/youtube/channel/UCQbL_cMJR-Z1cqXyrJ6LMEg,0,badcase,摩托车垂类，与割草机无关
5035,UCQbRNotzmW04w2biC-_2K6Q,Life Less Ordinary,https://cn.noxinfluencer.com/youtube/channel/UCQbRNotzmW04w2biC-_2K6Q,2,badcase,仅生活方式泛标签，缺少草坪工具场景
5036,UCQbsQGh3VU56zlEqm08EmIA,Leonardo Saldana,https://cn.noxinfluencer.com/youtube/channel/UCQbsQGh3VU56zlEqm08EmIA,0,badcase,无标签与视频证据，无法支撑推广
5038,UCQcJtNTWX9Xah_5QBmocPFw,Jon Likes Things,https://cn.noxinfluencer.com/youtube/channel/UCQcJtNTWX9Xah_5QBmocPFw,0,badcase,无相关标签与内容线索
5039,UCQdDB0yJEKQbCu8IbHGq_1A,TheFarrSyde,https://cn.noxinfluencer.com/youtube/channel/UCQdDB0yJEKQbCu8IbHGq_1A,-15,badcase,搞笑娱乐频道，基本不适合产品推广
5040,UCQdTnqzq-bPmS_FZQ4_IvPA,Kuppi News,https://cn.noxinfluencer.com/youtube/channel/UCQdTnqzq-bPmS_FZQ4_IvPA,0,badcase,新闻向频道，不是目标工具受众
5041,UCQeHXoRd_3riqOT-5j5Wm3Q,Bert Build's,https://cn.noxinfluencer.com/youtube/channel/UCQeHXoRd_3riqOT-5j5Wm3Q,-10,badcase,车辆/柴油内容为主，不是草坪工具垂类
5042,UCQeT6enXXDiGeEFXz556Q5w,NAALife,https://cn.noxinfluencer.com/youtube/channel/UCQeT6enXXDiGeEFXz556Q5w,0,badcase,无标签，无法判断为割草机受众
5043,UCQfCBNOQEU9O_XQyQ1cmHpQ,Raquel Lillian Schnitzer,https://cn.noxinfluencer.com/youtube/channel/UCQfCBNOQEU9O_XQyQ1cmHpQ,-10,badcase,喜剧娱乐向，和割草机推广不匹配
5044,UCQfK-l22G9zJlwUm6TlskRA,Prathee's Space,https://cn.noxinfluencer.com/youtube/channel/UCQfK-l22G9zJlwUm6TlskRA,0,badcase,无相关标签与内容线索
5045,UCQgpn-KMujXxbcD9XRgCsOw,Shade Tree Automotive & DIY Home Maintenance,https://cn.noxinfluencer.com/youtube/channel/UCQgpn-KMujXxbcD9XRgCsOw,-15,badcase,汽车维修主轴，和割草机受众错位
5046,UCQh54hVNM1qH6U-tDHfNMWQ,The Factful Bro,https://cn.noxinfluencer.com/youtube/channel/UCQh54hVNM1qH6U-tDHfNMWQ,0,badcase,科普泛知识，缺少家用/园艺工具场景
5047,UCQhw4CPKgUZyCKVmAYCoRIQ,Bitner Built,https://cn.noxinfluencer.com/youtube/channel/UCQhw4CPKgUZyCKVmAYCoRIQ,2,badcase,仅泛生活/爱好标签，草坪工具相关度弱
5048,UCQiz-C-BpIKqek4tFRW7oWg,GameSavy TV,https://cn.noxinfluencer.com/youtube/channel/UCQiz-C-BpIKqek4tFRW7oWg,0,badcase,游戏频道，与割草机产品不相关
5050,UCQjEWkwoLVCNmxHPQ0QZHvg,Breakers Stereo & Performance,https://cn.noxinfluencer.com/youtube/channel/UCQjEWkwoLVCNmxHPQ0QZHvg,-10,badcase,车载音响为主，和割草机无关
9102,UCw7IvrSDOMH1vWf9Tw0lHqA,Handyman Hal - Music for Kids,https://cn.noxinfluencer.com/youtube/channel/UCw7IvrSDOMH1vWf9Tw0lHqA,-15,badcase,儿童娱乐频道，受众与割草机推广明显不符
9103,UCw7ZLjuot-VhtZLNPjQF3Xg,Smart Gadgets,https://cn.noxinfluencer.com/youtube/channel/UCw7ZLjuot-VhtZLNPjQF3Xg,0,badcase,泛科技/生活类，缺少园艺或工具场景证据
9105,UCw8XBpiwknuxf57AojUUVUQ,Grassmaster,https://cn.noxinfluencer.com/youtube/channel/UCw8XBpiwknuxf57AojUUVUQ,0,badcase,无标签无内容证据，无法判断为草坪工具受众
9106,UCw93vPinPMJfFpx49bl7JHw,Alibaba Product Reviews,https://cn.noxinfluencer.com/youtube/channel/UCw93vPinPMJfFpx49bl7JHw,0,badcase,无标签证据，产品评测定位不足
9107,UCw9RfQ4DTwP0yC9xd29R2vg,MrTitanosaurus,https://cn.noxinfluencer.com/youtube/channel/UCw9RfQ4DTwP0yC9xd29R2vg,0,badcase,无标签无标题证据，难支持割草机推广
9108,UCwA7LU4-jps613RuewhWWDg,Funny Business Podcast,https://cn.noxinfluencer.com/youtube/channel/UCwA7LU4-jps613RuewhWWDg,0,badcase,播客内容与家用工具推广关联弱
9109,UCwACkX9cFJbYKFR5GQmbpFQ,2407,https://cn.noxinfluencer.com/youtube/channel/UCwACkX9cFJbYKFR5GQmbpFQ,-10,badcase,宠物娱乐频道，受众与人用割草机推广不匹配
9110,UCwANALid9svUEijHG__9MQQ,Houston,https://cn.noxinfluencer.com/youtube/channel/UCwANALid9svUEijHG__9MQQ,0,badcase,无可用标签或内容，相关性无法成立
9111,UCwAipLlg4-a06hqWLLBg78g,MrSmallCakes,https://cn.noxinfluencer.com/youtube/channel/UCwAipLlg4-a06hqWLLBg78g,0,badcase,无可用标签或标题证据
9113,UCwCFra2KKDdmgowL_pSrDVg,Matt Verley,https://cn.noxinfluencer.com/youtube/channel/UCwCFra2KKDdmgowL_pSrDVg,0,badcase,偏车辆/CNC内容，缺少草坪工具场景
9114,UCwCQpGV4q91UNqAshwHnoTw,TWIN ideas,https://cn.noxinfluencer.com/youtube/channel/UCwCQpGV4q91UNqAshwHnoTw,0,badcase,前五标签偏泵和通用生活，和割草机不贴合
9115,UCwFFBHFyBjs98mv2ep4B8tw,Reviews Products Store,https://cn.noxinfluencer.com/youtube/channel/UCwFFBHFyBjs98mv2ep4B8tw,0,badcase,无标签证据，无法支持定向推广
9116,UCwFnxeT6z_ZO-fG2zGubPLw,Ron Placone,https://cn.noxinfluencer.com/youtube/channel/UCwFnxeT6z_ZO-fG2zGubPLw,0,badcase,政治评论向，和家用工具推广不匹配
9117,UCwHPEp_OVJQSMWhsZvhaCXQ,DavidinDigital,https://cn.noxinfluencer.com/youtube/channel/UCwHPEp_OVJQSMWhsZvhaCXQ,0,badcase,无标签无标题，缺少相关性证据
9118,UCwHYSEZ5WOV9s0YkJdRUGkQ,Saber The Wolf,https://cn.noxinfluencer.com/youtube/channel/UCwHYSEZ5WOV9s0YkJdRUGkQ,0,badcase,无标签无标题，缺少相关性证据
9119,UCwJOLhqkBHVnT5wA1mkOzdg,Busted Knuckle Films,https://cn.noxinfluencer.com/youtube/channel/UCwJOLhqkBHVnT5wA1mkOzdg,0,badcase,越野车/摩托内容，和割草机推广关联弱
9120,UCwJqTK2MXPLSvRPuuu5AQJQ,Gideon Joseph,https://cn.noxinfluencer.com/youtube/channel/UCwJqTK2MXPLSvRPuuu5AQJQ,0,badcase,无可用标签或内容证据
9123,UCwKVY45FVWqbirt7AUglClA,TinyTaleHub,https://cn.noxinfluencer.com/youtube/channel/UCwKVY45FVWqbirt7AUglClA,0,badcase,无标签无内容证据，无法支持推广
9124,UCwLi1unPbXUvnzEXbtdh8uw,tallboyyyy,https://cn.noxinfluencer.com/youtube/channel/UCwLi1unPbXUvnzEXbtdh8uw,0,badcase,汽车/电子泛内容，和草坪工具推广不贴合
9125,UCwMUhtrxiw6xMCfcFyuhjGA,NO LOOK GAMING,https://cn.noxinfluencer.com/youtube/channel/UCwMUhtrxiw6xMCfcFyuhjGA,0,badcase,游戏频道，与割草机推广完全不相关
9126,UCwND80K7_YZ9BHfzpqL1Qog,Smart Home Insider,https://cn.noxinfluencer.com/youtube/channel/UCwND80K7_YZ9BHfzpqL1Qog,1,badcase,仅有泛化家居标签，缺少割草机推广相关性
9127,UCwOTAktfkD-1X10GQBumf9Q,Joe,https://cn.noxinfluencer.com/youtube/channel/UCwOTAktfkD-1X10GQBumf9Q,0,badcase,无标签和内容证据，无法支持割草机推广
9128,UCwOU49duGMyeMIGWb_xUYRA,Cutting Up With Mac-D,https://cn.noxinfluencer.com/youtube/channel/UCwOU49duGMyeMIGWb_xUYRA,-15,badcase,美发美容频道，与割草机推广主题明显不符
9129,UCwOd93UOsr_Qk_S6sQycVBw,That Good News Girl,https://cn.noxinfluencer.com/youtube/channel/UCwOd93UOsr_Qk_S6sQycVBw,-15,badcase,频道以宠物/动物正向娱乐为主，与割草机推广场景明显不符
9130,UCwOgVPb_J7fFeqysg_MJWVQ,Engineering Knowledge Hub,https://cn.noxinfluencer.com/youtube/channel/UCwOgVPb_J7fFeqysg_MJWVQ,0,badcase,无标签和内容证据，和 lawn mower 推广几乎无关
9132,UCwPRc8h1en-M46IiDfovs0w,Dave Medicus,https://cn.noxinfluencer.com/youtube/channel/UCwPRc8h1en-M46IiDfovs0w,2,badcase,仅有通用DIY/品牌标签，缺少割草机或园艺购买意图，不适合推广。
9134,UCwR_rHovDME6YXxyki_UUrQ,Yard Hero,https://cn.noxinfluencer.com/youtube/channel/UCwR_rHovDME6YXxyki_UUrQ,0,badcase,无标签与内容证据，无法判断与割草机推广相关
9135,UCwRxw-O21OZeXG73mJmTHLQ,Thunderbear,https://cn.noxinfluencer.com/youtube/channel/UCwRxw-O21OZeXG73mJmTHLQ,0,badcase,无标签、无标题、无近期内容证据，和割草机推广无相关性
9136,UCwSx3N0xJJJ7cYVhGii-X1w,I Don't Getcha,https://cn.noxinfluencer.com/youtube/channel/UCwSx3N0xJJJ7cYVhGii-X1w,-15,badcase,娱乐音乐向频道，和割草机推广场景明显不匹配
9138,UCwTk5y2BRuUyzQtyz6EA3nQ,AT Reviews,https://cn.noxinfluencer.com/youtube/channel/UCwTk5y2BRuUyzQtyz6EA3nQ,0,badcase,无标签与内容证据，无法支持割草机推广相关性
9140,UCwVGuACqrxQ-ysoUDPm_CyA,"Ava, Kya, Mason & Nori",https://cn.noxinfluencer.com/youtube/channel/UCwVGuACqrxQ-ysoUDPm_CyA,0,badcase,标签均为篮球/家庭vlog，和割草机推广无关
9141,UCwVOFz4eM5cblo6Kik61iQg,Tech AI Shorts,https://cn.noxinfluencer.com/youtube/channel/UCwVOFz4eM5cblo6Kik61iQg,0,badcase,无标签和内容证据，且频道偏AI短视频，难支持割草机推广
9142,UCwWbNLEcpiuO6Kh-TWp3IQg,Arni Atlason,https://cn.noxinfluencer.com/youtube/channel/UCwWbNLEcpiuO6Kh-TWp3IQg,0,badcase,无标签无视频证据，和割草机推广无相关性
9143,UCwY00Eze4hBJSlD1V__8a4g,neogeoriffic,https://cn.noxinfluencer.com/youtube/channel/UCwY00Eze4hBJSlD1V__8a4g,-15,badcase,娱乐音乐电影类频道，与割草机推广目标明显不符
9144,UCwZHzrYeOdvJG2fBtLEglWA,JRL Local,https://cn.noxinfluencer.com/youtube/channel/UCwZHzrYeOdvJG2fBtLEglWA,0,badcase,无标签和视频证据，无法支持割草机推广，相关性很弱
9145,UCwZLpt15sYAFT-aOEHMpcYg,bortsdale,https://cn.noxinfluencer.com/youtube/channel/UCwZLpt15sYAFT-aOEHMpcYg,-15,badcase,游戏频道，和割草机推广场景明显不相关
9146,UCwZrVop0roENOhVyE33ZF-A,Testing times story,https://cn.noxinfluencer.com/youtube/channel/UCwZrVop0roENOhVyE33ZF-A,0,badcase,无标签和相关视频证据，缺少割草机推广相关性
9147,UCwZwEdFe1MfWw_EoXivyWUQ,TacoPotatoMustaNg,https://cn.noxinfluencer.com/youtube/channel/UCwZwEdFe1MfWw_EoXivyWUQ,-15,badcase,汽车垂类，与 lawn mower 推广场景明显不相关
9148,UCw_RyEbk9UcES-LbOGLbFRA,2StallGarage,https://cn.noxinfluencer.com/youtube/channel/UCw_RyEbk9UcES-LbOGLbFRA,0,badcase,车库修车/Jeep频道，与割草机推广场景无关
9149,UCw_XUBm5YV6QtUyi9QRjWFg,E FooLy,https://cn.noxinfluencer.com/youtube/channel/UCw_XUBm5YV6QtUyi9QRjWFg,-15,badcase,游戏频道，与割草机推广完全不相关
9150,UCw_lQ_KhJBX4hAQ6rqbg0Bw,Kentucky Ballistics,https://cn.noxinfluencer.com/youtube/channel/UCw_lQ_KhJBX4hAQ6rqbg0Bw,-10,badcase,火器/弹道频道，与割草机推广场景明显不符
9151,UCw_lZC41uQWYBl9vFeqx0cg,Small Town Southern Wife,https://cn.noxinfluencer.com/youtube/channel/UCw_lZC41uQWYBl9vFeqx0cg,0,badcase,食物/烹饪频道，与 lawn mower 推广场景无关
9152,UCwaFCCk4aLTCyNVH-gU7naA,PANDAG,https://cn.noxinfluencer.com/youtube/channel/UCwaFCCk4aLTCyNVH-gU7naA,0,badcase,无标签无内容证据，无法判断与割草机相关
9153,UCwaGKyDj76cxanSlX84p8Yw,Best Quality,https://cn.noxinfluencer.com/youtube/channel/UCwaGKyDj76cxanSlX84p8Yw,0,badcase,无标签无内容证据，和割草机推广不匹配
9154,UCwal5bM_SeD87Sr9r8y-ydw,Repair girl VN,https://cn.noxinfluencer.com/youtube/channel/UCwal5bM_SeD87Sr9r8y-ydw,0,badcase,无标签无内容，缺少与 lawn mower 的关联
9155,UCwbbd5c554Mbbb45STR5jNg,Gorillas Random Thoughts,https://cn.noxinfluencer.com/youtube/channel/UCwbbd5c554Mbbb45STR5jNg,0,badcase,频道信息为空，缺少任何可用相关性信号
9156,UCwbk-VBHXkOs_5nBAiqREww,Colton Medlin,https://cn.noxinfluencer.com/youtube/channel/UCwbk-VBHXkOs_5nBAiqREww,0,badcase,无标签无内容证据，无法支撑割草机推广
9157,UCwcJnS4vlI9vIqLmZNk9yEw,Smartysmart,https://cn.noxinfluencer.com/youtube/channel/UCwcJnS4vlI9vIqLmZNk9yEw,0,badcase,无标签无内容，和 lawn mower 相关性不足
9158,UCwccbiFVL7Cj-Zi3sHXL0dQ,413RC,https://cn.noxinfluencer.com/youtube/channel/UCwccbiFVL7Cj-Zi3sHXL0dQ,1,badcase,仅 hobby 轻度泛相关，和割草机主题仍偏弱
9160,UCwdVL0L9ljq3McWMXWrUVdg,Think Like A Horse,https://cn.noxinfluencer.com/youtube/channel/UCwdVL0L9ljq3McWMXWrUVdg,0,badcase,马术/宠物向频道，与 lawn mower 推广不匹配
9161,UCwdYg43vLuYlkDHWVchhnxQ,Penco Power Products,https://cn.noxinfluencer.com/youtube/channel/UCwdYg43vLuYlkDHWVchhnxQ,0,badcase,无标签无内容证据，无法支持相关召回
9162,UCwdx8ruzMqXKgoU4XsdHl8g,The Awesome Lawsons,https://cn.noxinfluencer.com/youtube/channel/UCwdx8ruzMqXKgoU4XsdHl8g,0,badcase,娱乐/搞笑频道，和割草机产品推广不相关
9164,UCwe8Bfq5N24hCwiiYoxdR1g,HomeWithJoan,https://cn.noxinfluencer.com/youtube/channel/UCwe8Bfq5N24hCwiiYoxdR1g,0,badcase,无标签无内容证据，相关性不足
9165,UCweRqj_qJmVNBrdO_mVA-ng,VizvaTec,https://cn.noxinfluencer.com/youtube/channel/UCweRqj_qJmVNBrdO_mVA-ng,0,badcase,无标签无内容证据，无法判断为割草机相关
9166,UCweS67L_KwnVD7tuk6QuMhg,TimmyME,https://cn.noxinfluencer.com/youtube/channel/UCweS67L_KwnVD7tuk6QuMhg,0,badcase,旅行/游戏/时尚为主，与割草机推广无关
9168,UCwfnrksZZRyamQ-cVrD7ayw,Kids Channel Toy Collector - Fun Learning Videos,https://cn.noxinfluencer.com/youtube/channel/UCwfnrksZZRyamQ-cVrD7ayw,0,badcase,儿童玩具频道，和 lawn mower 受众不匹配
9169,UCwg4F1sN-qaA2CrxRhYbbJg,Jared Desrosiers,https://cn.noxinfluencer.com/youtube/channel/UCwg4F1sN-qaA2CrxRhYbbJg,0,badcase,food/lifestyle 频道，与割草机推广无关
9170,UCwgURKfUA7e0Z7_qE3TvBFQ,devinsupertramp,https://cn.noxinfluencer.com/youtube/channel/UCwgURKfUA7e0Z7_qE3TvBFQ,0,badcase,娱乐游戏频道，缺少割草机产品受众
9171,UCwgcmcn_iifLGs_38JIF6kw,Tech Know How,https://cn.noxinfluencer.com/youtube/channel/UCwgcmcn_iifLGs_38JIF6kw,0,badcase,软件/数据教程频道，与 lawn mower 无关
9172,UCwgxo2WmMPspTZ-uYPdyvVA,A-Gifts,https://cn.noxinfluencer.com/youtube/channel/UCwgxo2WmMPspTZ-uYPdyvVA,0,badcase,无标签无内容，缺少可用相关性信号
9173,UCwis55-_BfQ9NjGSCQ6BfBg,Tim Reviews Everything & The Warehouse Series,https://cn.noxinfluencer.com/youtube/channel/UCwis55-_BfQ9NjGSCQ6BfBg,0,badcase,仓储管理为主，和割草机购买场景不匹配
9174,UCwj6oOeRzSTDDsPnUAZ2JLg,Blue XPU,https://cn.noxinfluencer.com/youtube/channel/UCwj6oOeRzSTDDsPnUAZ2JLg,0,badcase,无标签无内容证据，无法判断相关
9176,UCwnEg8mctzBqKQZ8ysTCQOA,Toasty Gaming,https://cn.noxinfluencer.com/youtube/channel/UCwnEg8mctzBqKQZ8ysTCQOA,0,badcase,无标签且为游戏频道，与割草机推广无关
9178,UCwo3D5mCN2BEzGnYXjTIJhg,EL FENOMENAL,https://cn.noxinfluencer.com/youtube/channel/UCwo3D5mCN2BEzGnYXjTIJhg,-15,badcase,娱乐音乐频道，内容形态与产品推广明显不符
9180,UCwpjq8zglcKQ1Ilql9uSYXQ,Recall Connection,https://cn.noxinfluencer.com/youtube/channel/UCwpjq8zglcKQ1Ilql9uSYXQ,0,badcase,无标签无内容证据，相关性不足
9181,UCwpruMDXt2h9__w4f-WH_iA,Rob Isquierdo Jr.,https://cn.noxinfluencer.com/youtube/channel/UCwpruMDXt2h9__w4f-WH_iA,0,badcase,无标签无内容证据，相关性不足
9182,UCwq4cKz0xJvGUiyEyZO_SYQ,Single mom Hồng,https://cn.noxinfluencer.com/youtube/channel/UCwq4cKz0xJvGUiyEyZO_SYQ,0,badcase,无标签无内容证据，相关性不足
9185,UCwsHhGOYRYCkEhgDUadhD-g,DuC,https://cn.noxinfluencer.com/youtube/channel/UCwsHhGOYRYCkEhgDUadhD-g,0,badcase,无标签无内容证据，相关性不足
9186,UCwsdSKP5sTkzu4A-hFN6o9g,TECH TIMES Official,https://cn.noxinfluencer.com/youtube/channel/UCwsdSKP5sTkzu4A-hFN6o9g,0,badcase,无标签无内容证据，相关性不足
9187,UCwt2Y5VBPJyvsSJMfROErug,Ze Bunker,https://cn.noxinfluencer.com/youtube/channel/UCwt2Y5VBPJyvsSJMfROErug,0,badcase,无标签无内容证据，相关性不足
9188,UCwtWgY-hkH1IXqGG8yEwmpQ,RCG Racing,https://cn.noxinfluencer.com/youtube/channel/UCwtWgY-hkH1IXqGG8yEwmpQ,0,badcase,赛车偏娱乐竞速，和割草机推广关联弱
9189,UCwtX9597lpktZizMuF4Ldhw,Reality After Show,https://cn.noxinfluencer.com/youtube/channel/UCwtX9597lpktZizMuF4Ldhw,-15,badcase,真人秀娱乐频道，明显不适合卖割草机
9192,UCwtzPNKOXMNd3YLHExs0rHA,Eric’s Tech World,https://cn.noxinfluencer.com/youtube/channel/UCwtzPNKOXMNd3YLHExs0rHA,0,badcase,滑板内容与割草机受众无关
9194,UCwvBC9y2KP_75A8ynU7DvPw,Tutorials By Larry,https://cn.noxinfluencer.com/youtube/channel/UCwvBC9y2KP_75A8ynU7DvPw,0,badcase,无标签无内容证据，相关性不足
9195,UCwvDpMLieM443yydUrgofVg,AliPick Review,https://cn.noxinfluencer.com/youtube/channel/UCwvDpMLieM443yydUrgofVg,0,badcase,虽是评测名义，但无产品/园艺标签支撑
9197,UCwwr0yoRC5XV73jQZtjU0eA,Gadget Gear,https://cn.noxinfluencer.com/youtube/channel/UCwwr0yoRC5XV73jQZtjU0eA,0,badcase,无标签无内容证据，相关性不足
9198,UCwwspeTdyPEwtkRMQSMUCRw,Krazy Karl Projects,https://cn.noxinfluencer.com/youtube/channel/UCwwspeTdyPEwtkRMQSMUCRw,0,badcase,项目型频道不明，缺少割草机相关证据
9199,UCwxEwzYrgKWuWXJYg2vSbAQ,Isaiah Wehrmann,https://cn.noxinfluencer.com/youtube/channel/UCwxEwzYrgKWuWXJYg2vSbAQ,0,badcase,无标签无内容证据，相关性不足
9200,UCwxXDrITYzGQBipInkv-NlQ,Wood-Ridge Parents Podcast,https://cn.noxinfluencer.com/youtube/channel/UCwxXDrITYzGQBipInkv-NlQ,0,badcase,播客类频道与割草机推广不匹配
9202,UCwyLcy4TN62GYuc3g8m0Hdg,Joshua Freeman,https://cn.noxinfluencer.com/youtube/channel/UCwyLcy4TN62GYuc3g8m0Hdg,2,badcase,车类生活方式泛，和割草机推广关联很弱
9203,UCwycfJqCYKOpjwdsPqlhxfA,Stahl Racing,https://cn.noxinfluencer.com/youtube/channel/UCwycfJqCYKOpjwdsPqlhxfA,0,badcase,卡丁车赛车为主，和园艺设备不相关
9205,UCwzN1Ie-1HS_8AzJ8SXnu1w,Fusion G,https://cn.noxinfluencer.com/youtube/channel/UCwzN1Ie-1HS_8AzJ8SXnu1w,-15,badcase,娱乐游戏频道，和产品推广场景明显不符
9206,UCwzVgQpegTZP9gKBCaMKirg,Tiểu Dung vn,https://cn.noxinfluencer.com/youtube/channel/UCwzVgQpegTZP9gKBCaMKirg,0,badcase,个人生活向，几乎没有割草机相关线索
9210,UCx-u87wpBgVpMnMriJyU1yQ,TopTech EN,https://cn.noxinfluencer.com/youtube/channel/UCx-u87wpBgVpMnMriJyU1yQ,1,badcase,科技频道为主，和割草机类目偏离
9211,UCx06WyxD6NOrIUp5o7X1T4w,HowToDoIt,https://cn.noxinfluencer.com/youtube/channel/UCx06WyxD6NOrIUp5o7X1T4w,0,badcase,频道信息为空，缺少可用相关性信号
9213,UCx0EgpQbARS85axN7QtT1qA,MindFuel – Self Growth Shorts,https://cn.noxinfluencer.com/youtube/channel/UCx0EgpQbARS85axN7QtT1qA,0,badcase,自我成长短视频，与割草机受众不匹配
9214,UCx0L_c3tNLQOhRlNp5q9WLw,Vernier Motorsports,https://cn.noxinfluencer.com/youtube/channel/UCx0L_c3tNLQOhRlNp5q9WLw,0,badcase,赛车频道，和家用园艺工具关系很弱
9215,UCx1ulKBf1kIaST3zONVCS_Q,eternal atlas,https://cn.noxinfluencer.com/youtube/channel/UCx1ulKBf1kIaST3zONVCS_Q,0,badcase,无标签无内容证据，无法判断匹配
9216,UCx2D0M3F3h1qdg4D31mQ24g,Being Zimmer,https://cn.noxinfluencer.com/youtube/channel/UCx2D0M3F3h1qdg4D31mQ24g,0,badcase,个人日常频道，和割草机推广不符
9217,UCx2LYWLYl5Wpbvamywbd-xA,Little Zebra Dragons #LZDRV,https://cn.noxinfluencer.com/youtube/channel/UCx2LYWLYl5Wpbvamywbd-xA,1,badcase,家庭/宠物向杂项内容，相关性不足
9218,UCx2x1EI-ZnvAOMsWkzhZqSw,jimbolaiya,https://cn.noxinfluencer.com/youtube/channel/UCx2x1EI-ZnvAOMsWkzhZqSw,0,badcase,空白频道，无法支撑相关判断
9219,UCx3n6rHJaI8EfNn-5S13TNQ,Blake Banks,https://cn.noxinfluencer.com/youtube/channel/UCx3n6rHJaI8EfNn-5S13TNQ,-15,badcase,音乐娱乐为主，和工具推广完全错位
9220,UCx554p1Bu_Mp1q0H_bEtZ1Q,Rotten Tomatoes Family,https://cn.noxinfluencer.com/youtube/channel/UCx554p1Bu_Mp1q0H_bEtZ1Q,-15,badcase,影视娱乐为主，和工具推广完全错位
9221,UCx5Ah7b1qtWScj-Yoq-PFqw,Bigfoot Tests Things,https://cn.noxinfluencer.com/youtube/channel/UCx5Ah7b1qtWScj-Yoq-PFqw,0,badcase,缺少标签与视频证据，相关性不足
9222,UCx5KB2QDUDH-o8PFnF3yJCQ,The Basic Filmmaker,https://cn.noxinfluencer.com/youtube/channel/UCx5KB2QDUDH-o8PFnF3yJCQ,0,badcase,影视制作教程，和割草机购买场景不合
9223,UCx5zX4SoWwjVpqEPY6tz-PQ,247 Tech Talk,https://cn.noxinfluencer.com/youtube/channel/UCx5zX4SoWwjVpqEPY6tz-PQ,2,badcase,科技杂谈，非园艺工具受众
9224,UCx7Dz-Tem_uFSFuThMrXAxA,Nicolette Gray,https://cn.noxinfluencer.com/youtube/channel/UCx7Dz-Tem_uFSFuThMrXAxA,0,badcase,网红生活方式频道，与割草机无关
9225,UCx7UBfsf7PXtWdLPnPKaI5Q,FM99 WNOR,https://cn.noxinfluencer.com/youtube/channel/UCx7UBfsf7PXtWdLPnPKaI5Q,-15,badcase,音乐电台内容，和割草机推广不符
9229,UCx8bJjhIoyUbeNtu6DXh_2A,Joe Mkhitaryan,https://cn.noxinfluencer.com/youtube/channel/UCx8bJjhIoyUbeNtu6DXh_2A,0,badcase,政治/商业/成长向，缺少园艺设备受众
9230,UCx8dVm84hPW-bRr7luT4-nw,HotRodGuyGarage,https://cn.noxinfluencer.com/youtube/channel/UCx8dVm84hPW-bRr7luT4-nw,0,badcase,汽车改装向，和割草机推广场景不一致
9231,UCxBDBQrCfAEqHS1lpBapzDA,msj191961,https://cn.noxinfluencer.com/youtube/channel/UCxBDBQrCfAEqHS1lpBapzDA,0,badcase,泛生活科技号，缺少园艺/机械相关信号
9233,UCxCPvTII_rIj0oVujsfal0A,Phillip Ino,https://cn.noxinfluencer.com/youtube/channel/UCxCPvTII_rIj0oVujsfal0A,0,badcase,娱乐/玩具/亲子为主，不适合割草机推广
9234,UCxC_XW195SFmxkesCeSu12g,Tony's Coffee House,https://cn.noxinfluencer.com/youtube/channel/UCxC_XW195SFmxkesCeSu12g,0,badcase,无相关标签，主题也不匹配
9236,UCxDCKkjC5kekQ_l768c1nVQ,Lego Cartoon Funny,https://cn.noxinfluencer.com/youtube/channel/UCxDCKkjC5kekQ_l768c1nVQ,-10,badcase,卡通娱乐号，推广工具类产品不合适
9237,UCxDNth_YZCP94Br6AV6tKgw,Javier Goodwin,https://cn.noxinfluencer.com/youtube/channel/UCxDNth_YZCP94Br6AV6tKgw,0,badcase,缺少任何相关主题信号
9238,UCxEem0UJG0t1PWfDinOEfdQ,Nitro Country,https://cn.noxinfluencer.com/youtube/channel/UCxEem0UJG0t1PWfDinOEfdQ,-15,badcase,短视频娱乐流量号，和产品推广场景错位
9239,UCxFnVuPu3a0ohVw-BGRpzXA,Philip Gaynor,https://cn.noxinfluencer.com/youtube/channel/UCxFnVuPu3a0ohVw-BGRpzXA,0,badcase,机车/旅行生活为主，和割草机购买意图弱
9240,UCxFuOP-Y62tQyO2Q9NTrbKw,Horsepower House,https://cn.noxinfluencer.com/youtube/channel/UCxFuOP-Y62tQyO2Q9NTrbKw,0,badcase,机车/竞速/娱乐向，和割草机受众不一致
9242,UCxGVcLLcI_ccRuWsFywxXtw,1Dude,https://cn.noxinfluencer.com/youtube/channel/UCxGVcLLcI_ccRuWsFywxXtw,-10,badcase,游戏娱乐号，几乎无消费品种草语境
9244,UCxHiBALGm5NnpeCVpnN7TUw,TECHAERIS,https://cn.noxinfluencer.com/youtube/channel/UCxHiBALGm5NnpeCVpnN7TUw,0,badcase,泛消费电子号，和割草机类目不匹配
9245,UCxHxjf3qaxGhksBtEMIYWOw,Sweethess,https://cn.noxinfluencer.com/youtube/channel/UCxHxjf3qaxGhksBtEMIYWOw,-10,badcase,喜剧娱乐号，和割草机推广无关
9246,UCxI4Yhs_Q9Otm5GAJOTHNvQ,Fools.Errand,https://cn.noxinfluencer.com/youtube/channel/UCxI4Yhs_Q9Otm5GAJOTHNvQ,0,badcase,神秘学/宠物杂糅，缺少园艺产品语境
9247,UCxI8s0Ti7tBlLgsmYov99dA,The Watchman News,https://cn.noxinfluencer.com/youtube/channel/UCxI8s0Ti7tBlLgsmYov99dA,0,badcase,新闻/政治/生存话题偏泛，不是割草机受众
9248,UCxJXbXHSWB-ZDlg9PK8lEZw,Orange St Films,https://cn.noxinfluencer.com/youtube/channel/UCxJXbXHSWB-ZDlg9PK8lEZw,-10,badcase,恐怖影视娱乐号，和产品推广不相关
9250,UCxKn4TOEe-6E5vm8Wtx_g0g,DiventionTechnologies,https://cn.noxinfluencer.com/youtube/channel/UCxKn4TOEe-6E5vm8Wtx_g0g,0,badcase,缺少相关标签和内容证据
9252,UCxLc6qKl_RBkXbpL32X6BHg,Memoria ASMR,https://cn.noxinfluencer.com/youtube/channel/UCxLc6qKl_RBkXbpL32X6BHg,-12,badcase,ASMR音频向，属于割草机推广的格式错配
9253,UCxMMoanJKFHmyt1udi1hv_w,IzzyDude,https://cn.noxinfluencer.com/youtube/channel/UCxMMoanJKFHmyt1udi1hv_w,0,badcase,无标签无内容，缺少可用相关性信号
9254,UCxMPyWXsKB9auC_tCBbiJeg,Jones Falconry - Jeremy Jones,https://cn.noxinfluencer.com/youtube/channel/UCxMPyWXsKB9auC_tCBbiJeg,-15,badcase,猛禽动物频道，受众与割草机推广不匹配
9255,UCxMQ6sfFbKpYGqD9zLFrJqg,ULTIMATE VISION GADGETS,https://cn.noxinfluencer.com/youtube/channel/UCxMQ6sfFbKpYGqD9zLFrJqg,0,badcase,无标签无内容，无法判断为合适推广位
9257,UCxN2yvHhw1YGWz0_bMHb0cw,Matt Magna,https://cn.noxinfluencer.com/youtube/channel/UCxN2yvHhw1YGWz0_bMHb0cw,0,badcase,AI科技向，与割草机品类不直接相关
9258,UCxNMZU2Fka-HApzuxUgGNGA,AI_Nikitka93,https://cn.noxinfluencer.com/youtube/channel/UCxNMZU2Fka-HApzuxUgGNGA,-12,badcase,娱乐搞笑AI内容，不适合做割草机种草
9260,UCxO1WbPs9HWKgpDwPxYSUHw,Tool Up Handyman,https://cn.noxinfluencer.com/youtube/channel/UCxO1WbPs9HWKgpDwPxYSUHw,0,badcase,无标签无内容，缺少家用工具相关证据
9263,UCxOKf-yU3l47Fr3AdhfnZ4w,fhfuwsa,https://cn.noxinfluencer.com/youtube/channel/UCxOKf-yU3l47Fr3AdhfnZ4w,0,badcase,无标签无内容，缺少可用相关性信号
9264,UCxOOU1nVk_G8h_cnZ5eH1pA,RDAllen,https://cn.noxinfluencer.com/youtube/channel/UCxOOU1nVk_G8h_cnZ5eH1pA,-15,badcase,游戏频道，和实物割草机推广脱节
9266,UCxPipvU4GMbfnU8EbF4INPg,Decorify,https://cn.noxinfluencer.com/youtube/channel/UCxPipvU4GMbfnU8EbF4INPg,0,badcase,标签缺失，无法建立与割草机的关联
9268,UCxR-BAurUlm11gJ6GhRfY_g,Yo_Adrian!,https://cn.noxinfluencer.com/youtube/channel/UCxR-BAurUlm11gJ6GhRfY_g,-15,badcase,纯游戏频道，和割草机购买场景不匹配
9269,UCxRD8MpMaND39car2l4829A,Basecamp Unbounded,https://cn.noxinfluencer.com/youtube/channel/UCxRD8MpMaND39car2l4829A,0,badcase,标签过泛，缺少庭院/工具相关信号
9271,UCxReU314F2P9sTZ0228QViA,LoveLee Hu$tles,https://cn.noxinfluencer.com/youtube/channel/UCxReU314F2P9sTZ0228QViA,0,badcase,商业个人号，缺少园林工具受众信号
9272,UCxS0KMeoJwaKd1Jq9sy5XKQ,KrissieDeathy,https://cn.noxinfluencer.com/youtube/channel/UCxS0KMeoJwaKd1Jq9sy5XKQ,-10,badcase,艺术游戏向，与割草机推广几乎无关
9273,UCxS4z5eG2ieJbXKodQ7pPHQ,Weston517,https://cn.noxinfluencer.com/youtube/channel/UCxS4z5eG2ieJbXKodQ7pPHQ,0,badcase,无标签无内容，缺少相关性证据
9274,UCxSKo116b6NU9R9uZccsxkA,Valentíno Quiñones,https://cn.noxinfluencer.com/youtube/channel/UCxSKo116b6NU9R9uZccsxkA,0,badcase,健身个人品牌向，和割草机关联很弱
9275,UCxT7eX5aGGJjBpg5dxTSjbA,PVZ 69,https://cn.noxinfluencer.com/youtube/channel/UCxT7eX5aGGJjBpg5dxTSjbA,-15,badcase,游戏短视频频道，不适合作割草机种草
9276,UCxTUjS5_gWAUm1IlT0jxykA,Sharkie626,https://cn.noxinfluencer.com/youtube/channel/UCxTUjS5_gWAUm1IlT0jxykA,2,badcase,家电维护类，只有泛机械/电器关联，和割草机不够贴合
9277,UCxTl64I4RjqifnUm6uwNOQw,Odin a Viking Service Dog,https://cn.noxinfluencer.com/youtube/channel/UCxTl64I4RjqifnUm6uwNOQw,0,badcase,无标签无内容证据，无法判断相关
9278,UCxTu7kMoIlc26H63M09xrMw,13djdave13,https://cn.noxinfluencer.com/youtube/channel/UCxTu7kMoIlc26H63M09xrMw,1,badcase,仅泛兴趣标签，和割草机购买语境不符
9279,UCxUXyfPZpUvKl8ik32_V6Ew,Max and Nicole,https://cn.noxinfluencer.com/youtube/channel/UCxUXyfPZpUvKl8ik32_V6Ew,1,badcase,生活方式娱乐向，缺少园艺/工具场景
9280,UCxVG-V4STUAgulJzAMKyB8w,Eric Adcock This Awkward Life,https://cn.noxinfluencer.com/youtube/channel/UCxVG-V4STUAgulJzAMKyB8w,0,badcase,无标签无内容证据，无法判断相关
9283,UCxWqXxMVwHNl2DmL70nGakA,pé ni cuti,https://cn.noxinfluencer.com/youtube/channel/UCxWqXxMVwHNl2DmL70nGakA,0,badcase,无标签无内容证据，无法判断相关
9285,UCxYeXqFUNJKMR_dNV69R1_Q,Amplify Zone,https://cn.noxinfluencer.com/youtube/channel/UCxYeXqFUNJKMR_dNV69R1_Q,-15,badcase,游戏娱乐为主，与割草机推广明显错位
9286,UCxYjdVe0zV-4II06kD7z5fw,LSRW,https://cn.noxinfluencer.com/youtube/channel/UCxYjdVe0zV-4II06kD7z5fw,2,badcase,车辆生活方式偏泛，只有弱机械关联
9288,UCxZwQ5zjhW10LtyqsA00IZA,The SaaS Spot,https://cn.noxinfluencer.com/youtube/channel/UCxZwQ5zjhW10LtyqsA00IZA,3,badcase,科技电子泛向内容，和割草机无直接关联
9289,UCxZyVqaJy1ZKYvC-qo0WY1g,MTW Shorts,https://cn.noxinfluencer.com/youtube/channel/UCxZyVqaJy1ZKYvC-qo0WY1g,0,badcase,数码短视频内容，和割草机无关
9290,UCxajhAarfFwx-p-aDwqVEUw,Josh DaVid,https://cn.noxinfluencer.com/youtube/channel/UCxajhAarfFwx-p-aDwqVEUw,-15,badcase,玩具娱乐向，和割草机推广明显不符
9292,UCxdETYuflpCC6KOLPvrVIpA,Timmy,https://cn.noxinfluencer.com/youtube/channel/UCxdETYuflpCC6KOLPvrVIpA,0,badcase,无标签无内容证据，无法判断相关
9295,UCxeGIz6PVuH_xNq1hmi47vQ,Single Mother 1992,https://cn.noxinfluencer.com/youtube/channel/UCxeGIz6PVuH_xNq1hmi47vQ,1,badcase,DIY水泵 maker 场景，和割草机仅弱相关
9296,UCxefiFLkMEq5M1Vn31SehcA,Sonic Vlogs,https://cn.noxinfluencer.com/youtube/channel/UCxefiFLkMEq5M1Vn31SehcA,-15,badcase,娱乐玩偶内容，与割草机推广明显错位
9297,UCxf3A7ipm0YjF56LrI5eCnQ,Leeman Geophysical,https://cn.noxinfluencer.com/youtube/channel/UCxf3A7ipm0YjF56LrI5eCnQ,4,badcase,工程制造偏泛，只有弱工具属性
9298,UCxha-Cwkpgmr4ywNYlHAjPw,Vacationtime247,https://cn.noxinfluencer.com/youtube/channel/UCxha-Cwkpgmr4ywNYlHAjPw,3,badcase,车辆/生活方式偏泛，相关性较弱
9299,UCxi3iYavQbXeZV_Oa9nj-nw,Supercar Street Racing,https://cn.noxinfluencer.com/youtube/channel/UCxi3iYavQbXeZV_Oa9nj-nw,3,badcase,赛车向受众与割草机推广不匹配
9300,UCxiXQ8zzUVyzGtlxHx144Tw,925 Twaun,https://cn.noxinfluencer.com/youtube/channel/UCxiXQ8zzUVyzGtlxHx144Tw,0,badcase,宠物娱乐向，与人用割草机受众不符
9301,UCxj5hjxQR3KmeM6imfUrrKA,J.D. Grace Clips,https://cn.noxinfluencer.com/youtube/channel/UCxj5hjxQR3KmeM6imfUrrKA,0,badcase,无标签无内容，缺少割草机推广信号
9302,UCxjkoxSWrBtgKraRiWXKwVQ,Tool Time John,https://cn.noxinfluencer.com/youtube/channel/UCxjkoxSWrBtgKraRiWXKwVQ,0,badcase,无标签无内容，缺少割草机推广信号
9303,UCxjroBB6UWp-pBAmd9kEzPg,First Responder Garage,https://cn.noxinfluencer.com/youtube/channel/UCxjroBB6UWp-pBAmd9kEzPg,0,badcase,汽车/车库向内容，和割草机受众仅弱重叠
9304,UCxk3mICjFwYmYRIdbKQRywA,What Are We Going To Do Today?,https://cn.noxinfluencer.com/youtube/channel/UCxk3mICjFwYmYRIdbKQRywA,0,badcase,无标签无内容，缺少割草机推广信号
9305,UCxmAokMDVBOUvE6VODWJFHQ,Hey! I'm Kyle,https://cn.noxinfluencer.com/youtube/channel/UCxmAokMDVBOUvE6VODWJFHQ,0,badcase,无标签无内容，缺少割草机推广信号
9306,UCxmXKv5fV4OT9q1ZCazFZhA,BUILD YOUR TECH,https://cn.noxinfluencer.com/youtube/channel/UCxmXKv5fV4OT9q1ZCazFZhA,0,badcase,无标签无内容，缺少割草机推广信号
9307,UCxnWbzSwLOxOivyh1WG9l-Q,Peak Tech,https://cn.noxinfluencer.com/youtube/channel/UCxnWbzSwLOxOivyh1WG9l-Q,0,badcase,无标签无内容，缺少割草机推广信号
9308,UCxnxdGSix18nFycz8fve5wg,NotebookMovies,https://cn.noxinfluencer.com/youtube/channel/UCxnxdGSix18nFycz8fve5wg,-15,badcase,娱乐/喜剧为主，明显不适合割草机推广
9310,UCxoUQlxpbQtSKZQNhLy72tw,Manju's Crafts & Quotes,https://cn.noxinfluencer.com/youtube/channel/UCxoUQlxpbQtSKZQNhLy72tw,-10,badcase,娱乐/音乐导向，和割草机推广不匹配
9312,UCxp03gQQAkwUifq0Jjfayng,Trusted Tech 2.0,https://cn.noxinfluencer.com/youtube/channel/UCxp03gQQAkwUifq0Jjfayng,0,badcase,消费电子频道，和割草机品类不符
9313,UCxq8TWRRzy6u2piKCe-SKVw,Mr. YOLO (You Only Live Once),https://cn.noxinfluencer.com/youtube/channel/UCxq8TWRRzy6u2piKCe-SKVw,0,badcase,无标签无内容，缺少割草机推广信号
9314,UCxqhGYDufMx9pzmn7bES5uQ,Top Practical Picks,https://cn.noxinfluencer.com/youtube/channel/UCxqhGYDufMx9pzmn7bES5uQ,0,badcase,无标签无内容，缺少割草机推广信号
9315,UCxqmlztVA1plOoXqYigJy9g,New Games Daily,https://cn.noxinfluencer.com/youtube/channel/UCxqmlztVA1plOoXqYigJy9g,-15,badcase,游戏频道，和实体割草机推广场景不符
9317,UCxsaOv-fmO_4P8LYfoAbR9w,Ish Motorparts,https://cn.noxinfluencer.com/youtube/channel/UCxsaOv-fmO_4P8LYfoAbR9w,0,badcase,汽车零件向内容，与割草机关联弱
9318,UCxtHpMnm-4_y4XY-NcgYQhQ,Getting Things Done with Matt,https://cn.noxinfluencer.com/youtube/channel/UCxtHpMnm-4_y4XY-NcgYQhQ,0,badcase,无标签无内容，缺少割草机推广信号
9319,UCxuvDkUxwEERVG9OZkxBtaA,The DickeyDines Show,https://cn.noxinfluencer.com/youtube/channel/UCxuvDkUxwEERVG9OZkxBtaA,-15,badcase,娱乐/音乐/喜剧为主，不适合割草机推广
9322,UCxv_TzSgKaDH_aBWgR87pEA,KingKorova,https://cn.noxinfluencer.com/youtube/channel/UCxv_TzSgKaDH_aBWgR87pEA,-15,badcase,游戏频道，和实体割草机推广场景不符
9323,UCxwJb0YA49udqycyYd72sIQ,Mellowmatic,https://cn.noxinfluencer.com/youtube/channel/UCxwJb0YA49udqycyYd72sIQ,-15,badcase,游戏频道，和实体割草机推广场景不符
9324,UCxwnC4xH7CYQ-rP-dJqMJ-g,NotWilshire,https://cn.noxinfluencer.com/youtube/channel/UCxwnC4xH7CYQ-rP-dJqMJ-g,0,badcase,无标签无内容，缺少割草机推广信号
9325,UCxwpPbohmehmxUNXyZuDx1Q,Linda's Favorite Finds,https://cn.noxinfluencer.com/youtube/channel/UCxwpPbohmehmxUNXyZuDx1Q,0,badcase,无标签无内容，缺少割草机推广信号
9326,UCxwrzkmJYHHyeFU3aOa7jNw,Mikey Polis,https://cn.noxinfluencer.com/youtube/channel/UCxwrzkmJYHHyeFU3aOa7jNw,0,badcase,无标签且无相关视频，缺少 lawn mower 推广信号
9327,UCxxyUdkDZS0NSz76pPlqW9A,Mellow Wanderer,https://cn.noxinfluencer.com/youtube/channel/UCxxyUdkDZS0NSz76pPlqW9A,0,badcase,无标签且无相关视频，缺少 lawn mower 推广信号
9328,UCxyZo7KblThjfQRk1l0VClQ,JH McMillan,https://cn.noxinfluencer.com/youtube/channel/UCxyZo7KblThjfQRk1l0VClQ,0,badcase,无标签且无相关视频，缺少 lawn mower 推广信号
9329,UCxyrUpIa1fmuHTKU8H2DD6A,BUTCHY KID VIDEOS,https://cn.noxinfluencer.com/youtube/channel/UCxyrUpIa1fmuHTKU8H2DD6A,-15,badcase,娱乐猎奇内容，和割草机推广用途明显不符
9331,UCxzdQn36xt91iXrnhZRun1g,Thomas Newcomb,https://cn.noxinfluencer.com/youtube/channel/UCxzdQn36xt91iXrnhZRun1g,0,badcase,无标签且无相关视频，缺少 lawn mower 推广信号
9333,UCy-0c4aFdC-9u2am4rGn2IA,TeddyCavachon,https://cn.noxinfluencer.com/youtube/channel/UCy-0c4aFdC-9u2am4rGn2IA,0,badcase,无标签且无相关视频，缺少 lawn mower 推广信号
9335,UCy2978_sRKGeUeXtbf4HTNg,Richard Montalvo,https://cn.noxinfluencer.com/youtube/channel/UCy2978_sRKGeUeXtbf4HTNg,0,badcase,汽车赛事为主，与 lawn mower 推广无明显交集
9336,UCy2PYTD5AF2IM_oTg42qoog,OpEpicGaming,https://cn.noxinfluencer.com/youtube/channel/UCy2PYTD5AF2IM_oTg42qoog,0,badcase,无标签且无相关视频，缺少 lawn mower 推广信号
9337,UCy2lUlukHrRoxB8tCSPYVrg,korn76live,https://cn.noxinfluencer.com/youtube/channel/UCy2lUlukHrRoxB8tCSPYVrg,0,badcase,无标签且无相关视频，缺少 lawn mower 推广信号
9338,UCy4xjgUGWfAwZ5BR-zI9Wsg,1194video,https://cn.noxinfluencer.com/youtube/channel/UCy4xjgUGWfAwZ5BR-zI9Wsg,0,badcase,车类内容偏离割草机品类，缺少草坪场景
9339,UCy56owuDW1VjC1qElUJ2_Vg,Paul-IE-Repairs,https://cn.noxinfluencer.com/youtube/channel/UCy56owuDW1VjC1qElUJ2_Vg,0,badcase,无标签且无相关视频，缺少 lawn mower 推广信号
9341,UCy5fkurPzOS8wROe7tibxng,Both Sides Revenge,https://cn.noxinfluencer.com/youtube/channel/UCy5fkurPzOS8wROe7tibxng,0,badcase,无标签且无相关视频，缺少 lawn mower 推广信号
9342,UCy5oE8LQ5CYRKlP5qq8rFpg,ROBERT BRIGGS,https://cn.noxinfluencer.com/youtube/channel/UCy5oE8LQ5CYRKlP5qq8rFpg,-5,badcase,娱乐宠物内容，难承接园林工具推广
9343,UCy5vo70_HCTG8LkuCcRzKfQ,Top 5 Best,https://cn.noxinfluencer.com/youtube/channel/UCy5vo70_HCTG8LkuCcRzKfQ,0,badcase,只做厨房小家电榜单，和 lawn mower 类目不匹配
9344,UCy68GRAjB7M5vA8PkL0TWFA,JAY D3E,https://cn.noxinfluencer.com/youtube/channel/UCy68GRAjB7M5vA8PkL0TWFA,0,badcase,无标签且无相关视频，缺少 lawn mower 推广信号
9345,UCy6zZ4h5l9Mu-veHkBn-mag,Loretta Goggi,https://cn.noxinfluencer.com/youtube/channel/UCy6zZ4h5l9Mu-veHkBn-mag,0,badcase,家居小工具为主，和割草机没有明确场景
9346,UCy7-lP6IH87lzx5eaMUDYqQ,Everyday Gadgets Review,https://cn.noxinfluencer.com/youtube/channel/UCy7-lP6IH87lzx5eaMUDYqQ,0,badcase,泛类 gadget 评测，缺少园林设备相关性
9348,UCy8JqhOROijuo7WTVRCpxGQ,Life At MYYY Ranchito,https://cn.noxinfluencer.com/youtube/channel/UCy8JqhOROijuo7WTVRCpxGQ,0,badcase,无标签且无相关视频，缺少 lawn mower 推广信号
9350,UCy9E3U626Pm2LAR_x8JZ9SA,Bingey,https://cn.noxinfluencer.com/youtube/channel/UCy9E3U626Pm2LAR_x8JZ9SA,-15,badcase,纯游戏娱乐频道，和 lawn mower 推广无关
9351,UCyA-T4bK9KIsp7Eer8pp0HA,Selling Products,https://cn.noxinfluencer.com/youtube/channel/UCyA-T4bK9KIsp7Eer8pp0HA,0,badcase,缺少相关标签和内容信号
9352,UCyA88apZCh-elgPOvNAi5RQ,MORENA CEBUANA,https://cn.noxinfluencer.com/youtube/channel/UCyA88apZCh-elgPOvNAi5RQ,0,badcase,缺少相关标签和内容信号
9353,UCyBPqY6jGoQbzHFiQK-4F8w,Tacked Video,https://cn.noxinfluencer.com/youtube/channel/UCyBPqY6jGoQbzHFiQK-4F8w,0,badcase,缺少相关标签和内容信号
9354,UCyC2w7wVyddFPv4NKp5PnwQ,Jace Milner,https://cn.noxinfluencer.com/youtube/channel/UCyC2w7wVyddFPv4NKp5PnwQ,0,badcase,缺少相关标签和内容信号
9355,UCyCyTe_1bT2aIPwG_gxbyeg,Daily Bumps,https://cn.noxinfluencer.com/youtube/channel/UCyCyTe_1bT2aIPwG_gxbyeg,0,badcase,家庭育儿Vlog，与割草机推广无关
9356,UCyD37DHjgnrMiAM8ZRiABnw,Mountain Extreme Powersports,https://cn.noxinfluencer.com/youtube/channel/UCyD37DHjgnrMiAM8ZRiABnw,0,badcase,动力运动向，但无割草机相关信号
9359,UCyEUwhHGPCsvJUJbxtfqIDA,CJ Maclin,https://cn.noxinfluencer.com/youtube/channel/UCyEUwhHGPCsvJUJbxtfqIDA,0,badcase,缺少相关标签和内容信号
9364,UCyGm1NkZFoBLUzmsM6WWGoA,10 Hot Topic,https://cn.noxinfluencer.com/youtube/channel/UCyGm1NkZFoBLUzmsM6WWGoA,0,badcase,无相关标签，缺少品类场景
9366,UCyHKXNPjfaOC7Krqj-ZD_Ig,bektasuygar btka,https://cn.noxinfluencer.com/youtube/channel/UCyHKXNPjfaOC7Krqj-ZD_Ig,0,badcase,缺少相关标签和内容信号
9367,UCyHX5j6cvdDlDFarayCObRA,WLFITV,https://cn.noxinfluencer.com/youtube/channel/UCyHX5j6cvdDlDFarayCObRA,0,badcase,体育/政经杂项，与割草机推广无关
9368,UCyHXMVlcebJM9xXfaUONaBQ,Merry Boozer RC,https://cn.noxinfluencer.com/youtube/channel/UCyHXMVlcebJM9xXfaUONaBQ,0,badcase,模型航模受众不匹配割草机
9369,UCyHmx3YTqLn7PdU4Qw6a_2Q,Thomas Fix It,https://cn.noxinfluencer.com/youtube/channel/UCyHmx3YTqLn7PdU4Qw6a_2Q,0,badcase,汽车维修向，和割草机品类不够贴近
9370,UCyHr0u6liwHA36HMbxyf5wA,Honest Review,https://cn.noxinfluencer.com/youtube/channel/UCyHr0u6liwHA36HMbxyf5wA,0,badcase,无相关标签和内容信号
9372,UCyIBT0wqPgkO-rGjjUEAUIg,PARR,https://cn.noxinfluencer.com/youtube/channel/UCyIBT0wqPgkO-rGjjUEAUIg,0,badcase,缺少相关标签和内容信号
9373,UCyID-TWItZdFpisg_SL0x2A,N - Pact Playa,https://cn.noxinfluencer.com/youtube/channel/UCyID-TWItZdFpisg_SL0x2A,0,badcase,娱乐/宠物/新闻混杂，缺少设备推广场景
9375,UCyIhiS6WG2AuTTR3bYwdShw,PubFix,https://cn.noxinfluencer.com/youtube/channel/UCyIhiS6WG2AuTTR3bYwdShw,-12,badcase,ASMR清洁音频型，和割草机推广不匹配
9376,UCyInJ01tHhDnoST58pxH0rQ,Go Social with Daan,https://cn.noxinfluencer.com/youtube/channel/UCyInJ01tHhDnoST58pxH0rQ,0,badcase,无割草机或园艺信号，难以支撑推广
9377,UCyJ26Pokn3-v1puK5ADyyzA,Sophia Strong,https://cn.noxinfluencer.com/youtube/channel/UCyJ26Pokn3-v1puK5ADyyzA,0,badcase,健康康复向，与割草机推广无关
9379,UCyKCmRDcQNulWuTatVuJL9Q,Cosmic,https://cn.noxinfluencer.com/youtube/channel/UCyKCmRDcQNulWuTatVuJL9Q,0,badcase,无有效主题信号，和割草机不相关
9381,UCyLNR2Hi4Y9mM6P3HPbG6xg,Gold Pony Vlogs,https://cn.noxinfluencer.com/youtube/channel/UCyLNR2Hi4Y9mM6P3HPbG6xg,0,badcase,家庭vlog，与割草机受众不匹配
9382,UCyLRqNt0CBvVJIrnz0B0bdg,Ben Bannister,https://cn.noxinfluencer.com/youtube/channel/UCyLRqNt0CBvVJIrnz0B0bdg,0,badcase,无可用主题信号，难判断为相关频道
9383,UCyMRfzEUw-JCSnPFAWPeIcQ,Sounds So Relaxing,https://cn.noxinfluencer.com/youtube/channel/UCyMRfzEUw-JCSnPFAWPeIcQ,-12,badcase,放松/ASMR格式与实物产品推广明显错位
9387,UCyP6yYCHWoAnl5dLtdfHDcQ,Something About Chie,https://cn.noxinfluencer.com/youtube/channel/UCyP6yYCHWoAnl5dLtdfHDcQ,0,badcase,相机/无人机为主，与割草机无关
9388,UCyQMJXMNIEBxTVDEtlv612g,Josh Lehew,https://cn.noxinfluencer.com/youtube/channel/UCyQMJXMNIEBxTVDEtlv612g,0,badcase,无主题标签，缺少可用相关性证据
9389,UCyQmPiqu65jh7Zn81IhHrzQ,Rabbi Duvi Bensoussan Official,https://cn.noxinfluencer.com/youtube/channel/UCyQmPiqu65jh7Zn81IhHrzQ,0,badcase,宗教社会内容，与产品推广无关
9390,UCyR7hy8XDVnqzBhdpRirOtg,Automatic Addison,https://cn.noxinfluencer.com/youtube/channel/UCyR7hy8XDVnqzBhdpRirOtg,0,badcase,编程机器人向，与割草机不相干
9393,UCyRnRvGEQud32eZpyqQ0dmw,ASMR Unique,https://cn.noxinfluencer.com/youtube/channel/UCyRnRvGEQud32eZpyqQ0dmw,-12,badcase,ASMR格式与物理产品推广明显错位
9394,UCyRwWaxveppeF-yMH2Hagbg,Glass Media,https://cn.noxinfluencer.com/youtube/channel/UCyRwWaxveppeF-yMH2Hagbg,0,badcase,泛娱乐/科技混合，缺少园艺工具信号
9395,UCySCfe48-Sy8xUsjYM8ZrDA,Tom's Key Company,https://cn.noxinfluencer.com/youtube/channel/UCySCfe48-Sy8xUsjYM8ZrDA,0,badcase,车钥匙/汽车编程向，与割草机推广不匹配
9396,UCySiX9Kc-F7hKvrqyBBiz3w,DaveSplains,https://cn.noxinfluencer.com/youtube/channel/UCySiX9Kc-F7hKvrqyBBiz3w,0,badcase,无明确品类信号，难以用于割草机推广
9398,UCyUAzFQVlsOzhGQ-PL4kLQg,The Hillyards,https://cn.noxinfluencer.com/youtube/channel/UCyUAzFQVlsOzhGQ-PL4kLQg,0,badcase,以车辆和户外越野为主，和割草机关联弱
9399,UCyUE1HNAq7xFRanR2Oz97Iw,BaoTech,https://cn.noxinfluencer.com/youtube/channel/UCyUE1HNAq7xFRanR2Oz97Iw,0,badcase,无可用主题信息，无法判断为相关频道
9400,UCyUb6i5Lcxzg7LvX9zsbt3Q,Life With Zach,https://cn.noxinfluencer.com/youtube/channel/UCyUb6i5Lcxzg7LvX9zsbt3Q,0,badcase,生活类空白频道，缺少推广相关性
9401,UCyV2r7XWPvSfY_ZYatG4ttA,EndWrench Rookie,https://cn.noxinfluencer.com/youtube/channel/UCyV2r7XWPvSfY_ZYatG4ttA,-9,badcase,汽车改装频道，和割草机推广场景不匹配
9402,UCyVAbbuIsFF06XSk1DwyjFQ,chris NO MAN,https://cn.noxinfluencer.com/youtube/channel/UCyVAbbuIsFF06XSk1DwyjFQ,-15,badcase,纯汽车/摩托频道，和割草机受众明显不符
9404,UCyVWWK6SkBa-dzDsWz6aBNg,Forsaken Steel,https://cn.noxinfluencer.com/youtube/channel/UCyVWWK6SkBa-dzDsWz6aBNg,-10,badcase,汽车改装频道，和割草机推广场景不符
9405,UCyVsEez1zaTsruTKCtiQQiA,Amazing Grace,https://cn.noxinfluencer.com/youtube/channel/UCyVsEez1zaTsruTKCtiQQiA,0,badcase,缺少草坪或工具相关信号
9406,UCyVzM64Uh98XDx_vogOKUbQ,Amena Kay,https://cn.noxinfluencer.com/youtube/channel/UCyVzM64Uh98XDx_vogOKUbQ,0,badcase,缺少草坪或工具相关信号
9409,UCyWz7EKqS_PpGYfTOJ7HdPQ,Spencer Scott Pugh,https://cn.noxinfluencer.com/youtube/channel/UCyWz7EKqS_PpGYfTOJ7HdPQ,0,badcase,缺少相关主题信号
9411,UCyXbWcDuAkBNl5c5UdIWoOg,Narbeedeals,https://cn.noxinfluencer.com/youtube/channel/UCyXbWcDuAkBNl5c5UdIWoOg,0,badcase,缺少相关主题信号
9412,UCyXnqbBzbTYQhQy8jS-XrYw,Speedy Tempo Racing,https://cn.noxinfluencer.com/youtube/channel/UCyXnqbBzbTYQhQy8jS-XrYw,-5,badcase,赛车频道，和割草机受众不重合
9413,UCyYXHYS6DscFI3C50GXtv9Q,Nymrad Hickey,https://cn.noxinfluencer.com/youtube/channel/UCyYXHYS6DscFI3C50GXtv9Q,-10,badcase,游戏娱乐向，和割草机无关
9414,UCyYfBeEzvtBcHDA4zecvkjQ,Global Drippin,https://cn.noxinfluencer.com/youtube/channel/UCyYfBeEzvtBcHDA4zecvkjQ,-10,badcase,情感娱乐向，和割草机无关
9417,UCyYuaFoFxkVFOgs7692uBJg,Lý Thị Giang,https://cn.noxinfluencer.com/youtube/channel/UCyYuaFoFxkVFOgs7692uBJg,-13,badcase,车摩维修频道，方向和割草机不符
9418,UCyYy45jNaHTB6_BH5turjnw,LOVE STORY,https://cn.noxinfluencer.com/youtube/channel/UCyYy45jNaHTB6_BH5turjnw,-10,badcase,故事向频道，和割草机无关
9419,UCy_PJ5pBYUlTLHOp3xvnjzQ,2B Clean Auto Detailing LLC,https://cn.noxinfluencer.com/youtube/channel/UCy_PJ5pBYUlTLHOp3xvnjzQ,-5,badcase,汽车美容业务，和割草机推广不适配
9420,UCyaDGnWB-Vf3Aaj6fVeKG8g,The Ponder's Vlog,https://cn.noxinfluencer.com/youtube/channel/UCyaDGnWB-Vf3Aaj6fVeKG8g,-10,badcase,生活娱乐Vlog，和割草机推广无关
9421,UCyaYnjlGhgk8cx53gQrSWMA,Durham Humor,https://cn.noxinfluencer.com/youtube/channel/UCyaYnjlGhgk8cx53gQrSWMA,-15,badcase,娱乐笑话频道，和产品推广不适配
9422,UCyc6dmsMG3wJuNRkDaMBGbg,D3RPZILLA,https://cn.noxinfluencer.com/youtube/channel/UCyc6dmsMG3wJuNRkDaMBGbg,-15,badcase,汽车改装频道，和割草机推广不匹配
9423,UCycF46ILJ8EgmxOiaitKDqw,Will Smith Hit and Miss,https://cn.noxinfluencer.com/youtube/channel/UCycF46ILJ8EgmxOiaitKDqw,-5,badcase,蒸汽展览/机械内容，和割草机推广关联弱
9424,UCycrzA2LboVshHJfmj0DvGg,Orphans Hoàng Nhân,https://cn.noxinfluencer.com/youtube/channel/UCycrzA2LboVshHJfmj0DvGg,0,badcase,生存日常向，缺少割草机推广信号
9425,UCyd7BVQn_XZ4laT4HVB8qYw,Moose,https://cn.noxinfluencer.com/youtube/channel/UCyd7BVQn_XZ4laT4HVB8qYw,-10,badcase,机车摩托频道，和割草机推广不符
9426,UCydSSbHDJq2hdXQne40Fywg,Norton Railway,https://cn.noxinfluencer.com/youtube/channel/UCydSSbHDJq2hdXQne40Fywg,-15,badcase,游戏频道，和割草机推广完全不匹配
9427,UCydpY_3a9o-yb_0hidcTMYw,Off-Grid Engineering,https://cn.noxinfluencer.com/youtube/channel/UCydpY_3a9o-yb_0hidcTMYw,0,badcase,无标签无内容，缺少判断依据
9428,UCyeVUMJspKUfzKf8NlOc9Iw,iSmart Home Gadgets,https://cn.noxinfluencer.com/youtube/channel/UCyeVUMJspKUfzKf8NlOc9Iw,0,badcase,仅标题偏家居科技，缺少园艺工具信号
9429,UCyfxIVRGeIf207Xq5N55Acg,Good Guy's Winning,https://cn.noxinfluencer.com/youtube/channel/UCyfxIVRGeIf207Xq5N55Acg,0,badcase,旅游美食向，和割草机推广关联很弱
9430,UCyhVSnFMFOvlK56Pk4Ktk-g,Neilogical,https://cn.noxinfluencer.com/youtube/channel/UCyhVSnFMFOvlK56Pk4Ktk-g,-15,badcase,游戏/赛车内容，属明显错配
9434,UCyj5OG4nbnQMnueBOvryi9g,Cleanerwatt,https://cn.noxinfluencer.com/youtube/channel/UCyj5OG4nbnQMnueBOvryi9g,0,badcase,特斯拉资讯/评测，不是割草机受众
9435,UCyjG6lv5AOwxWoHhUd9Q0bA,Musical Instrument,https://cn.noxinfluencer.com/youtube/channel/UCyjG6lv5AOwxWoHhUd9Q0bA,0,badcase,音乐器材向，与园艺工具无关
9438,UCyl3Xz7S0iE4lJjRU6yV5LA,Joe Blond,https://cn.noxinfluencer.com/youtube/channel/UCyl3Xz7S0iE4lJjRU6yV5LA,-15,badcase,喜剧娱乐号，不适合工具推广
9440,UCylBiIxH8xtZUrYBq4qnIyg,Tyler Randolph,https://cn.noxinfluencer.com/youtube/channel/UCylBiIxH8xtZUrYBq4qnIyg,0,badcase,无标签无内容，无法证明相关
9441,UCym0Zng_h4QJvgC0cUpQ3ug,infinigrove,https://cn.noxinfluencer.com/youtube/channel/UCym0Zng_h4QJvgC0cUpQ3ug,0,badcase,仅vehicle/lifestyle，缺少工具或园艺场景
9442,UCym6ee8Uao-214lF6mkUGYg,Richard Clack,https://cn.noxinfluencer.com/youtube/channel/UCym6ee8Uao-214lF6mkUGYg,0,badcase,无标签无内容，无法证明相关
9443,UCym9ny6cqQwMn3o-SPp8L_g,AnalyticalBest,https://cn.noxinfluencer.com/youtube/channel/UCym9ny6cqQwMn3o-SPp8L_g,0,badcase,无标签无内容，无法证明相关
9444,UCyml8uvi67wM30Bhu_EmYyQ,Grammy,https://cn.noxinfluencer.com/youtube/channel/UCyml8uvi67wM30Bhu_EmYyQ,-15,badcase,游戏直播内容，和割草机推广错配
9446,UCymxhDVgeIO527urCzcvv1Q,Militarian Tech,https://cn.noxinfluencer.com/youtube/channel/UCymxhDVgeIO527urCzcvv1Q,0,badcase,无标签无内容，无法证明相关
9448,UCynAXhgeBdp6CnT5bnmvlmQ,Animal1 Guy,https://cn.noxinfluencer.com/youtube/channel/UCynAXhgeBdp6CnT5bnmvlmQ,-15,badcase,宠物爬宠频道，不适合人用割草机
9450,UCyproP3h3WH-of-zhxOpxWg,iheartMcCulloughs,https://cn.noxinfluencer.com/youtube/channel/UCyproP3h3WH-of-zhxOpxWg,0,badcase,家庭旅行娱乐向，和工具推广不匹配
9451,UCyq3Nr9ZcTjoQFEGFwjkQ8A,MadChill TV,https://cn.noxinfluencer.com/youtube/channel/UCyq3Nr9ZcTjoQFEGFwjkQ8A,-15,badcase,音乐娱乐向，和割草机推广场景不符
9453,UCyqOJzsPgqYllzrInbCWT_A,House Of Clips,https://cn.noxinfluencer.com/youtube/channel/UCyqOJzsPgqYllzrInbCWT_A,-10,badcase,综艺娱乐剪辑频道，不适合割草机推广
9454,UCyqS56KQbCYwZn1pcoovPBw,Glow & Gossip,https://cn.noxinfluencer.com/youtube/channel/UCyqS56KQbCYwZn1pcoovPBw,-15,badcase,动画影视娱乐向，与割草机推广无关
9455,UCyqkmu98H1_jrNSlNJUFLng,Machine Genius,https://cn.noxinfluencer.com/youtube/channel/UCyqkmu98H1_jrNSlNJUFLng,0,badcase,无标签和内容证据，相关性不足
9456,UCyrAOGvvdck2Zysha7gNt-w,Happening Now With Hammer- Newport Beach Podcast,https://cn.noxinfluencer.com/youtube/channel/UCyrAOGvvdck2Zysha7gNt-w,-15,badcase,播客搞笑娱乐向，商品推广转化弱
9457,UCyr_d4awxaLdUm1C6xKdtSw,DKDOESGAMING989,https://cn.noxinfluencer.com/youtube/channel/UCyr_d4awxaLdUm1C6xKdtSw,-15,badcase,游戏频道，与割草机目标受众不符
9458,UCyrupMgIjI-FMAN_bWdxn7w,RsXeN,https://cn.noxinfluencer.com/youtube/channel/UCyrupMgIjI-FMAN_bWdxn7w,0,badcase,无标签数据，无法证明相关性
9459,UCysrLtMd8M_FvgnZjQ875qw,Tech It Before You Wreck It,https://cn.noxinfluencer.com/youtube/channel/UCysrLtMd8M_FvgnZjQ875qw,0,badcase,电子科技评测向，和草坪机类目不贴合
9460,UCyt1bDib2J1J01cbLA_isgg,Etienne Najman,https://cn.noxinfluencer.com/youtube/channel/UCyt1bDib2J1J01cbLA_isgg,-5,badcase,娱乐向生活频道，缺少园艺设备场景
9461,UCytNjNHGO1OZLfwAegZDilw,ConnorIGL+,https://cn.noxinfluencer.com/youtube/channel/UCytNjNHGO1OZLfwAegZDilw,-15,badcase,游戏内容为主，不适合割草机推广
9462,UCytgnJE6TrzTTq19GYCOyTg,Tyler Blanchard,https://cn.noxinfluencer.com/youtube/channel/UCytgnJE6TrzTTq19GYCOyTg,-10,badcase,娱乐流量号，和割草机购买场景不符
9463,UCyuhCVgFbNflAYvJxlxL-nQ,Moms On The Clock,https://cn.noxinfluencer.com/youtube/channel/UCyuhCVgFbNflAYvJxlxL-nQ,-5,badcase,家庭生活向，但缺少草坪/园艺相关信号
9464,UCyvvqJ-n2uMIa2aiKKt5gUw,True Choice,https://cn.noxinfluencer.com/youtube/channel/UCyvvqJ-n2uMIa2aiKKt5gUw,0,badcase,无标签数据，相关性不足
9465,UCyvxYhikgLWHH5tyyhZXJaQ,brucesbees,https://cn.noxinfluencer.com/youtube/channel/UCyvxYhikgLWHH5tyyhZXJaQ,0,badcase,养蜂主题与割草机推广关联弱
9466,UCyyKvWc_AB3zewr4B9YUquw,Castles 4 Kids,https://cn.noxinfluencer.com/youtube/channel/UCyyKvWc_AB3zewr4B9YUquw,0,badcase,无标签无内容，无法判断匹配度
9467,UCyyllgQsd-aXgbLeghA86NQ,TriboTEX,https://cn.noxinfluencer.com/youtube/channel/UCyyllgQsd-aXgbLeghA86NQ,0,badcase,汽车科技向，和割草机推广不够贴合
9468,UCyyuPjU5IyVfWkJ0aw8HYog,The Dirt Cowboy,https://cn.noxinfluencer.com/youtube/channel/UCyyuPjU5IyVfWkJ0aw8HYog,0,badcase,缺少可用标签，相关性无法证明
9469,UCyz5C0kieDZrf3C8CdwLA3A,Tim Unkert,https://cn.noxinfluencer.com/youtube/channel/UCyz5C0kieDZrf3C8CdwLA3A,0,badcase,缺少标签和视频信息，相关性不足
9470,UCyz7_0JKvNdNx0-ykHy11ww,Steve@Night,https://cn.noxinfluencer.com/youtube/channel/UCyz7_0JKvNdNx0-ykHy11ww,0,badcase,缺少标签和视频信息，相关性不足
9471,UCyzGHKIJjYT-H0x_bzP52SQ,Goblin,https://cn.noxinfluencer.com/youtube/channel/UCyzGHKIJjYT-H0x_bzP52SQ,-15,badcase,游戏向内容，与草坪机推广不符
9475,UCz1PSVV7jGcLNxSF1QrsT0w,Ben Butler,https://cn.noxinfluencer.com/youtube/channel/UCz1PSVV7jGcLNxSF1QrsT0w,0,badcase,生活vlog为主，缺少草坪机相关信号
9476,UCz1sdvXpateFRbqNHMwU86Q,th19940305,https://cn.noxinfluencer.com/youtube/channel/UCz1sdvXpateFRbqNHMwU86Q,0,badcase,无标签、无内容，缺少草坪/园艺相关信号
9477,UCz2JUCVhwdVK1YVch7hhGaw,packymck,https://cn.noxinfluencer.com/youtube/channel/UCz2JUCVhwdVK1YVch7hhGaw,0,badcase,无标签、无内容，缺少草坪/园艺相关信号
9479,UCz3VazzhY4lkAER3cTRMigw,Eric Hernandez,https://cn.noxinfluencer.com/youtube/channel/UCz3VazzhY4lkAER3cTRMigw,0,badcase,电动自行车/娱乐为主，与割草机购买场景不符
9480,UCz4AB7vKZIbTboPtRUKZJrQ,Shoaib Daniels,https://cn.noxinfluencer.com/youtube/channel/UCz4AB7vKZIbTboPtRUKZJrQ,0,badcase,无标签、无内容，缺少草坪/园艺相关信号
9482,UCz66ad6dpieqXl3fJ9mkUHQ,Awesomes Restoration,https://cn.noxinfluencer.com/youtube/channel/UCz66ad6dpieqXl3fJ9mkUHQ,0,badcase,缺少标签与内容证据，无法确认工具/园艺相关性
9484,UCz89RExGaMWCI3SblUSl6tA,Hot Deals,https://cn.noxinfluencer.com/youtube/channel/UCz89RExGaMWCI3SblUSl6tA,0,badcase,仅泛促销感，无草坪工具垂类证据
9485,UCz8KBcDric5H83WAhVZ7PQQ,Forged in Fire,https://cn.noxinfluencer.com/youtube/channel/UCz8KBcDric5H83WAhVZ7PQQ,-10,badcase,娱乐剪辑为主，和割草机推广场景明显错位
9486,UCz9qusAe1wX7u1ywKflhADA,Nived_,https://cn.noxinfluencer.com/youtube/channel/UCz9qusAe1wX7u1ywKflhADA,0,badcase,无标签、无内容，缺少草坪/园艺相关信号
9487,UCz9uE-AueCg_TMEGTzBtjoA,Nikko Ortiz Shorts,https://cn.noxinfluencer.com/youtube/channel/UCz9uE-AueCg_TMEGTzBtjoA,-10,badcase,游戏娱乐短视频为主，格式和产品推广不匹配
9488,UCzAyg27piVL0uXkj_TqaC1A,Life and Godliness,https://cn.noxinfluencer.com/youtube/channel/UCzAyg27piVL0uXkj_TqaC1A,0,badcase,宗教短内容为主，与割草机购买场景不符
9495,UCzDWbKlONEklAFArLlo9g4g,Ancorako,https://cn.noxinfluencer.com/youtube/channel/UCzDWbKlONEklAFArLlo9g4g,0,badcase,无标签、无内容，缺少草坪/园艺相关信号
9496,UCzDlfBBYYX_YNQbafIBJKcA,plasticpimps,https://cn.noxinfluencer.com/youtube/channel/UCzDlfBBYYX_YNQbafIBJKcA,0,badcase,无标签、无内容，缺少草坪/园艺相关信号
9497,UCzF7s2Afm92FGVioam-2e9w,Mikhails Meats n Motors,https://cn.noxinfluencer.com/youtube/channel/UCzF7s2Afm92FGVioam-2e9w,0,badcase,无标签、无内容，缺少草坪/园艺相关信号
9498,UCzFRX-gnxFd_O8w1Oni7WQQ,IndigoInk,https://cn.noxinfluencer.com/youtube/channel/UCzFRX-gnxFd_O8w1Oni7WQQ,0,badcase,无标签、无内容，缺少草坪/园艺相关信号
9499,UCzFnWV2ctgzpH4u4n9yD8pg,Socket-Media,https://cn.noxinfluencer.com/youtube/channel/UCzFnWV2ctgzpH4u4n9yD8pg,0,badcase,无标签、无内容，缺少草坪/园艺相关信号
9502,UCzGnAD86SUsNvlZshAiDEYw,Jeremy Duke Jackson,https://cn.noxinfluencer.com/youtube/channel/UCzGnAD86SUsNvlZshAiDEYw,0,badcase,娱乐生活向频道，和割草机推广相关性弱
9503,UCzHwD8hkD9_qukgCgoy_P9w,White's Trash,https://cn.noxinfluencer.com/youtube/channel/UCzHwD8hkD9_qukgCgoy_P9w,0,badcase,车摩内容为主，和割草机品类无关
9506,UCzJQ12RO3NAslY0W_8OcuHg,Stan Cravens,https://cn.noxinfluencer.com/youtube/channel/UCzJQ12RO3NAslY0W_8OcuHg,0,badcase,安全驾驶频道，和割草机推广无明显关联
9510,UCzKmhu4BwV8DGYiFI_vozVQ,The Blue Collar Life,https://cn.noxinfluencer.com/youtube/channel/UCzKmhu4BwV8DGYiFI_vozVQ,0,badcase,蓝领生活和车机内容为主，相关性弱
9511,UCzLOQKUGmFy0LIf3xICw-hw,Dmitri Q,https://cn.noxinfluencer.com/youtube/channel/UCzLOQKUGmFy0LIf3xICw-hw,0,badcase,音乐创作频道，和割草机商品推广不匹配
9513,UCzM7UjQ0myvzUxMXgDCDJOQ,Under Par Acres,https://cn.noxinfluencer.com/youtube/channel/UCzM7UjQ0myvzUxMXgDCDJOQ,0,badcase,高尔夫频道，和割草机推广无关
9516,UCzOAU6K8RdUr1ZOh-_QweCw,hightechNow,https://cn.noxinfluencer.com/youtube/channel/UCzOAU6K8RdUr1ZOh-_QweCw,0,badcase,泛科技车机频道，缺少割草机相关主题
9517,UCzPKHhQaR2WLP_3Obt-QEcw,BibuGames,https://cn.noxinfluencer.com/youtube/channel/UCzPKHhQaR2WLP_3Obt-QEcw,-15,badcase,游戏内容为主，和割草机商品推广明显不适配
9518,UCzQKr315OriP9Wzk096gGvA,AbiliTV Live,https://cn.noxinfluencer.com/youtube/channel/UCzQKr315OriP9Wzk096gGvA,0,badcase,无标签且无主题信息，相关性不足
9519,UCzRBgG4x8lTLdcCK5-Hc83A,Edith Medina,https://cn.noxinfluencer.com/youtube/channel/UCzRBgG4x8lTLdcCK5-Hc83A,0,badcase,无标签且无主题信息，相关性不足
9520,UCzRbEDL7f5PmiwtbgVKZsWQ,Fetti & Erica TV,https://cn.noxinfluencer.com/youtube/channel/UCzRbEDL7f5PmiwtbgVKZsWQ,0,badcase,家庭vlog为主，和割草机推广关联弱
9522,UCzTg5BeMcy1QvuqOHeJlhnQ,Legorio Vlog,https://cn.noxinfluencer.com/youtube/channel/UCzTg5BeMcy1QvuqOHeJlhnQ,0,badcase,亲子美食频道，和割草机推广无关
9523,UCzTnzmwTgd-06-JJZNgBJBQ,Freak World,https://cn.noxinfluencer.com/youtube/channel/UCzTnzmwTgd-06-JJZNgBJBQ,0,badcase,无标签且无主题信息，相关性不足
9524,UCzUOiqxi0Ry5bPh4N8WnHDg,Armon & Co.,https://cn.noxinfluencer.com/youtube/channel/UCzUOiqxi0Ry5bPh4N8WnHDg,0,badcase,无标签且无主题信息，相关性不足
9525,UCzUikNwgHvqqfdnr-BnE74w,Jenelle Evans,https://cn.noxinfluencer.com/youtube/channel/UCzUikNwgHvqqfdnr-BnE74w,0,badcase,家庭娱乐频道，和割草机商品推广不匹配
9526,UCzVJZ8-3OV6pAoqgOILR4Xg,Wharncliffewhittler,https://cn.noxinfluencer.com/youtube/channel/UCzVJZ8-3OV6pAoqgOILR4Xg,0,badcase,无相关标签或内容，难支持割草机推广
9528,UCzVsSmCfXGkaNmYaZnjhzYw,chevyforddodge4x4,https://cn.noxinfluencer.com/youtube/channel/UCzVsSmCfXGkaNmYaZnjhzYw,0,badcase,无相关信号
9530,UCzXnk8HpOUHNNN-J2G34tHg,USA Best Gadgets . 50k . views 3 hour,https://cn.noxinfluencer.com/youtube/channel/UCzXnk8HpOUHNNN-J2G34tHg,0,badcase,无相关信号
9531,UCzYXLhnpOy8htiWjLXsx3xg,pieater31415,https://cn.noxinfluencer.com/youtube/channel/UCzYXLhnpOy8htiWjLXsx3xg,-15,badcase,娱乐喜剧内容，和产品推广场景明显不符
9532,UCzYZ2_fZOk2BkvDipnSxgKA,AirgunHaven,https://cn.noxinfluencer.com/youtube/channel/UCzYZ2_fZOk2BkvDipnSxgKA,0,badcase,无相关信号
9533,UCzZ3G_-yMtU7utTriE9Mrfg,G Mech,https://cn.noxinfluencer.com/youtube/channel/UCzZ3G_-yMtU7utTriE9Mrfg,0,badcase,无相关信号
9535,UCzZu7Upv1RwiQSfCjxzsTjg,Lý xuân Kiều,https://cn.noxinfluencer.com/youtube/channel/UCzZu7Upv1RwiQSfCjxzsTjg,-10,badcase,音乐娱乐向，和割草机推广不匹配
9536,UCz_Ciuh3qifEp0jP7MucVmg,Tech Grid Zone,https://cn.noxinfluencer.com/youtube/channel/UCz_Ciuh3qifEp0jP7MucVmg,0,badcase,无相关信号
9537,UCzb38jD7T6jcydYvAYFiNlg,Samuel and Crystal Mitchell,https://cn.noxinfluencer.com/youtube/channel/UCzb38jD7T6jcydYvAYFiNlg,0,badcase,无相关信号
9538,UCzbdVrSOGgjRNFotsJGxfnA,Jake Lesada,https://cn.noxinfluencer.com/youtube/channel/UCzbdVrSOGgjRNFotsJGxfnA,0,badcase,泛生活/工具感弱，缺少割草机相关场景
9539,UCzbnSI0JwP7q5Axj1XhAJ7w,Brady’s Land,https://cn.noxinfluencer.com/youtube/channel/UCzbnSI0JwP7q5Axj1XhAJ7w,0,badcase,体育旅游为主，缺少园艺或维修场景
9540,UCzcbcDCyLhonGpjmTJAuXYw,Home Service Millionaire,https://cn.noxinfluencer.com/youtube/channel/UCzcbcDCyLhonGpjmTJAuXYw,0,badcase,商业理财向，和割草机推广无关
9541,UCzcgZYDA-bpqZvoi90fGZMg,7Lover Tone,https://cn.noxinfluencer.com/youtube/channel/UCzcgZYDA-bpqZvoi90fGZMg,0,badcase,无相关信号
9542,UCzcrOoqX84goHttVYzNy1dw,Oops Pets,https://cn.noxinfluencer.com/youtube/channel/UCzcrOoqX84goHttVYzNy1dw,-15,badcase,剧情娱乐且宠物向，明显不适合人用割草机
9543,UCzd-lJIwibm3W15lFxAA6bQ,Ron's Food Vlog,https://cn.noxinfluencer.com/youtube/channel/UCzd-lJIwibm3W15lFxAA6bQ,0,badcase,健康饮食向，和割草机无关
9544,UCzdIuVyykPMtDJRcifPJlkg,JayPiper UnEdited,https://cn.noxinfluencer.com/youtube/channel/UCzdIuVyykPMtDJRcifPJlkg,0,badcase,泛旅游/车辆内容，只有很弱的DIY联想
9546,UCzdZZJmSqlraqAHZT8SMlBQ,Boosted Kev,https://cn.noxinfluencer.com/youtube/channel/UCzdZZJmSqlraqAHZT8SMlBQ,0,badcase,无相关信号
9548,UCzec6bKdEonx7vijCxKQpzw,MindTide,https://cn.noxinfluencer.com/youtube/channel/UCzec6bKdEonx7vijCxKQpzw,0,badcase,无相关信号
9549,UCzetHrBADyuEBkrt3__4iCA,jason,https://cn.noxinfluencer.com/youtube/channel/UCzetHrBADyuEBkrt3__4iCA,0,badcase,无相关信号
9550,UCzfbAzfyL0sgBrwm8aBtPCw,Smartlist Plus,https://cn.noxinfluencer.com/youtube/channel/UCzfbAzfyL0sgBrwm8aBtPCw,0,badcase,无相关信号
9551,UCzgVkoODygm7kW8V6q3m3Cw,LAF filmfest,https://cn.noxinfluencer.com/youtube/channel/UCzgVkoODygm7kW8V6q3m3Cw,0,badcase,卡车/货运受众与 mower 推广相关性弱
9552,UCzi2zBrshFERuwddclpw64A,DHammiam,https://cn.noxinfluencer.com/youtube/channel/UCzi2zBrshFERuwddclpw64A,0,badcase,赛车运动频道，和 mower 产品投放不匹配
9553,UCziVOQO5nrrl37_EaUiGLpQ,Not Your Average Explorer,https://cn.noxinfluencer.com/youtube/channel/UCziVOQO5nrrl37_EaUiGLpQ,0,badcase,RV/旅行类频道，缺少草坪设备语境
9554,UCzibnawme64ITgLzb2Tr4Ug,Matt Beckett,https://cn.noxinfluencer.com/youtube/channel/UCzibnawme64ITgLzb2Tr4Ug,0,badcase,无主题标签，无法支撑 mower 相关性
9555,UCzjVxdSrawk9lrrloYEGarg,Things To Enjoy Daily,https://cn.noxinfluencer.com/youtube/channel/UCzjVxdSrawk9lrrloYEGarg,0,badcase,无主题标签，无法支撑 mower 相关性
9556,UCzjeYW9vRusiN56C465vg9Q,Green Auto Technology,https://cn.noxinfluencer.com/youtube/channel/UCzjeYW9vRusiN56C465vg9Q,0,badcase,无主题标签，和 mower 无明确关联
9559,UCzmRUnGm3Vl3WFIn19fiSdw,Truck This Garage,https://cn.noxinfluencer.com/youtube/channel/UCzmRUnGm3Vl3WFIn19fiSdw,0,badcase,卡车车库向，和 mower 主题不相干
9561,UCzm_skdphUSCqp9XrC5Xj5A,IKnowGadgets,https://cn.noxinfluencer.com/youtube/channel/UCzm_skdphUSCqp9XrC5Xj5A,0,badcase,无主题标签，缺少相关证据
9562,UCzmwnZ_ZElg6kuE6e5QS4pg,Brian Tong,https://cn.noxinfluencer.com/youtube/channel/UCzmwnZ_ZElg6kuE6e5QS4pg,0,badcase,苹果手机科技频道，和 mower 无关
9563,UCzn18O_yCvLP8BNHtKV_yQg,Second Shift FM,https://cn.noxinfluencer.com/youtube/channel/UCzn18O_yCvLP8BNHtKV_yQg,1,badcase,DIY/木工受众略重叠，但缺少 mower 语境
9564,UCznCMXigion1DEPIPz--Y0Q,Herbies Garage LLC,https://cn.noxinfluencer.com/youtube/channel/UCznCMXigion1DEPIPz--Y0Q,0,badcase,摩托车频道，和 mower 推广不匹配
9566,UCznXfgfOt4m1BXr3ObRIwPA,LAB FIVE,https://cn.noxinfluencer.com/youtube/channel/UCznXfgfOt4m1BXr3ObRIwPA,0,badcase,偏泛娱乐杂项，缺少 mower 购买语境
9568,UCzorFJQFaQILd3zSOf3CoBg,DANDLINC,https://cn.noxinfluencer.com/youtube/channel/UCzorFJQFaQILd3zSOf3CoBg,0,badcase,泛生活/宠物/车辆混合，缺少 mower 语境
9571,UCzqx1rkdCvWifxbVomHGH3A,DIY Save,https://cn.noxinfluencer.com/youtube/channel/UCzqx1rkdCvWifxbVomHGH3A,0,badcase,DIY/科技泛向，和 mower 关联弱
9573,UCzsEIF7YBmfyhkCdTcWpgbw,Perrodin the Project Specialist,https://cn.noxinfluencer.com/youtube/channel/UCzsEIF7YBmfyhkCdTcWpgbw,0,badcase,项目类频道，缺少 mower 相关语境
9574,UCzsaFt-ZZPmrXiiEuKZf0ow,Pro Controller 630,https://cn.noxinfluencer.com/youtube/channel/UCzsaFt-ZZPmrXiiEuKZf0ow,0,badcase,控制器/游戏向，和 mower 无关
9575,UCzuNXzqbmgYypxVBe60jZ0g,React Wow,https://cn.noxinfluencer.com/youtube/channel/UCzuNXzqbmgYypxVBe60jZ0g,-15,badcase,音乐/娱乐频道，和 mower 推广格式不匹配
9576,UCzuiAz4DEI37fa6npTH-pZg,xjoe81x,https://cn.noxinfluencer.com/youtube/channel/UCzuiAz4DEI37fa6npTH-pZg,6,badcase,仅有家居/家得宝泛相关，缺少割草机购买或评测内容
9577,UCzuu-pH3ulvUIOfop3HF5kg,Lightendog,https://cn.noxinfluencer.com/youtube/channel/UCzuu-pH3ulvUIOfop3HF5kg,1,badcase,仅生活方式泛标签，缺少园艺/割草机相关购买或使用场景
9578,UCzv7zcXFgFC16nzww5qKn7w,No Effort Income,https://cn.noxinfluencer.com/youtube/channel/UCzv7zcXFgFC16nzww5qKn7w,0,badcase,无标签无内容证据，且看不出与割草机推广相关
9579,UCzvL3hcB_ZZLXjs5jx8zX2Q,HomeTech,https://cn.noxinfluencer.com/youtube/channel/UCzvL3hcB_ZZLXjs5jx8zX2Q,0,badcase,无标签与内容信号，缺少割草机推广相关性
9580,UCzvXvQRMtbjySH7aM13adbw,Ryan Mundy,https://cn.noxinfluencer.com/youtube/channel/UCzvXvQRMtbjySH7aM13adbw,0,badcase,无标签和内容证据，难判断与割草机推广相关
9581,UCzwMuqA437eR5SUET_XMwDg,Harroun Auto Parts and 3D Prints,https://cn.noxinfluencer.com/youtube/channel/UCzwMuqA437eR5SUET_XMwDg,0,badcase,无标签和视频证据支持割草机推广，相关性不足
9582,UCzx3apuyv9gzJ9iSFgpsBlA,Best Crowdfunding Campaigns,https://cn.noxinfluencer.com/youtube/channel/UCzx3apuyv9gzJ9iSFgpsBlA,3,badcase,仅有泛化科技/生活标签，无割草机购买或测评语境
9583,UCzxBrNJpZyR0gUzRupY4cnQ,Oh Lotus,https://cn.noxinfluencer.com/youtube/channel/UCzxBrNJpZyR0gUzRupY4cnQ,0,badcase,无标签、无相关视频，缺乏草坪割草机推广相关性
9584,UCzxDZO0L5L__b3_au7aU_1A,SceneSpotlight,https://cn.noxinfluencer.com/youtube/channel/UCzxDZO0L5L__b3_au7aU_1A,-10,badcase,宠物/动物泛内容，和割草机推广场景明显不匹配
9585,UCzxWAyEH7JSeFqPCP32chtw,MySpore100,https://cn.noxinfluencer.com/youtube/channel/UCzxWAyEH7JSeFqPCP32chtw,0,badcase,标签仅是GoPro/生活方式，和割草机推广无关
9587,UCzyOoCfsi-yq4KxOdzsMVqw,Doughboy,https://cn.noxinfluencer.com/youtube/channel/UCzyOoCfsi-yq4KxOdzsMVqw,-15,badcase,政治新闻频道，主题与割草机促销完全不匹配
9588,UCzzRHys6UEBpxoa_2BAn1AQ,Lowery's True Value,https://cn.noxinfluencer.com/youtube/channel/UCzzRHys6UEBpxoa_2BAn1AQ,0,badcase,无标签与视频证据，缺少割草机推广相关性
